{
  "exp1_phase_transition_20260530_095003": {
    "observed_success_rate": 0.1004,
    "n_trials": 5000,
    "success_rate_95ci": [
      0.09237413744293914,
      0.10903940995155052
    ]
  },
  "exp2_entanglement_density_20260530_112304": {
    "observed_success_rate": 0.29365079365079366,
    "n_trials": 1260,
    "success_rate_95ci": [
      0.2691612950882935,
      0.31939469318794295
    ]
  },
  "exp3_scaling_20260530_100830": {
    "observed_success_rate": 0.13391666666666666,
    "n_trials": 12000,
    "success_rate_95ci": [
      0.1279403401507224,
      0.14012730051743646
    ]
  },
  "exp4_algorithm_comparison_20260530_111458": {
    "observed_success_rate": 0.06,
    "n_trials": 400,
    "success_rate_95ci": [
      0.0406479701137247,
      0.0877228489004562
    ]
  },
  "exp5_landscape_20260530_102615": {},
  "exp6_baseline_comparison_20260530_151403": {
    "observed_success_rate": 0.61,
    "n_trials": 900,
    "greedy_fidelity_bug": true,
    "greedy_mean_fidelity": 0.152789,
    "qiskit_l2_mean_reduction": 0.5504,
    "success_rate_95ci": [
      0.5777,
      0.6413
    ]
  }
}