{
  "e1_exp_decay": {
    "P0": 0.29735427179155244,
    "d0": 18.975132022794565,
    "P_bg": 2.7997995783388604e-20,
    "P0_err": 0.019000013714964528,
    "d0_err": 3.9880684163654876,
    "P_bg_err": 0.020887497343678917,
    "r2": 0.8562595882294932
  },
  "e1_entropy_thresholds": {
    "0.3": {
      "depth": 9,
      "success_rate": 0.22
    },
    "0.5": {
      "depth": 11,
      "success_rate": 0.19
    },
    "0.7": {
      "depth": 15,
      "success_rate": 0.2
    },
    "0.9": {
      "depth": 24,
      "success_rate": 0.06
    }
  },
  "e1_entropy_binned": {
    "success_rates": [
      0.2205029013539652,
      0.125,
      0.0875,
      0.10526315789473684,
      0.19480519480519481,
      0.14560439560439561,
      0.09090909090909091,
      0.08372093023255814,
      0.09189723320158102,
      0.0625
    ],
    "mean_reductions": [
      0.13958014798440327,
      0.14681547619047614,
      0.10300536595757182,
      0.10779119388513578,
      0.14985730909175884,
      0.14096755833612654,
      0.13022922528357306,
      0.13463764401096448,
      0.14244502166305303,
      0.14058871448510013
    ],
    "counts": [
      517,
      56,
      80,
      190,
      77,
      364,
      88,
      215,
      1012,
      1456
    ]
  },
  "e3_reduction_scaling": {
    "a": 0.0828289157924086,
    "b": 0.28107184033895466,
    "c": 8.882166901554757e-17,
    "a_err": 0.3450204385972209,
    "b_err": 0.7846613069041889,
    "c_err": 0.37610629073962937,
    "r2": 0.9167324441069604
  },
  "e3_per_n_exp_decay": {
    "3": {
      "P0": 0.2507157976370526,
      "d0": 8.345173961420521,
      "P_bg": 0.040822506143675545,
      "P0_err": 0.03759729758545652,
      "d0_err": 3.3317208520472774,
      "P_bg_err": 0.02496141019439435,
      "r2": 0.6444428054144631
    },
    "4": {
      "P0": 0.3385272749511661,
      "d0": 15.38617420594096,
      "P_bg": 1.7495350398168333e-14,
      "P0_err": 0.06639842254121718,
      "d0_err": 9.19577806609244,
      "P_bg_err": 0.08431692083085854,
      "r2": 0.6877936827049289
    },
    "5": {
      "P0": 0.14968200691289416,
      "d0": 5.864774517688739,
      "P_bg": 0.10598993978750203,
      "P0_err": 0.05053257115117539,
      "d0_err": 3.8487509983196815,
      "P_bg_err": 0.017848496039792716,
      "r2": 0.32611309812606537
    },
    "6": {
      "P0": 0.3404989331330535,
      "d0": 7.198338045854134,
      "P_bg": 0.027689009958739203,
      "P0_err": 0.045719221470155676,
      "d0_err": 2.2346194321674893,
      "P_bg_err": 0.023058884809308847,
      "r2": 0.7195473473096399
    },
    "7": {
      "P0": 0.4079879640663262,
      "d0": 5.393309576988003,
      "P_bg": 0.06549924728690451,
      "P0_err": 0.05385371843520424,
      "d0_err": 1.3024154305924982,
      "P_bg_err": 0.01663956571287918,
      "r2": 0.7718442052596124
    },
    "8": {
      "P0": 0.4955125856177658,
      "d0": 11.9535388609796,
      "P_bg": 1.5938913741016295e-13,
      "P0_err": 0.044615615708709644,
      "d0_err": 3.632423552164131,
      "P_bg_err": 0.05146623693464417,
      "r2": 0.8365493333346186
    },
    "9": {
      "P0": 0.5624451270945765,
      "d0": 6.445047277179044,
      "P_bg": 0.032695251434006985,
      "P0_err": 0.03340136880561536,
      "d0_err": 0.8024210195116482,
      "P_bg_err": 0.013832700152664119,
      "r2": 0.9352799050820703
    },
    "10": {
      "P0": 0.20284274094729784,
      "d0": 40.54383331435641,
      "P_bg": 3.474332082776825e-14,
      "P0_err": 0.24194401912639385,
      "d0_err": 73.2092931570992,
      "P_bg_err": 0.25451644305716165,
      "r2": 0.579709971026163
    }
  },
  "e3_fss": {
    "a": 13.31922298477525,
    "b": -0.2888004897045841,
    "b_err": 0.42245580643992553,
    "r2": 0.08547855517962898,
    "p_value": 0.5246003908892191,
    "n_values": [
      3,
      4,
      5,
      6,
      7,
      8,
      9
    ],
    "dc_values": [
      8.345173961420521,
      15.38617420594096,
      5.864774517688739,
      7.198338045854134,
      5.393309576988003,
      11.9535388609796,
      6.445047277179044
    ],
    "excluded_n": [
      10
    ],
    "method": "decay_constant_log-log"
  },
  "e1_bootstrap": {
    "success_rate": {
      "mean": 0.10048868,
      "ci_low": 0.0922,
      "ci_high": 0.109
    },
    "mean_reduction": {
      "mean": 0.14020300412383854,
      "ci_low": 0.13839087680861661,
      "ci_high": 0.14206727182102102
    }
  },
  "e3_bootstrap": {
    "3": {
      "success_rate": {
        "mean": 0.10462026666666666,
        "ci_low": 0.08933333333333333,
        "ci_high": 0.12
      },
      "mean_reduction": {
        "mean": 0.10516627266001934,
        "ci_low": 0.10085389208249496,
        "ci_high": 0.10986909697003557
      }
    },
    "4": {
      "success_rate": {
        "mean": 0.1415112,
        "ci_low": 0.124,
        "ci_high": 0.15933333333333333
      },
      "mean_reduction": {
        "mean": 0.12523878787151338,
        "ci_low": 0.12133135890308391,
        "ci_high": 0.12933337750567164
      }
    },
    "5": {
      "success_rate": {
        "mean": 0.13258013333333332,
        "ci_low": 0.116,
        "ci_high": 0.14934999999999976
      },
      "mean_reduction": {
        "mean": 0.13900764146777156,
        "ci_low": 0.13517318870431955,
        "ci_high": 0.1429066656724641
      }
    },
    "6": {
      "success_rate": {
        "mean": 0.10277079999999998,
        "ci_low": 0.088,
        "ci_high": 0.118
      },
      "mean_reduction": {
        "mean": 0.1348027336389506,
        "ci_low": 0.1315592102835963,
        "ci_high": 0.1381872403914956
      }
    },
    "7": {
      "success_rate": {
        "mean": 0.13178173333333335,
        "ci_low": 0.11533333333333333,
        "ci_high": 0.14933333333333335
      },
      "mean_reduction": {
        "mean": 0.14465131918484017,
        "ci_low": 0.1415314632840076,
        "ci_high": 0.14793485782029012
      }
    },
    "8": {
      "success_rate": {
        "mean": 0.17355133333333334,
        "ci_low": 0.15533333333333332,
        "ci_high": 0.19266666666666668
      },
      "mean_reduction": {
        "mean": 0.14954325197071894,
        "ci_low": 0.14637754375084097,
        "ci_high": 0.15267583040290958
      }
    },
    "9": {
      "success_rate": {
        "mean": 0.14332213333333335,
        "ci_low": 0.126,
        "ci_high": 0.16133333333333333
      },
      "mean_reduction": {
        "mean": 0.15189228955639372,
        "ci_low": 0.14894123733472064,
        "ci_high": 0.15499931421418256
      }
    },
    "10": {
      "success_rate": {
        "mean": 0.14121346666666668,
        "ci_low": 0.124,
        "ci_high": 0.15866666666666668
      },
      "mean_reduction": {
        "mean": 0.1555261667414452,
        "ci_low": 0.15260506480228542,
        "ci_high": 0.1585277622708983
      }
    }
  },
  "E3_bootstrap_power_law": {
    "power_law_fit": {
      "a": 0.08282895231027107,
      "b": 0.2810716059484151,
      "a_err": 0.005726329049994579,
      "b_err": 0.03607018032080232,
      "R2": 0.9167324441064304,
      "bootstrap_CI": {
        "N_BOOTSTRAP": 5000,
        "n_successful": 5000,
        "a_mean": 0.08282196621889357,
        "a_ci_lower": 0.07856088085212591,
        "a_ci_upper": 0.0872779425431057,
        "b_mean": 0.2812827399618388,
        "b_ci_lower": 0.2542014510923447,
        "b_ci_upper": 0.3074921440942958
      }
    },
    "n_qubits_values": [
      3,
      4,
      5,
      6,
      7,
      8,
      9,
      10
    ],
    "mean_reduction_values": [
      0.10517892802279992,
      0.12515379036284333,
      0.13894686671144726,
      0.1347993299061255,
      0.1446708865578853,
      0.1495574794673753,
      0.15189498803136023,
      0.15555673007214177
    ]
  }
}