{
  "e2_overall": {
    "success_rate": 0.29365079365079366,
    "mean_reduction": 0.1598280423280423,
    "mean_fidelity": 0.9990805144155789
  },
  "e4_overall": {
    "success_rate": 0.06,
    "mean_reduction": 0.06429999999999997,
    "mean_fidelity": 0.9990517480619882
  },
  "correlations_e2": {
    "GREEDY_reduction": {
      "pearson_r": 0.9621851801797481,
      "pearson_p": 0.0,
      "spearman_rho": 0.9663024810048451,
      "spearman_p": 0.0
    },
    "GREEDY_fidelity": {
      "pearson_r": NaN,
      "pearson_p": NaN,
      "spearman_rho": NaN,
      "spearman_p": NaN
    },
    "GREEDY_runtime": {
      "pearson_r": -0.7231210403467567,
      "pearson_p": 5.310702555382691e-103,
      "spearman_rho": -0.7965389083852855,
      "spearman_p": 2.2773792442700977e-139
    },
    "GREEDY_success": {
      "pearson_r": 0.8429833490299172,
      "pearson_p": 3.0016788720744497e-171,
      "spearman_rho": 0.8429833490299171,
      "spearman_p": 3.0016788720749746e-171
    },
    "SIMULATED_ANNEALING_reduction": {
      "pearson_r": 0.34583834975016836,
      "pearson_p": 3.871376267613659e-19,
      "spearman_rho": 0.35530502125386443,
      "spearman_p": 3.502821232025544e-20
    },
    "SIMULATED_ANNEALING_fidelity": {
      "pearson_r": -0.28161991131690356,
      "pearson_p": 5.985610243119766e-13,
      "spearman_rho": 0.6240025958121136,
      "spearman_p": 2.746617461263295e-69
    },
    "SIMULATED_ANNEALING_runtime": {
      "pearson_r": -0.6602835347892342,
      "pearson_p": 3.890548517634365e-80,
      "spearman_rho": -0.714398780145695,
      "spearman_p": 1.8533891008718406e-99
    },
    "SIMULATED_ANNEALING_success": {
      "pearson_r": 0.09319646953608049,
      "pearson_p": 0.019301239204723875,
      "spearman_rho": 0.09319646953608048,
      "spearman_p": 0.01930123920472409
    }
  },
  "wilcoxon_tests_e4": {
    "GENETIC_ALGORITHM_vs_GREEDY_reduction": {
      "statistic": 1.5,
      "p_value": 3.925438030894801e-18
    },
    "GENETIC_ALGORITHM_vs_GREEDY_fidelity": {
      "statistic": 0.0,
      "p_value": 3.7092867303880465e-18
    },
    "GENETIC_ALGORITHM_vs_GREEDY_runtime": {
      "statistic": 0.0,
      "p_value": 3.8965598450959084e-18
    },
    "GENETIC_ALGORITHM_vs_RANDOM_LOCAL_SEARCH_reduction": {
      "statistic": 0.0,
      "p_value": 5.441466553406637e-18
    },
    "GENETIC_ALGORITHM_vs_RANDOM_LOCAL_SEARCH_fidelity": {
      "statistic": 101.0,
      "p_value": 4.792951230828315e-15
    },
    "GENETIC_ALGORITHM_vs_RANDOM_LOCAL_SEARCH_runtime": {
      "statistic": 0.0,
      "p_value": 3.8965598450959084e-18
    },
    "GENETIC_ALGORITHM_vs_SIMULATED_ANNEALING_reduction": {
      "statistic": 145.0,
      "p_value": 1.5471390057381233e-10
    },
    "GENETIC_ALGORITHM_vs_SIMULATED_ANNEALING_fidelity": {
      "statistic": 69.5,
      "p_value": 0.007086996561179468
    },
    "GENETIC_ALGORITHM_vs_SIMULATED_ANNEALING_runtime": {
      "statistic": 1.0,
      "p_value": 4.0161556854627e-18
    },
    "GREEDY_vs_RANDOM_LOCAL_SEARCH_reduction": {
      "statistic": 833.5,
      "p_value": 1.3104327389965027e-07
    },
    "GREEDY_vs_RANDOM_LOCAL_SEARCH_fidelity": {
      "statistic": 0.0,
      "p_value": 3.891068183715535e-18
    },
    "GREEDY_vs_RANDOM_LOCAL_SEARCH_runtime": {
      "statistic": 0.0,
      "p_value": 3.8965598450959084e-18
    },
    "GREEDY_vs_SIMULATED_ANNEALING_reduction": {
      "statistic": 0.0,
      "p_value": 5.037860363721876e-18
    },
    "GREEDY_vs_SIMULATED_ANNEALING_fidelity": {
      "statistic": 0.0,
      "p_value": 3.660503585803392e-18
    },
    "GREEDY_vs_SIMULATED_ANNEALING_runtime": {
      "statistic": 0.0,
      "p_value": 3.8965598450959084e-18
    },
    "RANDOM_LOCAL_SEARCH_vs_SIMULATED_ANNEALING_reduction": {
      "statistic": 0.0,
      "p_value": 3.601093582696814e-18
    },
    "RANDOM_LOCAL_SEARCH_vs_SIMULATED_ANNEALING_fidelity": {
      "statistic": 64.0,
      "p_value": 2.9008091255607426e-16
    },
    "RANDOM_LOCAL_SEARCH_vs_SIMULATED_ANNEALING_runtime": {
      "statistic": 0.0,
      "p_value": 3.8965598450959084e-18
    }
  },
  "bootstrap_cis_e4": {
    "GENETIC_ALGORITHM_reduction": {
      "mean": 0.009999999999999976,
      "ci_low": 0.008399999999999979,
      "ci_high": 0.01159999999999997
    },
    "GENETIC_ALGORITHM_fidelity": {
      "mean": 0.9995883605245475,
      "ci_low": 0.9993412269300659,
      "ci_high": 0.9998035421152832
    },
    "GENETIC_ALGORITHM_runtime": {
      "mean": 1.8615555167198181,
      "ci_low": 1.8191788806915283,
      "ci_high": 1.9054731761217116
    },
    "GENETIC_ALGORITHM_success": {
      "mean": 0.0,
      "ci_low": 0.0,
      "ci_high": 0.0
    },
    "GREEDY_reduction": {
      "mean": 0.14359999999999995,
      "ci_low": 0.13186666666666663,
      "ci_high": 0.15506666666666663
    },
    "GREEDY_fidelity": {
      "mean": 1.0,
      "ci_low": 1.0,
      "ci_high": 1.0
    },
    "GREEDY_runtime": {
      "mean": 0.003507642745971633,
      "ci_low": 0.0032704758644103524,
      "ci_high": 0.0037789625525474083
    },
    "GREEDY_success": {
      "mean": 0.2,
      "ci_low": 0.12,
      "ci_high": 0.28
    },
    "RANDOM_LOCAL_SEARCH_reduction": {
      "mean": 0.10159999999999995,
      "ci_low": 0.09173333333333328,
      "ci_high": 0.11186999999999994
    },
    "RANDOM_LOCAL_SEARCH_fidelity": {
      "mean": 0.9966895212247043,
      "ci_low": 0.9960278184611588,
      "ci_high": 0.9973180600136187
    },
    "RANDOM_LOCAL_SEARCH_runtime": {
      "mean": 7.829372951984405,
      "ci_low": 7.641083547592164,
      "ci_high": 8.018130353271962
    },
    "RANDOM_LOCAL_SEARCH_success": {
      "mean": 0.04,
      "ci_low": 0.01,
      "ci_high": 0.08
    },
    "SIMULATED_ANNEALING_reduction": {
      "mean": 0.001999999999999996,
      "ci_low": 0.000799999999999998,
      "ci_high": 0.0033333333333333288
    },
    "SIMULATED_ANNEALING_fidelity": {
      "mean": 0.999929110498701,
      "ci_low": 0.9998378463408546,
      "ci_high": 0.9999996361628827
    },
    "SIMULATED_ANNEALING_runtime": {
      "mean": 1.4129971981048584,
      "ci_low": 1.381354640722275,
      "ci_high": 1.4470230050086974
    },
    "SIMULATED_ANNEALING_success": {
      "mean": 0.0,
      "ci_low": 0.0,
      "ci_high": 0.0
    }
  },
  "bootstrap_cis_e2": {
    "GREEDY_reduction": {
      "mean": 0.30497354497354495,
      "ci_low": 0.2892857142857143,
      "ci_high": 0.32079365079365074
    },
    "GREEDY_fidelity": {
      "mean": 1.0,
      "ci_low": 1.0,
      "ci_high": 1.0
    },
    "GREEDY_success": {
      "mean": 0.5841269841269842,
      "ci_low": 0.546031746031746,
      "ci_high": 0.6222222222222222
    },
    "GREEDY_runtime": {
      "mean": 0.004393764904567131,
      "ci_low": 0.004255786244831348,
      "ci_high": 0.0045372130568064935
    },
    "SIMULATED_ANNEALING_reduction": {
      "mean": 0.014682539682539677,
      "ci_low": 0.009814484126984123,
      "ci_high": 0.020092592592592586
    },
    "SIMULATED_ANNEALING_fidelity": {
      "mean": 0.9981610288311578,
      "ci_low": 0.9972914085463774,
      "ci_high": 0.9989263549351168
    },
    "SIMULATED_ANNEALING_success": {
      "mean": 0.0031746031746031746,
      "ci_low": 0.0,
      "ci_high": 0.007936507936507936
    },
    "SIMULATED_ANNEALING_runtime": {
      "mean": 2.2960496985723102,
      "ci_low": 2.2725567287017427,
      "ci_high": 2.3202812237777404
    }
  },
  "optimizer_stats_e4": [
    {
      "optimizer": "GENETIC_ALGORITHM",
      "mean_reduction": 0.009999999999999976,
      "std_reduction": 0.008341746594772744,
      "mean_fidelity": 0.9995883605245475,
      "std_fidelity": 0.0012068162586081127,
      "success_rate": 0.0,
      "mean_runtime": 1.8615555167198181,
      "std_runtime": 0.22113308535048443,
      "n_trials": 100
    },
    {
      "optimizer": "GREEDY",
      "mean_reduction": 0.14359999999999995,
      "std_reduction": 0.05941291526731513,
      "mean_fidelity": 1.0,