{
  "experiment": "E5_landscape",
  "description": "Quantum circuit landscape characterization (n=5, depth=3-20)",
  "data_file": "data/raw/exp5_landscape_20260530_102615.csv",
  "n_rows": 6000,
  "n_qubits": 5,
  "depths": [
    "3",
    "5",
    "8",
    "10",
    "15",
    "20"
  ],
  "trials_per_depth": 1000,
  "columns": [
    "experiment",
    "n_qubits",
    "depth",
    "circuit_id",
    "sample",
    "base_entropy",
    "perturbed_entropy",
    "entropy_diff",
    "base_gates",
    "perturbed_gates",
    "gate_reduction",
    "reduction_pct"
  ],
  "landscape_roughness": {
    "description": "Roughness measured as std(entropy_diff) per depth",
    "overall_correlation": {
      "pearson_r": 0.2520541121495821,
      "pearson_p": 1.3143298627781623e-87,
      "spearman_r": 0.24931984171838492,
      "spearman_p": 1.0682458734765999e-85
    },
    "per_depth": [
      {
        "depth": 3,
        "mean_entropy_diff": 8.264840379842481e-17,
        "mean_ci_low": 7.319829561217081e-17,
        "mean_ci_high": 9.145782668391585e-17,
        "std_entropy_diff": 1.5226759288569352e-16,
        "std_ci_low": 1.3859805321804477e-16,
        "std_ci_high": 1.6578320987361326e-16,
        "median_entropy_diff": 0.0,
        "median_ci_low": 0.0,
        "median_ci_high": 0.0,
        "n": 1000
      },
      {
        "depth": 5,
        "mean_entropy_diff": 0.19226141625132215,
        "mean_ci_low": 0.17414734332027096,
        "mean_ci_high": 0.21089233417640735,
        "std_entropy_diff": 0.2939320366039106,
        "std_ci_low": 0.28522949993723296,
        "std_ci_high": 0.301702892693141,
        "median_entropy_diff": 2.220446049250313e-16,
        "median_ci_low": 2.220446049250313e-16,
        "median_ci_high": 2.220446049250313e-16,
        "n": 1000
      },
      {
        "depth": 8,
        "mean_entropy_diff": 0.1531709388186991,
        "mean_ci_low": 0.13990196447586078,
        "mean_ci_high": 0.1657518996361216,
        "std_entropy_diff": 0.2082253977516234,
        "std_ci_low": 0.19912624516359498,
        "std_ci_high": 0.21694450338707652,
        "median_entropy_diff": 0.0292209817184314,
        "median_ci_low": 5.551115123125784e-16,
        "median_ci_high": 0.0292209817184316,
        "n": 1000
      },
      {
        "depth": 10,
        "mean_entropy_diff": 0.23196552764760486,
        "mean_ci_low": 0.21693645769606612,
        "mean_ci_high": 0.24774351875684816,
        "std_entropy_diff": 0.2576326029985594,
        "std_ci_low": 0.2505870567373258,
        "std_ci_high": 0.2637187597874782,
        "median_entropy_diff": 0.0994581452270619,
        "median_ci_low": 0.0698737497076795,
        "median_ci_high": 0.15260845497955078,
        "n": 1000
      },
      {
        "depth": 15,
        "mean_entropy_diff": 0.14619216895980408,
        "mean_ci_low": 0.13395206363310894,
        "mean_ci_high": 0.15921143664672432,
        "std_entropy_diff": 0.2064158739299085,
        "std_ci_low": 0.19942073344736738,
        "std_ci_high": 0.21268249874572623,
        "median_entropy_diff": 4.440892098500626e-16,
        "median_ci_low": 4.440892098500626e-16,
        "median_ci_high": 0.048241067323214,
        "n": 1000
      },
      {
        "depth": 20,
        "mean_entropy_diff": 0.2082712137448795,
        "mean_ci_low": 0.19045387432653496,
        "mean_ci_high": 0.22722746817588588,
        "std_entropy_diff": 0.29868279690812694,
        "std_ci_low": 0.2782595395173969,
        "std_ci_high": 0.3178852763934025,
        "median_entropy_diff": 0.113567699485908,
        "median_ci_low": 0.0419579521408408,
        "median_ci_high": 0.1343605157480043,
        "n": 1000
      }
    ]
  },
  "correlation_analysis": {
    "base_entropy_vs_entropy_diff": {
      "overall": {
        "pearson_r": 0.2520541121495821,
        "pearson_p": 1.3143298627781623e-87,
        "spearman_r": 0.24931984171838492,
        "spearman_p": 1.0682458734765999e-85
      },
      "per_depth": [
        {
          "depth": 3,
          "pearson_r": -0.25242488701937604,
          "pearson_p": 5.318955175610426e-16,
          "spearman_r": 0.01888652512201532,
          "spearman_p": 0.550807470011383,
          "n": 1000
        },
        {
          "depth": 5,
          "pearson_r": 0.1524781468855742,
          "pearson_p": 1.2718479462135458e-06,
          "spearman_r": -0.007335060930385531,
          "spearman_p": 0.8167958883605876,
          "n": 1000
        },
        {
          "depth": 8,
          "pearson_r": -0.10578292360020498,
          "pearson_p": 0.0008070363441096869,
          "spearman_r": -0.2482548181083683,
          "spearman_p": 1.6427377247157992e-15,
          "n": 1000
        },
        {
          "depth": 10,
          "pearson_r": 0.4976968641555601,
          "pearson_p": 1.0531908779088995e-63,
          "spearman_r": 0.4452997069162684,
          "spearman_p": 7.178169968395875e-50,
          "n": 1000
        },
        {
          "depth": 15,
          "pearson_r": -0.3998715241070822,
          "pearson_p": 1.0963956727557052e-39,
          "spearman_r": -0.23471429687654657,
          "spearman_p": 5.549074195079417e-14,
          "n": 1000
        },
        {
          "depth": 20,
          "pearson_r": 0.3847726344345699,
          "pearson_p": 1.2337925171659858e-36,
          "spearman_r": 0.3023378005921165,
          "spearman_p": 1.3919045946901665e-22,
          "n": 1000
        }
      ]
    },
    "base_entropy_vs_gate_reduction": {
      "pearson_r": 3.393552799879629e-17,
      "pearson_p": 0.9999999999999991,
      "spearman_r": 0.0,
      "spearman_p": 1.0
    }
  },
  "reduction_distribution": [
    {
      "depth": 3,
      "mean_reduction": 0.47,
      "std_reduction": 0.4993489254512815,
      "mean_reduction_pct": 3.1333333333333333,
      "std_reduction_pct": 3.3289928363418757,
      "count": 1000
    },
    {
      "depth": 5,
      "mean_reduction": 0.47,
      "std_reduction": 0.4993489254512815,
      "mean_reduction_pct": 1.88,
      "std_reduction_pct": 1.997395701805126,
      "count": 1000
    },
    {
      "depth": 8,
      "mean_reduction": 0.47,
      "std_reduction": 0.4993489254512815,
      "mean_reduction_pct": 1.175,
      "std_reduction_pct": 1.2483723136282026,
      "count": 1000
    },
    {
      "depth": 10,
      "mean_reduction": 0.47,
      "std_reduction": 0.4993489254512815,
      "mean_reduction_pct": 0.94,
      "std_reduction_pct": 0.998697850902563,
      "count": 1000
    },
    {
      "depth": 15,
      "mean_reduction": 0.47,
      "std_reduction": 0.4993489254512815,
      "mean_reduction_pct": 0.6266666666666667,
      "std_reduction_pct": 0.6657985672683756,
      "count": 1000
    },
    {
      "depth": 20,
      "mean_reduction": 0.47,
      "std_reduction": 0.4993489254512815,
      "mean_reduction_pct": 0.47,
      "std_reduction_pct": 0.4993489254512815,
      "count": 1000
    }
  ],
  "landscape_structure": {
    "description": "Multi-modality analysis via histogram peak detection",
    "per_depth": [
      {
        "depth": "3",
        "n_peaks": 2,
        "peak_positions": [
          1.5216275893120854e-16,
          4.885225418317748e-16
        ],
        "peak_counts": [
          "249",
          "64"
        ],
        "is_multimodal": true
      },
      {
        "depth": "5",
        "n_peaks": 0,
        "peak_positions": [],
        "peak_counts": [],
        "is_multimodal": false
      },
      {
        "depth": "8",
        "n_peaks": 5,
        "peak_positions": [
          0.032114877497955635,
          0.2633419954832362,
          0.301879848480783,
          0.353263652477512,
          0.6101826724611572
        ],
        "peak_counts": [
          "105",
          "20",
          "58",
          "108",
          "70"
        ],
        "is_multimodal": true
      },
      {
        "depth": "10",
        "n_peaks": 8,