{
  "version": "phase1b_v4",
  "timestamp": "20260530_205522",
  "n_circuits": 200,
  "n_records": 800,
  "family_summary": {
    "mean": {
      "Clifford": 0.00017615918218327845,
      "Structured": 0.0,
      "Universal": 0.0
    },
    "std": {
      "Clifford": 0.0019445951432458329,
      "Structured": 0.0,
      "Universal": 0.0
    },
    "max": {
      "Clifford": 0.02409638554216864,
      "Structured": 0.0,
      "Universal": 0.0
    }
  },
  "optimizer_summary": {
    "mean": {
      "ga": 0.0,
      "greedy": 0.0,
      "rls": 0.0,
      "sa": 0.00021139101861993414
    },
    "std": {
      "ga": 0.0,
      "greedy": 0.0,
      "rls": 0.0,
      "sa": 0.002129332209521803
    },
    "max": {
      "ga": 0.0,
      "greedy": 0.0,
      "rls": 0.0,
      "sa": 0.02409638554216864
    }
  }
}