optimizer,mean,ci95_lo,ci95_hi
greedy_phase1,0.013675686655671662,0.0013963362464191255,0.029624421049308885
commutation_phase2a,0.09214329880731127,0.07446448602891514,0.11067882464024352
template_phase2b,0.46074728344309845,0.41939626825907667,0.501384794523768
