optimizer,mean,ci95_lo,ci95_hi
greedy_phase1,0.0047113298317601774,0.0010244859360641868,0.00946520359081641
commutation_phase2a,0.08957966736703683,0.08189527126508697,0.0973339337070255
template_phase2b,0.4849043538913588,0.46472380546225056,0.5050720793702105
