{
  "total_pairs": 570,
  "mean_time_naive_ms": 125.2670049120768,
  "mean_time_ca_ms": 3.5825670174968414,
  "overall_speedup": 34.965711541553105,
  "wilcoxon_statistic_all": 2500.0,
  "wilcoxon_pvalue_all": 2.0353516264068638e-89,
  "mean_reduction_naive": 0.096311835261987,
  "mean_reduction_ca": 0.096311835261987,
  "mean_fidelity_naive": 0.999999999999992,
  "mean_fidelity_ca": 0.999999999999992
}