{
  "classification_threshold": 0.005,
  "features": [
    "n_qubits",
    "total_gates",
    "gate_density",
    "two_qubit_fraction",
    "single_qubit_fraction",
    "cnot_fraction",
    "depth_per_qubit",
    "depth_to_gate_ratio",
    "multi_qubit_fraction",
    "phase1_action_density",
    "commutation_density",
    "log_total_gates"
  ],
  "improvement_factor": 2.8268734719078057,
  "mae_ci_lower_95": 0.0812665951693907,
  "mae_ci_upper_95": 0.11648648660803287,
  "mean_cls_accuracy": 0.848181818181818,
  "mean_cls_f1": 0.07902057374674007,
  "mean_fold_mae": 0.0772427803554162,
  "n_ceiling_folds": 15,
  "n_families": 20,
  "n_features": 12,
  "n_nan_pearson_folds": 17,
  "n_total_circuits": 835,
  "original_mae": 0.2775,
  "original_pearson": "NaN",
  "overall_mae": 0.09816498784175165,
  "overall_pearson_p": 0.32718235353420805,
  "overall_pearson_r": -0.03394863470962221,
  "overall_pearson_status": "valid",
  "overall_spearman_r": 0.22969128543543538,
  "pearson_ci_lower_95": -0.0613504120408919,
  "pearson_ci_upper_95": -0.004175173487802931,
  "std_fold_mae": 0.22311518080307358,
  "timestamp": "2026-07-17T04:13:57.851562+00:00",
  "version": "1.0.0"
}