metric_id,section,item,metric,target,status,evidence_domain,disposition
1.01,1,1,核心主张证据覆盖率,100%；每项核心主张都有直接数据、定理或反例证据,PASS,docs/review/prepaper_final_audit_2026-08-10.md; E31 frozen Pareto design and non-confirmatory smoke,verified in current bounded contract
1.02,1,2,主张越界率,0；经验结果不得升级成算法无关或普适结论,PASS,docs/review/prepaper_final_audit_2026-08-10.md; E31 frozen Pareto design and non-confirmatory smoke,verified in current bounded contract
1.03,1,3,语义有效率,所有被计为“成功”的输出必须通过约定等价标准,PASS,docs/review/prepaper_final_audit_2026-08-10.md; E31 frozen Pareto design and non-confirmatory smoke,verified in current bounded contract
1.04,1,4,未知有效性比例,单独报告；不得把 unavailable/unchecked 当成 valid,PASS,docs/review/prepaper_final_audit_2026-08-10.md; E31 frozen Pareto design and non-confirmatory smoke,verified in current bounded contract
1.05,1,5,ITT 完整性,timeout、error、invalid 全部进入分母,PASS,docs/review/prepaper_final_audit_2026-08-10.md; E31 frozen Pareto design and non-confirmatory smoke,verified in current bounded contract
1.06,1,6,输入配对完整率,比较工具必须使用完全相同且哈希一致的输入,PASS,docs/review/prepaper_final_audit_2026-08-10.md; E31 frozen Pareto design and non-confirmatory smoke,verified in current bounded contract
1.07,1,7,未记录排除数量,0,PASS,docs/review/prepaper_final_audit_2026-08-10.md; E31 frozen Pareto design and non-confirmatory smoke,verified in current bounded contract
1.08,1,8,未记录协议偏离数量,0,PASS,docs/review/prepaper_final_audit_2026-08-10.md; E31 frozen Pareto design and non-confirmatory smoke,verified in current bounded contract
1.09,1,9,主要效应及区间,效应量、95% CI、科学最小重要差异同时报告,PARTIAL,docs/review/prepaper_final_audit_2026-08-10.md; E31 frozen Pareto design and non-confirmatory smoke,some evidence exists; residual work is required
1.10,1,10,外层独立单位数量,以家族、问题类、硬件或独立数据源计算，不能用重复 seed 冒充,PASS,docs/review/prepaper_final_audit_2026-08-10.md; E31 frozen Pareto design and non-confirmatory smoke,verified in current bounded contract
1.11,1,11,最坏家族表现,必须报告，而不仅是总体均值,PASS,docs/review/prepaper_final_audit_2026-08-10.md; E31 frozen Pareto design and non-confirmatory smoke,verified in current bounded contract
1.12,1,12,LOFO/LOCO 稳定性,去掉任一家族后结论方向和数量级是否稳定,PASS,docs/review/prepaper_final_audit_2026-08-10.md; E31 frozen Pareto design and non-confirmatory smoke,verified in current bounded contract
1.13,1,13,跨家族泛化,使用真正未见过的 generator/family 和嵌套区间,PARTIAL,docs/review/prepaper_final_audit_2026-08-10.md; E31 frozen Pareto design and non-confirmatory smoke,some evidence exists; residual work is required
1.14,1,14,Pareto 前沿,质量、时间、内存、失败率、保真度联合比较,PARTIAL,docs/review/prepaper_final_audit_2026-08-10.md; E31 frozen Pareto design and non-confirmatory smoke,some evidence exists; residual work is required
1.15,1,15,规模规律,时间、内存、质量随 qubit/gate/depth 增长的经验指数及区间,PARTIAL,docs/review/prepaper_final_audit_2026-08-10.md; E31 frozen Pareto design and non-confirmatory smoke,some evidence exists; residual work is required
1.16,1,16,强基线覆盖,学术 SOTA、工业编译器、独立工件、简单基线均包含,PASS,docs/review/prepaper_final_audit_2026-08-10.md; E31 frozen Pareto design and non-confirmatory smoke,verified in current bounded contract
1.17,1,17,硬件相关性,native 2Q count/depth、duration、noise-aware fidelity、success probability,PARTIAL,docs/review/prepaper_final_audit_2026-08-10.md; E31 frozen Pareto design and non-confirmatory smoke,some evidence exists; residual work is required
1.18,1,18,可复现实验率,从干净环境一条命令重建主要表图,PARTIAL,docs/review/prepaper_final_audit_2026-08-10.md; E31 frozen Pareto design and non-confirmatory smoke,some evidence exists; residual work is required
1.19,1,19,独立复现率,至少一次由非开发者或新机器完成冷启动复现,FAIL,docs/review/prepaper_final_audit_2026-08-10.md; E31 frozen Pareto design and non-confirmatory smoke,missing or failed; claim must remain barred until repaired
1.20,1,20,新颖性碰撞风险,最近文献中是否已有同问题、同表示、同诊断、同实验设计,EXTERNAL,docs/review/prepaper_final_audit_2026-08-10.md; E31 frozen Pareto design and non-confirmatory smoke,"requires external hardware, independent people, or live literature evidence"
2.01,2,1,研究问题是否能用一句可证伪的话表达？,top-tier audit question,PASS,docs/review/prepaper_protocol_2026-08-09.md; docs/theory/prepaper_theory_gate_2026-08-10.md,verified in current bounded contract
2.02,2,2,所谓“表示敏感性”具体是 gate listing、DAG、ZX 图、phase polynomial，还是搜索动作编码？,top-tier audit question,PASS,docs/review/prepaper_protocol_2026-08-09.md; docs/theory/prepaper_theory_gate_2026-08-10.md,verified in current bounded contract
2.03,2,3,研究对象是算法、搜索过程、规则库还是输入表示？,top-tier audit question,PASS,docs/review/prepaper_protocol_2026-08-09.md; docs/theory/prepaper_theory_gate_2026-08-10.md,verified in current bounded contract
2.04,2,4,“ceiling”是规则集条件下、预算条件下、算法条件下，还是全算法意义上的？,top-tier audit question,PASS,docs/review/prepaper_protocol_2026-08-09.md; docs/theory/prepaper_theory_gate_2026-08-10.md,verified in current bounded contract
2.05,2,5,“优化能力”指找到更短电路、找到任何改进、达到局部最优，还是接近已知全局最优？,top-tier audit question,PASS,docs/review/prepaper_protocol_2026-08-09.md; docs/theory/prepaper_theory_gate_2026-08-10.md,verified in current bounded contract
2.06,2,6,每个术语是否有数学定义和可执行判定器？,top-tier audit question,PARTIAL,docs/review/prepaper_protocol_2026-08-09.md; docs/theory/prepaper_theory_gate_2026-08-10.md,some evidence exists; residual work is required
2.07,2,7,结论的总体是什么：所有量子线路、某基门集，还是所采样的家族？,top-tier audit question,PASS,docs/review/prepaper_protocol_2026-08-09.md; docs/theory/prepaper_theory_gate_2026-08-10.md,verified in current bounded contract
2.08,2,8,主要结局是否在观察数据前冻结？,top-tier audit question,PARTIAL,docs/review/prepaper_protocol_2026-08-09.md; docs/theory/prepaper_theory_gate_2026-08-10.md,some evidence exists; residual work is required
2.09,2,9,科学最小重要差异是否预先定义？,top-tier audit question,PARTIAL,docs/review/prepaper_protocol_2026-08-09.md; docs/theory/prepaper_theory_gate_2026-08-10.md,some evidence exists; residual work is required
2.10,2,10,什么结果会推翻主要假设？,top-tier audit question,PASS,docs/review/prepaper_protocol_2026-08-09.md; docs/theory/prepaper_theory_gate_2026-08-10.md,verified in current bounded contract
2.11,2,11,什么结果只会缩小主张而不会完全推翻？,top-tier audit question,PARTIAL,docs/review/prepaper_protocol_2026-08-09.md; docs/theory/prepaper_theory_gate_2026-08-10.md,some evidence exists; residual work is required
2.12,2,12,是否区分探索性、支持性和确认性问题？,top-tier audit question,PARTIAL,docs/review/prepaper_protocol_2026-08-09.md; docs/theory/prepaper_theory_gate_2026-08-10.md,some evidence exists; residual work is required
2.13,2,13,是否存在结果出来后改变 RQ、阈值或评价指标的情况？,top-tier audit question,PASS,docs/review/prepaper_protocol_2026-08-09.md; docs/theory/prepaper_theory_gate_2026-08-10.md,verified in current bounded contract
2.14,2,14,是否记录了每次主张缩窄的原因？,top-tier audit question,PARTIAL,docs/review/prepaper_protocol_2026-08-09.md; docs/theory/prepaper_theory_gate_2026-08-10.md,some evidence exists; residual work is required
2.15,2,15,是否有最强的竞争性解释？,top-tier audit question,PASS,docs/review/prepaper_protocol_2026-08-09.md; docs/theory/prepaper_theory_gate_2026-08-10.md,verified in current bounded contract
2.16,2,16,观察到的差异是否可能只来自基门转换？,top-tier audit question,PARTIAL,docs/review/prepaper_protocol_2026-08-09.md; docs/theory/prepaper_theory_gate_2026-08-10.md,some evidence exists; residual work is required
2.17,2,17,是否可能只是某个 compiler 默认配置的特例？,top-tier audit question,PARTIAL,docs/review/prepaper_protocol_2026-08-09.md; docs/theory/prepaper_theory_gate_2026-08-10.md,some evidence exists; residual work is required
2.18,2,18,是否可能只是时间预算差异？,top-tier audit question,PARTIAL,docs/review/prepaper_protocol_2026-08-09.md; docs/theory/prepaper_theory_gate_2026-08-10.md,some evidence exists; residual work is required
2.19,2,19,是否可能只是 circuit family composition 造成的 Simpson 悖论？,top-tier audit question,PASS,docs/review/prepaper_protocol_2026-08-09.md; docs/theory/prepaper_theory_gate_2026-08-10.md,verified in current bounded contract
2.20,2,20,是否可能只是搜索空间大小变化，而不是“结构”变化？,top-tier audit question,PARTIAL,docs/review/prepaper_protocol_2026-08-09.md; docs/theory/prepaper_theory_gate_2026-08-10.md,some evidence exists; residual work is required
2.21,2,21,“显著”是否同时具有统计意义和科学意义？,top-tier audit question,PASS,docs/review/prepaper_protocol_2026-08-09.md; docs/theory/prepaper_theory_gate_2026-08-10.md,verified in current bounded contract
2.22,2,22,如果效应只有 0.1%，是否仍有领域价值？,top-tier audit question,PASS,docs/review/prepaper_protocol_2026-08-09.md; docs/theory/prepaper_theory_gate_2026-08-10.md,verified in current bounded contract
2.23,2,23,如果平均效应为正但某些家族灾难性退化，结论如何变化？,top-tier audit question,PASS,docs/review/prepaper_protocol_2026-08-09.md; docs/theory/prepaper_theory_gate_2026-08-10.md,verified in current bounded contract
2.24,2,24,项目究竟发现了规律、构建了方法，还是主要发现了评价陷阱？,top-tier audit question,PASS,docs/review/prepaper_protocol_2026-08-09.md; docs/theory/prepaper_theory_gate_2026-08-10.md,verified in current bounded contract
2.25,2,25,这个结果改变了领域中哪一个具体判断？,top-tier audit question,PASS,docs/review/prepaper_protocol_2026-08-09.md; docs/theory/prepaper_theory_gate_2026-08-10.md,verified in current bounded contract
3.01,3,1,是否检索了相同任务，而不只是相同关键词？,top-tier audit question,PASS,docs/review/prepaper_novelty_matrix_2026-08-10.md; docs/references/search_ledger.md,verified in current bounded contract
3.02,3,2,是否检索了 compiler、synthesis、peephole、rewrite、equivalence、superoptimization、routing、representation learning、ZX-calculus 等不同术语体系？,top-tier audit question,PASS,docs/review/prepaper_novelty_matrix_2026-08-10.md; docs/references/search_ledger.md,verified in current bounded contract
3.03,3,3,是否逐篇核对最接近工作的输入表示？,top-tier audit question,PASS,docs/review/prepaper_novelty_matrix_2026-08-10.md; docs/references/search_ledger.md,verified in current bounded contract
3.04,3,4,是否逐篇核对它们的优化规则和动作空间？,top-tier audit question,PASS,docs/review/prepaper_novelty_matrix_2026-08-10.md; docs/references/search_ledger.md,verified in current bounded contract
3.05,3,5,是否比较了目标函数，而不只是方法名称？,top-tier audit question,PASS,docs/review/prepaper_novelty_matrix_2026-08-10.md; docs/references/search_ledger.md,verified in current bounded contract
3.06,3,6,是否区分 gate count、T-count、2Q count、depth 和 hardware fidelity？,top-tier audit question,PASS,docs/review/prepaper_novelty_matrix_2026-08-10.md; docs/references/search_ledger.md,verified in current bounded contract
3.07,3,7,是否已有论文研究 representation-changing edits？,top-tier audit question,PASS,docs/review/prepaper_novelty_matrix_2026-08-10.md; docs/references/search_ledger.md,verified in current bounded contract
3.08,3,8,是否已有 relaxed/non-contiguous peephole？,top-tier audit question,PASS,docs/review/prepaper_novelty_matrix_2026-08-10.md; docs/references/search_ledger.md,verified in current bounded contract
3.09,3,9,是否已有局部最优性或 cut-and-meld 证明？,top-tier audit question,PASS,docs/review/prepaper_novelty_matrix_2026-08-10.md; docs/references/search_ledger.md,verified in current bounded contract
3.10,3,10,是否已有 rewrite discovery、e-graph、RL、GNN 或神经搜索？,top-tier audit question,PASS,docs/review/prepaper_novelty_matrix_2026-08-10.md; docs/references/search_ledger.md,verified in current bounded contract
3.11,3,11,是否已有跨家族泛化实验？,top-tier audit question,PARTIAL,docs/review/prepaper_novelty_matrix_2026-08-10.md; docs/references/search_ledger.md,some evidence exists; residual work is required
3.12,3,12,是否已有 listing/order sensitivity 的直接实验？,top-tier audit question,EXTERNAL,docs/review/prepaper_novelty_matrix_2026-08-10.md; docs/references/search_ledger.md,"requires external hardware, independent people, or live literature evidence"
3.13,3,13,是否已有相同 counterexample？,top-tier audit question,FAIL,docs/review/prepaper_novelty_matrix_2026-08-10.md; docs/references/search_ledger.md,missing or failed; claim must remain barred until repaired
3.14,3,14,“首次”主张是否有可复查的检索协议？,top-tier audit question,PARTIAL,docs/review/prepaper_novelty_matrix_2026-08-10.md; docs/references/search_ledger.md,some evidence exists; residual work is required
3.15,3,15,是否记录检索日期、数据库、检索式和排除理由？,top-tier audit question,PARTIAL,docs/review/prepaper_novelty_matrix_2026-08-10.md; docs/references/search_ledger.md,some evidence exists; residual work is required
3.16,3,16,是否阅读论文正文而不是只看摘要？,top-tier audit question,PARTIAL,docs/review/prepaper_novelty_matrix_2026-08-10.md; docs/references/search_ledger.md,some evidence exists; residual work is required
3.17,3,17,是否检查附录、代码和 artifact？,top-tier audit question,PARTIAL,docs/review/prepaper_novelty_matrix_2026-08-10.md; docs/references/search_ledger.md,some evidence exists; residual work is required
3.18,3,18,是否检查 arXiv 最新版本和正式发表版本差异？,top-tier audit question,FAIL,docs/review/prepaper_novelty_matrix_2026-08-10.md; docs/references/search_ledger.md,missing or failed; claim must remain barred until repaired
3.19,3,19,是否查看引用该工作的后续论文？,top-tier audit question,FAIL,docs/review/prepaper_novelty_matrix_2026-08-10.md; docs/references/search_ledger.md,missing or failed; claim must remain barred until repaired
3.20,3,20,是否查看被该工作引用的更早来源？,top-tier audit question,PARTIAL,docs/review/prepaper_novelty_matrix_2026-08-10.md; docs/references/search_ledger.md,some evidence exists; residual work is required
3.21,3,21,负面引用和复现实验是否纳入？,top-tier audit question,FAIL,docs/review/prepaper_novelty_matrix_2026-08-10.md; docs/references/search_ledger.md,missing or failed; claim must remain barred until repaired
3.22,3,22,是否存在同一方法换名字的重复发现？,top-tier audit question,PARTIAL,docs/review/prepaper_novelty_matrix_2026-08-10.md; docs/references/search_ledger.md,some evidence exists; residual work is required
3.23,3,23,新颖性来自问题、理论、方法、数据、实验设计还是证据强度？,top-tier audit question,PASS,docs/review/prepaper_novelty_matrix_2026-08-10.md; docs/references/search_ledger.md,verified in current bounded contract
3.24,3,24,如果去掉“普适”“首次”“硬上界”等词，贡献是否仍成立？,top-tier audit question,PASS,docs/review/prepaper_novelty_matrix_2026-08-10.md; docs/references/search_ledger.md,verified in current bounded contract
3.25,3,25,是否能写出逐特征 novelty matrix？,top-tier audit question,PASS,docs/review/prepaper_novelty_matrix_2026-08-10.md; docs/references/search_ledger.md,verified in current bounded contract
3.26,3,26,与最接近工作相比，至少有一个无法被“工程实现不同”解释的增量吗？,top-tier audit question,PARTIAL,docs/review/prepaper_novelty_matrix_2026-08-10.md; docs/references/search_ledger.md,some evidence exists; residual work is required
3.27,3,27,该增量是否足以形成独立论文，而不只是 ablation？,top-tier audit question,FAIL,docs/review/prepaper_novelty_matrix_2026-08-10.md; docs/references/search_ledger.md,missing or failed; claim must remain barred until repaired
3.28,3,28,最新 6–12 个月是否重新搜索？,top-tier audit question,PASS,docs/review/prepaper_novelty_matrix_2026-08-10.md; docs/references/search_ledger.md,verified in current bounded contract
3.29,3,29,是否包含 Q-PreSyn、Quartz、Quarl、Quanto、GUOQ、OAC/cut-and-meld 等直接比较对象？,top-tier audit question,PARTIAL,docs/review/prepaper_novelty_matrix_2026-08-10.md; docs/references/search_ledger.md,some evidence exists; residual work is required
3.30,3,30,是否有匿名同行进行一次 novelty red-team？,top-tier audit question,FAIL,docs/review/prepaper_novelty_matrix_2026-08-10.md; docs/references/search_ledger.md,missing or failed; claim must remain barred until repaired
4.01,4,1,每个 theorem 的量词是否明确？,top-tier audit question,PARTIAL,docs/theory/formal_results.md; docs/theory/framework.md,some evidence exists; residual work is required
4.02,4,2,是对所有线路、某生成器，还是存在性构造？,top-tier audit question,PASS,docs/theory/formal_results.md; docs/theory/framework.md,verified in current bounded contract
4.03,4,3,门集是否固定？,top-tier audit question,PARTIAL,docs/theory/formal_results.md; docs/theory/framework.md,some evidence exists; residual work is required
4.04,4,4,是否允许 ancilla、measurement、reset 和 classical control？,top-tier audit question,FAIL,docs/theory/formal_results.md; docs/theory/framework.md,missing or failed; claim must remain barred until repaired
4.05,4,5,是否忽略全局相位？,top-tier audit question,PASS,docs/theory/formal_results.md; docs/theory/framework.md,verified in current bounded contract
4.06,4,6,是否允许重排可交换门？,top-tier audit question,PASS,docs/theory/formal_results.md; docs/theory/framework.md,verified in current bounded contract
4.07,4,7,局部窗口大小是否固定？,top-tier audit question,PASS,docs/theory/formal_results.md; docs/theory/framework.md,verified in current bounded contract
4.08,4,8,算法预算是否属于定理前提？,top-tier audit question,PARTIAL,docs/theory/formal_results.md; docs/theory/framework.md,some evidence exists; residual work is required
4.09,4,9,所谓最优是局部最优、规则最优还是全局最优？,top-tier audit question,PASS,docs/theory/formal_results.md; docs/theory/framework.md,verified in current bounded contract
4.10,4,10,上界或下界是否依赖输入 listing？,top-tier audit question,PASS,docs/theory/formal_results.md; docs/theory/framework.md,verified in current bounded contract
4.11,4,11,必要条件是否被误写成充分条件？,top-tier audit question,PASS,docs/theory/formal_results.md; docs/theory/framework.md,verified in current bounded contract
4.12,4,12,经验相关性是否被误写成定律？,top-tier audit question,PASS,docs/theory/formal_results.md; docs/theory/framework.md,verified in current bounded contract
4.13,4,13,是否存在极小反例搜索？,top-tier audit question,PASS,docs/theory/formal_results.md; docs/theory/framework.md,verified in current bounded contract
4.14,4,14,是否对 n=1、2、空线路和退化线路检查？,top-tier audit question,PARTIAL,docs/theory/formal_results.md; docs/theory/framework.md,some evidence exists; residual work is required
4.15,4,15,是否对不连续窗口检查？,top-tier audit question,PARTIAL,docs/theory/formal_results.md; docs/theory/framework.md,some evidence exists; residual work is required
4.16,4,16,是否检查规则冲突和非合流性？,top-tier audit question,FAIL,docs/theory/formal_results.md; docs/theory/framework.md,missing or failed; claim must remain barred until repaired
4.17,4,17,是否证明算法终止？,top-tier audit question,PARTIAL,docs/theory/formal_results.md; docs/theory/framework.md,some evidence exists; residual work is required
4.18,4,18,是否证明每步语义保持？,top-tier audit question,PARTIAL,docs/theory/formal_results.md; docs/theory/framework.md,some evidence exists; residual work is required
4.19,4,19,是否证明代价单调，还是允许先扩张后缩减？,top-tier audit question,PARTIAL,docs/theory/formal_results.md; docs/theory/framework.md,some evidence exists; residual work is required
4.20,4,20,是否存在循环 rewrite？,top-tier audit question,FAIL,docs/theory/formal_results.md; docs/theory/framework.md,missing or failed; claim must remain barred until repaired
4.21,4,21,复杂度结论是 worst-case、average-case 还是 observed scaling？,top-tier audit question,PASS,docs/theory/formal_results.md; docs/theory/framework.md,verified in current bounded contract
4.22,4,22,是否把搜索问题与验证问题的复杂性混淆？,top-tier audit question,PASS,docs/theory/formal_results.md; docs/theory/framework.md,verified in current bounded contract
4.23,4,23,QMA-hardness/NP-hardness 是否对应准确的决策问题？,top-tier audit question,PASS,docs/theory/formal_results.md; docs/theory/framework.md,verified in current bounded contract
4.24,4,24,reduction 是否完整、双向且 polynomial？,top-tier audit question,NA,docs/theory/formal_results.md; docs/theory/framework.md,outside the currently stated unitary/logical-circuit model
4.25,4,25,引用的复杂性结果是否真的适用于当前门集和误差模型？,top-tier audit question,PARTIAL,docs/theory/formal_results.md; docs/theory/framework.md,some evidence exists; residual work is required
4.26,4,26,理论指标能否由代码直接计算？,top-tier audit question,PASS,docs/theory/formal_results.md; docs/theory/framework.md,verified in current bounded contract
4.27,4,27,定理前提能否由测试自动验证？,top-tier audit question,PARTIAL,docs/theory/formal_results.md; docs/theory/framework.md,some evidence exists; residual work is required
4.28,4,28,每项理论结论是否有至少一个正例和反例测试？,top-tier audit question,PARTIAL,docs/theory/formal_results.md; docs/theory/framework.md,some evidence exists; residual work is required
4.29,4,29,是否用 property-based testing 搜索破坏定理的线路？,top-tier audit question,PARTIAL,docs/theory/formal_results.md; docs/theory/framework.md,some evidence exists; residual work is required
4.30,4,30,定理在参数化门、部分初始化和 observational equivalence 下是否仍成立？,top-tier audit question,FAIL,docs/theory/formal_results.md; docs/theory/framework.md,missing or failed; claim must remain barred until repaired
5.01,5,1,benchmark 是否覆盖随机、结构化、算法型、变分型和真实来源线路？,top-tier audit question,PARTIAL,data/DATA_CANONICAL.md; release/release_manifest.json; benchmark manifests,some evidence exists; residual work is required
5.02,5,2,是否包含 QFT、Grover、BV、QAOA、VQE、Hamiltonian simulation、arithmetic、oracle、QEC 子电路？,top-tier audit question,PASS,data/DATA_CANONICAL.md; release/release_manifest.json; benchmark manifests,verified in current bounded contract
5.03,5,3,是否覆盖 Clifford、Clifford+T、任意旋转和多控制门？,top-tier audit question,PASS,data/DATA_CANONICAL.md; release/release_manifest.json; benchmark manifests,verified in current bounded contract
5.04,5,4,qubit 数范围是否足够宽？,top-tier audit question,PARTIAL,data/DATA_CANONICAL.md; release/release_manifest.json; benchmark manifests,some evidence exists; residual work is required
5.05,5,5,gate count 和 depth 是否独立变化？,top-tier audit question,PARTIAL,data/DATA_CANONICAL.md; release/release_manifest.json; benchmark manifests,some evidence exists; residual work is required
5.06,5,6,是否覆盖稀疏和稠密交互图？,top-tier audit question,PASS,data/DATA_CANONICAL.md; release/release_manifest.json; benchmark manifests,verified in current bounded contract
5.07,5,7,是否覆盖线性、网格、重六边形、全连接等拓扑？,top-tier audit question,PARTIAL,data/DATA_CANONICAL.md; release/release_manifest.json; benchmark manifests,some evidence exists; residual work is required
5.08,5,8,是否覆盖不同 gate diversity？,top-tier audit question,PASS,data/DATA_CANONICAL.md; release/release_manifest.json; benchmark manifests,verified in current bounded contract
5.09,5,9,family 是否由真正不同的生成机制定义？,top-tier audit question,PASS,data/DATA_CANONICAL.md; release/release_manifest.json; benchmark manifests,verified in current bounded contract
5.10,5,10,同一家族的不同 seed 是否被错误地当成独立 family？,top-tier audit question,PASS,data/DATA_CANONICAL.md; release/release_manifest.json; benchmark manifests,verified in current bounded contract
5.11,5,11,是否存在大量重复或同构线路？,top-tier audit question,FAIL,data/DATA_CANONICAL.md; release/release_manifest.json; benchmark manifests,missing or failed; claim must remain barred until repaired
5.12,5,12,是否计算电路哈希和规范化哈希？,top-tier audit question,PARTIAL,data/DATA_CANONICAL.md; release/release_manifest.json; benchmark manifests,some evidence exists; residual work is required
5.13,5,13,train、validation、held-out 是否在 family 层隔离？,top-tier audit question,PASS,data/DATA_CANONICAL.md; release/release_manifest.json; benchmark manifests,verified in current bounded contract
5.14,5,14,benchmark 是否被调参过程间接看过？,top-tier audit question,PASS,data/DATA_CANONICAL.md; release/release_manifest.json; benchmark manifests,verified in current bounded contract
5.15,5,15,是否有数据泄漏到特征标准化或缺失值填充？,top-tier audit question,PASS,data/DATA_CANONICAL.md; release/release_manifest.json; benchmark manifests,verified in current bounded contract
5.16,5,16,是否有 benchmark selection bias？,top-tier audit question,PARTIAL,data/DATA_CANONICAL.md; release/release_manifest.json; benchmark manifests,some evidence exists; residual work is required
5.17,5,17,是否只选择自定义方法擅长的家族？,top-tier audit question,PARTIAL,data/DATA_CANONICAL.md; release/release_manifest.json; benchmark manifests,some evidence exists; residual work is required
5.18,5,18,是否保留难例、失败例和零收益例？,top-tier audit question,PASS,data/DATA_CANONICAL.md; release/release_manifest.json; benchmark manifests,verified in current bounded contract
5.19,5,19,是否有 known-optimum 或 known-near-optimum 实例？,top-tier audit question,PASS,data/DATA_CANONICAL.md; release/release_manifest.json; benchmark manifests,verified in current bounded contract
5.20,5,20,是否包含 identity/mirror circuits 作为正确性 oracle？,top-tier audit question,PASS,data/DATA_CANONICAL.md; release/release_manifest.json; benchmark manifests,verified in current bounded contract
5.21,5,21,是否包含不可优化的负对照？,top-tier audit question,PASS,data/DATA_CANONICAL.md; release/release_manifest.json; benchmark manifests,verified in current bounded contract
5.22,5,22,是否包含人为插入可约简结构的正对照？,top-tier audit question,PASS,data/DATA_CANONICAL.md; release/release_manifest.json; benchmark manifests,verified in current bounded contract
5.23,5,23,是否包含 adversarial listings？,top-tier audit question,PARTIAL,data/DATA_CANONICAL.md; release/release_manifest.json; benchmark manifests,some evidence exists; residual work is required
5.24,5,24,是否包含相同 unitary 的多种 syntactic representation？,top-tier audit question,PASS,data/DATA_CANONICAL.md; release/release_manifest.json; benchmark manifests,verified in current bounded contract
5.25,5,25,是否包含相同结构但不同参数的线路？,top-tier audit question,PASS,data/DATA_CANONICAL.md; release/release_manifest.json; benchmark manifests,verified in current bounded contract
5.26,5,26,是否包含参数接近数值奇异点的线路？,top-tier audit question,FAIL,data/DATA_CANONICAL.md; release/release_manifest.json; benchmark manifests,missing or failed; claim must remain barred until repaired
5.27,5,27,是否包含边界角度，如 0、π/2、π、2π？,top-tier audit question,PASS,data/DATA_CANONICAL.md; release/release_manifest.json; benchmark manifests,verified in current bounded contract
5.28,5,28,是否与 MQT Bench 之类跨抽象层数据对齐？,top-tier audit question,FAIL,data/DATA_CANONICAL.md; release/release_manifest.json; benchmark manifests,missing or failed; claim must remain barred until repaired
5.29,5,29,是否运行 Benchpress 风格的大型软件压力测试？,top-tier audit question,FAIL,data/DATA_CANONICAL.md; release/release_manifest.json; benchmark manifests,missing or failed; claim must remain barred until repaired
5.30,5,30,每个 family×size 单元是否有足够独立实例？,top-tier audit question,PARTIAL,data/DATA_CANONICAL.md; release/release_manifest.json; benchmark manifests,some evidence exists; residual work is required
5.31,5,31,样本量是否由 MDE/power 决定，而不是方便程度？,top-tier audit question,FAIL,data/DATA_CANONICAL.md; release/release_manifest.json; benchmark manifests,missing or failed; claim must remain barred until repaired
5.32,5,32,是否报告 benchmark 全体和被运行子集的差异？,top-tier audit question,PARTIAL,data/DATA_CANONICAL.md; release/release_manifest.json; benchmark manifests,some evidence exists; residual work is required
5.33,5,33,是否有数据版本、生成器版本、seed 和生成时间？,top-tier audit question,PASS,data/DATA_CANONICAL.md; release/release_manifest.json; benchmark manifests,verified in current bounded contract
5.34,5,34,是否可以从生成器重建每个输入？,top-tier audit question,PASS,data/DATA_CANONICAL.md; release/release_manifest.json; benchmark manifests,verified in current bounded contract
5.35,5,35,是否将真实线路和合成线路分层报告？,top-tier audit question,PARTIAL,data/DATA_CANONICAL.md; release/release_manifest.json; benchmark manifests,some evidence exists; residual work is required
6.01,6,1,算法伪代码和实现是否逐步骤一致？,top-tier audit question,PARTIAL,src/optimisation; experiments/e31_shared_rule_worker.py; experiments/e31_formal_orchestrator.py; checkpoint/resume fault tests,some evidence exists; residual work is required
6.02,6,2,当前解与历史最佳有效解是否分开保存？,top-tier audit question,PASS,src/optimisation; experiments/e31_shared_rule_worker.py; experiments/e31_formal_orchestrator.py; checkpoint/resume fault tests,verified in current bounded contract
6.03,6,3,无效候选是否可能覆盖有效 incumbent？,top-tier audit question,PASS,src/optimisation; experiments/e31_shared_rule_worker.py; experiments/e31_formal_orchestrator.py; checkpoint/resume fault tests,verified in current bounded contract
6.04,6,4,timeout 前找到的最佳有效解是否保留？,top-tier audit question,PARTIAL,src/optimisation; experiments/e31_shared_rule_worker.py; experiments/e31_formal_orchestrator.py; checkpoint/resume fault tests,some evidence exists; residual work is required
6.05,6,5,exception 是否可能被吞掉并记为成功？,top-tier audit question,PARTIAL,src/optimisation; experiments/e31_shared_rule_worker.py; experiments/e31_formal_orchestrator.py; checkpoint/resume fault tests,some evidence exists; residual work is required
6.06,6,6,多进程终止时子进程是否全部结束？,top-tier audit question,PASS,src/optimisation; experiments/e31_shared_rule_worker.py; experiments/e31_formal_orchestrator.py; checkpoint/resume fault tests,verified in current bounded contract
6.07,6,7,checkpoint 是否原子写入？,top-tier audit question,PASS,src/optimisation; experiments/e31_shared_rule_worker.py; experiments/e31_formal_orchestrator.py; checkpoint/resume fault tests,verified in current bounded contract
6.08,6,8,resume 是否重复或跳过实例？,top-tier audit question,PASS,src/optimisation; experiments/e31_shared_rule_worker.py; experiments/e31_formal_orchestrator.py; checkpoint/resume fault tests,verified in current bounded contract
6.09,6,9,seed 是否控制所有随机源？,top-tier audit question,PARTIAL,src/optimisation; experiments/e31_shared_rule_worker.py; experiments/e31_formal_orchestrator.py; checkpoint/resume fault tests,some evidence exists; residual work is required
6.10,6,10,NumPy、Python、编译器、外部工具的随机种子是否都冻结？,top-tier audit question,PARTIAL,src/optimisation; experiments/e31_shared_rule_worker.py; experiments/e31_formal_orchestrator.py; checkpoint/resume fault tests,some evidence exists; residual work is required
6.11,6,11,多线程 BLAS 是否破坏可重复性？,top-tier audit question,PARTIAL,src/optimisation; experiments/e31_shared_rule_worker.py; experiments/e31_formal_orchestrator.py; checkpoint/resume fault tests,some evidence exists; residual work is required
6.12,6,12,数据顺序是否影响结果？,top-tier audit question,PARTIAL,src/optimisation; experiments/e31_shared_rule_worker.py; experiments/e31_formal_orchestrator.py; checkpoint/resume fault tests,some evidence exists; residual work is required
6.13,6,13,并行调度是否影响随机序列？,top-tier audit question,PARTIAL,src/optimisation; experiments/e31_shared_rule_worker.py; experiments/e31_formal_orchestrator.py; checkpoint/resume fault tests,some evidence exists; residual work is required
6.14,6,14,浮点比较是否使用合理公差？,top-tier audit question,PASS,src/optimisation; experiments/e31_shared_rule_worker.py; experiments/e31_formal_orchestrator.py; checkpoint/resume fault tests,verified in current bounded contract
6.15,6,15,角度规范化是否一致？,top-tier audit question,PASS,src/optimisation; experiments/e31_shared_rule_worker.py; experiments/e31_formal_orchestrator.py; checkpoint/resume fault tests,verified in current bounded contract
6.16,6,16,gate inverse 判定是否处理参数周期？,top-tier audit question,PARTIAL,src/optimisation; experiments/e31_shared_rule_worker.py; experiments/e31_formal_orchestrator.py; checkpoint/resume fault tests,some evidence exists; residual work is required
6.17,6,17,qubit 顺序和 endian 是否一致？,top-tier audit question,PASS,src/optimisation; experiments/e31_shared_rule_worker.py; experiments/e31_formal_orchestrator.py; checkpoint/resume fault tests,verified in current bounded contract
6.18,6,18,QASM 解析/导出是否丢失 phase、parameter 或 register mapping？,top-tier audit question,PARTIAL,src/optimisation; experiments/e31_shared_rule_worker.py; experiments/e31_formal_orchestrator.py; checkpoint/resume fault tests,some evidence exists; residual work is required
6.19,6,19,自定义 gate 分解前后语义是否一致？,top-tier audit question,PASS,src/optimisation; experiments/e31_shared_rule_worker.py; experiments/e31_formal_orchestrator.py; checkpoint/resume fault tests,verified in current bounded contract
6.20,6,20,barrier、measurement、reset 的处理是否明确？,top-tier audit question,FAIL,src/optimisation; experiments/e31_shared_rule_worker.py; experiments/e31_formal_orchestrator.py; checkpoint/resume fault tests,missing or failed; claim must remain barred until repaired
6.21,6,21,是否对每条 rewrite 做 unit test？,top-tier audit question,PARTIAL,src/optimisation; experiments/e31_shared_rule_worker.py; experiments/e31_formal_orchestrator.py; checkpoint/resume fault tests,some evidence exists; residual work is required
6.22,6,22,是否对 rewrite 组合做 property test？,top-tier audit question,FAIL,src/optimisation; experiments/e31_shared_rule_worker.py; experiments/e31_formal_orchestrator.py; checkpoint/resume fault tests,missing or failed; claim must remain barred until repaired
6.23,6,23,是否进行 differential testing？,top-tier audit question,PARTIAL,src/optimisation; experiments/e31_shared_rule_worker.py; experiments/e31_formal_orchestrator.py; checkpoint/resume fault tests,some evidence exists; residual work is required
6.24,6,24,是否使用 mutation testing 检查测试是否能抓住错误？,top-tier audit question,FAIL,src/optimisation; experiments/e31_shared_rule_worker.py; experiments/e31_formal_orchestrator.py; checkpoint/resume fault tests,missing or failed; claim must remain barred until repaired
6.25,6,25,是否对 parser、serializer 做 round-trip test？,top-tier audit question,PARTIAL,src/optimisation; experiments/e31_shared_rule_worker.py; experiments/e31_formal_orchestrator.py; checkpoint/resume fault tests,some evidence exists; residual work is required
6.26,6,26,是否对 checkpoint/resume 做故障注入？,top-tier audit question,PASS,src/optimisation; experiments/e31_shared_rule_worker.py; experiments/e31_formal_orchestrator.py; checkpoint/resume fault tests,verified in current bounded contract
6.27,6,27,是否对 timeout、OOM、子进程崩溃做故障注入？,top-tier audit question,PARTIAL,src/optimisation; experiments/e31_shared_rule_worker.py; experiments/e31_formal_orchestrator.py; checkpoint/resume fault tests,some evidence exists; residual work is required
6.28,6,28,是否检查 resource leak、僵尸进程和临时文件？,top-tier audit question,PARTIAL,src/optimisation; experiments/e31_shared_rule_worker.py; experiments/e31_formal_orchestrator.py; checkpoint/resume fault tests,some evidence exists; residual work is required
6.29,6,29,是否测试空输入、单门、超大输入和损坏输入？,top-tier audit question,PARTIAL,src/optimisation; experiments/e31_shared_rule_worker.py; experiments/e31_formal_orchestrator.py; checkpoint/resume fault tests,some evidence exists; residual work is required
6.30,6,30,是否测试所有公开配置组合？,top-tier audit question,PARTIAL,src/optimisation; experiments/e31_shared_rule_worker.py; experiments/e31_formal_orchestrator.py; checkpoint/resume fault tests,some evidence exists; residual work is required
6.31,6,31,是否有静态类型、lint、compile 和 API drift 检查？,top-tier audit question,PARTIAL,src/optimisation; experiments/e31_shared_rule_worker.py; experiments/e31_formal_orchestrator.py; checkpoint/resume fault tests,some evidence exists; residual work is required
6.32,6,32,是否记录每个实验调用的真实源码 SHA？,top-tier audit question,PASS,src/optimisation; experiments/e31_shared_rule_worker.py; experiments/e31_formal_orchestrator.py; checkpoint/resume fault tests,verified in current bounded contract
6.33,6,33,是否能证明运行时加载的代码就是被发布的代码？,top-tier audit question,PARTIAL,src/optimisation; experiments/e31_shared_rule_worker.py; experiments/e31_formal_orchestrator.py; checkpoint/resume fault tests,some evidence exists; residual work is required
6.34,6,34,是否保存外部可执行文件哈希和动态库版本？,top-tier audit question,PARTIAL,src/optimisation; experiments/e31_shared_rule_worker.py; experiments/e31_formal_orchestrator.py; checkpoint/resume fault tests,some evidence exists; residual work is required
6.35,6,35,是否有独立实现用于交叉验证关键统计量？,top-tier audit question,PASS,src/optimisation; experiments/e31_shared_rule_worker.py; experiments/e31_formal_orchestrator.py; checkpoint/resume fault tests,verified in current bounded contract
7.01,7,1,等价定义是 unitary、up-to-global-phase、partial、observational 还是 distributional？,top-tier audit question,PASS,src/optimisation/base.py; data/v10/prepaper fidelity audits,verified in current bounded contract
7.02,7,2,是否正确处理全局相位？,top-tier audit question,PASS,src/optimisation/base.py; data/v10/prepaper fidelity audits,verified in current bounded contract
7.03,7,3,是否允许 ancilla 初始化和释放？,top-tier audit question,NA,src/optimisation/base.py; data/v10/prepaper fidelity audits,outside the currently stated unitary/logical-circuit model
7.04,7,4,是否处理 measurement 和 classical control？,top-tier audit question,NA,src/optimisation/base.py; data/v10/prepaper fidelity audits,outside the currently stated unitary/logical-circuit model
7.05,7,5,是否处理部分初始化？,top-tier audit question,NA,src/optimisation/base.py; data/v10/prepaper fidelity audits,outside the currently stated unitary/logical-circuit model
7.06,7,6,参数化电路是符号验证还是有限点抽样？,top-tier audit question,FAIL,src/optimisation/base.py; data/v10/prepaper fidelity audits,missing or failed; claim must remain barred until repaired
7.07,7,7,exact average gate fidelity 的公式是否正确？,top-tier audit question,PASS,src/optimisation/base.py; data/v10/prepaper fidelity audits,verified in current bounded contract
7.08,7,8,fidelity 阈值由什么数值误差分析支持？,top-tier audit question,PARTIAL,src/optimisation/base.py; data/v10/prepaper fidelity audits,some evidence exists; residual work is required
7.09,7,9,是否报告阈值附近结果的距离？,top-tier audit question,PARTIAL,src/optimisation/base.py; data/v10/prepaper fidelity audits,some evidence exists; residual work is required
7.10,7,10,是否区分 exact、numerical、sampled、heuristic 和 unavailable？,top-tier audit question,PASS,src/optimisation/base.py; data/v10/prepaper fidelity audits,verified in current bounded contract
7.11,7,11,大 qubit 线路超出精确矩阵预算后怎么办？,top-tier audit question,PARTIAL,src/optimisation/base.py; data/v10/prepaper fidelity audits,some evidence exists; residual work is required
7.12,7,12,是否错误地把结构相似度叫作 fidelity？,top-tier audit question,PASS,src/optimisation/base.py; data/v10/prepaper fidelity audits,verified in current bounded contract
7.13,7,13,sampled-state 检查的采样分布是否覆盖完整 Hilbert 空间？,top-tier audit question,PASS,src/optimisation/base.py; data/v10/prepaper fidelity audits,verified in current bounded contract
7.14,7,14,是否有 adversarial unitary 使近似检查误判？,top-tier audit question,PARTIAL,src/optimisation/base.py; data/v10/prepaper fidelity audits,some evidence exists; residual work is required
7.15,7,15,是否使用第二种独立 verifier？,top-tier audit question,PARTIAL,src/optimisation/base.py; data/v10/prepaper fidelity audits,some evidence exists; residual work is required
7.16,7,16,是否用 inverse composition `U†V` 检查 identity？,top-tier audit question,PARTIAL,src/optimisation/base.py; data/v10/prepaper fidelity audits,some evidence exists; residual work is required
7.17,7,17,是否测试 I 与 X、I 与 Z 等已知非等价对？,top-tier audit question,PASS,src/optimisation/base.py; data/v10/prepaper fidelity audits,verified in current bounded contract
7.18,7,18,是否测试只差全局相位的等价对？,top-tier audit question,PASS,src/optimisation/base.py; data/v10/prepaper fidelity audits,verified in current bounded contract
7.19,7,19,是否测试不同 qubit permutation？,top-tier audit question,PARTIAL,src/optimisation/base.py; data/v10/prepaper fidelity audits,some evidence exists; residual work is required
7.20,7,20,是否测试 parameter wrap-around？,top-tier audit question,PASS,src/optimisation/base.py; data/v10/prepaper fidelity audits,verified in current bounded contract
7.21,7,21,输出 QASM 哈希是否在验证后固定？,top-tier audit question,PASS,src/optimisation/base.py; data/v10/prepaper fidelity audits,verified in current bounded contract
7.22,7,22,验证失败能否定位到哪条 transformation？,top-tier audit question,FAIL,src/optimisation/base.py; data/v10/prepaper fidelity audits,missing or failed; claim must remain barred until repaired
7.23,7,23,是否报告每个工具的 invalid rate 及家族分布？,top-tier audit question,PASS,src/optimisation/base.py; data/v10/prepaper fidelity audits,verified in current bounded contract
7.24,7,24,是否把未发出输出、解析失败和非等价分开？,top-tier audit question,PASS,src/optimisation/base.py; data/v10/prepaper fidelity audits,verified in current bounded contract
7.25,7,25,是否对 large-scale circuits 使用符号、决策图、ZX 或 path-sum 验证？,top-tier audit question,FAIL,src/optimisation/base.py; data/v10/prepaper fidelity audits,missing or failed; claim must remain barred until repaired
7.26,7,26,大规模无法验证时，主张是否自动降级？,top-tier audit question,PASS,src/optimisation/base.py; data/v10/prepaper fidelity audits,verified in current bounded contract
7.27,7,27,是否报告 verifier 自身的超时和覆盖边界？,top-tier audit question,PARTIAL,src/optimisation/base.py; data/v10/prepaper fidelity audits,some evidence exists; residual work is required
7.28,7,28,verifier 是否接受所有被测工具输出的门集？,top-tier audit question,PARTIAL,src/optimisation/base.py; data/v10/prepaper fidelity audits,some evidence exists; residual work is required
7.29,7,29,转换到 verifier 门集是否本身通过验证？,top-tier audit question,PARTIAL,src/optimisation/base.py; data/v10/prepaper fidelity audits,some evidence exists; residual work is required
7.30,7,30,是否有 verifier-versus-verifier disagreement audit？,top-tier audit question,FAIL,src/optimisation/base.py; data/v10/prepaper fidelity audits,missing or failed; claim must remain barred until repaired
8.01,8,1,是否包含最简单的 identity/no-op 基线？,top-tier audit question,PARTIAL,experiments/prepaper_protocol.json; data/v10/prepaper/sota; E31 72-cell equal-budget design; no formal E31 results,some evidence exists; residual work is required
8.02,8,2,是否包含原始线路不优化基线？,top-tier audit question,PASS,experiments/prepaper_protocol.json; data/v10/prepaper/sota; E31 72-cell equal-budget design; no formal E31 results,verified in current bounded contract
8.03,8,3,是否包含 greedy/local 简单基线？,top-tier audit question,PASS,experiments/prepaper_protocol.json; data/v10/prepaper/sota; E31 72-cell equal-budget design; no formal E31 results,verified in current bounded contract
8.04,8,4,是否包含主流工业编译器？,top-tier audit question,PASS,experiments/prepaper_protocol.json; data/v10/prepaper/sota; E31 72-cell equal-budget design; no formal E31 results,verified in current bounded contract
8.05,8,5,是否包含至少两个独立研究工件？,top-tier audit question,PASS,experiments/prepaper_protocol.json; data/v10/prepaper/sota; E31 72-cell equal-budget design; no formal E31 results,verified in current bounded contract
8.06,8,6,是否遗漏最接近的方法？,top-tier audit question,PARTIAL,experiments/prepaper_protocol.json; data/v10/prepaper/sota; E31 72-cell equal-budget design; no formal E31 results,some evidence exists; residual work is required
8.07,8,7,遗漏理由是技术不可执行还是结果不利？,top-tier audit question,PASS,experiments/prepaper_protocol.json; data/v10/prepaper/sota; E31 72-cell equal-budget design; no formal E31 results,verified in current bounded contract
8.08,8,8,是否使用官方版本或 commit？,top-tier audit question,PASS,experiments/prepaper_protocol.json; data/v10/prepaper/sota; E31 72-cell equal-budget design; no formal E31 results,verified in current bounded contract
8.09,8,9,是否只修改 I/O，而未改变核心算法？,top-tier audit question,PARTIAL,experiments/prepaper_protocol.json; data/v10/prepaper/sota; E31 72-cell equal-budget design; no formal E31 results,some evidence exists; residual work is required
8.10,8,10,修改是否有 patch 和哈希？,top-tier audit question,PASS,experiments/prepaper_protocol.json; data/v10/prepaper/sota; E31 72-cell equal-budget design; no formal E31 results,verified in current bounded contract
8.11,8,11,所有工具是否使用同一输入 unitary？,top-tier audit question,PASS,experiments/prepaper_protocol.json; data/v10/prepaper/sota; E31 72-cell equal-budget design; no formal E31 results,verified in current bounded contract
8.12,8,12,输入 basis 是否对某工具更有利？,top-tier audit question,PARTIAL,experiments/prepaper_protocol.json; data/v10/prepaper/sota; E31 72-cell equal-budget design; no formal E31 results,some evidence exists; residual work is required
8.13,8,13,是否在共同基门集上评价输出？,top-tier audit question,PASS,experiments/prepaper_protocol.json; data/v10/prepaper/sota; E31 72-cell equal-budget design; no formal E31 results,verified in current bounded contract
8.14,8,14,是否把工具自身 gate count 与共同 basis gate count 混用？,top-tier audit question,PASS,experiments/prepaper_protocol.json; data/v10/prepaper/sota; E31 72-cell equal-budget design; no formal E31 results,verified in current bounded contract
8.15,8,15,是否采用相同 topology？,top-tier audit question,NA,experiments/prepaper_protocol.json; data/v10/prepaper/sota; E31 72-cell equal-budget design; no formal E31 results,outside the currently stated unitary/logical-circuit model
8.16,8,16,是否采用相同 ancilla allowance？,top-tier audit question,PARTIAL,experiments/prepaper_protocol.json; data/v10/prepaper/sota; E31 72-cell equal-budget design; no formal E31 results,some evidence exists; residual work is required
8.17,8,17,是否采用相同 approximation tolerance？,top-tier audit question,PASS,experiments/prepaper_protocol.json; data/v10/prepaper/sota; E31 72-cell equal-budget design; no formal E31 results,verified in current bounded contract
8.18,8,18,是否采用相同超时？,top-tier audit question,PASS,experiments/prepaper_protocol.json; data/v10/prepaper/sota; E31 72-cell equal-budget design; no formal E31 results,verified in current bounded contract
8.19,8,19,相同 outer timeout 是否意味着相同内部计算预算？,top-tier audit question,PARTIAL,experiments/prepaper_protocol.json; data/v10/prepaper/sota; E31 72-cell equal-budget design; no formal E31 results,some evidence exists; residual work is required
8.20,8,20,是否同时比较官方默认配置和等预算配置？,top-tier audit question,PARTIAL,experiments/prepaper_protocol.json; data/v10/prepaper/sota; E31 72-cell equal-budget design; no formal E31 results,some evidence exists; residual work is required
8.21,8,21,是否构建 quality–time Pareto 曲线？,top-tier audit question,PARTIAL,experiments/prepaper_protocol.json; data/v10/prepaper/sota; E31 72-cell equal-budget design; no formal E31 results,some evidence exists; residual work is required
8.22,8,22,是否构建 quality–memory Pareto 曲线？,top-tier audit question,PARTIAL,experiments/prepaper_protocol.json; data/v10/prepaper/sota; E31 72-cell equal-budget design; no formal E31 results,some evidence exists; residual work is required
8.23,8,23,预处理和后处理时间是否计入？,top-tier audit question,PARTIAL,experiments/prepaper_protocol.json; data/v10/prepaper/sota; E31 72-cell equal-budget design; no formal E31 results,some evidence exists; residual work is required
8.24,8,24,启动/JIT/模型加载是否计入？,top-tier audit question,PARTIAL,experiments/prepaper_protocol.json; data/v10/prepaper/sota; E31 72-cell equal-budget design; no formal E31 results,some evidence exists; residual work is required
8.25,8,25,GPU 与 CPU 的资源成本是否可比？,top-tier audit question,NA,experiments/prepaper_protocol.json; data/v10/prepaper/sota; E31 72-cell equal-budget design; no formal E31 results,outside the currently stated unitary/logical-circuit model
8.26,8,26,是否记录线程数、核心数、内存和加速器？,top-tier audit question,PARTIAL,experiments/prepaper_protocol.json; data/v10/prepaper/sota; E31 72-cell equal-budget design; no formal E31 results,some evidence exists; residual work is required
8.27,8,27,是否区分算法失败、artifact 失败和环境失败？,top-tier audit question,PASS,experiments/prepaper_protocol.json; data/v10/prepaper/sota; E31 72-cell equal-budget design; no formal E31 results,verified in current bounded contract
8.28,8,28,是否报告每个工具的版本敏感性？,top-tier audit question,FAIL,experiments/prepaper_protocol.json; data/v10/prepaper/sota; E31 72-cell equal-budget design; no formal E31 results,missing or failed; claim must remain barred until repaired
8.29,8,29,工具参数是否在独立 validation set 上选择？,top-tier audit question,PARTIAL,experiments/prepaper_protocol.json; data/v10/prepaper/sota; E31 72-cell equal-budget design; no formal E31 results,some evidence exists; residual work is required
8.30,8,30,是否避免在正式 test set 上调参？,top-tier audit question,PASS,experiments/prepaper_protocol.json; data/v10/prepaper/sota; E31 72-cell equal-budget design; no formal E31 results,verified in current bounded contract
8.31,8,31,工具名称是否与真实配置绑定？,top-tier audit question,PASS,experiments/prepaper_protocol.json; data/v10/prepaper/sota; E31 72-cell equal-budget design; no formal E31 results,verified in current bounded contract
8.32,8,32,是否报告 unavailable 工具，而不是静默删除？,top-tier audit question,PASS,experiments/prepaper_protocol.json; data/v10/prepaper/sota; E31 72-cell equal-budget design; no formal E31 results,verified in current bounded contract
8.33,8,33,是否使用论文数字冒充本地复现数字？,top-tier audit question,PASS,experiments/prepaper_protocol.json; data/v10/prepaper/sota; E31 72-cell equal-budget design; no formal E31 results,verified in current bounded contract
8.34,8,34,是否对外部方法给出最有利且合理的配置？,top-tier audit question,PARTIAL,experiments/prepaper_protocol.json; data/v10/prepaper/sota; E31 72-cell equal-budget design; no formal E31 results,some evidence exists; residual work is required
8.35,8,35,是否邀请外部作者核查运行配置？,top-tier audit question,EXTERNAL,experiments/prepaper_protocol.json; data/v10/prepaper/sota; E31 72-cell equal-budget design; no formal E31 results,"requires external hardware, independent people, or live literature evidence"
9.01,9,1,总门数。,top-tier audit question,PASS,data/v10/prepaper/sota raw schema; analysis/prepaper_rq3_tool_comparison.py,verified in current bounded contract
9.02,9,2,单比特门数。,top-tier audit question,PARTIAL,data/v10/prepaper/sota raw schema; analysis/prepaper_rq3_tool_comparison.py,some evidence exists; residual work is required
9.03,9,3,双比特门数。,top-tier audit question,PASS,data/v10/prepaper/sota raw schema; analysis/prepaper_rq3_tool_comparison.py,verified in current bounded contract
9.04,9,4,多比特门数。,top-tier audit question,FAIL,data/v10/prepaper/sota raw schema; analysis/prepaper_rq3_tool_comparison.py,missing or failed; claim must remain barred until repaired
9.05,9,5,CX/CZ/ECR 等原生纠缠门数。,top-tier audit question,PARTIAL,data/v10/prepaper/sota raw schema; analysis/prepaper_rq3_tool_comparison.py,some evidence exists; residual work is required
9.06,9,6,总 depth。,top-tier audit question,PASS,data/v10/prepaper/sota raw schema; analysis/prepaper_rq3_tool_comparison.py,verified in current bounded contract
9.07,9,7,双比特 depth。,top-tier audit question,FAIL,data/v10/prepaper/sota raw schema; analysis/prepaper_rq3_tool_comparison.py,missing or failed; claim must remain barred until repaired
9.08,9,8,critical-path duration。,top-tier audit question,FAIL,data/v10/prepaper/sota raw schema; analysis/prepaper_rq3_tool_comparison.py,missing or failed; claim must remain barred until repaired
9.09,9,9,circuit width。,top-tier audit question,PASS,data/v10/prepaper/sota raw schema; analysis/prepaper_rq3_tool_comparison.py,verified in current bounded contract
9.10,9,10,ancilla 数。,top-tier audit question,FAIL,data/v10/prepaper/sota raw schema; analysis/prepaper_rq3_tool_comparison.py,missing or failed; claim must remain barred until repaired
9.11,9,11,measurement/reset 数。,top-tier audit question,FAIL,data/v10/prepaper/sota raw schema; analysis/prepaper_rq3_tool_comparison.py,missing or failed; claim must remain barred until repaired
9.12,9,12,gate diversity。,top-tier audit question,PARTIAL,data/v10/prepaper/sota raw schema; analysis/prepaper_rq3_tool_comparison.py,some evidence exists; residual work is required
9.13,9,13,interaction graph density。,top-tier audit question,FAIL,data/v10/prepaper/sota raw schema; analysis/prepaper_rq3_tool_comparison.py,missing or failed; claim must remain barred until repaired
9.14,9,14,communication/nonlocal operation 数。,top-tier audit question,FAIL,data/v10/prepaper/sota raw schema; analysis/prepaper_rq3_tool_comparison.py,missing or failed; claim must remain barred until repaired
9.15,9,15,SWAP 数。,top-tier audit question,FAIL,data/v10/prepaper/sota raw schema; analysis/prepaper_rq3_tool_comparison.py,missing or failed; claim must remain barred until repaired
9.16,9,16,routing overhead。,top-tier audit question,FAIL,data/v10/prepaper/sota raw schema; analysis/prepaper_rq3_tool_comparison.py,missing or failed; claim must remain barred until repaired
9.17,9,17,basis translation overhead。,top-tier audit question,FAIL,data/v10/prepaper/sota raw schema; analysis/prepaper_rq3_tool_comparison.py,missing or failed; claim must remain barred until repaired
9.18,9,18,peak live qubits。,top-tier audit question,FAIL,data/v10/prepaper/sota raw schema; analysis/prepaper_rq3_tool_comparison.py,missing or failed; claim must remain barred until repaired
9.19,9,19,classical feed-forward latency。,top-tier audit question,FAIL,data/v10/prepaper/sota raw schema; analysis/prepaper_rq3_tool_comparison.py,missing or failed; claim must remain barred until repaired
9.20,9,20,dynamic-circuit 分支代价。,top-tier audit question,FAIL,data/v10/prepaper/sota raw schema; analysis/prepaper_rq3_tool_comparison.py,missing or failed; claim must remain barred until repaired
9.21,9,21,T-count。,top-tier audit question,PASS,data/v10/prepaper/sota raw schema; analysis/prepaper_rq3_tool_comparison.py,verified in current bounded contract
9.22,9,22,T-depth。,top-tier audit question,FAIL,data/v10/prepaper/sota raw schema; analysis/prepaper_rq3_tool_comparison.py,missing or failed; claim must remain barred until repaired
9.23,9,23,CCZ/Toffoli count。,top-tier audit question,FAIL,data/v10/prepaper/sota raw schema; analysis/prepaper_rq3_tool_comparison.py,missing or failed; claim must remain barred until repaired
9.24,9,24,magic-state consumption。,top-tier audit question,NA,data/v10/prepaper/sota raw schema; analysis/prepaper_rq3_tool_comparison.py,outside the currently stated unitary/logical-circuit model
9.25,9,25,magic-state factory 数量。,top-tier audit question,NA,data/v10/prepaper/sota raw schema; analysis/prepaper_rq3_tool_comparison.py,outside the currently stated unitary/logical-circuit model
9.26,9,26,logical qubits。,top-tier audit question,NA,data/v10/prepaper/sota raw schema; analysis/prepaper_rq3_tool_comparison.py,outside the currently stated unitary/logical-circuit model
9.27,9,27,logical depth。,top-tier audit question,NA,data/v10/prepaper/sota raw schema; analysis/prepaper_rq3_tool_comparison.py,outside the currently stated unitary/logical-circuit model
9.28,9,28,spacetime volume。,top-tier audit question,NA,data/v10/prepaper/sota raw schema; analysis/prepaper_rq3_tool_comparison.py,outside the currently stated unitary/logical-circuit model
9.29,9,29,physical qubits。,top-tier audit question,NA,data/v10/prepaper/sota raw schema; analysis/prepaper_rq3_tool_comparison.py,outside the currently stated unitary/logical-circuit model
9.30,9,30,physical runtime。,top-tier audit question,NA,data/v10/prepaper/sota raw schema; analysis/prepaper_rq3_tool_comparison.py,outside the currently stated unitary/logical-circuit model
9.31,9,31,target logical error probability。,top-tier audit question,NA,data/v10/prepaper/sota raw schema; analysis/prepaper_rq3_tool_comparison.py,outside the currently stated unitary/logical-circuit model
9.32,9,32,code distance。,top-tier audit question,NA,data/v10/prepaper/sota raw schema; analysis/prepaper_rq3_tool_comparison.py,outside the currently stated unitary/logical-circuit model
9.33,9,33,distillation rounds。,top-tier audit question,NA,data/v10/prepaper/sota raw schema; analysis/prepaper_rq3_tool_comparison.py,outside the currently stated unitary/logical-circuit model
9.34,9,34,synthesis approximation error。,top-tier audit question,NA,data/v10/prepaper/sota raw schema; analysis/prepaper_rq3_tool_comparison.py,outside the currently stated unitary/logical-circuit model
9.35,9,35,logical failure probability。,top-tier audit question,NA,data/v10/prepaper/sota raw schema; analysis/prepaper_rq3_tool_comparison.py,outside the currently stated unitary/logical-circuit model
9.36,9,36,absolute reduction。,top-tier audit question,PARTIAL,data/v10/prepaper/sota raw schema; analysis/prepaper_rq3_tool_comparison.py,some evidence exists; residual work is required
9.37,9,37,relative reduction。,top-tier audit question,PASS,data/v10/prepaper/sota raw schema; analysis/prepaper_rq3_tool_comparison.py,verified in current bounded contract
9.38,9,38,ITT reduction。,top-tier audit question,PASS,data/v10/prepaper/sota raw schema; analysis/prepaper_rq3_tool_comparison.py,verified in current bounded contract
9.39,9,39,valid-only reduction。,top-tier audit question,PASS,data/v10/prepaper/sota raw schema; analysis/prepaper_rq3_tool_comparison.py,verified in current bounded contract
9.40,9,40,median reduction。,top-tier audit question,PARTIAL,data/v10/prepaper/sota raw schema; analysis/prepaper_rq3_tool_comparison.py,some evidence exists; residual work is required
9.41,9,41,worst-family reduction。,top-tier audit question,PARTIAL,data/v10/prepaper/sota raw schema; analysis/prepaper_rq3_tool_comparison.py,some evidence exists; residual work is required
9.42,9,42,lower-tail quantile。,top-tier audit question,FAIL,data/v10/prepaper/sota raw schema; analysis/prepaper_rq3_tool_comparison.py,missing or failed; claim must remain barred until repaired
9.43,9,43,improvement probability。,top-tier audit question,PARTIAL,data/v10/prepaper/sota raw schema; analysis/prepaper_rq3_tool_comparison.py,some evidence exists; residual work is required
9.44,9,44,regression probability。,top-tier audit question,FAIL,data/v10/prepaper/sota raw schema; analysis/prepaper_rq3_tool_comparison.py,missing or failed; claim must remain barred until repaired
9.45,9,45,catastrophic expansion probability。,top-tier audit question,FAIL,data/v10/prepaper/sota raw schema; analysis/prepaper_rq3_tool_comparison.py,missing or failed; claim must remain barred until repaired
9.46,9,46,known-optimum gap。,top-tier audit question,NA,data/v10/prepaper/sota raw schema; analysis/prepaper_rq3_tool_comparison.py,outside the currently stated unitary/logical-circuit model
9.47,9,47,approximation ratio。,top-tier audit question,NA,data/v10/prepaper/sota raw schema; analysis/prepaper_rq3_tool_comparison.py,outside the currently stated unitary/logical-circuit model
9.48,9,48,regret。,top-tier audit question,NA,data/v10/prepaper/sota raw schema; analysis/prepaper_rq3_tool_comparison.py,outside the currently stated unitary/logical-circuit model
9.49,9,49,Pareto dominance rate。,top-tier audit question,FAIL,data/v10/prepaper/sota raw schema; analysis/prepaper_rq3_tool_comparison.py,missing or failed; claim must remain barred until repaired
9.50,9,50,hypervolume。,top-tier audit question,FAIL,data/v10/prepaper/sota raw schema; analysis/prepaper_rq3_tool_comparison.py,missing or failed; claim must remain barred until repaired
9.51,9,51,anytime performance/AUC。,top-tier audit question,FAIL,data/v10/prepaper/sota raw schema; analysis/prepaper_rq3_tool_comparison.py,missing or failed; claim must remain barred until repaired
9.52,9,52,time-to-first-valid。,top-tier audit question,FAIL,data/v10/prepaper/sota raw schema; analysis/prepaper_rq3_tool_comparison.py,missing or failed; claim must remain barred until repaired
9.53,9,53,time-to-best。,top-tier audit question,FAIL,data/v10/prepaper/sota raw schema; analysis/prepaper_rq3_tool_comparison.py,missing or failed; claim must remain barred until repaired
9.54,9,54,budget exhaustion rate。,top-tier audit question,PARTIAL,data/v10/prepaper/sota raw schema; analysis/prepaper_rq3_tool_comparison.py,some evidence exists; residual work is required
9.55,9,55,solution diversity。,top-tier audit question,FAIL,data/v10/prepaper/sota raw schema; analysis/prepaper_rq3_tool_comparison.py,missing or failed; claim must remain barred until repaired
10.01,10,1,wall-clock time。,top-tier audit question,PASS,experiment runtime columns; data/v10/prepaper analyses,verified in current bounded contract
10.02,10,2,CPU time。,top-tier audit question,FAIL,experiment runtime columns; data/v10/prepaper analyses,missing or failed; claim must remain barred until repaired
10.03,10,3,peak RSS。,top-tier audit question,FAIL,experiment runtime columns; data/v10/prepaper analyses,missing or failed; claim must remain barred until repaired
10.04,10,4,GPU memory。,top-tier audit question,NA,experiment runtime columns; data/v10/prepaper analyses,outside the currently stated unitary/logical-circuit model
10.05,10,5,disk I/O。,top-tier audit question,FAIL,experiment runtime columns; data/v10/prepaper analyses,missing or failed; claim must remain barred until repaired
10.06,10,6,temporary storage。,top-tier audit question,FAIL,experiment runtime columns; data/v10/prepaper analyses,missing or failed; claim must remain barred until repaired
10.07,10,7,energy consumption。,top-tier audit question,FAIL,experiment runtime columns; data/v10/prepaper analyses,missing or failed; claim must remain barred until repaired
10.08,10,8,monetary cost。,top-tier audit question,FAIL,experiment runtime columns; data/v10/prepaper analyses,missing or failed; claim must remain barred until repaired
10.09,10,9,initialization time。,top-tier audit question,FAIL,experiment runtime columns; data/v10/prepaper analyses,missing or failed; claim must remain barred until repaired
10.10,10,10,parsing time。,top-tier audit question,FAIL,experiment runtime columns; data/v10/prepaper analyses,missing or failed; claim must remain barred until repaired
10.11,10,11,basis conversion time。,top-tier audit question,FAIL,experiment runtime columns; data/v10/prepaper analyses,missing or failed; claim must remain barred until repaired
10.12,10,12,optimization time。,top-tier audit question,PASS,experiment runtime columns; data/v10/prepaper analyses,verified in current bounded contract
10.13,10,13,verification time。,top-tier audit question,FAIL,experiment runtime columns; data/v10/prepaper analyses,missing or failed; claim must remain barred until repaired
10.14,10,14,serialization time。,top-tier audit question,FAIL,experiment runtime columns; data/v10/prepaper analyses,missing or failed; claim must remain barred until repaired
10.15,10,15,time-to-solution。,top-tier audit question,PASS,experiment runtime columns; data/v10/prepaper analyses,verified in current bounded contract
10.16,10,16,throughput circuits/hour。,top-tier audit question,PARTIAL,experiment runtime columns; data/v10/prepaper analyses,some evidence exists; residual work is required
10.17,10,17,timeout rate。,top-tier audit question,PASS,experiment runtime columns; data/v10/prepaper analyses,verified in current bounded contract
10.18,10,18,OOM rate。,top-tier audit question,PARTIAL,experiment runtime columns; data/v10/prepaper analyses,some evidence exists; residual work is required
10.19,10,19,crash rate。,top-tier audit question,PASS,experiment runtime columns; data/v10/prepaper analyses,verified in current bounded contract
10.20,10,20,budget-exhausted-but-valid rate。,top-tier audit question,FAIL,experiment runtime columns; data/v10/prepaper analyses,missing or failed; claim must remain barred until repaired
10.21,10,21,runtime median、p90、p95、p99。,top-tier audit question,PARTIAL,experiment runtime columns; data/v10/prepaper analyses,some evidence exists; residual work is required
10.22,10,22,runtime随 qubits 的 scaling exponent。,top-tier audit question,PARTIAL,experiment runtime columns; data/v10/prepaper analyses,some evidence exists; residual work is required
10.23,10,23,runtime随 gate count 的 scaling exponent。,top-tier audit question,PARTIAL,experiment runtime columns; data/v10/prepaper analyses,some evidence exists; residual work is required
10.24,10,24,memory随规模的 scaling exponent。,top-tier audit question,FAIL,experiment runtime columns; data/v10/prepaper analyses,missing or failed; claim must remain barred until repaired
10.25,10,25,是否存在性能相变或只是资源阈值？,top-tier audit question,PARTIAL,experiment runtime columns; data/v10/prepaper analyses,some evidence exists; residual work is required
10.26,10,26,scaling fit 是否有 CI？,top-tier audit question,FAIL,experiment runtime columns; data/v10/prepaper analyses,missing or failed; claim must remain barred until repaired
10.27,10,27,是否比较 polynomial、exponential 和 piecewise 模型？,top-tier audit question,FAIL,experiment runtime columns; data/v10/prepaper analyses,missing or failed; claim must remain barred until repaired
10.28,10,28,是否做 out-of-range extrapolation 检验？,top-tier audit question,FAIL,experiment runtime columns; data/v10/prepaper analyses,missing or failed; claim must remain barred until repaired
10.29,10,29,是否报告最大可处理规模？,top-tier audit question,PARTIAL,experiment runtime columns; data/v10/prepaper analyses,some evidence exists; residual work is required
10.30,10,30,最大规模是否仍保持语义验证？,top-tier audit question,PASS,experiment runtime columns; data/v10/prepaper analyses,verified in current bounded contract
10.31,10,31,是否绘制 quality–runtime frontier？,top-tier audit question,FAIL,experiment runtime columns; data/v10/prepaper analyses,missing or failed; claim must remain barred until repaired
10.32,10,32,是否绘制 validity–runtime frontier？,top-tier audit question,FAIL,experiment runtime columns; data/v10/prepaper analyses,missing or failed; claim must remain barred until repaired
10.33,10,33,是否进行线程数/worker 数敏感性分析？,top-tier audit question,FAIL,experiment runtime columns; data/v10/prepaper analyses,missing or failed; claim must remain barred until repaired
10.34,10,34,是否测试冷缓存和热缓存？,top-tier audit question,FAIL,experiment runtime columns; data/v10/prepaper analyses,missing or failed; claim must remain barred until repaired
10.35,10,35,是否报告硬件与操作系统环境？,top-tier audit question,PASS,experiment runtime columns; data/v10/prepaper analyses,verified in current bounded contract
11.01,11,1,真正的实验单位是什么？,top-tier audit question,PASS,analysis/prepaper_*.py; analysis/e31_dual_estimand_power.py; frozen 1pp MCID and dual-estimand gate,verified in current bounded contract
11.02,11,2,seed 是独立单位还是重复测量？,top-tier audit question,PASS,analysis/prepaper_*.py; analysis/e31_dual_estimand_power.py; frozen 1pp MCID and dual-estimand gate,verified in current bounded contract
11.03,11,3,circuit instance 是否嵌套于 family？,top-tier audit question,PASS,analysis/prepaper_*.py; analysis/e31_dual_estimand_power.py; frozen 1pp MCID and dual-estimand gate,verified in current bounded contract
11.04,11,4,tool 输出是否配对？,top-tier audit question,PASS,analysis/prepaper_*.py; analysis/e31_dual_estimand_power.py; frozen 1pp MCID and dual-estimand gate,verified in current bounded contract
11.05,11,5,是否错误使用独立样本检验？,top-tier audit question,PASS,analysis/prepaper_*.py; analysis/e31_dual_estimand_power.py; frozen 1pp MCID and dual-estimand gate,verified in current bounded contract
11.06,11,6,是否存在 pseudo-replication？,top-tier audit question,PASS,analysis/prepaper_*.py; analysis/e31_dual_estimand_power.py; frozen 1pp MCID and dual-estimand gate,verified in current bounded contract
11.07,11,7,point estimand 是 instance-weighted 还是 family-weighted？,top-tier audit question,PASS,analysis/prepaper_*.py; analysis/e31_dual_estimand_power.py; frozen 1pp MCID and dual-estimand gate,verified in current bounded contract
11.08,11,8,bootstrap 是否与 estimand 一致？,top-tier audit question,PARTIAL,analysis/prepaper_*.py; analysis/e31_dual_estimand_power.py; frozen 1pp MCID and dual-estimand gate,some evidence exists; residual work is required
11.09,11,9,cluster permutation 是否保持 cluster 内结构？,top-tier audit question,PASS,analysis/prepaper_*.py; analysis/e31_dual_estimand_power.py; frozen 1pp MCID and dual-estimand gate,verified in current bounded contract
11.10,11,10,外层 cluster 数是否足以支持渐近近似？,top-tier audit question,PARTIAL,analysis/prepaper_*.py; analysis/e31_dual_estimand_power.py; frozen 1pp MCID and dual-estimand gate,some evidence exists; residual work is required
11.11,11,11,是否使用 exact/randomization inference？,top-tier audit question,PASS,analysis/prepaper_*.py; analysis/e31_dual_estimand_power.py; frozen 1pp MCID and dual-estimand gate,verified in current bounded contract
11.12,11,12,是否报告效应量？,top-tier audit question,PASS,analysis/prepaper_*.py; analysis/e31_dual_estimand_power.py; frozen 1pp MCID and dual-estimand gate,verified in current bounded contract
11.13,11,13,是否报告 95% CI？,top-tier audit question,PASS,analysis/prepaper_*.py; analysis/e31_dual_estimand_power.py; frozen 1pp MCID and dual-estimand gate,verified in current bounded contract
11.14,11,14,是否报告 median/quantile 等稳健统计量？,top-tier audit question,PARTIAL,analysis/prepaper_*.py; analysis/e31_dual_estimand_power.py; frozen 1pp MCID and dual-estimand gate,some evidence exists; residual work is required
11.15,11,15,是否预先定义 MCID？,top-tier audit question,PASS,analysis/prepaper_*.py; analysis/e31_dual_estimand_power.py; frozen 1pp MCID and dual-estimand gate,verified in current bounded contract
11.16,11,16,是否进行 equivalence/non-inferiority test？,top-tier audit question,PARTIAL,analysis/prepaper_*.py; analysis/e31_dual_estimand_power.py; frozen 1pp MCID and dual-estimand gate,some evidence exists; residual work is required
11.17,11,17,非显著结果是否被误写成“相等”？,top-tier audit question,PASS,analysis/prepaper_*.py; analysis/e31_dual_estimand_power.py; frozen 1pp MCID and dual-estimand gate,verified in current bounded contract
11.18,11,18,p 值是否被误写成假设为真的概率？,top-tier audit question,PASS,analysis/prepaper_*.py; analysis/e31_dual_estimand_power.py; frozen 1pp MCID and dual-estimand gate,verified in current bounded contract
11.19,11,19,是否使用 Holm/Hochberg/FDR 等多重校正？,top-tier audit question,PASS,analysis/prepaper_*.py; analysis/e31_dual_estimand_power.py; frozen 1pp MCID and dual-estimand gate,verified in current bounded contract
11.20,11,20,多重校正 family 是如何定义的？,top-tier audit question,PASS,analysis/prepaper_*.py; analysis/e31_dual_estimand_power.py; frozen 1pp MCID and dual-estimand gate,verified in current bounded contract
11.21,11,21,是否同时报告校正前后结果？,top-tier audit question,PASS,analysis/prepaper_*.py; analysis/e31_dual_estimand_power.py; frozen 1pp MCID and dual-estimand gate,verified in current bounded contract
11.22,11,22,是否存在结果导向的 endpoint 选择？,top-tier audit question,PASS,analysis/prepaper_*.py; analysis/e31_dual_estimand_power.py; frozen 1pp MCID and dual-estimand gate,verified in current bounded contract
11.23,11,23,是否进行功效/MDE 分析？,top-tier audit question,PASS,analysis/prepaper_*.py; analysis/e31_dual_estimand_power.py; frozen 1pp MCID and dual-estimand gate,verified in current bounded contract
11.24,11,24,功效计算是否与实际统计模型一致？,top-tier audit question,PASS,analysis/prepaper_*.py; analysis/e31_dual_estimand_power.py; frozen 1pp MCID and dual-estimand gate,verified in current bounded contract
11.25,11,25,是否有 optional stopping？,top-tier audit question,PASS,analysis/prepaper_*.py; analysis/e31_dual_estimand_power.py; frozen 1pp MCID and dual-estimand gate,verified in current bounded contract
11.26,11,26,是否有 seed hunting？,top-tier audit question,PASS,analysis/prepaper_*.py; analysis/e31_dual_estimand_power.py; frozen 1pp MCID and dual-estimand gate,verified in current bounded contract
11.27,11,27,是否有 benchmark hunting？,top-tier audit question,PARTIAL,analysis/prepaper_*.py; analysis/e31_dual_estimand_power.py; frozen 1pp MCID and dual-estimand gate,some evidence exists; residual work is required
11.28,11,28,是否有 multiple-analysis-pipeline 问题？,top-tier audit question,PARTIAL,analysis/prepaper_*.py; analysis/e31_dual_estimand_power.py; frozen 1pp MCID and dual-estimand gate,some evidence exists; residual work is required
11.29,11,29,是否运行 specification curve 或 multiverse analysis？,top-tier audit question,FAIL,analysis/prepaper_*.py; analysis/e31_dual_estimand_power.py; frozen 1pp MCID and dual-estimand gate,missing or failed; claim must remain barred until repaired
11.30,11,30,是否检查分布的偏斜、零膨胀和重尾？,top-tier audit question,PARTIAL,analysis/prepaper_*.py; analysis/e31_dual_estimand_power.py; frozen 1pp MCID and dual-estimand gate,some evidence exists; residual work is required
11.31,11,31,是否检查 boundary/separation？,top-tier audit question,PASS,analysis/prepaper_*.py; analysis/e31_dual_estimand_power.py; frozen 1pp MCID and dual-estimand gate,verified in current bounded contract
11.32,11,32,mixed model 是否收敛？,top-tier audit question,FAIL,analysis/prepaper_*.py; analysis/e31_dual_estimand_power.py; frozen 1pp MCID and dual-estimand gate,missing or failed; claim must remain barred until repaired
11.33,11,33,Hessian、梯度和奇异随机效应是否正常？,top-tier audit question,FAIL,analysis/prepaper_*.py; analysis/e31_dual_estimand_power.py; frozen 1pp MCID and dual-estimand gate,missing or failed; claim must remain barred until repaired
11.34,11,34,模型不收敛时是否使用预定义 fallback？,top-tier audit question,PASS,analysis/prepaper_*.py; analysis/e31_dual_estimand_power.py; frozen 1pp MCID and dual-estimand gate,verified in current bounded contract
11.35,11,35,fallback 是否在看结果前规定？,top-tier audit question,PASS,analysis/prepaper_*.py; analysis/e31_dual_estimand_power.py; frozen 1pp MCID and dual-estimand gate,verified in current bounded contract
11.36,11,36,是否进行 cluster-level sensitivity？,top-tier audit question,PASS,analysis/prepaper_*.py; analysis/e31_dual_estimand_power.py; frozen 1pp MCID and dual-estimand gate,verified in current bounded contract
11.37,11,37,是否进行 leave-one-family-out？,top-tier audit question,PARTIAL,analysis/prepaper_*.py; analysis/e31_dual_estimand_power.py; frozen 1pp MCID and dual-estimand gate,some evidence exists; residual work is required
11.38,11,38,是否进行 worst-case family analysis？,top-tier audit question,PASS,analysis/prepaper_*.py; analysis/e31_dual_estimand_power.py; frozen 1pp MCID and dual-estimand gate,verified in current bounded contract
11.39,11,39,是否报告家族间异质性？,top-tier audit question,PASS,analysis/prepaper_*.py; analysis/e31_dual_estimand_power.py; frozen 1pp MCID and dual-estimand gate,verified in current bounded contract
11.40,11,40,是否估计 random-slope，而不只是 random-intercept？,top-tier audit question,FAIL,analysis/prepaper_*.py; analysis/e31_dual_estimand_power.py; frozen 1pp MCID and dual-estimand gate,missing or failed; claim must remain barred until repaired
11.41,11,41,是否检查 Simpson 悖论？,top-tier audit question,PARTIAL,analysis/prepaper_*.py; analysis/e31_dual_estimand_power.py; frozen 1pp MCID and dual-estimand gate,some evidence exists; residual work is required
11.42,11,42,是否进行 influence diagnostics？,top-tier audit question,FAIL,analysis/prepaper_*.py; analysis/e31_dual_estimand_power.py; frozen 1pp MCID and dual-estimand gate,missing or failed; claim must remain barred until repaired
11.43,11,43,是否报告 missingness/failure mechanism？,top-tier audit question,PASS,analysis/prepaper_*.py; analysis/e31_dual_estimand_power.py; frozen 1pp MCID and dual-estimand gate,verified in current bounded contract
11.44,11,44,缺失是否可能 MNAR？,top-tier audit question,PARTIAL,analysis/prepaper_*.py; analysis/e31_dual_estimand_power.py; frozen 1pp MCID and dual-estimand gate,some evidence exists; residual work is required
11.45,11,45,是否进行 worst-case bounds？,top-tier audit question,PARTIAL,analysis/prepaper_*.py; analysis/e31_dual_estimand_power.py; frozen 1pp MCID and dual-estimand gate,some evidence exists; residual work is required
11.46,11,46,是否区分 fixed-benchmark performance 与对潜在新实例的 generalized performance？,top-tier audit question,PASS,analysis/prepaper_*.py; analysis/e31_dual_estimand_power.py; frozen 1pp MCID and dual-estimand gate,verified in current bounded contract
11.47,11,47,泛化区间是否对 benchmark sampling 和运行随机性都建模？,top-tier audit question,PARTIAL,analysis/prepaper_*.py; analysis/e31_dual_estimand_power.py; frozen 1pp MCID and dual-estimand gate,some evidence exists; residual work is required
11.48,11,48,是否进行校准分析，而不只看 AUROC/MCC？,top-tier audit question,FAIL,analysis/prepaper_*.py; analysis/e31_dual_estimand_power.py; frozen 1pp MCID and dual-estimand gate,missing or failed; claim must remain barred until repaired
11.49,11,49,分类器阈值是否预先冻结？,top-tier audit question,PASS,analysis/prepaper_*.py; analysis/e31_dual_estimand_power.py; frozen 1pp MCID and dual-estimand gate,verified in current bounded contract
11.50,11,50,置信区间是否覆盖外层家族不确定性？,top-tier audit question,PASS,analysis/prepaper_*.py; analysis/e31_dual_estimand_power.py; frozen 1pp MCID and dual-estimand gate,verified in current bounded contract
12.01,12,1,是否单独改变 listing 而保持 unitary 不变？,top-tier audit question,PASS,E19/E22/E29; E31 shared-engine isolation tests and frozen full factorial; no formal interaction estimates,verified in current bounded contract
12.02,12,2,是否单独改变规则集？,top-tier audit question,PARTIAL,E19/E22/E29; E31 shared-engine isolation tests and frozen full factorial; no formal interaction estimates,some evidence exists; residual work is required
12.03,12,3,是否单独改变 window size？,top-tier audit question,PASS,E19/E22/E29; E31 shared-engine isolation tests and frozen full factorial; no formal interaction estimates,verified in current bounded contract
12.04,12,4,是否单独改变搜索预算？,top-tier audit question,PARTIAL,E19/E22/E29; E31 shared-engine isolation tests and frozen full factorial; no formal interaction estimates,some evidence exists; residual work is required
12.05,12,5,是否单独改变优化器？,top-tier audit question,PASS,E19/E22/E29; E31 shared-engine isolation tests and frozen full factorial; no formal interaction estimates,verified in current bounded contract
12.06,12,6,是否单独改变 gate basis？,top-tier audit question,PARTIAL,E19/E22/E29; E31 shared-engine isolation tests and frozen full factorial; no formal interaction estimates,some evidence exists; residual work is required
12.07,12,7,是否单独改变 family composition？,top-tier audit question,PASS,E19/E22/E29; E31 shared-engine isolation tests and frozen full factorial; no formal interaction estimates,verified in current bounded contract
12.08,12,8,是否单独改变 qubit size？,top-tier audit question,PASS,E19/E22/E29; E31 shared-engine isolation tests and frozen full factorial; no formal interaction estimates,verified in current bounded contract
12.09,12,9,是否存在完全交叉的 factorial design？,top-tier audit question,PARTIAL,E19/E22/E29; E31 shared-engine isolation tests and frozen full factorial; no formal interaction estimates,some evidence exists; residual work is required
12.10,12,10,interaction 是否有统计估计？,top-tier audit question,FAIL,E19/E22/E29; E31 shared-engine isolation tests and frozen full factorial; no formal interaction estimates,missing or failed; claim must remain barred until repaired
12.11,12,11,representation effect 是否依赖 phase？,top-tier audit question,PARTIAL,E19/E22/E29; E31 shared-engine isolation tests and frozen full factorial; no formal interaction estimates,some evidence exists; residual work is required
12.12,12,12,representation effect 是否依赖 family？,top-tier audit question,PASS,E19/E22/E29; E31 shared-engine isolation tests and frozen full factorial; no formal interaction estimates,verified in current bounded contract
12.13,12,13,是否比较随机 shuffle 与结构化 listing？,top-tier audit question,PASS,E19/E22/E29; E31 shared-engine isolation tests and frozen full factorial; no formal interaction estimates,verified in current bounded contract
12.14,12,14,是否比较最优、最坏和随机 listing？,top-tier audit question,FAIL,E19/E22/E29; E31 shared-engine isolation tests and frozen full factorial; no formal interaction estimates,missing or failed; claim must remain barred until repaired
12.15,12,15,是否估计 listing variance？,top-tier audit question,PARTIAL,E19/E22/E29; E31 shared-engine isolation tests and frozen full factorial; no formal interaction estimates,some evidence exists; residual work is required
12.16,12,16,是否估计 seed variance？,top-tier audit question,PASS,E19/E22/E29; E31 shared-engine isolation tests and frozen full factorial; no formal interaction estimates,verified in current bounded contract
12.17,12,17,是否估计 instance variance？,top-tier audit question,PASS,E19/E22/E29; E31 shared-engine isolation tests and frozen full factorial; no formal interaction estimates,verified in current bounded contract
12.18,12,18,是否估计 family variance？,top-tier audit question,PASS,E19/E22/E29; E31 shared-engine isolation tests and frozen full factorial; no formal interaction estimates,verified in current bounded contract
12.19,12,19,是否进行 hyperparameter sensitivity？,top-tier audit question,PARTIAL,E19/E22/E29; E31 shared-engine isolation tests and frozen full factorial; no formal interaction estimates,some evidence exists; residual work is required
12.20,12,20,是否改变 fidelity threshold？,top-tier audit question,PASS,E19/E22/E29; E31 shared-engine isolation tests and frozen full factorial; no formal interaction estimates,verified in current bounded contract
12.21,12,21,是否改变 timeout？,top-tier audit question,PARTIAL,E19/E22/E29; E31 shared-engine isolation tests and frozen full factorial; no formal interaction estimates,some evidence exists; residual work is required
12.22,12,22,是否改变 equivalence verifier？,top-tier audit question,FAIL,E19/E22/E29; E31 shared-engine isolation tests and frozen full factorial; no formal interaction estimates,missing or failed; claim must remain barred until repaired
12.23,12,23,是否改变共同基门集？,top-tier audit question,FAIL,E19/E22/E29; E31 shared-engine isolation tests and frozen full factorial; no formal interaction estimates,missing or failed; claim must remain barred until repaired
12.24,12,24,是否改变 gate weight？,top-tier audit question,FAIL,E19/E22/E29; E31 shared-engine isolation tests and frozen full factorial; no formal interaction estimates,missing or failed; claim must remain barred until repaired
12.25,12,25,是否用加权成本而不仅是等权 gate count？,top-tier audit question,FAIL,E19/E22/E29; E31 shared-engine isolation tests and frozen full factorial; no formal interaction estimates,missing or failed; claim must remain barred until repaired
12.26,12,26,结论是否在不同软件版本下保持？,top-tier audit question,FAIL,E19/E22/E29; E31 shared-engine isolation tests and frozen full factorial; no formal interaction estimates,missing or failed; claim must remain barred until repaired
12.27,12,27,结论是否在不同硬件架构假设下保持？,top-tier audit question,PARTIAL,E19/E22/E29; E31 shared-engine isolation tests and frozen full factorial; no formal interaction estimates,some evidence exists; residual work is required
12.28,12,28,是否有 placebo representation？,top-tier audit question,PARTIAL,E19/E22/E29; E31 shared-engine isolation tests and frozen full factorial; no formal interaction estimates,some evidence exists; residual work is required
12.29,12,29,是否有无信息特征基线？,top-tier audit question,FAIL,E19/E22/E29; E31 shared-engine isolation tests and frozen full factorial; no formal interaction estimates,missing or failed; claim must remain barred until repaired
12.30,12,30,是否有标签置换检验？,top-tier audit question,FAIL,E19/E22/E29; E31 shared-engine isolation tests and frozen full factorial; no formal interaction estimates,missing or failed; claim must remain barred until repaired
12.31,12,31,是否有负对照 family？,top-tier audit question,PASS,E19/E22/E29; E31 shared-engine isolation tests and frozen full factorial; no formal interaction estimates,verified in current bounded contract
12.32,12,32,是否有机制级 trace 证明为什么发生差异？,top-tier audit question,PARTIAL,E19/E22/E29; E31 shared-engine isolation tests and frozen full factorial; no formal interaction estimates,some evidence exists; residual work is required
12.33,12,33,消融是否真正隔离变量，而不是同时改多个组件？,top-tier audit question,PASS,E19/E22/E29; E31 shared-engine isolation tests and frozen full factorial; no formal interaction estimates,verified in current bounded contract
12.34,12,34,是否把相关性误当成机制因果？,top-tier audit question,PASS,E19/E22/E29; E31 shared-engine isolation tests and frozen full factorial; no formal interaction estimates,verified in current bounded contract
12.35,12,35,是否有 mediation/path analysis 的必要性？,top-tier audit question,NA,E19/E22/E29; E31 shared-engine isolation tests and frozen full factorial; no formal interaction estimates,outside the currently stated unitary/logical-circuit model
13.01,13,1,held-out 是否在 generator 层彻底隔离？,top-tier audit question,PASS,data/v10/prepaper/heldout; held-out analysis; no heldout-v2 artifact present,verified in current bounded contract
13.02,13,2,是否冻结模型、特征、阈值和预处理？,top-tier audit question,PASS,data/v10/prepaper/heldout; held-out analysis; no heldout-v2 artifact present,verified in current bounded contract
13.03,13,3,held-out 数量是否足以得到窄区间？,top-tier audit question,FAIL,data/v10/prepaper/heldout; held-out analysis; no heldout-v2 artifact present,missing or failed; claim must remain barred until repaired
13.04,13,4,是否覆盖与训练分布相近和远离的家族？,top-tier audit question,PARTIAL,data/v10/prepaper/heldout; held-out analysis; no heldout-v2 artifact present,some evidence exists; residual work is required
13.05,13,5,是否报告 domain distance？,top-tier audit question,FAIL,data/v10/prepaper/heldout; held-out analysis; no heldout-v2 artifact present,missing or failed; claim must remain barred until repaired
13.06,13,6,是否报告每个 held-out family 的结果？,top-tier audit question,PASS,data/v10/prepaper/heldout; held-out analysis; no heldout-v2 artifact present,verified in current bounded contract
13.07,13,7,是否有 family-level calibration？,top-tier audit question,FAIL,data/v10/prepaper/heldout; held-out analysis; no heldout-v2 artifact present,missing or failed; claim must remain barred until repaired
13.08,13,8,是否出现某个家族完全失败？,top-tier audit question,PASS,data/v10/prepaper/heldout; held-out analysis; no heldout-v2 artifact present,verified in current bounded contract
13.09,13,9,是否有 leave-one-generator-out？,top-tier audit question,FAIL,data/v10/prepaper/heldout; held-out analysis; no heldout-v2 artifact present,missing or failed; claim must remain barred until repaired
13.10,13,10,是否有 leave-one-algorithm-class-out？,top-tier audit question,FAIL,data/v10/prepaper/heldout; held-out analysis; no heldout-v2 artifact present,missing or failed; claim must remain barred until repaired
13.11,13,11,是否有 leave-one-gate-set-out？,top-tier audit question,FAIL,data/v10/prepaper/heldout; held-out analysis; no heldout-v2 artifact present,missing or failed; claim must remain barred until repaired
13.12,13,12,是否有跨 qubit 范围外推？,top-tier audit question,FAIL,data/v10/prepaper/heldout; held-out analysis; no heldout-v2 artifact present,missing or failed; claim must remain barred until repaired
13.13,13,13,是否有跨 topology 泛化？,top-tier audit question,FAIL,data/v10/prepaper/heldout; held-out analysis; no heldout-v2 artifact present,missing or failed; claim must remain barred until repaired
13.14,13,14,是否有跨 compiler version 泛化？,top-tier audit question,FAIL,data/v10/prepaper/heldout; held-out analysis; no heldout-v2 artifact present,missing or failed; claim must remain barred until repaired
13.15,13,15,是否有跨硬件平台泛化？,top-tier audit question,FAIL,data/v10/prepaper/heldout; held-out analysis; no heldout-v2 artifact present,missing or failed; claim must remain barred until repaired
13.16,13,16,是否有跨研究组独立数据？,top-tier audit question,FAIL,data/v10/prepaper/heldout; held-out analysis; no heldout-v2 artifact present,missing or failed; claim must remain barred until repaired
13.17,13,17,是否有真正真实世界电路？,top-tier audit question,FAIL,data/v10/prepaper/heldout; held-out analysis; no heldout-v2 artifact present,missing or failed; claim must remain barred until repaired
13.18,13,18,是否把合成 generator 的多样性误当成真实分布代表性？,top-tier audit question,PASS,data/v10/prepaper/heldout; held-out analysis; no heldout-v2 artifact present,verified in current bounded contract
13.19,13,19,是否报告 covariate shift？,top-tier audit question,FAIL,data/v10/prepaper/heldout; held-out analysis; no heldout-v2 artifact present,missing or failed; claim must remain barred until repaired
13.20,13,20,是否报告 prediction interval，而不只是均值 CI？,top-tier audit question,FAIL,data/v10/prepaper/heldout; held-out analysis; no heldout-v2 artifact present,missing or failed; claim must remain barred until repaired
13.21,13,21,模型是否只学到 gate count 或 family ID？,top-tier audit question,PARTIAL,data/v10/prepaper/heldout; held-out analysis; no heldout-v2 artifact present,some evidence exists; residual work is required
13.22,13,22,是否检查 shortcut learning？,top-tier audit question,FAIL,data/v10/prepaper/heldout; held-out analysis; no heldout-v2 artifact present,missing or failed; claim must remain barred until repaired
13.23,13,23,是否进行 feature ablation？,top-tier audit question,FAIL,data/v10/prepaper/heldout; held-out analysis; no heldout-v2 artifact present,missing or failed; claim must remain barred until repaired
13.24,13,24,是否进行 out-of-distribution detection？,top-tier audit question,FAIL,data/v10/prepaper/heldout; held-out analysis; no heldout-v2 artifact present,missing or failed; claim must remain barred until repaired
13.25,13,25,当 OOD 时是否允许模型拒绝预测？,top-tier audit question,FAIL,data/v10/prepaper/heldout; held-out analysis; no heldout-v2 artifact present,missing or failed; claim must remain barred until repaired
14.01,14,1,优化后的逻辑电路是否映射到真实 native gate set？,top-tier audit question,PASS,experiments/hardware_validation; data/v8/hardware_validation; no real-QPU evidence,verified in current bounded contract
14.02,14,2,是否使用真实 coupling map？,top-tier audit question,PASS,experiments/hardware_validation; data/v8/hardware_validation; no real-QPU evidence,verified in current bounded contract
14.03,14,3,是否使用同一 initial layout？,top-tier audit question,FAIL,experiments/hardware_validation; data/v8/hardware_validation; no real-QPU evidence,missing or failed; claim must remain barred until repaired
14.04,14,4,是否使用同一 routing policy？,top-tier audit question,PASS,experiments/hardware_validation; data/v8/hardware_validation; no real-QPU evidence,verified in current bounded contract
14.05,14,5,是否使用固定 calibration snapshot？,top-tier audit question,PARTIAL,experiments/hardware_validation; data/v8/hardware_validation; no real-QPU evidence,some evidence exists; residual work is required
14.06,14,6,是否记录 calibration 时间？,top-tier audit question,FAIL,experiments/hardware_validation; data/v8/hardware_validation; no real-QPU evidence,missing or failed; claim must remain barred until repaired
14.07,14,7,是否报告 native 2Q count？,top-tier audit question,PASS,experiments/hardware_validation; data/v8/hardware_validation; no real-QPU evidence,verified in current bounded contract
14.08,14,8,是否报告 native 2Q depth？,top-tier audit question,FAIL,experiments/hardware_validation; data/v8/hardware_validation; no real-QPU evidence,missing or failed; claim must remain barred until repaired
14.09,14,9,是否报告 scheduled duration？,top-tier audit question,FAIL,experiments/hardware_validation; data/v8/hardware_validation; no real-QPU evidence,missing or failed; claim must remain barred until repaired
14.10,14,10,是否报告 idle time？,top-tier audit question,FAIL,experiments/hardware_validation; data/v8/hardware_validation; no real-QPU evidence,missing or failed; claim must remain barred until repaired
14.11,14,11,是否报告 crosstalk-sensitive concurrency？,top-tier audit question,FAIL,experiments/hardware_validation; data/v8/hardware_validation; no real-QPU evidence,missing or failed; claim must remain barred until repaired
14.12,14,12,是否报告 estimated success probability？,top-tier audit question,FAIL,experiments/hardware_validation; data/v8/hardware_validation; no real-QPU evidence,missing or failed; claim must remain barred until repaired
14.13,14,13,是否报告 noise-aware cost？,top-tier audit question,FAIL,experiments/hardware_validation; data/v8/hardware_validation; no real-QPU evidence,missing or failed; claim must remain barred until repaired
14.14,14,14,是否运行 noisy simulator？,top-tier audit question,PASS,experiments/hardware_validation; data/v8/hardware_validation; no real-QPU evidence,verified in current bounded contract
14.15,14,15,noise model 是否来自真实校准？,top-tier audit question,PARTIAL,experiments/hardware_validation; data/v8/hardware_validation; no real-QPU evidence,some evidence exists; residual work is required
14.16,14,16,是否在至少一个真实 QPU 上执行？,top-tier audit question,FAIL,experiments/hardware_validation; data/v8/hardware_validation; no real-QPU evidence,missing or failed; claim must remain barred until repaired
14.17,14,17,是否有多个日期的重复硬件实验？,top-tier audit question,FAIL,experiments/hardware_validation; data/v8/hardware_validation; no real-QPU evidence,missing or failed; claim must remain barred until repaired
14.18,14,18,是否随机化执行顺序以减小 drift？,top-tier audit question,FAIL,experiments/hardware_validation; data/v8/hardware_validation; no real-QPU evidence,missing or failed; claim must remain barred until repaired
14.19,14,19,是否记录 shots？,top-tier audit question,PASS,experiments/hardware_validation; data/v8/hardware_validation; no real-QPU evidence,verified in current bounded contract
14.20,14,20,shots 数是否由精度目标决定？,top-tier audit question,FAIL,experiments/hardware_validation; data/v8/hardware_validation; no real-QPU evidence,missing or failed; claim must remain barred until repaired
14.21,14,21,是否报告 measurement uncertainty？,top-tier audit question,PARTIAL,experiments/hardware_validation; data/v8/hardware_validation; no real-QPU evidence,some evidence exists; residual work is required
14.22,14,22,是否报告 Hellinger fidelity、TVD、cross entropy 或应用特定质量？,top-tier audit question,PASS,experiments/hardware_validation; data/v8/hardware_validation; no real-QPU evidence,verified in current bounded contract
14.23,14,23,是否比较 error mitigation 前后？,top-tier audit question,NA,experiments/hardware_validation; data/v8/hardware_validation; no real-QPU evidence,outside the currently stated unitary/logical-circuit model
14.24,14,24,mitigation 收益是否包含额外时间和 shots 成本？,top-tier audit question,NA,experiments/hardware_validation; data/v8/hardware_validation; no real-QPU evidence,outside the currently stated unitary/logical-circuit model
14.25,14,25,gate count 下降是否真正改善硬件输出？,top-tier audit question,PARTIAL,experiments/hardware_validation; data/v8/hardware_validation; no real-QPU evidence,some evidence exists; residual work is required
14.26,14,26,是否出现门更少但 fidelity 更差？,top-tier audit question,PARTIAL,experiments/hardware_validation; data/v8/hardware_validation; no real-QPU evidence,some evidence exists; residual work is required
14.27,14,27,是否出现 depth 更短但 crosstalk 更强？,top-tier audit question,FAIL,experiments/hardware_validation; data/v8/hardware_validation; no real-QPU evidence,missing or failed; claim must remain barred until repaired
14.28,14,28,是否报告 queue time 和纯执行时间？,top-tier audit question,FAIL,experiments/hardware_validation; data/v8/hardware_validation; no real-QPU evidence,missing or failed; claim must remain barred until repaired
14.29,14,29,是否报告 end-to-end time-to-solution？,top-tier audit question,FAIL,experiments/hardware_validation; data/v8/hardware_validation; no real-QPU evidence,missing or failed; claim must remain barred until repaired
14.30,14,30,是否比较多个硬件拓扑？,top-tier audit question,PASS,experiments/hardware_validation; data/v8/hardware_validation; no real-QPU evidence,verified in current bounded contract
14.31,14,31,是否有平台特定结论被误写成通用结论？,top-tier audit question,PASS,experiments/hardware_validation; data/v8/hardware_validation; no real-QPU evidence,verified in current bounded contract
14.32,14,32,是否考虑 dynamic circuits？,top-tier audit question,FAIL,experiments/hardware_validation; data/v8/hardware_validation; no real-QPU evidence,missing or failed; claim must remain barred until repaired
14.33,14,33,是否考虑 pulse-aware 编译？,top-tier audit question,FAIL,experiments/hardware_validation; data/v8/hardware_validation; no real-QPU evidence,missing or failed; claim must remain barred until repaired
14.34,14,34,是否考虑容错时代成本模型？,top-tier audit question,NA,experiments/hardware_validation; data/v8/hardware_validation; no real-QPU evidence,outside the currently stated unitary/logical-circuit model
14.35,14,35,当前成果的“量子价值”是硬件收益、编译诊断，还是理论认识？,top-tier audit question,PASS,experiments/hardware_validation; data/v8/hardware_validation; no real-QPU evidence,verified in current bounded contract
15.01,15,1,是否有从零开始的 README？,top-tier audit question,PARTIAL,requirements-lock.txt; Dockerfile; release manifests; CI; E31 dry-run/checkpoint orchestrator; no independent cold-start reproduction,some evidence exists; residual work is required
15.02,15,2,是否列出支持的 OS？,top-tier audit question,PARTIAL,requirements-lock.txt; Dockerfile; release manifests; CI; E31 dry-run/checkpoint orchestrator; no independent cold-start reproduction,some evidence exists; residual work is required
15.03,15,3,是否固定 Python/编译器/SDK 版本？,top-tier audit question,PASS,requirements-lock.txt; Dockerfile; release manifests; CI; E31 dry-run/checkpoint orchestrator; no independent cold-start reproduction,verified in current bounded contract
15.04,15,4,是否有 lockfile？,top-tier audit question,PASS,requirements-lock.txt; Dockerfile; release manifests; CI; E31 dry-run/checkpoint orchestrator; no independent cold-start reproduction,verified in current bounded contract
15.05,15,5,是否有 container 或可重建环境？,top-tier audit question,PASS,requirements-lock.txt; Dockerfile; release manifests; CI; E31 dry-run/checkpoint orchestrator; no independent cold-start reproduction,verified in current bounded contract
15.06,15,6,是否有 SBOM？,top-tier audit question,FAIL,requirements-lock.txt; Dockerfile; release manifests; CI; E31 dry-run/checkpoint orchestrator; no independent cold-start reproduction,missing or failed; claim must remain barred until repaired
15.07,15,7,是否记录外部二进制哈希？,top-tier audit question,PARTIAL,requirements-lock.txt; Dockerfile; release manifests; CI; E31 dry-run/checkpoint orchestrator; no independent cold-start reproduction,some evidence exists; residual work is required
15.08,15,8,是否有许可证？,top-tier audit question,PASS,requirements-lock.txt; Dockerfile; release manifests; CI; E31 dry-run/checkpoint orchestrator; no independent cold-start reproduction,verified in current bounded contract
15.09,15,9,数据是否有许可证？,top-tier audit question,FAIL,requirements-lock.txt; Dockerfile; release manifests; CI; E31 dry-run/checkpoint orchestrator; no independent cold-start reproduction,missing or failed; claim must remain barred until repaired
15.10,15,10,是否有 DOI/Zenodo 归档？,top-tier audit question,FAIL,requirements-lock.txt; Dockerfile; release manifests; CI; E31 dry-run/checkpoint orchestrator; no independent cold-start reproduction,missing or failed; claim must remain barred until repaired
15.11,15,11,是否有持久版本号？,top-tier audit question,PARTIAL,requirements-lock.txt; Dockerfile; release manifests; CI; E31 dry-run/checkpoint orchestrator; no independent cold-start reproduction,some evidence exists; residual work is required
15.12,15,12,是否有 data dictionary？,top-tier audit question,PASS,requirements-lock.txt; Dockerfile; release manifests; CI; E31 dry-run/checkpoint orchestrator; no independent cold-start reproduction,verified in current bounded contract
15.13,15,13,是否有 schema？,top-tier audit question,PARTIAL,requirements-lock.txt; Dockerfile; release manifests; CI; E31 dry-run/checkpoint orchestrator; no independent cold-start reproduction,some evidence exists; residual work is required
15.14,15,14,是否有 provenance chain？,top-tier audit question,PASS,requirements-lock.txt; Dockerfile; release manifests; CI; E31 dry-run/checkpoint orchestrator; no independent cold-start reproduction,verified in current bounded contract
15.15,15,15,是否有 raw、derived、figure-source 分层？,top-tier audit question,PASS,requirements-lock.txt; Dockerfile; release manifests; CI; E31 dry-run/checkpoint orchestrator; no independent cold-start reproduction,verified in current bounded contract
15.16,15,16,是否保留原始失败输出？,top-tier audit question,PASS,requirements-lock.txt; Dockerfile; release manifests; CI; E31 dry-run/checkpoint orchestrator; no independent cold-start reproduction,verified in current bounded contract
15.17,15,17,是否保留日志？,top-tier audit question,PASS,requirements-lock.txt; Dockerfile; release manifests; CI; E31 dry-run/checkpoint orchestrator; no independent cold-start reproduction,verified in current bounded contract
15.18,15,18,是否有数据 checksum？,top-tier audit question,PASS,requirements-lock.txt; Dockerfile; release manifests; CI; E31 dry-run/checkpoint orchestrator; no independent cold-start reproduction,verified in current bounded contract
15.19,15,19,是否能检测数据被修改？,top-tier audit question,PASS,requirements-lock.txt; Dockerfile; release manifests; CI; E31 dry-run/checkpoint orchestrator; no independent cold-start reproduction,verified in current bounded contract
15.20,15,20,是否有 release manifest？,top-tier audit question,PASS,requirements-lock.txt; Dockerfile; release manifests; CI; E31 dry-run/checkpoint orchestrator; no independent cold-start reproduction,verified in current bounded contract
15.21,15,21,是否有一条命令重建每张表？,top-tier audit question,PARTIAL,requirements-lock.txt; Dockerfile; release manifests; CI; E31 dry-run/checkpoint orchestrator; no independent cold-start reproduction,some evidence exists; residual work is required
15.22,15,22,是否有一条命令重建每张图？,top-tier audit question,PARTIAL,requirements-lock.txt; Dockerfile; release manifests; CI; E31 dry-run/checkpoint orchestrator; no independent cold-start reproduction,some evidence exists; residual work is required
15.23,15,23,是否有一条命令运行主要实验？,top-tier audit question,PASS,requirements-lock.txt; Dockerfile; release manifests; CI; E31 dry-run/checkpoint orchestrator; no independent cold-start reproduction,verified in current bounded contract
15.24,15,24,是否有 quick/smoke 和 full reproduction 两种路径？,top-tier audit question,PASS,requirements-lock.txt; Dockerfile; release manifests; CI; E31 dry-run/checkpoint orchestrator; no independent cold-start reproduction,verified in current bounded contract
15.25,15,25,是否声明预计时间、CPU、内存、GPU 和磁盘？,top-tier audit question,PARTIAL,requirements-lock.txt; Dockerfile; release manifests; CI; E31 dry-run/checkpoint orchestrator; no independent cold-start reproduction,some evidence exists; residual work is required
15.26,15,26,是否有 deterministic mode？,top-tier audit question,PARTIAL,requirements-lock.txt; Dockerfile; release manifests; CI; E31 dry-run/checkpoint orchestrator; no independent cold-start reproduction,some evidence exists; residual work is required
15.27,15,27,非确定性是否给出允许误差？,top-tier audit question,PARTIAL,requirements-lock.txt; Dockerfile; release manifests; CI; E31 dry-run/checkpoint orchestrator; no independent cold-start reproduction,some evidence exists; residual work is required
15.28,15,28,是否在干净机器验证？,top-tier audit question,FAIL,requirements-lock.txt; Dockerfile; release manifests; CI; E31 dry-run/checkpoint orchestrator; no independent cold-start reproduction,missing or failed; claim must remain barred until repaired
15.29,15,29,是否由非作者验证？,top-tier audit question,FAIL,requirements-lock.txt; Dockerfile; release manifests; CI; E31 dry-run/checkpoint orchestrator; no independent cold-start reproduction,missing or failed; claim must remain barred until repaired
15.30,15,30,是否保留失败复现记录？,top-tier audit question,PASS,requirements-lock.txt; Dockerfile; release manifests; CI; E31 dry-run/checkpoint orchestrator; no independent cold-start reproduction,verified in current bounded contract
15.31,15,31,是否有 CI？,top-tier audit question,PASS,requirements-lock.txt; Dockerfile; release manifests; CI; E31 dry-run/checkpoint orchestrator; no independent cold-start reproduction,verified in current bounded contract
15.32,15,32,CI 是否只跑单元测试，还是也做数据/清单验证？,top-tier audit question,PASS,requirements-lock.txt; Dockerfile; release manifests; CI; E31 dry-run/checkpoint orchestrator; no independent cold-start reproduction,verified in current bounded contract
15.33,15,33,是否对关键结果做 hash assertion？,top-tier audit question,PASS,requirements-lock.txt; Dockerfile; release manifests; CI; E31 dry-run/checkpoint orchestrator; no independent cold-start reproduction,verified in current bounded contract
15.34,15,34,是否检查 CSV 行数、列名和无限值？,top-tier audit question,PASS,requirements-lock.txt; Dockerfile; release manifests; CI; E31 dry-run/checkpoint orchestrator; no independent cold-start reproduction,verified in current bounded contract
15.35,15,35,是否检查 figure 与 source-data 对应？,top-tier audit question,PASS,requirements-lock.txt; Dockerfile; release manifests; CI; E31 dry-run/checkpoint orchestrator; no independent cold-start reproduction,verified in current bounded contract
15.36,15,36,是否检查文档引用的数值与数据一致？,top-tier audit question,PARTIAL,requirements-lock.txt; Dockerfile; release manifests; CI; E31 dry-run/checkpoint orchestrator; no independent cold-start reproduction,some evidence exists; residual work is required
15.37,15,37,是否区分 canonical data 与 exploratory rerun？,top-tier audit question,PASS,requirements-lock.txt; Dockerfile; release manifests; CI; E31 dry-run/checkpoint orchestrator; no independent cold-start reproduction,verified in current bounded contract
15.38,15,38,是否禁止半成品 checkpoint 进入正式清单？,top-tier audit question,PASS,requirements-lock.txt; Dockerfile; release manifests; CI; E31 dry-run/checkpoint orchestrator; no independent cold-start reproduction,verified in current bounded contract
15.39,15,39,是否记录 dirty worktree？,top-tier audit question,PASS,requirements-lock.txt; Dockerfile; release manifests; CI; E31 dry-run/checkpoint orchestrator; no independent cold-start reproduction,verified in current bounded contract
15.40,15,40,是否能从固定 commit 重建 release？,top-tier audit question,FAIL,requirements-lock.txt; Dockerfile; release manifests; CI; E31 dry-run/checkpoint orchestrator; no independent cold-start reproduction,missing or failed; claim must remain barred until repaired
15.41,15,41,是否有 archive restore test？,top-tier audit question,FAIL,requirements-lock.txt; Dockerfile; release manifests; CI; E31 dry-run/checkpoint orchestrator; no independent cold-start reproduction,missing or failed; claim must remain barred until repaired
15.42,15,42,链接是否会腐烂？,top-tier audit question,FAIL,requirements-lock.txt; Dockerfile; release manifests; CI; E31 dry-run/checkpoint orchestrator; no independent cold-start reproduction,missing or failed; claim must remain barred until repaired
15.43,15,43,元数据是否机器可读？,top-tier audit question,PASS,requirements-lock.txt; Dockerfile; release manifests; CI; E31 dry-run/checkpoint orchestrator; no independent cold-start reproduction,verified in current bounded contract
15.44,15,44,数据是否符合 Findable、Accessible、Interoperable、Reusable？,top-tier audit question,PARTIAL,requirements-lock.txt; Dockerfile; release manifests; CI; E31 dry-run/checkpoint orchestrator; no independent cold-start reproduction,some evidence exists; residual work is required
15.45,15,45,是否存在无法公开的限制？是否明确说明？,top-tier audit question,PARTIAL,requirements-lock.txt; Dockerfile; release manifests; CI; E31 dry-run/checkpoint orchestrator; no independent cold-start reproduction,some evidence exists; residual work is required
16.01,16,1,谁会因为这个结果改变研究方法？,top-tier audit question,PARTIAL,docs/review/prepaper_final_audit_2026-08-10.md,some evidence exists; residual work is required
16.02,16,2,它解决的是领域核心瓶颈还是局部实现问题？,top-tier audit question,PARTIAL,docs/review/prepaper_final_audit_2026-08-10.md,some evidence exists; residual work is required
16.03,16,3,是否能避免错误的 optimizer ranking？,top-tier audit question,PASS,docs/review/prepaper_final_audit_2026-08-10.md,verified in current bounded contract
16.04,16,4,是否能减少无效搜索预算？,top-tier audit question,PARTIAL,docs/review/prepaper_final_audit_2026-08-10.md,some evidence exists; residual work is required
16.05,16,5,是否能指导表示选择？,top-tier audit question,PASS,docs/review/prepaper_final_audit_2026-08-10.md,verified in current bounded contract
16.06,16,6,是否能指导 rewrite library 设计？,top-tier audit question,PASS,docs/review/prepaper_final_audit_2026-08-10.md,verified in current bounded contract
16.07,16,7,是否能指导 benchmark construction？,top-tier audit question,PASS,docs/review/prepaper_final_audit_2026-08-10.md,verified in current bounded contract
16.08,16,8,是否能指导编译器自动选择策略？,top-tier audit question,PARTIAL,docs/review/prepaper_final_audit_2026-08-10.md,some evidence exists; residual work is required
16.09,16,9,是否能预测哪些线路有优化 headroom？,top-tier audit question,PARTIAL,docs/review/prepaper_final_audit_2026-08-10.md,some evidence exists; residual work is required
16.10,16,10,是否能产生新理论问题？,top-tier audit question,PASS,docs/review/prepaper_final_audit_2026-08-10.md,verified in current bounded contract
16.11,16,11,是否能形成公开 benchmark？,top-tier audit question,PARTIAL,docs/review/prepaper_final_audit_2026-08-10.md,some evidence exists; residual work is required
16.12,16,12,是否能形成独立软件工具？,top-tier audit question,PARTIAL,docs/review/prepaper_final_audit_2026-08-10.md,some evidence exists; residual work is required
16.13,16,13,是否能被其他编译器直接集成？,top-tier audit question,FAIL,docs/review/prepaper_final_audit_2026-08-10.md,missing or failed; claim must remain barred until repaired
16.14,16,14,是否能扩展到 routing/synthesis/error correction？,top-tier audit question,PARTIAL,docs/review/prepaper_final_audit_2026-08-10.md,some evidence exists; residual work is required
16.15,16,15,是否能扩展到 parameterized circuits？,top-tier audit question,FAIL,docs/review/prepaper_final_audit_2026-08-10.md,missing or failed; claim must remain barred until repaired
16.16,16,16,是否能扩展到硬件感知目标？,top-tier audit question,FAIL,docs/review/prepaper_final_audit_2026-08-10.md,missing or failed; claim must remain barred until repaired
16.17,16,17,是否能减少物理双比特门或执行时间？,top-tier audit question,FAIL,docs/review/prepaper_final_audit_2026-08-10.md,missing or failed; claim must remain barred until repaired
16.18,16,18,是否能减少容错 T 资源？,top-tier audit question,FAIL,docs/review/prepaper_final_audit_2026-08-10.md,missing or failed; claim must remain barred until repaired
16.19,16,19,是否有真实用户或外部研究组需求？,top-tier audit question,FAIL,docs/review/prepaper_final_audit_2026-08-10.md,missing or failed; claim must remain barred until repaired
16.20,16,20,是否有外部复用证据？,top-tier audit question,FAIL,docs/review/prepaper_final_audit_2026-08-10.md,missing or failed; claim must remain barred until repaired
16.21,16,21,是否有 benchmark 被第三方采用的可能？,top-tier audit question,PARTIAL,docs/review/prepaper_final_audit_2026-08-10.md,some evidence exists; residual work is required
16.22,16,22,结果是否在五年后仍有意义？,top-tier audit question,PARTIAL,docs/review/prepaper_final_audit_2026-08-10.md,some evidence exists; residual work is required
16.23,16,23,如果所有具体工具版本更新，机制结论是否仍成立？,top-tier audit question,FAIL,docs/review/prepaper_final_audit_2026-08-10.md,missing or failed; claim must remain barred until repaired
16.24,16,24,贡献是暂时性能数字还是可迁移知识？,top-tier audit question,PASS,docs/review/prepaper_final_audit_2026-08-10.md,verified in current bounded contract
16.25,16,25,是否有明确的“不应该如何评价量子优化器”的方法学价值？,top-tier audit question,PASS,docs/review/prepaper_final_audit_2026-08-10.md,verified in current bounded contract
16.26,16,26,是否能形成社区标准或 checklist？,top-tier audit question,PARTIAL,docs/review/prepaper_final_audit_2026-08-10.md,some evidence exists; residual work is required
16.27,16,27,是否能发现已有文献的系统性评价偏差？,top-tier audit question,PARTIAL,docs/review/prepaper_final_audit_2026-08-10.md,some evidence exists; residual work is required
16.28,16,28,是否有负面结果同样值得发表？,top-tier audit question,PASS,docs/review/prepaper_final_audit_2026-08-10.md,verified in current bounded contract
16.29,16,29,是否能降低其他研究者复现实验的成本？,top-tier audit question,PASS,docs/review/prepaper_final_audit_2026-08-10.md,verified in current bounded contract
16.30,16,30,是否能推动从平均性能转向 family-aware/Pareto-aware 评价？,top-tier audit question,PARTIAL,docs/review/prepaper_final_audit_2026-08-10.md,some evidence exists; residual work is required
17.01,17,1,最强反例是什么？,top-tier audit question,PASS,theory gate; deviation log; negative-result records,verified in current bounded contract
17.02,17,2,哪个 family 最不支持核心结论？,top-tier audit question,PASS,theory gate; deviation log; negative-result records,verified in current bounded contract
17.03,17,3,哪项结论对单个数据点最敏感？,top-tier audit question,FAIL,theory gate; deviation log; negative-result records,missing or failed; claim must remain barred until repaired
17.04,17,4,哪项结论对阈值最敏感？,top-tier audit question,PARTIAL,theory gate; deviation log; negative-result records,some evidence exists; residual work is required
17.05,17,5,哪项结论依赖某个工具版本？,top-tier audit question,PARTIAL,theory gate; deviation log; negative-result records,some evidence exists; residual work is required
17.06,17,6,哪项结论依赖某个 basis？,top-tier audit question,PARTIAL,theory gate; deviation log; negative-result records,some evidence exists; residual work is required
17.07,17,7,哪项结论依赖某个 timeout？,top-tier audit question,FAIL,theory gate; deviation log; negative-result records,missing or failed; claim must remain barred until repaired
17.08,17,8,哪项结论在 equal-budget 下可能反转？,top-tier audit question,FAIL,theory gate; deviation log; negative-result records,missing or failed; claim must remain barred until repaired
17.09,17,9,哪项结论可能由数据泄漏产生？,top-tier audit question,PASS,theory gate; deviation log; negative-result records,verified in current bounded contract
17.10,17,10,哪项结论可能由 benchmark selection 产生？,top-tier audit question,PARTIAL,theory gate; deviation log; negative-result records,some evidence exists; residual work is required
17.11,17,11,哪项结论可能由 survivorship bias 产生？,top-tier audit question,PASS,theory gate; deviation log; negative-result records,verified in current bounded contract
17.12,17,12,哪项结论可能由非等价输出产生？,top-tier audit question,PASS,theory gate; deviation log; negative-result records,verified in current bounded contract
17.13,17,13,哪项结论可能由重复样本夸大显著性？,top-tier audit question,PASS,theory gate; deviation log; negative-result records,verified in current bounded contract
17.14,17,14,哪项结论无法在大规模线路验证？,top-tier audit question,PASS,theory gate; deviation log; negative-result records,verified in current bounded contract
17.15,17,15,哪项结论没有独立工件支持？,top-tier audit question,PARTIAL,theory gate; deviation log; negative-result records,some evidence exists; residual work is required
17.16,17,16,哪项结论没有硬件证据？,top-tier audit question,PASS,theory gate; deviation log; negative-result records,verified in current bounded contract
17.17,17,17,是否尝试主动构造失败 family？,top-tier audit question,PARTIAL,theory gate; deviation log; negative-result records,some evidence exists; residual work is required
17.18,17,18,是否尝试搜索最小反例？,top-tier audit question,PASS,theory gate; deviation log; negative-result records,verified in current bounded contract
17.19,17,19,是否让独立研究者攻击 theorem？,top-tier audit question,FAIL,theory gate; deviation log; negative-result records,missing or failed; claim must remain barred until repaired
17.20,17,20,是否让独立研究者攻击统计方案？,top-tier audit question,PARTIAL,theory gate; deviation log; negative-result records,some evidence exists; residual work is required
17.21,17,21,是否让外部工具作者检查配置？,top-tier audit question,FAIL,theory gate; deviation log; negative-result records,missing or failed; claim must remain barred until repaired
17.22,17,22,是否进行 blinded analysis？,top-tier audit question,PARTIAL,theory gate; deviation log; negative-result records,some evidence exists; residual work is required
17.23,17,23,是否保留被推翻的假设？,top-tier audit question,PASS,theory gate; deviation log; negative-result records,verified in current bounded contract
17.24,17,24,是否把 null result 完整发布？,top-tier audit question,PARTIAL,theory gate; deviation log; negative-result records,some evidence exists; residual work is required
17.25,17,25,是否明确什么证据会改变最终判断？,top-tier audit question,PASS,theory gate; deviation log; negative-result records,verified in current bounded contract
17.26,17,26,如果审稿人只允许保留一个贡献，哪一个仍成立？,top-tier audit question,PASS,theory gate; deviation log; negative-result records,verified in current bounded contract
17.27,17,27,如果删除所有 p 值，证据是否仍有说服力？,top-tier audit question,PASS,theory gate; deviation log; negative-result records,verified in current bounded contract
17.28,17,28,如果删除总体均值，家族结果是否仍支持结论？,top-tier audit question,PASS,theory gate; deviation log; negative-result records,verified in current bounded contract
17.29,17,29,如果删除自定义 benchmark，结果是否仍成立？,top-tier audit question,FAIL,theory gate; deviation log; negative-result records,missing or failed; claim must remain barred until repaired
17.30,17,30,如果只看真实线路，结果是否仍成立？,top-tier audit question,FAIL,theory gate; deviation log; negative-result records,missing or failed; claim must remain barred until repaired
18.01,18,1,**真实硬件或高保真 noise-aware 验证**  ,top-tier audit question,PARTIAL,"E31 design/power/checkpoint artifacts and residual blocks: formal run, heldout-v2, QPU, independent reproduction",some evidence exists; residual work is required
18.02,18,2,**等算力 Pareto 实验**  ,top-tier audit question,PARTIAL,"E31 design/power/checkpoint artifacts and residual blocks: formal run, heldout-v2, QPU, independent reproduction",some evidence exists; residual work is required
18.03,18,3,**扩大真正独立的 held-out family 数**  ,top-tier audit question,FAIL,"E31 design/power/checkpoint artifacts and residual blocks: formal run, heldout-v2, QPU, independent reproduction",missing or failed; claim must remain barred until repaired
18.04,18,4,**第三个可执行独立强工件**  ,top-tier audit question,FAIL,"E31 design/power/checkpoint artifacts and residual blocks: formal run, heldout-v2, QPU, independent reproduction",missing or failed; claim must remain barred until repaired
18.05,18,5,**扩大评价成本向量**  ,top-tier audit question,PARTIAL,"E31 design/power/checkpoint artifacts and residual blocks: formal run, heldout-v2, QPU, independent reproduction",some evidence exists; residual work is required
18.06,18,6,**大型线路层级**  ,top-tier audit question,FAIL,"E31 design/power/checkpoint artifacts and residual blocks: formal run, heldout-v2, QPU, independent reproduction",missing or failed; claim must remain barred until repaired
18.07,18,7,**参数化线路等价**  ,top-tier audit question,FAIL,"E31 design/power/checkpoint artifacts and residual blocks: formal run, heldout-v2, QPU, independent reproduction",missing or failed; claim must remain barred until repaired
18.08,18,8,**机制因果实验**  ,top-tier audit question,PARTIAL,"E31 design/power/checkpoint artifacts and residual blocks: formal run, heldout-v2, QPU, independent reproduction",some evidence exists; residual work is required
18.09,18,9,**独立冷启动复现**  ,top-tier audit question,EXTERNAL,"E31 design/power/checkpoint artifacts and residual blocks: formal run, heldout-v2, QPU, independent reproduction","requires external hardware, independent people, or live literature evidence"
18.10,18,10,**版本与平台稳健性**  ,top-tier audit question,FAIL,"E31 design/power/checkpoint artifacts and residual blocks: formal run, heldout-v2, QPU, independent reproduction",missing or failed; claim must remain barred until repaired
18.11,18,11,**测试强度指标**  ,top-tier audit question,PARTIAL,"E31 design/power/checkpoint artifacts and residual blocks: formal run, heldout-v2, QPU, independent reproduction",some evidence exists; residual work is required
18.12,18,12,**预投稿最新文献刷新**  ,top-tier audit question,EXTERNAL,"E31 design/power/checkpoint artifacts and residual blocks: formal run, heldout-v2, QPU, independent reproduction","requires external hardware, independent people, or live literature evidence"
