schema_version,experiment_id,run_id,timestamp_utc,circuit_id,circuit_family,circuit_type,n_qubits,gate_set,baseline_gate_count,optimized_gate_count,reduction,reduction_pct,depth_reduction,two_qubit_reduction,cnot_reduction,t_count_reduction,baseline_t_count,optimized_t_count,fidelity,success,runtime_seconds,optimizer,seed,trial,source_file,source_sha256,input_circuit_sha256,output_circuit_sha256,notes,status,error_message,error_type
2.0.0,E18,e18_full_20260721_131939,2026-07-21T13:19:45.258600+00:00,qft_3,QFT,qft,3,clifford_t,986,984,0.0020283975659228,0.2028397565922879,0.0020554984583761,0.0,0.0,0.0,387,387,0.9999999999998156,True,0.1015150547027587,greedy_phase1,42,0,experiments/e18_clifford_t/run.py,0eb2abde13dc201579ea52a4163575097f6d3d75b705bd858ea956ce6f9952ed,5cb392454a2f1a892bee7714304408374099eb8d862c3a3a1446ea834c527155,77f0cb2f3b6d846686ea94c399ad6af96a73fa89e9df518266d6c4f0b5802374,,ok,,
2.0.0,E18,e18_full_20260721_131939,2026-07-21T13:19:45.320496+00:00,qft_3,QFT,qft,3,clifford_t,986,984,0.0020283975659228,0.2028397565922879,0.0020554984583761,0.0,0.0,0.0,387,387,0.9999999999998156,True,0.0558891296386718,commutation_phase2,42,0,experiments/e18_clifford_t/run.py,0eb2abde13dc201579ea52a4163575097f6d3d75b705bd858ea956ce6f9952ed,5cb392454a2f1a892bee7714304408374099eb8d862c3a3a1446ea834c527155,77f0cb2f3b6d846686ea94c399ad6af96a73fa89e9df518266d6c4f0b5802374,,ok,,
2.0.0,E18,e18_full_20260721_131939,2026-07-21T13:19:45.436169+00:00,qft_3,QFT,qft,3,clifford_t,986,984,0.0020283975659228,0.2028397565922879,0.0020554984583761,0.0,0.0,0.0,387,387,0.9999999999998156,True,0.0995059013366699,hybrid_phase1_2,42,0,experiments/e18_clifford_t/run.py,0eb2abde13dc201579ea52a4163575097f6d3d75b705bd858ea956ce6f9952ed,5cb392454a2f1a892bee7714304408374099eb8d862c3a3a1446ea834c527155,77f0cb2f3b6d846686ea94c399ad6af96a73fa89e9df518266d6c4f0b5802374,,ok,,
2.0.0,E18,e18_full_20260721_131939,2026-07-21T13:19:45.459177+00:00,ghz_3,GHZ,ghz,3,clifford_t,3,3,0.0,0.0,0.0,0.0,0.0,0.0,0,0,1.0,True,0.0,greedy_phase1,42,1,experiments/e18_clifford_t/run.py,0eb2abde13dc201579ea52a4163575097f6d3d75b705bd858ea956ce6f9952ed,c69d250a367e14af30448dc6336a129d4b1d3025bf8f24a8e752571bfc1813ba,c69d250a367e14af30448dc6336a129d4b1d3025bf8f24a8e752571bfc1813ba,,ok,,
2.0.0,E18,e18_full_20260721_131939,2026-07-21T13:19:45.460376+00:00,ghz_3,GHZ,ghz,3,clifford_t,3,3,0.0,0.0,0.0,0.0,0.0,0.0,0,0,1.0,True,0.0,commutation_phase2,42,1,experiments/e18_clifford_t/run.py,0eb2abde13dc201579ea52a4163575097f6d3d75b705bd858ea956ce6f9952ed,c69d250a367e14af30448dc6336a129d4b1d3025bf8f24a8e752571bfc1813ba,c69d250a367e14af30448dc6336a129d4b1d3025bf8f24a8e752571bfc1813ba,,ok,,
2.0.0,E18,e18_full_20260721_131939,2026-07-21T13:19:45.461310+00:00,ghz_3,GHZ,ghz,3,clifford_t,3,3,0.0,0.0,0.0,0.0,0.0,0.0,0,0,1.0,True,0.0009341239929199,hybrid_phase1_2,42,1,experiments/e18_clifford_t/run.py,0eb2abde13dc201579ea52a4163575097f6d3d75b705bd858ea956ce6f9952ed,c69d250a367e14af30448dc6336a129d4b1d3025bf8f24a8e752571bfc1813ba,c69d250a367e14af30448dc6336a129d4b1d3025bf8f24a8e752571bfc1813ba,,ok,,
2.0.0,E18,e18_full_20260721_131939,2026-07-21T13:19:45.476011+00:00,cnot_chain_3,CNOT,cnot_chain,3,clifford_t,16,0,1.0,100.0,1.0,1.0,1.0,0.0,0,0,1.0,True,0.0020055770874023,greedy_phase1,42,2,experiments/e18_clifford_t/run.py,0eb2abde13dc201579ea52a4163575097f6d3d75b705bd858ea956ce6f9952ed,f3e1cc1549652f162539e9c0634f98494d1781a08f998296495d4a11a19ae4e8,e05a2d3a8b49e581ac31c9c8e6fd401977ac89b309189aacc2b8074ecefad676,,ok,,
2.0.0,E18,e18_full_20260721_131939,2026-07-21T13:19:45.477091+00:00,cnot_chain_3,CNOT,cnot_chain,3,clifford_t,16,16,0.0,0.0,0.0,0.0,0.0,0.0,0,0,1.0,True,0.0010797977447509,commutation_phase2,42,2,experiments/e18_clifford_t/run.py,0eb2abde13dc201579ea52a4163575097f6d3d75b705bd858ea956ce6f9952ed,f3e1cc1549652f162539e9c0634f98494d1781a08f998296495d4a11a19ae4e8,f3e1cc1549652f162539e9c0634f98494d1781a08f998296495d4a11a19ae4e8,,ok,,
2.0.0,E18,e18_full_20260721_131939,2026-07-21T13:19:45.480185+00:00,cnot_chain_3,CNOT,cnot_chain,3,clifford_t,16,0,1.0,100.0,1.0,1.0,1.0,0.0,0,0,1.0,True,0.00309419631958,hybrid_phase1_2,42,2,experiments/e18_clifford_t/run.py,0eb2abde13dc201579ea52a4163575097f6d3d75b705bd858ea956ce6f9952ed,f3e1cc1549652f162539e9c0634f98494d1781a08f998296495d4a11a19ae4e8,e05a2d3a8b49e581ac31c9c8e6fd401977ac89b309189aacc2b8074ecefad676,,ok,,
2.0.0,E18,e18_full_20260721_131939,2026-07-21T13:19:45.495963+00:00,bv_3,Oracle,bernstein_vazirani,4,clifford_t,12,10,0.1666666666666666,16.666666666666664,0.0,0.0,0.0,0.0,0,0,1.0,True,0.0005040168762207,greedy_phase1,45,3,experiments/e18_clifford_t/run.py,0eb2abde13dc201579ea52a4163575097f6d3d75b705bd858ea956ce6f9952ed,0206731818e4f86ff942f8d2ef89eaebd104569c0850cb9a923dd3bdd885c8a2,5941010b9ed8c2ea75e132a06f7b720f097313b833dbb8fbbb4ba7913f8aaa46,,ok,,
2.0.0,E18,e18_full_20260721_131939,2026-07-21T13:19:45.495963+00:00,bv_3,Oracle,bernstein_vazirani,4,clifford_t,12,12,0.0,0.0,0.0,0.0,0.0,0.0,0,0,1.0,True,0.0,commutation_phase2,45,3,experiments/e18_clifford_t/run.py,0eb2abde13dc201579ea52a4163575097f6d3d75b705bd858ea956ce6f9952ed,0206731818e4f86ff942f8d2ef89eaebd104569c0850cb9a923dd3bdd885c8a2,0206731818e4f86ff942f8d2ef89eaebd104569c0850cb9a923dd3bdd885c8a2,,ok,,
2.0.0,E18,e18_full_20260721_131939,2026-07-21T13:19:45.499478+00:00,bv_3,Oracle,bernstein_vazirani,4,clifford_t,12,10,0.1666666666666666,16.666666666666664,0.0,0.0,0.0,0.0,0,0,1.0,True,0.0020098686218261,hybrid_phase1_2,45,3,experiments/e18_clifford_t/run.py,0eb2abde13dc201579ea52a4163575097f6d3d75b705bd858ea956ce6f9952ed,0206731818e4f86ff942f8d2ef89eaebd104569c0850cb9a923dd3bdd885c8a2,5941010b9ed8c2ea75e132a06f7b720f097313b833dbb8fbbb4ba7913f8aaa46,,ok,,
2.0.0,E18,e18_full_20260721_131939,2026-07-21T13:19:46.204363+00:00,grover_3,Grover,grover,3,clifford_t,51,43,0.1568627450980392,15.68627450980392,0.1379310344827586,0.0,0.0,0.0,14,14,0.999999999999994,True,0.0115110874176025,greedy_phase1,445,7,experiments/e18_clifford_t/run.py,0eb2abde13dc201579ea52a4163575097f6d3d75b705bd858ea956ce6f9952ed,ed3577d2a227a9efbad84684b95ec56b0d78ce0a931f078dfa8f339924959a43,ee4e4701e32ed47ac31f6f93124ca096436d5187fec2e859ee5c5e99ac982c94,"Single Grover iteration, random marked state",ok,,
2.0.0,E18,e18_full_20260721_131939,2026-07-21T13:19:46.215274+00:00,grover_3,Grover,grover,3,clifford_t,51,47,0.0784313725490196,7.843137254901967,0.1379310344827586,0.0,0.0,0.0,14,14,0.9999999999999932,True,0.010911226272583,commutation_phase2,445,7,experiments/e18_clifford_t/run.py,0eb2abde13dc201579ea52a4163575097f6d3d75b705bd858ea956ce6f9952ed,ed3577d2a227a9efbad84684b95ec56b0d78ce0a931f078dfa8f339924959a43,bd01973ad7d75c64352726c824c5ba8dea6f1765beeb074d3c99bda0ff9f3e99,"Single Grover iteration, random marked state",ok,,
2.0.0,E18,e18_full_20260721_131939,2026-07-21T13:19:46.215274+00:00,grover_3,Grover,grover,3,clifford_t,51,43,0.1568627450980392,15.68627450980392,0.1379310344827586,0.0,0.0,0.0,14,14,0.999999999999994,True,0.0,hybrid_phase1_2,445,7,experiments/e18_clifford_t/run.py,0eb2abde13dc201579ea52a4163575097f6d3d75b705bd858ea956ce6f9952ed,ed3577d2a227a9efbad84684b95ec56b0d78ce0a931f078dfa8f339924959a43,ee4e4701e32ed47ac31f6f93124ca096436d5187fec2e859ee5c5e99ac982c94,"Single Grover iteration, random marked state",ok,,
2.0.0,E18,e18_full_20260721_131939,2026-07-21T13:19:46.246573+00:00,adder_3,Adder,quantum_adder,4,clifford_t,48,44,0.0833333333333333,8.333333333333337,0.0606060606060605,0.0,0.0,0.0,21,21,0.9999999999999956,True,0.0100045204162597,greedy_phase1,545,8,experiments/e18_clifford_t/run.py,0eb2abde13dc201579ea52a4163575097f6d3d75b705bd858ea956ce6f9952ed,fdd13d234902a7bc3e141cdffa2d197c33f15ec2101d43cdaceae1b8da06df3f,941eecbc2a0b466e9b61b2c6c081e6e3f57c268edad015b8c112c009841c2909,"Ripple-carry adder, random inputs",ok,,
2.0.0,E18,e18_full_20260721_131939,2026-07-21T13:19:46.248362+00:00,adder_3,Adder,quantum_adder,4,clifford_t,48,48,0.0,0.0,0.0,0.0,0.0,0.0,21,21,1.0,True,0.0007545948028564,commutation_phase2,545,8,experiments/e18_clifford_t/run.py,0eb2abde13dc201579ea52a4163575097f6d3d75b705bd858ea956ce6f9952ed,fdd13d234902a7bc3e141cdffa2d197c33f15ec2101d43cdaceae1b8da06df3f,fdd13d234902a7bc3e141cdffa2d197c33f15ec2101d43cdaceae1b8da06df3f,"Ripple-carry adder, random inputs",ok,,
2.0.0,E18,e18_full_20260721_131939,2026-07-21T13:19:46.259608+00:00,adder_3,Adder,quantum_adder,4,clifford_t,48,44,0.0833333333333333,8.333333333333337,0.0606060606060605,0.0,0.0,0.0,21,21,0.9999999999999956,True,0.0105559825897216,hybrid_phase1_2,545,8,experiments/e18_clifford_t/run.py,0eb2abde13dc201579ea52a4163575097f6d3d75b705bd858ea956ce6f9952ed,fdd13d234902a7bc3e141cdffa2d197c33f15ec2101d43cdaceae1b8da06df3f,941eecbc2a0b466e9b61b2c6c081e6e3f57c268edad015b8c112c009841c2909,"Ripple-carry adder, random inputs",ok,,
2.0.0,E18,e18_full_20260721_131939,2026-07-21T13:19:46.373224+00:00,iqp_3,IQP,iqp,3,clifford_t,21,15,0.2857142857142857,28.57142857142857,0.0,0.0,0.0,0.0,3,3,0.9999999999999976,True,0.0,greedy_phase1,745,10,experiments/e18_clifford_t/run.py,0eb2abde13dc201579ea52a4163575097f6d3d75b705bd858ea956ce6f9952ed,5e29332c13b30f1be8d590f7175b755682a66b8f48d190258c620591da5c08a5,7d16f02f5af0f70906df1ce41d8e1354c632ad49ca43e73c0f8a8239733bb5a9,"IQP circuit, 3 diagonal layers",ok,,
2.0.0,E18,e18_full_20260721_131939,2026-07-21T13:19:46.373224+00:00,iqp_3,IQP,iqp,3,clifford_t,21,21,0.0,0.0,0.0,0.0,0.0,0.0,3,3,1.0,True,0.0,commutation_phase2,745,10,experiments/e18_clifford_t/run.py,0eb2abde13dc201579ea52a4163575097f6d3d75b705bd858ea956ce6f9952ed,5e29332c13b30f1be8d590f7175b755682a66b8f48d190258c620591da5c08a5,5e29332c13b30f1be8d590f7175b755682a66b8f48d190258c620591da5c08a5,"IQP circuit, 3 diagonal layers",ok,,
2.0.0,E18,e18_full_20260721_131939,2026-07-21T13:19:46.373224+00:00,iqp_3,IQP,iqp,3,clifford_t,21,15,0.2857142857142857,28.57142857142857,0.0,0.0,0.0,0.0,3,3,0.9999999999999976,True,0.0,hybrid_phase1_2,745,10,experiments/e18_clifford_t/run.py,0eb2abde13dc201579ea52a4163575097f6d3d75b705bd858ea956ce6f9952ed,5e29332c13b30f1be8d590f7175b755682a66b8f48d190258c620591da5c08a5,7d16f02f5af0f70906df1ce41d8e1354c632ad49ca43e73c0f8a8239733bb5a9,"IQP circuit, 3 diagonal layers",ok,,
2.0.0,E18,e18_full_20260721_131939,2026-07-21T13:19:46.394668+00:00,clifford_3,RandomClifford,random_clifford,3,clifford_t,25,15,0.4,40.0,0.3333333333333333,0.5,0.5,0.0,0,0,1.0,True,0.0,greedy_phase1,845,11,experiments/e18_clifford_t/run.py,0eb2abde13dc201579ea52a4163575097f6d3d75b705bd858ea956ce6f9952ed,1770f366bb6f8e3d4b616e53ce190ff9d1cac1b5f5c180a3f7902b0bf9cdeb58,d0090de2fa402f14169c4b60268831993c2cd688b1cedd8f564e1a7e8a9ca9df,"Random Clifford, depth=10",ok,,
2.0.0,E18,e18_full_20260721_131939,2026-07-21T13:19:46.404103+00:00,clifford_3,RandomClifford,random_clifford,3,clifford_t,25,23,0.0799999999999999,7.9999999999999964,0.0,0.0,0.0,0.0,0,0,1.0,True,0.0094356536865234,commutation_phase2,845,11,experiments/e18_clifford_t/run.py,0eb2abde13dc201579ea52a4163575097f6d3d75b705bd858ea956ce6f9952ed,1770f366bb6f8e3d4b616e53ce190ff9d1cac1b5f5c180a3f7902b0bf9cdeb58,38ddb3dc5c294142139014b8cdb7785e9ba77788be84c3b5f5019f68283fdf1e,"Random Clifford, depth=10",ok,,
2.0.0,E18,e18_full_20260721_131939,2026-07-21T13:19:46.404103+00:00,clifford_3,RandomClifford,random_clifford,3,clifford_t,25,15,0.4,40.0,0.3333333333333333,0.5,0.5,0.0,0,0,1.0,True,0.0,hybrid_phase1_2,845,11,experiments/e18_clifford_t/run.py,0eb2abde13dc201579ea52a4163575097f6d3d75b705bd858ea956ce6f9952ed,1770f366bb6f8e3d4b616e53ce190ff9d1cac1b5f5c180a3f7902b0bf9cdeb58,d0090de2fa402f14169c4b60268831993c2cd688b1cedd8f564e1a7e8a9ca9df,"Random Clifford, depth=10",ok,,
2.0.0,E18,e18_full_20260721_131939,2026-07-21T13:19:46.418129+00:00,surface_code_3,SurfaceCode,surface_code,5,clifford_t,6,6,0.0,0.0,0.0,0.0,0.0,0.0,0,0,1.0,True,0.0,greedy_phase1,945,12,experiments/e18_clifford_t/run.py,0eb2abde13dc201579ea52a4163575097f6d3d75b705bd858ea956ce6f9952ed,98123c419282ef8d7ead755526545f8d1b8e6129c506a92b5eb114e588eb0ab3,98123c419282ef8d7ead755526545f8d1b8e6129c506a92b5eb114e588eb0ab3,X-stabilizer syndrome extraction,ok,,
2.0.0,E18,e18_full_20260721_131939,2026-07-21T13:19:46.418129+00:00,surface_code_3,SurfaceCode,surface_code,5,clifford_t,6,6,0.0,0.0,0.0,0.0,0.0,0.0,0,0,1.0,True,0.0,commutation_phase2,945,12,experiments/e18_clifford_t/run.py,0eb2abde13dc201579ea52a4163575097f6d3d75b705bd858ea956ce6f9952ed,98123c419282ef8d7ead755526545f8d1b8e6129c506a92b5eb114e588eb0ab3,98123c419282ef8d7ead755526545f8d1b8e6129c506a92b5eb114e588eb0ab3,X-stabilizer syndrome extraction,ok,,
2.0.0,E18,e18_full_20260721_131939,2026-07-21T13:19:46.418129+00:00,surface_code_3,SurfaceCode,surface_code,5,clifford_t,6,6,0.0,0.0,0.0,0.0,0.0,0.0,0,0,1.0,True,0.0,hybrid_phase1_2,945,12,experiments/e18_clifford_t/run.py,0eb2abde13dc201579ea52a4163575097f6d3d75b705bd858ea956ce6f9952ed,98123c419282ef8d7ead755526545f8d1b8e6129c506a92b5eb114e588eb0ab3,98123c419282ef8d7ead755526545f8d1b8e6129c506a92b5eb114e588eb0ab3,X-stabilizer syndrome extraction,ok,,
2.0.0,E18,e18_full_20260721_131939,2026-07-21T13:19:46.714778+00:00,uccsd_3,UCCSD_inspired,uccsd_inspired_ansatz,3,clifford_t,1290,1280,0.0077519379844961,0.7751937984496138,0.0091324200913242,0.0,0.0,0.0,508,508,0.9999999999997556,True,0.1758673191070556,greedy_phase1,1045,13,experiments/e18_clifford_t/run.py,0eb2abde13dc201579ea52a4163575097f6d3d75b705bd858ea956ce6f9952ed,7060ffa816438f17aee269651cf06364c66e16383724ebae81fd714259b2133c,7cbc854b9cd0153b6377d6c28917cae18647a86910414e040a6e606b764562d9,Parameterized ansatz INSPIRED BY (not true) UCCSD; see make_parameterized_ansatz docstring. Renamed from 'UCCSD' to 'UCCSD_inspired' per review L3 to avoid false claim.,ok,,
2.0.0,E18,e18_full_20260721_131939,2026-07-21T13:19:46.766357+00:00,uccsd_3,UCCSD_inspired,uccsd_inspired_ansatz,3,clifford_t,1290,1290,0.0,0.0,0.0,0.0,0.0,0.0,508,508,1.0,True,0.0443496704101562,commutation_phase2,1045,13,experiments/e18_clifford_t/run.py,0eb2abde13dc201579ea52a4163575097f6d3d75b705bd858ea956ce6f9952ed,7060ffa816438f17aee269651cf06364c66e16383724ebae81fd714259b2133c,7060ffa816438f17aee269651cf06364c66e16383724ebae81fd714259b2133c,Parameterized ansatz INSPIRED BY (not true) UCCSD; see make_parameterized_ansatz docstring. Renamed from 'UCCSD' to 'UCCSD_inspired' per review L3 to avoid false claim.,ok,,
2.0.0,E18,e18_full_20260721_131939,2026-07-21T13:19:47.049557+00:00,uccsd_3,UCCSD_inspired,uccsd_inspired_ansatz,3,clifford_t,1290,1276,0.0108527131782946,1.0852713178294615,0.0091324200913242,0.0,0.0,0.0,508,508,0.9999999999997556,True,0.2742674350738525,hybrid_phase1_2,1045,13,experiments/e18_clifford_t/run.py,0eb2abde13dc201579ea52a4163575097f6d3d75b705bd858ea956ce6f9952ed,7060ffa816438f17aee269651cf06364c66e16383724ebae81fd714259b2133c,c875d8635714d215fd0c20bdbc75554eff0a35931203826cf9c1f9bada0f2734,Parameterized ansatz INSPIRED BY (not true) UCCSD; see make_parameterized_ansatz docstring. Renamed from 'UCCSD' to 'UCCSD_inspired' per review L3 to avoid false claim.,ok,,
2.0.0,E18,e18_full_20260721_131939,2026-07-21T13:19:47.151389+00:00,ghz_4,GHZ,ghz,4,clifford_t,4,4,0.0,0.0,0.0,0.0,0.0,0.0,0,0,1.0,True,0.0,greedy_phase1,42,15,experiments/e18_clifford_t/run.py,0eb2abde13dc201579ea52a4163575097f6d3d75b705bd858ea956ce6f9952ed,632a65a86fd9bfab17ccedbd10b32b45490cc33030a23af0d675ad3e8ad7a445,632a65a86fd9bfab17ccedbd10b32b45490cc33030a23af0d675ad3e8ad7a445,,ok,,
2.0.0,E18,e18_full_20260721_131939,2026-07-21T13:19:47.151389+00:00,ghz_4,GHZ,ghz,4,clifford_t,4,4,0.0,0.0,0.0,0.0,0.0,0.0,0,0,1.0,True,0.0,commutation_phase2,42,15,experiments/e18_clifford_t/run.py,0eb2abde13dc201579ea52a4163575097f6d3d75b705bd858ea956ce6f9952ed,632a65a86fd9bfab17ccedbd10b32b45490cc33030a23af0d675ad3e8ad7a445,632a65a86fd9bfab17ccedbd10b32b45490cc33030a23af0d675ad3e8ad7a445,,ok,,
2.0.0,E18,e18_full_20260721_131939,2026-07-21T13:19:47.151389+00:00,ghz_4,GHZ,ghz,4,clifford_t,4,4,0.0,0.0,0.0,0.0,0.0,0.0,0,0,1.0,True,0.0,hybrid_phase1_2,42,15,experiments/e18_clifford_t/run.py,0eb2abde13dc201579ea52a4163575097f6d3d75b705bd858ea956ce6f9952ed,632a65a86fd9bfab17ccedbd10b32b45490cc33030a23af0d675ad3e8ad7a445,632a65a86fd9bfab17ccedbd10b32b45490cc33030a23af0d675ad3e8ad7a445,,ok,,
2.0.0,E18,e18_full_20260721_131939,2026-07-21T13:19:47.170587+00:00,cnot_chain_4,CNOT,cnot_chain,4,clifford_t,24,0,1.0,100.0,1.0,1.0,1.0,0.0,0,0,1.0,True,0.0010054111480712,greedy_phase1,42,16,experiments/e18_clifford_t/run.py,0eb2abde13dc201579ea52a4163575097f6d3d75b705bd858ea956ce6f9952ed,6fc54da90c7d858700af390450b3cb285a393a37b27d0497ac425160a1241dd5,80cb67051feabb1a835727fede3367602f1e692e3ec9d1d7247266c73803bd7d,,ok,,
2.0.0,E18,e18_full_20260721_131939,2026-07-21T13:19:47.173690+00:00,cnot_chain_4,CNOT,cnot_chain,4,clifford_t,24,24,0.0,0.0,0.0,0.0,0.0,0.0,0,0,1.0,True,0.0021038055419921,commutation_phase2,42,16,experiments/e18_clifford_t/run.py,0eb2abde13dc201579ea52a4163575097f6d3d75b705bd858ea956ce6f9952ed,6fc54da90c7d858700af390450b3cb285a393a37b27d0497ac425160a1241dd5,6fc54da90c7d858700af390450b3cb285a393a37b27d0497ac425160a1241dd5,,ok,,
2.0.0,E18,e18_full_20260721_131939,2026-07-21T13:19:47.173690+00:00,cnot_chain_4,CNOT,cnot_chain,4,clifford_t,24,0,1.0,100.0,1.0,1.0,1.0,0.0,0,0,1.0,True,0.0,hybrid_phase1_2,42,16,experiments/e18_clifford_t/run.py,0eb2abde13dc201579ea52a4163575097f6d3d75b705bd858ea956ce6f9952ed,6fc54da90c7d858700af390450b3cb285a393a37b27d0497ac425160a1241dd5,80cb67051feabb1a835727fede3367602f1e692e3ec9d1d7247266c73803bd7d,,ok,,
2.0.0,E18,e18_full_20260721_131939,2026-07-21T13:19:47.184837+00:00,bv_4,Oracle,bernstein_vazirani,5,clifford_t,14,10,0.2857142857142857,28.57142857142857,0.0,0.0,0.0,0.0,0,0,1.0,True,0.0,greedy_phase1,46,17,experiments/e18_clifford_t/run.py,0eb2abde13dc201579ea52a4163575097f6d3d75b705bd858ea956ce6f9952ed,7cc5486c732c1e2b2122d958f646ed106ce357212c589abfc103d632135d2778,c436f8fcb4328e3a70e8e11969ef3bf6f517665bd8403c05fad890f2acac808d,,ok,,
2.0.0,E18,e18_full_20260721_131939,2026-07-21T13:19:47.184837+00:00,bv_4,Oracle,bernstein_vazirani,5,clifford_t,14,14,0.0,0.0,0.0,0.0,0.0,0.0,0,0,1.0,True,0.0,commutation_phase2,46,17,experiments/e18_clifford_t/run.py,0eb2abde13dc201579ea52a4163575097f6d3d75b705bd858ea956ce6f9952ed,7cc5486c732c1e2b2122d958f646ed106ce357212c589abfc103d632135d2778,7cc5486c732c1e2b2122d958f646ed106ce357212c589abfc103d632135d2778,,ok,,
2.0.0,E18,e18_full_20260721_131939,2026-07-21T13:19:47.191938+00:00,bv_4,Oracle,bernstein_vazirani,5,clifford_t,14,10,0.2857142857142857,28.57142857142857,0.0,0.0,0.0,0.0,0,0,1.0,True,0.00710129737854,hybrid_phase1_2,46,17,experiments/e18_clifford_t/run.py,0eb2abde13dc201579ea52a4163575097f6d3d75b705bd858ea956ce6f9952ed,7cc5486c732c1e2b2122d958f646ed106ce357212c589abfc103d632135d2778,c436f8fcb4328e3a70e8e11969ef3bf6f517665bd8403c05fad890f2acac808d,,ok,,
2.0.0,E18,e18_full_20260721_131939,2026-07-21T13:19:48.137422+00:00,adder_4,Adder,quantum_adder,4,clifford_t,48,44,0.0833333333333333,8.333333333333337,0.0606060606060605,0.0,0.0,0.0,21,21,0.9999999999999956,True,0.0007777214050292,greedy_phase1,546,22,experiments/e18_clifford_t/run.py,0eb2abde13dc201579ea52a4163575097f6d3d75b705bd858ea956ce6f9952ed,a455689e7b911471016c1254e37c253b159b85db842cccbbfd1373069ab9a9df,ddb87da6129f5dd09ec204280c663fd749adc538001c9706a71131f97b895faa,"Ripple-carry adder, random inputs",ok,,
2.0.0,E18,e18_full_20260721_131939,2026-07-21T13:19:48.148350+00:00,adder_4,Adder,quantum_adder,4,clifford_t,48,48,0.0,0.0,0.0,0.0,0.0,0.0,21,21,1.0,True,0.010927677154541,commutation_phase2,546,22,experiments/e18_clifford_t/run.py,0eb2abde13dc201579ea52a4163575097f6d3d75b705bd858ea956ce6f9952ed,a455689e7b911471016c1254e37c253b159b85db842cccbbfd1373069ab9a9df,a455689e7b911471016c1254e37c253b159b85db842cccbbfd1373069ab9a9df,"Ripple-carry adder, random inputs",ok,,
2.0.0,E18,e18_full_20260721_131939,2026-07-21T13:19:48.154883+00:00,adder_4,Adder,quantum_adder,4,clifford_t,48,44,0.0833333333333333,8.333333333333337,0.0606060606060605,0.0,0.0,0.0,21,21,0.9999999999999956,True,0.006533145904541,hybrid_phase1_2,546,22,experiments/e18_clifford_t/run.py,0eb2abde13dc201579ea52a4163575097f6d3d75b705bd858ea956ce6f9952ed,a455689e7b911471016c1254e37c253b159b85db842cccbbfd1373069ab9a9df,ddb87da6129f5dd09ec204280c663fd749adc538001c9706a71131f97b895faa,"Ripple-carry adder, random inputs",ok,,
2.0.0,E18,e18_full_20260721_131939,2026-07-21T13:19:48.283649+00:00,iqp_4,IQP,iqp,4,clifford_t,15,15,0.0,0.0,0.0,0.0,0.0,0.0,5,5,1.0,True,0.0,greedy_phase1,746,24,experiments/e18_clifford_t/run.py,0eb2abde13dc201579ea52a4163575097f6d3d75b705bd858ea956ce6f9952ed,2a949dfdbbb243c934e453199d7a25bccb8b5cd2e1bf373ffc8826e7a57d39d3,2a949dfdbbb243c934e453199d7a25bccb8b5cd2e1bf373ffc8826e7a57d39d3,"IQP circuit, 3 diagonal layers",ok,,
2.0.0,E18,e18_full_20260721_131939,2026-07-21T13:19:48.285650+00:00,iqp_4,IQP,iqp,4,clifford_t,15,15,0.0,0.0,0.0,0.0,0.0,0.0,5,5,1.0,True,0.0010011196136474,commutation_phase2,746,24,experiments/e18_clifford_t/run.py,0eb2abde13dc201579ea52a4163575097f6d3d75b705bd858ea956ce6f9952ed,2a949dfdbbb243c934e453199d7a25bccb8b5cd2e1bf373ffc8826e7a57d39d3,2a949dfdbbb243c934e453199d7a25bccb8b5cd2e1bf373ffc8826e7a57d39d3,"IQP circuit, 3 diagonal layers",ok,,
2.0.0,E18,e18_full_20260721_131939,2026-07-21T13:19:48.286647+00:00,iqp_4,IQP,iqp,4,clifford_t,15,15,0.0,0.0,0.0,0.0,0.0,0.0,5,5,1.0,True,0.0009973049163818,hybrid_phase1_2,746,24,experiments/e18_clifford_t/run.py,0eb2abde13dc201579ea52a4163575097f6d3d75b705bd858ea956ce6f9952ed,2a949dfdbbb243c934e453199d7a25bccb8b5cd2e1bf373ffc8826e7a57d39d3,2a949dfdbbb243c934e453199d7a25bccb8b5cd2e1bf373ffc8826e7a57d39d3,"IQP circuit, 3 diagonal layers",ok,,
2.0.0,E18,e18_full_20260721_131939,2026-07-21T13:19:48.304019+00:00,clifford_4,RandomClifford,random_clifford,4,clifford_t,28,26,0.0714285714285714,7.14285714285714,0.0,0.0,0.0,0.0,0,0,1.0,True,0.0,greedy_phase1,846,25,experiments/e18_clifford_t/run.py,0eb2abde13dc201579ea52a4163575097f6d3d75b705bd858ea956ce6f9952ed,0ad1e1bc9bfe68bbbe6a004c6d0e0216322c792a44e178fa29fdd38ad9da2943,9bb4303de17b45d1808ae1964c0d5582fabe324f10bab8461f4d592feb0cd713,"Random Clifford, depth=10",ok,,
2.0.0,E18,e18_full_20260721_131939,2026-07-21T13:19:48.304019+00:00,clifford_4,RandomClifford,random_clifford,4,clifford_t,28,28,0.0,0.0,0.0,0.0,0.0,0.0,0,0,1.0,True,0.0,commutation_phase2,846,25,experiments/e18_clifford_t/run.py,0eb2abde13dc201579ea52a4163575097f6d3d75b705bd858ea956ce6f9952ed,0ad1e1bc9bfe68bbbe6a004c6d0e0216322c792a44e178fa29fdd38ad9da2943,0ad1e1bc9bfe68bbbe6a004c6d0e0216322c792a44e178fa29fdd38ad9da2943,"Random Clifford, depth=10",ok,,
2.0.0,E18,e18_full_20260721_131939,2026-07-21T13:19:48.304019+00:00,clifford_4,RandomClifford,random_clifford,4,clifford_t,28,26,0.0714285714285714,7.14285714285714,0.0,0.0,0.0,0.0,0,0,1.0,True,0.0,hybrid_phase1_2,846,25,experiments/e18_clifford_t/run.py,0eb2abde13dc201579ea52a4163575097f6d3d75b705bd858ea956ce6f9952ed,0ad1e1bc9bfe68bbbe6a004c6d0e0216322c792a44e178fa29fdd38ad9da2943,9bb4303de17b45d1808ae1964c0d5582fabe324f10bab8461f4d592feb0cd713,"Random Clifford, depth=10",ok,,
2.0.0,E18,e18_full_20260721_131939,2026-07-21T13:19:48.326398+00:00,surface_code_4,SurfaceCode,surface_code,5,clifford_t,7,7,0.0,0.0,0.0,0.0,0.0,0.0,0,0,1.0,True,0.0,greedy_phase1,946,26,experiments/e18_clifford_t/run.py,0eb2abde13dc201579ea52a4163575097f6d3d75b705bd858ea956ce6f9952ed,7de15138171180eddd35e0f29e3e3ce11f0b20302daab2bc45c5be3302e9cf4d,7de15138171180eddd35e0f29e3e3ce11f0b20302daab2bc45c5be3302e9cf4d,X-stabilizer syndrome extraction,ok,,
2.0.0,E18,e18_full_20260721_131939,2026-07-21T13:19:48.326398+00:00,surface_code_4,SurfaceCode,surface_code,5,clifford_t,7,7,0.0,0.0,0.0,0.0,0.0,0.0,0,0,1.0,True,0.0,commutation_phase2,946,26,experiments/e18_clifford_t/run.py,0eb2abde13dc201579ea52a4163575097f6d3d75b705bd858ea956ce6f9952ed,7de15138171180eddd35e0f29e3e3ce11f0b20302daab2bc45c5be3302e9cf4d,7de15138171180eddd35e0f29e3e3ce11f0b20302daab2bc45c5be3302e9cf4d,X-stabilizer syndrome extraction,ok,,
2.0.0,E18,e18_full_20260721_131939,2026-07-21T13:19:48.333314+00:00,surface_code_4,SurfaceCode,surface_code,5,clifford_t,7,7,0.0,0.0,0.0,0.0,0.0,0.0,0,0,1.0,True,0.0,hybrid_phase1_2,946,26,experiments/e18_clifford_t/run.py,0eb2abde13dc201579ea52a4163575097f6d3d75b705bd858ea956ce6f9952ed,7de15138171180eddd35e0f29e3e3ce11f0b20302daab2bc45c5be3302e9cf4d,7de15138171180eddd35e0f29e3e3ce11f0b20302daab2bc45c5be3302e9cf4d,X-stabilizer syndrome extraction,ok,,
2.0.0,E18,e18_full_20260721_131939,2026-07-21T13:19:48.750948+00:00,ghz_5,GHZ,ghz,5,clifford_t,5,5,0.0,0.0,0.0,0.0,0.0,0.0,0,0,1.0,True,0.0009233951568603,greedy_phase1,42,29,experiments/e18_clifford_t/run.py,0eb2abde13dc201579ea52a4163575097f6d3d75b705bd858ea956ce6f9952ed,9b447880da17df1481cf3dcf189e408bcf3ffb9a777e32fe94ef9e32d4b50e94,9b447880da17df1481cf3dcf189e408bcf3ffb9a777e32fe94ef9e32d4b50e94,,ok,,
2.0.0,E18,e18_full_20260721_131939,2026-07-21T13:19:48.750948+00:00,ghz_5,GHZ,ghz,5,clifford_t,5,5,0.0,0.0,0.0,0.0,0.0,0.0,0,0,1.0,True,0.0,commutation_phase2,42,29,experiments/e18_clifford_t/run.py,0eb2abde13dc201579ea52a4163575097f6d3d75b705bd858ea956ce6f9952ed,9b447880da17df1481cf3dcf189e408bcf3ffb9a777e32fe94ef9e32d4b50e94,9b447880da17df1481cf3dcf189e408bcf3ffb9a777e32fe94ef9e32d4b50e94,,ok,,
2.0.0,E18,e18_full_20260721_131939,2026-07-21T13:19:48.752991+00:00,ghz_5,GHZ,ghz,5,clifford_t,5,5,0.0,0.0,0.0,0.0,0.0,0.0,0,0,1.0,True,0.0,hybrid_phase1_2,42,29,experiments/e18_clifford_t/run.py,0eb2abde13dc201579ea52a4163575097f6d3d75b705bd858ea956ce6f9952ed,9b447880da17df1481cf3dcf189e408bcf3ffb9a777e32fe94ef9e32d4b50e94,9b447880da17df1481cf3dcf189e408bcf3ffb9a777e32fe94ef9e32d4b50e94,,ok,,
2.0.0,E18,e18_full_20260721_131939,2026-07-21T13:19:48.773344+00:00,cnot_chain_5,CNOT,cnot_chain,5,clifford_t,32,0,1.0,100.0,1.0,1.0,1.0,0.0,0,0,1.0,True,0.0018515586853027,greedy_phase1,42,30,experiments/e18_clifford_t/run.py,0eb2abde13dc201579ea52a4163575097f6d3d75b705bd858ea956ce6f9952ed,e171e616728bce5cf25c4326a3209dda0942fab578fb6384cae93d6986213bb4,d900145c7aa9a8445b64ae03fa38aac98c011bc4da18f1c6410a099f9cb9412c,,ok,,
2.0.0,E18,e18_full_20260721_131939,2026-07-21T13:19:48.774367+00:00,cnot_chain_5,CNOT,cnot_chain,5,clifford_t,32,32,0.0,0.0,0.0,0.0,0.0,0.0,0,0,1.0,True,0.0005285739898681,commutation_phase2,42,30,experiments/e18_clifford_t/run.py,0eb2abde13dc201579ea52a4163575097f6d3d75b705bd858ea956ce6f9952ed,e171e616728bce5cf25c4326a3209dda0942fab578fb6384cae93d6986213bb4,e171e616728bce5cf25c4326a3209dda0942fab578fb6384cae93d6986213bb4,,ok,,
2.0.0,E18,e18_full_20260721_131939,2026-07-21T13:19:48.781177+00:00,cnot_chain_5,CNOT,cnot_chain,5,clifford_t,32,0,1.0,100.0,1.0,1.0,1.0,0.0,0,0,1.0,True,0.0068099498748779,hybrid_phase1_2,42,30,experiments/e18_clifford_t/run.py,0eb2abde13dc201579ea52a4163575097f6d3d75b705bd858ea956ce6f9952ed,e171e616728bce5cf25c4326a3209dda0942fab578fb6384cae93d6986213bb4,d900145c7aa9a8445b64ae03fa38aac98c011bc4da18f1c6410a099f9cb9412c,,ok,,
2.0.0,E18,e18_full_20260721_131939,2026-07-21T13:19:48.796207+00:00,bv_5,Oracle,bernstein_vazirani,6,clifford_t,16,10,0.375,37.5,0.0,0.0,0.0,0.0,0,0,1.0,True,0.0,greedy_phase1,47,31,experiments/e18_clifford_t/run.py,0eb2abde13dc201579ea52a4163575097f6d3d75b705bd858ea956ce6f9952ed,eb445c37d713dfac55eba5b3e232868a0de033339c15c01afd9cb16a7ded19c4,19d20a09bdd07b0bb54ff61337c18a64f04a0ccea80f1d91b6fa9860cb9bc4c5,,ok,,
2.0.0,E18,e18_full_20260721_131939,2026-07-21T13:19:48.796207+00:00,bv_5,Oracle,bernstein_vazirani,6,clifford_t,16,16,0.0,0.0,0.0,0.0,0.0,0.0,0,0,1.0,True,0.0,commutation_phase2,47,31,experiments/e18_clifford_t/run.py,0eb2abde13dc201579ea52a4163575097f6d3d75b705bd858ea956ce6f9952ed,eb445c37d713dfac55eba5b3e232868a0de033339c15c01afd9cb16a7ded19c4,eb445c37d713dfac55eba5b3e232868a0de033339c15c01afd9cb16a7ded19c4,,ok,,
2.0.0,E18,e18_full_20260721_131939,2026-07-21T13:19:48.803280+00:00,bv_5,Oracle,bernstein_vazirani,6,clifford_t,16,10,0.375,37.5,0.0,0.0,0.0,0.0,0,0,1.0,True,0.0070736408233642,hybrid_phase1_2,47,31,experiments/e18_clifford_t/run.py,0eb2abde13dc201579ea52a4163575097f6d3d75b705bd858ea956ce6f9952ed,eb445c37d713dfac55eba5b3e232868a0de033339c15c01afd9cb16a7ded19c4,19d20a09bdd07b0bb54ff61337c18a64f04a0ccea80f1d91b6fa9860cb9bc4c5,,ok,,
2.0.0,E18,e18_full_20260721_131939,2026-07-21T13:19:50.104954+00:00,adder_5,Adder,quantum_adder,7,clifford_t,98,90,0.0816326530612244,8.163265306122447,0.0799999999999999,0.0,0.0,0.0,42,42,0.9999999999999908,True,0.0421454906463623,greedy_phase1,547,36,experiments/e18_clifford_t/run.py,0eb2abde13dc201579ea52a4163575097f6d3d75b705bd858ea956ce6f9952ed,26f5d17546eb7bde99466ed132417d1271e7094131d06b512a28ba7623b8fa44,1ea0932ebb32b627324118385c17adedb04bf60d1e46335f6731a2fc7b7e4795,"Ripple-carry adder, random inputs",ok,,
2.0.0,E18,e18_full_20260721_131939,2026-07-21T13:19:50.110038+00:00,adder_5,Adder,quantum_adder,7,clifford_t,98,98,0.0,0.0,0.0,0.0,0.0,0.0,42,42,1.0,True,0.0029125213623046,commutation_phase2,547,36,experiments/e18_clifford_t/run.py,0eb2abde13dc201579ea52a4163575097f6d3d75b705bd858ea956ce6f9952ed,26f5d17546eb7bde99466ed132417d1271e7094131d06b512a28ba7623b8fa44,26f5d17546eb7bde99466ed132417d1271e7094131d06b512a28ba7623b8fa44,"Ripple-carry adder, random inputs",ok,,
2.0.0,E18,e18_full_20260721_131939,2026-07-21T13:19:50.115213+00:00,adder_5,Adder,quantum_adder,7,clifford_t,98,90,0.0816326530612244,8.163265306122447,0.0799999999999999,0.0,0.0,0.0,42,42,0.9999999999999908,True,0.0051751136779785,hybrid_phase1_2,547,36,experiments/e18_clifford_t/run.py,0eb2abde13dc201579ea52a4163575097f6d3d75b705bd858ea956ce6f9952ed,26f5d17546eb7bde99466ed132417d1271e7094131d06b512a28ba7623b8fa44,1ea0932ebb32b627324118385c17adedb04bf60d1e46335f6731a2fc7b7e4795,"Ripple-carry adder, random inputs",ok,,
2.0.0,E18,e18_full_20260721_131939,2026-07-21T13:19:50.426653+00:00,iqp_5,IQP,iqp,5,clifford_t,34,26,0.2352941176470588,23.529411764705888,0.1428571428571429,0.0,0.0,0.0,2,2,0.9999999999999948,True,0.0,greedy_phase1,747,38,experiments/e18_clifford_t/run.py,0eb2abde13dc201579ea52a4163575097f6d3d75b705bd858ea956ce6f9952ed,6e3465038630418bdf2c14b4bf57eb4883bb9f09519e2da71589acacf57babb1,3ad9565aa4ba6914b5cfb3f17a8ce719e83bb8eada63e6d81e172655b44083f1,"IQP circuit, 3 diagonal layers",ok,,
2.0.0,E18,e18_full_20260721_131939,2026-07-21T13:19:50.437451+00:00,iqp_5,IQP,iqp,5,clifford_t,34,34,0.0,0.0,0.0,0.0,0.0,0.0,2,2,1.0,True,0.001211404800415,commutation_phase2,747,38,experiments/e18_clifford_t/run.py,0eb2abde13dc201579ea52a4163575097f6d3d75b705bd858ea956ce6f9952ed,6e3465038630418bdf2c14b4bf57eb4883bb9f09519e2da71589acacf57babb1,6e3465038630418bdf2c14b4bf57eb4883bb9f09519e2da71589acacf57babb1,"IQP circuit, 3 diagonal layers",ok,,
2.0.0,E18,e18_full_20260721_131939,2026-07-21T13:19:50.437451+00:00,iqp_5,IQP,iqp,5,clifford_t,34,24,0.2941176470588235,29.411764705882348,0.2857142857142857,0.4,0.4,0.0,2,2,0.9999999999999948,True,0.0,hybrid_phase1_2,747,38,experiments/e18_clifford_t/run.py,0eb2abde13dc201579ea52a4163575097f6d3d75b705bd858ea956ce6f9952ed,6e3465038630418bdf2c14b4bf57eb4883bb9f09519e2da71589acacf57babb1,cce040421f114783301142217879f03554914cc0171a662af8a7153ee0009226,"IQP circuit, 3 diagonal layers",ok,,
2.0.0,E18,e18_full_20260721_131939,2026-07-21T13:19:50.462928+00:00,clifford_5,RandomClifford,random_clifford,5,clifford_t,44,32,0.2727272727272727,27.27272727272727,0.2307692307692307,0.4,0.4,0.0,0,0,1.0,True,0.0,greedy_phase1,847,39,experiments/e18_clifford_t/run.py,0eb2abde13dc201579ea52a4163575097f6d3d75b705bd858ea956ce6f9952ed,5d75ed4d3c75c9fdbdd04a3c806790d5276d07e34883582fab61f0f4739a1b4f,c5954fb3369da7553902ec1b7de4c11342174f105a932c8c12385a338ce7b7e4,"Random Clifford, depth=10",ok,,
2.0.0,E18,e18_full_20260721_131939,2026-07-21T13:19:50.472113+00:00,clifford_5,RandomClifford,random_clifford,5,clifford_t,44,42,0.0454545454545454,4.545454545454541,0.0,0.0,0.0,0.0,0,0,1.0,True,0.0091848373413085,commutation_phase2,847,39,experiments/e18_clifford_t/run.py,0eb2abde13dc201579ea52a4163575097f6d3d75b705bd858ea956ce6f9952ed,5d75ed4d3c75c9fdbdd04a3c806790d5276d07e34883582fab61f0f4739a1b4f,5f31766ba5da04959581c8dd45002084cfa69976e5fad65b494718f87ba8a064,"Random Clifford, depth=10",ok,,
2.0.0,E18,e18_full_20260721_131939,2026-07-21T13:19:50.478109+00:00,clifford_5,RandomClifford,random_clifford,5,clifford_t,44,32,0.2727272727272727,27.27272727272727,0.2307692307692307,0.4,0.4,0.0,0,0,1.0,True,0.0039899349212646,hybrid_phase1_2,847,39,experiments/e18_clifford_t/run.py,0eb2abde13dc201579ea52a4163575097f6d3d75b705bd858ea956ce6f9952ed,5d75ed4d3c75c9fdbdd04a3c806790d5276d07e34883582fab61f0f4739a1b4f,c5954fb3369da7553902ec1b7de4c11342174f105a932c8c12385a338ce7b7e4,"Random Clifford, depth=10",ok,,
2.0.0,E18,e18_full_20260721_131939,2026-07-21T13:19:50.492210+00:00,surface_code_5,SurfaceCode,surface_code,6,clifford_t,8,8,0.0,0.0,0.0,0.0,0.0,0.0,0,0,1.0,True,0.0,greedy_phase1,947,40,experiments/e18_clifford_t/run.py,0eb2abde13dc201579ea52a4163575097f6d3d75b705bd858ea956ce6f9952ed,06c44d32c85d1c06864d6f9775908c5d875e7b32ddcad6ee5dfed8d86c27ca6f,06c44d32c85d1c06864d6f9775908c5d875e7b32ddcad6ee5dfed8d86c27ca6f,X-stabilizer syndrome extraction,ok,,
2.0.0,E18,e18_full_20260721_131939,2026-07-21T13:19:50.492950+00:00,surface_code_5,SurfaceCode,surface_code,6,clifford_t,8,8,0.0,0.0,0.0,0.0,0.0,0.0,0,0,1.0,True,0.0007393360137939,commutation_phase2,947,40,experiments/e18_clifford_t/run.py,0eb2abde13dc201579ea52a4163575097f6d3d75b705bd858ea956ce6f9952ed,06c44d32c85d1c06864d6f9775908c5d875e7b32ddcad6ee5dfed8d86c27ca6f,06c44d32c85d1c06864d6f9775908c5d875e7b32ddcad6ee5dfed8d86c27ca6f,X-stabilizer syndrome extraction,ok,,
2.0.0,E18,e18_full_20260721_131939,2026-07-21T13:19:50.492950+00:00,surface_code_5,SurfaceCode,surface_code,6,clifford_t,8,8,0.0,0.0,0.0,0.0,0.0,0.0,0,0,1.0,True,0.0,hybrid_phase1_2,947,40,experiments/e18_clifford_t/run.py,0eb2abde13dc201579ea52a4163575097f6d3d75b705bd858ea956ce6f9952ed,06c44d32c85d1c06864d6f9775908c5d875e7b32ddcad6ee5dfed8d86c27ca6f,06c44d32c85d1c06864d6f9775908c5d875e7b32ddcad6ee5dfed8d86c27ca6f,X-stabilizer syndrome extraction,ok,,
2.0.0,E18,e18_full_20260721_131939,2026-07-21T13:19:51.147151+00:00,ghz_6,GHZ,ghz,6,clifford_t,6,6,0.0,0.0,0.0,0.0,0.0,0.0,0,0,1.0,True,0.0,greedy_phase1,42,43,experiments/e18_clifford_t/run.py,0eb2abde13dc201579ea52a4163575097f6d3d75b705bd858ea956ce6f9952ed,df499dded1e0518f2f6266b9f0e35d3c81e6057b5ba6e6decbb0f26370e5bb03,df499dded1e0518f2f6266b9f0e35d3c81e6057b5ba6e6decbb0f26370e5bb03,,ok,,
2.0.0,E18,e18_full_20260721_131939,2026-07-21T13:19:51.150160+00:00,ghz_6,GHZ,ghz,6,clifford_t,6,6,0.0,0.0,0.0,0.0,0.0,0.0,0,0,1.0,True,0.0,commutation_phase2,42,43,experiments/e18_clifford_t/run.py,0eb2abde13dc201579ea52a4163575097f6d3d75b705bd858ea956ce6f9952ed,df499dded1e0518f2f6266b9f0e35d3c81e6057b5ba6e6decbb0f26370e5bb03,df499dded1e0518f2f6266b9f0e35d3c81e6057b5ba6e6decbb0f26370e5bb03,,ok,,
2.0.0,E18,e18_full_20260721_131939,2026-07-21T13:19:51.153378+00:00,ghz_6,GHZ,ghz,6,clifford_t,6,6,0.0,0.0,0.0,0.0,0.0,0.0,0,0,1.0,True,0.0009994506835937,hybrid_phase1_2,42,43,experiments/e18_clifford_t/run.py,0eb2abde13dc201579ea52a4163575097f6d3d75b705bd858ea956ce6f9952ed,df499dded1e0518f2f6266b9f0e35d3c81e6057b5ba6e6decbb0f26370e5bb03,df499dded1e0518f2f6266b9f0e35d3c81e6057b5ba6e6decbb0f26370e5bb03,,ok,,
2.0.0,E18,e18_full_20260721_131939,2026-07-21T13:19:51.186309+00:00,cnot_chain_6,CNOT,cnot_chain,6,clifford_t,40,0,1.0,100.0,1.0,1.0,1.0,0.0,0,0,1.0,True,0.0020718574523925,greedy_phase1,42,44,experiments/e18_clifford_t/run.py,0eb2abde13dc201579ea52a4163575097f6d3d75b705bd858ea956ce6f9952ed,22f142973da5c2c54c1f236679707742fb68faf62343b63a082403f00c25799c,995ca4ef9eaba10dd58f1ab322947f30c40e0f095185660849ca98aed2848347,,ok,,
2.0.0,E18,e18_full_20260721_131939,2026-07-21T13:19:51.188403+00:00,cnot_chain_6,CNOT,cnot_chain,6,clifford_t,40,40,0.0,0.0,0.0,0.0,0.0,0.0,0,0,1.0,True,0.0020942687988281,commutation_phase2,42,44,experiments/e18_clifford_t/run.py,0eb2abde13dc201579ea52a4163575097f6d3d75b705bd858ea956ce6f9952ed,22f142973da5c2c54c1f236679707742fb68faf62343b63a082403f00c25799c,22f142973da5c2c54c1f236679707742fb68faf62343b63a082403f00c25799c,,ok,,
2.0.0,E18,e18_full_20260721_131939,2026-07-21T13:19:51.193098+00:00,cnot_chain_6,CNOT,cnot_chain,6,clifford_t,40,0,1.0,100.0,1.0,1.0,1.0,0.0,0,0,1.0,True,0.0026888847351074,hybrid_phase1_2,42,44,experiments/e18_clifford_t/run.py,0eb2abde13dc201579ea52a4163575097f6d3d75b705bd858ea956ce6f9952ed,22f142973da5c2c54c1f236679707742fb68faf62343b63a082403f00c25799c,995ca4ef9eaba10dd58f1ab322947f30c40e0f095185660849ca98aed2848347,,ok,,
2.0.0,E18,e18_full_20260721_131939,2026-07-21T13:19:51.210814+00:00,bv_6,Oracle,bernstein_vazirani,7,clifford_t,19,13,0.3157894736842105,31.57894736842105,0.0,0.0,0.0,0.0,0,0,1.0,True,0.0010006427764892,greedy_phase1,48,45,experiments/e18_clifford_t/run.py,0eb2abde13dc201579ea52a4163575097f6d3d75b705bd858ea956ce6f9952ed,ad7360e8f5bdb2c4259314f720a6bd4e8340ec0ef0323d9122f48658d48af989,78b7b27c70edc7d8f4b0549550a7ece98ca59e716c1b1c4bf9d4d1c75207a1e9,,ok,,
2.0.0,E18,e18_full_20260721_131939,2026-07-21T13:19:51.211815+00:00,bv_6,Oracle,bernstein_vazirani,7,clifford_t,19,19,0.0,0.0,0.0,0.0,0.0,0.0,0,0,1.0,True,0.0010011196136474,commutation_phase2,48,45,experiments/e18_clifford_t/run.py,0eb2abde13dc201579ea52a4163575097f6d3d75b705bd858ea956ce6f9952ed,ad7360e8f5bdb2c4259314f720a6bd4e8340ec0ef0323d9122f48658d48af989,ad7360e8f5bdb2c4259314f720a6bd4e8340ec0ef0323d9122f48658d48af989,,ok,,
2.0.0,E18,e18_full_20260721_131939,2026-07-21T13:19:51.215816+00:00,bv_6,Oracle,bernstein_vazirani,7,clifford_t,19,13,0.3157894736842105,31.57894736842105,0.0,0.0,0.0,0.0,0,0,1.0,True,0.0040009021759033,hybrid_phase1_2,48,45,experiments/e18_clifford_t/run.py,0eb2abde13dc201579ea52a4163575097f6d3d75b705bd858ea956ce6f9952ed,ad7360e8f5bdb2c4259314f720a6bd4e8340ec0ef0323d9122f48658d48af989,78b7b27c70edc7d8f4b0549550a7ece98ca59e716c1b1c4bf9d4d1c75207a1e9,,ok,,
2.0.0,E18,e18_full_20260721_131939,2026-07-21T13:19:52.804414+00:00,adder_6,Adder,quantum_adder,7,clifford_t,96,88,0.0833333333333333,8.333333333333337,0.0799999999999999,0.0,0.0,0.0,42,42,0.9999999999999908,True,0.055394172668457,greedy_phase1,548,50,experiments/e18_clifford_t/run.py,0eb2abde13dc201579ea52a4163575097f6d3d75b705bd858ea956ce6f9952ed,346d23a8badae72180130b460d7481821a7623cdb2de03a4f439e0a31f8449e3,8e472fb965e4f8230791c4c300881e51956c31f5fcc2a6cb95a9c720da77d6d9,"Ripple-carry adder, random inputs",ok,,
2.0.0,E18,e18_full_20260721_131939,2026-07-21T13:19:52.804414+00:00,adder_6,Adder,quantum_adder,7,clifford_t,96,96,0.0,0.0,0.0,0.0,0.0,0.0,42,42,1.0,True,0.0,commutation_phase2,548,50,experiments/e18_clifford_t/run.py,0eb2abde13dc201579ea52a4163575097f6d3d75b705bd858ea956ce6f9952ed,346d23a8badae72180130b460d7481821a7623cdb2de03a4f439e0a31f8449e3,346d23a8badae72180130b460d7481821a7623cdb2de03a4f439e0a31f8449e3,"Ripple-carry adder, random inputs",ok,,
2.0.0,E18,e18_full_20260721_131939,2026-07-21T13:19:52.828996+00:00,adder_6,Adder,quantum_adder,7,clifford_t,96,88,0.0833333333333333,8.333333333333337,0.0799999999999999,0.0,0.0,0.0,42,42,0.9999999999999908,True,0.0234484672546386,hybrid_phase1_2,548,50,experiments/e18_clifford_t/run.py,0eb2abde13dc201579ea52a4163575097f6d3d75b705bd858ea956ce6f9952ed,346d23a8badae72180130b460d7481821a7623cdb2de03a4f439e0a31f8449e3,8e472fb965e4f8230791c4c300881e51956c31f5fcc2a6cb95a9c720da77d6d9,"Ripple-carry adder, random inputs",ok,,
2.0.0,E18,e18_full_20260721_131939,2026-07-21T13:19:53.395219+00:00,iqp_6,IQP,iqp,6,clifford_t,50,46,0.0799999999999999,7.9999999999999964,0.0526315789473684,0.0,0.0,0.0,9,9,0.9999999999999896,True,0.0148179531097412,greedy_phase1,748,52,experiments/e18_clifford_t/run.py,0eb2abde13dc201579ea52a4163575097f6d3d75b705bd858ea956ce6f9952ed,fc0b8059b8fefde76cbbb0b8b855dbae73acd8faf009376ee2ec579a8fed44c3,2566ff4d51b870524ed5313fab8e94630c117b57b2d2a5ed4ddd204eede7fc29,"IQP circuit, 3 diagonal layers",ok,,
2.0.0,E18,e18_full_20260721_131939,2026-07-21T13:19:53.399260+00:00,iqp_6,IQP,iqp,6,clifford_t,50,50,0.0,0.0,0.0,0.0,0.0,0.0,9,9,1.0,True,0.0030438899993896,commutation_phase2,748,52,experiments/e18_clifford_t/run.py,0eb2abde13dc201579ea52a4163575097f6d3d75b705bd858ea956ce6f9952ed,fc0b8059b8fefde76cbbb0b8b855dbae73acd8faf009376ee2ec579a8fed44c3,fc0b8059b8fefde76cbbb0b8b855dbae73acd8faf009376ee2ec579a8fed44c3,"IQP circuit, 3 diagonal layers",ok,,
2.0.0,E18,e18_full_20260721_131939,2026-07-21T13:19:53.408176+00:00,iqp_6,IQP,iqp,6,clifford_t,50,46,0.0799999999999999,7.9999999999999964,0.0526315789473684,0.0,0.0,0.0,9,9,0.9999999999999896,True,0.0079143047332763,hybrid_phase1_2,748,52,experiments/e18_clifford_t/run.py,0eb2abde13dc201579ea52a4163575097f6d3d75b705bd858ea956ce6f9952ed,fc0b8059b8fefde76cbbb0b8b855dbae73acd8faf009376ee2ec579a8fed44c3,2566ff4d51b870524ed5313fab8e94630c117b57b2d2a5ed4ddd204eede7fc29,"IQP circuit, 3 diagonal layers",ok,,
2.0.0,E18,e18_full_20260721_131939,2026-07-21T13:19:53.434505+00:00,clifford_6,RandomClifford,random_clifford,6,clifford_t,45,33,0.2666666666666667,26.66666666666667,0.0,0.0,0.0,0.0,0,0,1.0,True,0.0030698776245117,greedy_phase1,848,53,experiments/e18_clifford_t/run.py,0eb2abde13dc201579ea52a4163575097f6d3d75b705bd858ea956ce6f9952ed,16c570052af796f5ee27c851416fc056f152e8d5e8251835622aec120ea38b89,af2df39dd887f2f8e68d3335b3dafb77d4efa08a12090a9d72eeb9310495b85a,"Random Clifford, depth=10",ok,,
2.0.0,E18,e18_full_20260721_131939,2026-07-21T13:19:53.440257+00:00,clifford_6,RandomClifford,random_clifford,6,clifford_t,45,43,0.0444444444444444,4.444444444444439,0.0,0.0,0.0,0.0,0,0,1.0,True,0.0047411918640136,commutation_phase2,848,53,experiments/e18_clifford_t/run.py,0eb2abde13dc201579ea52a4163575097f6d3d75b705bd858ea956ce6f9952ed,16c570052af796f5ee27c851416fc056f152e8d5e8251835622aec120ea38b89,7febd81e7812df2ddb2925eaf4b5627a71b98bae7aa41b52c4a6ee329fbbc577,"Random Clifford, depth=10",ok,,
2.0.0,E18,e18_full_20260721_131939,2026-07-21T13:19:53.450100+00:00,clifford_6,RandomClifford,random_clifford,6,clifford_t,45,33,0.2666666666666667,26.66666666666667,0.0,0.0,0.0,0.0,0,0,1.0,True,0.0088496208190917,hybrid_phase1_2,848,53,experiments/e18_clifford_t/run.py,0eb2abde13dc201579ea52a4163575097f6d3d75b705bd858ea956ce6f9952ed,16c570052af796f5ee27c851416fc056f152e8d5e8251835622aec120ea38b89,af2df39dd887f2f8e68d3335b3dafb77d4efa08a12090a9d72eeb9310495b85a,"Random Clifford, depth=10",ok,,
2.0.0,E18,e18_full_20260721_131939,2026-07-21T13:19:53.472860+00:00,surface_code_6,SurfaceCode,surface_code,7,clifford_t,10,10,0.0,0.0,0.0,0.0,0.0,0.0,0,0,1.0,True,0.0,greedy_phase1,948,54,experiments/e18_clifford_t/run.py,0eb2abde13dc201579ea52a4163575097f6d3d75b705bd858ea956ce6f9952ed,50acc8cca2f23db161ca0e99de8435635242080dcd80d6ee45c483913667385d,50acc8cca2f23db161ca0e99de8435635242080dcd80d6ee45c483913667385d,X-stabilizer syndrome extraction,ok,,
2.0.0,E18,e18_full_20260721_131939,2026-07-21T13:19:53.472860+00:00,surface_code_6,SurfaceCode,surface_code,7,clifford_t,10,10,0.0,0.0,0.0,0.0,0.0,0.0,0,0,1.0,True,0.0,commutation_phase2,948,54,experiments/e18_clifford_t/run.py,0eb2abde13dc201579ea52a4163575097f6d3d75b705bd858ea956ce6f9952ed,50acc8cca2f23db161ca0e99de8435635242080dcd80d6ee45c483913667385d,50acc8cca2f23db161ca0e99de8435635242080dcd80d6ee45c483913667385d,X-stabilizer syndrome extraction,ok,,
2.0.0,E18,e18_full_20260721_131939,2026-07-21T13:19:53.481001+00:00,surface_code_6,SurfaceCode,surface_code,7,clifford_t,10,10,0.0,0.0,0.0,0.0,0.0,0.0,0,0,1.0,True,0.0064015388488769,hybrid_phase1_2,948,54,experiments/e18_clifford_t/run.py,0eb2abde13dc201579ea52a4163575097f6d3d75b705bd858ea956ce6f9952ed,50acc8cca2f23db161ca0e99de8435635242080dcd80d6ee45c483913667385d,50acc8cca2f23db161ca0e99de8435635242080dcd80d6ee45c483913667385d,X-stabilizer syndrome extraction,ok,,
2.0.0,E18,e18_full_20260721_131939,2026-07-21T13:19:54.393122+00:00,ghz_7,GHZ,ghz,7,clifford_t,7,7,0.0,0.0,0.0,0.0,0.0,0.0,0,0,1.0,True,0.0,greedy_phase1,42,57,experiments/e18_clifford_t/run.py,0eb2abde13dc201579ea52a4163575097f6d3d75b705bd858ea956ce6f9952ed,5d2b19a891ee88a81180182054c94ec0df6be5a64a75fed94df49e80b66bba5d,5d2b19a891ee88a81180182054c94ec0df6be5a64a75fed94df49e80b66bba5d,,ok,,
2.0.0,E18,e18_full_20260721_131939,2026-07-21T13:19:54.393122+00:00,ghz_7,GHZ,ghz,7,clifford_t,7,7,0.0,0.0,0.0,0.0,0.0,0.0,0,0,1.0,True,0.0,commutation_phase2,42,57,experiments/e18_clifford_t/run.py,0eb2abde13dc201579ea52a4163575097f6d3d75b705bd858ea956ce6f9952ed,5d2b19a891ee88a81180182054c94ec0df6be5a64a75fed94df49e80b66bba5d,5d2b19a891ee88a81180182054c94ec0df6be5a64a75fed94df49e80b66bba5d,,ok,,
2.0.0,E18,e18_full_20260721_131939,2026-07-21T13:19:54.399550+00:00,ghz_7,GHZ,ghz,7,clifford_t,7,7,0.0,0.0,0.0,0.0,0.0,0.0,0,0,1.0,True,0.0064280033111572,hybrid_phase1_2,42,57,experiments/e18_clifford_t/run.py,0eb2abde13dc201579ea52a4163575097f6d3d75b705bd858ea956ce6f9952ed,5d2b19a891ee88a81180182054c94ec0df6be5a64a75fed94df49e80b66bba5d,5d2b19a891ee88a81180182054c94ec0df6be5a64a75fed94df49e80b66bba5d,,ok,,
2.0.0,E18,e18_full_20260721_131939,2026-07-21T13:19:54.417536+00:00,cnot_chain_7,CNOT,cnot_chain,7,clifford_t,48,0,1.0,100.0,1.0,1.0,1.0,0.0,0,0,1.0,True,0.0,greedy_phase1,42,58,experiments/e18_clifford_t/run.py,0eb2abde13dc201579ea52a4163575097f6d3d75b705bd858ea956ce6f9952ed,f8589de68c412c10d5db3913bfda7db0f010efcc5da538e207c8aaeff06158f7,a52a69f1c9b809bb7211b59a42c8c73bf72303a402f4ccd40ce38ea74525f0dc,,ok,,
2.0.0,E18,e18_full_20260721_131939,2026-07-21T13:19:54.417536+00:00,cnot_chain_7,CNOT,cnot_chain,7,clifford_t,48,48,0.0,0.0,0.0,0.0,0.0,0.0,0,0,1.0,True,0.0,commutation_phase2,42,58,experiments/e18_clifford_t/run.py,0eb2abde13dc201579ea52a4163575097f6d3d75b705bd858ea956ce6f9952ed,f8589de68c412c10d5db3913bfda7db0f010efcc5da538e207c8aaeff06158f7,f8589de68c412c10d5db3913bfda7db0f010efcc5da538e207c8aaeff06158f7,,ok,,
2.0.0,E18,e18_full_20260721_131939,2026-07-21T13:19:54.426232+00:00,cnot_chain_7,CNOT,cnot_chain,7,clifford_t,48,0,1.0,100.0,1.0,1.0,1.0,0.0,0,0,1.0,True,0.008695363998413,hybrid_phase1_2,42,58,experiments/e18_clifford_t/run.py,0eb2abde13dc201579ea52a4163575097f6d3d75b705bd858ea956ce6f9952ed,f8589de68c412c10d5db3913bfda7db0f010efcc5da538e207c8aaeff06158f7,a52a69f1c9b809bb7211b59a42c8c73bf72303a402f4ccd40ce38ea74525f0dc,,ok,,
2.0.0,E18,e18_full_20260721_131939,2026-07-21T13:19:54.450541+00:00,bv_7,Oracle,bernstein_vazirani,8,clifford_t,20,10,0.5,50.0,0.0,0.0,0.0,0.0,0,0,1.0,True,0.0,greedy_phase1,49,59,experiments/e18_clifford_t/run.py,0eb2abde13dc201579ea52a4163575097f6d3d75b705bd858ea956ce6f9952ed,03e6d0301b9df9114ccb85091a6cc9ae6b4cc45afad3bba41410a9fb2ed560d5,7ad2b679bbcd5c55fe90e031309f30e058d2dc05f4a3b8da7ec2901067ca3634,,ok,,
2.0.0,E18,e18_full_20260721_131939,2026-07-21T13:19:54.451822+00:00,bv_7,Oracle,bernstein_vazirani,8,clifford_t,20,20,0.0,0.0,0.0,0.0,0.0,0.0,0,0,1.0,True,0.0012812614440917,commutation_phase2,49,59,experiments/e18_clifford_t/run.py,0eb2abde13dc201579ea52a4163575097f6d3d75b705bd858ea956ce6f9952ed,03e6d0301b9df9114ccb85091a6cc9ae6b4cc45afad3bba41410a9fb2ed560d5,03e6d0301b9df9114ccb85091a6cc9ae6b4cc45afad3bba41410a9fb2ed560d5,,ok,,
2.0.0,E18,e18_full_20260721_131939,2026-07-21T13:19:54.454836+00:00,bv_7,Oracle,bernstein_vazirani,8,clifford_t,20,10,0.5,50.0,0.0,0.0,0.0,0.0,0,0,1.0,True,0.002094030380249,hybrid_phase1_2,49,59,experiments/e18_clifford_t/run.py,0eb2abde13dc201579ea52a4163575097f6d3d75b705bd858ea956ce6f9952ed,03e6d0301b9df9114ccb85091a6cc9ae6b4cc45afad3bba41410a9fb2ed560d5,7ad2b679bbcd5c55fe90e031309f30e058d2dc05f4a3b8da7ec2901067ca3634,,ok,,
2.0.0,E18,e18_full_20260721_131939,2026-07-21T13:20:00.191440+00:00,adder_7,Adder,quantum_adder,10,clifford_t,143,131,0.0839160839160839,8.391608391608397,0.0895522388059701,0.0,0.0,0.0,63,63,0.9999999999999862,True,3.849372148513794,greedy_phase1,549,64,experiments/e18_clifford_t/run.py,0eb2abde13dc201579ea52a4163575097f6d3d75b705bd858ea956ce6f9952ed,b70d4acce84ac592f48665173bee64891257d42dd76b7f6ae4949449d0e43238,dcc11d4cd62e19b0f4434a25239d364ccc9c5d0521e86bbf3d54828fe2a73ecb,"Ripple-carry adder, random inputs",ok,,
2.0.0,E18,e18_full_20260721_131939,2026-07-21T13:20:00.198686+00:00,adder_7,Adder,quantum_adder,10,clifford_t,143,143,0.0,0.0,0.0,0.0,0.0,0.0,63,63,1.0,True,0.0,commutation_phase2,549,64,experiments/e18_clifford_t/run.py,0eb2abde13dc201579ea52a4163575097f6d3d75b705bd858ea956ce6f9952ed,b70d4acce84ac592f48665173bee64891257d42dd76b7f6ae4949449d0e43238,b70d4acce84ac592f48665173bee64891257d42dd76b7f6ae4949449d0e43238,"Ripple-carry adder, random inputs",ok,,
2.0.0,E18,e18_full_20260721_131939,2026-07-21T13:20:00.214198+00:00,adder_7,Adder,quantum_adder,10,clifford_t,143,131,0.0839160839160839,8.391608391608397,0.0895522388059701,0.0,0.0,0.0,63,63,0.9999999999999862,True,0.0155119895935058,hybrid_phase1_2,549,64,experiments/e18_clifford_t/run.py,0eb2abde13dc201579ea52a4163575097f6d3d75b705bd858ea956ce6f9952ed,b70d4acce84ac592f48665173bee64891257d42dd76b7f6ae4949449d0e43238,dcc11d4cd62e19b0f4434a25239d364ccc9c5d0521e86bbf3d54828fe2a73ecb,"Ripple-carry adder, random inputs",ok,,
2.0.0,E18,e18_full_20260721_131939,2026-07-21T13:20:00.758714+00:00,iqp_7,IQP,iqp,7,clifford_t,50,38,0.24,24.0,0.2857142857142857,0.2857142857142857,0.2857142857142857,0.0,7,7,0.999999999999992,True,0.0279130935668945,greedy_phase1,749,66,experiments/e18_clifford_t/run.py,0eb2abde13dc201579ea52a4163575097f6d3d75b705bd858ea956ce6f9952ed,aaf4af1a2cb55e762af85e7bfeaded55a14fd697ee3c5608e3000b674ed6ade3,46b3f29052803b3f807149c9cad64678d14bfd164af9c30ece80583e60d0cbf2,"IQP circuit, 3 diagonal layers",ok,,
2.0.0,E18,e18_full_20260721_131939,2026-07-21T13:20:00.778614+00:00,iqp_7,IQP,iqp,7,clifford_t,50,48,0.04,4.000000000000004,0.0,0.0,0.0,0.0,7,7,0.9999999999999892,True,0.0198991298675537,commutation_phase2,749,66,experiments/e18_clifford_t/run.py,0eb2abde13dc201579ea52a4163575097f6d3d75b705bd858ea956ce6f9952ed,aaf4af1a2cb55e762af85e7bfeaded55a14fd697ee3c5608e3000b674ed6ade3,f8718733595cd8807ef17416e143c559e04ad481811ace8a7f18bd2d9a081ddd,"IQP circuit, 3 diagonal layers",ok,,
2.0.0,E18,e18_full_20260721_131939,2026-07-21T13:20:00.789560+00:00,iqp_7,IQP,iqp,7,clifford_t,50,32,0.36,36.0,0.2857142857142857,0.5714285714285714,0.5714285714285714,0.0,7,7,0.9999999999999926,True,0.0109467506408691,hybrid_phase1_2,749,66,experiments/e18_clifford_t/run.py,0eb2abde13dc201579ea52a4163575097f6d3d75b705bd858ea956ce6f9952ed,aaf4af1a2cb55e762af85e7bfeaded55a14fd697ee3c5608e3000b674ed6ade3,dd40b01799914c658dbdce3f69d1d433baf6f40d42c43482a8c6471029b88734,"IQP circuit, 3 diagonal layers",ok,,
2.0.0,E18,e18_full_20260721_131939,2026-07-21T13:20:00.815491+00:00,clifford_7,RandomClifford,random_clifford,7,clifford_t,50,42,0.16,16.000000000000004,0.0769230769230768,0.0,0.0,0.0,0,0,1.0,True,0.0,greedy_phase1,849,67,experiments/e18_clifford_t/run.py,0eb2abde13dc201579ea52a4163575097f6d3d75b705bd858ea956ce6f9952ed,589920388a5d1bc79bc0fea8db5372fc1a4aef5c09c9ce9b7c76dfdb7cda601c,2ea375c5f2c37e50adfccbd3c50b50c6aafac8011b9ce8e066a7fc2c25873fb4,"Random Clifford, depth=10",ok,,
2.0.0,E18,e18_full_20260721_131939,2026-07-21T13:20:00.820303+00:00,clifford_7,RandomClifford,random_clifford,7,clifford_t,50,48,0.04,4.000000000000004,0.0769230769230768,0.0,0.0,0.0,0,0,1.0,True,0.0048120021820068,commutation_phase2,849,67,experiments/e18_clifford_t/run.py,0eb2abde13dc201579ea52a4163575097f6d3d75b705bd858ea956ce6f9952ed,589920388a5d1bc79bc0fea8db5372fc1a4aef5c09c9ce9b7c76dfdb7cda601c,0a15e688885a205fca8a7b9461c59c90542489e91c42d3e8d0bbb23e4b79794a,"Random Clifford, depth=10",ok,,
2.0.0,E18,e18_full_20260721_131939,2026-07-21T13:20:00.820303+00:00,clifford_7,RandomClifford,random_clifford,7,clifford_t,50,42,0.16,16.000000000000004,0.0769230769230768,0.0,0.0,0.0,0,0,1.0,True,0.0,hybrid_phase1_2,849,67,experiments/e18_clifford_t/run.py,0eb2abde13dc201579ea52a4163575097f6d3d75b705bd858ea956ce6f9952ed,589920388a5d1bc79bc0fea8db5372fc1a4aef5c09c9ce9b7c76dfdb7cda601c,2ea375c5f2c37e50adfccbd3c50b50c6aafac8011b9ce8e066a7fc2c25873fb4,"Random Clifford, depth=10",ok,,
2.0.0,E18,e18_full_20260721_131939,2026-07-21T13:20:00.845395+00:00,surface_code_7,SurfaceCode,surface_code,8,clifford_t,11,11,0.0,0.0,0.0,0.0,0.0,0.0,0,0,1.0,True,0.0,greedy_phase1,949,68,experiments/e18_clifford_t/run.py,0eb2abde13dc201579ea52a4163575097f6d3d75b705bd858ea956ce6f9952ed,c03a59f09d1814f61e8886ce6c504c04c0bf89965ff911746bb96e21e9cd570c,c03a59f09d1814f61e8886ce6c504c04c0bf89965ff911746bb96e21e9cd570c,X-stabilizer syndrome extraction,ok,,
2.0.0,E18,e18_full_20260721_131939,2026-07-21T13:20:00.847402+00:00,surface_code_7,SurfaceCode,surface_code,8,clifford_t,11,11,0.0,0.0,0.0,0.0,0.0,0.0,0,0,1.0,True,0.0,commutation_phase2,949,68,experiments/e18_clifford_t/run.py,0eb2abde13dc201579ea52a4163575097f6d3d75b705bd858ea956ce6f9952ed,c03a59f09d1814f61e8886ce6c504c04c0bf89965ff911746bb96e21e9cd570c,c03a59f09d1814f61e8886ce6c504c04c0bf89965ff911746bb96e21e9cd570c,X-stabilizer syndrome extraction,ok,,
2.0.0,E18,e18_full_20260721_131939,2026-07-21T13:20:00.847402+00:00,surface_code_7,SurfaceCode,surface_code,8,clifford_t,11,11,0.0,0.0,0.0,0.0,0.0,0.0,0,0,1.0,True,0.0,hybrid_phase1_2,949,68,experiments/e18_clifford_t/run.py,0eb2abde13dc201579ea52a4163575097f6d3d75b705bd858ea956ce6f9952ed,c03a59f09d1814f61e8886ce6c504c04c0bf89965ff911746bb96e21e9cd570c,c03a59f09d1814f61e8886ce6c504c04c0bf89965ff911746bb96e21e9cd570c,X-stabilizer syndrome extraction,ok,,
2.0.0,E18,e18_full_20260721_131939,2026-07-21T13:20:01.651903+00:00,ghz_8,GHZ,ghz,8,clifford_t,8,8,0.0,0.0,0.0,0.0,0.0,0.0,0,0,1.0,True,0.0,greedy_phase1,42,71,experiments/e18_clifford_t/run.py,0eb2abde13dc201579ea52a4163575097f6d3d75b705bd858ea956ce6f9952ed,587577f385cf54a3edd3cc639b3ac8cc5aa139f2ef414827515ddc7be4c12104,587577f385cf54a3edd3cc639b3ac8cc5aa139f2ef414827515ddc7be4c12104,,ok,,
2.0.0,E18,e18_full_20260721_131939,2026-07-21T13:20:01.651903+00:00,ghz_8,GHZ,ghz,8,clifford_t,8,8,0.0,0.0,0.0,0.0,0.0,0.0,0,0,1.0,True,0.0,commutation_phase2,42,71,experiments/e18_clifford_t/run.py,0eb2abde13dc201579ea52a4163575097f6d3d75b705bd858ea956ce6f9952ed,587577f385cf54a3edd3cc639b3ac8cc5aa139f2ef414827515ddc7be4c12104,587577f385cf54a3edd3cc639b3ac8cc5aa139f2ef414827515ddc7be4c12104,,ok,,
2.0.0,E18,e18_full_20260721_131939,2026-07-21T13:20:01.651903+00:00,ghz_8,GHZ,ghz,8,clifford_t,8,8,0.0,0.0,0.0,0.0,0.0,0.0,0,0,1.0,True,0.0,hybrid_phase1_2,42,71,experiments/e18_clifford_t/run.py,0eb2abde13dc201579ea52a4163575097f6d3d75b705bd858ea956ce6f9952ed,587577f385cf54a3edd3cc639b3ac8cc5aa139f2ef414827515ddc7be4c12104,587577f385cf54a3edd3cc639b3ac8cc5aa139f2ef414827515ddc7be4c12104,,ok,,
2.0.0,E18,e18_full_20260721_131939,2026-07-21T13:20:01.682415+00:00,cnot_chain_8,CNOT,cnot_chain,8,clifford_t,56,0,1.0,100.0,1.0,1.0,1.0,0.0,0,0,1.0,True,0.0010032653808593,greedy_phase1,42,72,experiments/e18_clifford_t/run.py,0eb2abde13dc201579ea52a4163575097f6d3d75b705bd858ea956ce6f9952ed,164e75c2365a9e3da789879d9d2a1133794d09a1a37b85e0c95c1ba062f7b93a,b9f67046a69160a09ec4f4fa9eb23036fff76352de4a4103d9d677b302f18c04,,ok,,
2.0.0,E18,e18_full_20260721_131939,2026-07-21T13:20:01.684493+00:00,cnot_chain_8,CNOT,cnot_chain,8,clifford_t,56,56,0.0,0.0,0.0,0.0,0.0,0.0,0,0,1.0,True,0.0020785331726074,commutation_phase2,42,72,experiments/e18_clifford_t/run.py,0eb2abde13dc201579ea52a4163575097f6d3d75b705bd858ea956ce6f9952ed,164e75c2365a9e3da789879d9d2a1133794d09a1a37b85e0c95c1ba062f7b93a,164e75c2365a9e3da789879d9d2a1133794d09a1a37b85e0c95c1ba062f7b93a,,ok,,
2.0.0,E18,e18_full_20260721_131939,2026-07-21T13:20:01.688151+00:00,cnot_chain_8,CNOT,cnot_chain,8,clifford_t,56,0,1.0,100.0,1.0,1.0,1.0,0.0,0,0,1.0,True,0.0036578178405761,hybrid_phase1_2,42,72,experiments/e18_clifford_t/run.py,0eb2abde13dc201579ea52a4163575097f6d3d75b705bd858ea956ce6f9952ed,164e75c2365a9e3da789879d9d2a1133794d09a1a37b85e0c95c1ba062f7b93a,b9f67046a69160a09ec4f4fa9eb23036fff76352de4a4103d9d677b302f18c04,,ok,,
2.0.0,E18,e18_full_20260721_131939,2026-07-21T13:20:01.699896+00:00,bv_8,Oracle,bernstein_vazirani,9,clifford_t,23,13,0.4347826086956522,43.47826086956522,0.0,0.0,0.0,0.0,0,0,1.0,True,0.0,greedy_phase1,50,73,experiments/e18_clifford_t/run.py,0eb2abde13dc201579ea52a4163575097f6d3d75b705bd858ea956ce6f9952ed,f4e5ae107440f42711216acfef6644c142e94c3192f842d78278feb480441b87,1e0866687ffb171d7f1a49a431ca966ae897aa46efe5d6e32f75dbd691004a18,,ok,,
2.0.0,E18,e18_full_20260721_131939,2026-07-21T13:20:01.699896+00:00,bv_8,Oracle,bernstein_vazirani,9,clifford_t,23,23,0.0,0.0,0.0,0.0,0.0,0.0,0,0,1.0,True,0.0,commutation_phase2,50,73,experiments/e18_clifford_t/run.py,0eb2abde13dc201579ea52a4163575097f6d3d75b705bd858ea956ce6f9952ed,f4e5ae107440f42711216acfef6644c142e94c3192f842d78278feb480441b87,f4e5ae107440f42711216acfef6644c142e94c3192f842d78278feb480441b87,,ok,,
2.0.0,E18,e18_full_20260721_131939,2026-07-21T13:20:01.699896+00:00,bv_8,Oracle,bernstein_vazirani,9,clifford_t,23,13,0.4347826086956522,43.47826086956522,0.0,0.0,0.0,0.0,0,0,1.0,True,0.0,hybrid_phase1_2,50,73,experiments/e18_clifford_t/run.py,0eb2abde13dc201579ea52a4163575097f6d3d75b705bd858ea956ce6f9952ed,f4e5ae107440f42711216acfef6644c142e94c3192f842d78278feb480441b87,1e0866687ffb171d7f1a49a431ca966ae897aa46efe5d6e32f75dbd691004a18,,ok,,
2.0.0,E18,e18_full_20260721_131939,2026-07-21T13:20:07.564886+00:00,adder_8,Adder,quantum_adder,10,clifford_t,144,132,0.0833333333333333,8.333333333333337,0.0895522388059701,0.0,0.0,0.0,63,63,0.9999999999999862,True,3.973331451416016,greedy_phase1,550,78,experiments/e18_clifford_t/run.py,0eb2abde13dc201579ea52a4163575097f6d3d75b705bd858ea956ce6f9952ed,aa8bdbcc31da5276276ff3d1ec46cd3b644fe5b5e8664d542649b10d32ca760c,1949c4a85f2d3007519d73c7f771485d9183163b3bf27d78f39ed6d37203f790,"Ripple-carry adder, random inputs",ok,,
2.0.0,E18,e18_full_20260721_131939,2026-07-21T13:20:07.572886+00:00,adder_8,Adder,quantum_adder,10,clifford_t,144,144,0.0,0.0,0.0,0.0,0.0,0.0,63,63,1.0,True,0.0060017108917236,commutation_phase2,550,78,experiments/e18_clifford_t/run.py,0eb2abde13dc201579ea52a4163575097f6d3d75b705bd858ea956ce6f9952ed,aa8bdbcc31da5276276ff3d1ec46cd3b644fe5b5e8664d542649b10d32ca760c,aa8bdbcc31da5276276ff3d1ec46cd3b644fe5b5e8664d542649b10d32ca760c,"Ripple-carry adder, random inputs",ok,,
2.0.0,E18,e18_full_20260721_131939,2026-07-21T13:20:07.583774+00:00,adder_8,Adder,quantum_adder,10,clifford_t,144,132,0.0833333333333333,8.333333333333337,0.0895522388059701,0.0,0.0,0.0,63,63,0.9999999999999862,True,0.009789228439331,hybrid_phase1_2,550,78,experiments/e18_clifford_t/run.py,0eb2abde13dc201579ea52a4163575097f6d3d75b705bd858ea956ce6f9952ed,aa8bdbcc31da5276276ff3d1ec46cd3b644fe5b5e8664d542649b10d32ca760c,1949c4a85f2d3007519d73c7f771485d9183163b3bf27d78f39ed6d37203f790,"Ripple-carry adder, random inputs",ok,,
2.0.0,E18,e18_full_20260721_131939,2026-07-21T13:20:08.529136+00:00,iqp_8,IQP,iqp,8,clifford_t,55,51,0.0727272727272727,7.272727272727275,0.0714285714285714,0.0,0.0,0.0,8,8,0.9999999999999912,True,0.0925216674804687,greedy_phase1,750,80,experiments/e18_clifford_t/run.py,0eb2abde13dc201579ea52a4163575097f6d3d75b705bd858ea956ce6f9952ed,f551b672ad71d5ea14bea9ef73e9a7969f6f5f4ce573b075201de121511ac876,f3fb5ac8e9a9c6c572cb9e892ae45dfe1da65eb868dbc1f67378968ca51af589,"IQP circuit, 3 diagonal layers",ok,,
2.0.0,E18,e18_full_20260721_131939,2026-07-21T13:20:08.606227+00:00,iqp_8,IQP,iqp,8,clifford_t,55,53,0.0363636363636363,3.6363636363636376,0.0,0.0,0.0,0.0,8,8,0.99999999999999,True,0.0770909786224365,commutation_phase2,750,80,experiments/e18_clifford_t/run.py,0eb2abde13dc201579ea52a4163575097f6d3d75b705bd858ea956ce6f9952ed,f551b672ad71d5ea14bea9ef73e9a7969f6f5f4ce573b075201de121511ac876,3e5a4722a9c5e7d143d6f9718a7425093e07bb9e32fa496597b41ccfa9dc4fc8,"IQP circuit, 3 diagonal layers",ok,,
2.0.0,E18,e18_full_20260721_131939,2026-07-21T13:20:08.695507+00:00,iqp_8,IQP,iqp,8,clifford_t,55,45,0.1818181818181817,18.181818181818176,0.2857142857142857,0.2857142857142857,0.2857142857142857,0.0,8,8,0.999999999999992,True,0.0892798900604248,hybrid_phase1_2,750,80,experiments/e18_clifford_t/run.py,0eb2abde13dc201579ea52a4163575097f6d3d75b705bd858ea956ce6f9952ed,f551b672ad71d5ea14bea9ef73e9a7969f6f5f4ce573b075201de121511ac876,f02eac3307701de5c2abb71b4048e6d39e7aeb68dc6976c2cce7af82b127ba08,"IQP circuit, 3 diagonal layers",ok,,
2.0.0,E18,e18_full_20260721_131939,2026-07-21T13:20:08.705000+00:00,clifford_8,RandomClifford,random_clifford,8,clifford_t,56,42,0.25,25.0,0.0,0.0,0.0,0.0,0,0,1.0,True,0.0,greedy_phase1,850,81,experiments/e18_clifford_t/run.py,0eb2abde13dc201579ea52a4163575097f6d3d75b705bd858ea956ce6f9952ed,f6330399f58c81722b4057e3bf4ca85f769db0d16438c0fcc43eef0f28ef6ded,1c982487e18c130fe5b30296d9e82430f6e613a24dcd65e862fe59377464f896,"Random Clifford, depth=10",ok,,
2.0.0,E18,e18_full_20260721_131939,2026-07-21T13:20:08.705000+00:00,clifford_8,RandomClifford,random_clifford,8,clifford_t,56,52,0.0714285714285714,7.14285714285714,0.0,0.0,0.0,0.0,0,0,1.0,True,0.0,commutation_phase2,850,81,experiments/e18_clifford_t/run.py,0eb2abde13dc201579ea52a4163575097f6d3d75b705bd858ea956ce6f9952ed,f6330399f58c81722b4057e3bf4ca85f769db0d16438c0fcc43eef0f28ef6ded,61c3f7f4b70c2eac7c6babd36e614a70fc479231c645883c8cc8ee786030c687,"Random Clifford, depth=10",ok,,
2.0.0,E18,e18_full_20260721_131939,2026-07-21T13:20:08.719979+00:00,clifford_8,RandomClifford,random_clifford,8,clifford_t,56,42,0.25,25.0,0.0,0.0,0.0,0.0,0,0,1.0,True,0.0149788856506347,hybrid_phase1_2,850,81,experiments/e18_clifford_t/run.py,0eb2abde13dc201579ea52a4163575097f6d3d75b705bd858ea956ce6f9952ed,f6330399f58c81722b4057e3bf4ca85f769db0d16438c0fcc43eef0f28ef6ded,1c982487e18c130fe5b30296d9e82430f6e613a24dcd65e862fe59377464f896,"Random Clifford, depth=10",ok,,
2.0.0,E18,e18_full_20260721_131939,2026-07-21T13:20:08.741880+00:00,surface_code_8,SurfaceCode,surface_code,9,clifford_t,13,13,0.0,0.0,0.0,0.0,0.0,0.0,0,0,1.0,True,0.0,greedy_phase1,950,82,experiments/e18_clifford_t/run.py,0eb2abde13dc201579ea52a4163575097f6d3d75b705bd858ea956ce6f9952ed,15085463bb9acfc3d3c2fcc7416945689cf8dbdf38ee63960843c17c716d519e,15085463bb9acfc3d3c2fcc7416945689cf8dbdf38ee63960843c17c716d519e,X-stabilizer syndrome extraction,ok,,
2.0.0,E18,e18_full_20260721_131939,2026-07-21T13:20:08.741880+00:00,surface_code_8,SurfaceCode,surface_code,9,clifford_t,13,13,0.0,0.0,0.0,0.0,0.0,0.0,0,0,1.0,True,0.0,commutation_phase2,950,82,experiments/e18_clifford_t/run.py,0eb2abde13dc201579ea52a4163575097f6d3d75b705bd858ea956ce6f9952ed,15085463bb9acfc3d3c2fcc7416945689cf8dbdf38ee63960843c17c716d519e,15085463bb9acfc3d3c2fcc7416945689cf8dbdf38ee63960843c17c716d519e,X-stabilizer syndrome extraction,ok,,
2.0.0,E18,e18_full_20260721_131939,2026-07-21T13:20:08.744390+00:00,surface_code_8,SurfaceCode,surface_code,9,clifford_t,13,13,0.0,0.0,0.0,0.0,0.0,0.0,0,0,1.0,True,0.0015046596527099,hybrid_phase1_2,950,82,experiments/e18_clifford_t/run.py,0eb2abde13dc201579ea52a4163575097f6d3d75b705bd858ea956ce6f9952ed,15085463bb9acfc3d3c2fcc7416945689cf8dbdf38ee63960843c17c716d519e,15085463bb9acfc3d3c2fcc7416945689cf8dbdf38ee63960843c17c716d519e,X-stabilizer syndrome extraction,ok,,
2.0.0,E18,e18_full_20260721_131939,2026-07-21T13:20:09.864739+00:00,ghz_9,GHZ,ghz,9,clifford_t,9,9,0.0,0.0,0.0,0.0,0.0,0.0,0,0,1.0,True,0.0020060539245605,greedy_phase1,42,85,experiments/e18_clifford_t/run.py,0eb2abde13dc201579ea52a4163575097f6d3d75b705bd858ea956ce6f9952ed,d9a9382f33f5e0077624fcab487f4f38f303420896924ab8f5310c3b74d28cc6,d9a9382f33f5e0077624fcab487f4f38f303420896924ab8f5310c3b74d28cc6,,ok,,
2.0.0,E18,e18_full_20260721_131939,2026-07-21T13:20:09.864739+00:00,ghz_9,GHZ,ghz,9,clifford_t,9,9,0.0,0.0,0.0,0.0,0.0,0.0,0,0,1.0,True,0.0,commutation_phase2,42,85,experiments/e18_clifford_t/run.py,0eb2abde13dc201579ea52a4163575097f6d3d75b705bd858ea956ce6f9952ed,d9a9382f33f5e0077624fcab487f4f38f303420896924ab8f5310c3b74d28cc6,d9a9382f33f5e0077624fcab487f4f38f303420896924ab8f5310c3b74d28cc6,,ok,,
2.0.0,E18,e18_full_20260721_131939,2026-07-21T13:20:09.866745+00:00,ghz_9,GHZ,ghz,9,clifford_t,9,9,0.0,0.0,0.0,0.0,0.0,0.0,0,0,1.0,True,0.0020060539245605,hybrid_phase1_2,42,85,experiments/e18_clifford_t/run.py,0eb2abde13dc201579ea52a4163575097f6d3d75b705bd858ea956ce6f9952ed,d9a9382f33f5e0077624fcab487f4f38f303420896924ab8f5310c3b74d28cc6,d9a9382f33f5e0077624fcab487f4f38f303420896924ab8f5310c3b74d28cc6,,ok,,
2.0.0,E18,e18_full_20260721_131939,2026-07-21T13:20:09.884260+00:00,cnot_chain_9,CNOT,cnot_chain,9,clifford_t,64,0,1.0,100.0,1.0,1.0,1.0,0.0,0,0,1.0,True,0.0,greedy_phase1,42,86,experiments/e18_clifford_t/run.py,0eb2abde13dc201579ea52a4163575097f6d3d75b705bd858ea956ce6f9952ed,a467ed1c59b33eaa7d31197c069e61281db713e00bf3622c5f8774c4704de757,aae10e0a24cb44e9849f04ab81a656d41a8b5b8b101ea62d71158db441dda1ba,,ok,,
2.0.0,E18,e18_full_20260721_131939,2026-07-21T13:20:09.892811+00:00,cnot_chain_9,CNOT,cnot_chain,9,clifford_t,64,64,0.0,0.0,0.0,0.0,0.0,0.0,0,0,1.0,True,0.0,commutation_phase2,42,86,experiments/e18_clifford_t/run.py,0eb2abde13dc201579ea52a4163575097f6d3d75b705bd858ea956ce6f9952ed,a467ed1c59b33eaa7d31197c069e61281db713e00bf3622c5f8774c4704de757,a467ed1c59b33eaa7d31197c069e61281db713e00bf3622c5f8774c4704de757,,ok,,
2.0.0,E18,e18_full_20260721_131939,2026-07-21T13:20:09.899513+00:00,cnot_chain_9,CNOT,cnot_chain,9,clifford_t,64,0,1.0,100.0,1.0,1.0,1.0,0.0,0,0,1.0,True,0.0067024230957031,hybrid_phase1_2,42,86,experiments/e18_clifford_t/run.py,0eb2abde13dc201579ea52a4163575097f6d3d75b705bd858ea956ce6f9952ed,a467ed1c59b33eaa7d31197c069e61281db713e00bf3622c5f8774c4704de757,aae10e0a24cb44e9849f04ab81a656d41a8b5b8b101ea62d71158db441dda1ba,,ok,,
2.0.0,E18,e18_full_20260721_131939,2026-07-21T13:20:09.914152+00:00,bv_9,Oracle,bernstein_vazirani,10,clifford_t,27,19,0.2962962962962963,29.629629629629623,0.0,0.0,0.0,0.0,0,0,1.0,True,0.0,greedy_phase1,51,87,experiments/e18_clifford_t/run.py,0eb2abde13dc201579ea52a4163575097f6d3d75b705bd858ea956ce6f9952ed,206b0ef28389d7117b12e8e0346750d71dfa704a498c9e6d5f7e34ae8936e572,a5ec6311abe20f7e6209be86c5cc7f28756df0a53dfca44c061ea91ffcda1c6f,,ok,,
2.0.0,E18,e18_full_20260721_131939,2026-07-21T13:20:09.918000+00:00,bv_9,Oracle,bernstein_vazirani,10,clifford_t,27,27,0.0,0.0,0.0,0.0,0.0,0.0,0,0,1.0,True,0.0038480758666992,commutation_phase2,51,87,experiments/e18_clifford_t/run.py,0eb2abde13dc201579ea52a4163575097f6d3d75b705bd858ea956ce6f9952ed,206b0ef28389d7117b12e8e0346750d71dfa704a498c9e6d5f7e34ae8936e572,206b0ef28389d7117b12e8e0346750d71dfa704a498c9e6d5f7e34ae8936e572,,ok,,
2.0.0,E18,e18_full_20260721_131939,2026-07-21T13:20:09.922015+00:00,bv_9,Oracle,bernstein_vazirani,10,clifford_t,27,19,0.2962962962962963,29.629629629629623,0.0,0.0,0.0,0.0,0,0,1.0,True,0.0040149688720703,hybrid_phase1_2,51,87,experiments/e18_clifford_t/run.py,0eb2abde13dc201579ea52a4163575097f6d3d75b705bd858ea956ce6f9952ed,206b0ef28389d7117b12e8e0346750d71dfa704a498c9e6d5f7e34ae8936e572,a5ec6311abe20f7e6209be86c5cc7f28756df0a53dfca44c061ea91ffcda1c6f,,ok,,
2.0.0,E18,e18_full_20260721_131939,2026-07-21T13:20:13.077959+00:00,adder_9,Adder,quantum_adder,13,clifford_t,192,176,0.0833333333333333,8.333333333333337,0.0952380952380952,0.0,0.0,0.0,84,84,0.9999999999999802,True,0.8293299674987793,greedy_phase1,551,92,experiments/e18_clifford_t/run.py,0eb2abde13dc201579ea52a4163575097f6d3d75b705bd858ea956ce6f9952ed,169992c6d734706e85f4758d734a2fd1314bde258f246031963b8302c994a72a,90f0f62289126e838b5241b384b0da64652b7b106a822a3580c8bd33212db33c,"Ripple-carry adder, random inputs",ok,,
2.0.0,E18,e18_full_20260721_131939,2026-07-21T13:20:13.093242+00:00,adder_9,Adder,quantum_adder,13,clifford_t,192,192,0.0,0.0,0.0,0.0,0.0,0.0,84,84,1.0,True,0.0,commutation_phase2,551,92,experiments/e18_clifford_t/run.py,0eb2abde13dc201579ea52a4163575097f6d3d75b705bd858ea956ce6f9952ed,169992c6d734706e85f4758d734a2fd1314bde258f246031963b8302c994a72a,169992c6d734706e85f4758d734a2fd1314bde258f246031963b8302c994a72a,"Ripple-carry adder, random inputs",ok,,
2.0.0,E18,e18_full_20260721_131939,2026-07-21T13:20:13.109827+00:00,adder_9,Adder,quantum_adder,13,clifford_t,192,176,0.0833333333333333,8.333333333333337,0.0952380952380952,0.0,0.0,0.0,84,84,0.9999999999999802,True,0.0144093036651611,hybrid_phase1_2,551,92,experiments/e18_clifford_t/run.py,0eb2abde13dc201579ea52a4163575097f6d3d75b705bd858ea956ce6f9952ed,169992c6d734706e85f4758d734a2fd1314bde258f246031963b8302c994a72a,90f0f62289126e838b5241b384b0da64652b7b106a822a3580c8bd33212db33c,"Ripple-carry adder, random inputs",ok,,
2.0.0,E18,e18_full_20260721_131939,2026-07-21T13:20:14.594297+00:00,iqp_9,IQP,iqp,9,clifford_t,74,68,0.081081081081081,8.108108108108103,0.0555555555555555,0.0,0.0,0.0,7,7,0.9999999999999852,True,0.5305016040802002,greedy_phase1,751,94,experiments/e18_clifford_t/run.py,0eb2abde13dc201579ea52a4163575097f6d3d75b705bd858ea956ce6f9952ed,818244f2e1627ecfb9dce344a3726036f38af7d67f2364c9eef9aeb3ba660458,e9792df049be1df3a151d69111c8a4a2108f53ee95a0ddc0e2221924a774a0e5,"IQP circuit, 3 diagonal layers",ok,,
2.0.0,E18,e18_full_20260721_131939,2026-07-21T13:20:14.605277+00:00,iqp_9,IQP,iqp,9,clifford_t,74,74,0.0,0.0,0.0,0.0,0.0,0.0,7,7,1.0,True,0.0,commutation_phase2,751,94,experiments/e18_clifford_t/run.py,0eb2abde13dc201579ea52a4163575097f6d3d75b705bd858ea956ce6f9952ed,818244f2e1627ecfb9dce344a3726036f38af7d67f2364c9eef9aeb3ba660458,818244f2e1627ecfb9dce344a3726036f38af7d67f2364c9eef9aeb3ba660458,"IQP circuit, 3 diagonal layers",ok,,
2.0.0,E18,e18_full_20260721_131939,2026-07-21T13:20:14.605277+00:00,iqp_9,IQP,iqp,9,clifford_t,74,68,0.081081081081081,8.108108108108103,0.0555555555555555,0.0,0.0,0.0,7,7,0.9999999999999852,True,0.0,hybrid_phase1_2,751,94,experiments/e18_clifford_t/run.py,0eb2abde13dc201579ea52a4163575097f6d3d75b705bd858ea956ce6f9952ed,818244f2e1627ecfb9dce344a3726036f38af7d67f2364c9eef9aeb3ba660458,e9792df049be1df3a151d69111c8a4a2108f53ee95a0ddc0e2221924a774a0e5,"IQP circuit, 3 diagonal layers",ok,,
2.0.0,E18,e18_full_20260721_131939,2026-07-21T13:20:14.636024+00:00,clifford_9,RandomClifford,random_clifford,9,clifford_t,66,50,0.2424242424242424,24.24242424242424,0.0909090909090909,0.0,0.0,0.0,0,0,1.0,True,0.003202199935913,greedy_phase1,851,95,experiments/e18_clifford_t/run.py,0eb2abde13dc201579ea52a4163575097f6d3d75b705bd858ea956ce6f9952ed,e915968991ca5b5012bca2bd89f52e4769a5be4cf06fb3a663308e5068530bdc,87d9defd498d08ce0bd09cf53bf16488d81dd6af14e376f4a9018e780c304478,"Random Clifford, depth=10",ok,,
2.0.0,E18,e18_full_20260721_131939,2026-07-21T13:20:14.645381+00:00,clifford_9,RandomClifford,random_clifford,9,clifford_t,66,60,0.0909090909090909,9.090909090909092,0.0,0.0,0.0,0.0,0,0,1.0,True,0.008190631866455,commutation_phase2,851,95,experiments/e18_clifford_t/run.py,0eb2abde13dc201579ea52a4163575097f6d3d75b705bd858ea956ce6f9952ed,e915968991ca5b5012bca2bd89f52e4769a5be4cf06fb3a663308e5068530bdc,eb61043900a133e39f16ac940f7ee3a78509e35cd5d5c050ec06eb9d2c163144,"Random Clifford, depth=10",ok,,
2.0.0,E18,e18_full_20260721_131939,2026-07-21T13:20:14.653451+00:00,clifford_9,RandomClifford,random_clifford,9,clifford_t,66,50,0.2424242424242424,24.24242424242424,0.0909090909090909,0.0,0.0,0.0,0,0,1.0,True,0.0070526599884033,hybrid_phase1_2,851,95,experiments/e18_clifford_t/run.py,0eb2abde13dc201579ea52a4163575097f6d3d75b705bd858ea956ce6f9952ed,e915968991ca5b5012bca2bd89f52e4769a5be4cf06fb3a663308e5068530bdc,87d9defd498d08ce0bd09cf53bf16488d81dd6af14e376f4a9018e780c304478,"Random Clifford, depth=10",ok,,
2.0.0,E18,e18_full_20260721_131939,2026-07-21T13:20:14.669099+00:00,surface_code_9,SurfaceCode,surface_code,10,clifford_t,13,13,0.0,0.0,0.0,0.0,0.0,0.0,0,0,1.0,True,0.0,greedy_phase1,951,96,experiments/e18_clifford_t/run.py,0eb2abde13dc201579ea52a4163575097f6d3d75b705bd858ea956ce6f9952ed,8217362d9ddb4f15a33e6bed010608836947468ddbbda4c4e599b3b4f5db0def,8217362d9ddb4f15a33e6bed010608836947468ddbbda4c4e599b3b4f5db0def,X-stabilizer syndrome extraction,ok,,
2.0.0,E18,e18_full_20260721_131939,2026-07-21T13:20:14.669099+00:00,surface_code_9,SurfaceCode,surface_code,10,clifford_t,13,13,0.0,0.0,0.0,0.0,0.0,0.0,0,0,1.0,True,0.0,commutation_phase2,951,96,experiments/e18_clifford_t/run.py,0eb2abde13dc201579ea52a4163575097f6d3d75b705bd858ea956ce6f9952ed,8217362d9ddb4f15a33e6bed010608836947468ddbbda4c4e599b3b4f5db0def,8217362d9ddb4f15a33e6bed010608836947468ddbbda4c4e599b3b4f5db0def,X-stabilizer syndrome extraction,ok,,
2.0.0,E18,e18_full_20260721_131939,2026-07-21T13:20:14.673471+00:00,surface_code_9,SurfaceCode,surface_code,10,clifford_t,13,13,0.0,0.0,0.0,0.0,0.0,0.0,0,0,1.0,True,0.0043721199035644,hybrid_phase1_2,951,96,experiments/e18_clifford_t/run.py,0eb2abde13dc201579ea52a4163575097f6d3d75b705bd858ea956ce6f9952ed,8217362d9ddb4f15a33e6bed010608836947468ddbbda4c4e599b3b4f5db0def,8217362d9ddb4f15a33e6bed010608836947468ddbbda4c4e599b3b4f5db0def,X-stabilizer syndrome extraction,ok,,
2.0.0,E18,e18_full_20260721_131939,2026-07-21T13:20:15.958494+00:00,ghz_10,GHZ,ghz,10,clifford_t,10,10,0.0,0.0,0.0,0.0,0.0,0.0,0,0,1.0,True,0.0009078979492187,greedy_phase1,42,99,experiments/e18_clifford_t/run.py,0eb2abde13dc201579ea52a4163575097f6d3d75b705bd858ea956ce6f9952ed,cbce15eb1526e342a1149fd321914c607bdb5358f204ea506ca9493d50922655,cbce15eb1526e342a1149fd321914c607bdb5358f204ea506ca9493d50922655,,ok,,
2.0.0,E18,e18_full_20260721_131939,2026-07-21T13:20:15.959501+00:00,ghz_10,GHZ,ghz,10,clifford_t,10,10,0.0,0.0,0.0,0.0,0.0,0.0,0,0,1.0,True,0.0010063648223876,commutation_phase2,42,99,experiments/e18_clifford_t/run.py,0eb2abde13dc201579ea52a4163575097f6d3d75b705bd858ea956ce6f9952ed,cbce15eb1526e342a1149fd321914c607bdb5358f204ea506ca9493d50922655,cbce15eb1526e342a1149fd321914c607bdb5358f204ea506ca9493d50922655,,ok,,
2.0.0,E18,e18_full_20260721_131939,2026-07-21T13:20:15.961501+00:00,ghz_10,GHZ,ghz,10,clifford_t,10,10,0.0,0.0,0.0,0.0,0.0,0.0,0,0,1.0,True,0.0009992122650146,hybrid_phase1_2,42,99,experiments/e18_clifford_t/run.py,0eb2abde13dc201579ea52a4163575097f6d3d75b705bd858ea956ce6f9952ed,cbce15eb1526e342a1149fd321914c607bdb5358f204ea506ca9493d50922655,cbce15eb1526e342a1149fd321914c607bdb5358f204ea506ca9493d50922655,,ok,,
2.0.0,E18,e18_full_20260721_131939,2026-07-21T13:20:15.975818+00:00,cnot_chain_10,CNOT,cnot_chain,10,clifford_t,72,0,1.0,100.0,1.0,1.0,1.0,0.0,0,0,1.0,True,0.0,greedy_phase1,42,100,experiments/e18_clifford_t/run.py,0eb2abde13dc201579ea52a4163575097f6d3d75b705bd858ea956ce6f9952ed,f4acc84ac2a1390b742bfffb5f0d3df4b33971ce13f5e11feb8309644a1aa928,3e629bc92cf870c8140a89ad4d35323684a40e820b92ccaa4a3669da8e4c7a98,,ok,,
2.0.0,E18,e18_full_20260721_131939,2026-07-21T13:20:15.982146+00:00,cnot_chain_10,CNOT,cnot_chain,10,clifford_t,72,72,0.0,0.0,0.0,0.0,0.0,0.0,0,0,1.0,True,0.0063281059265136,commutation_phase2,42,100,experiments/e18_clifford_t/run.py,0eb2abde13dc201579ea52a4163575097f6d3d75b705bd858ea956ce6f9952ed,f4acc84ac2a1390b742bfffb5f0d3df4b33971ce13f5e11feb8309644a1aa928,f4acc84ac2a1390b742bfffb5f0d3df4b33971ce13f5e11feb8309644a1aa928,,ok,,
2.0.0,E18,e18_full_20260721_131939,2026-07-21T13:20:15.990655+00:00,cnot_chain_10,CNOT,cnot_chain,10,clifford_t,72,0,1.0,100.0,1.0,1.0,1.0,0.0,0,0,1.0,True,0.0060200691223144,hybrid_phase1_2,42,100,experiments/e18_clifford_t/run.py,0eb2abde13dc201579ea52a4163575097f6d3d75b705bd858ea956ce6f9952ed,f4acc84ac2a1390b742bfffb5f0d3df4b33971ce13f5e11feb8309644a1aa928,3e629bc92cf870c8140a89ad4d35323684a40e820b92ccaa4a3669da8e4c7a98,,ok,,
2.0.0,E18,e18_full_20260721_131939,2026-07-21T13:20:16.007916+00:00,bv_10,Oracle,bernstein_vazirani,11,clifford_t,30,22,0.2666666666666667,26.66666666666667,0.0,0.0,0.0,0.0,0,0,1.0,True,0.0020055770874023,greedy_phase1,52,101,experiments/e18_clifford_t/run.py,0eb2abde13dc201579ea52a4163575097f6d3d75b705bd858ea956ce6f9952ed,f173915b3a8c0fe890f60831c4d134edde00d903044c06acba90d8e189a49d15,de9c714d78e73e04da197eb49a2d2200b42b49d2ddbd9b251af21d910f1abae0,,ok,,
2.0.0,E18,e18_full_20260721_131939,2026-07-21T13:20:16.009921+00:00,bv_10,Oracle,bernstein_vazirani,11,clifford_t,30,30,0.0,0.0,0.0,0.0,0.0,0.0,0,0,1.0,True,0.0020053386688232,commutation_phase2,52,101,experiments/e18_clifford_t/run.py,0eb2abde13dc201579ea52a4163575097f6d3d75b705bd858ea956ce6f9952ed,f173915b3a8c0fe890f60831c4d134edde00d903044c06acba90d8e189a49d15,f173915b3a8c0fe890f60831c4d134edde00d903044c06acba90d8e189a49d15,,ok,,
2.0.0,E18,e18_full_20260721_131939,2026-07-21T13:20:16.013933+00:00,bv_10,Oracle,bernstein_vazirani,11,clifford_t,30,22,0.2666666666666667,26.66666666666667,0.0,0.0,0.0,0.0,0,0,1.0,True,0.004012107849121,hybrid_phase1_2,52,101,experiments/e18_clifford_t/run.py,0eb2abde13dc201579ea52a4163575097f6d3d75b705bd858ea956ce6f9952ed,f173915b3a8c0fe890f60831c4d134edde00d903044c06acba90d8e189a49d15,de9c714d78e73e04da197eb49a2d2200b42b49d2ddbd9b251af21d910f1abae0,,ok,,
2.0.0,E18,e18_full_20260721_131939,2026-07-21T13:20:19.653556+00:00,adder_10,Adder,quantum_adder,13,clifford_t,190,174,0.0842105263157895,8.421052631578952,0.0952380952380952,0.0,0.0,0.0,84,84,0.99999999999998,True,0.7942969799041748,greedy_phase1,552,106,experiments/e18_clifford_t/run.py,0eb2abde13dc201579ea52a4163575097f6d3d75b705bd858ea956ce6f9952ed,bf5edaec44569813d783f66f3e464c1d104dfb060a4ce9eeeed76a0d2262db13,59cd45f99df3efd3ffee980be02bf64644f818fb8007faf89d3ed933a98f71f3,"Ripple-carry adder, random inputs",ok,,
2.0.0,E18,e18_full_20260721_131939,2026-07-21T13:20:19.663799+00:00,adder_10,Adder,quantum_adder,13,clifford_t,190,190,0.0,0.0,0.0,0.0,0.0,0.0,84,84,1.0,True,0.0069966316223144,commutation_phase2,552,106,experiments/e18_clifford_t/run.py,0eb2abde13dc201579ea52a4163575097f6d3d75b705bd858ea956ce6f9952ed,bf5edaec44569813d783f66f3e464c1d104dfb060a4ce9eeeed76a0d2262db13,bf5edaec44569813d783f66f3e464c1d104dfb060a4ce9eeeed76a0d2262db13,"Ripple-carry adder, random inputs",ok,,
2.0.0,E18,e18_full_20260721_131939,2026-07-21T13:20:19.681224+00:00,adder_10,Adder,quantum_adder,13,clifford_t,190,174,0.0842105263157895,8.421052631578952,0.0952380952380952,0.0,0.0,0.0,84,84,0.99999999999998,True,0.0154309272766113,hybrid_phase1_2,552,106,experiments/e18_clifford_t/run.py,0eb2abde13dc201579ea52a4163575097f6d3d75b705bd858ea956ce6f9952ed,bf5edaec44569813d783f66f3e464c1d104dfb060a4ce9eeeed76a0d2262db13,59cd45f99df3efd3ffee980be02bf64644f818fb8007faf89d3ed933a98f71f3,"Ripple-carry adder, random inputs",ok,,
2.0.0,E18,e18_full_20260721_131939,2026-07-21T13:20:23.399107+00:00,iqp_10,IQP,iqp,10,clifford_t,100,90,0.0999999999999999,9.999999999999998,0.0384615384615384,0.0,0.0,0.0,7,7,0.9999999999999822,True,2.789515733718872,greedy_phase1,752,108,experiments/e18_clifford_t/run.py,0eb2abde13dc201579ea52a4163575097f6d3d75b705bd858ea956ce6f9952ed,43f449b35af00ebd064878d7d73030d59805f83c5e01a8777c0f063a1592d585,200634780299861b5dba46ef3de95281a838e97ed4d2c38ce7f46492bded9a92,"IQP circuit, 3 diagonal layers",ok,,
2.0.0,E18,e18_full_20260721_131939,2026-07-21T13:20:25.947855+00:00,iqp_10,IQP,iqp,10,clifford_t,100,96,0.04,4.000000000000004,0.0,0.0,0.0,0.0,7,7,0.9999999999999812,True,2.548748731613159,commutation_phase2,752,108,experiments/e18_clifford_t/run.py,0eb2abde13dc201579ea52a4163575097f6d3d75b705bd858ea956ce6f9952ed,43f449b35af00ebd064878d7d73030d59805f83c5e01a8777c0f063a1592d585,a2ae346881dd5c4a33667a60779dd66b669617cf4f549d00c5bfa193f6fb715d,"IQP circuit, 3 diagonal layers",ok,,
2.0.0,E18,e18_full_20260721_131939,2026-07-21T13:20:28.127363+00:00,iqp_10,IQP,iqp,10,clifford_t,100,86,0.14,14.000000000000002,0.0384615384615384,0.0,0.0,0.0,7,7,0.9999999999999822,True,2.179508209228516,hybrid_phase1_2,752,108,experiments/e18_clifford_t/run.py,0eb2abde13dc201579ea52a4163575097f6d3d75b705bd858ea956ce6f9952ed,43f449b35af00ebd064878d7d73030d59805f83c5e01a8777c0f063a1592d585,8a661c6c3db3075dd5c8b331d6d88b2c453c0b4efb63c1f5f3c3f80617536dab,"IQP circuit, 3 diagonal layers",ok,,
2.0.0,E18,e18_full_20260721_131939,2026-07-21T13:20:28.153863+00:00,clifford_10,RandomClifford,random_clifford,10,clifford_t,73,65,0.1095890410958904,10.95890410958904,0.0,0.0,0.0,0.0,0,0,1.0,True,0.0067532062530517,greedy_phase1,852,109,experiments/e18_clifford_t/run.py,0eb2abde13dc201579ea52a4163575097f6d3d75b705bd858ea956ce6f9952ed,4b63d93b8df567d6459c929cff0835321f850acedc68b5b08176fb88133605aa,a81d164699b512e7245f2ac8e7e21ea3407b8e4ee4d50df53bf5c9c6dba3abf5,"Random Clifford, depth=10",ok,,
2.0.0,E18,e18_full_20260721_131939,2026-07-21T13:20:28.159810+00:00,clifford_10,RandomClifford,random_clifford,10,clifford_t,73,71,0.0273972602739726,2.73972602739726,0.0,0.0,0.0,0.0,0,0,1.0,True,0.0059475898742675,commutation_phase2,852,109,experiments/e18_clifford_t/run.py,0eb2abde13dc201579ea52a4163575097f6d3d75b705bd858ea956ce6f9952ed,4b63d93b8df567d6459c929cff0835321f850acedc68b5b08176fb88133605aa,dd038db12cada6667d721152d623728d393c13d692df6ddcde6efc4582c494c7,"Random Clifford, depth=10",ok,,
2.0.0,E18,e18_full_20260721_131939,2026-07-21T13:20:28.167371+00:00,clifford_10,RandomClifford,random_clifford,10,clifford_t,73,65,0.1095890410958904,10.95890410958904,0.0,0.0,0.0,0.0,0,0,1.0,True,0.0075604915618896,hybrid_phase1_2,852,109,experiments/e18_clifford_t/run.py,0eb2abde13dc201579ea52a4163575097f6d3d75b705bd858ea956ce6f9952ed,4b63d93b8df567d6459c929cff0835321f850acedc68b5b08176fb88133605aa,a81d164699b512e7245f2ac8e7e21ea3407b8e4ee4d50df53bf5c9c6dba3abf5,"Random Clifford, depth=10",ok,,
2.0.0,E18,e18_full_20260721_131939,2026-07-21T13:20:28.189470+00:00,surface_code_10,SurfaceCode,surface_code,11,clifford_t,12,12,0.0,0.0,0.0,0.0,0.0,0.0,0,0,1.0,True,0.0,greedy_phase1,952,110,experiments/e18_clifford_t/run.py,0eb2abde13dc201579ea52a4163575097f6d3d75b705bd858ea956ce6f9952ed,20fa6d0e5bd609063602bfa5478c6c5e3011f43103ec49360ee1b0a9cd44440c,20fa6d0e5bd609063602bfa5478c6c5e3011f43103ec49360ee1b0a9cd44440c,X-stabilizer syndrome extraction,ok,,
2.0.0,E18,e18_full_20260721_131939,2026-07-21T13:20:28.189470+00:00,surface_code_10,SurfaceCode,surface_code,11,clifford_t,12,12,0.0,0.0,0.0,0.0,0.0,0.0,0,0,1.0,True,0.0,commutation_phase2,952,110,experiments/e18_clifford_t/run.py,0eb2abde13dc201579ea52a4163575097f6d3d75b705bd858ea956ce6f9952ed,20fa6d0e5bd609063602bfa5478c6c5e3011f43103ec49360ee1b0a9cd44440c,20fa6d0e5bd609063602bfa5478c6c5e3011f43103ec49360ee1b0a9cd44440c,X-stabilizer syndrome extraction,ok,,
2.0.0,E18,e18_full_20260721_131939,2026-07-21T13:20:28.189470+00:00,surface_code_10,SurfaceCode,surface_code,11,clifford_t,12,12,0.0,0.0,0.0,0.0,0.0,0.0,0,0,1.0,True,0.0,hybrid_phase1_2,952,110,experiments/e18_clifford_t/run.py,0eb2abde13dc201579ea52a4163575097f6d3d75b705bd858ea956ce6f9952ed,20fa6d0e5bd609063602bfa5478c6c5e3011f43103ec49360ee1b0a9cd44440c,20fa6d0e5bd609063602bfa5478c6c5e3011f43103ec49360ee1b0a9cd44440c,X-stabilizer syndrome extraction,ok,,
2.0.0,E18,e18_full_20260721_131939,2026-07-21T13:20:29.682635+00:00,ghz_12,GHZ,ghz,12,clifford_t,12,12,0.0,0.0,0.0,0.0,0.0,0.0,0,0,1.0,True,0.0,greedy_phase1,42,113,experiments/e18_clifford_t/run.py,0eb2abde13dc201579ea52a4163575097f6d3d75b705bd858ea956ce6f9952ed,0f5bc9782c48e3a3e585d6e363af5be316f55fc5a3cca98ea14f90a41e2a6cd2,0f5bc9782c48e3a3e585d6e363af5be316f55fc5a3cca98ea14f90a41e2a6cd2,Large-scale n=12,ok,,
2.0.0,E18,e18_full_20260721_131939,2026-07-21T13:20:29.697989+00:00,ghz_12,GHZ,ghz,12,clifford_t,12,12,0.0,0.0,0.0,0.0,0.0,0.0,0,0,1.0,True,0.0,commutation_phase2,42,113,experiments/e18_clifford_t/run.py,0eb2abde13dc201579ea52a4163575097f6d3d75b705bd858ea956ce6f9952ed,0f5bc9782c48e3a3e585d6e363af5be316f55fc5a3cca98ea14f90a41e2a6cd2,0f5bc9782c48e3a3e585d6e363af5be316f55fc5a3cca98ea14f90a41e2a6cd2,Large-scale n=12,ok,,
2.0.0,E18,e18_full_20260721_131939,2026-07-21T13:20:29.697989+00:00,ghz_12,GHZ,ghz,12,clifford_t,12,12,0.0,0.0,0.0,0.0,0.0,0.0,0,0,1.0,True,0.0,hybrid_phase1_2,42,113,experiments/e18_clifford_t/run.py,0eb2abde13dc201579ea52a4163575097f6d3d75b705bd858ea956ce6f9952ed,0f5bc9782c48e3a3e585d6e363af5be316f55fc5a3cca98ea14f90a41e2a6cd2,0f5bc9782c48e3a3e585d6e363af5be316f55fc5a3cca98ea14f90a41e2a6cd2,Large-scale n=12,ok,,
2.0.0,E18,e18_full_20260721_131939,2026-07-21T13:20:29.714618+00:00,cnot_chain_12,CNOT,cnot_chain,12,clifford_t,88,0,1.0,100.0,1.0,1.0,1.0,0.0,0,0,1.0,True,0.0,greedy_phase1,42,114,experiments/e18_clifford_t/run.py,0eb2abde13dc201579ea52a4163575097f6d3d75b705bd858ea956ce6f9952ed,e7dd0cbec79426282b12f575271a4a49388d37148e775992c2a76c5ee4995071,b818079b15a82b25c8d88cedc3377a355c512361d016593d1820cd9fa5fa699b,Large-scale n=12,ok,,
2.0.0,E18,e18_full_20260721_131939,2026-07-21T13:20:29.725394+00:00,cnot_chain_12,CNOT,cnot_chain,12,clifford_t,88,88,0.0,0.0,0.0,0.0,0.0,0.0,0,0,1.0,True,0.0103371143341064,commutation_phase2,42,114,experiments/e18_clifford_t/run.py,0eb2abde13dc201579ea52a4163575097f6d3d75b705bd858ea956ce6f9952ed,e7dd0cbec79426282b12f575271a4a49388d37148e775992c2a76c5ee4995071,e7dd0cbec79426282b12f575271a4a49388d37148e775992c2a76c5ee4995071,Large-scale n=12,ok,,
2.0.0,E18,e18_full_20260721_131939,2026-07-21T13:20:29.729287+00:00,cnot_chain_12,CNOT,cnot_chain,12,clifford_t,88,0,1.0,100.0,1.0,1.0,1.0,0.0,0,0,1.0,True,0.0038926601409912,hybrid_phase1_2,42,114,experiments/e18_clifford_t/run.py,0eb2abde13dc201579ea52a4163575097f6d3d75b705bd858ea956ce6f9952ed,e7dd0cbec79426282b12f575271a4a49388d37148e775992c2a76c5ee4995071,b818079b15a82b25c8d88cedc3377a355c512361d016593d1820cd9fa5fa699b,Large-scale n=12,ok,,
2.0.0,E18,e18_full_20260721_131939,2026-07-21T13:20:29.747751+00:00,bv_12,Oracle,bernstein_vazirani,13,clifford_t,36,28,0.2222222222222222,22.22222222222222,0.0,0.0,0.0,0.0,0,0,1.0,True,0.0004644393920898,greedy_phase1,54,115,experiments/e18_clifford_t/run.py,0eb2abde13dc201579ea52a4163575097f6d3d75b705bd858ea956ce6f9952ed,9d5fb30d3ee881330ebf8fb8ecc7a70391fddad17f31b6d448a8e4f896c5ea73,fae55bf4a3f6975a45d0d57f4df461b32c32ddbd5349a668e422bb1ecba855c5,Large-scale n=12,ok,,
2.0.0,E18,e18_full_20260721_131939,2026-07-21T13:20:29.747751+00:00,bv_12,Oracle,bernstein_vazirani,13,clifford_t,36,36,0.0,0.0,0.0,0.0,0.0,0.0,0,0,1.0,True,0.0,commutation_phase2,54,115,experiments/e18_clifford_t/run.py,0eb2abde13dc201579ea52a4163575097f6d3d75b705bd858ea956ce6f9952ed,9d5fb30d3ee881330ebf8fb8ecc7a70391fddad17f31b6d448a8e4f896c5ea73,9d5fb30d3ee881330ebf8fb8ecc7a70391fddad17f31b6d448a8e4f896c5ea73,Large-scale n=12,ok,,
2.0.0,E18,e18_full_20260721_131939,2026-07-21T13:20:29.758037+00:00,bv_12,Oracle,bernstein_vazirani,13,clifford_t,36,28,0.2222222222222222,22.22222222222222,0.0,0.0,0.0,0.0,0,0,1.0,True,0.0,hybrid_phase1_2,54,115,experiments/e18_clifford_t/run.py,0eb2abde13dc201579ea52a4163575097f6d3d75b705bd858ea956ce6f9952ed,9d5fb30d3ee881330ebf8fb8ecc7a70391fddad17f31b6d448a8e4f896c5ea73,fae55bf4a3f6975a45d0d57f4df461b32c32ddbd5349a668e422bb1ecba855c5,Large-scale n=12,ok,,
2.0.0,E18,e18_full_20260721_131939,2026-07-21T13:20:31.243885+00:00,iqp_12,IQP,iqp,12,clifford_t,82,72,0.1219512195121951,12.195121951219512,0.0666666666666666,0.0,0.0,0.0,13,13,0.9999999999999832,True,0.3561124801635742,greedy_phase1,754,118,experiments/e18_clifford_t/run.py,0eb2abde13dc201579ea52a4163575097f6d3d75b705bd858ea956ce6f9952ed,72248669e68afda584974a3b94bffe98e514c62ea96849addb844f571579f41e,9a23af477dcd0dfc4878b31201ec6192dcfbe53124ef60461598895aff82db9a,Large-scale n=12,ok,,
2.0.0,E18,e18_full_20260721_131939,2026-07-21T13:20:31.243885+00:00,iqp_12,IQP,iqp,12,clifford_t,82,82,0.0,0.0,0.0,0.0,0.0,0.0,13,13,1.0,True,0.0,commutation_phase2,754,118,experiments/e18_clifford_t/run.py,0eb2abde13dc201579ea52a4163575097f6d3d75b705bd858ea956ce6f9952ed,72248669e68afda584974a3b94bffe98e514c62ea96849addb844f571579f41e,72248669e68afda584974a3b94bffe98e514c62ea96849addb844f571579f41e,Large-scale n=12,ok,,
2.0.0,E18,e18_full_20260721_131939,2026-07-21T13:20:31.259387+00:00,iqp_12,IQP,iqp,12,clifford_t,82,72,0.1219512195121951,12.195121951219512,0.0666666666666666,0.0,0.0,0.0,13,13,0.9999999999999832,True,0.0,hybrid_phase1_2,754,118,experiments/e18_clifford_t/run.py,0eb2abde13dc201579ea52a4163575097f6d3d75b705bd858ea956ce6f9952ed,72248669e68afda584974a3b94bffe98e514c62ea96849addb844f571579f41e,9a23af477dcd0dfc4878b31201ec6192dcfbe53124ef60461598895aff82db9a,Large-scale n=12,ok,,
2.0.0,E18,e18_full_20260721_131939,2026-07-21T13:20:31.274761+00:00,clifford_12,RandomClifford,random_clifford,12,clifford_t,85,67,0.2117647058823529,21.176470588235297,0.0,0.0,0.0,0.0,0,0,1.0,True,0.0,greedy_phase1,854,119,experiments/e18_clifford_t/run.py,0eb2abde13dc201579ea52a4163575097f6d3d75b705bd858ea956ce6f9952ed,bed691d72d7ffb448a1d1a25433f7e3ad24cf156fbe8c6a27eec3289c3a2097a,483bf90402a8959ce69402e08068963c866aa547a15014eaaf443b1e75989ad3,Large-scale n=12,ok,,
2.0.0,E18,e18_full_20260721_131939,2026-07-21T13:20:31.289906+00:00,clifford_12,RandomClifford,random_clifford,12,clifford_t,85,79,0.0705882352941176,7.058823529411762,0.0,0.0,0.0,0.0,0,0,1.0,True,0.0151455402374267,commutation_phase2,854,119,experiments/e18_clifford_t/run.py,0eb2abde13dc201579ea52a4163575097f6d3d75b705bd858ea956ce6f9952ed,bed691d72d7ffb448a1d1a25433f7e3ad24cf156fbe8c6a27eec3289c3a2097a,0ce7068a1327d8eaf9358d57e361bdba8cbf82d0802fa751d88fff0726e969b7,Large-scale n=12,ok,,
2.0.0,E18,e18_full_20260721_131939,2026-07-21T13:20:31.300554+00:00,clifford_12,RandomClifford,random_clifford,12,clifford_t,85,67,0.2117647058823529,21.176470588235297,0.0,0.0,0.0,0.0,0,0,1.0,True,0.0106472969055175,hybrid_phase1_2,854,119,experiments/e18_clifford_t/run.py,0eb2abde13dc201579ea52a4163575097f6d3d75b705bd858ea956ce6f9952ed,bed691d72d7ffb448a1d1a25433f7e3ad24cf156fbe8c6a27eec3289c3a2097a,483bf90402a8959ce69402e08068963c866aa547a15014eaaf443b1e75989ad3,Large-scale n=12,ok,,
2.0.0,E18,e18_full_20260721_131939,2026-07-21T13:20:31.318160+00:00,surface_code_12,SurfaceCode,surface_code,13,clifford_t,17,17,0.0,0.0,0.0,0.0,0.0,0.0,0,0,1.0,True,0.0,greedy_phase1,954,120,experiments/e18_clifford_t/run.py,0eb2abde13dc201579ea52a4163575097f6d3d75b705bd858ea956ce6f9952ed,5610478c17a0e8ae5514a1bc6ba604623876940ede3eebd32c86638564fa7253,5610478c17a0e8ae5514a1bc6ba604623876940ede3eebd32c86638564fa7253,Large-scale n=12,ok,,
2.0.0,E18,e18_full_20260721_131939,2026-07-21T13:20:31.320169+00:00,surface_code_12,SurfaceCode,surface_code,13,clifford_t,17,17,0.0,0.0,0.0,0.0,0.0,0.0,0,0,1.0,True,0.0,commutation_phase2,954,120,experiments/e18_clifford_t/run.py,0eb2abde13dc201579ea52a4163575097f6d3d75b705bd858ea956ce6f9952ed,5610478c17a0e8ae5514a1bc6ba604623876940ede3eebd32c86638564fa7253,5610478c17a0e8ae5514a1bc6ba604623876940ede3eebd32c86638564fa7253,Large-scale n=12,ok,,
2.0.0,E18,e18_full_20260721_131939,2026-07-21T13:20:31.325145+00:00,surface_code_12,SurfaceCode,surface_code,13,clifford_t,17,17,0.0,0.0,0.0,0.0,0.0,0.0,0,0,1.0,True,0.0020091533660888,hybrid_phase1_2,954,120,experiments/e18_clifford_t/run.py,0eb2abde13dc201579ea52a4163575097f6d3d75b705bd858ea956ce6f9952ed,5610478c17a0e8ae5514a1bc6ba604623876940ede3eebd32c86638564fa7253,5610478c17a0e8ae5514a1bc6ba604623876940ede3eebd32c86638564fa7253,Large-scale n=12,ok,,
2.0.0,E18,e18_full_20260721_131939,2026-07-21T13:20:31.867184+00:00,ghz_15,GHZ,ghz,15,clifford_t,15,15,0.0,0.0,0.0,0.0,0.0,0.0,0,0,1.0,True,0.0,greedy_phase1,42,122,experiments/e18_clifford_t/run.py,0eb2abde13dc201579ea52a4163575097f6d3d75b705bd858ea956ce6f9952ed,82b20b7a3b809355ef371a20f12a862907e81473ec4e11de357b568835c90c34,82b20b7a3b809355ef371a20f12a862907e81473ec4e11de357b568835c90c34,Large-scale n=15,ok,,
2.0.0,E18,e18_full_20260721_131939,2026-07-21T13:20:31.869181+00:00,ghz_15,GHZ,ghz,15,clifford_t,15,15,0.0,0.0,0.0,0.0,0.0,0.0,0,0,1.0,True,0.0,commutation_phase2,42,122,experiments/e18_clifford_t/run.py,0eb2abde13dc201579ea52a4163575097f6d3d75b705bd858ea956ce6f9952ed,82b20b7a3b809355ef371a20f12a862907e81473ec4e11de357b568835c90c34,82b20b7a3b809355ef371a20f12a862907e81473ec4e11de357b568835c90c34,Large-scale n=15,ok,,
2.0.0,E18,e18_full_20260721_131939,2026-07-21T13:20:31.870180+00:00,ghz_15,GHZ,ghz,15,clifford_t,15,15,0.0,0.0,0.0,0.0,0.0,0.0,0,0,1.0,True,0.0009992122650146,hybrid_phase1_2,42,122,experiments/e18_clifford_t/run.py,0eb2abde13dc201579ea52a4163575097f6d3d75b705bd858ea956ce6f9952ed,82b20b7a3b809355ef371a20f12a862907e81473ec4e11de357b568835c90c34,82b20b7a3b809355ef371a20f12a862907e81473ec4e11de357b568835c90c34,Large-scale n=15,ok,,
2.0.0,E18,e18_full_20260721_131939,2026-07-21T13:20:31.887728+00:00,cnot_chain_15,CNOT,cnot_chain,15,clifford_t,112,0,1.0,100.0,1.0,1.0,1.0,0.0,0,0,1.0,True,0.0155475139617919,greedy_phase1,42,123,experiments/e18_clifford_t/run.py,0eb2abde13dc201579ea52a4163575097f6d3d75b705bd858ea956ce6f9952ed,d0a918e270e81ef3627ecf08a4ba13194e26802379d404bf2a16171294cf4129,45daba5abf0985726c55cca336d1c0f241c5f02c433737120fe0437b281a7e52,Large-scale n=15,ok,,
2.0.0,E18,e18_full_20260721_131939,2026-07-21T13:20:31.895246+00:00,cnot_chain_15,CNOT,cnot_chain,15,clifford_t,112,112,0.0,0.0,0.0,0.0,0.0,0.0,0,0,1.0,True,0.0075173377990722,commutation_phase2,42,123,experiments/e18_clifford_t/run.py,0eb2abde13dc201579ea52a4163575097f6d3d75b705bd858ea956ce6f9952ed,d0a918e270e81ef3627ecf08a4ba13194e26802379d404bf2a16171294cf4129,d0a918e270e81ef3627ecf08a4ba13194e26802379d404bf2a16171294cf4129,Large-scale n=15,ok,,
2.0.0,E18,e18_full_20260721_131939,2026-07-21T13:20:31.903033+00:00,cnot_chain_15,CNOT,cnot_chain,15,clifford_t,112,0,1.0,100.0,1.0,1.0,1.0,0.0,0,0,1.0,True,0.0077879428863525,hybrid_phase1_2,42,123,experiments/e18_clifford_t/run.py,0eb2abde13dc201579ea52a4163575097f6d3d75b705bd858ea956ce6f9952ed,d0a918e270e81ef3627ecf08a4ba13194e26802379d404bf2a16171294cf4129,45daba5abf0985726c55cca336d1c0f241c5f02c433737120fe0437b281a7e52,Large-scale n=15,ok,,
2.0.0,E18,e18_full_20260721_131939,2026-07-21T13:20:31.914987+00:00,bv_15,Oracle,bernstein_vazirani,16,clifford_t,42,28,0.3333333333333333,33.333333333333336,0.0,0.0,0.0,0.0,0,0,1.0,True,0.0,greedy_phase1,57,124,experiments/e18_clifford_t/run.py,0eb2abde13dc201579ea52a4163575097f6d3d75b705bd858ea956ce6f9952ed,d21bad68be02d2a9912eb6b8c1bfd62ba4f3e08ea20c101d88b899fa684b608e,cfdabd50cc6bcc9b5c6913e8f4b289357fe727b0b163a0cb22d3572b9319c08e,Large-scale n=15,ok,,
2.0.0,E18,e18_full_20260721_131939,2026-07-21T13:20:31.918370+00:00,bv_15,Oracle,bernstein_vazirani,16,clifford_t,42,42,0.0,0.0,0.0,0.0,0.0,0.0,0,0,1.0,True,0.0033826828002929,commutation_phase2,57,124,experiments/e18_clifford_t/run.py,0eb2abde13dc201579ea52a4163575097f6d3d75b705bd858ea956ce6f9952ed,d21bad68be02d2a9912eb6b8c1bfd62ba4f3e08ea20c101d88b899fa684b608e,d21bad68be02d2a9912eb6b8c1bfd62ba4f3e08ea20c101d88b899fa684b608e,Large-scale n=15,ok,,
2.0.0,E18,e18_full_20260721_131939,2026-07-21T13:20:31.925086+00:00,bv_15,Oracle,bernstein_vazirani,16,clifford_t,42,28,0.3333333333333333,33.333333333333336,0.0,0.0,0.0,0.0,0,0,1.0,True,0.006716251373291,hybrid_phase1_2,57,124,experiments/e18_clifford_t/run.py,0eb2abde13dc201579ea52a4163575097f6d3d75b705bd858ea956ce6f9952ed,d21bad68be02d2a9912eb6b8c1bfd62ba4f3e08ea20c101d88b899fa684b608e,cfdabd50cc6bcc9b5c6913e8f4b289357fe727b0b163a0cb22d3572b9319c08e,Large-scale n=15,ok,,
2.0.0,E18,e18_full_20260721_131939,2026-07-21T13:20:35.107978+00:00,iqp_15,IQP,iqp,15,clifford_t,130,114,0.123076923076923,12.307692307692308,0.0357142857142857,0.0,0.0,0.0,10,10,0.9999999999999736,True,1.8800935745239256,greedy_phase1,757,127,experiments/e18_clifford_t/run.py,0eb2abde13dc201579ea52a4163575097f6d3d75b705bd858ea956ce6f9952ed,30c6012e740b829e26358d2931273b8e2e3b623731884c90051bc06a71f1551d,6b699dab0225f379d1529a8f61cad01e221a4c9ee71bd520cf5cfeac1bd3be78,Large-scale n=15,ok,,
2.0.0,E18,e18_full_20260721_131939,2026-07-21T13:20:37.014588+00:00,iqp_15,IQP,iqp,15,clifford_t,130,124,0.0461538461538461,4.61538461538461,0.0,0.0,0.0,0.0,10,10,0.9999999999999716,True,1.8915014266967771,commutation_phase2,757,127,experiments/e18_clifford_t/run.py,0eb2abde13dc201579ea52a4163575097f6d3d75b705bd858ea956ce6f9952ed,30c6012e740b829e26358d2931273b8e2e3b623731884c90051bc06a71f1551d,adf69a26b5977e2efd8aa459362ba7e4f888c2787656fa5ec9895b107aaf2dae,Large-scale n=15,ok,,
2.0.0,E18,e18_full_20260721_131939,2026-07-21T13:20:38.825075+00:00,iqp_15,IQP,iqp,15,clifford_t,130,104,0.1999999999999999,20.0,0.3571428571428571,0.0952380952380952,0.0952380952380952,0.0,10,10,0.9999999999999732,True,1.8104867935180664,hybrid_phase1_2,757,127,experiments/e18_clifford_t/run.py,0eb2abde13dc201579ea52a4163575097f6d3d75b705bd858ea956ce6f9952ed,30c6012e740b829e26358d2931273b8e2e3b623731884c90051bc06a71f1551d,c4c35d28fe0911aeba2484fdcd51d081f4d5322e2f535e997dabfdc472eb0c8c,Large-scale n=15,ok,,
2.0.0,E18,e18_full_20260721_131939,2026-07-21T13:20:38.849625+00:00,clifford_15,RandomClifford,random_clifford,15,clifford_t,95,65,0.3157894736842105,31.57894736842105,0.1111111111111111,0.0,0.0,0.0,0,0,1.0,True,0.0029995441436767,greedy_phase1,857,128,experiments/e18_clifford_t/run.py,0eb2abde13dc201579ea52a4163575097f6d3d75b705bd858ea956ce6f9952ed,1c03a013687be179b781dd5285a96db87f5f0232697cc014b2e212b6c528c75c,2b13eb13ac54b61f1ed7c20943c86e652b0894270bfa3afd2e52504b92f69f9b,Large-scale n=15,ok,,
2.0.0,E18,e18_full_20260721_131939,2026-07-21T13:20:38.858428+00:00,clifford_15,RandomClifford,random_clifford,15,clifford_t,95,91,0.0421052631578947,4.210526315789476,0.0,0.0,0.0,0.0,0,0,1.0,True,0.0069990158081054,commutation_phase2,857,128,experiments/e18_clifford_t/run.py,0eb2abde13dc201579ea52a4163575097f6d3d75b705bd858ea956ce6f9952ed,1c03a013687be179b781dd5285a96db87f5f0232697cc014b2e212b6c528c75c,ffe1430db1bcc98ebf82c248f9150d9f9ad830c1fc181ab5df42bca1fd5cc607,Large-scale n=15,ok,,
2.0.0,E18,e18_full_20260721_131939,2026-07-21T13:20:38.859595+00:00,clifford_15,RandomClifford,random_clifford,15,clifford_t,95,65,0.3157894736842105,31.57894736842105,0.1111111111111111,0.0,0.0,0.0,0,0,1.0,True,0.0005075931549072,hybrid_phase1_2,857,128,experiments/e18_clifford_t/run.py,0eb2abde13dc201579ea52a4163575097f6d3d75b705bd858ea956ce6f9952ed,1c03a013687be179b781dd5285a96db87f5f0232697cc014b2e212b6c528c75c,2b13eb13ac54b61f1ed7c20943c86e652b0894270bfa3afd2e52504b92f69f9b,Large-scale n=15,ok,,
2.0.0,E18,e18_full_20260721_131939,2026-07-21T13:20:38.875615+00:00,surface_code_15,SurfaceCode,surface_code,16,clifford_t,19,19,0.0,0.0,0.0,0.0,0.0,0.0,0,0,1.0,True,0.0,greedy_phase1,957,129,experiments/e18_clifford_t/run.py,0eb2abde13dc201579ea52a4163575097f6d3d75b705bd858ea956ce6f9952ed,aca909201a3a689bdb0198afb936240dd576fc0bc78116de161addaa8ab88adf,aca909201a3a689bdb0198afb936240dd576fc0bc78116de161addaa8ab88adf,Large-scale n=15,ok,,
2.0.0,E18,e18_full_20260721_131939,2026-07-21T13:20:38.884451+00:00,surface_code_15,SurfaceCode,surface_code,16,clifford_t,19,19,0.0,0.0,0.0,0.0,0.0,0.0,0,0,1.0,True,0.0088355541229248,commutation_phase2,957,129,experiments/e18_clifford_t/run.py,0eb2abde13dc201579ea52a4163575097f6d3d75b705bd858ea956ce6f9952ed,aca909201a3a689bdb0198afb936240dd576fc0bc78116de161addaa8ab88adf,aca909201a3a689bdb0198afb936240dd576fc0bc78116de161addaa8ab88adf,Large-scale n=15,ok,,
2.0.0,E18,e18_full_20260721_131939,2026-07-21T13:20:38.884451+00:00,surface_code_15,SurfaceCode,surface_code,16,clifford_t,19,19,0.0,0.0,0.0,0.0,0.0,0.0,0,0,1.0,True,0.0,hybrid_phase1_2,957,129,experiments/e18_clifford_t/run.py,0eb2abde13dc201579ea52a4163575097f6d3d75b705bd858ea956ce6f9952ed,aca909201a3a689bdb0198afb936240dd576fc0bc78116de161addaa8ab88adf,aca909201a3a689bdb0198afb936240dd576fc0bc78116de161addaa8ab88adf,Large-scale n=15,ok,,
2.0.0,E18,e18_full_20260721_131939,2026-07-21T13:20:39.664527+00:00,ghz_20,GHZ,ghz,20,clifford_t,20,20,0.0,0.0,0.0,0.0,0.0,0.0,0,0,1.0,True,0.0,greedy_phase1,42,131,experiments/e18_clifford_t/run.py,0eb2abde13dc201579ea52a4163575097f6d3d75b705bd858ea956ce6f9952ed,567119cbcdcb5ac0e1728a2141dcb5563905a27a58446966710006f17d1fae95,567119cbcdcb5ac0e1728a2141dcb5563905a27a58446966710006f17d1fae95,Large-scale n=20,ok,,
2.0.0,E18,e18_full_20260721_131939,2026-07-21T13:20:39.664527+00:00,ghz_20,GHZ,ghz,20,clifford_t,20,20,0.0,0.0,0.0,0.0,0.0,0.0,0,0,1.0,True,0.0,commutation_phase2,42,131,experiments/e18_clifford_t/run.py,0eb2abde13dc201579ea52a4163575097f6d3d75b705bd858ea956ce6f9952ed,567119cbcdcb5ac0e1728a2141dcb5563905a27a58446966710006f17d1fae95,567119cbcdcb5ac0e1728a2141dcb5563905a27a58446966710006f17d1fae95,Large-scale n=20,ok,,
2.0.0,E18,e18_full_20260721_131939,2026-07-21T13:20:39.664527+00:00,ghz_20,GHZ,ghz,20,clifford_t,20,20,0.0,0.0,0.0,0.0,0.0,0.0,0,0,1.0,True,0.0,hybrid_phase1_2,42,131,experiments/e18_clifford_t/run.py,0eb2abde13dc201579ea52a4163575097f6d3d75b705bd858ea956ce6f9952ed,567119cbcdcb5ac0e1728a2141dcb5563905a27a58446966710006f17d1fae95,567119cbcdcb5ac0e1728a2141dcb5563905a27a58446966710006f17d1fae95,Large-scale n=20,ok,,
2.0.0,E18,e18_full_20260721_131939,2026-07-21T13:20:39.690687+00:00,cnot_chain_20,CNOT,cnot_chain,20,clifford_t,152,0,1.0,100.0,1.0,1.0,1.0,0.0,0,0,1.0,True,0.0050983428955078,greedy_phase1,42,132,experiments/e18_clifford_t/run.py,0eb2abde13dc201579ea52a4163575097f6d3d75b705bd858ea956ce6f9952ed,d3e5000d5e81ebefddeab14c1c8841d15895fa40df33894647e6a6ff813bc21d,314846ea095edb11965972130b67a6d63f8da4112505a7b854100279954d5eeb,Large-scale n=20,ok,,
2.0.0,E18,e18_full_20260721_131939,2026-07-21T13:20:39.698703+00:00,cnot_chain_20,CNOT,cnot_chain,20,clifford_t,152,152,0.0,0.0,0.0,0.0,0.0,0.0,0,0,1.0,True,0.0060122013092041,commutation_phase2,42,132,experiments/e18_clifford_t/run.py,0eb2abde13dc201579ea52a4163575097f6d3d75b705bd858ea956ce6f9952ed,d3e5000d5e81ebefddeab14c1c8841d15895fa40df33894647e6a6ff813bc21d,d3e5000d5e81ebefddeab14c1c8841d15895fa40df33894647e6a6ff813bc21d,Large-scale n=20,ok,,
2.0.0,E18,e18_full_20260721_131939,2026-07-21T13:20:39.706719+00:00,cnot_chain_20,CNOT,cnot_chain,20,clifford_t,152,0,1.0,100.0,1.0,1.0,1.0,0.0,0,0,1.0,True,0.0080163478851318,hybrid_phase1_2,42,132,experiments/e18_clifford_t/run.py,0eb2abde13dc201579ea52a4163575097f6d3d75b705bd858ea956ce6f9952ed,d3e5000d5e81ebefddeab14c1c8841d15895fa40df33894647e6a6ff813bc21d,314846ea095edb11965972130b67a6d63f8da4112505a7b854100279954d5eeb,Large-scale n=20,ok,,
2.0.0,E18,e18_full_20260721_131939,2026-07-21T13:20:39.724989+00:00,bv_20,Oracle,bernstein_vazirani,21,clifford_t,58,46,0.2068965517241379,20.68965517241379,0.0,0.0,0.0,0.0,0,0,1.0,True,0.0019986629486083,greedy_phase1,62,133,experiments/e18_clifford_t/run.py,0eb2abde13dc201579ea52a4163575097f6d3d75b705bd858ea956ce6f9952ed,6eeb202185845b63a37c3e9a62a17d851c484471257e4e8cee19cbedbf1e7ad8,395f02de538767804e4783148b4fd450473b407725c204934fec4176035efcb3,Large-scale n=20,ok,,
2.0.0,E18,e18_full_20260721_131939,2026-07-21T13:20:39.729519+00:00,bv_20,Oracle,bernstein_vazirani,21,clifford_t,58,58,0.0,0.0,0.0,0.0,0.0,0.0,0,0,1.0,True,0.0025112628936767,commutation_phase2,62,133,experiments/e18_clifford_t/run.py,0eb2abde13dc201579ea52a4163575097f6d3d75b705bd858ea956ce6f9952ed,6eeb202185845b63a37c3e9a62a17d851c484471257e4e8cee19cbedbf1e7ad8,6eeb202185845b63a37c3e9a62a17d851c484471257e4e8cee19cbedbf1e7ad8,Large-scale n=20,ok,,
2.0.0,E18,e18_full_20260721_131939,2026-07-21T13:20:39.736585+00:00,bv_20,Oracle,bernstein_vazirani,21,clifford_t,58,46,0.2068965517241379,20.68965517241379,0.0,0.0,0.0,0.0,0,0,1.0,True,0.0070657730102539,hybrid_phase1_2,62,133,experiments/e18_clifford_t/run.py,0eb2abde13dc201579ea52a4163575097f6d3d75b705bd858ea956ce6f9952ed,6eeb202185845b63a37c3e9a62a17d851c484471257e4e8cee19cbedbf1e7ad8,395f02de538767804e4783148b4fd450473b407725c204934fec4176035efcb3,Large-scale n=20,ok,,
2.0.0,E18,e18_full_20260721_131939,2026-07-21T14:57:42.257402+00:00,iqp_20,IQP,iqp,20,clifford_t,156,132,0.1538461538461538,15.384615384615383,0.0476190476190476,0.0,0.0,0.0,19,19,0.999999999999966,True,148.75950598716736,greedy_phase1,762,136,experiments/e18_clifford_t/run.py,0eb2abde13dc201579ea52a4163575097f6d3d75b705bd858ea956ce6f9952ed,88bd7e32d7287d8dce791b206c7c9e62bf7d17f0a3c50a3cde1be72b0e69f1a6,7494448c5e63d7b3a0a64167d78ab8251818be51677ec3ce21279afd8f38cca2,Large-scale n=20,ok,,
2.0.0,E18,e18_full_20260721_131939,2026-07-21T14:57:42.268911+00:00,iqp_20,IQP,iqp,20,clifford_t,156,156,0.0,0.0,0.0,0.0,0.0,0.0,19,19,1.0,True,0.0071337223052978,commutation_phase2,762,136,experiments/e18_clifford_t/run.py,0eb2abde13dc201579ea52a4163575097f6d3d75b705bd858ea956ce6f9952ed,88bd7e32d7287d8dce791b206c7c9e62bf7d17f0a3c50a3cde1be72b0e69f1a6,88bd7e32d7287d8dce791b206c7c9e62bf7d17f0a3c50a3cde1be72b0e69f1a6,Large-scale n=20,ok,,
2.0.0,E18,e18_full_20260721_131939,2026-07-21T15:00:17.459890+00:00,iqp_20,IQP,iqp,20,clifford_t,156,128,0.1794871794871795,17.948717948717952,0.0476190476190476,0.0799999999999999,0.0799999999999999,0.0,19,19,0.9999999999999678,True,155.18087220191956,hybrid_phase1_2,762,136,experiments/e18_clifford_t/run.py,0eb2abde13dc201579ea52a4163575097f6d3d75b705bd858ea956ce6f9952ed,88bd7e32d7287d8dce791b206c7c9e62bf7d17f0a3c50a3cde1be72b0e69f1a6,c45fa6cf51b7fd935df34410ba5da61adcde186a3f38011acdb750fc70780d2f,Large-scale n=20,ok,,
2.0.0,E18,e18_full_20260721_131939,2026-07-21T15:02:31.598178+00:00,clifford_20,RandomClifford,random_clifford,20,clifford_t,137,109,0.2043795620437956,20.43795620437956,0.0909090909090909,0.0,0.0,0.0,0,0,1.0,True,0.0151982307434082,greedy_phase1,862,137,experiments/e18_clifford_t/run.py,0eb2abde13dc201579ea52a4163575097f6d3d75b705bd858ea956ce6f9952ed,74ddbcf8895c81071516a5c7ad4363393dcb81df0909a2221f23a4b4de19da27,fb99c32575d0fe64c1cf22fcf1fb7c6d5f03239b868b62a03f2fec32d42c4f31,Large-scale n=20,ok,,
2.0.0,E18,e18_full_20260721_131939,2026-07-21T15:02:31.621188+00:00,clifford_20,RandomClifford,random_clifford,20,clifford_t,137,131,0.0437956204379561,4.379562043795615,0.0,0.0,0.0,0.0,0,0,1.0,True,0.0204944610595703,commutation_phase2,862,137,experiments/e18_clifford_t/run.py,0eb2abde13dc201579ea52a4163575097f6d3d75b705bd858ea956ce6f9952ed,74ddbcf8895c81071516a5c7ad4363393dcb81df0909a2221f23a4b4de19da27,2cf9b1d39167009c36e8deab6fd3746e641da30cd52202c4acd709efaf2a81c1,Large-scale n=20,ok,,
2.0.0,E18,e18_full_20260721_131939,2026-07-21T15:02:31.635917+00:00,clifford_20,RandomClifford,random_clifford,20,clifford_t,137,109,0.2043795620437956,20.43795620437956,0.0909090909090909,0.0,0.0,0.0,0,0,1.0,True,0.0147287845611572,hybrid_phase1_2,862,137,experiments/e18_clifford_t/run.py,0eb2abde13dc201579ea52a4163575097f6d3d75b705bd858ea956ce6f9952ed,74ddbcf8895c81071516a5c7ad4363393dcb81df0909a2221f23a4b4de19da27,fb99c32575d0fe64c1cf22fcf1fb7c6d5f03239b868b62a03f2fec32d42c4f31,Large-scale n=20,ok,,
2.0.0,E18,e18_full_20260721_131939,2026-07-21T15:02:31.668583+00:00,surface_code_20,SurfaceCode,surface_code,21,clifford_t,26,26,0.0,0.0,0.0,0.0,0.0,0.0,0,0,1.0,True,0.0,greedy_phase1,962,138,experiments/e18_clifford_t/run.py,0eb2abde13dc201579ea52a4163575097f6d3d75b705bd858ea956ce6f9952ed,120ff013623ecae0a8a337019b1db940990b1eabe8b1674663864753cb6d4910,120ff013623ecae0a8a337019b1db940990b1eabe8b1674663864753cb6d4910,Large-scale n=20,ok,,
2.0.0,E18,e18_full_20260721_131939,2026-07-21T15:02:31.670589+00:00,surface_code_20,SurfaceCode,surface_code,21,clifford_t,26,26,0.0,0.0,0.0,0.0,0.0,0.0,0,0,1.0,True,0.0020058155059814,commutation_phase2,962,138,experiments/e18_clifford_t/run.py,0eb2abde13dc201579ea52a4163575097f6d3d75b705bd858ea956ce6f9952ed,120ff013623ecae0a8a337019b1db940990b1eabe8b1674663864753cb6d4910,120ff013623ecae0a8a337019b1db940990b1eabe8b1674663864753cb6d4910,Large-scale n=20,ok,,
2.0.0,E18,e18_full_20260721_131939,2026-07-21T15:02:31.674602+00:00,surface_code_20,SurfaceCode,surface_code,21,clifford_t,26,26,0.0,0.0,0.0,0.0,0.0,0.0,0,0,1.0,True,0.0040125846862792,hybrid_phase1_2,962,138,experiments/e18_clifford_t/run.py,0eb2abde13dc201579ea52a4163575097f6d3d75b705bd858ea956ce6f9952ed,120ff013623ecae0a8a337019b1db940990b1eabe8b1674663864753cb6d4910,120ff013623ecae0a8a337019b1db940990b1eabe8b1674663864753cb6d4910,Large-scale n=20,ok,,
