experiment_id,n_qubits,depth,rho,trial,seed,m_gates,a_adj_raw,a_adj_greedy,reduction_greedy
E30,4,10,0.0,0,1300000,40,0,0,0.0
E30,4,10,0.0,1,1300001,40,2,3,0.15
E30,4,10,0.0,2,1300002,40,0,0,0.0
E30,4,10,0.0,3,1300003,40,1,1,0.05
E30,4,10,0.0,4,1300004,40,3,3,0.15
E30,4,10,0.0,5,1300005,40,5,4,0.2
E30,4,10,0.0,6,1300006,40,5,4,0.2
E30,4,10,0.0,7,1300007,40,0,0,0.0
E30,4,10,0.0,8,1300008,40,0,0,0.0
E30,4,10,0.0,9,1300009,40,1,1,0.05
E30,4,10,0.0,10,1300010,40,2,2,0.1
E30,4,10,0.0,11,1300011,40,2,2,0.1
E30,4,10,0.0,12,1300012,40,1,1,0.05
E30,4,10,0.0,13,1300013,40,2,2,0.1
E30,4,10,0.0,14,1300014,40,2,2,0.1
E30,4,10,0.0,15,1300015,40,2,2,0.1
E30,4,10,0.0,16,1300016,40,1,1,0.05
E30,4,10,0.0,17,1300017,40,1,1,0.05
E30,4,10,0.0,18,1300018,40,3,2,0.1
E30,4,10,0.0,19,1300019,40,3,3,0.15
E30,4,10,0.0,20,1300020,40,3,2,0.1
E30,4,10,0.0,21,1300021,40,3,3,0.15
E30,4,10,0.0,22,1300022,40,1,1,0.05
E30,4,10,0.0,23,1300023,40,4,2,0.1
E30,4,10,0.0,24,1300024,40,0,0,0.0
E30,4,10,0.0,25,1300025,40,2,3,0.15
E30,4,10,0.0,26,1300026,40,4,3,0.15
E30,4,10,0.0,27,1300027,40,0,0,0.0
E30,4,10,0.0,28,1300028,40,1,1,0.05
E30,4,10,0.0,29,1300029,40,0,0,0.0
E30,4,10,0.0,30,1300030,40,4,2,0.1
E30,4,10,0.0,31,1300031,40,6,6,0.3
E30,4,10,0.0,32,1300032,40,4,3,0.15
E30,4,10,0.0,33,1300033,40,3,3,0.15
E30,4,10,0.0,34,1300034,40,3,3,0.15
E30,4,10,0.0,35,1300035,40,2,3,0.15
E30,4,10,0.0,36,1300036,40,2,2,0.1
E30,4,10,0.0,37,1300037,40,2,2,0.1
E30,4,10,0.0,38,1300038,40,1,1,0.05
E30,4,10,0.0,39,1300039,40,4,3,0.15
E30,4,10,0.0,40,1300040,40,3,3,0.15
E30,4,10,0.0,41,1300041,40,2,2,0.1
E30,4,10,0.0,42,1300042,40,1,1,0.05
E30,4,10,0.0,43,1300043,40,0,0,0.0
E30,4,10,0.0,44,1300044,40,4,4,0.2
E30,4,10,0.0,45,1300045,40,3,3,0.15
E30,4,10,0.0,46,1300046,40,5,4,0.2
E30,4,10,0.0,47,1300047,40,5,6,0.3
E30,4,10,0.0,48,1300048,40,4,3,0.15
E30,4,10,0.0,49,1300049,40,2,3,0.15
E30,4,10,0.0,50,1300050,40,1,1,0.05
E30,4,10,0.0,51,1300051,40,3,3,0.15
E30,4,10,0.0,52,1300052,40,4,6,0.3
E30,4,10,0.0,53,1300053,40,2,2,0.1
E30,4,10,0.0,54,1300054,40,4,3,0.15
E30,4,10,0.0,55,1300055,40,2,1,0.05
E30,4,10,0.0,56,1300056,40,3,2,0.1
E30,4,10,0.0,57,1300057,40,0,0,0.0
E30,4,10,0.0,58,1300058,40,0,0,0.0
E30,4,10,0.0,59,1300059,40,2,1,0.05
E30,4,10,0.0,60,1300060,40,0,0,0.0
E30,4,10,0.0,61,1300061,40,3,3,0.15
E30,4,10,0.0,62,1300062,40,0,0,0.0
E30,4,10,0.0,63,1300063,40,4,4,0.2
E30,4,10,0.0,64,1300064,40,0,0,0.0
E30,4,10,0.0,65,1300065,40,2,2,0.1
E30,4,10,0.0,66,1300066,40,2,4,0.2
E30,4,10,0.0,67,1300067,40,2,2,0.1
E30,4,10,0.0,68,1300068,40,2,2,0.1
E30,4,10,0.0,69,1300069,40,5,5,0.25
E30,4,10,0.0,70,1300070,40,2,2,0.1
E30,4,10,0.0,71,1300071,40,0,0,0.0
E30,4,10,0.0,72,1300072,40,1,1,0.05
E30,4,10,0.0,73,1300073,40,3,3,0.15
E30,4,10,0.0,74,1300074,40,2,2,0.1
E30,4,10,0.0,75,1300075,40,3,3,0.15
E30,4,10,0.0,76,1300076,40,2,2,0.1
E30,4,10,0.0,77,1300077,40,3,3,0.15
E30,4,10,0.0,78,1300078,40,0,0,0.0
E30,4,10,0.0,79,1300079,40,6,5,0.25
E30,4,10,0.0,80,1300080,40,2,2,0.1
E30,4,10,0.0,81,1300081,40,0,0,0.0
E30,4,10,0.0,82,1300082,40,3,3,0.15
E30,4,10,0.0,83,1300083,40,3,4,0.2
E30,4,10,0.0,84,1300084,40,1,1,0.05
E30,4,10,0.0,85,1300085,40,2,2,0.1
E30,4,10,0.0,86,1300086,40,1,1,0.05
E30,4,10,0.0,87,1300087,40,2,2,0.1
E30,4,10,0.0,88,1300088,40,1,1,0.05
E30,4,10,0.0,89,1300089,40,2,3,0.15
E30,4,10,0.0,90,1300090,40,0,0,0.0
E30,4,10,0.0,91,1300091,40,4,4,0.2
E30,4,10,0.0,92,1300092,40,0,0,0.0
E30,4,10,0.0,93,1300093,40,3,4,0.2
E30,4,10,0.0,94,1300094,40,6,5,0.25
E30,4,10,0.0,95,1300095,40,3,4,0.2
E30,4,10,0.0,96,1300096,40,1,1,0.05
E30,4,10,0.0,97,1300097,40,1,1,0.05
E30,4,10,0.0,98,1300098,40,2,2,0.1
E30,4,10,0.0,99,1300099,40,1,1,0.05
E30,4,10,0.0,100,1300100,40,0,0,0.0
E30,4,10,0.0,101,1300101,40,3,3,0.15
E30,4,10,0.0,102,1300102,40,3,4,0.2
E30,4,10,0.0,103,1300103,40,2,2,0.1
E30,4,10,0.0,104,1300104,40,1,1,0.05
E30,4,10,0.0,105,1300105,40,1,1,0.05
E30,4,10,0.0,106,1300106,40,2,1,0.05
E30,4,10,0.0,107,1300107,40,2,2,0.1
E30,4,10,0.0,108,1300108,40,2,2,0.1
E30,4,10,0.0,109,1300109,40,3,2,0.1
E30,4,10,0.0,110,1300110,40,3,3,0.15
E30,4,10,0.0,111,1300111,40,0,0,0.0
E30,4,10,0.0,112,1300112,40,1,1,0.05
E30,4,10,0.0,113,1300113,40,1,1,0.05
E30,4,10,0.0,114,1300114,40,1,1,0.05
E30,4,10,0.0,115,1300115,40,2,2,0.1
E30,4,10,0.0,116,1300116,40,1,1,0.05
E30,4,10,0.0,117,1300117,40,3,3,0.15
E30,4,10,0.0,118,1300118,40,2,2,0.1
E30,4,10,0.0,119,1300119,40,2,1,0.05
E30,4,10,0.0,120,1300120,40,0,0,0.0
E30,4,10,0.0,121,1300121,40,5,6,0.3
E30,4,10,0.0,122,1300122,40,3,3,0.15
E30,4,10,0.0,123,1300123,40,4,5,0.25
E30,4,10,0.0,124,1300124,40,3,3,0.15
E30,4,10,0.0,125,1300125,40,2,1,0.05
E30,4,10,0.0,126,1300126,40,2,1,0.05
E30,4,10,0.0,127,1300127,40,1,1,0.05
E30,4,10,0.0,128,1300128,40,3,3,0.15
E30,4,10,0.0,129,1300129,40,3,3,0.15
E30,4,10,0.0,130,1300130,40,2,3,0.15
E30,4,10,0.0,131,1300131,40,1,1,0.05
E30,4,10,0.0,132,1300132,40,3,3,0.15
E30,4,10,0.0,133,1300133,40,2,2,0.1
E30,4,10,0.0,134,1300134,40,3,3,0.15
E30,4,10,0.0,135,1300135,40,2,2,0.1
E30,4,10,0.0,136,1300136,40,1,1,0.05
E30,4,10,0.0,137,1300137,40,1,1,0.05
E30,4,10,0.0,138,1300138,40,4,2,0.1
E30,4,10,0.0,139,1300139,40,2,2,0.1
E30,4,10,0.0,140,1300140,40,4,3,0.15
E30,4,10,0.0,141,1300141,40,1,1,0.05
E30,4,10,0.0,142,1300142,40,3,2,0.1
E30,4,10,0.0,143,1300143,40,4,4,0.2
E30,4,10,0.0,144,1300144,40,1,2,0.1
E30,4,10,0.0,145,1300145,40,2,1,0.05
E30,4,10,0.0,146,1300146,40,3,3,0.15
E30,4,10,0.0,147,1300147,40,4,4,0.2
E30,4,10,0.0,148,1300148,40,3,3,0.15
E30,4,10,0.0,149,1300149,40,2,3,0.15
E30,4,10,0.0,150,1300150,40,2,2,0.1
E30,4,10,0.0,151,1300151,40,3,3,0.15
E30,4,10,0.0,152,1300152,40,2,2,0.1
E30,4,10,0.0,153,1300153,40,2,1,0.05
E30,4,10,0.0,154,1300154,40,3,4,0.2
E30,4,10,0.0,155,1300155,40,1,1,0.05
E30,4,10,0.0,156,1300156,40,3,6,0.3
E30,4,10,0.0,157,1300157,40,4,3,0.15
E30,4,10,0.0,158,1300158,40,7,6,0.3
E30,4,10,0.0,159,1300159,40,3,3,0.15
E30,4,10,0.0,160,1300160,40,3,2,0.1
E30,4,10,0.0,161,1300161,40,1,1,0.05
E30,4,10,0.0,162,1300162,40,1,1,0.05
E30,4,10,0.0,163,1300163,40,1,1,0.05
E30,4,10,0.0,164,1300164,40,3,3,0.15
E30,4,10,0.0,165,1300165,40,3,4,0.2
E30,4,10,0.0,166,1300166,40,5,5,0.25
E30,4,10,0.0,167,1300167,40,2,2,0.1
E30,4,10,0.0,168,1300168,40,2,2,0.1
E30,4,10,0.0,169,1300169,40,0,0,0.0
E30,4,10,0.0,170,1300170,40,2,2,0.1
E30,4,10,0.0,171,1300171,40,2,2,0.1
E30,4,10,0.0,172,1300172,40,2,3,0.15
E30,4,10,0.0,173,1300173,40,3,2,0.1
E30,4,10,0.0,174,1300174,40,3,4,0.2
E30,4,10,0.0,175,1300175,40,1,1,0.05
E30,4,10,0.0,176,1300176,40,2,2,0.1
E30,4,10,0.0,177,1300177,40,4,3,0.15
E30,4,10,0.0,178,1300178,40,4,4,0.2
E30,4,10,0.0,179,1300179,40,4,4,0.2
E30,4,10,0.0,180,1300180,40,3,3,0.15
E30,4,10,0.0,181,1300181,40,1,1,0.05
E30,4,10,0.0,182,1300182,40,3,3,0.15
E30,4,10,0.0,183,1300183,40,4,6,0.3
E30,4,10,0.0,184,1300184,40,5,5,0.25
E30,4,10,0.0,185,1300185,40,2,2,0.1
E30,4,10,0.0,186,1300186,40,2,2,0.1
E30,4,10,0.0,187,1300187,40,7,6,0.3
E30,4,10,0.0,188,1300188,40,1,1,0.05
E30,4,10,0.0,189,1300189,40,0,0,0.0
E30,4,10,0.0,190,1300190,40,1,1,0.05
E30,4,10,0.0,191,1300191,40,2,2,0.1
E30,4,10,0.0,192,1300192,40,1,1,0.05
E30,4,10,0.0,193,1300193,40,0,0,0.0
E30,4,10,0.0,194,1300194,40,3,4,0.2
E30,4,10,0.0,195,1300195,40,4,4,0.2
E30,4,10,0.0,196,1300196,40,3,3,0.15
E30,4,10,0.0,197,1300197,40,1,1,0.05
E30,4,10,0.0,198,1300198,40,2,2,0.1
E30,4,10,0.0,199,1300199,40,3,2,0.1
E30,4,10,0.0,200,1300200,40,2,2,0.1
E30,4,10,0.0,201,1300201,40,1,1,0.05
E30,4,10,0.0,202,1300202,40,3,3,0.15
E30,4,10,0.0,203,1300203,40,3,3,0.15
E30,4,10,0.0,204,1300204,40,5,5,0.25
E30,4,10,0.0,205,1300205,40,0,0,0.0
E30,4,10,0.0,206,1300206,40,0,0,0.0
E30,4,10,0.0,207,1300207,40,5,3,0.15
E30,4,10,0.0,208,1300208,40,3,3,0.15
E30,4,10,0.0,209,1300209,40,1,1,0.05
E30,4,10,0.0,210,1300210,40,3,2,0.1
E30,4,10,0.0,211,1300211,40,2,2,0.1
E30,4,10,0.0,212,1300212,40,3,3,0.15
E30,4,10,0.0,213,1300213,40,3,3,0.15
E30,4,10,0.0,214,1300214,40,3,4,0.2
E30,4,10,0.0,215,1300215,40,1,1,0.05
E30,4,10,0.0,216,1300216,40,0,0,0.0
E30,4,10,0.0,217,1300217,40,2,2,0.1
E30,4,10,0.0,218,1300218,40,3,3,0.15
E30,4,10,0.0,219,1300219,40,2,2,0.1
E30,4,10,0.0,220,1300220,40,3,4,0.2
E30,4,10,0.0,221,1300221,40,4,4,0.2
E30,4,10,0.0,222,1300222,40,3,3,0.15
E30,4,10,0.0,223,1300223,40,2,2,0.1
E30,4,10,0.0,224,1300224,40,3,3,0.15
E30,4,10,0.0,225,1300225,40,3,3,0.15
E30,4,10,0.0,226,1300226,40,4,4,0.2
E30,4,10,0.0,227,1300227,40,4,3,0.15
E30,4,10,0.0,228,1300228,40,2,1,0.05
E30,4,10,0.0,229,1300229,40,4,4,0.2
E30,4,10,0.0,230,1300230,40,3,3,0.15
E30,4,10,0.0,231,1300231,40,2,2,0.1
E30,4,10,0.0,232,1300232,40,3,2,0.1
E30,4,10,0.0,233,1300233,40,4,4,0.2
E30,4,10,0.0,234,1300234,40,2,2,0.1
E30,4,10,0.0,235,1300235,40,3,3,0.15
E30,4,10,0.0,236,1300236,40,1,1,0.05
E30,4,10,0.0,237,1300237,40,4,3,0.15
E30,4,10,0.0,238,1300238,40,0,0,0.0
E30,4,10,0.0,239,1300239,40,2,2,0.1
E30,4,10,0.0,240,1300240,40,1,1,0.05
E30,4,10,0.0,241,1300241,40,5,4,0.2
E30,4,10,0.0,242,1300242,40,3,4,0.2
E30,4,10,0.0,243,1300243,40,5,5,0.25
E30,4,10,0.0,244,1300244,40,0,0,0.0
E30,4,10,0.0,245,1300245,40,1,1,0.05
E30,4,10,0.0,246,1300246,40,3,3,0.15
E30,4,10,0.0,247,1300247,40,3,3,0.15
E30,4,10,0.0,248,1300248,40,1,1,0.05
E30,4,10,0.0,249,1300249,40,2,2,0.1
E30,4,10,0.0,250,1300250,40,1,1,0.05
E30,4,10,0.0,251,1300251,40,2,2,0.1
E30,4,10,0.0,252,1300252,40,3,2,0.1
E30,4,10,0.0,253,1300253,40,0,0,0.0
E30,4,10,0.0,254,1300254,40,1,1,0.05
E30,4,10,0.0,255,1300255,40,3,3,0.15
E30,4,10,0.0,256,1300256,40,0,0,0.0
E30,4,10,0.0,257,1300257,40,1,1,0.05
E30,4,10,0.0,258,1300258,40,3,4,0.2
E30,4,10,0.0,259,1300259,40,3,2,0.1
E30,4,10,0.0,260,1300260,40,2,2,0.1
E30,4,10,0.0,261,1300261,40,3,3,0.15
E30,4,10,0.0,262,1300262,40,4,4,0.2
E30,4,10,0.0,263,1300263,40,4,5,0.25
E30,4,10,0.0,264,1300264,40,2,2,0.1
E30,4,10,0.0,265,1300265,40,2,2,0.1
E30,4,10,0.0,266,1300266,40,2,2,0.1
E30,4,10,0.0,267,1300267,40,4,4,0.2
E30,4,10,0.0,268,1300268,40,3,3,0.15
E30,4,10,0.0,269,1300269,40,2,2,0.1
E30,4,10,0.0,270,1300270,40,1,1,0.05
E30,4,10,0.0,271,1300271,40,4,5,0.25
E30,4,10,0.0,272,1300272,40,1,1,0.05
E30,4,10,0.0,273,1300273,40,1,1,0.05
E30,4,10,0.0,274,1300274,40,3,3,0.15
E30,4,10,0.0,275,1300275,40,4,4,0.2
E30,4,10,0.0,276,1300276,40,4,3,0.15
E30,4,10,0.0,277,1300277,40,3,3,0.15
E30,4,10,0.0,278,1300278,40,2,2,0.1
E30,4,10,0.0,279,1300279,40,4,4,0.2
E30,4,10,0.0,280,1300280,40,1,1,0.05
E30,4,10,0.0,281,1300281,40,2,2,0.1
E30,4,10,0.0,282,1300282,40,3,2,0.1
E30,4,10,0.0,283,1300283,40,4,3,0.15
E30,4,10,0.0,284,1300284,40,5,4,0.2
E30,4,10,0.0,285,1300285,40,3,2,0.1
E30,4,10,0.0,286,1300286,40,0,0,0.0
E30,4,10,0.0,287,1300287,40,3,3,0.15
E30,4,10,0.0,288,1300288,40,2,2,0.1
E30,4,10,0.0,289,1300289,40,5,5,0.25
E30,4,10,0.0,290,1300290,40,1,1,0.05
E30,4,10,0.0,291,1300291,40,2,2,0.1
E30,4,10,0.0,292,1300292,40,3,3,0.15
E30,4,10,0.0,293,1300293,40,1,1,0.05
E30,4,10,0.0,294,1300294,40,3,3,0.15
E30,4,10,0.0,295,1300295,40,2,2,0.1
E30,4,10,0.0,296,1300296,40,3,3,0.15
E30,4,10,0.0,297,1300297,40,2,3,0.15
E30,4,10,0.0,298,1300298,40,2,2,0.1
E30,4,10,0.0,299,1300299,40,4,5,0.25
E30,4,10,0.0,300,1300300,40,2,2,0.1
E30,4,10,0.0,301,1300301,40,8,8,0.4
E30,4,10,0.0,302,1300302,40,3,3,0.15
E30,4,10,0.0,303,1300303,40,5,5,0.25
E30,4,10,0.0,304,1300304,40,1,1,0.05
E30,4,10,0.0,305,1300305,40,3,3,0.15
E30,4,10,0.0,306,1300306,40,5,4,0.2
E30,4,10,0.0,307,1300307,40,3,3,0.15
E30,4,10,0.0,308,1300308,40,2,2,0.1
E30,4,10,0.0,309,1300309,40,2,2,0.1
E30,4,10,0.0,310,1300310,40,3,3,0.15
E30,4,10,0.0,311,1300311,40,3,2,0.1
E30,4,10,0.0,312,1300312,40,3,2,0.1
E30,4,10,0.0,313,1300313,40,4,4,0.2
E30,4,10,0.0,314,1300314,40,1,1,0.05
E30,4,10,0.0,315,1300315,40,4,3,0.15
E30,4,10,0.0,316,1300316,40,2,2,0.1
E30,4,10,0.0,317,1300317,40,2,2,0.1
E30,4,10,0.0,318,1300318,40,2,2,0.1
E30,4,10,0.0,319,1300319,40,1,1,0.05
E30,4,10,0.0,320,1300320,40,2,2,0.1
E30,4,10,0.0,321,1300321,40,4,3,0.15
E30,4,10,0.0,322,1300322,40,2,3,0.15
E30,4,10,0.0,323,1300323,40,4,3,0.15
E30,4,10,0.0,324,1300324,40,4,4,0.2
E30,4,10,0.0,325,1300325,40,2,2,0.1
E30,4,10,0.0,326,1300326,40,1,1,0.05
E30,4,10,0.0,327,1300327,40,1,1,0.05
E30,4,10,0.0,328,1300328,40,3,3,0.15
E30,4,10,0.0,329,1300329,40,0,0,0.0
E30,4,10,0.0,330,1300330,40,1,1,0.05
E30,4,10,0.0,331,1300331,40,0,0,0.0
E30,4,10,0.0,332,1300332,40,3,3,0.15
E30,4,10,0.0,333,1300333,40,3,3,0.15
E30,4,10,0.0,334,1300334,40,2,2,0.1
E30,4,10,0.0,335,1300335,40,3,3,0.15
E30,4,10,0.0,336,1300336,40,4,3,0.15
E30,4,10,0.0,337,1300337,40,5,5,0.25
E30,4,10,0.0,338,1300338,40,2,2,0.1
E30,4,10,0.0,339,1300339,40,1,1,0.05
E30,4,10,0.0,340,1300340,40,1,2,0.1
E30,4,10,0.0,341,1300341,40,2,2,0.1
E30,4,10,0.0,342,1300342,40,3,2,0.1
E30,4,10,0.0,343,1300343,40,0,0,0.0
E30,4,10,0.0,344,1300344,40,3,3,0.15
E30,4,10,0.0,345,1300345,40,3,3,0.15
E30,4,10,0.0,346,1300346,40,1,1,0.05
E30,4,10,0.0,347,1300347,40,4,3,0.15
E30,4,10,0.0,348,1300348,40,2,2,0.1
E30,4,10,0.0,349,1300349,40,2,3,0.15
E30,4,10,0.0,350,1300350,40,0,0,0.0
E30,4,10,0.0,351,1300351,40,0,0,0.0
E30,4,10,0.0,352,1300352,40,4,4,0.2
E30,4,10,0.0,353,1300353,40,2,2,0.1
E30,4,10,0.0,354,1300354,40,4,3,0.15
E30,4,10,0.0,355,1300355,40,1,1,0.05
E30,4,10,0.0,356,1300356,40,0,0,0.0
E30,4,10,0.0,357,1300357,40,4,3,0.15
E30,4,10,0.0,358,1300358,40,3,3,0.15
E30,4,10,0.0,359,1300359,40,6,5,0.25
E30,4,10,0.0,360,1300360,40,2,2,0.1
E30,4,10,0.0,361,1300361,40,3,3,0.15
E30,4,10,0.0,362,1300362,40,3,3,0.15
E30,4,10,0.0,363,1300363,40,1,1,0.05
E30,4,10,0.0,364,1300364,40,2,2,0.1
E30,4,10,0.0,365,1300365,40,1,1,0.05
E30,4,10,0.0,366,1300366,40,2,2,0.1
E30,4,10,0.0,367,1300367,40,3,3,0.15
E30,4,10,0.0,368,1300368,40,0,0,0.0
E30,4,10,0.0,369,1300369,40,3,2,0.1
E30,4,10,0.0,370,1300370,40,2,2,0.1
E30,4,10,0.0,371,1300371,40,2,3,0.15
E30,4,10,0.0,372,1300372,40,2,2,0.1
E30,4,10,0.0,373,1300373,40,1,2,0.1
E30,4,10,0.0,374,1300374,40,1,1,0.05
E30,4,10,0.0,375,1300375,40,2,1,0.05
E30,4,10,0.0,376,1300376,40,1,1,0.05
E30,4,10,0.0,377,1300377,40,2,2,0.1
E30,4,10,0.0,378,1300378,40,3,3,0.15
E30,4,10,0.0,379,1300379,40,0,0,0.0
E30,4,10,0.0,380,1300380,40,0,0,0.0
E30,4,10,0.0,381,1300381,40,2,2,0.1
E30,4,10,0.0,382,1300382,40,3,3,0.15
E30,4,10,0.0,383,1300383,40,2,2,0.1
E30,4,10,0.0,384,1300384,40,5,6,0.3
E30,4,10,0.0,385,1300385,40,1,1,0.05
E30,4,10,0.0,386,1300386,40,3,2,0.1
E30,4,10,0.0,387,1300387,40,2,3,0.15
E30,4,10,0.0,388,1300388,40,1,1,0.05
E30,4,10,0.0,389,1300389,40,1,1,0.05
E30,4,10,0.0,390,1300390,40,0,0,0.0
E30,4,10,0.0,391,1300391,40,2,2,0.1
E30,4,10,0.0,392,1300392,40,2,2,0.1
E30,4,10,0.0,393,1300393,40,4,3,0.15
E30,4,10,0.0,394,1300394,40,1,1,0.05
E30,4,10,0.0,395,1300395,40,7,5,0.25
E30,4,10,0.0,396,1300396,40,3,3,0.15
E30,4,10,0.0,397,1300397,40,2,2,0.1
E30,4,10,0.0,398,1300398,40,4,4,0.2
E30,4,10,0.0,399,1300399,40,1,1,0.05
E30,4,10,0.0,400,1300400,40,4,3,0.15
E30,4,10,0.0,401,1300401,40,1,1,0.05
E30,4,10,0.0,402,1300402,40,1,1,0.05
E30,4,10,0.0,403,1300403,40,2,2,0.1
E30,4,10,0.0,404,1300404,40,2,2,0.1
E30,4,10,0.0,405,1300405,40,0,0,0.0
E30,4,10,0.0,406,1300406,40,0,0,0.0
E30,4,10,0.0,407,1300407,40,3,3,0.15
E30,4,10,0.0,408,1300408,40,0,0,0.0
E30,4,10,0.0,409,1300409,40,3,3,0.15
E30,4,10,0.0,410,1300410,40,5,4,0.2
E30,4,10,0.0,411,1300411,40,1,1,0.05
E30,4,10,0.0,412,1300412,40,2,2,0.1
E30,4,10,0.0,413,1300413,40,3,4,0.2
E30,4,10,0.0,414,1300414,40,4,4,0.2
E30,4,10,0.0,415,1300415,40,5,5,0.25
E30,4,10,0.0,416,1300416,40,1,1,0.05
E30,4,10,0.0,417,1300417,40,1,1,0.05
E30,4,10,0.0,418,1300418,40,2,2,0.1
E30,4,10,0.0,419,1300419,40,2,2,0.1
E30,4,10,0.0,420,1300420,40,1,1,0.05
E30,4,10,0.0,421,1300421,40,6,5,0.25
E30,4,10,0.0,422,1300422,40,3,3,0.15
E30,4,10,0.0,423,1300423,40,2,2,0.1
E30,4,10,0.0,424,1300424,40,0,0,0.0
E30,4,10,0.0,425,1300425,40,3,3,0.15
E30,4,10,0.0,426,1300426,40,2,2,0.1
E30,4,10,0.0,427,1300427,40,3,5,0.25
E30,4,10,0.0,428,1300428,40,5,4,0.2
E30,4,10,0.0,429,1300429,40,3,3,0.15
E30,4,10,0.0,430,1300430,40,2,2,0.1
E30,4,10,0.0,431,1300431,40,1,1,0.05
E30,4,10,0.0,432,1300432,40,1,1,0.05
E30,4,10,0.0,433,1300433,40,5,4,0.2
E30,4,10,0.0,434,1300434,40,5,5,0.25
E30,4,10,0.0,435,1300435,40,3,3,0.15
E30,4,10,0.0,436,1300436,40,4,4,0.2
E30,4,10,0.0,437,1300437,40,1,1,0.05
E30,4,10,0.0,438,1300438,40,1,1,0.05
E30,4,10,0.0,439,1300439,40,3,4,0.2
E30,4,10,0.0,440,1300440,40,1,1,0.05
E30,4,10,0.0,441,1300441,40,1,1,0.05
E30,4,10,0.0,442,1300442,40,3,3,0.15
E30,4,10,0.0,443,1300443,40,2,2,0.1
E30,4,10,0.0,444,1300444,40,1,1,0.05
E30,4,10,0.0,445,1300445,40,2,2,0.1
E30,4,10,0.0,446,1300446,40,6,6,0.3
E30,4,10,0.0,447,1300447,40,1,1,0.05
E30,4,10,0.0,448,1300448,40,3,3,0.15
E30,4,10,0.0,449,1300449,40,1,1,0.05
E30,4,10,0.0,450,1300450,40,1,1,0.05
E30,4,10,0.0,451,1300451,40,3,2,0.1
E30,4,10,0.0,452,1300452,40,4,4,0.2
E30,4,10,0.0,453,1300453,40,1,1,0.05
E30,4,10,0.0,454,1300454,40,3,3,0.15
E30,4,10,0.0,455,1300455,40,0,0,0.0
E30,4,10,0.0,456,1300456,40,4,4,0.2
E30,4,10,0.0,457,1300457,40,3,3,0.15
E30,4,10,0.0,458,1300458,40,1,1,0.05
E30,4,10,0.0,459,1300459,40,3,2,0.1
E30,4,10,0.0,460,1300460,40,4,4,0.2
E30,4,10,0.0,461,1300461,40,4,4,0.2
E30,4,10,0.0,462,1300462,40,1,1,0.05
E30,4,10,0.0,463,1300463,40,2,2,0.1
E30,4,10,0.0,464,1300464,40,0,0,0.0
E30,4,10,0.0,465,1300465,40,4,4,0.2
E30,4,10,0.0,466,1300466,40,4,4,0.2
E30,4,10,0.0,467,1300467,40,4,4,0.2
E30,4,10,0.0,468,1300468,40,3,4,0.2
E30,4,10,0.0,469,1300469,40,3,3,0.15
E30,4,10,0.0,470,1300470,40,4,2,0.1
E30,4,10,0.0,471,1300471,40,1,1,0.05
E30,4,10,0.0,472,1300472,40,1,1,0.05
E30,4,10,0.0,473,1300473,40,4,3,0.15
E30,4,10,0.0,474,1300474,40,3,3,0.15
E30,4,10,0.0,475,1300475,40,1,1,0.05
E30,4,10,0.0,476,1300476,40,5,5,0.25
E30,4,10,0.0,477,1300477,40,5,5,0.25
E30,4,10,0.0,478,1300478,40,3,2,0.1
E30,4,10,0.0,479,1300479,40,1,1,0.05
E30,4,10,0.0,480,1300480,40,2,2,0.1
E30,4,10,0.0,481,1300481,40,2,2,0.1
E30,4,10,0.0,482,1300482,40,3,3,0.15
E30,4,10,0.0,483,1300483,40,7,8,0.4
E30,4,10,0.0,484,1300484,40,2,3,0.15
E30,4,10,0.0,485,1300485,40,1,1,0.05
E30,4,10,0.0,486,1300486,40,3,2,0.1
E30,4,10,0.0,487,1300487,40,1,1,0.05
E30,4,10,0.0,488,1300488,40,2,2,0.1
E30,4,10,0.0,489,1300489,40,4,3,0.15
E30,4,10,0.0,490,1300490,40,3,3,0.15
E30,4,10,0.0,491,1300491,40,2,2,0.1
E30,4,10,0.0,492,1300492,40,4,4,0.2
E30,4,10,0.0,493,1300493,40,2,2,0.1
E30,4,10,0.0,494,1300494,40,4,4,0.2
E30,4,10,0.0,495,1300495,40,0,0,0.0
E30,4,10,0.0,496,1300496,40,1,1,0.05
E30,4,10,0.0,497,1300497,40,2,2,0.1
E30,4,10,0.0,498,1300498,40,2,1,0.05
E30,4,10,0.0,499,1300499,40,1,1,0.05
E30,4,10,0.3,0,2300000,40,1,2,0.1
E30,4,10,0.3,1,2300001,40,0,0,0.0
E30,4,10,0.3,2,2300002,40,2,2,0.1
E30,4,10,0.3,3,2300003,40,3,3,0.15
E30,4,10,0.3,4,2300004,40,0,0,0.0
E30,4,10,0.3,5,2300005,40,1,1,0.05
E30,4,10,0.3,6,2300006,40,1,1,0.05
E30,4,10,0.3,7,2300007,40,1,1,0.05
E30,4,10,0.3,8,2300008,40,2,2,0.1
E30,4,10,0.3,9,2300009,40,2,4,0.2
E30,4,10,0.3,10,2300010,40,4,5,0.25
E30,4,10,0.3,11,2300011,40,1,1,0.05
E30,4,10,0.3,12,2300012,40,1,1,0.05
E30,4,10,0.3,13,2300013,40,1,1,0.05
E30,4,10,0.3,14,2300014,40,0,0,0.0
E30,4,10,0.3,15,2300015,40,1,1,0.05
E30,4,10,0.3,16,2300016,40,0,0,0.0
E30,4,10,0.3,17,2300017,40,4,3,0.15
E30,4,10,0.3,18,2300018,40,1,2,0.1
E30,4,10,0.3,19,2300019,40,3,2,0.1
E30,4,10,0.3,20,2300020,40,1,1,0.05
E30,4,10,0.3,21,2300021,40,3,2,0.1
E30,4,10,0.3,22,2300022,40,3,4,0.2
E30,4,10,0.3,23,2300023,40,1,1,0.05
E30,4,10,0.3,24,2300024,40,1,1,0.05
E30,4,10,0.3,25,2300025,40,0,0,0.0
E30,4,10,0.3,26,2300026,40,0,0,0.0
E30,4,10,0.3,27,2300027,40,1,1,0.05
E30,4,10,0.3,28,2300028,40,2,2,0.1
E30,4,10,0.3,29,2300029,40,0,0,0.0
E30,4,10,0.3,30,2300030,40,0,0,0.0
E30,4,10,0.3,31,2300031,40,2,2,0.1
E30,4,10,0.3,32,2300032,40,1,2,0.1
E30,4,10,0.3,33,2300033,40,3,5,0.25
E30,4,10,0.3,34,2300034,40,5,4,0.2
E30,4,10,0.3,35,2300035,40,3,6,0.3
E30,4,10,0.3,36,2300036,40,4,5,0.25
E30,4,10,0.3,37,2300037,40,1,2,0.1
E30,4,10,0.3,38,2300038,40,1,1,0.05
E30,4,10,0.3,39,2300039,40,2,2,0.1
E30,4,10,0.3,40,2300040,40,3,3,0.15
E30,4,10,0.3,41,2300041,40,2,2,0.1
E30,4,10,0.3,42,2300042,40,2,2,0.1
E30,4,10,0.3,43,2300043,40,0,0,0.0
E30,4,10,0.3,44,2300044,40,1,1,0.05
E30,4,10,0.3,45,2300045,40,0,0,0.0
E30,4,10,0.3,46,2300046,40,2,2,0.1
E30,4,10,0.3,47,2300047,40,1,2,0.1
E30,4,10,0.3,48,2300048,40,0,0,0.0
E30,4,10,0.3,49,2300049,40,1,1,0.05
E30,4,10,0.3,50,2300050,40,0,0,0.0
E30,4,10,0.3,51,2300051,40,1,1,0.05
E30,4,10,0.3,52,2300052,40,2,4,0.2
E30,4,10,0.3,53,2300053,40,0,0,0.0
E30,4,10,0.3,54,2300054,40,0,0,0.0
E30,4,10,0.3,55,2300055,40,3,4,0.2
E30,4,10,0.3,56,2300056,40,3,2,0.1
E30,4,10,0.3,57,2300057,40,1,1,0.05
E30,4,10,0.3,58,2300058,40,5,5,0.25
E30,4,10,0.3,59,2300059,40,2,2,0.1
E30,4,10,0.3,60,2300060,40,1,1,0.05
E30,4,10,0.3,61,2300061,40,0,0,0.0
E30,4,10,0.3,62,2300062,40,2,2,0.1
E30,4,10,0.3,63,2300063,40,0,0,0.0
E30,4,10,0.3,64,2300064,40,1,1,0.05
E30,4,10,0.3,65,2300065,40,3,3,0.15
E30,4,10,0.3,66,2300066,40,0,0,0.0
E30,4,10,0.3,67,2300067,40,4,5,0.25
E30,4,10,0.3,68,2300068,40,0,0,0.0
E30,4,10,0.3,69,2300069,40,1,1,0.05
E30,4,10,0.3,70,2300070,40,1,1,0.05
E30,4,10,0.3,71,2300071,40,2,2,0.1
E30,4,10,0.3,72,2300072,40,1,2,0.1
E30,4,10,0.3,73,2300073,40,2,2,0.1
E30,4,10,0.3,74,2300074,40,0,0,0.0
E30,4,10,0.3,75,2300075,40,0,0,0.0
E30,4,10,0.3,76,2300076,40,3,4,0.2
E30,4,10,0.3,77,2300077,40,0,0,0.0
E30,4,10,0.3,78,2300078,40,3,2,0.1
E30,4,10,0.3,79,2300079,40,3,5,0.25
E30,4,10,0.3,80,2300080,40,1,1,0.05
E30,4,10,0.3,81,2300081,40,1,1,0.05
E30,4,10,0.3,82,2300082,40,0,0,0.0
E30,4,10,0.3,83,2300083,40,1,1,0.05
E30,4,10,0.3,84,2300084,40,0,0,0.0
E30,4,10,0.3,85,2300085,40,3,3,0.15
E30,4,10,0.3,86,2300086,40,0,0,0.0
E30,4,10,0.3,87,2300087,40,2,2,0.1
E30,4,10,0.3,88,2300088,40,1,1,0.05
E30,4,10,0.3,89,2300089,40,1,2,0.1
E30,4,10,0.3,90,2300090,40,0,0,0.0
E30,4,10,0.3,91,2300091,40,2,2,0.1
E30,4,10,0.3,92,2300092,40,1,1,0.05
E30,4,10,0.3,93,2300093,40,1,2,0.1
E30,4,10,0.3,94,2300094,40,5,8,0.4
E30,4,10,0.3,95,2300095,40,1,2,0.1
E30,4,10,0.3,96,2300096,40,1,1,0.05
E30,4,10,0.3,97,2300097,40,2,2,0.1
E30,4,10,0.3,98,2300098,40,1,1,0.05
E30,4,10,0.3,99,2300099,40,2,2,0.1
E30,4,10,0.3,100,2300100,40,1,1,0.05
E30,4,10,0.3,101,2300101,40,1,1,0.05
E30,4,10,0.3,102,2300102,40,2,2,0.1
E30,4,10,0.3,103,2300103,40,3,3,0.15
E30,4,10,0.3,104,2300104,40,1,2,0.1
E30,4,10,0.3,105,2300105,40,0,0,0.0
E30,4,10,0.3,106,2300106,40,2,2,0.1
E30,4,10,0.3,107,2300107,40,2,2,0.1
E30,4,10,0.3,108,2300108,40,1,1,0.05
E30,4,10,0.3,109,2300109,40,2,2,0.1
E30,4,10,0.3,110,2300110,40,0,0,0.0
E30,4,10,0.3,111,2300111,40,3,3,0.15
E30,4,10,0.3,112,2300112,40,2,3,0.15
E30,4,10,0.3,113,2300113,40,4,3,0.15
E30,4,10,0.3,114,2300114,40,1,1,0.05
E30,4,10,0.3,115,2300115,40,2,4,0.2
E30,4,10,0.3,116,2300116,40,2,3,0.15
E30,4,10,0.3,117,2300117,40,0,0,0.0
E30,4,10,0.3,118,2300118,40,0,0,0.0
E30,4,10,0.3,119,2300119,40,0,0,0.0
E30,4,10,0.3,120,2300120,40,2,2,0.1
E30,4,10,0.3,121,2300121,40,4,4,0.2
E30,4,10,0.3,122,2300122,40,2,2,0.1
E30,4,10,0.3,123,2300123,40,2,4,0.2
E30,4,10,0.3,124,2300124,40,0,0,0.0
E30,4,10,0.3,125,2300125,40,3,3,0.15
E30,4,10,0.3,126,2300126,40,1,1,0.05
E30,4,10,0.3,127,2300127,40,2,4,0.2
E30,4,10,0.3,128,2300128,40,4,6,0.3
E30,4,10,0.3,129,2300129,40,1,2,0.1
E30,4,10,0.3,130,2300130,40,0,0,0.0
E30,4,10,0.3,131,2300131,40,1,1,0.05
E30,4,10,0.3,132,2300132,40,0,0,0.0
E30,4,10,0.3,133,2300133,40,2,2,0.1
E30,4,10,0.3,134,2300134,40,1,1,0.05
E30,4,10,0.3,135,2300135,40,5,4,0.2
E30,4,10,0.3,136,2300136,40,1,2,0.1
E30,4,10,0.3,137,2300137,40,2,2,0.1
E30,4,10,0.3,138,2300138,40,1,1,0.05
E30,4,10,0.3,139,2300139,40,0,0,0.0
E30,4,10,0.3,140,2300140,40,1,1,0.05
E30,4,10,0.3,141,2300141,40,0,0,0.0
E30,4,10,0.3,142,2300142,40,3,7,0.35
E30,4,10,0.3,143,2300143,40,2,3,0.15
E30,4,10,0.3,144,2300144,40,1,3,0.15
E30,4,10,0.3,145,2300145,40,0,0,0.0
E30,4,10,0.3,146,2300146,40,0,0,0.0
E30,4,10,0.3,147,2300147,40,3,3,0.15
E30,4,10,0.3,148,2300148,40,0,0,0.0
E30,4,10,0.3,149,2300149,40,0,0,0.0
E30,4,10,0.3,150,2300150,40,1,2,0.1
E30,4,10,0.3,151,2300151,40,0,0,0.0
E30,4,10,0.3,152,2300152,40,1,1,0.05
E30,4,10,0.3,153,2300153,40,0,0,0.0
E30,4,10,0.3,154,2300154,40,2,3,0.15
E30,4,10,0.3,155,2300155,40,2,2,0.1
E30,4,10,0.3,156,2300156,40,0,0,0.0
E30,4,10,0.3,157,2300157,40,3,3,0.15
E30,4,10,0.3,158,2300158,40,0,0,0.0
E30,4,10,0.3,159,2300159,40,0,0,0.0
E30,4,10,0.3,160,2300160,40,1,1,0.05
E30,4,10,0.3,161,2300161,40,2,2,0.1
E30,4,10,0.3,162,2300162,40,3,2,0.1
E30,4,10,0.3,163,2300163,40,3,4,0.2
E30,4,10,0.3,164,2300164,40,4,4,0.2
E30,4,10,0.3,165,2300165,40,1,1,0.05
E30,4,10,0.3,166,2300166,40,2,2,0.1
E30,4,10,0.3,167,2300167,40,1,1,0.05
E30,4,10,0.3,168,2300168,40,3,2,0.1
E30,4,10,0.3,169,2300169,40,2,3,0.15
E30,4,10,0.3,170,2300170,40,3,4,0.2
E30,4,10,0.3,171,2300171,40,0,0,0.0
E30,4,10,0.3,172,2300172,40,0,0,0.0
E30,4,10,0.3,173,2300173,40,0,0,0.0
E30,4,10,0.3,174,2300174,40,2,2,0.1
E30,4,10,0.3,175,2300175,40,0,0,0.0
E30,4,10,0.3,176,2300176,40,2,3,0.15
E30,4,10,0.3,177,2300177,40,1,3,0.15
E30,4,10,0.3,178,2300178,40,2,3,0.15
E30,4,10,0.3,179,2300179,40,2,2,0.1
E30,4,10,0.3,180,2300180,40,1,2,0.1
E30,4,10,0.3,181,2300181,40,1,1,0.05
E30,4,10,0.3,182,2300182,40,1,1,0.05
E30,4,10,0.3,183,2300183,40,1,1,0.05
E30,4,10,0.3,184,2300184,40,0,0,0.0
E30,4,10,0.3,185,2300185,40,0,0,0.0
E30,4,10,0.3,186,2300186,40,1,1,0.05
E30,4,10,0.3,187,2300187,40,3,4,0.2
E30,4,10,0.3,188,2300188,40,2,3,0.15
E30,4,10,0.3,189,2300189,40,1,1,0.05
E30,4,10,0.3,190,2300190,40,0,0,0.0
E30,4,10,0.3,191,2300191,40,0,0,0.0
E30,4,10,0.3,192,2300192,40,1,1,0.05
E30,4,10,0.3,193,2300193,40,3,4,0.2
E30,4,10,0.3,194,2300194,40,3,3,0.15
E30,4,10,0.3,195,2300195,40,1,1,0.05
E30,4,10,0.3,196,2300196,40,0,0,0.0
E30,4,10,0.3,197,2300197,40,0,0,0.0
E30,4,10,0.3,198,2300198,40,0,0,0.0
E30,4,10,0.3,199,2300199,40,2,1,0.05
E30,4,10,0.3,200,2300200,40,1,1,0.05
E30,4,10,0.3,201,2300201,40,2,2,0.1
E30,4,10,0.3,202,2300202,40,2,3,0.15
E30,4,10,0.3,203,2300203,40,3,3,0.15
E30,4,10,0.3,204,2300204,40,1,1,0.05
E30,4,10,0.3,205,2300205,40,1,1,0.05
E30,4,10,0.3,206,2300206,40,0,0,0.0
E30,4,10,0.3,207,2300207,40,0,0,0.0
E30,4,10,0.3,208,2300208,40,4,3,0.15
E30,4,10,0.3,209,2300209,40,0,0,0.0
E30,4,10,0.3,210,2300210,40,0,0,0.0
E30,4,10,0.3,211,2300211,40,1,1,0.05
E30,4,10,0.3,212,2300212,40,1,1,0.05
E30,4,10,0.3,213,2300213,40,1,1,0.05
E30,4,10,0.3,214,2300214,40,2,4,0.2
E30,4,10,0.3,215,2300215,40,0,0,0.0
E30,4,10,0.3,216,2300216,40,1,1,0.05
E30,4,10,0.3,217,2300217,40,1,1,0.05
E30,4,10,0.3,218,2300218,40,0,0,0.0
E30,4,10,0.3,219,2300219,40,2,4,0.2
E30,4,10,0.3,220,2300220,40,0,0,0.0
E30,4,10,0.3,221,2300221,40,1,1,0.05
E30,4,10,0.3,222,2300222,40,0,0,0.0
E30,4,10,0.3,223,2300223,40,2,2,0.1
E30,4,10,0.3,224,2300224,40,0,0,0.0
E30,4,10,0.3,225,2300225,40,2,4,0.2
E30,4,10,0.3,226,2300226,40,3,4,0.2
E30,4,10,0.3,227,2300227,40,1,1,0.05
E30,4,10,0.3,228,2300228,40,0,0,0.0
E30,4,10,0.3,229,2300229,40,4,4,0.2
E30,4,10,0.3,230,2300230,40,0,0,0.0
E30,4,10,0.3,231,2300231,40,1,1,0.05
E30,4,10,0.3,232,2300232,40,1,1,0.05
E30,4,10,0.3,233,2300233,40,3,3,0.15
E30,4,10,0.3,234,2300234,40,1,2,0.1
E30,4,10,0.3,235,2300235,40,1,1,0.05
E30,4,10,0.3,236,2300236,40,2,2,0.1
E30,4,10,0.3,237,2300237,40,3,3,0.15
E30,4,10,0.3,238,2300238,40,2,2,0.1
E30,4,10,0.3,239,2300239,40,2,3,0.15
E30,4,10,0.3,240,2300240,40,2,2,0.1
E30,4,10,0.3,241,2300241,40,0,0,0.0
E30,4,10,0.3,242,2300242,40,0,0,0.0
E30,4,10,0.3,243,2300243,40,1,1,0.05
E30,4,10,0.3,244,2300244,40,1,1,0.05
E30,4,10,0.3,245,2300245,40,0,0,0.0
E30,4,10,0.3,246,2300246,40,2,2,0.1
E30,4,10,0.3,247,2300247,40,0,0,0.0
E30,4,10,0.3,248,2300248,40,1,2,0.1
E30,4,10,0.3,249,2300249,40,0,0,0.0
E30,4,10,0.3,250,2300250,40,1,2,0.1
E30,4,10,0.3,251,2300251,40,1,1,0.05
E30,4,10,0.3,252,2300252,40,2,2,0.1
E30,4,10,0.3,253,2300253,40,5,6,0.3
E30,4,10,0.3,254,2300254,40,2,3,0.15
E30,4,10,0.3,255,2300255,40,2,3,0.15
E30,4,10,0.3,256,2300256,40,2,4,0.2
E30,4,10,0.3,257,2300257,40,1,1,0.05
E30,4,10,0.3,258,2300258,40,2,2,0.1
E30,4,10,0.3,259,2300259,40,1,1,0.05
E30,4,10,0.3,260,2300260,40,2,2,0.1
E30,4,10,0.3,261,2300261,40,1,1,0.05
E30,4,10,0.3,262,2300262,40,3,4,0.2
E30,4,10,0.3,263,2300263,40,2,3,0.15
E30,4,10,0.3,264,2300264,40,2,2,0.1
E30,4,10,0.3,265,2300265,40,2,3,0.15
E30,4,10,0.3,266,2300266,40,2,2,0.1
E30,4,10,0.3,267,2300267,40,1,2,0.1
E30,4,10,0.3,268,2300268,40,1,2,0.1
E30,4,10,0.3,269,2300269,40,1,2,0.1
E30,4,10,0.3,270,2300270,40,0,0,0.0
E30,4,10,0.3,271,2300271,40,2,2,0.1
E30,4,10,0.3,272,2300272,40,1,2,0.1
E30,4,10,0.3,273,2300273,40,2,2,0.1
E30,4,10,0.3,274,2300274,40,2,2,0.1
E30,4,10,0.3,275,2300275,40,2,2,0.1
E30,4,10,0.3,276,2300276,40,2,2,0.1
E30,4,10,0.3,277,2300277,40,1,1,0.05
E30,4,10,0.3,278,2300278,40,0,0,0.0
E30,4,10,0.3,279,2300279,40,0,0,0.0
E30,4,10,0.3,280,2300280,40,0,0,0.0
E30,4,10,0.3,281,2300281,40,2,2,0.1
E30,4,10,0.3,282,2300282,40,0,0,0.0
E30,4,10,0.3,283,2300283,40,3,4,0.2
E30,4,10,0.3,284,2300284,40,0,0,0.0
E30,4,10,0.3,285,2300285,40,2,2,0.1
E30,4,10,0.3,286,2300286,40,1,1,0.05
E30,4,10,0.3,287,2300287,40,0,0,0.0
E30,4,10,0.3,288,2300288,40,1,1,0.05
E30,4,10,0.3,289,2300289,40,4,5,0.25
E30,4,10,0.3,290,2300290,40,2,3,0.15
E30,4,10,0.3,291,2300291,40,2,2,0.1
E30,4,10,0.3,292,2300292,40,1,1,0.05
E30,4,10,0.3,293,2300293,40,1,1,0.05
E30,4,10,0.3,294,2300294,40,2,2,0.1
E30,4,10,0.3,295,2300295,40,2,2,0.1
E30,4,10,0.3,296,2300296,40,2,3,0.15
E30,4,10,0.3,297,2300297,40,1,1,0.05
E30,4,10,0.3,298,2300298,40,1,2,0.1
E30,4,10,0.3,299,2300299,40,3,4,0.2
E30,4,10,0.3,300,2300300,40,1,2,0.1
E30,4,10,0.3,301,2300301,40,1,1,0.05
E30,4,10,0.3,302,2300302,40,1,1,0.05
E30,4,10,0.3,303,2300303,40,2,3,0.15
E30,4,10,0.3,304,2300304,40,1,2,0.1
E30,4,10,0.3,305,2300305,40,0,0,0.0
E30,4,10,0.3,306,2300306,40,1,2,0.1
E30,4,10,0.3,307,2300307,40,3,4,0.2
E30,4,10,0.3,308,2300308,40,2,4,0.2
E30,4,10,0.3,309,2300309,40,3,4,0.2
E30,4,10,0.3,310,2300310,40,0,0,0.0
E30,4,10,0.3,311,2300311,40,1,3,0.15
E30,4,10,0.3,312,2300312,40,0,0,0.0
E30,4,10,0.3,313,2300313,40,3,2,0.1
E30,4,10,0.3,314,2300314,40,3,3,0.15
E30,4,10,0.3,315,2300315,40,2,2,0.1
E30,4,10,0.3,316,2300316,40,2,3,0.15
E30,4,10,0.3,317,2300317,40,4,5,0.25
E30,4,10,0.3,318,2300318,40,2,4,0.2
E30,4,10,0.3,319,2300319,40,4,4,0.2
E30,4,10,0.3,320,2300320,40,1,1,0.05
E30,4,10,0.3,321,2300321,40,0,0,0.0
E30,4,10,0.3,322,2300322,40,1,1,0.05
E30,4,10,0.3,323,2300323,40,0,0,0.0
E30,4,10,0.3,324,2300324,40,1,1,0.05
E30,4,10,0.3,325,2300325,40,0,0,0.0
E30,4,10,0.3,326,2300326,40,2,3,0.15
E30,4,10,0.3,327,2300327,40,2,2,0.1
E30,4,10,0.3,328,2300328,40,1,1,0.05
E30,4,10,0.3,329,2300329,40,2,3,0.15
E30,4,10,0.3,330,2300330,40,1,1,0.05
E30,4,10,0.3,331,2300331,40,0,0,0.0
E30,4,10,0.3,332,2300332,40,1,2,0.1
E30,4,10,0.3,333,2300333,40,4,5,0.25
E30,4,10,0.3,334,2300334,40,2,3,0.15
E30,4,10,0.3,335,2300335,40,0,0,0.0
E30,4,10,0.3,336,2300336,40,2,1,0.05
E30,4,10,0.3,337,2300337,40,3,4,0.2
E30,4,10,0.3,338,2300338,40,1,1,0.05
E30,4,10,0.3,339,2300339,40,0,0,0.0
E30,4,10,0.3,340,2300340,40,0,0,0.0
E30,4,10,0.3,341,2300341,40,3,3,0.15
E30,4,10,0.3,342,2300342,40,2,2,0.1
E30,4,10,0.3,343,2300343,40,2,3,0.15
E30,4,10,0.3,344,2300344,40,1,2,0.1
E30,4,10,0.3,345,2300345,40,3,2,0.1
E30,4,10,0.3,346,2300346,40,2,3,0.15
E30,4,10,0.3,347,2300347,40,2,3,0.15
E30,4,10,0.3,348,2300348,40,0,0,0.0
E30,4,10,0.3,349,2300349,40,2,2,0.1
E30,4,10,0.3,350,2300350,40,2,2,0.1
E30,4,10,0.3,351,2300351,40,1,1,0.05
E30,4,10,0.3,352,2300352,40,1,2,0.1
E30,4,10,0.3,353,2300353,40,2,3,0.15
E30,4,10,0.3,354,2300354,40,1,1,0.05
E30,4,10,0.3,355,2300355,40,1,2,0.1
E30,4,10,0.3,356,2300356,40,3,2,0.1
E30,4,10,0.3,357,2300357,40,4,3,0.15
E30,4,10,0.3,358,2300358,40,0,0,0.0
E30,4,10,0.3,359,2300359,40,1,1,0.05
E30,4,10,0.3,360,2300360,40,1,2,0.1
E30,4,10,0.3,361,2300361,40,2,2,0.1
E30,4,10,0.3,362,2300362,40,1,1,0.05
E30,4,10,0.3,363,2300363,40,3,5,0.25
E30,4,10,0.3,364,2300364,40,2,3,0.15
E30,4,10,0.3,365,2300365,40,3,4,0.2
E30,4,10,0.3,366,2300366,40,0,0,0.0
E30,4,10,0.3,367,2300367,40,0,0,0.0
E30,4,10,0.3,368,2300368,40,0,0,0.0
E30,4,10,0.3,369,2300369,40,3,3,0.15
E30,4,10,0.3,370,2300370,40,3,3,0.15
E30,4,10,0.3,371,2300371,40,0,0,0.0
E30,4,10,0.3,372,2300372,40,1,1,0.05
E30,4,10,0.3,373,2300373,40,1,2,0.1
E30,4,10,0.3,374,2300374,40,1,1,0.05
E30,4,10,0.3,375,2300375,40,2,2,0.1
E30,4,10,0.3,376,2300376,40,0,0,0.0
E30,4,10,0.3,377,2300377,40,4,4,0.2
E30,4,10,0.3,378,2300378,40,1,3,0.15
E30,4,10,0.3,379,2300379,40,1,1,0.05
E30,4,10,0.3,380,2300380,40,0,0,0.0
E30,4,10,0.3,381,2300381,40,1,1,0.05
E30,4,10,0.3,382,2300382,40,2,2,0.1
E30,4,10,0.3,383,2300383,40,1,1,0.05
E30,4,10,0.3,384,2300384,40,0,0,0.0
E30,4,10,0.3,385,2300385,40,2,3,0.15
E30,4,10,0.3,386,2300386,40,1,2,0.1
E30,4,10,0.3,387,2300387,40,5,5,0.25
E30,4,10,0.3,388,2300388,40,0,0,0.0
E30,4,10,0.3,389,2300389,40,2,2,0.1
E30,4,10,0.3,390,2300390,40,4,3,0.15
E30,4,10,0.3,391,2300391,40,0,0,0.0
E30,4,10,0.3,392,2300392,40,0,0,0.0
E30,4,10,0.3,393,2300393,40,3,3,0.15
E30,4,10,0.3,394,2300394,40,3,2,0.1
E30,4,10,0.3,395,2300395,40,1,1,0.05
E30,4,10,0.3,396,2300396,40,1,1,0.05
E30,4,10,0.3,397,2300397,40,0,0,0.0
E30,4,10,0.3,398,2300398,40,3,3,0.15
E30,4,10,0.3,399,2300399,40,0,0,0.0
E30,4,10,0.3,400,2300400,40,6,7,0.35
E30,4,10,0.3,401,2300401,40,3,2,0.1
E30,4,10,0.3,402,2300402,40,2,3,0.15
E30,4,10,0.3,403,2300403,40,2,2,0.1
E30,4,10,0.3,404,2300404,40,3,3,0.15
E30,4,10,0.3,405,2300405,40,4,6,0.3
E30,4,10,0.3,406,2300406,40,2,3,0.15
E30,4,10,0.3,407,2300407,40,1,2,0.1
E30,4,10,0.3,408,2300408,40,2,2,0.1
E30,4,10,0.3,409,2300409,40,5,6,0.3
E30,4,10,0.3,410,2300410,40,1,1,0.05
E30,4,10,0.3,411,2300411,40,2,2,0.1
E30,4,10,0.3,412,2300412,40,3,2,0.1
E30,4,10,0.3,413,2300413,40,2,3,0.15
E30,4,10,0.3,414,2300414,40,1,2,0.1
E30,4,10,0.3,415,2300415,40,1,1,0.05
E30,4,10,0.3,416,2300416,40,0,0,0.0
E30,4,10,0.3,417,2300417,40,1,1,0.05
E30,4,10,0.3,418,2300418,40,2,2,0.1
E30,4,10,0.3,419,2300419,40,1,1,0.05
E30,4,10,0.3,420,2300420,40,2,3,0.15
E30,4,10,0.3,421,2300421,40,1,1,0.05
E30,4,10,0.3,422,2300422,40,1,1,0.05
E30,4,10,0.3,423,2300423,40,0,0,0.0
E30,4,10,0.3,424,2300424,40,1,2,0.1
E30,4,10,0.3,425,2300425,40,0,0,0.0
E30,4,10,0.3,426,2300426,40,0,0,0.0
E30,4,10,0.3,427,2300427,40,2,2,0.1
E30,4,10,0.3,428,2300428,40,1,1,0.05
E30,4,10,0.3,429,2300429,40,2,2,0.1
E30,4,10,0.3,430,2300430,40,2,1,0.05
E30,4,10,0.3,431,2300431,40,3,4,0.2
E30,4,10,0.3,432,2300432,40,1,1,0.05
E30,4,10,0.3,433,2300433,40,3,2,0.1
E30,4,10,0.3,434,2300434,40,1,1,0.05
E30,4,10,0.3,435,2300435,40,2,3,0.15
E30,4,10,0.3,436,2300436,40,1,1,0.05
E30,4,10,0.3,437,2300437,40,3,4,0.2
E30,4,10,0.3,438,2300438,40,2,2,0.1
E30,4,10,0.3,439,2300439,40,0,0,0.0
E30,4,10,0.3,440,2300440,40,1,1,0.05
E30,4,10,0.3,441,2300441,40,4,8,0.4
E30,4,10,0.3,442,2300442,40,2,5,0.25
E30,4,10,0.3,443,2300443,40,1,1,0.05
E30,4,10,0.3,444,2300444,40,1,1,0.05
E30,4,10,0.3,445,2300445,40,1,1,0.05
E30,4,10,0.3,446,2300446,40,1,1,0.05
E30,4,10,0.3,447,2300447,40,1,1,0.05
E30,4,10,0.3,448,2300448,40,1,1,0.05
E30,4,10,0.3,449,2300449,40,1,1,0.05
E30,4,10,0.3,450,2300450,40,1,1,0.05
E30,4,10,0.3,451,2300451,40,0,0,0.0
E30,4,10,0.3,452,2300452,40,1,1,0.05
E30,4,10,0.3,453,2300453,40,0,0,0.0
E30,4,10,0.3,454,2300454,40,1,1,0.05
E30,4,10,0.3,455,2300455,40,0,0,0.0
E30,4,10,0.3,456,2300456,40,1,2,0.1
E30,4,10,0.3,457,2300457,40,2,2,0.1
E30,4,10,0.3,458,2300458,40,1,1,0.05
E30,4,10,0.3,459,2300459,40,3,2,0.1
E30,4,10,0.3,460,2300460,40,0,0,0.0
E30,4,10,0.3,461,2300461,40,0,0,0.0
E30,4,10,0.3,462,2300462,40,2,1,0.05
E30,4,10,0.3,463,2300463,40,1,1,0.05
E30,4,10,0.3,464,2300464,40,0,0,0.0
E30,4,10,0.3,465,2300465,40,2,2,0.1
E30,4,10,0.3,466,2300466,40,2,2,0.1
E30,4,10,0.3,467,2300467,40,1,1,0.05
E30,4,10,0.3,468,2300468,40,2,2,0.1
E30,4,10,0.3,469,2300469,40,1,1,0.05
E30,4,10,0.3,470,2300470,40,5,6,0.3
E30,4,10,0.3,471,2300471,40,3,2,0.1
E30,4,10,0.3,472,2300472,40,0,0,0.0
E30,4,10,0.3,473,2300473,40,1,1,0.05
E30,4,10,0.3,474,2300474,40,1,1,0.05
E30,4,10,0.3,475,2300475,40,1,1,0.05
E30,4,10,0.3,476,2300476,40,0,0,0.0
E30,4,10,0.3,477,2300477,40,4,4,0.2
E30,4,10,0.3,478,2300478,40,1,1,0.05
E30,4,10,0.3,479,2300479,40,1,1,0.05
E30,4,10,0.3,480,2300480,40,2,2,0.1
E30,4,10,0.3,481,2300481,40,1,2,0.1
E30,4,10,0.3,482,2300482,40,2,3,0.15
E30,4,10,0.3,483,2300483,40,0,0,0.0
E30,4,10,0.3,484,2300484,40,0,0,0.0
E30,4,10,0.3,485,2300485,40,2,2,0.1
E30,4,10,0.3,486,2300486,40,3,4,0.2
E30,4,10,0.3,487,2300487,40,0,0,0.0
E30,4,10,0.3,488,2300488,40,2,2,0.1
E30,4,10,0.3,489,2300489,40,1,1,0.05
E30,4,10,0.3,490,2300490,40,1,1,0.05
E30,4,10,0.3,491,2300491,40,0,0,0.0
E30,4,10,0.3,492,2300492,40,0,0,0.0
E30,4,10,0.3,493,2300493,40,1,1,0.05
E30,4,10,0.3,494,2300494,40,1,1,0.05
E30,4,10,0.3,495,2300495,40,1,1,0.05
E30,4,10,0.3,496,2300496,40,0,0,0.0
E30,4,10,0.3,497,2300497,40,1,2,0.1
E30,4,10,0.3,498,2300498,40,0,0,0.0
E30,4,10,0.3,499,2300499,40,1,2,0.1
E30,4,10,0.6,0,3300000,40,3,5,0.25
E30,4,10,0.6,1,3300001,40,2,4,0.2
E30,4,10,0.6,2,3300002,40,2,2,0.1
E30,4,10,0.6,3,3300003,40,1,1,0.05
E30,4,10,0.6,4,3300004,40,1,2,0.1
E30,4,10,0.6,5,3300005,40,3,4,0.2
E30,4,10,0.6,6,3300006,40,0,0,0.0
E30,4,10,0.6,7,3300007,40,4,4,0.2
E30,4,10,0.6,8,3300008,40,0,0,0.0
E30,4,10,0.6,9,3300009,40,1,1,0.05
E30,4,10,0.6,10,3300010,40,1,3,0.15
E30,4,10,0.6,11,3300011,40,0,0,0.0
E30,4,10,0.6,12,3300012,40,1,1,0.05
E30,4,10,0.6,13,3300013,40,1,2,0.1
E30,4,10,0.6,14,3300014,40,1,3,0.15
E30,4,10,0.6,15,3300015,40,1,3,0.15
E30,4,10,0.6,16,3300016,40,2,3,0.15
E30,4,10,0.6,17,3300017,40,1,2,0.1
E30,4,10,0.6,18,3300018,40,0,0,0.0
E30,4,10,0.6,19,3300019,40,1,1,0.05
E30,4,10,0.6,20,3300020,40,3,6,0.3
E30,4,10,0.6,21,3300021,40,1,1,0.05
E30,4,10,0.6,22,3300022,40,3,3,0.15
E30,4,10,0.6,23,3300023,40,0,0,0.0
E30,4,10,0.6,24,3300024,40,1,2,0.1
E30,4,10,0.6,25,3300025,40,1,1,0.05
E30,4,10,0.6,26,3300026,40,0,0,0.0
E30,4,10,0.6,27,3300027,40,0,0,0.0
E30,4,10,0.6,28,3300028,40,1,2,0.1
E30,4,10,0.6,29,3300029,40,1,2,0.1
E30,4,10,0.6,30,3300030,40,4,6,0.3
E30,4,10,0.6,31,3300031,40,0,0,0.0
E30,4,10,0.6,32,3300032,40,4,7,0.35
E30,4,10,0.6,33,3300033,40,2,4,0.2
E30,4,10,0.6,34,3300034,40,3,4,0.2
E30,4,10,0.6,35,3300035,40,0,0,0.0
E30,4,10,0.6,36,3300036,40,0,0,0.0
E30,4,10,0.6,37,3300037,40,1,1,0.05
E30,4,10,0.6,38,3300038,40,3,6,0.3
E30,4,10,0.6,39,3300039,40,1,2,0.1
E30,4,10,0.6,40,3300040,40,2,4,0.2
E30,4,10,0.6,41,3300041,40,2,3,0.15
E30,4,10,0.6,42,3300042,40,0,0,0.0
E30,4,10,0.6,43,3300043,40,0,0,0.0
E30,4,10,0.6,44,3300044,40,0,0,0.0
E30,4,10,0.6,45,3300045,40,0,0,0.0
E30,4,10,0.6,46,3300046,40,0,0,0.0
E30,4,10,0.6,47,3300047,40,0,0,0.0
E30,4,10,0.6,48,3300048,40,1,2,0.1
E30,4,10,0.6,49,3300049,40,0,0,0.0
E30,4,10,0.6,50,3300050,40,0,0,0.0
E30,4,10,0.6,51,3300051,40,3,3,0.15
E30,4,10,0.6,52,3300052,40,1,2,0.1
E30,4,10,0.6,53,3300053,40,0,0,0.0
E30,4,10,0.6,54,3300054,40,2,2,0.1
E30,4,10,0.6,55,3300055,40,3,4,0.2
E30,4,10,0.6,56,3300056,40,0,0,0.0
E30,4,10,0.6,57,3300057,40,6,8,0.4
E30,4,10,0.6,58,3300058,40,3,4,0.2
E30,4,10,0.6,59,3300059,40,2,4,0.2
E30,4,10,0.6,60,3300060,40,2,2,0.1
E30,4,10,0.6,61,3300061,40,0,0,0.0
E30,4,10,0.6,62,3300062,40,1,1,0.05
E30,4,10,0.6,63,3300063,40,1,2,0.1
E30,4,10,0.6,64,3300064,40,3,4,0.2
E30,4,10,0.6,65,3300065,40,0,0,0.0
E30,4,10,0.6,66,3300066,40,2,4,0.2
E30,4,10,0.6,67,3300067,40,1,1,0.05
E30,4,10,0.6,68,3300068,40,1,2,0.1
E30,4,10,0.6,69,3300069,40,0,0,0.0
E30,4,10,0.6,70,3300070,40,3,3,0.15
E30,4,10,0.6,71,3300071,40,1,2,0.1
E30,4,10,0.6,72,3300072,40,0,0,0.0
E30,4,10,0.6,73,3300073,40,0,0,0.0
E30,4,10,0.6,74,3300074,40,0,0,0.0
E30,4,10,0.6,75,3300075,40,5,8,0.4
E30,4,10,0.6,76,3300076,40,1,2,0.1
E30,4,10,0.6,77,3300077,40,2,2,0.1
E30,4,10,0.6,78,3300078,40,1,1,0.05
E30,4,10,0.6,79,3300079,40,1,3,0.15
E30,4,10,0.6,80,3300080,40,1,2,0.1
E30,4,10,0.6,81,3300081,40,0,0,0.0
E30,4,10,0.6,82,3300082,40,0,0,0.0
E30,4,10,0.6,83,3300083,40,0,0,0.0
E30,4,10,0.6,84,3300084,40,2,3,0.15
E30,4,10,0.6,85,3300085,40,1,1,0.05
E30,4,10,0.6,86,3300086,40,5,7,0.35
E30,4,10,0.6,87,3300087,40,1,1,0.05
E30,4,10,0.6,88,3300088,40,1,3,0.15
E30,4,10,0.6,89,3300089,40,1,2,0.1
E30,4,10,0.6,90,3300090,40,0,0,0.0
E30,4,10,0.6,91,3300091,40,4,4,0.2
E30,4,10,0.6,92,3300092,40,0,0,0.0
E30,4,10,0.6,93,3300093,40,2,3,0.15
E30,4,10,0.6,94,3300094,40,1,2,0.1
E30,4,10,0.6,95,3300095,40,1,3,0.15
E30,4,10,0.6,96,3300096,40,1,2,0.1
E30,4,10,0.6,97,3300097,40,0,0,0.0
E30,4,10,0.6,98,3300098,40,3,3,0.15
E30,4,10,0.6,99,3300099,40,0,0,0.0
E30,4,10,0.6,100,3300100,40,1,2,0.1
E30,4,10,0.6,101,3300101,40,0,0,0.0
E30,4,10,0.6,102,3300102,40,2,4,0.2
E30,4,10,0.6,103,3300103,40,1,2,0.1
E30,4,10,0.6,104,3300104,40,2,2,0.1
E30,4,10,0.6,105,3300105,40,0,0,0.0
E30,4,10,0.6,106,3300106,40,1,1,0.05
E30,4,10,0.6,107,3300107,40,1,2,0.1
E30,4,10,0.6,108,3300108,40,1,2,0.1
E30,4,10,0.6,109,3300109,40,1,2,0.1
E30,4,10,0.6,110,3300110,40,0,0,0.0
E30,4,10,0.6,111,3300111,40,0,0,0.0
E30,4,10,0.6,112,3300112,40,1,2,0.1
E30,4,10,0.6,113,3300113,40,0,0,0.0
E30,4,10,0.6,114,3300114,40,3,4,0.2
E30,4,10,0.6,115,3300115,40,1,2,0.1
E30,4,10,0.6,116,3300116,40,1,2,0.1
E30,4,10,0.6,117,3300117,40,2,4,0.2
E30,4,10,0.6,118,3300118,40,2,4,0.2
E30,4,10,0.6,119,3300119,40,2,4,0.2
E30,4,10,0.6,120,3300120,40,0,0,0.0
E30,4,10,0.6,121,3300121,40,0,0,0.0
E30,4,10,0.6,122,3300122,40,4,6,0.3
E30,4,10,0.6,123,3300123,40,2,4,0.2
E30,4,10,0.6,124,3300124,40,1,2,0.1
E30,4,10,0.6,125,3300125,40,1,1,0.05
E30,4,10,0.6,126,3300126,40,4,4,0.2
E30,4,10,0.6,127,3300127,40,0,0,0.0
E30,4,10,0.6,128,3300128,40,1,2,0.1
E30,4,10,0.6,129,3300129,40,0,0,0.0
E30,4,10,0.6,130,3300130,40,2,3,0.15
E30,4,10,0.6,131,3300131,40,4,5,0.25
E30,4,10,0.6,132,3300132,40,1,1,0.05
E30,4,10,0.6,133,3300133,40,0,0,0.0
E30,4,10,0.6,134,3300134,40,1,2,0.1
E30,4,10,0.6,135,3300135,40,4,8,0.4
E30,4,10,0.6,136,3300136,40,0,0,0.0
E30,4,10,0.6,137,3300137,40,2,4,0.2
E30,4,10,0.6,138,3300138,40,1,1,0.05
E30,4,10,0.6,139,3300139,40,1,2,0.1
E30,4,10,0.6,140,3300140,40,3,5,0.25
E30,4,10,0.6,141,3300141,40,5,6,0.3
E30,4,10,0.6,142,3300142,40,3,5,0.25
E30,4,10,0.6,143,3300143,40,1,2,0.1
E30,4,10,0.6,144,3300144,40,2,4,0.2
E30,4,10,0.6,145,3300145,40,1,2,0.1
E30,4,10,0.6,146,3300146,40,1,5,0.25
E30,4,10,0.6,147,3300147,40,2,3,0.15
E30,4,10,0.6,148,3300148,40,1,2,0.1
E30,4,10,0.6,149,3300149,40,1,2,0.1
E30,4,10,0.6,150,3300150,40,2,4,0.2
E30,4,10,0.6,151,3300151,40,0,0,0.0
E30,4,10,0.6,152,3300152,40,0,0,0.0
E30,4,10,0.6,153,3300153,40,1,1,0.05
E30,4,10,0.6,154,3300154,40,3,5,0.25
E30,4,10,0.6,155,3300155,40,0,0,0.0
E30,4,10,0.6,156,3300156,40,0,0,0.0
E30,4,10,0.6,157,3300157,40,3,6,0.3
E30,4,10,0.6,158,3300158,40,1,2,0.1
E30,4,10,0.6,159,3300159,40,3,3,0.15
E30,4,10,0.6,160,3300160,40,0,0,0.0
E30,4,10,0.6,161,3300161,40,0,0,0.0
E30,4,10,0.6,162,3300162,40,1,3,0.15
E30,4,10,0.6,163,3300163,40,1,2,0.1
E30,4,10,0.6,164,3300164,40,1,2,0.1
E30,4,10,0.6,165,3300165,40,0,0,0.0
E30,4,10,0.6,166,3300166,40,1,2,0.1
E30,4,10,0.6,167,3300167,40,0,0,0.0
E30,4,10,0.6,168,3300168,40,0,0,0.0
E30,4,10,0.6,169,3300169,40,2,3,0.15
E30,4,10,0.6,170,3300170,40,3,5,0.25
E30,4,10,0.6,171,3300171,40,3,5,0.25
E30,4,10,0.6,172,3300172,40,1,3,0.15
E30,4,10,0.6,173,3300173,40,2,3,0.15
E30,4,10,0.6,174,3300174,40,0,0,0.0
E30,4,10,0.6,175,3300175,40,0,0,0.0
E30,4,10,0.6,176,3300176,40,0,0,0.0
E30,4,10,0.6,177,3300177,40,0,0,0.0
E30,4,10,0.6,178,3300178,40,1,2,0.1
E30,4,10,0.6,179,3300179,40,1,1,0.05
E30,4,10,0.6,180,3300180,40,0,0,0.0
E30,4,10,0.6,181,3300181,40,1,4,0.2
E30,4,10,0.6,182,3300182,40,1,2,0.1
E30,4,10,0.6,183,3300183,40,0,0,0.0
E30,4,10,0.6,184,3300184,40,1,2,0.1
E30,4,10,0.6,185,3300185,40,2,5,0.25
E30,4,10,0.6,186,3300186,40,1,2,0.1
E30,4,10,0.6,187,3300187,40,0,0,0.0
E30,4,10,0.6,188,3300188,40,0,0,0.0
E30,4,10,0.6,189,3300189,40,3,5,0.25
E30,4,10,0.6,190,3300190,40,1,2,0.1
E30,4,10,0.6,191,3300191,40,2,4,0.2
E30,4,10,0.6,192,3300192,40,0,0,0.0
E30,4,10,0.6,193,3300193,40,3,3,0.15
E30,4,10,0.6,194,3300194,40,3,4,0.2
E30,4,10,0.6,195,3300195,40,1,3,0.15
E30,4,10,0.6,196,3300196,40,1,2,0.1
E30,4,10,0.6,197,3300197,40,0,0,0.0
E30,4,10,0.6,198,3300198,40,0,0,0.0
E30,4,10,0.6,199,3300199,40,1,2,0.1
E30,4,10,0.6,200,3300200,40,2,2,0.1
E30,4,10,0.6,201,3300201,40,0,0,0.0
E30,4,10,0.6,202,3300202,40,0,0,0.0
E30,4,10,0.6,203,3300203,40,1,2,0.1
E30,4,10,0.6,204,3300204,40,2,2,0.1
E30,4,10,0.6,205,3300205,40,2,5,0.25
E30,4,10,0.6,206,3300206,40,0,0,0.0
E30,4,10,0.6,207,3300207,40,6,10,0.5
E30,4,10,0.6,208,3300208,40,1,1,0.05
E30,4,10,0.6,209,3300209,40,2,2,0.1
E30,4,10,0.6,210,3300210,40,4,6,0.3
E30,4,10,0.6,211,3300211,40,0,0,0.0
E30,4,10,0.6,212,3300212,40,1,3,0.15
E30,4,10,0.6,213,3300213,40,1,2,0.1
E30,4,10,0.6,214,3300214,40,1,1,0.05
E30,4,10,0.6,215,3300215,40,1,2,0.1
E30,4,10,0.6,216,3300216,40,3,5,0.25
E30,4,10,0.6,217,3300217,40,3,5,0.25
E30,4,10,0.6,218,3300218,40,3,3,0.15
E30,4,10,0.6,219,3300219,40,0,0,0.0
E30,4,10,0.6,220,3300220,40,2,4,0.2
E30,4,10,0.6,221,3300221,40,0,0,0.0
E30,4,10,0.6,222,3300222,40,0,0,0.0
E30,4,10,0.6,223,3300223,40,3,3,0.15
E30,4,10,0.6,224,3300224,40,2,2,0.1
E30,4,10,0.6,225,3300225,40,0,0,0.0
E30,4,10,0.6,226,3300226,40,3,4,0.2
E30,4,10,0.6,227,3300227,40,2,3,0.15
E30,4,10,0.6,228,3300228,40,2,3,0.15
E30,4,10,0.6,229,3300229,40,0,0,0.0
E30,4,10,0.6,230,3300230,40,2,4,0.2
E30,4,10,0.6,231,3300231,40,2,4,0.2
E30,4,10,0.6,232,3300232,40,2,4,0.2
E30,4,10,0.6,233,3300233,40,0,0,0.0
E30,4,10,0.6,234,3300234,40,2,4,0.2
E30,4,10,0.6,235,3300235,40,1,2,0.1
E30,4,10,0.6,236,3300236,40,2,6,0.3
E30,4,10,0.6,237,3300237,40,1,1,0.05
E30,4,10,0.6,238,3300238,40,0,0,0.0
E30,4,10,0.6,239,3300239,40,0,0,0.0
E30,4,10,0.6,240,3300240,40,3,8,0.4
E30,4,10,0.6,241,3300241,40,4,5,0.25
E30,4,10,0.6,242,3300242,40,0,0,0.0
E30,4,10,0.6,243,3300243,40,2,2,0.1
E30,4,10,0.6,244,3300244,40,0,0,0.0
E30,4,10,0.6,245,3300245,40,2,4,0.2
E30,4,10,0.6,246,3300246,40,1,2,0.1
E30,4,10,0.6,247,3300247,40,3,4,0.2
E30,4,10,0.6,248,3300248,40,4,8,0.4
E30,4,10,0.6,249,3300249,40,0,0,0.0
E30,4,10,0.6,250,3300250,40,3,3,0.15
E30,4,10,0.6,251,3300251,40,4,6,0.3
E30,4,10,0.6,252,3300252,40,4,9,0.45
E30,4,10,0.6,253,3300253,40,2,3,0.15
E30,4,10,0.6,254,3300254,40,2,3,0.15
E30,4,10,0.6,255,3300255,40,2,4,0.2
E30,4,10,0.6,256,3300256,40,3,4,0.2
E30,4,10,0.6,257,3300257,40,1,2,0.1
E30,4,10,0.6,258,3300258,40,1,1,0.05
E30,4,10,0.6,259,3300259,40,2,3,0.15
E30,4,10,0.6,260,3300260,40,2,4,0.2
E30,4,10,0.6,261,3300261,40,2,3,0.15
E30,4,10,0.6,262,3300262,40,0,0,0.0
E30,4,10,0.6,263,3300263,40,2,4,0.2
E30,4,10,0.6,264,3300264,40,1,2,0.1
E30,4,10,0.6,265,3300265,40,1,2,0.1
E30,4,10,0.6,266,3300266,40,1,2,0.1
E30,4,10,0.6,267,3300267,40,1,2,0.1
E30,4,10,0.6,268,3300268,40,1,2,0.1
E30,4,10,0.6,269,3300269,40,2,4,0.2
E30,4,10,0.6,270,3300270,40,0,0,0.0
E30,4,10,0.6,271,3300271,40,3,6,0.3
E30,4,10,0.6,272,3300272,40,0,0,0.0
E30,4,10,0.6,273,3300273,40,4,5,0.25
E30,4,10,0.6,274,3300274,40,1,2,0.1
E30,4,10,0.6,275,3300275,40,1,1,0.05
E30,4,10,0.6,276,3300276,40,1,3,0.15
E30,4,10,0.6,277,3300277,40,3,5,0.25
E30,4,10,0.6,278,3300278,40,1,2,0.1
E30,4,10,0.6,279,3300279,40,2,3,0.15
E30,4,10,0.6,280,3300280,40,4,7,0.35
E30,4,10,0.6,281,3300281,40,2,3,0.15
E30,4,10,0.6,282,3300282,40,1,2,0.1
E30,4,10,0.6,283,3300283,40,3,5,0.25
E30,4,10,0.6,284,3300284,40,1,2,0.1
E30,4,10,0.6,285,3300285,40,1,2,0.1
E30,4,10,0.6,286,3300286,40,2,3,0.15
E30,4,10,0.6,287,3300287,40,1,1,0.05
E30,4,10,0.6,288,3300288,40,1,2,0.1
E30,4,10,0.6,289,3300289,40,1,2,0.1
E30,4,10,0.6,290,3300290,40,2,5,0.25
E30,4,10,0.6,291,3300291,40,2,4,0.2
E30,4,10,0.6,292,3300292,40,0,0,0.0
E30,4,10,0.6,293,3300293,40,1,2,0.1
E30,4,10,0.6,294,3300294,40,1,2,0.1
E30,4,10,0.6,295,3300295,40,2,4,0.2
E30,4,10,0.6,296,3300296,40,7,12,0.6
E30,4,10,0.6,297,3300297,40,2,3,0.15
E30,4,10,0.6,298,3300298,40,1,1,0.05
E30,4,10,0.6,299,3300299,40,1,4,0.2
E30,4,10,0.6,300,3300300,40,1,1,0.05
E30,4,10,0.6,301,3300301,40,0,0,0.0
E30,4,10,0.6,302,3300302,40,1,2,0.1
E30,4,10,0.6,303,3300303,40,0,0,0.0
E30,4,10,0.6,304,3300304,40,3,3,0.15
E30,4,10,0.6,305,3300305,40,0,0,0.0
E30,4,10,0.6,306,3300306,40,1,1,0.05
E30,4,10,0.6,307,3300307,40,1,2,0.1
E30,4,10,0.6,308,3300308,40,2,4,0.2
E30,4,10,0.6,309,3300309,40,1,1,0.05
E30,4,10,0.6,310,3300310,40,1,2,0.1
E30,4,10,0.6,311,3300311,40,2,4,0.2
E30,4,10,0.6,312,3300312,40,5,8,0.4
E30,4,10,0.6,313,3300313,40,1,1,0.05
E30,4,10,0.6,314,3300314,40,1,2,0.1
E30,4,10,0.6,315,3300315,40,3,5,0.25
E30,4,10,0.6,316,3300316,40,1,1,0.05
E30,4,10,0.6,317,3300317,40,0,0,0.0
E30,4,10,0.6,318,3300318,40,0,0,0.0
E30,4,10,0.6,319,3300319,40,1,1,0.05
E30,4,10,0.6,320,3300320,40,2,3,0.15
E30,4,10,0.6,321,3300321,40,0,0,0.0
E30,4,10,0.6,322,3300322,40,3,3,0.15
E30,4,10,0.6,323,3300323,40,1,1,0.05
E30,4,10,0.6,324,3300324,40,0,0,0.0
E30,4,10,0.6,325,3300325,40,1,2,0.1
E30,4,10,0.6,326,3300326,40,1,2,0.1
E30,4,10,0.6,327,3300327,40,1,1,0.05
E30,4,10,0.6,328,3300328,40,3,6,0.3
E30,4,10,0.6,329,3300329,40,5,7,0.35
E30,4,10,0.6,330,3300330,40,0,0,0.0
E30,4,10,0.6,331,3300331,40,3,5,0.25
E30,4,10,0.6,332,3300332,40,2,4,0.2
E30,4,10,0.6,333,3300333,40,0,0,0.0
E30,4,10,0.6,334,3300334,40,0,0,0.0
E30,4,10,0.6,335,3300335,40,0,0,0.0
E30,4,10,0.6,336,3300336,40,4,5,0.25
E30,4,10,0.6,337,3300337,40,2,4,0.2
E30,4,10,0.6,338,3300338,40,1,2,0.1
E30,4,10,0.6,339,3300339,40,1,2,0.1
E30,4,10,0.6,340,3300340,40,0,0,0.0
E30,4,10,0.6,341,3300341,40,1,1,0.05
E30,4,10,0.6,342,3300342,40,0,0,0.0
E30,4,10,0.6,343,3300343,40,0,0,0.0
E30,4,10,0.6,344,3300344,40,1,2,0.1
E30,4,10,0.6,345,3300345,40,1,1,0.05
E30,4,10,0.6,346,3300346,40,4,9,0.45
E30,4,10,0.6,347,3300347,40,3,6,0.3
E30,4,10,0.6,348,3300348,40,2,3,0.15
E30,4,10,0.6,349,3300349,40,1,2,0.1
E30,4,10,0.6,350,3300350,40,0,0,0.0
E30,4,10,0.6,351,3300351,40,0,0,0.0
E30,4,10,0.6,352,3300352,40,1,2,0.1
E30,4,10,0.6,353,3300353,40,1,1,0.05
E30,4,10,0.6,354,3300354,40,3,6,0.3
E30,4,10,0.6,355,3300355,40,1,1,0.05
E30,4,10,0.6,356,3300356,40,5,6,0.3
E30,4,10,0.6,357,3300357,40,1,2,0.1
E30,4,10,0.6,358,3300358,40,1,2,0.1
E30,4,10,0.6,359,3300359,40,1,5,0.25
E30,4,10,0.6,360,3300360,40,3,5,0.25
E30,4,10,0.6,361,3300361,40,0,0,0.0
E30,4,10,0.6,362,3300362,40,0,0,0.0
E30,4,10,0.6,363,3300363,40,2,4,0.2
E30,4,10,0.6,364,3300364,40,0,0,0.0
E30,4,10,0.6,365,3300365,40,0,0,0.0
E30,4,10,0.6,366,3300366,40,4,5,0.25
E30,4,10,0.6,367,3300367,40,1,2,0.1
E30,4,10,0.6,368,3300368,40,1,2,0.1
E30,4,10,0.6,369,3300369,40,2,3,0.15
E30,4,10,0.6,370,3300370,40,2,3,0.15
E30,4,10,0.6,371,3300371,40,3,5,0.25
E30,4,10,0.6,372,3300372,40,3,5,0.25
E30,4,10,0.6,373,3300373,40,0,0,0.0
E30,4,10,0.6,374,3300374,40,1,2,0.1
E30,4,10,0.6,375,3300375,40,2,4,0.2
E30,4,10,0.6,376,3300376,40,1,2,0.1
E30,4,10,0.6,377,3300377,40,0,0,0.0
E30,4,10,0.6,378,3300378,40,2,2,0.1
E30,4,10,0.6,379,3300379,40,1,2,0.1
E30,4,10,0.6,380,3300380,40,4,4,0.2
E30,4,10,0.6,381,3300381,40,2,3,0.15
E30,4,10,0.6,382,3300382,40,2,4,0.2
E30,4,10,0.6,383,3300383,40,1,2,0.1
E30,4,10,0.6,384,3300384,40,2,2,0.1
E30,4,10,0.6,385,3300385,40,1,1,0.05
E30,4,10,0.6,386,3300386,40,0,0,0.0
E30,4,10,0.6,387,3300387,40,0,0,0.0
E30,4,10,0.6,388,3300388,40,1,2,0.1
E30,4,10,0.6,389,3300389,40,1,1,0.05
E30,4,10,0.6,390,3300390,40,1,2,0.1
E30,4,10,0.6,391,3300391,40,0,0,0.0
E30,4,10,0.6,392,3300392,40,2,3,0.15
E30,4,10,0.6,393,3300393,40,6,7,0.35
E30,4,10,0.6,394,3300394,40,2,2,0.1
E30,4,10,0.6,395,3300395,40,1,2,0.1
E30,4,10,0.6,396,3300396,40,0,0,0.0
E30,4,10,0.6,397,3300397,40,4,7,0.35
E30,4,10,0.6,398,3300398,40,0,0,0.0
E30,4,10,0.6,399,3300399,40,2,3,0.15
E30,4,10,0.6,400,3300400,40,2,2,0.1
E30,4,10,0.6,401,3300401,40,0,0,0.0
E30,4,10,0.6,402,3300402,40,3,3,0.15
E30,4,10,0.6,403,3300403,40,1,1,0.05
E30,4,10,0.6,404,3300404,40,4,4,0.2
E30,4,10,0.6,405,3300405,40,1,2,0.1
E30,4,10,0.6,406,3300406,40,1,2,0.1
E30,4,10,0.6,407,3300407,40,1,2,0.1
E30,4,10,0.6,408,3300408,40,2,3,0.15
E30,4,10,0.6,409,3300409,40,1,2,0.1
E30,4,10,0.6,410,3300410,40,3,4,0.2
E30,4,10,0.6,411,3300411,40,0,0,0.0
E30,4,10,0.6,412,3300412,40,1,2,0.1
E30,4,10,0.6,413,3300413,40,0,0,0.0
E30,4,10,0.6,414,3300414,40,2,6,0.3
E30,4,10,0.6,415,3300415,40,2,3,0.15
E30,4,10,0.6,416,3300416,40,1,2,0.1
E30,4,10,0.6,417,3300417,40,0,0,0.0
E30,4,10,0.6,418,3300418,40,7,10,0.5
E30,4,10,0.6,419,3300419,40,1,1,0.05
E30,4,10,0.6,420,3300420,40,3,4,0.2
E30,4,10,0.6,421,3300421,40,1,2,0.1
E30,4,10,0.6,422,3300422,40,1,2,0.1
E30,4,10,0.6,423,3300423,40,0,0,0.0
E30,4,10,0.6,424,3300424,40,2,3,0.15
E30,4,10,0.6,425,3300425,40,1,2,0.1
E30,4,10,0.6,426,3300426,40,2,2,0.1
E30,4,10,0.6,427,3300427,40,0,0,0.0
E30,4,10,0.6,428,3300428,40,0,0,0.0
E30,4,10,0.6,429,3300429,40,1,2,0.1
E30,4,10,0.6,430,3300430,40,0,0,0.0
E30,4,10,0.6,431,3300431,40,0,0,0.0
E30,4,10,0.6,432,3300432,40,0,0,0.0
E30,4,10,0.6,433,3300433,40,0,0,0.0
E30,4,10,0.6,434,3300434,40,0,0,0.0
E30,4,10,0.6,435,3300435,40,2,4,0.2
E30,4,10,0.6,436,3300436,40,0,0,0.0
E30,4,10,0.6,437,3300437,40,0,0,0.0
E30,4,10,0.6,438,3300438,40,0,0,0.0
E30,4,10,0.6,439,3300439,40,2,2,0.1
E30,4,10,0.6,440,3300440,40,0,0,0.0
E30,4,10,0.6,441,3300441,40,1,2,0.1
E30,4,10,0.6,442,3300442,40,0,0,0.0
E30,4,10,0.6,443,3300443,40,1,2,0.1
E30,4,10,0.6,444,3300444,40,3,4,0.2
E30,4,10,0.6,445,3300445,40,4,5,0.25
E30,4,10,0.6,446,3300446,40,2,4,0.2
E30,4,10,0.6,447,3300447,40,1,1,0.05
E30,4,10,0.6,448,3300448,40,3,7,0.35
E30,4,10,0.6,449,3300449,40,1,3,0.15
E30,4,10,0.6,450,3300450,40,2,4,0.2
E30,4,10,0.6,451,3300451,40,2,4,0.2
E30,4,10,0.6,452,3300452,40,0,0,0.0
E30,4,10,0.6,453,3300453,40,1,2,0.1
E30,4,10,0.6,454,3300454,40,1,1,0.05
E30,4,10,0.6,455,3300455,40,2,3,0.15
E30,4,10,0.6,456,3300456,40,3,6,0.3
E30,4,10,0.6,457,3300457,40,1,2,0.1
E30,4,10,0.6,458,3300458,40,2,2,0.1
E30,4,10,0.6,459,3300459,40,3,4,0.2
E30,4,10,0.6,460,3300460,40,1,1,0.05
E30,4,10,0.6,461,3300461,40,1,1,0.05
E30,4,10,0.6,462,3300462,40,3,3,0.15
E30,4,10,0.6,463,3300463,40,1,1,0.05
E30,4,10,0.6,464,3300464,40,2,4,0.2
E30,4,10,0.6,465,3300465,40,1,2,0.1
E30,4,10,0.6,466,3300466,40,0,0,0.0
E30,4,10,0.6,467,3300467,40,1,2,0.1
E30,4,10,0.6,468,3300468,40,3,4,0.2
E30,4,10,0.6,469,3300469,40,4,10,0.5
E30,4,10,0.6,470,3300470,40,1,2,0.1
E30,4,10,0.6,471,3300471,40,6,9,0.45
E30,4,10,0.6,472,3300472,40,0,0,0.0
E30,4,10,0.6,473,3300473,40,1,1,0.05
E30,4,10,0.6,474,3300474,40,1,2,0.1
E30,4,10,0.6,475,3300475,40,1,2,0.1
E30,4,10,0.6,476,3300476,40,1,3,0.15
E30,4,10,0.6,477,3300477,40,2,4,0.2
E30,4,10,0.6,478,3300478,40,1,2,0.1
E30,4,10,0.6,479,3300479,40,3,3,0.15
E30,4,10,0.6,480,3300480,40,3,4,0.2
E30,4,10,0.6,481,3300481,40,1,4,0.2
E30,4,10,0.6,482,3300482,40,2,3,0.15
E30,4,10,0.6,483,3300483,40,1,2,0.1
E30,4,10,0.6,484,3300484,40,0,0,0.0
E30,4,10,0.6,485,3300485,40,0,0,0.0
E30,4,10,0.6,486,3300486,40,1,2,0.1
E30,4,10,0.6,487,3300487,40,1,2,0.1
E30,4,10,0.6,488,3300488,40,2,2,0.1
E30,4,10,0.6,489,3300489,40,0,0,0.0
E30,4,10,0.6,490,3300490,40,2,3,0.15
E30,4,10,0.6,491,3300491,40,1,2,0.1
E30,4,10,0.6,492,3300492,40,0,0,0.0
E30,4,10,0.6,493,3300493,40,2,4,0.2
E30,4,10,0.6,494,3300494,40,0,0,0.0
E30,4,10,0.6,495,3300495,40,2,3,0.15
E30,4,10,0.6,496,3300496,40,2,4,0.2
E30,4,10,0.6,497,3300497,40,2,3,0.15
E30,4,10,0.6,498,3300498,40,1,1,0.05
E30,4,10,0.6,499,3300499,40,0,0,0.0
E30,4,20,0.0,0,4300000,80,3,3,0.075
E30,4,20,0.0,1,4300001,80,6,7,0.175
E30,4,20,0.0,2,4300002,80,4,4,0.1
E30,4,20,0.0,3,4300003,80,3,3,0.075
E30,4,20,0.0,4,4300004,80,6,6,0.15
E30,4,20,0.0,5,4300005,80,6,6,0.15
E30,4,20,0.0,6,4300006,80,8,6,0.15
E30,4,20,0.0,7,4300007,80,8,8,0.2
E30,4,20,0.0,8,4300008,80,7,5,0.125
E30,4,20,0.0,9,4300009,80,4,4,0.1
E30,4,20,0.0,10,4300010,80,5,3,0.075
E30,4,20,0.0,11,4300011,80,2,2,0.05
E30,4,20,0.0,12,4300012,80,4,4,0.1
E30,4,20,0.0,13,4300013,80,9,9,0.225
E30,4,20,0.0,14,4300014,80,5,5,0.125
E30,4,20,0.0,15,4300015,80,3,4,0.1
E30,4,20,0.0,16,4300016,80,6,4,0.1
E30,4,20,0.0,17,4300017,80,5,5,0.125
E30,4,20,0.0,18,4300018,80,8,8,0.2
E30,4,20,0.0,19,4300019,80,6,7,0.175
E30,4,20,0.0,20,4300020,80,0,0,0.0
E30,4,20,0.0,21,4300021,80,5,5,0.125
E30,4,20,0.0,22,4300022,80,7,8,0.2
E30,4,20,0.0,23,4300023,80,8,8,0.2
E30,4,20,0.0,24,4300024,80,4,5,0.125
E30,4,20,0.0,25,4300025,80,7,7,0.175
E30,4,20,0.0,26,4300026,80,2,2,0.05
E30,4,20,0.0,27,4300027,80,7,8,0.2
E30,4,20,0.0,28,4300028,80,5,5,0.125
E30,4,20,0.0,29,4300029,80,7,7,0.175
E30,4,20,0.0,30,4300030,80,4,4,0.1
E30,4,20,0.0,31,4300031,80,2,2,0.05
E30,4,20,0.0,32,4300032,80,6,6,0.15
E30,4,20,0.0,33,4300033,80,0,0,0.0
E30,4,20,0.0,34,4300034,80,6,7,0.175
E30,4,20,0.0,35,4300035,80,6,6,0.15
E30,4,20,0.0,36,4300036,80,4,4,0.1
E30,4,20,0.0,37,4300037,80,2,3,0.075
E30,4,20,0.0,38,4300038,80,8,7,0.175
E30,4,20,0.0,39,4300039,80,5,5,0.125
E30,4,20,0.0,40,4300040,80,9,9,0.225
E30,4,20,0.0,41,4300041,80,5,4,0.1
E30,4,20,0.0,42,4300042,80,4,5,0.125
E30,4,20,0.0,43,4300043,80,2,2,0.05
E30,4,20,0.0,44,4300044,80,2,2,0.05
E30,4,20,0.0,45,4300045,80,3,3,0.075
E30,4,20,0.0,46,4300046,80,6,7,0.175
E30,4,20,0.0,47,4300047,80,8,7,0.175
E30,4,20,0.0,48,4300048,80,9,10,0.25
E30,4,20,0.0,49,4300049,80,9,10,0.25
E30,4,20,0.0,50,4300050,80,5,4,0.1
E30,4,20,0.0,51,4300051,80,9,8,0.2
E30,4,20,0.0,52,4300052,80,3,3,0.075
E30,4,20,0.0,53,4300053,80,5,5,0.125
E30,4,20,0.0,54,4300054,80,2,2,0.05
E30,4,20,0.0,55,4300055,80,4,4,0.1
E30,4,20,0.0,56,4300056,80,5,6,0.15
E30,4,20,0.0,57,4300057,80,3,3,0.075
E30,4,20,0.0,58,4300058,80,4,4,0.1
E30,4,20,0.0,59,4300059,80,6,6,0.15
E30,4,20,0.0,60,4300060,80,3,4,0.1
E30,4,20,0.0,61,4300061,80,7,6,0.15
E30,4,20,0.0,62,4300062,80,4,4,0.1
E30,4,20,0.0,63,4300063,80,7,6,0.15
E30,4,20,0.0,64,4300064,80,7,8,0.2
E30,4,20,0.0,65,4300065,80,6,6,0.15
E30,4,20,0.0,66,4300066,80,4,4,0.1
E30,4,20,0.0,67,4300067,80,4,5,0.125
E30,4,20,0.0,68,4300068,80,4,3,0.075
E30,4,20,0.0,69,4300069,80,8,7,0.175
E30,4,20,0.0,70,4300070,80,5,5,0.125
E30,4,20,0.0,71,4300071,80,4,4,0.1
E30,4,20,0.0,72,4300072,80,5,5,0.125
E30,4,20,0.0,73,4300073,80,4,3,0.075
E30,4,20,0.0,74,4300074,80,6,7,0.175
E30,4,20,0.0,75,4300075,80,8,7,0.175
E30,4,20,0.0,76,4300076,80,4,4,0.1
E30,4,20,0.0,77,4300077,80,8,7,0.175
E30,4,20,0.0,78,4300078,80,5,6,0.15
E30,4,20,0.0,79,4300079,80,4,5,0.125
E30,4,20,0.0,80,4300080,80,1,1,0.025
E30,4,20,0.0,81,4300081,80,6,6,0.15
E30,4,20,0.0,82,4300082,80,4,4,0.1
E30,4,20,0.0,83,4300083,80,5,6,0.15
E30,4,20,0.0,84,4300084,80,8,7,0.175
E30,4,20,0.0,85,4300085,80,6,5,0.125
E30,4,20,0.0,86,4300086,80,3,3,0.075
E30,4,20,0.0,87,4300087,80,1,1,0.025
E30,4,20,0.0,88,4300088,80,6,6,0.15
E30,4,20,0.0,89,4300089,80,5,5,0.125
E30,4,20,0.0,90,4300090,80,4,3,0.075
E30,4,20,0.0,91,4300091,80,8,7,0.175
E30,4,20,0.0,92,4300092,80,10,9,0.225
E30,4,20,0.0,93,4300093,80,3,3,0.075
E30,4,20,0.0,94,4300094,80,3,3,0.075
E30,4,20,0.0,95,4300095,80,4,4,0.1
E30,4,20,0.0,96,4300096,80,3,3,0.075
E30,4,20,0.0,97,4300097,80,2,3,0.075
E30,4,20,0.0,98,4300098,80,4,4,0.1
E30,4,20,0.0,99,4300099,80,5,5,0.125
E30,4,20,0.0,100,4300100,80,4,4,0.1
E30,4,20,0.0,101,4300101,80,6,6,0.15
E30,4,20,0.0,102,4300102,80,6,6,0.15
E30,4,20,0.0,103,4300103,80,5,4,0.1
E30,4,20,0.0,104,4300104,80,5,4,0.1
E30,4,20,0.0,105,4300105,80,5,5,0.125
E30,4,20,0.0,106,4300106,80,6,5,0.125
E30,4,20,0.0,107,4300107,80,4,4,0.1
E30,4,20,0.0,108,4300108,80,4,4,0.1
E30,4,20,0.0,109,4300109,80,3,3,0.075
E30,4,20,0.0,110,4300110,80,5,5,0.125
E30,4,20,0.0,111,4300111,80,6,7,0.175
E30,4,20,0.0,112,4300112,80,8,9,0.225
E30,4,20,0.0,113,4300113,80,7,7,0.175
E30,4,20,0.0,114,4300114,80,4,4,0.1
E30,4,20,0.0,115,4300115,80,3,3,0.075
E30,4,20,0.0,116,4300116,80,3,4,0.1
E30,4,20,0.0,117,4300117,80,6,6,0.15
E30,4,20,0.0,118,4300118,80,6,5,0.125
E30,4,20,0.0,119,4300119,80,5,4,0.1
E30,4,20,0.0,120,4300120,80,3,3,0.075
E30,4,20,0.0,121,4300121,80,5,5,0.125
E30,4,20,0.0,122,4300122,80,1,1,0.025
E30,4,20,0.0,123,4300123,80,4,4,0.1
E30,4,20,0.0,124,4300124,80,5,4,0.1
E30,4,20,0.0,125,4300125,80,5,5,0.125
E30,4,20,0.0,126,4300126,80,6,6,0.15
E30,4,20,0.0,127,4300127,80,6,6,0.15
E30,4,20,0.0,128,4300128,80,7,6,0.15
E30,4,20,0.0,129,4300129,80,7,6,0.15
E30,4,20,0.0,130,4300130,80,6,5,0.125
E30,4,20,0.0,131,4300131,80,3,4,0.1
E30,4,20,0.0,132,4300132,80,7,6,0.15
E30,4,20,0.0,133,4300133,80,3,4,0.1
E30,4,20,0.0,134,4300134,80,1,1,0.025
E30,4,20,0.0,135,4300135,80,4,4,0.1
E30,4,20,0.0,136,4300136,80,5,5,0.125
E30,4,20,0.0,137,4300137,80,6,5,0.125
E30,4,20,0.0,138,4300138,80,7,7,0.175
E30,4,20,0.0,139,4300139,80,6,6,0.15
E30,4,20,0.0,140,4300140,80,8,10,0.25
E30,4,20,0.0,141,4300141,80,6,8,0.2
E30,4,20,0.0,142,4300142,80,10,9,0.225
E30,4,20,0.0,143,4300143,80,7,8,0.2
E30,4,20,0.0,144,4300144,80,6,5,0.125
E30,4,20,0.0,145,4300145,80,2,2,0.05
E30,4,20,0.0,146,4300146,80,4,4,0.1
E30,4,20,0.0,147,4300147,80,3,3,0.075
E30,4,20,0.0,148,4300148,80,3,4,0.1
E30,4,20,0.0,149,4300149,80,5,4,0.1
E30,4,20,0.0,150,4300150,80,7,6,0.15
E30,4,20,0.0,151,4300151,80,6,6,0.15
E30,4,20,0.0,152,4300152,80,2,2,0.05
E30,4,20,0.0,153,4300153,80,5,4,0.1
E30,4,20,0.0,154,4300154,80,5,6,0.15
E30,4,20,0.0,155,4300155,80,2,2,0.05
E30,4,20,0.0,156,4300156,80,6,4,0.1
E30,4,20,0.0,157,4300157,80,6,5,0.125
E30,4,20,0.0,158,4300158,80,2,2,0.05
E30,4,20,0.0,159,4300159,80,2,2,0.05
E30,4,20,0.0,160,4300160,80,2,2,0.05
E30,4,20,0.0,161,4300161,80,5,4,0.1
E30,4,20,0.0,162,4300162,80,4,4,0.1
E30,4,20,0.0,163,4300163,80,4,4,0.1
E30,4,20,0.0,164,4300164,80,5,5,0.125
E30,4,20,0.0,165,4300165,80,4,4,0.1
E30,4,20,0.0,166,4300166,80,3,2,0.05
E30,4,20,0.0,167,4300167,80,2,2,0.05
E30,4,20,0.0,168,4300168,80,4,4,0.1
E30,4,20,0.0,169,4300169,80,3,3,0.075
E30,4,20,0.0,170,4300170,80,6,6,0.15
E30,4,20,0.0,171,4300171,80,8,7,0.175
E30,4,20,0.0,172,4300172,80,7,7,0.175
E30,4,20,0.0,173,4300173,80,4,4,0.1
E30,4,20,0.0,174,4300174,80,2,2,0.05
E30,4,20,0.0,175,4300175,80,4,4,0.1
E30,4,20,0.0,176,4300176,80,5,4,0.1
E30,4,20,0.0,177,4300177,80,3,3,0.075
E30,4,20,0.0,178,4300178,80,8,6,0.15
E30,4,20,0.0,179,4300179,80,2,2,0.05
E30,4,20,0.0,180,4300180,80,1,1,0.025
E30,4,20,0.0,181,4300181,80,3,3,0.075
E30,4,20,0.0,182,4300182,80,7,6,0.15
E30,4,20,0.0,183,4300183,80,2,3,0.075
E30,4,20,0.0,184,4300184,80,4,4,0.1
E30,4,20,0.0,185,4300185,80,4,5,0.125
E30,4,20,0.0,186,4300186,80,2,2,0.05
E30,4,20,0.0,187,4300187,80,6,6,0.15
E30,4,20,0.0,188,4300188,80,7,6,0.15
E30,4,20,0.0,189,4300189,80,5,5,0.125
E30,4,20,0.0,190,4300190,80,8,7,0.175
E30,4,20,0.0,191,4300191,80,7,6,0.15
E30,4,20,0.0,192,4300192,80,6,5,0.125
E30,4,20,0.0,193,4300193,80,4,3,0.075
E30,4,20,0.0,194,4300194,80,1,1,0.025
E30,4,20,0.0,195,4300195,80,4,4,0.1
E30,4,20,0.0,196,4300196,80,6,5,0.125
E30,4,20,0.0,197,4300197,80,3,3,0.075
E30,4,20,0.0,198,4300198,80,2,2,0.05
E30,4,20,0.0,199,4300199,80,4,3,0.075
E30,4,20,0.0,200,4300200,80,8,7,0.175
E30,4,20,0.0,201,4300201,80,6,7,0.175
E30,4,20,0.0,202,4300202,80,4,4,0.1
E30,4,20,0.0,203,4300203,80,7,7,0.175
E30,4,20,0.0,204,4300204,80,4,4,0.1
E30,4,20,0.0,205,4300205,80,4,5,0.125
E30,4,20,0.0,206,4300206,80,4,4,0.1
E30,4,20,0.0,207,4300207,80,2,2,0.05
E30,4,20,0.0,208,4300208,80,5,5,0.125
E30,4,20,0.0,209,4300209,80,3,3,0.075
E30,4,20,0.0,210,4300210,80,4,4,0.1
E30,4,20,0.0,211,4300211,80,6,6,0.15
E30,4,20,0.0,212,4300212,80,6,7,0.175
E30,4,20,0.0,213,4300213,80,2,3,0.075
E30,4,20,0.0,214,4300214,80,2,2,0.05
E30,4,20,0.0,215,4300215,80,5,5,0.125
E30,4,20,0.0,216,4300216,80,2,1,0.025
E30,4,20,0.0,217,4300217,80,4,4,0.1
E30,4,20,0.0,218,4300218,80,2,3,0.075
E30,4,20,0.0,219,4300219,80,2,1,0.025
E30,4,20,0.0,220,4300220,80,3,3,0.075
E30,4,20,0.0,221,4300221,80,4,5,0.125
E30,4,20,0.0,222,4300222,80,6,6,0.15
E30,4,20,0.0,223,4300223,80,3,3,0.075
E30,4,20,0.0,224,4300224,80,6,5,0.125
E30,4,20,0.0,225,4300225,80,3,3,0.075
E30,4,20,0.0,226,4300226,80,2,2,0.05
E30,4,20,0.0,227,4300227,80,5,5,0.125
E30,4,20,0.0,228,4300228,80,12,11,0.275
E30,4,20,0.0,229,4300229,80,2,3,0.075
E30,4,20,0.0,230,4300230,80,4,3,0.075
E30,4,20,0.0,231,4300231,80,9,8,0.2
E30,4,20,0.0,232,4300232,80,5,5,0.125
E30,4,20,0.0,233,4300233,80,5,5,0.125
E30,4,20,0.0,234,4300234,80,10,8,0.2
E30,4,20,0.0,235,4300235,80,3,3,0.075
E30,4,20,0.0,236,4300236,80,4,4,0.1
E30,4,20,0.0,237,4300237,80,6,6,0.15
E30,4,20,0.0,238,4300238,80,3,3,0.075
E30,4,20,0.0,239,4300239,80,5,5,0.125
E30,4,20,0.0,240,4300240,80,1,1,0.025
E30,4,20,0.0,241,4300241,80,2,2,0.05
E30,4,20,0.0,242,4300242,80,3,3,0.075
E30,4,20,0.0,243,4300243,80,7,7,0.175
E30,4,20,0.0,244,4300244,80,10,11,0.275
E30,4,20,0.0,245,4300245,80,5,5,0.125
E30,4,20,0.0,246,4300246,80,3,3,0.075
E30,4,20,0.0,247,4300247,80,3,3,0.075
E30,4,20,0.0,248,4300248,80,5,5,0.125
E30,4,20,0.0,249,4300249,80,4,4,0.1
E30,4,20,0.0,250,4300250,80,6,6,0.15
E30,4,20,0.0,251,4300251,80,1,1,0.025
E30,4,20,0.0,252,4300252,80,5,5,0.125
E30,4,20,0.0,253,4300253,80,7,7,0.175
E30,4,20,0.0,254,4300254,80,3,2,0.05
E30,4,20,0.0,255,4300255,80,4,4,0.1
E30,4,20,0.0,256,4300256,80,0,0,0.0
E30,4,20,0.0,257,4300257,80,6,6,0.15
E30,4,20,0.0,258,4300258,80,5,5,0.125
E30,4,20,0.0,259,4300259,80,3,3,0.075
E30,4,20,0.0,260,4300260,80,8,6,0.15
E30,4,20,0.0,261,4300261,80,4,4,0.1
E30,4,20,0.0,262,4300262,80,4,3,0.075
E30,4,20,0.0,263,4300263,80,5,4,0.1
E30,4,20,0.0,264,4300264,80,5,5,0.125
E30,4,20,0.0,265,4300265,80,6,6,0.15
E30,4,20,0.0,266,4300266,80,8,9,0.225
E30,4,20,0.0,267,4300267,80,9,9,0.225
E30,4,20,0.0,268,4300268,80,2,2,0.05
E30,4,20,0.0,269,4300269,80,6,4,0.1
E30,4,20,0.0,270,4300270,80,2,2,0.05
E30,4,20,0.0,271,4300271,80,5,4,0.1
E30,4,20,0.0,272,4300272,80,8,8,0.2
E30,4,20,0.0,273,4300273,80,7,8,0.2
E30,4,20,0.0,274,4300274,80,5,5,0.125
E30,4,20,0.0,275,4300275,80,7,7,0.175
E30,4,20,0.0,276,4300276,80,6,4,0.1
E30,4,20,0.0,277,4300277,80,12,10,0.25
E30,4,20,0.0,278,4300278,80,5,5,0.125
E30,4,20,0.0,279,4300279,80,6,5,0.125
E30,4,20,0.0,280,4300280,80,6,5,0.125
E30,4,20,0.0,281,4300281,80,11,8,0.2
E30,4,20,0.0,282,4300282,80,2,2,0.05
E30,4,20,0.0,283,4300283,80,7,5,0.125
E30,4,20,0.0,284,4300284,80,7,5,0.125
E30,4,20,0.0,285,4300285,80,9,8,0.2
E30,4,20,0.0,286,4300286,80,3,4,0.1
E30,4,20,0.0,287,4300287,80,3,3,0.075
E30,4,20,0.0,288,4300288,80,5,4,0.1
E30,4,20,0.0,289,4300289,80,3,4,0.1
E30,4,20,0.0,290,4300290,80,9,8,0.2
E30,4,20,0.0,291,4300291,80,3,3,0.075
E30,4,20,0.0,292,4300292,80,8,8,0.2
E30,4,20,0.0,293,4300293,80,7,5,0.125
E30,4,20,0.0,294,4300294,80,6,5,0.125
E30,4,20,0.0,295,4300295,80,4,4,0.1
E30,4,20,0.0,296,4300296,80,7,6,0.15
E30,4,20,0.0,297,4300297,80,4,5,0.125
E30,4,20,0.0,298,4300298,80,8,7,0.175
E30,4,20,0.0,299,4300299,80,4,5,0.125
E30,4,20,0.0,300,4300300,80,4,4,0.1
E30,4,20,0.0,301,4300301,80,8,7,0.175
E30,4,20,0.0,302,4300302,80,7,7,0.175
E30,4,20,0.0,303,4300303,80,10,10,0.25
E30,4,20,0.0,304,4300304,80,7,7,0.175
E30,4,20,0.0,305,4300305,80,6,7,0.175
E30,4,20,0.0,306,4300306,80,1,1,0.025
E30,4,20,0.0,307,4300307,80,6,5,0.125
E30,4,20,0.0,308,4300308,80,3,3,0.075
E30,4,20,0.0,309,4300309,80,7,6,0.15
E30,4,20,0.0,310,4300310,80,4,4,0.1
E30,4,20,0.0,311,4300311,80,5,4,0.1
E30,4,20,0.0,312,4300312,80,3,3,0.075
E30,4,20,0.0,313,4300313,80,5,5,0.125
E30,4,20,0.0,314,4300314,80,4,4,0.1
E30,4,20,0.0,315,4300315,80,9,8,0.2
E30,4,20,0.0,316,4300316,80,5,3,0.075
E30,4,20,0.0,317,4300317,80,8,7,0.175
E30,4,20,0.0,318,4300318,80,6,6,0.15
E30,4,20,0.0,319,4300319,80,8,7,0.175
E30,4,20,0.0,320,4300320,80,5,4,0.1
E30,4,20,0.0,321,4300321,80,6,5,0.125
E30,4,20,0.0,322,4300322,80,5,5,0.125
E30,4,20,0.0,323,4300323,80,3,3,0.075
E30,4,20,0.0,324,4300324,80,8,8,0.2
E30,4,20,0.0,325,4300325,80,5,5,0.125
E30,4,20,0.0,326,4300326,80,8,7,0.175
E30,4,20,0.0,327,4300327,80,3,3,0.075
E30,4,20,0.0,328,4300328,80,5,4,0.1
E30,4,20,0.0,329,4300329,80,9,7,0.175
E30,4,20,0.0,330,4300330,80,6,6,0.15
E30,4,20,0.0,331,4300331,80,5,6,0.15
E30,4,20,0.0,332,4300332,80,9,9,0.225
E30,4,20,0.0,333,4300333,80,6,6,0.15
E30,4,20,0.0,334,4300334,80,7,8,0.2
E30,4,20,0.0,335,4300335,80,4,4,0.1
E30,4,20,0.0,336,4300336,80,3,3,0.075
E30,4,20,0.0,337,4300337,80,6,6,0.15
E30,4,20,0.0,338,4300338,80,6,5,0.125
E30,4,20,0.0,339,4300339,80,8,7,0.175
E30,4,20,0.0,340,4300340,80,3,4,0.1
E30,4,20,0.0,341,4300341,80,5,5,0.125
E30,4,20,0.0,342,4300342,80,2,2,0.05
E30,4,20,0.0,343,4300343,80,4,3,0.075
E30,4,20,0.0,344,4300344,80,5,5,0.125
E30,4,20,0.0,345,4300345,80,2,3,0.075
E30,4,20,0.0,346,4300346,80,6,6,0.15
E30,4,20,0.0,347,4300347,80,3,3,0.075
E30,4,20,0.0,348,4300348,80,8,8,0.2
E30,4,20,0.0,349,4300349,80,2,2,0.05
E30,4,20,0.0,350,4300350,80,2,2,0.05
E30,4,20,0.0,351,4300351,80,1,1,0.025
E30,4,20,0.0,352,4300352,80,4,4,0.1
E30,4,20,0.0,353,4300353,80,5,4,0.1
E30,4,20,0.0,354,4300354,80,2,3,0.075
E30,4,20,0.0,355,4300355,80,7,6,0.15
E30,4,20,0.0,356,4300356,80,5,5,0.125
E30,4,20,0.0,357,4300357,80,2,2,0.05
E30,4,20,0.0,358,4300358,80,3,3,0.075
E30,4,20,0.0,359,4300359,80,4,4,0.1
E30,4,20,0.0,360,4300360,80,7,6,0.15
E30,4,20,0.0,361,4300361,80,2,2,0.05
E30,4,20,0.0,362,4300362,80,8,9,0.225
E30,4,20,0.0,363,4300363,80,4,3,0.075
E30,4,20,0.0,364,4300364,80,3,3,0.075
E30,4,20,0.0,365,4300365,80,7,6,0.15
E30,4,20,0.0,366,4300366,80,6,7,0.175
E30,4,20,0.0,367,4300367,80,4,4,0.1
E30,4,20,0.0,368,4300368,80,7,5,0.125
E30,4,20,0.0,369,4300369,80,4,4,0.1
E30,4,20,0.0,370,4300370,80,5,5,0.125
E30,4,20,0.0,371,4300371,80,4,4,0.1
E30,4,20,0.0,372,4300372,80,2,2,0.05
E30,4,20,0.0,373,4300373,80,2,2,0.05
E30,4,20,0.0,374,4300374,80,6,5,0.125
E30,4,20,0.0,375,4300375,80,7,6,0.15
E30,4,20,0.0,376,4300376,80,5,6,0.15
E30,4,20,0.0,377,4300377,80,4,4,0.1
E30,4,20,0.0,378,4300378,80,2,2,0.05
E30,4,20,0.0,379,4300379,80,9,9,0.225
E30,4,20,0.0,380,4300380,80,12,11,0.275
E30,4,20,0.0,381,4300381,80,7,7,0.175
E30,4,20,0.0,382,4300382,80,5,5,0.125
E30,4,20,0.0,383,4300383,80,4,4,0.1
E30,4,20,0.0,384,4300384,80,12,11,0.275
E30,4,20,0.0,385,4300385,80,7,5,0.125
E30,4,20,0.0,386,4300386,80,3,3,0.075
E30,4,20,0.0,387,4300387,80,4,4,0.1
E30,4,20,0.0,388,4300388,80,3,3,0.075
E30,4,20,0.0,389,4300389,80,5,5,0.125
E30,4,20,0.0,390,4300390,80,6,5,0.125
E30,4,20,0.0,391,4300391,80,6,5,0.125
E30,4,20,0.0,392,4300392,80,4,5,0.125
E30,4,20,0.0,393,4300393,80,7,6,0.15
E30,4,20,0.0,394,4300394,80,5,6,0.15
E30,4,20,0.0,395,4300395,80,0,0,0.0
E30,4,20,0.0,396,4300396,80,5,5,0.125
E30,4,20,0.0,397,4300397,80,7,6,0.15
E30,4,20,0.0,398,4300398,80,3,3,0.075
E30,4,20,0.0,399,4300399,80,8,8,0.2
E30,4,20,0.0,400,4300400,80,4,5,0.125
E30,4,20,0.0,401,4300401,80,3,2,0.05
E30,4,20,0.0,402,4300402,80,5,4,0.1
E30,4,20,0.0,403,4300403,80,8,7,0.175
E30,4,20,0.0,404,4300404,80,5,4,0.1
E30,4,20,0.0,405,4300405,80,4,3,0.075
E30,4,20,0.0,406,4300406,80,6,5,0.125
E30,4,20,0.0,407,4300407,80,5,3,0.075
E30,4,20,0.0,408,4300408,80,6,6,0.15
E30,4,20,0.0,409,4300409,80,3,3,0.075
E30,4,20,0.0,410,4300410,80,5,5,0.125
E30,4,20,0.0,411,4300411,80,4,3,0.075
E30,4,20,0.0,412,4300412,80,2,2,0.05
E30,4,20,0.0,413,4300413,80,3,4,0.1
E30,4,20,0.0,414,4300414,80,8,6,0.15
E30,4,20,0.0,415,4300415,80,7,6,0.15
E30,4,20,0.0,416,4300416,80,3,3,0.075
E30,4,20,0.0,417,4300417,80,6,5,0.125
E30,4,20,0.0,418,4300418,80,3,3,0.075
E30,4,20,0.0,419,4300419,80,6,8,0.2
E30,4,20,0.0,420,4300420,80,2,2,0.05
E30,4,20,0.0,421,4300421,80,9,8,0.2
E30,4,20,0.0,422,4300422,80,7,6,0.15
E30,4,20,0.0,423,4300423,80,3,3,0.075
E30,4,20,0.0,424,4300424,80,8,8,0.2
E30,4,20,0.0,425,4300425,80,9,9,0.225
E30,4,20,0.0,426,4300426,80,3,3,0.075
E30,4,20,0.0,427,4300427,80,2,2,0.05
E30,4,20,0.0,428,4300428,80,4,4,0.1
E30,4,20,0.0,429,4300429,80,9,9,0.225
E30,4,20,0.0,430,4300430,80,6,5,0.125
E30,4,20,0.0,431,4300431,80,7,7,0.175
E30,4,20,0.0,432,4300432,80,9,7,0.175
E30,4,20,0.0,433,4300433,80,8,8,0.2
E30,4,20,0.0,434,4300434,80,9,7,0.175
E30,4,20,0.0,435,4300435,80,6,7,0.175
E30,4,20,0.0,436,4300436,80,5,4,0.1
E30,4,20,0.0,437,4300437,80,4,3,0.075
E30,4,20,0.0,438,4300438,80,6,5,0.125
E30,4,20,0.0,439,4300439,80,0,0,0.0
E30,4,20,0.0,440,4300440,80,5,4,0.1
E30,4,20,0.0,441,4300441,80,4,4,0.1
E30,4,20,0.0,442,4300442,80,3,3,0.075
E30,4,20,0.0,443,4300443,80,2,2,0.05
E30,4,20,0.0,444,4300444,80,4,4,0.1
E30,4,20,0.0,445,4300445,80,6,6,0.15
E30,4,20,0.0,446,4300446,80,5,5,0.125
E30,4,20,0.0,447,4300447,80,7,6,0.15
E30,4,20,0.0,448,4300448,80,6,5,0.125
E30,4,20,0.0,449,4300449,80,2,2,0.05
E30,4,20,0.0,450,4300450,80,5,5,0.125
E30,4,20,0.0,451,4300451,80,6,5,0.125
E30,4,20,0.0,452,4300452,80,7,6,0.15
E30,4,20,0.0,453,4300453,80,4,5,0.125
E30,4,20,0.0,454,4300454,80,6,6,0.15
E30,4,20,0.0,455,4300455,80,4,3,0.075
E30,4,20,0.0,456,4300456,80,7,7,0.175
E30,4,20,0.0,457,4300457,80,8,7,0.175
E30,4,20,0.0,458,4300458,80,3,3,0.075
E30,4,20,0.0,459,4300459,80,4,3,0.075
E30,4,20,0.0,460,4300460,80,3,3,0.075
E30,4,20,0.0,461,4300461,80,4,3,0.075
E30,4,20,0.0,462,4300462,80,8,8,0.2
E30,4,20,0.0,463,4300463,80,5,4,0.1
E30,4,20,0.0,464,4300464,80,8,8,0.2
E30,4,20,0.0,465,4300465,80,6,7,0.175
E30,4,20,0.0,466,4300466,80,5,5,0.125
E30,4,20,0.0,467,4300467,80,4,4,0.1
E30,4,20,0.0,468,4300468,80,7,8,0.2
E30,4,20,0.0,469,4300469,80,4,4,0.1
E30,4,20,0.0,470,4300470,80,4,3,0.075
E30,4,20,0.0,471,4300471,80,5,5,0.125
E30,4,20,0.0,472,4300472,80,3,2,0.05
E30,4,20,0.0,473,4300473,80,7,5,0.125
E30,4,20,0.0,474,4300474,80,3,3,0.075
E30,4,20,0.0,475,4300475,80,5,5,0.125
E30,4,20,0.0,476,4300476,80,6,6,0.15
E30,4,20,0.0,477,4300477,80,5,4,0.1
E30,4,20,0.0,478,4300478,80,5,5,0.125
E30,4,20,0.0,479,4300479,80,8,7,0.175
E30,4,20,0.0,480,4300480,80,1,2,0.05
E30,4,20,0.0,481,4300481,80,5,5,0.125
E30,4,20,0.0,482,4300482,80,2,2,0.05
E30,4,20,0.0,483,4300483,80,3,3,0.075
E30,4,20,0.0,484,4300484,80,3,3,0.075
E30,4,20,0.0,485,4300485,80,6,5,0.125
E30,4,20,0.0,486,4300486,80,7,6,0.15
E30,4,20,0.0,487,4300487,80,5,6,0.15
E30,4,20,0.0,488,4300488,80,8,6,0.15
E30,4,20,0.0,489,4300489,80,3,3,0.075
E30,4,20,0.0,490,4300490,80,9,9,0.225
E30,4,20,0.0,491,4300491,80,5,5,0.125
E30,4,20,0.0,492,4300492,80,4,4,0.1
E30,4,20,0.0,493,4300493,80,3,3,0.075
E30,4,20,0.0,494,4300494,80,5,4,0.1
E30,4,20,0.0,495,4300495,80,0,0,0.0
E30,4,20,0.0,496,4300496,80,3,3,0.075
E30,4,20,0.0,497,4300497,80,4,4,0.1
E30,4,20,0.0,498,4300498,80,6,5,0.125
E30,4,20,0.0,499,4300499,80,6,5,0.125
E30,4,20,0.3,0,5300000,80,5,5,0.125
E30,4,20,0.3,1,5300001,80,2,3,0.075
E30,4,20,0.3,2,5300002,80,3,3,0.075
E30,4,20,0.3,3,5300003,80,5,5,0.125
E30,4,20,0.3,4,5300004,80,4,5,0.125
E30,4,20,0.3,5,5300005,80,1,1,0.025
E30,4,20,0.3,6,5300006,80,1,1,0.025
E30,4,20,0.3,7,5300007,80,2,2,0.05
E30,4,20,0.3,8,5300008,80,5,7,0.175
E30,4,20,0.3,9,5300009,80,3,4,0.1
E30,4,20,0.3,10,5300010,80,2,2,0.05
E30,4,20,0.3,11,5300011,80,5,5,0.125
E30,4,20,0.3,12,5300012,80,1,2,0.05
E30,4,20,0.3,13,5300013,80,3,4,0.1
E30,4,20,0.3,14,5300014,80,5,6,0.15
E30,4,20,0.3,15,5300015,80,1,1,0.025
E30,4,20,0.3,16,5300016,80,2,3,0.075
E30,4,20,0.3,17,5300017,80,2,2,0.05
E30,4,20,0.3,18,5300018,80,6,8,0.2
E30,4,20,0.3,19,5300019,80,3,4,0.1
E30,4,20,0.3,20,5300020,80,3,3,0.075
E30,4,20,0.3,21,5300021,80,3,5,0.125
E30,4,20,0.3,22,5300022,80,2,3,0.075
E30,4,20,0.3,23,5300023,80,2,2,0.05
E30,4,20,0.3,24,5300024,80,5,5,0.125
E30,4,20,0.3,25,5300025,80,5,6,0.15
E30,4,20,0.3,26,5300026,80,1,1,0.025
E30,4,20,0.3,27,5300027,80,2,2,0.05
E30,4,20,0.3,28,5300028,80,1,1,0.025
E30,4,20,0.3,29,5300029,80,2,3,0.075
E30,4,20,0.3,30,5300030,80,5,5,0.125
E30,4,20,0.3,31,5300031,80,3,4,0.1
E30,4,20,0.3,32,5300032,80,3,4,0.1
E30,4,20,0.3,33,5300033,80,4,4,0.1
E30,4,20,0.3,34,5300034,80,0,0,0.0
E30,4,20,0.3,35,5300035,80,3,3,0.075
E30,4,20,0.3,36,5300036,80,3,3,0.075
E30,4,20,0.3,37,5300037,80,5,4,0.1
E30,4,20,0.3,38,5300038,80,4,6,0.15
E30,4,20,0.3,39,5300039,80,2,2,0.05
E30,4,20,0.3,40,5300040,80,3,4,0.1
E30,4,20,0.3,41,5300041,80,2,3,0.075
E30,4,20,0.3,42,5300042,80,3,4,0.1
E30,4,20,0.3,43,5300043,80,2,3,0.075
E30,4,20,0.3,44,5300044,80,4,4,0.1
E30,4,20,0.3,45,5300045,80,3,5,0.125
E30,4,20,0.3,46,5300046,80,3,3,0.075
E30,4,20,0.3,47,5300047,80,5,6,0.15
E30,4,20,0.3,48,5300048,80,3,4,0.1
E30,4,20,0.3,49,5300049,80,5,7,0.175
E30,4,20,0.3,50,5300050,80,3,3,0.075
E30,4,20,0.3,51,5300051,80,1,2,0.05
E30,4,20,0.3,52,5300052,80,0,0,0.0
E30,4,20,0.3,53,5300053,80,2,3,0.075
E30,4,20,0.3,54,5300054,80,3,2,0.05
E30,4,20,0.3,55,5300055,80,5,5,0.125
E30,4,20,0.3,56,5300056,80,2,2,0.05
E30,4,20,0.3,57,5300057,80,1,1,0.025
E30,4,20,0.3,58,5300058,80,3,4,0.1
E30,4,20,0.3,59,5300059,80,3,4,0.1
E30,4,20,0.3,60,5300060,80,3,4,0.1
E30,4,20,0.3,61,5300061,80,2,3,0.075
E30,4,20,0.3,62,5300062,80,1,2,0.05
E30,4,20,0.3,63,5300063,80,1,1,0.025
E30,4,20,0.3,64,5300064,80,2,3,0.075
E30,4,20,0.3,65,5300065,80,1,1,0.025
E30,4,20,0.3,66,5300066,80,4,4,0.1
E30,4,20,0.3,67,5300067,80,6,7,0.175
E30,4,20,0.3,68,5300068,80,1,1,0.025
E30,4,20,0.3,69,5300069,80,3,3,0.075
E30,4,20,0.3,70,5300070,80,2,3,0.075
E30,4,20,0.3,71,5300071,80,0,0,0.0
E30,4,20,0.3,72,5300072,80,2,2,0.05
E30,4,20,0.3,73,5300073,80,4,6,0.15
E30,4,20,0.3,74,5300074,80,7,8,0.2
E30,4,20,0.3,75,5300075,80,0,0,0.0
E30,4,20,0.3,76,5300076,80,1,1,0.025
E30,4,20,0.3,77,5300077,80,3,2,0.05
E30,4,20,0.3,78,5300078,80,5,7,0.175
E30,4,20,0.3,79,5300079,80,2,2,0.05
E30,4,20,0.3,80,5300080,80,5,7,0.175
E30,4,20,0.3,81,5300081,80,5,9,0.225
E30,4,20,0.3,82,5300082,80,2,2,0.05
E30,4,20,0.3,83,5300083,80,2,3,0.075
E30,4,20,0.3,84,5300084,80,4,6,0.15
E30,4,20,0.3,85,5300085,80,2,4,0.1
E30,4,20,0.3,86,5300086,80,5,6,0.15
E30,4,20,0.3,87,5300087,80,1,1,0.025
E30,4,20,0.3,88,5300088,80,3,5,0.125
E30,4,20,0.3,89,5300089,80,5,6,0.15
E30,4,20,0.3,90,5300090,80,3,4,0.1
E30,4,20,0.3,91,5300091,80,4,6,0.15
E30,4,20,0.3,92,5300092,80,5,7,0.175
E30,4,20,0.3,93,5300093,80,4,5,0.125
E30,4,20,0.3,94,5300094,80,3,3,0.075
E30,4,20,0.3,95,5300095,80,3,5,0.125
E30,4,20,0.3,96,5300096,80,2,4,0.1
E30,4,20,0.3,97,5300097,80,1,1,0.025
E30,4,20,0.3,98,5300098,80,4,4,0.1
E30,4,20,0.3,99,5300099,80,2,2,0.05
E30,4,20,0.3,100,5300100,80,2,2,0.05
E30,4,20,0.3,101,5300101,80,5,6,0.15
E30,4,20,0.3,102,5300102,80,6,7,0.175
E30,4,20,0.3,103,5300103,80,0,0,0.0
E30,4,20,0.3,104,5300104,80,3,4,0.1
E30,4,20,0.3,105,5300105,80,1,1,0.025
E30,4,20,0.3,106,5300106,80,1,1,0.025
E30,4,20,0.3,107,5300107,80,3,3,0.075
E30,4,20,0.3,108,5300108,80,4,3,0.075
E30,4,20,0.3,109,5300109,80,2,4,0.1
E30,4,20,0.3,110,5300110,80,1,1,0.025
E30,4,20,0.3,111,5300111,80,6,7,0.175
E30,4,20,0.3,112,5300112,80,3,4,0.1
E30,4,20,0.3,113,5300113,80,4,3,0.075
E30,4,20,0.3,114,5300114,80,3,2,0.05
E30,4,20,0.3,115,5300115,80,1,1,0.025
E30,4,20,0.3,116,5300116,80,3,3,0.075
E30,4,20,0.3,117,5300117,80,3,2,0.05
E30,4,20,0.3,118,5300118,80,2,2,0.05
E30,4,20,0.3,119,5300119,80,1,1,0.025
E30,4,20,0.3,120,5300120,80,3,3,0.075
E30,4,20,0.3,121,5300121,80,3,3,0.075
E30,4,20,0.3,122,5300122,80,2,2,0.05
E30,4,20,0.3,123,5300123,80,5,5,0.125
E30,4,20,0.3,124,5300124,80,2,2,0.05
E30,4,20,0.3,125,5300125,80,0,0,0.0
E30,4,20,0.3,126,5300126,80,3,3,0.075
E30,4,20,0.3,127,5300127,80,3,4,0.1
E30,4,20,0.3,128,5300128,80,4,3,0.075
E30,4,20,0.3,129,5300129,80,4,6,0.15
E30,4,20,0.3,130,5300130,80,1,1,0.025
E30,4,20,0.3,131,5300131,80,7,7,0.175
E30,4,20,0.3,132,5300132,80,4,3,0.075
E30,4,20,0.3,133,5300133,80,3,3,0.075
E30,4,20,0.3,134,5300134,80,3,2,0.05
E30,4,20,0.3,135,5300135,80,4,3,0.075
E30,4,20,0.3,136,5300136,80,5,5,0.125
E30,4,20,0.3,137,5300137,80,1,1,0.025
E30,4,20,0.3,138,5300138,80,2,2,0.05
E30,4,20,0.3,139,5300139,80,5,6,0.15
E30,4,20,0.3,140,5300140,80,2,2,0.05
E30,4,20,0.3,141,5300141,80,3,3,0.075
E30,4,20,0.3,142,5300142,80,1,1,0.025
E30,4,20,0.3,143,5300143,80,4,4,0.1
E30,4,20,0.3,144,5300144,80,4,3,0.075
E30,4,20,0.3,145,5300145,80,4,5,0.125
E30,4,20,0.3,146,5300146,80,0,0,0.0
E30,4,20,0.3,147,5300147,80,5,4,0.1
E30,4,20,0.3,148,5300148,80,3,3,0.075
E30,4,20,0.3,149,5300149,80,4,4,0.1
E30,4,20,0.3,150,5300150,80,1,1,0.025
E30,4,20,0.3,151,5300151,80,6,7,0.175
E30,4,20,0.3,152,5300152,80,3,4,0.1
E30,4,20,0.3,153,5300153,80,4,4,0.1
E30,4,20,0.3,154,5300154,80,5,6,0.15
E30,4,20,0.3,155,5300155,80,8,8,0.2
E30,4,20,0.3,156,5300156,80,1,1,0.025
E30,4,20,0.3,157,5300157,80,3,2,0.05
E30,4,20,0.3,158,5300158,80,3,6,0.15
E30,4,20,0.3,159,5300159,80,0,0,0.0
E30,4,20,0.3,160,5300160,80,4,6,0.15
E30,4,20,0.3,161,5300161,80,4,4,0.1
E30,4,20,0.3,162,5300162,80,7,8,0.2
E30,4,20,0.3,163,5300163,80,3,3,0.075
E30,4,20,0.3,164,5300164,80,4,3,0.075
E30,4,20,0.3,165,5300165,80,3,4,0.1
E30,4,20,0.3,166,5300166,80,7,8,0.2
E30,4,20,0.3,167,5300167,80,3,5,0.125
E30,4,20,0.3,168,5300168,80,4,3,0.075
E30,4,20,0.3,169,5300169,80,3,5,0.125
E30,4,20,0.3,170,5300170,80,4,5,0.125
E30,4,20,0.3,171,5300171,80,1,1,0.025
E30,4,20,0.3,172,5300172,80,5,8,0.2
E30,4,20,0.3,173,5300173,80,1,1,0.025
E30,4,20,0.3,174,5300174,80,0,0,0.0
E30,4,20,0.3,175,5300175,80,4,5,0.125
E30,4,20,0.3,176,5300176,80,1,1,0.025
E30,4,20,0.3,177,5300177,80,2,2,0.05
E30,4,20,0.3,178,5300178,80,1,1,0.025
E30,4,20,0.3,179,5300179,80,1,2,0.05
E30,4,20,0.3,180,5300180,80,4,6,0.15
E30,4,20,0.3,181,5300181,80,6,9,0.225
E30,4,20,0.3,182,5300182,80,1,2,0.05
E30,4,20,0.3,183,5300183,80,5,5,0.125
E30,4,20,0.3,184,5300184,80,2,3,0.075
E30,4,20,0.3,185,5300185,80,3,4,0.1
E30,4,20,0.3,186,5300186,80,1,1,0.025
E30,4,20,0.3,187,5300187,80,3,4,0.1
E30,4,20,0.3,188,5300188,80,5,8,0.2
E30,4,20,0.3,189,5300189,80,1,1,0.025
E30,4,20,0.3,190,5300190,80,6,5,0.125
E30,4,20,0.3,191,5300191,80,4,6,0.15
E30,4,20,0.3,192,5300192,80,4,3,0.075
E30,4,20,0.3,193,5300193,80,3,3,0.075
E30,4,20,0.3,194,5300194,80,4,3,0.075
E30,4,20,0.3,195,5300195,80,6,8,0.2
E30,4,20,0.3,196,5300196,80,0,0,0.0
E30,4,20,0.3,197,5300197,80,0,0,0.0
E30,4,20,0.3,198,5300198,80,4,5,0.125
E30,4,20,0.3,199,5300199,80,1,2,0.05
E30,4,20,0.3,200,5300200,80,2,2,0.05
E30,4,20,0.3,201,5300201,80,2,3,0.075
E30,4,20,0.3,202,5300202,80,2,2,0.05
E30,4,20,0.3,203,5300203,80,7,11,0.275
E30,4,20,0.3,204,5300204,80,1,1,0.025
E30,4,20,0.3,205,5300205,80,2,3,0.075
E30,4,20,0.3,206,5300206,80,2,2,0.05
E30,4,20,0.3,207,5300207,80,2,2,0.05
E30,4,20,0.3,208,5300208,80,6,6,0.15
E30,4,20,0.3,209,5300209,80,2,2,0.05
E30,4,20,0.3,210,5300210,80,5,4,0.1
E30,4,20,0.3,211,5300211,80,7,9,0.225
E30,4,20,0.3,212,5300212,80,1,1,0.025
E30,4,20,0.3,213,5300213,80,1,1,0.025
E30,4,20,0.3,214,5300214,80,3,4,0.1
E30,4,20,0.3,215,5300215,80,4,6,0.15
E30,4,20,0.3,216,5300216,80,3,4,0.1
E30,4,20,0.3,217,5300217,80,2,2,0.05
E30,4,20,0.3,218,5300218,80,1,1,0.025
E30,4,20,0.3,219,5300219,80,6,6,0.15
E30,4,20,0.3,220,5300220,80,2,2,0.05
E30,4,20,0.3,221,5300221,80,3,6,0.15
E30,4,20,0.3,222,5300222,80,2,2,0.05
E30,4,20,0.3,223,5300223,80,5,5,0.125
E30,4,20,0.3,224,5300224,80,2,2,0.05
E30,4,20,0.3,225,5300225,80,4,4,0.1
E30,4,20,0.3,226,5300226,80,2,2,0.05
E30,4,20,0.3,227,5300227,80,7,8,0.2
E30,4,20,0.3,228,5300228,80,4,6,0.15
E30,4,20,0.3,229,5300229,80,3,4,0.1
E30,4,20,0.3,230,5300230,80,2,2,0.05
E30,4,20,0.3,231,5300231,80,1,1,0.025
E30,4,20,0.3,232,5300232,80,1,2,0.05
E30,4,20,0.3,233,5300233,80,3,4,0.1
E30,4,20,0.3,234,5300234,80,4,4,0.1
E30,4,20,0.3,235,5300235,80,4,3,0.075
E30,4,20,0.3,236,5300236,80,2,3,0.075
E30,4,20,0.3,237,5300237,80,2,2,0.05
E30,4,20,0.3,238,5300238,80,2,2,0.05
E30,4,20,0.3,239,5300239,80,5,7,0.175
E30,4,20,0.3,240,5300240,80,1,1,0.025
E30,4,20,0.3,241,5300241,80,5,5,0.125
E30,4,20,0.3,242,5300242,80,4,4,0.1
E30,4,20,0.3,243,5300243,80,2,3,0.075
E30,4,20,0.3,244,5300244,80,1,1,0.025
E30,4,20,0.3,245,5300245,80,4,6,0.15
E30,4,20,0.3,246,5300246,80,2,3,0.075
E30,4,20,0.3,247,5300247,80,2,3,0.075
E30,4,20,0.3,248,5300248,80,4,5,0.125
E30,4,20,0.3,249,5300249,80,3,3,0.075
E30,4,20,0.3,250,5300250,80,3,2,0.05
E30,4,20,0.3,251,5300251,80,1,1,0.025
E30,4,20,0.3,252,5300252,80,2,2,0.05
E30,4,20,0.3,253,5300253,80,1,1,0.025
E30,4,20,0.3,254,5300254,80,0,0,0.0
E30,4,20,0.3,255,5300255,80,4,4,0.1
E30,4,20,0.3,256,5300256,80,2,3,0.075
E30,4,20,0.3,257,5300257,80,3,3,0.075
E30,4,20,0.3,258,5300258,80,2,2,0.05
E30,4,20,0.3,259,5300259,80,5,7,0.175
E30,4,20,0.3,260,5300260,80,2,2,0.05
E30,4,20,0.3,261,5300261,80,1,1,0.025
E30,4,20,0.3,262,5300262,80,5,6,0.15
E30,4,20,0.3,263,5300263,80,3,3,0.075
E30,4,20,0.3,264,5300264,80,4,5,0.125
E30,4,20,0.3,265,5300265,80,2,2,0.05
E30,4,20,0.3,266,5300266,80,6,8,0.2
E30,4,20,0.3,267,5300267,80,2,3,0.075
E30,4,20,0.3,268,5300268,80,1,1,0.025
E30,4,20,0.3,269,5300269,80,1,1,0.025
E30,4,20,0.3,270,5300270,80,2,2,0.05
E30,4,20,0.3,271,5300271,80,5,5,0.125
E30,4,20,0.3,272,5300272,80,6,6,0.15
E30,4,20,0.3,273,5300273,80,4,3,0.075
E30,4,20,0.3,274,5300274,80,1,1,0.025
E30,4,20,0.3,275,5300275,80,3,5,0.125
E30,4,20,0.3,276,5300276,80,5,6,0.15
E30,4,20,0.3,277,5300277,80,1,2,0.05
E30,4,20,0.3,278,5300278,80,0,0,0.0
E30,4,20,0.3,279,5300279,80,6,6,0.15
E30,4,20,0.3,280,5300280,80,3,4,0.1
E30,4,20,0.3,281,5300281,80,2,2,0.05
E30,4,20,0.3,282,5300282,80,6,8,0.2
E30,4,20,0.3,283,5300283,80,5,4,0.1
E30,4,20,0.3,284,5300284,80,4,5,0.125
E30,4,20,0.3,285,5300285,80,3,3,0.075
E30,4,20,0.3,286,5300286,80,7,10,0.25
E30,4,20,0.3,287,5300287,80,4,4,0.1
E30,4,20,0.3,288,5300288,80,1,2,0.05
E30,4,20,0.3,289,5300289,80,3,4,0.1
E30,4,20,0.3,290,5300290,80,0,0,0.0
E30,4,20,0.3,291,5300291,80,6,6,0.15
E30,4,20,0.3,292,5300292,80,4,4,0.1
E30,4,20,0.3,293,5300293,80,3,3,0.075
E30,4,20,0.3,294,5300294,80,7,10,0.25
E30,4,20,0.3,295,5300295,80,3,3,0.075
E30,4,20,0.3,296,5300296,80,3,4,0.1
E30,4,20,0.3,297,5300297,80,4,4,0.1
E30,4,20,0.3,298,5300298,80,1,2,0.05
E30,4,20,0.3,299,5300299,80,2,3,0.075
E30,4,20,0.3,300,5300300,80,3,3,0.075
E30,4,20,0.3,301,5300301,80,1,1,0.025
E30,4,20,0.3,302,5300302,80,3,3,0.075
E30,4,20,0.3,303,5300303,80,5,6,0.15
E30,4,20,0.3,304,5300304,80,4,5,0.125
E30,4,20,0.3,305,5300305,80,3,2,0.05
E30,4,20,0.3,306,5300306,80,1,1,0.025
E30,4,20,0.3,307,5300307,80,6,5,0.125
E30,4,20,0.3,308,5300308,80,6,6,0.15
E30,4,20,0.3,309,5300309,80,5,7,0.175
E30,4,20,0.3,310,5300310,80,3,3,0.075
E30,4,20,0.3,311,5300311,80,1,1,0.025
E30,4,20,0.3,312,5300312,80,2,2,0.05
E30,4,20,0.3,313,5300313,80,3,3,0.075
E30,4,20,0.3,314,5300314,80,1,1,0.025
E30,4,20,0.3,315,5300315,80,5,6,0.15
E30,4,20,0.3,316,5300316,80,5,5,0.125
E30,4,20,0.3,317,5300317,80,3,3,0.075
E30,4,20,0.3,318,5300318,80,1,2,0.05
E30,4,20,0.3,319,5300319,80,3,4,0.1
E30,4,20,0.3,320,5300320,80,3,3,0.075
E30,4,20,0.3,321,5300321,80,3,6,0.15
E30,4,20,0.3,322,5300322,80,2,2,0.05
E30,4,20,0.3,323,5300323,80,2,3,0.075
E30,4,20,0.3,324,5300324,80,3,2,0.05
E30,4,20,0.3,325,5300325,80,2,2,0.05
E30,4,20,0.3,326,5300326,80,4,4,0.1
E30,4,20,0.3,327,5300327,80,2,2,0.05
E30,4,20,0.3,328,5300328,80,1,1,0.025
E30,4,20,0.3,329,5300329,80,4,4,0.1
E30,4,20,0.3,330,5300330,80,3,4,0.1
E30,4,20,0.3,331,5300331,80,2,2,0.05
E30,4,20,0.3,332,5300332,80,5,5,0.125
E30,4,20,0.3,333,5300333,80,2,2,0.05
E30,4,20,0.3,334,5300334,80,1,1,0.025
E30,4,20,0.3,335,5300335,80,1,2,0.05
E30,4,20,0.3,336,5300336,80,1,1,0.025
E30,4,20,0.3,337,5300337,80,5,6,0.15
E30,4,20,0.3,338,5300338,80,6,9,0.225
E30,4,20,0.3,339,5300339,80,2,5,0.125
E30,4,20,0.3,340,5300340,80,2,2,0.05
E30,4,20,0.3,341,5300341,80,3,2,0.05
E30,4,20,0.3,342,5300342,80,2,3,0.075
E30,4,20,0.3,343,5300343,80,4,5,0.125
E30,4,20,0.3,344,5300344,80,4,6,0.15
E30,4,20,0.3,345,5300345,80,4,5,0.125
E30,4,20,0.3,346,5300346,80,3,2,0.05
E30,4,20,0.3,347,5300347,80,4,4,0.1
E30,4,20,0.3,348,5300348,80,3,3,0.075
E30,4,20,0.3,349,5300349,80,5,5,0.125
E30,4,20,0.3,350,5300350,80,1,1,0.025
E30,4,20,0.3,351,5300351,80,4,7,0.175
E30,4,20,0.3,352,5300352,80,4,4,0.1
E30,4,20,0.3,353,5300353,80,4,4,0.1
E30,4,20,0.3,354,5300354,80,2,2,0.05
E30,4,20,0.3,355,5300355,80,6,6,0.15
E30,4,20,0.3,356,5300356,80,0,0,0.0
E30,4,20,0.3,357,5300357,80,2,2,0.05
E30,4,20,0.3,358,5300358,80,4,4,0.1
E30,4,20,0.3,359,5300359,80,8,8,0.2
E30,4,20,0.3,360,5300360,80,3,4,0.1
E30,4,20,0.3,361,5300361,80,1,1,0.025
E30,4,20,0.3,362,5300362,80,2,2,0.05
E30,4,20,0.3,363,5300363,80,6,7,0.175
E30,4,20,0.3,364,5300364,80,5,6,0.15
E30,4,20,0.3,365,5300365,80,4,6,0.15
E30,4,20,0.3,366,5300366,80,3,4,0.1
E30,4,20,0.3,367,5300367,80,2,2,0.05
E30,4,20,0.3,368,5300368,80,1,2,0.05
E30,4,20,0.3,369,5300369,80,1,1,0.025
E30,4,20,0.3,370,5300370,80,2,3,0.075
E30,4,20,0.3,371,5300371,80,5,8,0.2
E30,4,20,0.3,372,5300372,80,6,7,0.175
E30,4,20,0.3,373,5300373,80,3,4,0.1
E30,4,20,0.3,374,5300374,80,4,3,0.075
E30,4,20,0.3,375,5300375,80,3,5,0.125
E30,4,20,0.3,376,5300376,80,1,2,0.05
E30,4,20,0.3,377,5300377,80,4,3,0.075
E30,4,20,0.3,378,5300378,80,0,0,0.0
E30,4,20,0.3,379,5300379,80,6,8,0.2
E30,4,20,0.3,380,5300380,80,3,3,0.075
E30,4,20,0.3,381,5300381,80,0,0,0.0
E30,4,20,0.3,382,5300382,80,3,2,0.05
E30,4,20,0.3,383,5300383,80,2,3,0.075
E30,4,20,0.3,384,5300384,80,1,1,0.025
E30,4,20,0.3,385,5300385,80,6,8,0.2
E30,4,20,0.3,386,5300386,80,6,8,0.2
E30,4,20,0.3,387,5300387,80,1,1,0.025
E30,4,20,0.3,388,5300388,80,3,4,0.1
E30,4,20,0.3,389,5300389,80,0,0,0.0
E30,4,20,0.3,390,5300390,80,3,3,0.075
E30,4,20,0.3,391,5300391,80,3,2,0.05
E30,4,20,0.3,392,5300392,80,2,2,0.05
E30,4,20,0.3,393,5300393,80,3,3,0.075
E30,4,20,0.3,394,5300394,80,2,3,0.075
E30,4,20,0.3,395,5300395,80,3,3,0.075
E30,4,20,0.3,396,5300396,80,3,4,0.1
E30,4,20,0.3,397,5300397,80,1,2,0.05
E30,4,20,0.3,398,5300398,80,2,2,0.05
E30,4,20,0.3,399,5300399,80,2,2,0.05
E30,4,20,0.3,400,5300400,80,6,8,0.2
E30,4,20,0.3,401,5300401,80,5,6,0.15
E30,4,20,0.3,402,5300402,80,4,5,0.125
E30,4,20,0.3,403,5300403,80,1,1,0.025
E30,4,20,0.3,404,5300404,80,0,0,0.0
E30,4,20,0.3,405,5300405,80,4,6,0.15
E30,4,20,0.3,406,5300406,80,0,0,0.0
E30,4,20,0.3,407,5300407,80,1,1,0.025
E30,4,20,0.3,408,5300408,80,0,0,0.0
E30,4,20,0.3,409,5300409,80,3,4,0.1
E30,4,20,0.3,410,5300410,80,7,7,0.175
E30,4,20,0.3,411,5300411,80,1,1,0.025
E30,4,20,0.3,412,5300412,80,7,7,0.175
E30,4,20,0.3,413,5300413,80,4,4,0.1
E30,4,20,0.3,414,5300414,80,4,6,0.15
E30,4,20,0.3,415,5300415,80,4,5,0.125
E30,4,20,0.3,416,5300416,80,5,4,0.1
E30,4,20,0.3,417,5300417,80,1,2,0.05
E30,4,20,0.3,418,5300418,80,2,3,0.075
E30,4,20,0.3,419,5300419,80,1,1,0.025
E30,4,20,0.3,420,5300420,80,2,2,0.05
E30,4,20,0.3,421,5300421,80,5,7,0.175
E30,4,20,0.3,422,5300422,80,3,5,0.125
E30,4,20,0.3,423,5300423,80,5,3,0.075
E30,4,20,0.3,424,5300424,80,0,0,0.0
E30,4,20,0.3,425,5300425,80,2,4,0.1
E30,4,20,0.3,426,5300426,80,3,6,0.15
E30,4,20,0.3,427,5300427,80,7,9,0.225
E30,4,20,0.3,428,5300428,80,3,3,0.075
E30,4,20,0.3,429,5300429,80,1,1,0.025
E30,4,20,0.3,430,5300430,80,8,10,0.25
E30,4,20,0.3,431,5300431,80,2,2,0.05
E30,4,20,0.3,432,5300432,80,4,5,0.125
E30,4,20,0.3,433,5300433,80,3,4,0.1
E30,4,20,0.3,434,5300434,80,4,4,0.1
E30,4,20,0.3,435,5300435,80,2,2,0.05
E30,4,20,0.3,436,5300436,80,2,2,0.05
E30,4,20,0.3,437,5300437,80,1,1,0.025
E30,4,20,0.3,438,5300438,80,0,0,0.0
E30,4,20,0.3,439,5300439,80,3,3,0.075
E30,4,20,0.3,440,5300440,80,5,6,0.15
E30,4,20,0.3,441,5300441,80,2,2,0.05
E30,4,20,0.3,442,5300442,80,0,0,0.0
E30,4,20,0.3,443,5300443,80,1,1,0.025
E30,4,20,0.3,444,5300444,80,4,5,0.125
E30,4,20,0.3,445,5300445,80,2,2,0.05
E30,4,20,0.3,446,5300446,80,6,7,0.175
E30,4,20,0.3,447,5300447,80,3,4,0.1
E30,4,20,0.3,448,5300448,80,4,3,0.075
E30,4,20,0.3,449,5300449,80,3,4,0.1
E30,4,20,0.3,450,5300450,80,3,3,0.075
E30,4,20,0.3,451,5300451,80,2,2,0.05
E30,4,20,0.3,452,5300452,80,2,3,0.075
E30,4,20,0.3,453,5300453,80,4,5,0.125
E30,4,20,0.3,454,5300454,80,4,5,0.125
E30,4,20,0.3,455,5300455,80,2,1,0.025
E30,4,20,0.3,456,5300456,80,2,2,0.05
E30,4,20,0.3,457,5300457,80,5,4,0.1
E30,4,20,0.3,458,5300458,80,5,9,0.225
E30,4,20,0.3,459,5300459,80,3,3,0.075
E30,4,20,0.3,460,5300460,80,0,0,0.0
E30,4,20,0.3,461,5300461,80,0,0,0.0
E30,4,20,0.3,462,5300462,80,3,3,0.075
E30,4,20,0.3,463,5300463,80,5,6,0.15
E30,4,20,0.3,464,5300464,80,2,2,0.05
E30,4,20,0.3,465,5300465,80,2,2,0.05
E30,4,20,0.3,466,5300466,80,4,4,0.1
E30,4,20,0.3,467,5300467,80,2,4,0.1
E30,4,20,0.3,468,5300468,80,5,6,0.15
E30,4,20,0.3,469,5300469,80,3,8,0.2
E30,4,20,0.3,470,5300470,80,2,2,0.05
E30,4,20,0.3,471,5300471,80,2,2,0.05
E30,4,20,0.3,472,5300472,80,1,1,0.025
E30,4,20,0.3,473,5300473,80,2,2,0.05
E30,4,20,0.3,474,5300474,80,6,6,0.15
E30,4,20,0.3,475,5300475,80,7,7,0.175
E30,4,20,0.3,476,5300476,80,3,6,0.15
E30,4,20,0.3,477,5300477,80,0,0,0.0
E30,4,20,0.3,478,5300478,80,5,5,0.125
E30,4,20,0.3,479,5300479,80,7,8,0.2
E30,4,20,0.3,480,5300480,80,2,3,0.075
E30,4,20,0.3,481,5300481,80,3,4,0.1
E30,4,20,0.3,482,5300482,80,2,2,0.05
E30,4,20,0.3,483,5300483,80,3,3,0.075
E30,4,20,0.3,484,5300484,80,2,3,0.075
E30,4,20,0.3,485,5300485,80,2,3,0.075
E30,4,20,0.3,486,5300486,80,0,0,0.0
E30,4,20,0.3,487,5300487,80,3,5,0.125
E30,4,20,0.3,488,5300488,80,4,4,0.1
E30,4,20,0.3,489,5300489,80,3,4,0.1
E30,4,20,0.3,490,5300490,80,3,3,0.075
E30,4,20,0.3,491,5300491,80,0,0,0.0
E30,4,20,0.3,492,5300492,80,2,2,0.05
E30,4,20,0.3,493,5300493,80,3,5,0.125
E30,4,20,0.3,494,5300494,80,1,1,0.025
E30,4,20,0.3,495,5300495,80,1,1,0.025
E30,4,20,0.3,496,5300496,80,6,6,0.15
E30,4,20,0.3,497,5300497,80,3,3,0.075
E30,4,20,0.3,498,5300498,80,2,2,0.05
E30,4,20,0.3,499,5300499,80,4,9,0.225
E30,4,20,0.6,0,6300000,80,2,4,0.1
E30,4,20,0.6,1,6300001,80,4,7,0.175
E30,4,20,0.6,2,6300002,80,5,9,0.225
E30,4,20,0.6,3,6300003,80,4,9,0.225
E30,4,20,0.6,4,6300004,80,3,7,0.175
E30,4,20,0.6,5,6300005,80,2,3,0.075
E30,4,20,0.6,6,6300006,80,2,4,0.1
E30,4,20,0.6,7,6300007,80,2,4,0.1
E30,4,20,0.6,8,6300008,80,3,6,0.15
E30,4,20,0.6,9,6300009,80,4,8,0.2
E30,4,20,0.6,10,6300010,80,3,5,0.125
E30,4,20,0.6,11,6300011,80,3,5,0.125
E30,4,20,0.6,12,6300012,80,3,5,0.125
E30,4,20,0.6,13,6300013,80,4,7,0.175
E30,4,20,0.6,14,6300014,80,6,11,0.275
E30,4,20,0.6,15,6300015,80,7,9,0.225
E30,4,20,0.6,16,6300016,80,4,6,0.15
E30,4,20,0.6,17,6300017,80,2,2,0.05
E30,4,20,0.6,18,6300018,80,2,3,0.075
E30,4,20,0.6,19,6300019,80,4,6,0.15
E30,4,20,0.6,20,6300020,80,0,0,0.0
E30,4,20,0.6,21,6300021,80,1,2,0.05
E30,4,20,0.6,22,6300022,80,5,7,0.175
E30,4,20,0.6,23,6300023,80,2,3,0.075
E30,4,20,0.6,24,6300024,80,2,4,0.1
E30,4,20,0.6,25,6300025,80,4,6,0.15
E30,4,20,0.6,26,6300026,80,7,10,0.25
E30,4,20,0.6,27,6300027,80,0,0,0.0
E30,4,20,0.6,28,6300028,80,4,5,0.125
E30,4,20,0.6,29,6300029,80,4,8,0.2
E30,4,20,0.6,30,6300030,80,3,6,0.15
E30,4,20,0.6,31,6300031,80,4,7,0.175
E30,4,20,0.6,32,6300032,80,1,2,0.05
E30,4,20,0.6,33,6300033,80,4,6,0.15
E30,4,20,0.6,34,6300034,80,3,6,0.15
E30,4,20,0.6,35,6300035,80,4,6,0.15
E30,4,20,0.6,36,6300036,80,4,7,0.175
E30,4,20,0.6,37,6300037,80,2,4,0.1
E30,4,20,0.6,38,6300038,80,0,0,0.0
E30,4,20,0.6,39,6300039,80,3,6,0.15
E30,4,20,0.6,40,6300040,80,8,11,0.275
E30,4,20,0.6,41,6300041,80,5,7,0.175
E30,4,20,0.6,42,6300042,80,0,0,0.0
E30,4,20,0.6,43,6300043,80,3,7,0.175
E30,4,20,0.6,44,6300044,80,3,4,0.1
E30,4,20,0.6,45,6300045,80,2,4,0.1
E30,4,20,0.6,46,6300046,80,2,4,0.1
E30,4,20,0.6,47,6300047,80,2,2,0.05
E30,4,20,0.6,48,6300048,80,0,0,0.0
E30,4,20,0.6,49,6300049,80,3,6,0.15
E30,4,20,0.6,50,6300050,80,4,6,0.15
E30,4,20,0.6,51,6300051,80,4,9,0.225
E30,4,20,0.6,52,6300052,80,4,7,0.175
E30,4,20,0.6,53,6300053,80,4,8,0.2
E30,4,20,0.6,54,6300054,80,3,5,0.125
E30,4,20,0.6,55,6300055,80,4,5,0.125
E30,4,20,0.6,56,6300056,80,2,3,0.075
E30,4,20,0.6,57,6300057,80,4,6,0.15
E30,4,20,0.6,58,6300058,80,3,6,0.15
E30,4,20,0.6,59,6300059,80,1,2,0.05
E30,4,20,0.6,60,6300060,80,3,6,0.15
E30,4,20,0.6,61,6300061,80,1,1,0.025
E30,4,20,0.6,62,6300062,80,6,6,0.15
E30,4,20,0.6,63,6300063,80,4,5,0.125
E30,4,20,0.6,64,6300064,80,2,3,0.075
E30,4,20,0.6,65,6300065,80,5,5,0.125
E30,4,20,0.6,66,6300066,80,1,1,0.025
E30,4,20,0.6,67,6300067,80,0,0,0.0
E30,4,20,0.6,68,6300068,80,5,9,0.225
E30,4,20,0.6,69,6300069,80,4,7,0.175
E30,4,20,0.6,70,6300070,80,2,4,0.1
E30,4,20,0.6,71,6300071,80,5,5,0.125
E30,4,20,0.6,72,6300072,80,4,6,0.15
E30,4,20,0.6,73,6300073,80,0,0,0.0
E30,4,20,0.6,74,6300074,80,2,4,0.1
E30,4,20,0.6,75,6300075,80,5,9,0.225
E30,4,20,0.6,76,6300076,80,0,0,0.0
E30,4,20,0.6,77,6300077,80,1,2,0.05
E30,4,20,0.6,78,6300078,80,3,4,0.1
E30,4,20,0.6,79,6300079,80,1,2,0.05
E30,4,20,0.6,80,6300080,80,2,3,0.075
E30,4,20,0.6,81,6300081,80,0,0,0.0
E30,4,20,0.6,82,6300082,80,3,5,0.125
E30,4,20,0.6,83,6300083,80,3,5,0.125
E30,4,20,0.6,84,6300084,80,3,4,0.1
E30,4,20,0.6,85,6300085,80,2,3,0.075
E30,4,20,0.6,86,6300086,80,4,5,0.125
E30,4,20,0.6,87,6300087,80,1,1,0.025
E30,4,20,0.6,88,6300088,80,5,6,0.15
E30,4,20,0.6,89,6300089,80,2,3,0.075
E30,4,20,0.6,90,6300090,80,4,7,0.175
E30,4,20,0.6,91,6300091,80,3,3,0.075
E30,4,20,0.6,92,6300092,80,5,6,0.15
E30,4,20,0.6,93,6300093,80,3,3,0.075
E30,4,20,0.6,94,6300094,80,1,2,0.05
E30,4,20,0.6,95,6300095,80,2,3,0.075
E30,4,20,0.6,96,6300096,80,3,4,0.1
E30,4,20,0.6,97,6300097,80,5,9,0.225
E30,4,20,0.6,98,6300098,80,1,2,0.05
E30,4,20,0.6,99,6300099,80,1,2,0.05
E30,4,20,0.6,100,6300100,80,6,11,0.275
E30,4,20,0.6,101,6300101,80,3,4,0.1
E30,4,20,0.6,102,6300102,80,3,4,0.1
E30,4,20,0.6,103,6300103,80,10,15,0.375
E30,4,20,0.6,104,6300104,80,2,4,0.1
E30,4,20,0.6,105,6300105,80,0,0,0.0
E30,4,20,0.6,106,6300106,80,4,6,0.15
E30,4,20,0.6,107,6300107,80,3,6,0.15
E30,4,20,0.6,108,6300108,80,1,1,0.025
E30,4,20,0.6,109,6300109,80,2,4,0.1
E30,4,20,0.6,110,6300110,80,3,6,0.15
E30,4,20,0.6,111,6300111,80,3,4,0.1
E30,4,20,0.6,112,6300112,80,7,12,0.3
E30,4,20,0.6,113,6300113,80,4,7,0.175
E30,4,20,0.6,114,6300114,80,6,10,0.25
E30,4,20,0.6,115,6300115,80,2,2,0.05
E30,4,20,0.6,116,6300116,80,2,4,0.1
E30,4,20,0.6,117,6300117,80,5,9,0.225
E30,4,20,0.6,118,6300118,80,5,6,0.15
E30,4,20,0.6,119,6300119,80,7,8,0.2
E30,4,20,0.6,120,6300120,80,1,1,0.025
E30,4,20,0.6,121,6300121,80,8,13,0.325
E30,4,20,0.6,122,6300122,80,6,10,0.25
E30,4,20,0.6,123,6300123,80,1,2,0.05
E30,4,20,0.6,124,6300124,80,2,3,0.075
E30,4,20,0.6,125,6300125,80,4,10,0.25
E30,4,20,0.6,126,6300126,80,2,4,0.1
E30,4,20,0.6,127,6300127,80,2,4,0.1
E30,4,20,0.6,128,6300128,80,2,3,0.075
E30,4,20,0.6,129,6300129,80,1,2,0.05
E30,4,20,0.6,130,6300130,80,3,6,0.15
E30,4,20,0.6,131,6300131,80,4,8,0.2
E30,4,20,0.6,132,6300132,80,2,4,0.1
E30,4,20,0.6,133,6300133,80,5,8,0.2
E30,4,20,0.6,134,6300134,80,3,6,0.15
E30,4,20,0.6,135,6300135,80,3,5,0.125
E30,4,20,0.6,136,6300136,80,1,1,0.025
E30,4,20,0.6,137,6300137,80,8,10,0.25
E30,4,20,0.6,138,6300138,80,2,3,0.075
E30,4,20,0.6,139,6300139,80,1,2,0.05
E30,4,20,0.6,140,6300140,80,3,6,0.15
E30,4,20,0.6,141,6300141,80,0,0,0.0
E30,4,20,0.6,142,6300142,80,1,2,0.05
E30,4,20,0.6,143,6300143,80,2,4,0.1
E30,4,20,0.6,144,6300144,80,2,2,0.05
E30,4,20,0.6,145,6300145,80,0,0,0.0
E30,4,20,0.6,146,6300146,80,2,2,0.05
E30,4,20,0.6,147,6300147,80,1,2,0.05
E30,4,20,0.6,148,6300148,80,4,9,0.225
E30,4,20,0.6,149,6300149,80,3,5,0.125
E30,4,20,0.6,150,6300150,80,6,10,0.25
E30,4,20,0.6,151,6300151,80,4,5,0.125
E30,4,20,0.6,152,6300152,80,5,8,0.2
E30,4,20,0.6,153,6300153,80,2,3,0.075
E30,4,20,0.6,154,6300154,80,4,7,0.175
E30,4,20,0.6,155,6300155,80,4,5,0.125
E30,4,20,0.6,156,6300156,80,0,0,0.0
E30,4,20,0.6,157,6300157,80,3,4,0.1
E30,4,20,0.6,158,6300158,80,4,6,0.15
E30,4,20,0.6,159,6300159,80,8,12,0.3
E30,4,20,0.6,160,6300160,80,4,5,0.125
E30,4,20,0.6,161,6300161,80,8,11,0.275
E30,4,20,0.6,162,6300162,80,6,12,0.3
E30,4,20,0.6,163,6300163,80,3,4,0.1
E30,4,20,0.6,164,6300164,80,2,4,0.1
E30,4,20,0.6,165,6300165,80,2,2,0.05
E30,4,20,0.6,166,6300166,80,4,7,0.175
E30,4,20,0.6,167,6300167,80,1,2,0.05
E30,4,20,0.6,168,6300168,80,0,0,0.0
E30,4,20,0.6,169,6300169,80,2,3,0.075
E30,4,20,0.6,170,6300170,80,2,4,0.1
E30,4,20,0.6,171,6300171,80,3,6,0.15
E30,4,20,0.6,172,6300172,80,1,2,0.05
E30,4,20,0.6,173,6300173,80,3,5,0.125
E30,4,20,0.6,174,6300174,80,1,1,0.025
E30,4,20,0.6,175,6300175,80,1,2,0.05
E30,4,20,0.6,176,6300176,80,1,2,0.05
E30,4,20,0.6,177,6300177,80,4,8,0.2
E30,4,20,0.6,178,6300178,80,9,15,0.375
E30,4,20,0.6,179,6300179,80,3,5,0.125
E30,4,20,0.6,180,6300180,80,2,4,0.1
E30,4,20,0.6,181,6300181,80,4,7,0.175
E30,4,20,0.6,182,6300182,80,5,10,0.25
E30,4,20,0.6,183,6300183,80,3,5,0.125
E30,4,20,0.6,184,6300184,80,3,7,0.175
E30,4,20,0.6,185,6300185,80,8,16,0.4
E30,4,20,0.6,186,6300186,80,3,5,0.125
E30,4,20,0.6,187,6300187,80,3,3,0.075
E30,4,20,0.6,188,6300188,80,2,3,0.075
E30,4,20,0.6,189,6300189,80,3,5,0.125
E30,4,20,0.6,190,6300190,80,3,7,0.175
E30,4,20,0.6,191,6300191,80,4,9,0.225
E30,4,20,0.6,192,6300192,80,2,3,0.075
E30,4,20,0.6,193,6300193,80,1,2,0.05
E30,4,20,0.6,194,6300194,80,2,2,0.05
E30,4,20,0.6,195,6300195,80,3,5,0.125
E30,4,20,0.6,196,6300196,80,5,8,0.2
E30,4,20,0.6,197,6300197,80,4,5,0.125
E30,4,20,0.6,198,6300198,80,3,3,0.075
E30,4,20,0.6,199,6300199,80,3,4,0.1
E30,4,20,0.6,200,6300200,80,4,4,0.1
E30,4,20,0.6,201,6300201,80,2,3,0.075
E30,4,20,0.6,202,6300202,80,4,10,0.25
E30,4,20,0.6,203,6300203,80,4,10,0.25
E30,4,20,0.6,204,6300204,80,3,6,0.15
E30,4,20,0.6,205,6300205,80,2,2,0.05
E30,4,20,0.6,206,6300206,80,1,2,0.05
E30,4,20,0.6,207,6300207,80,3,6,0.15
E30,4,20,0.6,208,6300208,80,7,12,0.3
E30,4,20,0.6,209,6300209,80,0,0,0.0
E30,4,20,0.6,210,6300210,80,2,3,0.075
E30,4,20,0.6,211,6300211,80,4,6,0.15
E30,4,20,0.6,212,6300212,80,3,8,0.2
E30,4,20,0.6,213,6300213,80,4,5,0.125
E30,4,20,0.6,214,6300214,80,3,5,0.125
E30,4,20,0.6,215,6300215,80,7,9,0.225
E30,4,20,0.6,216,6300216,80,3,5,0.125
E30,4,20,0.6,217,6300217,80,3,5,0.125
E30,4,20,0.6,218,6300218,80,4,6,0.15
E30,4,20,0.6,219,6300219,80,5,12,0.3
E30,4,20,0.6,220,6300220,80,3,6,0.15
E30,4,20,0.6,221,6300221,80,4,8,0.2
E30,4,20,0.6,222,6300222,80,4,8,0.2
E30,4,20,0.6,223,6300223,80,1,1,0.025
E30,4,20,0.6,224,6300224,80,2,7,0.175
E30,4,20,0.6,225,6300225,80,2,4,0.1
E30,4,20,0.6,226,6300226,80,5,8,0.2
E30,4,20,0.6,227,6300227,80,0,0,0.0
E30,4,20,0.6,228,6300228,80,4,4,0.1
E30,4,20,0.6,229,6300229,80,3,5,0.125
E30,4,20,0.6,230,6300230,80,3,5,0.125
E30,4,20,0.6,231,6300231,80,5,9,0.225
E30,4,20,0.6,232,6300232,80,2,2,0.05
E30,4,20,0.6,233,6300233,80,2,2,0.05
E30,4,20,0.6,234,6300234,80,2,4,0.1
E30,4,20,0.6,235,6300235,80,3,5,0.125
E30,4,20,0.6,236,6300236,80,1,1,0.025
E30,4,20,0.6,237,6300237,80,2,3,0.075
E30,4,20,0.6,238,6300238,80,2,3,0.075
E30,4,20,0.6,239,6300239,80,6,11,0.275
E30,4,20,0.6,240,6300240,80,1,2,0.05
E30,4,20,0.6,241,6300241,80,2,3,0.075
E30,4,20,0.6,242,6300242,80,3,5,0.125
E30,4,20,0.6,243,6300243,80,5,9,0.225
E30,4,20,0.6,244,6300244,80,7,12,0.3
E30,4,20,0.6,245,6300245,80,2,4,0.1
E30,4,20,0.6,246,6300246,80,6,9,0.225
E30,4,20,0.6,247,6300247,80,3,5,0.125
E30,4,20,0.6,248,6300248,80,2,2,0.05
E30,4,20,0.6,249,6300249,80,2,4,0.1
E30,4,20,0.6,250,6300250,80,5,10,0.25
E30,4,20,0.6,251,6300251,80,4,8,0.2
E30,4,20,0.6,252,6300252,80,4,7,0.175
E30,4,20,0.6,253,6300253,80,3,5,0.125
E30,4,20,0.6,254,6300254,80,6,9,0.225
E30,4,20,0.6,255,6300255,80,3,6,0.15
E30,4,20,0.6,256,6300256,80,5,8,0.2
E30,4,20,0.6,257,6300257,80,3,6,0.15
E30,4,20,0.6,258,6300258,80,3,5,0.125
E30,4,20,0.6,259,6300259,80,10,13,0.325
E30,4,20,0.6,260,6300260,80,2,4,0.1
E30,4,20,0.6,261,6300261,80,1,2,0.05
E30,4,20,0.6,262,6300262,80,1,1,0.025
E30,4,20,0.6,263,6300263,80,4,6,0.15
E30,4,20,0.6,264,6300264,80,6,12,0.3
E30,4,20,0.6,265,6300265,80,3,4,0.1
E30,4,20,0.6,266,6300266,80,4,5,0.125
E30,4,20,0.6,267,6300267,80,1,1,0.025
E30,4,20,0.6,268,6300268,80,3,7,0.175
E30,4,20,0.6,269,6300269,80,4,8,0.2
E30,4,20,0.6,270,6300270,80,6,10,0.25
E30,4,20,0.6,271,6300271,80,4,7,0.175
E30,4,20,0.6,272,6300272,80,1,1,0.025
E30,4,20,0.6,273,6300273,80,3,6,0.15
E30,4,20,0.6,274,6300274,80,2,3,0.075
E30,4,20,0.6,275,6300275,80,5,9,0.225
E30,4,20,0.6,276,6300276,80,6,9,0.225
E30,4,20,0.6,277,6300277,80,2,3,0.075
E30,4,20,0.6,278,6300278,80,3,7,0.175
E30,4,20,0.6,279,6300279,80,4,5,0.125
E30,4,20,0.6,280,6300280,80,4,4,0.1
E30,4,20,0.6,281,6300281,80,1,2,0.05
E30,4,20,0.6,282,6300282,80,3,4,0.1
E30,4,20,0.6,283,6300283,80,3,7,0.175
E30,4,20,0.6,284,6300284,80,1,2,0.05
E30,4,20,0.6,285,6300285,80,1,2,0.05
E30,4,20,0.6,286,6300286,80,4,8,0.2
E30,4,20,0.6,287,6300287,80,4,7,0.175
E30,4,20,0.6,288,6300288,80,1,2,0.05
E30,4,20,0.6,289,6300289,80,4,4,0.1
E30,4,20,0.6,290,6300290,80,7,11,0.275
E30,4,20,0.6,291,6300291,80,4,5,0.125
E30,4,20,0.6,292,6300292,80,6,10,0.25
E30,4,20,0.6,293,6300293,80,2,3,0.075
E30,4,20,0.6,294,6300294,80,8,12,0.3
E30,4,20,0.6,295,6300295,80,4,6,0.15
E30,4,20,0.6,296,6300296,80,0,0,0.0
E30,4,20,0.6,297,6300297,80,6,11,0.275
E30,4,20,0.6,298,6300298,80,1,2,0.05
E30,4,20,0.6,299,6300299,80,2,4,0.1
E30,4,20,0.6,300,6300300,80,2,2,0.05
E30,4,20,0.6,301,6300301,80,4,8,0.2
E30,4,20,0.6,302,6300302,80,6,10,0.25
E30,4,20,0.6,303,6300303,80,6,6,0.15
E30,4,20,0.6,304,6300304,80,7,14,0.35
E30,4,20,0.6,305,6300305,80,3,4,0.1
E30,4,20,0.6,306,6300306,80,1,2,0.05
E30,4,20,0.6,307,6300307,80,6,9,0.225
E30,4,20,0.6,308,6300308,80,5,9,0.225
E30,4,20,0.6,309,6300309,80,5,10,0.25
E30,4,20,0.6,310,6300310,80,4,6,0.15
E30,4,20,0.6,311,6300311,80,3,5,0.125
E30,4,20,0.6,312,6300312,80,7,10,0.25
E30,4,20,0.6,313,6300313,80,4,9,0.225
E30,4,20,0.6,314,6300314,80,3,6,0.15
E30,4,20,0.6,315,6300315,80,8,12,0.3
E30,4,20,0.6,316,6300316,80,8,13,0.325
E30,4,20,0.6,317,6300317,80,1,3,0.075
E30,4,20,0.6,318,6300318,80,1,2,0.05
E30,4,20,0.6,319,6300319,80,1,2,0.05
E30,4,20,0.6,320,6300320,80,3,6,0.15
E30,4,20,0.6,321,6300321,80,2,3,0.075
E30,4,20,0.6,322,6300322,80,3,6,0.15
E30,4,20,0.6,323,6300323,80,6,9,0.225
E30,4,20,0.6,324,6300324,80,1,4,0.1
E30,4,20,0.6,325,6300325,80,3,6,0.15
E30,4,20,0.6,326,6300326,80,4,8,0.2
E30,4,20,0.6,327,6300327,80,1,2,0.05
E30,4,20,0.6,328,6300328,80,4,6,0.15
E30,4,20,0.6,329,6300329,80,6,6,0.15
E30,4,20,0.6,330,6300330,80,1,2,0.05
E30,4,20,0.6,331,6300331,80,2,3,0.075
E30,4,20,0.6,332,6300332,80,4,9,0.225
E30,4,20,0.6,333,6300333,80,2,4,0.1
E30,4,20,0.6,334,6300334,80,3,6,0.15
E30,4,20,0.6,335,6300335,80,3,5,0.125
E30,4,20,0.6,336,6300336,80,1,2,0.05
E30,4,20,0.6,337,6300337,80,5,9,0.225
E30,4,20,0.6,338,6300338,80,1,2,0.05
E30,4,20,0.6,339,6300339,80,3,5,0.125
E30,4,20,0.6,340,6300340,80,3,5,0.125
E30,4,20,0.6,341,6300341,80,6,11,0.275
E30,4,20,0.6,342,6300342,80,2,3,0.075
E30,4,20,0.6,343,6300343,80,2,2,0.05
E30,4,20,0.6,344,6300344,80,2,4,0.1
E30,4,20,0.6,345,6300345,80,2,4,0.1
E30,4,20,0.6,346,6300346,80,3,6,0.15
E30,4,20,0.6,347,6300347,80,1,2,0.05
E30,4,20,0.6,348,6300348,80,5,8,0.2
E30,4,20,0.6,349,6300349,80,3,7,0.175
E30,4,20,0.6,350,6300350,80,6,8,0.2
E30,4,20,0.6,351,6300351,80,4,7,0.175
E30,4,20,0.6,352,6300352,80,2,3,0.075
E30,4,20,0.6,353,6300353,80,0,0,0.0
E30,4,20,0.6,354,6300354,80,1,1,0.025
E30,4,20,0.6,355,6300355,80,3,5,0.125
E30,4,20,0.6,356,6300356,80,3,8,0.2
E30,4,20,0.6,357,6300357,80,2,3,0.075
E30,4,20,0.6,358,6300358,80,3,5,0.125
E30,4,20,0.6,359,6300359,80,4,7,0.175
E30,4,20,0.6,360,6300360,80,4,5,0.125
E30,4,20,0.6,361,6300361,80,2,4,0.1
E30,4,20,0.6,362,6300362,80,4,8,0.2
E30,4,20,0.6,363,6300363,80,6,13,0.325
E30,4,20,0.6,364,6300364,80,2,3,0.075
E30,4,20,0.6,365,6300365,80,2,4,0.1
E30,4,20,0.6,366,6300366,80,5,7,0.175
E30,4,20,0.6,367,6300367,80,2,4,0.1
E30,4,20,0.6,368,6300368,80,4,3,0.075
E30,4,20,0.6,369,6300369,80,3,7,0.175
E30,4,20,0.6,370,6300370,80,5,8,0.2
E30,4,20,0.6,371,6300371,80,3,4,0.1
E30,4,20,0.6,372,6300372,80,2,4,0.1
E30,4,20,0.6,373,6300373,80,2,4,0.1
E30,4,20,0.6,374,6300374,80,5,9,0.225
E30,4,20,0.6,375,6300375,80,2,4,0.1
E30,4,20,0.6,376,6300376,80,1,1,0.025
E30,4,20,0.6,377,6300377,80,6,11,0.275
E30,4,20,0.6,378,6300378,80,6,8,0.2
E30,4,20,0.6,379,6300379,80,3,6,0.15
E30,4,20,0.6,380,6300380,80,5,7,0.175
E30,4,20,0.6,381,6300381,80,0,0,0.0
E30,4,20,0.6,382,6300382,80,2,3,0.075
E30,4,20,0.6,383,6300383,80,3,6,0.15
E30,4,20,0.6,384,6300384,80,4,8,0.2
E30,4,20,0.6,385,6300385,80,2,3,0.075
E30,4,20,0.6,386,6300386,80,3,5,0.125
E30,4,20,0.6,387,6300387,80,2,3,0.075
E30,4,20,0.6,388,6300388,80,1,2,0.05
E30,4,20,0.6,389,6300389,80,1,1,0.025
E30,4,20,0.6,390,6300390,80,4,6,0.15
E30,4,20,0.6,391,6300391,80,3,5,0.125
E30,4,20,0.6,392,6300392,80,2,4,0.1
E30,4,20,0.6,393,6300393,80,0,0,0.0
E30,4,20,0.6,394,6300394,80,6,8,0.2
E30,4,20,0.6,395,6300395,80,2,3,0.075
E30,4,20,0.6,396,6300396,80,4,7,0.175
E30,4,20,0.6,397,6300397,80,2,4,0.1
E30,4,20,0.6,398,6300398,80,3,5,0.125
E30,4,20,0.6,399,6300399,80,4,5,0.125
E30,4,20,0.6,400,6300400,80,4,8,0.2
E30,4,20,0.6,401,6300401,80,4,8,0.2
E30,4,20,0.6,402,6300402,80,1,2,0.05
E30,4,20,0.6,403,6300403,80,4,8,0.2
E30,4,20,0.6,404,6300404,80,3,6,0.15
E30,4,20,0.6,405,6300405,80,4,7,0.175
E30,4,20,0.6,406,6300406,80,6,11,0.275
E30,4,20,0.6,407,6300407,80,1,2,0.05
E30,4,20,0.6,408,6300408,80,2,3,0.075
E30,4,20,0.6,409,6300409,80,0,0,0.0
E30,4,20,0.6,410,6300410,80,4,6,0.15
E30,4,20,0.6,411,6300411,80,3,9,0.225
E30,4,20,0.6,412,6300412,80,3,5,0.125
E30,4,20,0.6,413,6300413,80,1,1,0.025
E30,4,20,0.6,414,6300414,80,3,6,0.15
E30,4,20,0.6,415,6300415,80,1,2,0.05
E30,4,20,0.6,416,6300416,80,6,12,0.3
E30,4,20,0.6,417,6300417,80,1,1,0.025
E30,4,20,0.6,418,6300418,80,3,6,0.15
E30,4,20,0.6,419,6300419,80,1,1,0.025
E30,4,20,0.6,420,6300420,80,6,10,0.25
E30,4,20,0.6,421,6300421,80,4,6,0.15
E30,4,20,0.6,422,6300422,80,4,7,0.175
E30,4,20,0.6,423,6300423,80,4,7,0.175
E30,4,20,0.6,424,6300424,80,2,2,0.05
E30,4,20,0.6,425,6300425,80,6,10,0.25
E30,4,20,0.6,426,6300426,80,6,10,0.25
E30,4,20,0.6,427,6300427,80,7,11,0.275
E30,4,20,0.6,428,6300428,80,1,1,0.025
E30,4,20,0.6,429,6300429,80,3,5,0.125
E30,4,20,0.6,430,6300430,80,3,5,0.125
E30,4,20,0.6,431,6300431,80,1,2,0.05
E30,4,20,0.6,432,6300432,80,6,12,0.3
E30,4,20,0.6,433,6300433,80,0,0,0.0
E30,4,20,0.6,434,6300434,80,4,8,0.2
E30,4,20,0.6,435,6300435,80,0,0,0.0
E30,4,20,0.6,436,6300436,80,3,8,0.2
E30,4,20,0.6,437,6300437,80,1,2,0.05
E30,4,20,0.6,438,6300438,80,4,6,0.15
E30,4,20,0.6,439,6300439,80,4,8,0.2
E30,4,20,0.6,440,6300440,80,2,4,0.1
E30,4,20,0.6,441,6300441,80,1,2,0.05
E30,4,20,0.6,442,6300442,80,1,1,0.025
E30,4,20,0.6,443,6300443,80,1,1,0.025
E30,4,20,0.6,444,6300444,80,3,5,0.125
E30,4,20,0.6,445,6300445,80,0,0,0.0
E30,4,20,0.6,446,6300446,80,3,6,0.15
E30,4,20,0.6,447,6300447,80,2,3,0.075
E30,4,20,0.6,448,6300448,80,2,4,0.1
E30,4,20,0.6,449,6300449,80,1,2,0.05
E30,4,20,0.6,450,6300450,80,4,9,0.225
E30,4,20,0.6,451,6300451,80,3,6,0.15
E30,4,20,0.6,452,6300452,80,9,15,0.375
E30,4,20,0.6,453,6300453,80,2,4,0.1
E30,4,20,0.6,454,6300454,80,2,4,0.1
E30,4,20,0.6,455,6300455,80,2,3,0.075
E30,4,20,0.6,456,6300456,80,7,13,0.325
E30,4,20,0.6,457,6300457,80,4,11,0.275
E30,4,20,0.6,458,6300458,80,1,1,0.025
E30,4,20,0.6,459,6300459,80,4,7,0.175
E30,4,20,0.6,460,6300460,80,5,8,0.2
E30,4,20,0.6,461,6300461,80,5,7,0.175
E30,4,20,0.6,462,6300462,80,7,9,0.225
E30,4,20,0.6,463,6300463,80,3,5,0.125
E30,4,20,0.6,464,6300464,80,1,2,0.05
E30,4,20,0.6,465,6300465,80,4,7,0.175
E30,4,20,0.6,466,6300466,80,1,2,0.05
E30,4,20,0.6,467,6300467,80,1,2,0.05
E30,4,20,0.6,468,6300468,80,2,2,0.05
E30,4,20,0.6,469,6300469,80,2,3,0.075
E30,4,20,0.6,470,6300470,80,4,7,0.175
E30,4,20,0.6,471,6300471,80,4,6,0.15
E30,4,20,0.6,472,6300472,80,1,2,0.05
E30,4,20,0.6,473,6300473,80,5,7,0.175
E30,4,20,0.6,474,6300474,80,2,5,0.125
E30,4,20,0.6,475,6300475,80,2,2,0.05
E30,4,20,0.6,476,6300476,80,8,9,0.225
E30,4,20,0.6,477,6300477,80,6,13,0.325
E30,4,20,0.6,478,6300478,80,5,10,0.25
E30,4,20,0.6,479,6300479,80,4,8,0.2
E30,4,20,0.6,480,6300480,80,5,8,0.2
E30,4,20,0.6,481,6300481,80,5,8,0.2
E30,4,20,0.6,482,6300482,80,1,3,0.075
E30,4,20,0.6,483,6300483,80,5,9,0.225
E30,4,20,0.6,484,6300484,80,2,4,0.1
E30,4,20,0.6,485,6300485,80,0,0,0.0
E30,4,20,0.6,486,6300486,80,4,6,0.15
E30,4,20,0.6,487,6300487,80,4,6,0.15
E30,4,20,0.6,488,6300488,80,5,8,0.2
E30,4,20,0.6,489,6300489,80,1,2,0.05
E30,4,20,0.6,490,6300490,80,3,3,0.075
E30,4,20,0.6,491,6300491,80,1,2,0.05
E30,4,20,0.6,492,6300492,80,5,7,0.175
E30,4,20,0.6,493,6300493,80,1,2,0.05
E30,4,20,0.6,494,6300494,80,3,5,0.125
E30,4,20,0.6,495,6300495,80,3,8,0.2
E30,4,20,0.6,496,6300496,80,6,10,0.25
E30,4,20,0.6,497,6300497,80,2,4,0.1
E30,4,20,0.6,498,6300498,80,3,6,0.15
E30,4,20,0.6,499,6300499,80,2,3,0.075
E30,4,40,0.0,0,7300000,160,18,16,0.2
E30,4,40,0.0,1,7300001,160,7,8,0.1
E30,4,40,0.0,2,7300002,160,15,15,0.1875
E30,4,40,0.0,3,7300003,160,9,8,0.1
E30,4,40,0.0,4,7300004,160,6,5,0.0625
E30,4,40,0.0,5,7300005,160,7,5,0.0625
E30,4,40,0.0,6,7300006,160,17,16,0.2
E30,4,40,0.0,7,7300007,160,12,12,0.15
E30,4,40,0.0,8,7300008,160,8,7,0.0875
E30,4,40,0.0,9,7300009,160,10,10,0.125
E30,4,40,0.0,10,7300010,160,11,10,0.125
E30,4,40,0.0,11,7300011,160,9,8,0.1
E30,4,40,0.0,12,7300012,160,12,10,0.125
E30,4,40,0.0,13,7300013,160,11,11,0.1375
E30,4,40,0.0,14,7300014,160,7,6,0.075
E30,4,40,0.0,15,7300015,160,6,8,0.1
E30,4,40,0.0,16,7300016,160,11,11,0.1375
E30,4,40,0.0,17,7300017,160,14,14,0.175
E30,4,40,0.0,18,7300018,160,6,6,0.075
E30,4,40,0.0,19,7300019,160,21,21,0.2625
E30,4,40,0.0,20,7300020,160,10,8,0.1
E30,4,40,0.0,21,7300021,160,13,12,0.15
E30,4,40,0.0,22,7300022,160,7,7,0.0875
E30,4,40,0.0,23,7300023,160,9,8,0.1
E30,4,40,0.0,24,7300024,160,7,8,0.1
E30,4,40,0.0,25,7300025,160,10,11,0.1375
E30,4,40,0.0,26,7300026,160,12,14,0.175
E30,4,40,0.0,27,7300027,160,6,7,0.0875
E30,4,40,0.0,28,7300028,160,20,16,0.2
E30,4,40,0.0,29,7300029,160,9,7,0.0875
E30,4,40,0.0,30,7300030,160,11,10,0.125
E30,4,40,0.0,31,7300031,160,5,6,0.075
E30,4,40,0.0,32,7300032,160,9,8,0.1
E30,4,40,0.0,33,7300033,160,9,11,0.1375
E30,4,40,0.0,34,7300034,160,9,9,0.1125
E30,4,40,0.0,35,7300035,160,10,10,0.125
E30,4,40,0.0,36,7300036,160,14,14,0.175
E30,4,40,0.0,37,7300037,160,9,9,0.1125
E30,4,40,0.0,38,7300038,160,13,13,0.1625
E30,4,40,0.0,39,7300039,160,10,9,0.1125
E30,4,40,0.0,40,7300040,160,10,9,0.1125
E30,4,40,0.0,41,7300041,160,7,6,0.075
E30,4,40,0.0,42,7300042,160,10,9,0.1125
E30,4,40,0.0,43,7300043,160,7,8,0.1
E30,4,40,0.0,44,7300044,160,11,11,0.1375
E30,4,40,0.0,45,7300045,160,12,11,0.1375
E30,4,40,0.0,46,7300046,160,13,12,0.15
E30,4,40,0.0,47,7300047,160,10,11,0.1375
E30,4,40,0.0,48,7300048,160,14,16,0.2
E30,4,40,0.0,49,7300049,160,11,10,0.125
E30,4,40,0.0,50,7300050,160,6,6,0.075
E30,4,40,0.0,51,7300051,160,11,12,0.15
E30,4,40,0.0,52,7300052,160,16,15,0.1875
E30,4,40,0.0,53,7300053,160,13,11,0.1375
E30,4,40,0.0,54,7300054,160,12,10,0.125
E30,4,40,0.0,55,7300055,160,16,16,0.2
E30,4,40,0.0,56,7300056,160,14,14,0.175
E30,4,40,0.0,57,7300057,160,10,9,0.1125
E30,4,40,0.0,58,7300058,160,12,12,0.15
E30,4,40,0.0,59,7300059,160,8,7,0.0875
E30,4,40,0.0,60,7300060,160,13,12,0.15
E30,4,40,0.0,61,7300061,160,7,6,0.075
E30,4,40,0.0,62,7300062,160,16,15,0.1875
E30,4,40,0.0,63,7300063,160,19,20,0.25
E30,4,40,0.0,64,7300064,160,12,12,0.15
E30,4,40,0.0,65,7300065,160,7,7,0.0875
E30,4,40,0.0,66,7300066,160,10,8,0.1
E30,4,40,0.0,67,7300067,160,6,6,0.075
E30,4,40,0.0,68,7300068,160,16,15,0.1875
E30,4,40,0.0,69,7300069,160,11,11,0.1375
E30,4,40,0.0,70,7300070,160,6,6,0.075
E30,4,40,0.0,71,7300071,160,10,11,0.1375
E30,4,40,0.0,72,7300072,160,9,7,0.0875
E30,4,40,0.0,73,7300073,160,11,12,0.15
E30,4,40,0.0,74,7300074,160,10,12,0.15
E30,4,40,0.0,75,7300075,160,12,13,0.1625
E30,4,40,0.0,76,7300076,160,9,9,0.1125
E30,4,40,0.0,77,7300077,160,13,12,0.15
E30,4,40,0.0,78,7300078,160,13,13,0.1625
E30,4,40,0.0,79,7300079,160,12,12,0.15
E30,4,40,0.0,80,7300080,160,12,12,0.15
E30,4,40,0.0,81,7300081,160,8,9,0.1125
E30,4,40,0.0,82,7300082,160,6,5,0.0625
E30,4,40,0.0,83,7300083,160,11,9,0.1125
E30,4,40,0.0,84,7300084,160,11,11,0.1375
E30,4,40,0.0,85,7300085,160,9,8,0.1
E30,4,40,0.0,86,7300086,160,8,8,0.1
E30,4,40,0.0,87,7300087,160,14,13,0.1625
E30,4,40,0.0,88,7300088,160,15,14,0.175
E30,4,40,0.0,89,7300089,160,14,13,0.1625
E30,4,40,0.0,90,7300090,160,15,14,0.175
E30,4,40,0.0,91,7300091,160,9,9,0.1125
E30,4,40,0.0,92,7300092,160,7,7,0.0875
E30,4,40,0.0,93,7300093,160,11,11,0.1375
E30,4,40,0.0,94,7300094,160,10,10,0.125
E30,4,40,0.0,95,7300095,160,10,11,0.1375
E30,4,40,0.0,96,7300096,160,7,7,0.0875
E30,4,40,0.0,97,7300097,160,13,12,0.15
E30,4,40,0.0,98,7300098,160,9,9,0.1125
E30,4,40,0.0,99,7300099,160,8,7,0.0875
E30,4,40,0.0,100,7300100,160,13,14,0.175
E30,4,40,0.0,101,7300101,160,4,4,0.05
E30,4,40,0.0,102,7300102,160,9,7,0.0875
E30,4,40,0.0,103,7300103,160,12,11,0.1375
E30,4,40,0.0,104,7300104,160,7,7,0.0875
E30,4,40,0.0,105,7300105,160,11,11,0.1375
E30,4,40,0.0,106,7300106,160,5,5,0.0625
E30,4,40,0.0,107,7300107,160,10,11,0.1375
E30,4,40,0.0,108,7300108,160,10,10,0.125
E30,4,40,0.0,109,7300109,160,12,13,0.1625
E30,4,40,0.0,110,7300110,160,9,9,0.1125
E30,4,40,0.0,111,7300111,160,6,6,0.075
E30,4,40,0.0,112,7300112,160,12,11,0.1375
E30,4,40,0.0,113,7300113,160,4,5,0.0625
E30,4,40,0.0,114,7300114,160,14,10,0.125
E30,4,40,0.0,115,7300115,160,3,3,0.0375
E30,4,40,0.0,116,7300116,160,21,20,0.25
E30,4,40,0.0,117,7300117,160,10,11,0.1375
E30,4,40,0.0,118,7300118,160,9,9,0.1125
E30,4,40,0.0,119,7300119,160,15,15,0.1875
E30,4,40,0.0,120,7300120,160,13,13,0.1625
E30,4,40,0.0,121,7300121,160,13,11,0.1375
E30,4,40,0.0,122,7300122,160,11,12,0.15
E30,4,40,0.0,123,7300123,160,15,13,0.1625
E30,4,40,0.0,124,7300124,160,9,8,0.1
E30,4,40,0.0,125,7300125,160,9,8,0.1
E30,4,40,0.0,126,7300126,160,12,12,0.15
E30,4,40,0.0,127,7300127,160,8,7,0.0875
E30,4,40,0.0,128,7300128,160,10,9,0.1125
E30,4,40,0.0,129,7300129,160,8,8,0.1
E30,4,40,0.0,130,7300130,160,12,10,0.125
E30,4,40,0.0,131,7300131,160,5,5,0.0625
E30,4,40,0.0,132,7300132,160,11,15,0.1875
E30,4,40,0.0,133,7300133,160,14,14,0.175
E30,4,40,0.0,134,7300134,160,9,9,0.1125
E30,4,40,0.0,135,7300135,160,10,12,0.15
E30,4,40,0.0,136,7300136,160,10,11,0.1375
E30,4,40,0.0,137,7300137,160,11,11,0.1375
E30,4,40,0.0,138,7300138,160,13,12,0.15
E30,4,40,0.0,139,7300139,160,10,12,0.15
E30,4,40,0.0,140,7300140,160,11,10,0.125
E30,4,40,0.0,141,7300141,160,8,9,0.1125
E30,4,40,0.0,142,7300142,160,2,2,0.025
E30,4,40,0.0,143,7300143,160,9,9,0.1125
E30,4,40,0.0,144,7300144,160,10,10,0.125
E30,4,40,0.0,145,7300145,160,12,12,0.15
E30,4,40,0.0,146,7300146,160,15,17,0.2125
E30,4,40,0.0,147,7300147,160,15,13,0.1625
E30,4,40,0.0,148,7300148,160,14,13,0.1625
E30,4,40,0.0,149,7300149,160,14,13,0.1625
E30,4,40,0.0,150,7300150,160,10,10,0.125
E30,4,40,0.0,151,7300151,160,7,8,0.1
E30,4,40,0.0,152,7300152,160,7,7,0.0875
E30,4,40,0.0,153,7300153,160,7,6,0.075
E30,4,40,0.0,154,7300154,160,12,11,0.1375
E30,4,40,0.0,155,7300155,160,9,9,0.1125
E30,4,40,0.0,156,7300156,160,13,13,0.1625
E30,4,40,0.0,157,7300157,160,7,8,0.1
E30,4,40,0.0,158,7300158,160,15,15,0.1875
E30,4,40,0.0,159,7300159,160,8,7,0.0875
E30,4,40,0.0,160,7300160,160,15,13,0.1625
E30,4,40,0.0,161,7300161,160,7,7,0.0875
E30,4,40,0.0,162,7300162,160,11,11,0.1375
E30,4,40,0.0,163,7300163,160,9,7,0.0875
E30,4,40,0.0,164,7300164,160,10,10,0.125
E30,4,40,0.0,165,7300165,160,12,11,0.1375
E30,4,40,0.0,166,7300166,160,7,7,0.0875
E30,4,40,0.0,167,7300167,160,7,7,0.0875
E30,4,40,0.0,168,7300168,160,5,6,0.075
E30,4,40,0.0,169,7300169,160,10,9,0.1125
E30,4,40,0.0,170,7300170,160,7,7,0.0875
E30,4,40,0.0,171,7300171,160,10,9,0.1125
E30,4,40,0.0,172,7300172,160,12,11,0.1375
E30,4,40,0.0,173,7300173,160,8,7,0.0875
E30,4,40,0.0,174,7300174,160,12,15,0.1875
E30,4,40,0.0,175,7300175,160,10,8,0.1
E30,4,40,0.0,176,7300176,160,10,11,0.1375
E30,4,40,0.0,177,7300177,160,11,12,0.15
E30,4,40,0.0,178,7300178,160,11,13,0.1625
E30,4,40,0.0,179,7300179,160,12,13,0.1625
E30,4,40,0.0,180,7300180,160,10,8,0.1
E30,4,40,0.0,181,7300181,160,10,11,0.1375
E30,4,40,0.0,182,7300182,160,4,4,0.05
E30,4,40,0.0,183,7300183,160,8,9,0.1125
E30,4,40,0.0,184,7300184,160,11,10,0.125
E30,4,40,0.0,185,7300185,160,11,11,0.1375
E30,4,40,0.0,186,7300186,160,11,10,0.125
E30,4,40,0.0,187,7300187,160,8,9,0.1125
E30,4,40,0.0,188,7300188,160,11,10,0.125
E30,4,40,0.0,189,7300189,160,10,9,0.1125
E30,4,40,0.0,190,7300190,160,7,7,0.0875
E30,4,40,0.0,191,7300191,160,15,13,0.1625
E30,4,40,0.0,192,7300192,160,8,8,0.1
E30,4,40,0.0,193,7300193,160,8,8,0.1
E30,4,40,0.0,194,7300194,160,9,8,0.1
E30,4,40,0.0,195,7300195,160,11,11,0.1375
E30,4,40,0.0,196,7300196,160,12,11,0.1375
E30,4,40,0.0,197,7300197,160,10,10,0.125
E30,4,40,0.0,198,7300198,160,8,7,0.0875
E30,4,40,0.0,199,7300199,160,12,13,0.1625
E30,4,40,0.0,200,7300200,160,10,13,0.1625
E30,4,40,0.0,201,7300201,160,12,11,0.1375
E30,4,40,0.0,202,7300202,160,5,5,0.0625
E30,4,40,0.0,203,7300203,160,16,13,0.1625
E30,4,40,0.0,204,7300204,160,6,6,0.075
E30,4,40,0.0,205,7300205,160,11,9,0.1125
E30,4,40,0.0,206,7300206,160,10,9,0.1125
E30,4,40,0.0,207,7300207,160,11,11,0.1375
E30,4,40,0.0,208,7300208,160,6,6,0.075
E30,4,40,0.0,209,7300209,160,12,11,0.1375
E30,4,40,0.0,210,7300210,160,15,12,0.15
E30,4,40,0.0,211,7300211,160,12,12,0.15
E30,4,40,0.0,212,7300212,160,11,13,0.1625
E30,4,40,0.0,213,7300213,160,7,7,0.0875
E30,4,40,0.0,214,7300214,160,9,9,0.1125
E30,4,40,0.0,215,7300215,160,7,5,0.0625
E30,4,40,0.0,216,7300216,160,11,12,0.15
E30,4,40,0.0,217,7300217,160,7,7,0.0875
E30,4,40,0.0,218,7300218,160,12,13,0.1625
E30,4,40,0.0,219,7300219,160,8,9,0.1125
E30,4,40,0.0,220,7300220,160,16,11,0.1375
E30,4,40,0.0,221,7300221,160,9,9,0.1125
E30,4,40,0.0,222,7300222,160,13,14,0.175
E30,4,40,0.0,223,7300223,160,11,12,0.15
E30,4,40,0.0,224,7300224,160,6,8,0.1
E30,4,40,0.0,225,7300225,160,9,8,0.1
E30,4,40,0.0,226,7300226,160,10,10,0.125
E30,4,40,0.0,227,7300227,160,8,8,0.1
E30,4,40,0.0,228,7300228,160,11,11,0.1375
E30,4,40,0.0,229,7300229,160,16,13,0.1625
E30,4,40,0.0,230,7300230,160,13,13,0.1625
E30,4,40,0.0,231,7300231,160,13,14,0.175
E30,4,40,0.0,232,7300232,160,13,10,0.125
E30,4,40,0.0,233,7300233,160,8,7,0.0875
E30,4,40,0.0,234,7300234,160,15,16,0.2
E30,4,40,0.0,235,7300235,160,9,9,0.1125
E30,4,40,0.0,236,7300236,160,4,4,0.05
E30,4,40,0.0,237,7300237,160,10,10,0.125
E30,4,40,0.0,238,7300238,160,6,6,0.075
E30,4,40,0.0,239,7300239,160,9,9,0.1125
E30,4,40,0.0,240,7300240,160,8,8,0.1
E30,4,40,0.0,241,7300241,160,8,8,0.1
E30,4,40,0.0,242,7300242,160,21,18,0.225
E30,4,40,0.0,243,7300243,160,16,14,0.175
E30,4,40,0.0,244,7300244,160,13,13,0.1625
E30,4,40,0.0,245,7300245,160,13,12,0.15
E30,4,40,0.0,246,7300246,160,10,9,0.1125
E30,4,40,0.0,247,7300247,160,7,6,0.075
E30,4,40,0.0,248,7300248,160,13,12,0.15
E30,4,40,0.0,249,7300249,160,10,10,0.125
E30,4,40,0.0,250,7300250,160,14,15,0.1875
E30,4,40,0.0,251,7300251,160,6,5,0.0625
E30,4,40,0.0,252,7300252,160,13,16,0.2
E30,4,40,0.0,253,7300253,160,9,10,0.125
E30,4,40,0.0,254,7300254,160,15,13,0.1625
E30,4,40,0.0,255,7300255,160,9,8,0.1
E30,4,40,0.0,256,7300256,160,14,13,0.1625
E30,4,40,0.0,257,7300257,160,11,10,0.125
E30,4,40,0.0,258,7300258,160,16,14,0.175
E30,4,40,0.0,259,7300259,160,6,7,0.0875
E30,4,40,0.0,260,7300260,160,15,14,0.175
E30,4,40,0.0,261,7300261,160,12,12,0.15
E30,4,40,0.0,262,7300262,160,10,9,0.1125
E30,4,40,0.0,263,7300263,160,11,11,0.1375
E30,4,40,0.0,264,7300264,160,8,8,0.1
E30,4,40,0.0,265,7300265,160,14,14,0.175
E30,4,40,0.0,266,7300266,160,6,6,0.075
E30,4,40,0.0,267,7300267,160,11,11,0.1375
E30,4,40,0.0,268,7300268,160,14,13,0.1625
E30,4,40,0.0,269,7300269,160,15,11,0.1375
E30,4,40,0.0,270,7300270,160,13,14,0.175
E30,4,40,0.0,271,7300271,160,18,15,0.1875
E30,4,40,0.0,272,7300272,160,5,6,0.075
E30,4,40,0.0,273,7300273,160,6,6,0.075
E30,4,40,0.0,274,7300274,160,15,12,0.15
E30,4,40,0.0,275,7300275,160,9,11,0.1375
E30,4,40,0.0,276,7300276,160,14,12,0.15
E30,4,40,0.0,277,7300277,160,8,8,0.1
E30,4,40,0.0,278,7300278,160,7,8,0.1
E30,4,40,0.0,279,7300279,160,3,2,0.025
E30,4,40,0.0,280,7300280,160,12,12,0.15
E30,4,40,0.0,281,7300281,160,11,11,0.1375
E30,4,40,0.0,282,7300282,160,10,10,0.125
E30,4,40,0.0,283,7300283,160,13,12,0.15
E30,4,40,0.0,284,7300284,160,3,4,0.05
E30,4,40,0.0,285,7300285,160,12,11,0.1375
E30,4,40,0.0,286,7300286,160,13,11,0.1375
E30,4,40,0.0,287,7300287,160,8,9,0.1125
E30,4,40,0.0,288,7300288,160,12,10,0.125
E30,4,40,0.0,289,7300289,160,10,12,0.15
E30,4,40,0.0,290,7300290,160,6,5,0.0625
E30,4,40,0.0,291,7300291,160,7,7,0.0875
E30,4,40,0.0,292,7300292,160,14,13,0.1625
E30,4,40,0.0,293,7300293,160,11,12,0.15
E30,4,40,0.0,294,7300294,160,9,10,0.125
E30,4,40,0.0,295,7300295,160,13,12,0.15
E30,4,40,0.0,296,7300296,160,15,13,0.1625
E30,4,40,0.0,297,7300297,160,13,12,0.15
E30,4,40,0.0,298,7300298,160,10,9,0.1125
E30,4,40,0.0,299,7300299,160,6,8,0.1
E30,4,40,0.0,300,7300300,160,10,11,0.1375
E30,4,40,0.0,301,7300301,160,6,7,0.0875
E30,4,40,0.0,302,7300302,160,9,8,0.1
E30,4,40,0.0,303,7300303,160,12,14,0.175
E30,4,40,0.0,304,7300304,160,10,9,0.1125
E30,4,40,0.0,305,7300305,160,11,10,0.125
E30,4,40,0.0,306,7300306,160,11,11,0.1375
E30,4,40,0.0,307,7300307,160,4,4,0.05
E30,4,40,0.0,308,7300308,160,11,11,0.1375
E30,4,40,0.0,309,7300309,160,14,12,0.15
E30,4,40,0.0,310,7300310,160,19,19,0.2375
E30,4,40,0.0,311,7300311,160,7,8,0.1
E30,4,40,0.0,312,7300312,160,10,8,0.1
E30,4,40,0.0,313,7300313,160,8,9,0.1125
E30,4,40,0.0,314,7300314,160,15,16,0.2
E30,4,40,0.0,315,7300315,160,7,8,0.1
E30,4,40,0.0,316,7300316,160,11,9,0.1125
E30,4,40,0.0,317,7300317,160,7,8,0.1
E30,4,40,0.0,318,7300318,160,7,6,0.075
E30,4,40,0.0,319,7300319,160,15,14,0.175
E30,4,40,0.0,320,7300320,160,11,11,0.1375
E30,4,40,0.0,321,7300321,160,9,10,0.125
E30,4,40,0.0,322,7300322,160,11,10,0.125
E30,4,40,0.0,323,7300323,160,10,7,0.0875
E30,4,40,0.0,324,7300324,160,14,12,0.15
E30,4,40,0.0,325,7300325,160,5,5,0.0625
E30,4,40,0.0,326,7300326,160,12,13,0.1625
E30,4,40,0.0,327,7300327,160,14,13,0.1625
E30,4,40,0.0,328,7300328,160,11,10,0.125
E30,4,40,0.0,329,7300329,160,9,11,0.1375
E30,4,40,0.0,330,7300330,160,8,6,0.075
E30,4,40,0.0,331,7300331,160,9,8,0.1
E30,4,40,0.0,332,7300332,160,12,12,0.15
E30,4,40,0.0,333,7300333,160,8,8,0.1
E30,4,40,0.0,334,7300334,160,6,6,0.075
E30,4,40,0.0,335,7300335,160,5,5,0.0625
E30,4,40,0.0,336,7300336,160,10,9,0.1125
E30,4,40,0.0,337,7300337,160,14,11,0.1375
E30,4,40,0.0,338,7300338,160,8,6,0.075
E30,4,40,0.0,339,7300339,160,14,14,0.175
E30,4,40,0.0,340,7300340,160,11,9,0.1125
E30,4,40,0.0,341,7300341,160,8,7,0.0875
E30,4,40,0.0,342,7300342,160,9,7,0.0875
E30,4,40,0.0,343,7300343,160,5,6,0.075
E30,4,40,0.0,344,7300344,160,11,10,0.125
E30,4,40,0.0,345,7300345,160,16,17,0.2125
E30,4,40,0.0,346,7300346,160,8,8,0.1
E30,4,40,0.0,347,7300347,160,12,11,0.1375
E30,4,40,0.0,348,7300348,160,9,8,0.1
E30,4,40,0.0,349,7300349,160,6,5,0.0625
E30,4,40,0.0,350,7300350,160,13,14,0.175
E30,4,40,0.0,351,7300351,160,10,9,0.1125
E30,4,40,0.0,352,7300352,160,11,12,0.15
E30,4,40,0.0,353,7300353,160,6,4,0.05
E30,4,40,0.0,354,7300354,160,11,10,0.125
E30,4,40,0.0,355,7300355,160,7,5,0.0625
E30,4,40,0.0,356,7300356,160,18,17,0.2125
E30,4,40,0.0,357,7300357,160,11,11,0.1375
E30,4,40,0.0,358,7300358,160,14,12,0.15
E30,4,40,0.0,359,7300359,160,10,10,0.125
E30,4,40,0.0,360,7300360,160,17,17,0.2125
E30,4,40,0.0,361,7300361,160,15,16,0.2
E30,4,40,0.0,362,7300362,160,12,11,0.1375
E30,4,40,0.0,363,7300363,160,13,13,0.1625
E30,4,40,0.0,364,7300364,160,9,10,0.125
E30,4,40,0.0,365,7300365,160,10,7,0.0875
E30,4,40,0.0,366,7300366,160,10,10,0.125
E30,4,40,0.0,367,7300367,160,8,10,0.125
E30,4,40,0.0,368,7300368,160,15,12,0.15
E30,4,40,0.0,369,7300369,160,6,6,0.075
E30,4,40,0.0,370,7300370,160,9,10,0.125
E30,4,40,0.0,371,7300371,160,15,12,0.15
E30,4,40,0.0,372,7300372,160,7,7,0.0875
E30,4,40,0.0,373,7300373,160,9,8,0.1
E30,4,40,0.0,374,7300374,160,6,7,0.0875
E30,4,40,0.0,375,7300375,160,9,9,0.1125
E30,4,40,0.0,376,7300376,160,5,4,0.05
E30,4,40,0.0,377,7300377,160,11,10,0.125
E30,4,40,0.0,378,7300378,160,6,6,0.075
E30,4,40,0.0,379,7300379,160,11,9,0.1125
E30,4,40,0.0,380,7300380,160,13,14,0.175
E30,4,40,0.0,381,7300381,160,13,11,0.1375
E30,4,40,0.0,382,7300382,160,12,13,0.1625
E30,4,40,0.0,383,7300383,160,5,5,0.0625
E30,4,40,0.0,384,7300384,160,9,9,0.1125
E30,4,40,0.0,385,7300385,160,15,14,0.175
E30,4,40,0.0,386,7300386,160,9,7,0.0875
E30,4,40,0.0,387,7300387,160,7,7,0.0875
E30,4,40,0.0,388,7300388,160,6,6,0.075
E30,4,40,0.0,389,7300389,160,13,11,0.1375
E30,4,40,0.0,390,7300390,160,6,5,0.0625
E30,4,40,0.0,391,7300391,160,9,9,0.1125
E30,4,40,0.0,392,7300392,160,11,10,0.125
E30,4,40,0.0,393,7300393,160,11,10,0.125
E30,4,40,0.0,394,7300394,160,5,5,0.0625
E30,4,40,0.0,395,7300395,160,13,13,0.1625
E30,4,40,0.0,396,7300396,160,12,11,0.1375
E30,4,40,0.0,397,7300397,160,15,13,0.1625
E30,4,40,0.0,398,7300398,160,10,10,0.125
E30,4,40,0.0,399,7300399,160,12,13,0.1625
E30,4,40,0.0,400,7300400,160,10,9,0.1125
E30,4,40,0.0,401,7300401,160,10,13,0.1625
E30,4,40,0.0,402,7300402,160,13,14,0.175
E30,4,40,0.0,403,7300403,160,5,5,0.0625
E30,4,40,0.0,404,7300404,160,10,9,0.1125
E30,4,40,0.0,405,7300405,160,8,9,0.1125
E30,4,40,0.0,406,7300406,160,10,11,0.1375
E30,4,40,0.0,407,7300407,160,9,7,0.0875
E30,4,40,0.0,408,7300408,160,11,12,0.15
E30,4,40,0.0,409,7300409,160,6,5,0.0625
E30,4,40,0.0,410,7300410,160,11,12,0.15
E30,4,40,0.0,411,7300411,160,14,13,0.1625
E30,4,40,0.0,412,7300412,160,5,6,0.075
E30,4,40,0.0,413,7300413,160,15,13,0.1625
E30,4,40,0.0,414,7300414,160,9,8,0.1
E30,4,40,0.0,415,7300415,160,8,8,0.1
E30,4,40,0.0,416,7300416,160,12,11,0.1375
E30,4,40,0.0,417,7300417,160,10,10,0.125
E30,4,40,0.0,418,7300418,160,10,9,0.1125
E30,4,40,0.0,419,7300419,160,15,14,0.175
E30,4,40,0.0,420,7300420,160,9,8,0.1
E30,4,40,0.0,421,7300421,160,10,9,0.1125
E30,4,40,0.0,422,7300422,160,10,11,0.1375
E30,4,40,0.0,423,7300423,160,13,11,0.1375
E30,4,40,0.0,424,7300424,160,11,10,0.125
E30,4,40,0.0,425,7300425,160,7,7,0.0875
E30,4,40,0.0,426,7300426,160,7,8,0.1
E30,4,40,0.0,427,7300427,160,4,4,0.05
E30,4,40,0.0,428,7300428,160,11,12,0.15
E30,4,40,0.0,429,7300429,160,6,6,0.075
E30,4,40,0.0,430,7300430,160,10,9,0.1125
E30,4,40,0.0,431,7300431,160,9,10,0.125
E30,4,40,0.0,432,7300432,160,12,10,0.125
E30,4,40,0.0,433,7300433,160,13,11,0.1375
E30,4,40,0.0,434,7300434,160,9,9,0.1125
E30,4,40,0.0,435,7300435,160,4,3,0.0375
E30,4,40,0.0,436,7300436,160,12,11,0.1375
E30,4,40,0.0,437,7300437,160,11,11,0.1375
E30,4,40,0.0,438,7300438,160,16,19,0.2375
E30,4,40,0.0,439,7300439,160,12,11,0.1375
E30,4,40,0.0,440,7300440,160,12,13,0.1625
E30,4,40,0.0,441,7300441,160,12,12,0.15
E30,4,40,0.0,442,7300442,160,11,12,0.15
E30,4,40,0.0,443,7300443,160,11,9,0.1125
E30,4,40,0.0,444,7300444,160,10,13,0.1625
E30,4,40,0.0,445,7300445,160,8,8,0.1
E30,4,40,0.0,446,7300446,160,6,7,0.0875
E30,4,40,0.0,447,7300447,160,12,12,0.15
E30,4,40,0.0,448,7300448,160,11,12,0.15
E30,4,40,0.0,449,7300449,160,9,10,0.125
E30,4,40,0.0,450,7300450,160,13,11,0.1375
E30,4,40,0.0,451,7300451,160,13,9,0.1125
E30,4,40,0.0,452,7300452,160,3,3,0.0375
E30,4,40,0.0,453,7300453,160,11,11,0.1375
E30,4,40,0.0,454,7300454,160,10,9,0.1125
E30,4,40,0.0,455,7300455,160,12,10,0.125
E30,4,40,0.0,456,7300456,160,7,6,0.075
E30,4,40,0.0,457,7300457,160,7,7,0.0875
E30,4,40,0.0,458,7300458,160,12,13,0.1625
E30,4,40,0.0,459,7300459,160,13,12,0.15
E30,4,40,0.0,460,7300460,160,10,10,0.125
E30,4,40,0.0,461,7300461,160,12,10,0.125
E30,4,40,0.0,462,7300462,160,17,15,0.1875
E30,4,40,0.0,463,7300463,160,9,12,0.15
E30,4,40,0.0,464,7300464,160,10,12,0.15
E30,4,40,0.0,465,7300465,160,6,6,0.075
E30,4,40,0.0,466,7300466,160,8,8,0.1
E30,4,40,0.0,467,7300467,160,5,5,0.0625
E30,4,40,0.0,468,7300468,160,14,15,0.1875
E30,4,40,0.0,469,7300469,160,8,7,0.0875
E30,4,40,0.0,470,7300470,160,10,10,0.125
E30,4,40,0.0,471,7300471,160,15,13,0.1625
E30,4,40,0.0,472,7300472,160,9,9,0.1125
E30,4,40,0.0,473,7300473,160,3,3,0.0375
E30,4,40,0.0,474,7300474,160,10,8,0.1
E30,4,40,0.0,475,7300475,160,7,7,0.0875
E30,4,40,0.0,476,7300476,160,12,11,0.1375
E30,4,40,0.0,477,7300477,160,9,10,0.125
E30,4,40,0.0,478,7300478,160,5,5,0.0625
E30,4,40,0.0,479,7300479,160,10,9,0.1125
E30,4,40,0.0,480,7300480,160,7,8,0.1
E30,4,40,0.0,481,7300481,160,10,9,0.1125
E30,4,40,0.0,482,7300482,160,4,4,0.05
E30,4,40,0.0,483,7300483,160,18,17,0.2125
E30,4,40,0.0,484,7300484,160,12,12,0.15
E30,4,40,0.0,485,7300485,160,7,7,0.0875
E30,4,40,0.0,486,7300486,160,12,12,0.15
E30,4,40,0.0,487,7300487,160,8,8,0.1
E30,4,40,0.0,488,7300488,160,10,10,0.125
E30,4,40,0.0,489,7300489,160,10,9,0.1125
E30,4,40,0.0,490,7300490,160,6,9,0.1125
E30,4,40,0.0,491,7300491,160,12,14,0.175
E30,4,40,0.0,492,7300492,160,8,8,0.1
E30,4,40,0.0,493,7300493,160,11,8,0.1
E30,4,40,0.0,494,7300494,160,10,9,0.1125
E30,4,40,0.0,495,7300495,160,12,10,0.125
E30,4,40,0.0,496,7300496,160,14,14,0.175
E30,4,40,0.0,497,7300497,160,13,11,0.1375
E30,4,40,0.0,498,7300498,160,10,9,0.1125
E30,4,40,0.0,499,7300499,160,7,7,0.0875
E30,4,40,0.3,0,8300000,160,4,4,0.05
E30,4,40,0.3,1,8300001,160,8,8,0.1
E30,4,40,0.3,2,8300002,160,6,6,0.075
E30,4,40,0.3,3,8300003,160,10,14,0.175
E30,4,40,0.3,4,8300004,160,8,8,0.1
E30,4,40,0.3,5,8300005,160,5,5,0.0625
E30,4,40,0.3,6,8300006,160,3,4,0.05
E30,4,40,0.3,7,8300007,160,8,9,0.1125
E30,4,40,0.3,8,8300008,160,4,6,0.075
E30,4,40,0.3,9,8300009,160,7,7,0.0875
E30,4,40,0.3,10,8300010,160,6,8,0.1
E30,4,40,0.3,11,8300011,160,10,13,0.1625
E30,4,40,0.3,12,8300012,160,7,9,0.1125
E30,4,40,0.3,13,8300013,160,3,3,0.0375
E30,4,40,0.3,14,8300014,160,6,4,0.05
E30,4,40,0.3,15,8300015,160,6,6,0.075
E30,4,40,0.3,16,8300016,160,2,3,0.0375
E30,4,40,0.3,17,8300017,160,5,5,0.0625
E30,4,40,0.3,18,8300018,160,5,8,0.1
E30,4,40,0.3,19,8300019,160,11,12,0.15
E30,4,40,0.3,20,8300020,160,4,4,0.05
E30,4,40,0.3,21,8300021,160,5,8,0.1
E30,4,40,0.3,22,8300022,160,8,7,0.0875
E30,4,40,0.3,23,8300023,160,2,2,0.025
E30,4,40,0.3,24,8300024,160,2,2,0.025
E30,4,40,0.3,25,8300025,160,4,5,0.0625
E30,4,40,0.3,26,8300026,160,6,7,0.0875
E30,4,40,0.3,27,8300027,160,4,5,0.0625
E30,4,40,0.3,28,8300028,160,8,8,0.1
E30,4,40,0.3,29,8300029,160,6,7,0.0875
E30,4,40,0.3,30,8300030,160,4,4,0.05
E30,4,40,0.3,31,8300031,160,7,7,0.0875
E30,4,40,0.3,32,8300032,160,7,10,0.125
E30,4,40,0.3,33,8300033,160,4,5,0.0625
E30,4,40,0.3,34,8300034,160,4,4,0.05
E30,4,40,0.3,35,8300035,160,8,8,0.1
E30,4,40,0.3,36,8300036,160,6,7,0.0875
E30,4,40,0.3,37,8300037,160,6,6,0.075
E30,4,40,0.3,38,8300038,160,8,6,0.075
E30,4,40,0.3,39,8300039,160,7,9,0.1125
E30,4,40,0.3,40,8300040,160,10,10,0.125
E30,4,40,0.3,41,8300041,160,6,5,0.0625
E30,4,40,0.3,42,8300042,160,9,10,0.125
E30,4,40,0.3,43,8300043,160,4,8,0.1
E30,4,40,0.3,44,8300044,160,5,5,0.0625
E30,4,40,0.3,45,8300045,160,3,3,0.0375
E30,4,40,0.3,46,8300046,160,3,3,0.0375
E30,4,40,0.3,47,8300047,160,7,7,0.0875
E30,4,40,0.3,48,8300048,160,8,8,0.1
E30,4,40,0.3,49,8300049,160,5,5,0.0625
E30,4,40,0.3,50,8300050,160,6,6,0.075
E30,4,40,0.3,51,8300051,160,7,7,0.0875
E30,4,40,0.3,52,8300052,160,1,2,0.025
E30,4,40,0.3,53,8300053,160,5,6,0.075
E30,4,40,0.3,54,8300054,160,6,9,0.1125
E30,4,40,0.3,55,8300055,160,9,10,0.125
E30,4,40,0.3,56,8300056,160,7,8,0.1
E30,4,40,0.3,57,8300057,160,6,7,0.0875
E30,4,40,0.3,58,8300058,160,5,6,0.075
E30,4,40,0.3,59,8300059,160,6,8,0.1
E30,4,40,0.3,60,8300060,160,7,9,0.1125
E30,4,40,0.3,61,8300061,160,3,5,0.0625
E30,4,40,0.3,62,8300062,160,9,10,0.125
E30,4,40,0.3,63,8300063,160,4,5,0.0625
E30,4,40,0.3,64,8300064,160,3,3,0.0375
E30,4,40,0.3,65,8300065,160,7,11,0.1375
E30,4,40,0.3,66,8300066,160,5,5,0.0625
E30,4,40,0.3,67,8300067,160,5,6,0.075
E30,4,40,0.3,68,8300068,160,5,6,0.075
E30,4,40,0.3,69,8300069,160,5,6,0.075
E30,4,40,0.3,70,8300070,160,3,4,0.05
E30,4,40,0.3,71,8300071,160,12,13,0.1625
E30,4,40,0.3,72,8300072,160,5,9,0.1125
E30,4,40,0.3,73,8300073,160,6,7,0.0875
E30,4,40,0.3,74,8300074,160,8,10,0.125
E30,4,40,0.3,75,8300075,160,6,7,0.0875
E30,4,40,0.3,76,8300076,160,6,6,0.075
E30,4,40,0.3,77,8300077,160,4,5,0.0625
E30,4,40,0.3,78,8300078,160,3,4,0.05
E30,4,40,0.3,79,8300079,160,12,16,0.2
E30,4,40,0.3,80,8300080,160,9,10,0.125
E30,4,40,0.3,81,8300081,160,6,6,0.075
E30,4,40,0.3,82,8300082,160,12,11,0.1375
E30,4,40,0.3,83,8300083,160,5,6,0.075
E30,4,40,0.3,84,8300084,160,5,6,0.075
E30,4,40,0.3,85,8300085,160,2,4,0.05
E30,4,40,0.3,86,8300086,160,8,9,0.1125
E30,4,40,0.3,87,8300087,160,10,9,0.1125
E30,4,40,0.3,88,8300088,160,7,7,0.0875
E30,4,40,0.3,89,8300089,160,7,9,0.1125
E30,4,40,0.3,90,8300090,160,10,9,0.1125
E30,4,40,0.3,91,8300091,160,5,5,0.0625
E30,4,40,0.3,92,8300092,160,5,5,0.0625
E30,4,40,0.3,93,8300093,160,8,6,0.075
E30,4,40,0.3,94,8300094,160,5,5,0.0625
E30,4,40,0.3,95,8300095,160,7,10,0.125
E30,4,40,0.3,96,8300096,160,6,9,0.1125
E30,4,40,0.3,97,8300097,160,9,12,0.15
E30,4,40,0.3,98,8300098,160,5,6,0.075
E30,4,40,0.3,99,8300099,160,3,4,0.05
E30,4,40,0.3,100,8300100,160,8,11,0.1375
E30,4,40,0.3,101,8300101,160,8,8,0.1
E30,4,40,0.3,102,8300102,160,9,9,0.1125
E30,4,40,0.3,103,8300103,160,7,7,0.0875
E30,4,40,0.3,104,8300104,160,8,10,0.125
E30,4,40,0.3,105,8300105,160,5,6,0.075
E30,4,40,0.3,106,8300106,160,5,6,0.075
E30,4,40,0.3,107,8300107,160,7,7,0.0875
E30,4,40,0.3,108,8300108,160,6,7,0.0875
E30,4,40,0.3,109,8300109,160,3,3,0.0375
E30,4,40,0.3,110,8300110,160,9,9,0.1125
E30,4,40,0.3,111,8300111,160,4,4,0.05
E30,4,40,0.3,112,8300112,160,6,9,0.1125
E30,4,40,0.3,113,8300113,160,3,4,0.05
E30,4,40,0.3,114,8300114,160,2,2,0.025
E30,4,40,0.3,115,8300115,160,8,10,0.125
E30,4,40,0.3,116,8300116,160,9,10,0.125
E30,4,40,0.3,117,8300117,160,13,13,0.1625
E30,4,40,0.3,118,8300118,160,8,10,0.125
E30,4,40,0.3,119,8300119,160,12,11,0.1375
E30,4,40,0.3,120,8300120,160,11,12,0.15
E30,4,40,0.3,121,8300121,160,7,10,0.125
E30,4,40,0.3,122,8300122,160,6,8,0.1
E30,4,40,0.3,123,8300123,160,4,5,0.0625
E30,4,40,0.3,124,8300124,160,5,6,0.075
E30,4,40,0.3,125,8300125,160,3,5,0.0625
E30,4,40,0.3,126,8300126,160,8,11,0.1375
E30,4,40,0.3,127,8300127,160,5,7,0.0875
E30,4,40,0.3,128,8300128,160,11,14,0.175
E30,4,40,0.3,129,8300129,160,6,7,0.0875
E30,4,40,0.3,130,8300130,160,6,6,0.075
E30,4,40,0.3,131,8300131,160,5,5,0.0625
E30,4,40,0.3,132,8300132,160,4,5,0.0625
E30,4,40,0.3,133,8300133,160,3,3,0.0375
E30,4,40,0.3,134,8300134,160,3,4,0.05
E30,4,40,0.3,135,8300135,160,5,5,0.0625
E30,4,40,0.3,136,8300136,160,6,8,0.1
E30,4,40,0.3,137,8300137,160,10,15,0.1875
E30,4,40,0.3,138,8300138,160,6,7,0.0875
E30,4,40,0.3,139,8300139,160,10,10,0.125
E30,4,40,0.3,140,8300140,160,5,8,0.1
E30,4,40,0.3,141,8300141,160,8,9,0.1125
E30,4,40,0.3,142,8300142,160,6,10,0.125
E30,4,40,0.3,143,8300143,160,4,6,0.075
E30,4,40,0.3,144,8300144,160,4,5,0.0625
E30,4,40,0.3,145,8300145,160,5,8,0.1
E30,4,40,0.3,146,8300146,160,4,4,0.05
E30,4,40,0.3,147,8300147,160,3,3,0.0375
E30,4,40,0.3,148,8300148,160,5,6,0.075
E30,4,40,0.3,149,8300149,160,4,5,0.0625
E30,4,40,0.3,150,8300150,160,3,4,0.05
E30,4,40,0.3,151,8300151,160,6,7,0.0875
E30,4,40,0.3,152,8300152,160,8,9,0.1125
E30,4,40,0.3,153,8300153,160,3,3,0.0375
E30,4,40,0.3,154,8300154,160,9,13,0.1625
E30,4,40,0.3,155,8300155,160,10,12,0.15
E30,4,40,0.3,156,8300156,160,9,9,0.1125
E30,4,40,0.3,157,8300157,160,8,11,0.1375
E30,4,40,0.3,158,8300158,160,7,6,0.075
E30,4,40,0.3,159,8300159,160,4,5,0.0625
E30,4,40,0.3,160,8300160,160,7,7,0.0875
E30,4,40,0.3,161,8300161,160,3,4,0.05
E30,4,40,0.3,162,8300162,160,6,8,0.1
E30,4,40,0.3,163,8300163,160,4,4,0.05
E30,4,40,0.3,164,8300164,160,8,9,0.1125
E30,4,40,0.3,165,8300165,160,2,2,0.025
E30,4,40,0.3,166,8300166,160,4,4,0.05
E30,4,40,0.3,167,8300167,160,4,5,0.0625
E30,4,40,0.3,168,8300168,160,8,10,0.125
E30,4,40,0.3,169,8300169,160,8,8,0.1
E30,4,40,0.3,170,8300170,160,6,8,0.1
E30,4,40,0.3,171,8300171,160,6,9,0.1125
E30,4,40,0.3,172,8300172,160,5,6,0.075
E30,4,40,0.3,173,8300173,160,8,9,0.1125
E30,4,40,0.3,174,8300174,160,4,5,0.0625
E30,4,40,0.3,175,8300175,160,12,13,0.1625
E30,4,40,0.3,176,8300176,160,9,9,0.1125
E30,4,40,0.3,177,8300177,160,4,5,0.0625
E30,4,40,0.3,178,8300178,160,3,3,0.0375
E30,4,40,0.3,179,8300179,160,3,5,0.0625
E30,4,40,0.3,180,8300180,160,6,7,0.0875
E30,4,40,0.3,181,8300181,160,4,5,0.0625
E30,4,40,0.3,182,8300182,160,11,12,0.15
E30,4,40,0.3,183,8300183,160,6,5,0.0625
E30,4,40,0.3,184,8300184,160,6,7,0.0875
E30,4,40,0.3,185,8300185,160,7,8,0.1
E30,4,40,0.3,186,8300186,160,4,4,0.05
E30,4,40,0.3,187,8300187,160,7,8,0.1
E30,4,40,0.3,188,8300188,160,3,3,0.0375
E30,4,40,0.3,189,8300189,160,6,7,0.0875
E30,4,40,0.3,190,8300190,160,7,7,0.0875
E30,4,40,0.3,191,8300191,160,3,5,0.0625
E30,4,40,0.3,192,8300192,160,10,9,0.1125
E30,4,40,0.3,193,8300193,160,11,11,0.1375
E30,4,40,0.3,194,8300194,160,9,10,0.125
E30,4,40,0.3,195,8300195,160,5,6,0.075
E30,4,40,0.3,196,8300196,160,4,5,0.0625
E30,4,40,0.3,197,8300197,160,7,9,0.1125
E30,4,40,0.3,198,8300198,160,9,11,0.1375
E30,4,40,0.3,199,8300199,160,2,3,0.0375
E30,4,40,0.3,200,8300200,160,4,7,0.0875
E30,4,40,0.3,201,8300201,160,4,4,0.05
E30,4,40,0.3,202,8300202,160,5,5,0.0625
E30,4,40,0.3,203,8300203,160,5,7,0.0875
E30,4,40,0.3,204,8300204,160,6,7,0.0875
E30,4,40,0.3,205,8300205,160,4,5,0.0625
E30,4,40,0.3,206,8300206,160,4,5,0.0625
E30,4,40,0.3,207,8300207,160,10,10,0.125
E30,4,40,0.3,208,8300208,160,9,11,0.1375
E30,4,40,0.3,209,8300209,160,4,4,0.05
E30,4,40,0.3,210,8300210,160,4,4,0.05
E30,4,40,0.3,211,8300211,160,5,5,0.0625
E30,4,40,0.3,212,8300212,160,5,7,0.0875
E30,4,40,0.3,213,8300213,160,6,5,0.0625
E30,4,40,0.3,214,8300214,160,4,4,0.05
E30,4,40,0.3,215,8300215,160,8,9,0.1125
E30,4,40,0.3,216,8300216,160,6,5,0.0625
E30,4,40,0.3,217,8300217,160,3,4,0.05
E30,4,40,0.3,218,8300218,160,4,6,0.075
E30,4,40,0.3,219,8300219,160,11,15,0.1875
E30,4,40,0.3,220,8300220,160,5,5,0.0625
E30,4,40,0.3,221,8300221,160,5,7,0.0875
E30,4,40,0.3,222,8300222,160,4,5,0.0625
E30,4,40,0.3,223,8300223,160,8,7,0.0875
E30,4,40,0.3,224,8300224,160,5,8,0.1
E30,4,40,0.3,225,8300225,160,6,8,0.1
E30,4,40,0.3,226,8300226,160,7,11,0.1375
E30,4,40,0.3,227,8300227,160,4,5,0.0625
E30,4,40,0.3,228,8300228,160,11,14,0.175
E30,4,40,0.3,229,8300229,160,6,8,0.1
E30,4,40,0.3,230,8300230,160,6,8,0.1
E30,4,40,0.3,231,8300231,160,3,3,0.0375
E30,4,40,0.3,232,8300232,160,7,9,0.1125
E30,4,40,0.3,233,8300233,160,5,5,0.0625
E30,4,40,0.3,234,8300234,160,4,5,0.0625
E30,4,40,0.3,235,8300235,160,8,10,0.125
E30,4,40,0.3,236,8300236,160,6,7,0.0875
E30,4,40,0.3,237,8300237,160,6,7,0.0875
E30,4,40,0.3,238,8300238,160,7,12,0.15
E30,4,40,0.3,239,8300239,160,6,9,0.1125
E30,4,40,0.3,240,8300240,160,3,4,0.05
E30,4,40,0.3,241,8300241,160,6,6,0.075
E30,4,40,0.3,242,8300242,160,6,8,0.1
E30,4,40,0.3,243,8300243,160,8,10,0.125
E30,4,40,0.3,244,8300244,160,5,7,0.0875
E30,4,40,0.3,245,8300245,160,3,4,0.05
E30,4,40,0.3,246,8300246,160,9,12,0.15
E30,4,40,0.3,247,8300247,160,3,3,0.0375
E30,4,40,0.3,248,8300248,160,9,8,0.1
E30,4,40,0.3,249,8300249,160,4,4,0.05
E30,4,40,0.3,250,8300250,160,10,14,0.175
E30,4,40,0.3,251,8300251,160,5,5,0.0625
E30,4,40,0.3,252,8300252,160,8,11,0.1375
E30,4,40,0.3,253,8300253,160,4,5,0.0625
E30,4,40,0.3,254,8300254,160,10,12,0.15
E30,4,40,0.3,255,8300255,160,2,2,0.025
E30,4,40,0.3,256,8300256,160,4,3,0.0375
E30,4,40,0.3,257,8300257,160,11,11,0.1375
E30,4,40,0.3,258,8300258,160,9,12,0.15
E30,4,40,0.3,259,8300259,160,6,8,0.1
E30,4,40,0.3,260,8300260,160,5,6,0.075
E30,4,40,0.3,261,8300261,160,1,1,0.0125
E30,4,40,0.3,262,8300262,160,9,9,0.1125
E30,4,40,0.3,263,8300263,160,3,4,0.05
E30,4,40,0.3,264,8300264,160,5,6,0.075
E30,4,40,0.3,265,8300265,160,3,4,0.05
E30,4,40,0.3,266,8300266,160,5,4,0.05
E30,4,40,0.3,267,8300267,160,3,4,0.05
E30,4,40,0.3,268,8300268,160,7,9,0.1125
E30,4,40,0.3,269,8300269,160,5,5,0.0625
E30,4,40,0.3,270,8300270,160,16,14,0.175
E30,4,40,0.3,271,8300271,160,6,7,0.0875
E30,4,40,0.3,272,8300272,160,7,8,0.1
E30,4,40,0.3,273,8300273,160,5,8,0.1
E30,4,40,0.3,274,8300274,160,4,6,0.075
E30,4,40,0.3,275,8300275,160,12,13,0.1625
E30,4,40,0.3,276,8300276,160,1,1,0.0125
E30,4,40,0.3,277,8300277,160,9,10,0.125
E30,4,40,0.3,278,8300278,160,5,7,0.0875
E30,4,40,0.3,279,8300279,160,7,8,0.1
E30,4,40,0.3,280,8300280,160,9,11,0.1375
E30,4,40,0.3,281,8300281,160,6,7,0.0875
E30,4,40,0.3,282,8300282,160,5,4,0.05
E30,4,40,0.3,283,8300283,160,5,5,0.0625
E30,4,40,0.3,284,8300284,160,7,7,0.0875
E30,4,40,0.3,285,8300285,160,11,13,0.1625
E30,4,40,0.3,286,8300286,160,4,5,0.0625
E30,4,40,0.3,287,8300287,160,8,13,0.1625
E30,4,40,0.3,288,8300288,160,6,7,0.0875
E30,4,40,0.3,289,8300289,160,5,6,0.075
E30,4,40,0.3,290,8300290,160,4,7,0.0875
E30,4,40,0.3,291,8300291,160,2,4,0.05
E30,4,40,0.3,292,8300292,160,4,6,0.075
E30,4,40,0.3,293,8300293,160,10,13,0.1625
E30,4,40,0.3,294,8300294,160,2,2,0.025
E30,4,40,0.3,295,8300295,160,4,4,0.05
E30,4,40,0.3,296,8300296,160,7,10,0.125
E30,4,40,0.3,297,8300297,160,5,8,0.1
E30,4,40,0.3,298,8300298,160,7,7,0.0875
E30,4,40,0.3,299,8300299,160,5,5,0.0625
E30,4,40,0.3,300,8300300,160,6,7,0.0875
E30,4,40,0.3,301,8300301,160,5,5,0.0625
E30,4,40,0.3,302,8300302,160,6,6,0.075
E30,4,40,0.3,303,8300303,160,5,8,0.1
E30,4,40,0.3,304,8300304,160,9,10,0.125
E30,4,40,0.3,305,8300305,160,6,6,0.075
E30,4,40,0.3,306,8300306,160,10,13,0.1625
E30,4,40,0.3,307,8300307,160,6,9,0.1125
E30,4,40,0.3,308,8300308,160,5,7,0.0875
E30,4,40,0.3,309,8300309,160,7,8,0.1
E30,4,40,0.3,310,8300310,160,7,9,0.1125
E30,4,40,0.3,311,8300311,160,8,6,0.075
E30,4,40,0.3,312,8300312,160,2,4,0.05
E30,4,40,0.3,313,8300313,160,10,13,0.1625
E30,4,40,0.3,314,8300314,160,3,2,0.025
E30,4,40,0.3,315,8300315,160,10,10,0.125
E30,4,40,0.3,316,8300316,160,10,12,0.15
E30,4,40,0.3,317,8300317,160,8,10,0.125
E30,4,40,0.3,318,8300318,160,6,7,0.0875
E30,4,40,0.3,319,8300319,160,5,7,0.0875
E30,4,40,0.3,320,8300320,160,6,6,0.075
E30,4,40,0.3,321,8300321,160,5,7,0.0875
E30,4,40,0.3,322,8300322,160,4,4,0.05
E30,4,40,0.3,323,8300323,160,1,1,0.0125
E30,4,40,0.3,324,8300324,160,7,6,0.075
E30,4,40,0.3,325,8300325,160,5,4,0.05
E30,4,40,0.3,326,8300326,160,3,3,0.0375
E30,4,40,0.3,327,8300327,160,6,9,0.1125
E30,4,40,0.3,328,8300328,160,3,3,0.0375
E30,4,40,0.3,329,8300329,160,5,6,0.075
E30,4,40,0.3,330,8300330,160,16,16,0.2
E30,4,40,0.3,331,8300331,160,4,5,0.0625
E30,4,40,0.3,332,8300332,160,8,11,0.1375
E30,4,40,0.3,333,8300333,160,7,9,0.1125
E30,4,40,0.3,334,8300334,160,7,6,0.075
E30,4,40,0.3,335,8300335,160,9,7,0.0875
E30,4,40,0.3,336,8300336,160,7,8,0.1
E30,4,40,0.3,337,8300337,160,6,7,0.0875
E30,4,40,0.3,338,8300338,160,5,6,0.075
E30,4,40,0.3,339,8300339,160,7,9,0.1125
E30,4,40,0.3,340,8300340,160,4,4,0.05
E30,4,40,0.3,341,8300341,160,6,9,0.1125
E30,4,40,0.3,342,8300342,160,5,5,0.0625
E30,4,40,0.3,343,8300343,160,7,7,0.0875
E30,4,40,0.3,344,8300344,160,2,2,0.025
E30,4,40,0.3,345,8300345,160,9,10,0.125
E30,4,40,0.3,346,8300346,160,0,0,0.0
E30,4,40,0.3,347,8300347,160,5,8,0.1
E30,4,40,0.3,348,8300348,160,6,7,0.0875
E30,4,40,0.3,349,8300349,160,12,12,0.15
E30,4,40,0.3,350,8300350,160,8,12,0.15
E30,4,40,0.3,351,8300351,160,6,6,0.075
E30,4,40,0.3,352,8300352,160,15,17,0.2125
E30,4,40,0.3,353,8300353,160,5,6,0.075
E30,4,40,0.3,354,8300354,160,6,9,0.1125
E30,4,40,0.3,355,8300355,160,10,9,0.1125
E30,4,40,0.3,356,8300356,160,9,13,0.1625
E30,4,40,0.3,357,8300357,160,6,8,0.1
E30,4,40,0.3,358,8300358,160,8,11,0.1375
E30,4,40,0.3,359,8300359,160,9,10,0.125
E30,4,40,0.3,360,8300360,160,8,9,0.1125
E30,4,40,0.3,361,8300361,160,6,6,0.075
E30,4,40,0.3,362,8300362,160,4,4,0.05
E30,4,40,0.3,363,8300363,160,5,6,0.075
E30,4,40,0.3,364,8300364,160,1,1,0.0125
E30,4,40,0.3,365,8300365,160,7,10,0.125
E30,4,40,0.3,366,8300366,160,6,7,0.0875
E30,4,40,0.3,367,8300367,160,8,9,0.1125
E30,4,40,0.3,368,8300368,160,2,2,0.025
E30,4,40,0.3,369,8300369,160,8,8,0.1
E30,4,40,0.3,370,8300370,160,4,4,0.05
E30,4,40,0.3,371,8300371,160,3,4,0.05
E30,4,40,0.3,372,8300372,160,8,10,0.125
E30,4,40,0.3,373,8300373,160,6,6,0.075
E30,4,40,0.3,374,8300374,160,7,9,0.1125
E30,4,40,0.3,375,8300375,160,6,8,0.1
E30,4,40,0.3,376,8300376,160,9,6,0.075
E30,4,40,0.3,377,8300377,160,7,8,0.1
E30,4,40,0.3,378,8300378,160,4,6,0.075
E30,4,40,0.3,379,8300379,160,2,2,0.025
E30,4,40,0.3,380,8300380,160,9,13,0.1625
E30,4,40,0.3,381,8300381,160,16,16,0.2
E30,4,40,0.3,382,8300382,160,6,8,0.1
E30,4,40,0.3,383,8300383,160,8,10,0.125
E30,4,40,0.3,384,8300384,160,4,5,0.0625
E30,4,40,0.3,385,8300385,160,3,3,0.0375
E30,4,40,0.3,386,8300386,160,14,14,0.175
E30,4,40,0.3,387,8300387,160,7,8,0.1
E30,4,40,0.3,388,8300388,160,3,3,0.0375
E30,4,40,0.3,389,8300389,160,8,9,0.1125
E30,4,40,0.3,390,8300390,160,5,5,0.0625
E30,4,40,0.3,391,8300391,160,2,2,0.025
E30,4,40,0.3,392,8300392,160,7,9,0.1125
E30,4,40,0.3,393,8300393,160,6,7,0.0875
E30,4,40,0.3,394,8300394,160,3,5,0.0625
E30,4,40,0.3,395,8300395,160,4,4,0.05
E30,4,40,0.3,396,8300396,160,9,10,0.125
E30,4,40,0.3,397,8300397,160,9,10,0.125
E30,4,40,0.3,398,8300398,160,5,5,0.0625
E30,4,40,0.3,399,8300399,160,5,5,0.0625
E30,4,40,0.3,400,8300400,160,3,4,0.05
E30,4,40,0.3,401,8300401,160,6,12,0.15
E30,4,40,0.3,402,8300402,160,9,11,0.1375
E30,4,40,0.3,403,8300403,160,9,8,0.1
E30,4,40,0.3,404,8300404,160,3,7,0.0875
E30,4,40,0.3,405,8300405,160,4,7,0.0875
E30,4,40,0.3,406,8300406,160,6,7,0.0875
E30,4,40,0.3,407,8300407,160,3,4,0.05
E30,4,40,0.3,408,8300408,160,4,4,0.05
E30,4,40,0.3,409,8300409,160,8,9,0.1125
E30,4,40,0.3,410,8300410,160,10,8,0.1
E30,4,40,0.3,411,8300411,160,7,11,0.1375
E30,4,40,0.3,412,8300412,160,3,4,0.05
E30,4,40,0.3,413,8300413,160,7,8,0.1
E30,4,40,0.3,414,8300414,160,7,9,0.1125
E30,4,40,0.3,415,8300415,160,10,8,0.1
E30,4,40,0.3,416,8300416,160,4,4,0.05
E30,4,40,0.3,417,8300417,160,13,12,0.15
E30,4,40,0.3,418,8300418,160,4,5,0.0625
E30,4,40,0.3,419,8300419,160,10,11,0.1375
E30,4,40,0.3,420,8300420,160,8,11,0.1375
E30,4,40,0.3,421,8300421,160,8,9,0.1125
E30,4,40,0.3,422,8300422,160,4,4,0.05
E30,4,40,0.3,423,8300423,160,9,9,0.1125
E30,4,40,0.3,424,8300424,160,9,11,0.1375
E30,4,40,0.3,425,8300425,160,3,3,0.0375
E30,4,40,0.3,426,8300426,160,7,7,0.0875
E30,4,40,0.3,427,8300427,160,6,7,0.0875
E30,4,40,0.3,428,8300428,160,9,11,0.1375
E30,4,40,0.3,429,8300429,160,6,7,0.0875
E30,4,40,0.3,430,8300430,160,4,4,0.05
E30,4,40,0.3,431,8300431,160,6,6,0.075
E30,4,40,0.3,432,8300432,160,1,1,0.0125
E30,4,40,0.3,433,8300433,160,6,7,0.0875
E30,4,40,0.3,434,8300434,160,0,0,0.0
E30,4,40,0.3,435,8300435,160,12,14,0.175
E30,4,40,0.3,436,8300436,160,8,9,0.1125
E30,4,40,0.3,437,8300437,160,3,3,0.0375
E30,4,40,0.3,438,8300438,160,10,13,0.1625
E30,4,40,0.3,439,8300439,160,7,8,0.1
E30,4,40,0.3,440,8300440,160,9,14,0.175
E30,4,40,0.3,441,8300441,160,6,7,0.0875
E30,4,40,0.3,442,8300442,160,4,4,0.05
E30,4,40,0.3,443,8300443,160,5,6,0.075
E30,4,40,0.3,444,8300444,160,3,5,0.0625
E30,4,40,0.3,445,8300445,160,5,8,0.1
E30,4,40,0.3,446,8300446,160,4,4,0.05
E30,4,40,0.3,447,8300447,160,8,9,0.1125
E30,4,40,0.3,448,8300448,160,6,9,0.1125
E30,4,40,0.3,449,8300449,160,3,4,0.05
E30,4,40,0.3,450,8300450,160,8,8,0.1
E30,4,40,0.3,451,8300451,160,5,5,0.0625
E30,4,40,0.3,452,8300452,160,4,5,0.0625
E30,4,40,0.3,453,8300453,160,7,9,0.1125
E30,4,40,0.3,454,8300454,160,3,3,0.0375
E30,4,40,0.3,455,8300455,160,5,8,0.1
E30,4,40,0.3,456,8300456,160,7,6,0.075
E30,4,40,0.3,457,8300457,160,4,7,0.0875
E30,4,40,0.3,458,8300458,160,4,4,0.05
E30,4,40,0.3,459,8300459,160,6,7,0.0875
E30,4,40,0.3,460,8300460,160,4,6,0.075
E30,4,40,0.3,461,8300461,160,11,15,0.1875
E30,4,40,0.3,462,8300462,160,4,3,0.0375
E30,4,40,0.3,463,8300463,160,3,3,0.0375
E30,4,40,0.3,464,8300464,160,10,12,0.15
E30,4,40,0.3,465,8300465,160,3,5,0.0625
E30,4,40,0.3,466,8300466,160,11,14,0.175
E30,4,40,0.3,467,8300467,160,2,2,0.025
E30,4,40,0.3,468,8300468,160,4,5,0.0625
E30,4,40,0.3,469,8300469,160,10,10,0.125
E30,4,40,0.3,470,8300470,160,6,8,0.1
E30,4,40,0.3,471,8300471,160,5,3,0.0375
E30,4,40,0.3,472,8300472,160,9,9,0.1125
E30,4,40,0.3,473,8300473,160,6,10,0.125
E30,4,40,0.3,474,8300474,160,11,10,0.125
E30,4,40,0.3,475,8300475,160,6,7,0.0875
E30,4,40,0.3,476,8300476,160,5,6,0.075
E30,4,40,0.3,477,8300477,160,3,3,0.0375
E30,4,40,0.3,478,8300478,160,4,4,0.05
E30,4,40,0.3,479,8300479,160,2,2,0.025
E30,4,40,0.3,480,8300480,160,11,11,0.1375
E30,4,40,0.3,481,8300481,160,6,6,0.075
E30,4,40,0.3,482,8300482,160,10,13,0.1625
E30,4,40,0.3,483,8300483,160,16,16,0.2
E30,4,40,0.3,484,8300484,160,6,6,0.075
E30,4,40,0.3,485,8300485,160,5,6,0.075
E30,4,40,0.3,486,8300486,160,1,1,0.0125
E30,4,40,0.3,487,8300487,160,6,9,0.1125
E30,4,40,0.3,488,8300488,160,5,6,0.075
E30,4,40,0.3,489,8300489,160,9,9,0.1125
E30,4,40,0.3,490,8300490,160,11,15,0.1875
E30,4,40,0.3,491,8300491,160,6,6,0.075
E30,4,40,0.3,492,8300492,160,4,4,0.05
E30,4,40,0.3,493,8300493,160,8,8,0.1
E30,4,40,0.3,494,8300494,160,5,6,0.075
E30,4,40,0.3,495,8300495,160,4,4,0.05
E30,4,40,0.3,496,8300496,160,11,12,0.15
E30,4,40,0.3,497,8300497,160,4,4,0.05
E30,4,40,0.3,498,8300498,160,10,12,0.15
E30,4,40,0.3,499,8300499,160,11,11,0.1375
E30,4,40,0.6,0,9300000,160,8,12,0.15
E30,4,40,0.6,1,9300001,160,7,11,0.1375
E30,4,40,0.6,2,9300002,160,4,6,0.075
E30,4,40,0.6,3,9300003,160,11,13,0.1625
E30,4,40,0.6,4,9300004,160,9,14,0.175
E30,4,40,0.6,5,9300005,160,6,10,0.125
E30,4,40,0.6,6,9300006,160,7,13,0.1625
E30,4,40,0.6,7,9300007,160,9,13,0.1625
E30,4,40,0.6,8,9300008,160,7,14,0.175
E30,4,40,0.6,9,9300009,160,3,5,0.0625
E30,4,40,0.6,10,9300010,160,9,12,0.15
E30,4,40,0.6,11,9300011,160,5,7,0.0875
E30,4,40,0.6,12,9300012,160,6,8,0.1
E30,4,40,0.6,13,9300013,160,9,14,0.175
E30,4,40,0.6,14,9300014,160,6,9,0.1125
E30,4,40,0.6,15,9300015,160,9,13,0.1625
E30,4,40,0.6,16,9300016,160,1,2,0.025
E30,4,40,0.6,17,9300017,160,10,21,0.2625
E30,4,40,0.6,18,9300018,160,3,6,0.075
E30,4,40,0.6,19,9300019,160,7,12,0.15
E30,4,40,0.6,20,9300020,160,5,7,0.0875
E30,4,40,0.6,21,9300021,160,2,4,0.05
E30,4,40,0.6,22,9300022,160,6,12,0.15
E30,4,40,0.6,23,9300023,160,7,11,0.1375
E30,4,40,0.6,24,9300024,160,8,12,0.15
E30,4,40,0.6,25,9300025,160,10,16,0.2
E30,4,40,0.6,26,9300026,160,13,19,0.2375
E30,4,40,0.6,27,9300027,160,8,12,0.15
E30,4,40,0.6,28,9300028,160,5,11,0.1375
E30,4,40,0.6,29,9300029,160,6,8,0.1
E30,4,40,0.6,30,9300030,160,10,16,0.2
E30,4,40,0.6,31,9300031,160,4,5,0.0625
E30,4,40,0.6,32,9300032,160,4,6,0.075
E30,4,40,0.6,33,9300033,160,7,13,0.1625
E30,4,40,0.6,34,9300034,160,10,18,0.225
E30,4,40,0.6,35,9300035,160,8,11,0.1375
E30,4,40,0.6,36,9300036,160,6,12,0.15
E30,4,40,0.6,37,9300037,160,5,10,0.125
E30,4,40,0.6,38,9300038,160,4,4,0.05
E30,4,40,0.6,39,9300039,160,2,4,0.05
E30,4,40,0.6,40,9300040,160,3,11,0.1375
E30,4,40,0.6,41,9300041,160,6,12,0.15
E30,4,40,0.6,42,9300042,160,2,3,0.0375
E30,4,40,0.6,43,9300043,160,2,4,0.05
E30,4,40,0.6,44,9300044,160,4,7,0.0875
E30,4,40,0.6,45,9300045,160,3,5,0.0625
E30,4,40,0.6,46,9300046,160,4,8,0.1
E30,4,40,0.6,47,9300047,160,3,6,0.075
E30,4,40,0.6,48,9300048,160,6,13,0.1625
E30,4,40,0.6,49,9300049,160,7,10,0.125
E30,4,40,0.6,50,9300050,160,8,17,0.2125
E30,4,40,0.6,51,9300051,160,6,12,0.15
E30,4,40,0.6,52,9300052,160,12,23,0.2875
E30,4,40,0.6,53,9300053,160,2,4,0.05
E30,4,40,0.6,54,9300054,160,6,12,0.15
E30,4,40,0.6,55,9300055,160,9,19,0.2375
E30,4,40,0.6,56,9300056,160,5,8,0.1
E30,4,40,0.6,57,9300057,160,11,18,0.225
E30,4,40,0.6,58,9300058,160,11,19,0.2375
E30,4,40,0.6,59,9300059,160,9,12,0.15
E30,4,40,0.6,60,9300060,160,7,8,0.1
E30,4,40,0.6,61,9300061,160,7,13,0.1625
E30,4,40,0.6,62,9300062,160,5,10,0.125
E30,4,40,0.6,63,9300063,160,15,23,0.2875
E30,4,40,0.6,64,9300064,160,6,8,0.1
E30,4,40,0.6,65,9300065,160,7,15,0.1875
E30,4,40,0.6,66,9300066,160,5,7,0.0875
E30,4,40,0.6,67,9300067,160,9,19,0.2375
E30,4,40,0.6,68,9300068,160,9,15,0.1875
E30,4,40,0.6,69,9300069,160,12,20,0.25
E30,4,40,0.6,70,9300070,160,5,10,0.125
E30,4,40,0.6,71,9300071,160,10,15,0.1875
E30,4,40,0.6,72,9300072,160,11,18,0.225
E30,4,40,0.6,73,9300073,160,4,7,0.0875
E30,4,40,0.6,74,9300074,160,8,20,0.25
E30,4,40,0.6,75,9300075,160,5,6,0.075
E30,4,40,0.6,76,9300076,160,9,14,0.175
E30,4,40,0.6,77,9300077,160,7,12,0.15
E30,4,40,0.6,78,9300078,160,8,16,0.2
E30,4,40,0.6,79,9300079,160,5,7,0.0875
E30,4,40,0.6,80,9300080,160,6,10,0.125
E30,4,40,0.6,81,9300081,160,10,17,0.2125
E30,4,40,0.6,82,9300082,160,11,19,0.2375
E30,4,40,0.6,83,9300083,160,3,6,0.075
E30,4,40,0.6,84,9300084,160,7,13,0.1625
E30,4,40,0.6,85,9300085,160,8,15,0.1875
E30,4,40,0.6,86,9300086,160,12,18,0.225
E30,4,40,0.6,87,9300087,160,6,10,0.125
E30,4,40,0.6,88,9300088,160,4,6,0.075
E30,4,40,0.6,89,9300089,160,3,5,0.0625
E30,4,40,0.6,90,9300090,160,6,8,0.1
E30,4,40,0.6,91,9300091,160,7,12,0.15
E30,4,40,0.6,92,9300092,160,5,8,0.1
E30,4,40,0.6,93,9300093,160,8,12,0.15
E30,4,40,0.6,94,9300094,160,5,13,0.1625
E30,4,40,0.6,95,9300095,160,5,10,0.125
E30,4,40,0.6,96,9300096,160,9,12,0.15
E30,4,40,0.6,97,9300097,160,7,10,0.125
E30,4,40,0.6,98,9300098,160,7,10,0.125
E30,4,40,0.6,99,9300099,160,4,10,0.125
E30,4,40,0.6,100,9300100,160,14,20,0.25
E30,4,40,0.6,101,9300101,160,11,18,0.225
E30,4,40,0.6,102,9300102,160,10,15,0.1875
E30,4,40,0.6,103,9300103,160,11,15,0.1875
E30,4,40,0.6,104,9300104,160,6,9,0.1125
E30,4,40,0.6,105,9300105,160,5,9,0.1125
E30,4,40,0.6,106,9300106,160,11,19,0.2375
E30,4,40,0.6,107,9300107,160,5,10,0.125
E30,4,40,0.6,108,9300108,160,4,8,0.1
E30,4,40,0.6,109,9300109,160,7,10,0.125
E30,4,40,0.6,110,9300110,160,8,13,0.1625
E30,4,40,0.6,111,9300111,160,6,11,0.1375
E30,4,40,0.6,112,9300112,160,7,10,0.125
E30,4,40,0.6,113,9300113,160,14,20,0.25
E30,4,40,0.6,114,9300114,160,8,11,0.1375
E30,4,40,0.6,115,9300115,160,8,13,0.1625
E30,4,40,0.6,116,9300116,160,11,16,0.2
E30,4,40,0.6,117,9300117,160,7,14,0.175
E30,4,40,0.6,118,9300118,160,9,15,0.1875
E30,4,40,0.6,119,9300119,160,3,4,0.05
E30,4,40,0.6,120,9300120,160,8,13,0.1625
E30,4,40,0.6,121,9300121,160,2,4,0.05
E30,4,40,0.6,122,9300122,160,6,11,0.1375
E30,4,40,0.6,123,9300123,160,6,10,0.125
E30,4,40,0.6,124,9300124,160,7,15,0.1875
E30,4,40,0.6,125,9300125,160,9,14,0.175
E30,4,40,0.6,126,9300126,160,5,8,0.1
E30,4,40,0.6,127,9300127,160,6,12,0.15
E30,4,40,0.6,128,9300128,160,7,10,0.125
E30,4,40,0.6,129,9300129,160,4,8,0.1
E30,4,40,0.6,130,9300130,160,1,2,0.025
E30,4,40,0.6,131,9300131,160,2,3,0.0375
E30,4,40,0.6,132,9300132,160,5,9,0.1125
E30,4,40,0.6,133,9300133,160,7,12,0.15
E30,4,40,0.6,134,9300134,160,5,7,0.0875
E30,4,40,0.6,135,9300135,160,10,16,0.2
E30,4,40,0.6,136,9300136,160,6,13,0.1625
E30,4,40,0.6,137,9300137,160,5,13,0.1625
E30,4,40,0.6,138,9300138,160,8,16,0.2
E30,4,40,0.6,139,9300139,160,7,17,0.2125
E30,4,40,0.6,140,9300140,160,13,23,0.2875
E30,4,40,0.6,141,9300141,160,5,11,0.1375
E30,4,40,0.6,142,9300142,160,11,13,0.1625
E30,4,40,0.6,143,9300143,160,5,9,0.1125
E30,4,40,0.6,144,9300144,160,3,6,0.075
E30,4,40,0.6,145,9300145,160,9,18,0.225
E30,4,40,0.6,146,9300146,160,11,17,0.2125
E30,4,40,0.6,147,9300147,160,7,14,0.175
E30,4,40,0.6,148,9300148,160,7,13,0.1625
E30,4,40,0.6,149,9300149,160,3,6,0.075
E30,4,40,0.6,150,9300150,160,6,10,0.125
E30,4,40,0.6,151,9300151,160,8,15,0.1875
E30,4,40,0.6,152,9300152,160,8,11,0.1375
E30,4,40,0.6,153,9300153,160,7,10,0.125
E30,4,40,0.6,154,9300154,160,9,13,0.1625
E30,4,40,0.6,155,9300155,160,9,15,0.1875
E30,4,40,0.6,156,9300156,160,5,8,0.1
E30,4,40,0.6,157,9300157,160,4,8,0.1
E30,4,40,0.6,158,9300158,160,6,11,0.1375
E30,4,40,0.6,159,9300159,160,4,6,0.075
E30,4,40,0.6,160,9300160,160,6,10,0.125
E30,4,40,0.6,161,9300161,160,4,10,0.125
E30,4,40,0.6,162,9300162,160,8,14,0.175
E30,4,40,0.6,163,9300163,160,7,9,0.1125
E30,4,40,0.6,164,9300164,160,6,9,0.1125
E30,4,40,0.6,165,9300165,160,8,13,0.1625
E30,4,40,0.6,166,9300166,160,5,7,0.0875
E30,4,40,0.6,167,9300167,160,3,5,0.0625
E30,4,40,0.6,168,9300168,160,6,10,0.125
E30,4,40,0.6,169,9300169,160,6,11,0.1375
E30,4,40,0.6,170,9300170,160,3,8,0.1
E30,4,40,0.6,171,9300171,160,6,11,0.1375
E30,4,40,0.6,172,9300172,160,0,0,0.0
E30,4,40,0.6,173,9300173,160,5,8,0.1
E30,4,40,0.6,174,9300174,160,4,7,0.0875
E30,4,40,0.6,175,9300175,160,3,4,0.05
E30,4,40,0.6,176,9300176,160,10,20,0.25
E30,4,40,0.6,177,9300177,160,3,9,0.1125
E30,4,40,0.6,178,9300178,160,8,12,0.15
E30,4,40,0.6,179,9300179,160,11,19,0.2375
E30,4,40,0.6,180,9300180,160,4,8,0.1
E30,4,40,0.6,181,9300181,160,11,16,0.2
E30,4,40,0.6,182,9300182,160,3,5,0.0625
E30,4,40,0.6,183,9300183,160,6,8,0.1
E30,4,40,0.6,184,9300184,160,7,11,0.1375
E30,4,40,0.6,185,9300185,160,4,8,0.1
E30,4,40,0.6,186,9300186,160,5,9,0.1125
E30,4,40,0.6,187,9300187,160,8,16,0.2
E30,4,40,0.6,188,9300188,160,4,7,0.0875
E30,4,40,0.6,189,9300189,160,13,17,0.2125
E30,4,40,0.6,190,9300190,160,7,13,0.1625
E30,4,40,0.6,191,9300191,160,7,13,0.1625
E30,4,40,0.6,192,9300192,160,9,19,0.2375
E30,4,40,0.6,193,9300193,160,5,10,0.125
E30,4,40,0.6,194,9300194,160,8,15,0.1875
E30,4,40,0.6,195,9300195,160,6,14,0.175
E30,4,40,0.6,196,9300196,160,9,15,0.1875
E30,4,40,0.6,197,9300197,160,7,12,0.15
E30,4,40,0.6,198,9300198,160,6,11,0.1375
E30,4,40,0.6,199,9300199,160,6,10,0.125
E30,4,40,0.6,200,9300200,160,5,10,0.125
E30,4,40,0.6,201,9300201,160,8,17,0.2125
E30,4,40,0.6,202,9300202,160,6,8,0.1
E30,4,40,0.6,203,9300203,160,4,9,0.1125
E30,4,40,0.6,204,9300204,160,4,5,0.0625
E30,4,40,0.6,205,9300205,160,3,5,0.0625
E30,4,40,0.6,206,9300206,160,14,23,0.2875
E30,4,40,0.6,207,9300207,160,3,9,0.1125
E30,4,40,0.6,208,9300208,160,11,16,0.2
E30,4,40,0.6,209,9300209,160,4,7,0.0875
E30,4,40,0.6,210,9300210,160,3,7,0.0875
E30,4,40,0.6,211,9300211,160,7,11,0.1375
E30,4,40,0.6,212,9300212,160,5,11,0.1375
E30,4,40,0.6,213,9300213,160,5,9,0.1125
E30,4,40,0.6,214,9300214,160,4,8,0.1
E30,4,40,0.6,215,9300215,160,6,10,0.125
E30,4,40,0.6,216,9300216,160,11,16,0.2
E30,4,40,0.6,217,9300217,160,7,13,0.1625
E30,4,40,0.6,218,9300218,160,5,10,0.125
E30,4,40,0.6,219,9300219,160,11,15,0.1875
E30,4,40,0.6,220,9300220,160,4,7,0.0875
E30,4,40,0.6,221,9300221,160,8,14,0.175
E30,4,40,0.6,222,9300222,160,8,15,0.1875
E30,4,40,0.6,223,9300223,160,5,9,0.1125
E30,4,40,0.6,224,9300224,160,3,6,0.075
E30,4,40,0.6,225,9300225,160,11,18,0.225
E30,4,40,0.6,226,9300226,160,9,15,0.1875
E30,4,40,0.6,227,9300227,160,4,9,0.1125
E30,4,40,0.6,228,9300228,160,13,25,0.3125
E30,4,40,0.6,229,9300229,160,3,8,0.1
E30,4,40,0.6,230,9300230,160,5,12,0.15
E30,4,40,0.6,231,9300231,160,5,10,0.125
E30,4,40,0.6,232,9300232,160,6,10,0.125
E30,4,40,0.6,233,9300233,160,5,7,0.0875
E30,4,40,0.6,234,9300234,160,3,4,0.05
E30,4,40,0.6,235,9300235,160,6,10,0.125
E30,4,40,0.6,236,9300236,160,5,9,0.1125
E30,4,40,0.6,237,9300237,160,8,13,0.1625
E30,4,40,0.6,238,9300238,160,5,6,0.075
E30,4,40,0.6,239,9300239,160,7,10,0.125
E30,4,40,0.6,240,9300240,160,5,8,0.1
E30,4,40,0.6,241,9300241,160,8,13,0.1625
E30,4,40,0.6,242,9300242,160,6,13,0.1625
E30,4,40,0.6,243,9300243,160,6,9,0.1125
E30,4,40,0.6,244,9300244,160,12,20,0.25
E30,4,40,0.6,245,9300245,160,9,14,0.175
E30,4,40,0.6,246,9300246,160,3,6,0.075
E30,4,40,0.6,247,9300247,160,6,9,0.1125
E30,4,40,0.6,248,9300248,160,3,4,0.05
E30,4,40,0.6,249,9300249,160,13,17,0.2125
E30,4,40,0.6,250,9300250,160,6,9,0.1125
E30,4,40,0.6,251,9300251,160,5,10,0.125
E30,4,40,0.6,252,9300252,160,5,7,0.0875
E30,4,40,0.6,253,9300253,160,4,8,0.1
E30,4,40,0.6,254,9300254,160,4,5,0.0625
E30,4,40,0.6,255,9300255,160,8,12,0.15
E30,4,40,0.6,256,9300256,160,7,14,0.175
E30,4,40,0.6,257,9300257,160,8,14,0.175
E30,4,40,0.6,258,9300258,160,6,10,0.125
E30,4,40,0.6,259,9300259,160,11,19,0.2375
E30,4,40,0.6,260,9300260,160,10,15,0.1875
E30,4,40,0.6,261,9300261,160,8,14,0.175
E30,4,40,0.6,262,9300262,160,3,5,0.0625
E30,4,40,0.6,263,9300263,160,7,11,0.1375
E30,4,40,0.6,264,9300264,160,9,12,0.15
E30,4,40,0.6,265,9300265,160,6,10,0.125
E30,4,40,0.6,266,9300266,160,8,14,0.175
E30,4,40,0.6,267,9300267,160,2,2,0.025
E30,4,40,0.6,268,9300268,160,7,13,0.1625
E30,4,40,0.6,269,9300269,160,4,7,0.0875
E30,4,40,0.6,270,9300270,160,4,9,0.1125
E30,4,40,0.6,271,9300271,160,8,14,0.175
E30,4,40,0.6,272,9300272,160,5,8,0.1
E30,4,40,0.6,273,9300273,160,7,13,0.1625
E30,4,40,0.6,274,9300274,160,7,12,0.15
E30,4,40,0.6,275,9300275,160,5,9,0.1125
E30,4,40,0.6,276,9300276,160,7,12,0.15
E30,4,40,0.6,277,9300277,160,6,11,0.1375
E30,4,40,0.6,278,9300278,160,11,19,0.2375
E30,4,40,0.6,279,9300279,160,3,5,0.0625
E30,4,40,0.6,280,9300280,160,6,8,0.1
E30,4,40,0.6,281,9300281,160,7,11,0.1375
E30,4,40,0.6,282,9300282,160,5,11,0.1375
E30,4,40,0.6,283,9300283,160,7,12,0.15
E30,4,40,0.6,284,9300284,160,3,5,0.0625
E30,4,40,0.6,285,9300285,160,7,11,0.1375
E30,4,40,0.6,286,9300286,160,7,13,0.1625
E30,4,40,0.6,287,9300287,160,5,10,0.125
E30,4,40,0.6,288,9300288,160,2,4,0.05
E30,4,40,0.6,289,9300289,160,11,16,0.2
E30,4,40,0.6,290,9300290,160,6,13,0.1625
E30,4,40,0.6,291,9300291,160,7,13,0.1625
E30,4,40,0.6,292,9300292,160,3,4,0.05
E30,4,40,0.6,293,9300293,160,7,11,0.1375
E30,4,40,0.6,294,9300294,160,10,17,0.2125
E30,4,40,0.6,295,9300295,160,10,11,0.1375
E30,4,40,0.6,296,9300296,160,10,15,0.1875
E30,4,40,0.6,297,9300297,160,6,12,0.15
E30,4,40,0.6,298,9300298,160,5,4,0.05
E30,4,40,0.6,299,9300299,160,7,9,0.1125
E30,4,40,0.6,300,9300300,160,7,14,0.175
E30,4,40,0.6,301,9300301,160,7,12,0.15
E30,4,40,0.6,302,9300302,160,2,3,0.0375
E30,4,40,0.6,303,9300303,160,7,14,0.175
E30,4,40,0.6,304,9300304,160,5,9,0.1125
E30,4,40,0.6,305,9300305,160,4,6,0.075
E30,4,40,0.6,306,9300306,160,10,19,0.2375
E30,4,40,0.6,307,9300307,160,6,13,0.1625
E30,4,40,0.6,308,9300308,160,5,11,0.1375
E30,4,40,0.6,309,9300309,160,3,5,0.0625
E30,4,40,0.6,310,9300310,160,4,7,0.0875
E30,4,40,0.6,311,9300311,160,7,11,0.1375
E30,4,40,0.6,312,9300312,160,5,7,0.0875
E30,4,40,0.6,313,9300313,160,6,10,0.125
E30,4,40,0.6,314,9300314,160,9,13,0.1625
E30,4,40,0.6,315,9300315,160,9,14,0.175
E30,4,40,0.6,316,9300316,160,7,11,0.1375
E30,4,40,0.6,317,9300317,160,6,9,0.1125
E30,4,40,0.6,318,9300318,160,4,8,0.1
E30,4,40,0.6,319,9300319,160,7,11,0.1375
E30,4,40,0.6,320,9300320,160,8,12,0.15
E30,4,40,0.6,321,9300321,160,11,15,0.1875
E30,4,40,0.6,322,9300322,160,6,14,0.175
E30,4,40,0.6,323,9300323,160,9,18,0.225
E30,4,40,0.6,324,9300324,160,7,12,0.15
E30,4,40,0.6,325,9300325,160,7,12,0.15
E30,4,40,0.6,326,9300326,160,12,19,0.2375
E30,4,40,0.6,327,9300327,160,13,16,0.2
E30,4,40,0.6,328,9300328,160,4,7,0.0875
E30,4,40,0.6,329,9300329,160,5,8,0.1
E30,4,40,0.6,330,9300330,160,7,11,0.1375
E30,4,40,0.6,331,9300331,160,8,12,0.15
E30,4,40,0.6,332,9300332,160,11,20,0.25
E30,4,40,0.6,333,9300333,160,12,20,0.25
E30,4,40,0.6,334,9300334,160,4,6,0.075
E30,4,40,0.6,335,9300335,160,8,14,0.175
E30,4,40,0.6,336,9300336,160,7,10,0.125
E30,4,40,0.6,337,9300337,160,8,16,0.2
E30,4,40,0.6,338,9300338,160,5,11,0.1375
E30,4,40,0.6,339,9300339,160,4,8,0.1
E30,4,40,0.6,340,9300340,160,6,9,0.1125
E30,4,40,0.6,341,9300341,160,6,12,0.15
E30,4,40,0.6,342,9300342,160,6,8,0.1
E30,4,40,0.6,343,9300343,160,9,16,0.2
E30,4,40,0.6,344,9300344,160,9,12,0.15
E30,4,40,0.6,345,9300345,160,5,6,0.075
E30,4,40,0.6,346,9300346,160,5,8,0.1
E30,4,40,0.6,347,9300347,160,7,18,0.225
E30,4,40,0.6,348,9300348,160,8,13,0.1625
E30,4,40,0.6,349,9300349,160,10,14,0.175
E30,4,40,0.6,350,9300350,160,7,10,0.125
E30,4,40,0.6,351,9300351,160,6,10,0.125
E30,4,40,0.6,352,9300352,160,10,13,0.1625
E30,4,40,0.6,353,9300353,160,1,2,0.025
E30,4,40,0.6,354,9300354,160,6,11,0.1375
E30,4,40,0.6,355,9300355,160,8,13,0.1625
E30,4,40,0.6,356,9300356,160,8,13,0.1625
E30,4,40,0.6,357,9300357,160,6,11,0.1375
E30,4,40,0.6,358,9300358,160,7,14,0.175
E30,4,40,0.6,359,9300359,160,1,3,0.0375
E30,4,40,0.6,360,9300360,160,7,9,0.1125
E30,4,40,0.6,361,9300361,160,6,7,0.0875
E30,4,40,0.6,362,9300362,160,5,9,0.1125
E30,4,40,0.6,363,9300363,160,12,18,0.225
E30,4,40,0.6,364,9300364,160,6,11,0.1375
E30,4,40,0.6,365,9300365,160,3,6,0.075
E30,4,40,0.6,366,9300366,160,6,11,0.1375
E30,4,40,0.6,367,9300367,160,10,13,0.1625
E30,4,40,0.6,368,9300368,160,7,10,0.125
E30,4,40,0.6,369,9300369,160,5,9,0.1125
E30,4,40,0.6,370,9300370,160,9,13,0.1625
E30,4,40,0.6,371,9300371,160,5,9,0.1125
E30,4,40,0.6,372,9300372,160,5,10,0.125
E30,4,40,0.6,373,9300373,160,11,16,0.2
E30,4,40,0.6,374,9300374,160,13,20,0.25
E30,4,40,0.6,375,9300375,160,8,13,0.1625
E30,4,40,0.6,376,9300376,160,8,13,0.1625
E30,4,40,0.6,377,9300377,160,7,12,0.15
E30,4,40,0.6,378,9300378,160,3,5,0.0625
E30,4,40,0.6,379,9300379,160,8,10,0.125
E30,4,40,0.6,380,9300380,160,10,18,0.225
E30,4,40,0.6,381,9300381,160,3,4,0.05
E30,4,40,0.6,382,9300382,160,9,14,0.175
E30,4,40,0.6,383,9300383,160,6,11,0.1375
E30,4,40,0.6,384,9300384,160,8,12,0.15
E30,4,40,0.6,385,9300385,160,10,14,0.175
E30,4,40,0.6,386,9300386,160,5,9,0.1125
E30,4,40,0.6,387,9300387,160,6,9,0.1125
E30,4,40,0.6,388,9300388,160,5,6,0.075
E30,4,40,0.6,389,9300389,160,6,12,0.15
E30,4,40,0.6,390,9300390,160,9,14,0.175
E30,4,40,0.6,391,9300391,160,8,13,0.1625
E30,4,40,0.6,392,9300392,160,11,20,0.25
E30,4,40,0.6,393,9300393,160,6,12,0.15
E30,4,40,0.6,394,9300394,160,7,13,0.1625
E30,4,40,0.6,395,9300395,160,10,19,0.2375
E30,4,40,0.6,396,9300396,160,10,16,0.2
E30,4,40,0.6,397,9300397,160,13,22,0.275
E30,4,40,0.6,398,9300398,160,13,19,0.2375
E30,4,40,0.6,399,9300399,160,9,10,0.125
E30,4,40,0.6,400,9300400,160,3,7,0.0875
E30,4,40,0.6,401,9300401,160,8,14,0.175
E30,4,40,0.6,402,9300402,160,8,14,0.175
E30,4,40,0.6,403,9300403,160,8,14,0.175
E30,4,40,0.6,404,9300404,160,5,8,0.1
E30,4,40,0.6,405,9300405,160,4,7,0.0875
E30,4,40,0.6,406,9300406,160,10,14,0.175
E30,4,40,0.6,407,9300407,160,7,12,0.15
E30,4,40,0.6,408,9300408,160,0,0,0.0
E30,4,40,0.6,409,9300409,160,8,13,0.1625
E30,4,40,0.6,410,9300410,160,8,13,0.1625
E30,4,40,0.6,411,9300411,160,4,7,0.0875
E30,4,40,0.6,412,9300412,160,7,11,0.1375
E30,4,40,0.6,413,9300413,160,5,7,0.0875
E30,4,40,0.6,414,9300414,160,3,5,0.0625
E30,4,40,0.6,415,9300415,160,7,12,0.15
E30,4,40,0.6,416,9300416,160,4,7,0.0875
E30,4,40,0.6,417,9300417,160,4,9,0.1125
E30,4,40,0.6,418,9300418,160,10,19,0.2375
E30,4,40,0.6,419,9300419,160,4,7,0.0875
E30,4,40,0.6,420,9300420,160,7,12,0.15
E30,4,40,0.6,421,9300421,160,11,15,0.1875
E30,4,40,0.6,422,9300422,160,6,9,0.1125
E30,4,40,0.6,423,9300423,160,6,13,0.1625
E30,4,40,0.6,424,9300424,160,5,8,0.1
E30,4,40,0.6,425,9300425,160,3,7,0.0875
E30,4,40,0.6,426,9300426,160,3,5,0.0625
E30,4,40,0.6,427,9300427,160,5,7,0.0875
E30,4,40,0.6,428,9300428,160,6,10,0.125
E30,4,40,0.6,429,9300429,160,5,6,0.075
E30,4,40,0.6,430,9300430,160,3,5,0.0625
E30,4,40,0.6,431,9300431,160,5,7,0.0875
E30,4,40,0.6,432,9300432,160,7,13,0.1625
E30,4,40,0.6,433,9300433,160,6,9,0.1125
E30,4,40,0.6,434,9300434,160,8,13,0.1625
E30,4,40,0.6,435,9300435,160,6,10,0.125
E30,4,40,0.6,436,9300436,160,7,12,0.15
E30,4,40,0.6,437,9300437,160,3,6,0.075
E30,4,40,0.6,438,9300438,160,6,6,0.075
E30,4,40,0.6,439,9300439,160,10,16,0.2
E30,4,40,0.6,440,9300440,160,4,8,0.1
E30,4,40,0.6,441,9300441,160,9,19,0.2375
E30,4,40,0.6,442,9300442,160,5,10,0.125
E30,4,40,0.6,443,9300443,160,9,16,0.2
E30,4,40,0.6,444,9300444,160,4,7,0.0875
E30,4,40,0.6,445,9300445,160,11,18,0.225
E30,4,40,0.6,446,9300446,160,8,15,0.1875
E30,4,40,0.6,447,9300447,160,8,12,0.15
E30,4,40,0.6,448,9300448,160,6,11,0.1375
E30,4,40,0.6,449,9300449,160,1,3,0.0375
E30,4,40,0.6,450,9300450,160,6,13,0.1625
E30,4,40,0.6,451,9300451,160,10,15,0.1875
E30,4,40,0.6,452,9300452,160,9,18,0.225
E30,4,40,0.6,453,9300453,160,9,14,0.175
E30,4,40,0.6,454,9300454,160,6,12,0.15
E30,4,40,0.6,455,9300455,160,12,22,0.275
E30,4,40,0.6,456,9300456,160,4,5,0.0625
E30,4,40,0.6,457,9300457,160,4,7,0.0875
E30,4,40,0.6,458,9300458,160,7,10,0.125
E30,4,40,0.6,459,9300459,160,14,20,0.25
E30,4,40,0.6,460,9300460,160,6,10,0.125
E30,4,40,0.6,461,9300461,160,5,9,0.1125
E30,4,40,0.6,462,9300462,160,4,8,0.1
E30,4,40,0.6,463,9300463,160,3,4,0.05
E30,4,40,0.6,464,9300464,160,3,4,0.05
E30,4,40,0.6,465,9300465,160,12,20,0.25
E30,4,40,0.6,466,9300466,160,8,14,0.175
E30,4,40,0.6,467,9300467,160,6,11,0.1375
E30,4,40,0.6,468,9300468,160,7,11,0.1375
E30,4,40,0.6,469,9300469,160,7,11,0.1375
E30,4,40,0.6,470,9300470,160,6,13,0.1625
E30,4,40,0.6,471,9300471,160,2,5,0.0625
E30,4,40,0.6,472,9300472,160,6,15,0.1875
E30,4,40,0.6,473,9300473,160,6,10,0.125
E30,4,40,0.6,474,9300474,160,9,12,0.15
E30,4,40,0.6,475,9300475,160,5,9,0.1125
E30,4,40,0.6,476,9300476,160,9,16,0.2
E30,4,40,0.6,477,9300477,160,8,13,0.1625
E30,4,40,0.6,478,9300478,160,9,12,0.15
E30,4,40,0.6,479,9300479,160,13,18,0.225
E30,4,40,0.6,480,9300480,160,4,8,0.1
E30,4,40,0.6,481,9300481,160,8,15,0.1875
E30,4,40,0.6,482,9300482,160,6,7,0.0875
E30,4,40,0.6,483,9300483,160,9,12,0.15
E30,4,40,0.6,484,9300484,160,3,6,0.075
E30,4,40,0.6,485,9300485,160,4,7,0.0875
E30,4,40,0.6,486,9300486,160,3,6,0.075
E30,4,40,0.6,487,9300487,160,7,12,0.15
E30,4,40,0.6,488,9300488,160,3,7,0.0875
E30,4,40,0.6,489,9300489,160,8,13,0.1625
E30,4,40,0.6,490,9300490,160,1,2,0.025
E30,4,40,0.6,491,9300491,160,9,14,0.175
E30,4,40,0.6,492,9300492,160,4,6,0.075
E30,4,40,0.6,493,9300493,160,7,10,0.125
E30,4,40,0.6,494,9300494,160,7,12,0.15
E30,4,40,0.6,495,9300495,160,11,19,0.2375
E30,4,40,0.6,496,9300496,160,5,9,0.1125
E30,4,40,0.6,497,9300497,160,8,12,0.15
E30,4,40,0.6,498,9300498,160,12,17,0.2125
E30,4,40,0.6,499,9300499,160,9,14,0.175
E30,5,10,0.0,0,10300000,50,6,6,0.24
E30,5,10,0.0,1,10300001,50,1,1,0.04
E30,5,10,0.0,2,10300002,50,6,6,0.24
E30,5,10,0.0,3,10300003,50,0,0,0.0
E30,5,10,0.0,4,10300004,50,5,5,0.2
E30,5,10,0.0,5,10300005,50,0,0,0.0
E30,5,10,0.0,6,10300006,50,3,2,0.08
E30,5,10,0.0,7,10300007,50,3,3,0.12
E30,5,10,0.0,8,10300008,50,5,4,0.16
E30,5,10,0.0,9,10300009,50,2,2,0.08
E30,5,10,0.0,10,10300010,50,2,3,0.12
E30,5,10,0.0,11,10300011,50,5,3,0.12
E30,5,10,0.0,12,10300012,50,2,2,0.08
E30,5,10,0.0,13,10300013,50,5,4,0.16
E30,5,10,0.0,14,10300014,50,3,3,0.12
E30,5,10,0.0,15,10300015,50,4,3,0.12
E30,5,10,0.0,16,10300016,50,4,4,0.16
E30,5,10,0.0,17,10300017,50,1,1,0.04
E30,5,10,0.0,18,10300018,50,4,4,0.16
E30,5,10,0.0,19,10300019,50,2,2,0.08
E30,5,10,0.0,20,10300020,50,3,2,0.08
E30,5,10,0.0,21,10300021,50,2,2,0.08
E30,5,10,0.0,22,10300022,50,1,2,0.08
E30,5,10,0.0,23,10300023,50,2,2,0.08
E30,5,10,0.0,24,10300024,50,4,4,0.16
E30,5,10,0.0,25,10300025,50,3,3,0.12
E30,5,10,0.0,26,10300026,50,2,2,0.08
E30,5,10,0.0,27,10300027,50,3,3,0.12
E30,5,10,0.0,28,10300028,50,7,5,0.2
E30,5,10,0.0,29,10300029,50,3,3,0.12
E30,5,10,0.0,30,10300030,50,3,3,0.12
E30,5,10,0.0,31,10300031,50,1,1,0.04
E30,5,10,0.0,32,10300032,50,4,3,0.12
E30,5,10,0.0,33,10300033,50,0,0,0.0
E30,5,10,0.0,34,10300034,50,0,0,0.0
E30,5,10,0.0,35,10300035,50,2,2,0.08
E30,5,10,0.0,36,10300036,50,2,2,0.08
E30,5,10,0.0,37,10300037,50,2,2,0.08
E30,5,10,0.0,38,10300038,50,7,6,0.24
E30,5,10,0.0,39,10300039,50,4,4,0.16
E30,5,10,0.0,40,10300040,50,3,3,0.12
E30,5,10,0.0,41,10300041,50,1,1,0.04
E30,5,10,0.0,42,10300042,50,1,1,0.04
E30,5,10,0.0,43,10300043,50,4,3,0.12
E30,5,10,0.0,44,10300044,50,1,1,0.04
E30,5,10,0.0,45,10300045,50,3,3,0.12
E30,5,10,0.0,46,10300046,50,1,2,0.08
E30,5,10,0.0,47,10300047,50,6,6,0.24
E30,5,10,0.0,48,10300048,50,1,1,0.04
E30,5,10,0.0,49,10300049,50,3,3,0.12
E30,5,10,0.0,50,10300050,50,1,1,0.04
E30,5,10,0.0,51,10300051,50,6,6,0.24
E30,5,10,0.0,52,10300052,50,1,1,0.04
E30,5,10,0.0,53,10300053,50,1,1,0.04
E30,5,10,0.0,54,10300054,50,4,4,0.16
E30,5,10,0.0,55,10300055,50,2,2,0.08
E30,5,10,0.0,56,10300056,50,4,3,0.12
E30,5,10,0.0,57,10300057,50,5,4,0.16
E30,5,10,0.0,58,10300058,50,4,4,0.16
E30,5,10,0.0,59,10300059,50,4,3,0.12
E30,5,10,0.0,60,10300060,50,3,2,0.08
E30,5,10,0.0,61,10300061,50,1,1,0.04
E30,5,10,0.0,62,10300062,50,4,4,0.16
E30,5,10,0.0,63,10300063,50,4,5,0.2
E30,5,10,0.0,64,10300064,50,5,4,0.16
E30,5,10,0.0,65,10300065,50,4,3,0.12
E30,5,10,0.0,66,10300066,50,1,1,0.04
E30,5,10,0.0,67,10300067,50,4,4,0.16
E30,5,10,0.0,68,10300068,50,2,3,0.12
E30,5,10,0.0,69,10300069,50,2,2,0.08
E30,5,10,0.0,70,10300070,50,3,4,0.16
E30,5,10,0.0,71,10300071,50,6,5,0.2
E30,5,10,0.0,72,10300072,50,3,3,0.12
E30,5,10,0.0,73,10300073,50,1,2,0.08
E30,5,10,0.0,74,10300074,50,4,3,0.12
E30,5,10,0.0,75,10300075,50,2,2,0.08
E30,5,10,0.0,76,10300076,50,6,6,0.24
E30,5,10,0.0,77,10300077,50,3,3,0.12
E30,5,10,0.0,78,10300078,50,3,3,0.12
E30,5,10,0.0,79,10300079,50,3,3,0.12
E30,5,10,0.0,80,10300080,50,0,0,0.0
E30,5,10,0.0,81,10300081,50,2,2,0.08
E30,5,10,0.0,82,10300082,50,3,3,0.12
E30,5,10,0.0,83,10300083,50,6,6,0.24
E30,5,10,0.0,84,10300084,50,8,7,0.28
E30,5,10,0.0,85,10300085,50,3,4,0.16
E30,5,10,0.0,86,10300086,50,2,2,0.08
E30,5,10,0.0,87,10300087,50,4,3,0.12
E30,5,10,0.0,88,10300088,50,1,1,0.04
E30,5,10,0.0,89,10300089,50,5,5,0.2
E30,5,10,0.0,90,10300090,50,1,1,0.04
E30,5,10,0.0,91,10300091,50,2,2,0.08
E30,5,10,0.0,92,10300092,50,5,5,0.2
E30,5,10,0.0,93,10300093,50,4,6,0.24
E30,5,10,0.0,94,10300094,50,2,2,0.08
E30,5,10,0.0,95,10300095,50,1,1,0.04
E30,5,10,0.0,96,10300096,50,2,2,0.08
E30,5,10,0.0,97,10300097,50,4,3,0.12
E30,5,10,0.0,98,10300098,50,2,2,0.08
E30,5,10,0.0,99,10300099,50,2,2,0.08
E30,5,10,0.0,100,10300100,50,1,1,0.04
E30,5,10,0.0,101,10300101,50,6,5,0.2
E30,5,10,0.0,102,10300102,50,5,5,0.2
E30,5,10,0.0,103,10300103,50,2,1,0.04
E30,5,10,0.0,104,10300104,50,3,3,0.12
E30,5,10,0.0,105,10300105,50,2,2,0.08
E30,5,10,0.0,106,10300106,50,0,0,0.0
E30,5,10,0.0,107,10300107,50,1,1,0.04
E30,5,10,0.0,108,10300108,50,5,5,0.2
E30,5,10,0.0,109,10300109,50,4,4,0.16
E30,5,10,0.0,110,10300110,50,7,6,0.24
E30,5,10,0.0,111,10300111,50,5,5,0.2
E30,5,10,0.0,112,10300112,50,3,2,0.08
E30,5,10,0.0,113,10300113,50,3,3,0.12
E30,5,10,0.0,114,10300114,50,2,2,0.08
E30,5,10,0.0,115,10300115,50,1,3,0.12
E30,5,10,0.0,116,10300116,50,3,3,0.12
E30,5,10,0.0,117,10300117,50,3,3,0.12
E30,5,10,0.0,118,10300118,50,2,2,0.08
E30,5,10,0.0,119,10300119,50,3,3,0.12
E30,5,10,0.0,120,10300120,50,4,4,0.16
E30,5,10,0.0,121,10300121,50,7,6,0.24
E30,5,10,0.0,122,10300122,50,1,1,0.04
E30,5,10,0.0,123,10300123,50,3,3,0.12
E30,5,10,0.0,124,10300124,50,3,3,0.12
E30,5,10,0.0,125,10300125,50,5,5,0.2
E30,5,10,0.0,126,10300126,50,2,2,0.08
E30,5,10,0.0,127,10300127,50,1,2,0.08
E30,5,10,0.0,128,10300128,50,8,8,0.32
E30,5,10,0.0,129,10300129,50,3,3,0.12
E30,5,10,0.0,130,10300130,50,4,4,0.16
E30,5,10,0.0,131,10300131,50,5,7,0.28
E30,5,10,0.0,132,10300132,50,4,3,0.12
E30,5,10,0.0,133,10300133,50,1,1,0.04
E30,5,10,0.0,134,10300134,50,5,5,0.2
E30,5,10,0.0,135,10300135,50,2,2,0.08
E30,5,10,0.0,136,10300136,50,1,1,0.04
E30,5,10,0.0,137,10300137,50,2,3,0.12
E30,5,10,0.0,138,10300138,50,1,1,0.04
E30,5,10,0.0,139,10300139,50,11,8,0.32
E30,5,10,0.0,140,10300140,50,4,4,0.16
E30,5,10,0.0,141,10300141,50,2,2,0.08
E30,5,10,0.0,142,10300142,50,4,5,0.2
E30,5,10,0.0,143,10300143,50,2,2,0.08
E30,5,10,0.0,144,10300144,50,2,2,0.08
E30,5,10,0.0,145,10300145,50,2,2,0.08
E30,5,10,0.0,146,10300146,50,1,1,0.04
E30,5,10,0.0,147,10300147,50,5,7,0.28
E30,5,10,0.0,148,10300148,50,1,1,0.04
E30,5,10,0.0,149,10300149,50,4,4,0.16
E30,5,10,0.0,150,10300150,50,5,4,0.16
E30,5,10,0.0,151,10300151,50,3,3,0.12
E30,5,10,0.0,152,10300152,50,1,1,0.04
E30,5,10,0.0,153,10300153,50,1,1,0.04
E30,5,10,0.0,154,10300154,50,2,2,0.08
E30,5,10,0.0,155,10300155,50,3,3,0.12
E30,5,10,0.0,156,10300156,50,4,4,0.16
E30,5,10,0.0,157,10300157,50,4,4,0.16
E30,5,10,0.0,158,10300158,50,4,3,0.12
E30,5,10,0.0,159,10300159,50,1,1,0.04
E30,5,10,0.0,160,10300160,50,3,4,0.16
E30,5,10,0.0,161,10300161,50,4,3,0.12
E30,5,10,0.0,162,10300162,50,2,3,0.12
E30,5,10,0.0,163,10300163,50,5,5,0.2
E30,5,10,0.0,164,10300164,50,4,4,0.16
E30,5,10,0.0,165,10300165,50,3,3,0.12
E30,5,10,0.0,166,10300166,50,5,5,0.2
E30,5,10,0.0,167,10300167,50,1,1,0.04
E30,5,10,0.0,168,10300168,50,1,1,0.04
E30,5,10,0.0,169,10300169,50,3,3,0.12
E30,5,10,0.0,170,10300170,50,5,4,0.16
E30,5,10,0.0,171,10300171,50,1,2,0.08
E30,5,10,0.0,172,10300172,50,5,3,0.12
E30,5,10,0.0,173,10300173,50,3,4,0.16
E30,5,10,0.0,174,10300174,50,4,3,0.12
E30,5,10,0.0,175,10300175,50,4,3,0.12
E30,5,10,0.0,176,10300176,50,5,5,0.2
E30,5,10,0.0,177,10300177,50,4,5,0.2
E30,5,10,0.0,178,10300178,50,4,3,0.12
E30,5,10,0.0,179,10300179,50,4,5,0.2
E30,5,10,0.0,180,10300180,50,3,2,0.08
E30,5,10,0.0,181,10300181,50,6,6,0.24
E30,5,10,0.0,182,10300182,50,2,3,0.12
E30,5,10,0.0,183,10300183,50,3,3,0.12
E30,5,10,0.0,184,10300184,50,4,4,0.16
E30,5,10,0.0,185,10300185,50,4,3,0.12
E30,5,10,0.0,186,10300186,50,4,4,0.16
E30,5,10,0.0,187,10300187,50,3,2,0.08
E30,5,10,0.0,188,10300188,50,4,4,0.16
E30,5,10,0.0,189,10300189,50,4,4,0.16
E30,5,10,0.0,190,10300190,50,7,7,0.28
E30,5,10,0.0,191,10300191,50,2,1,0.04
E30,5,10,0.0,192,10300192,50,6,6,0.24
E30,5,10,0.0,193,10300193,50,3,2,0.08
E30,5,10,0.0,194,10300194,50,1,1,0.04
E30,5,10,0.0,195,10300195,50,3,3,0.12
E30,5,10,0.0,196,10300196,50,0,0,0.0
E30,5,10,0.0,197,10300197,50,6,6,0.24
E30,5,10,0.0,198,10300198,50,2,2,0.08
E30,5,10,0.0,199,10300199,50,1,1,0.04
E30,5,10,0.0,200,10300200,50,1,1,0.04
E30,5,10,0.0,201,10300201,50,4,4,0.16
E30,5,10,0.0,202,10300202,50,1,1,0.04
E30,5,10,0.0,203,10300203,50,2,2,0.08
E30,5,10,0.0,204,10300204,50,3,2,0.08
E30,5,10,0.0,205,10300205,50,4,4,0.16
E30,5,10,0.0,206,10300206,50,3,3,0.12
E30,5,10,0.0,207,10300207,50,1,1,0.04
E30,5,10,0.0,208,10300208,50,2,2,0.08
E30,5,10,0.0,209,10300209,50,4,5,0.2
E30,5,10,0.0,210,10300210,50,4,4,0.16
E30,5,10,0.0,211,10300211,50,5,5,0.2
E30,5,10,0.0,212,10300212,50,1,1,0.04
E30,5,10,0.0,213,10300213,50,1,2,0.08
E30,5,10,0.0,214,10300214,50,2,2,0.08
E30,5,10,0.0,215,10300215,50,3,4,0.16
E30,5,10,0.0,216,10300216,50,1,1,0.04
E30,5,10,0.0,217,10300217,50,2,2,0.08
E30,5,10,0.0,218,10300218,50,2,2,0.08
E30,5,10,0.0,219,10300219,50,5,4,0.16
E30,5,10,0.0,220,10300220,50,1,1,0.04
E30,5,10,0.0,221,10300221,50,3,2,0.08
E30,5,10,0.0,222,10300222,50,3,3,0.12
E30,5,10,0.0,223,10300223,50,4,3,0.12
E30,5,10,0.0,224,10300224,50,2,2,0.08
E30,5,10,0.0,225,10300225,50,2,2,0.08
E30,5,10,0.0,226,10300226,50,2,2,0.08
E30,5,10,0.0,227,10300227,50,3,3,0.12
E30,5,10,0.0,228,10300228,50,3,3,0.12
E30,5,10,0.0,229,10300229,50,3,3,0.12
E30,5,10,0.0,230,10300230,50,5,5,0.2
E30,5,10,0.0,231,10300231,50,3,3,0.12
E30,5,10,0.0,232,10300232,50,0,0,0.0
E30,5,10,0.0,233,10300233,50,3,3,0.12
E30,5,10,0.0,234,10300234,50,5,5,0.2
E30,5,10,0.0,235,10300235,50,1,1,0.04
E30,5,10,0.0,236,10300236,50,4,3,0.12
E30,5,10,0.0,237,10300237,50,2,2,0.08
E30,5,10,0.0,238,10300238,50,2,2,0.08
E30,5,10,0.0,239,10300239,50,1,1,0.04
E30,5,10,0.0,240,10300240,50,2,2,0.08
E30,5,10,0.0,241,10300241,50,1,1,0.04
E30,5,10,0.0,242,10300242,50,3,3,0.12
E30,5,10,0.0,243,10300243,50,6,4,0.16
E30,5,10,0.0,244,10300244,50,4,4,0.16
E30,5,10,0.0,245,10300245,50,4,3,0.12
E30,5,10,0.0,246,10300246,50,4,4,0.16
E30,5,10,0.0,247,10300247,50,6,5,0.2
E30,5,10,0.0,248,10300248,50,1,1,0.04
E30,5,10,0.0,249,10300249,50,3,3,0.12
E30,5,10,0.0,250,10300250,50,3,3,0.12
E30,5,10,0.0,251,10300251,50,4,3,0.12
E30,5,10,0.0,252,10300252,50,1,1,0.04
E30,5,10,0.0,253,10300253,50,7,6,0.24
E30,5,10,0.0,254,10300254,50,7,8,0.32
E30,5,10,0.0,255,10300255,50,2,2,0.08
E30,5,10,0.0,256,10300256,50,4,5,0.2
E30,5,10,0.0,257,10300257,50,2,2,0.08
E30,5,10,0.0,258,10300258,50,3,3,0.12
E30,5,10,0.0,259,10300259,50,3,3,0.12
E30,5,10,0.0,260,10300260,50,4,4,0.16
E30,5,10,0.0,261,10300261,50,1,1,0.04
E30,5,10,0.0,262,10300262,50,0,0,0.0
E30,5,10,0.0,263,10300263,50,3,3,0.12
E30,5,10,0.0,264,10300264,50,1,1,0.04
E30,5,10,0.0,265,10300265,50,1,1,0.04
E30,5,10,0.0,266,10300266,50,3,3,0.12
E30,5,10,0.0,267,10300267,50,2,2,0.08
E30,5,10,0.0,268,10300268,50,7,7,0.28
E30,5,10,0.0,269,10300269,50,3,3,0.12
E30,5,10,0.0,270,10300270,50,5,5,0.2
E30,5,10,0.0,271,10300271,50,3,2,0.08
E30,5,10,0.0,272,10300272,50,4,4,0.16
E30,5,10,0.0,273,10300273,50,5,5,0.2
E30,5,10,0.0,274,10300274,50,2,2,0.08
E30,5,10,0.0,275,10300275,50,4,4,0.16
E30,5,10,0.0,276,10300276,50,4,4,0.16
E30,5,10,0.0,277,10300277,50,3,3,0.12
E30,5,10,0.0,278,10300278,50,1,1,0.04
E30,5,10,0.0,279,10300279,50,1,1,0.04
E30,5,10,0.0,280,10300280,50,1,1,0.04
E30,5,10,0.0,281,10300281,50,5,4,0.16
E30,5,10,0.0,282,10300282,50,3,3,0.12
E30,5,10,0.0,283,10300283,50,5,5,0.2
E30,5,10,0.0,284,10300284,50,3,2,0.08
E30,5,10,0.0,285,10300285,50,3,3,0.12
E30,5,10,0.0,286,10300286,50,1,1,0.04
E30,5,10,0.0,287,10300287,50,0,0,0.0
E30,5,10,0.0,288,10300288,50,1,2,0.08
E30,5,10,0.0,289,10300289,50,4,4,0.16
E30,5,10,0.0,290,10300290,50,2,2,0.08
E30,5,10,0.0,291,10300291,50,0,0,0.0
E30,5,10,0.0,292,10300292,50,5,4,0.16
E30,5,10,0.0,293,10300293,50,1,1,0.04
E30,5,10,0.0,294,10300294,50,4,4,0.16
E30,5,10,0.0,295,10300295,50,4,5,0.2
E30,5,10,0.0,296,10300296,50,2,3,0.12
E30,5,10,0.0,297,10300297,50,5,5,0.2
E30,5,10,0.0,298,10300298,50,2,2,0.08
E30,5,10,0.0,299,10300299,50,4,4,0.16
E30,5,10,0.0,300,10300300,50,2,2,0.08
E30,5,10,0.0,301,10300301,50,4,5,0.2
E30,5,10,0.0,302,10300302,50,2,3,0.12
E30,5,10,0.0,303,10300303,50,2,2,0.08
E30,5,10,0.0,304,10300304,50,2,2,0.08
E30,5,10,0.0,305,10300305,50,4,4,0.16
E30,5,10,0.0,306,10300306,50,5,5,0.2
E30,5,10,0.0,307,10300307,50,0,0,0.0
E30,5,10,0.0,308,10300308,50,3,3,0.12
E30,5,10,0.0,309,10300309,50,1,1,0.04
E30,5,10,0.0,310,10300310,50,2,2,0.08
E30,5,10,0.0,311,10300311,50,3,2,0.08
E30,5,10,0.0,312,10300312,50,4,4,0.16
E30,5,10,0.0,313,10300313,50,6,5,0.2
E30,5,10,0.0,314,10300314,50,3,3,0.12
E30,5,10,0.0,315,10300315,50,2,2,0.08
E30,5,10,0.0,316,10300316,50,6,6,0.24
E30,5,10,0.0,317,10300317,50,6,7,0.28
E30,5,10,0.0,318,10300318,50,0,0,0.0
E30,5,10,0.0,319,10300319,50,5,5,0.2
E30,5,10,0.0,320,10300320,50,5,5,0.2
E30,5,10,0.0,321,10300321,50,4,4,0.16
E30,5,10,0.0,322,10300322,50,2,2,0.08
E30,5,10,0.0,323,10300323,50,4,4,0.16
E30,5,10,0.0,324,10300324,50,2,2,0.08
E30,5,10,0.0,325,10300325,50,4,3,0.12
E30,5,10,0.0,326,10300326,50,5,4,0.16
E30,5,10,0.0,327,10300327,50,2,2,0.08
E30,5,10,0.0,328,10300328,50,2,2,0.08
E30,5,10,0.0,329,10300329,50,1,1,0.04
E30,5,10,0.0,330,10300330,50,2,2,0.08
E30,5,10,0.0,331,10300331,50,1,1,0.04
E30,5,10,0.0,332,10300332,50,1,1,0.04
E30,5,10,0.0,333,10300333,50,1,1,0.04
E30,5,10,0.0,334,10300334,50,1,1,0.04
E30,5,10,0.0,335,10300335,50,2,2,0.08
E30,5,10,0.0,336,10300336,50,2,3,0.12
E30,5,10,0.0,337,10300337,50,3,2,0.08
E30,5,10,0.0,338,10300338,50,2,2,0.08
E30,5,10,0.0,339,10300339,50,4,3,0.12
E30,5,10,0.0,340,10300340,50,2,2,0.08
E30,5,10,0.0,341,10300341,50,5,4,0.16
E30,5,10,0.0,342,10300342,50,2,2,0.08
E30,5,10,0.0,343,10300343,50,4,4,0.16
E30,5,10,0.0,344,10300344,50,3,2,0.08
E30,5,10,0.0,345,10300345,50,4,4,0.16
E30,5,10,0.0,346,10300346,50,2,3,0.12
E30,5,10,0.0,347,10300347,50,6,6,0.24
E30,5,10,0.0,348,10300348,50,1,1,0.04
E30,5,10,0.0,349,10300349,50,4,4,0.16
E30,5,10,0.0,350,10300350,50,2,2,0.08
E30,5,10,0.0,351,10300351,50,5,5,0.2
E30,5,10,0.0,352,10300352,50,1,1,0.04
E30,5,10,0.0,353,10300353,50,1,1,0.04
E30,5,10,0.0,354,10300354,50,4,4,0.16
E30,5,10,0.0,355,10300355,50,2,2,0.08
E30,5,10,0.0,356,10300356,50,4,4,0.16
E30,5,10,0.0,357,10300357,50,1,1,0.04
E30,5,10,0.0,358,10300358,50,3,4,0.16
E30,5,10,0.0,359,10300359,50,3,3,0.12
E30,5,10,0.0,360,10300360,50,7,6,0.24
E30,5,10,0.0,361,10300361,50,0,0,0.0
E30,5,10,0.0,362,10300362,50,3,3,0.12
E30,5,10,0.0,363,10300363,50,4,5,0.2
E30,5,10,0.0,364,10300364,50,4,4,0.16
E30,5,10,0.0,365,10300365,50,4,4,0.16
E30,5,10,0.0,366,10300366,50,4,3,0.12
E30,5,10,0.0,367,10300367,50,1,1,0.04
E30,5,10,0.0,368,10300368,50,1,1,0.04
E30,5,10,0.0,369,10300369,50,5,4,0.16
E30,5,10,0.0,370,10300370,50,5,3,0.12
E30,5,10,0.0,371,10300371,50,3,3,0.12
E30,5,10,0.0,372,10300372,50,3,2,0.08
E30,5,10,0.0,373,10300373,50,4,3,0.12
E30,5,10,0.0,374,10300374,50,0,0,0.0
E30,5,10,0.0,375,10300375,50,1,1,0.04
E30,5,10,0.0,376,10300376,50,3,3,0.12
E30,5,10,0.0,377,10300377,50,4,3,0.12
E30,5,10,0.0,378,10300378,50,4,4,0.16
E30,5,10,0.0,379,10300379,50,3,3,0.12
E30,5,10,0.0,380,10300380,50,2,2,0.08
E30,5,10,0.0,381,10300381,50,7,5,0.2
E30,5,10,0.0,382,10300382,50,2,3,0.12
E30,5,10,0.0,383,10300383,50,4,3,0.12
E30,5,10,0.0,384,10300384,50,4,3,0.12
E30,5,10,0.0,385,10300385,50,3,4,0.16
E30,5,10,0.0,386,10300386,50,4,4,0.16
E30,5,10,0.0,387,10300387,50,1,1,0.04
E30,5,10,0.0,388,10300388,50,2,1,0.04
E30,5,10,0.0,389,10300389,50,2,2,0.08
E30,5,10,0.0,390,10300390,50,6,5,0.2
E30,5,10,0.0,391,10300391,50,4,4,0.16
E30,5,10,0.0,392,10300392,50,3,3,0.12
E30,5,10,0.0,393,10300393,50,4,4,0.16
E30,5,10,0.0,394,10300394,50,3,4,0.16
E30,5,10,0.0,395,10300395,50,4,5,0.2
E30,5,10,0.0,396,10300396,50,5,4,0.16
E30,5,10,0.0,397,10300397,50,3,3,0.12
E30,5,10,0.0,398,10300398,50,4,4,0.16
E30,5,10,0.0,399,10300399,50,2,2,0.08
E30,5,10,0.0,400,10300400,50,3,3,0.12
E30,5,10,0.0,401,10300401,50,5,5,0.2
E30,5,10,0.0,402,10300402,50,4,4,0.16
E30,5,10,0.0,403,10300403,50,4,4,0.16
E30,5,10,0.0,404,10300404,50,2,2,0.08
E30,5,10,0.0,405,10300405,50,2,2,0.08
E30,5,10,0.0,406,10300406,50,1,1,0.04
E30,5,10,0.0,407,10300407,50,2,2,0.08
E30,5,10,0.0,408,10300408,50,1,1,0.04
E30,5,10,0.0,409,10300409,50,1,1,0.04
E30,5,10,0.0,410,10300410,50,2,2,0.08
E30,5,10,0.0,411,10300411,50,5,5,0.2
E30,5,10,0.0,412,10300412,50,3,3,0.12
E30,5,10,0.0,413,10300413,50,3,3,0.12
E30,5,10,0.0,414,10300414,50,9,8,0.32
E30,5,10,0.0,415,10300415,50,0,0,0.0
E30,5,10,0.0,416,10300416,50,8,5,0.2
E30,5,10,0.0,417,10300417,50,3,3,0.12
E30,5,10,0.0,418,10300418,50,3,3,0.12
E30,5,10,0.0,419,10300419,50,2,2,0.08
E30,5,10,0.0,420,10300420,50,2,2,0.08
E30,5,10,0.0,421,10300421,50,3,3,0.12
E30,5,10,0.0,422,10300422,50,3,3,0.12
E30,5,10,0.0,423,10300423,50,1,1,0.04
E30,5,10,0.0,424,10300424,50,4,4,0.16
E30,5,10,0.0,425,10300425,50,2,2,0.08
E30,5,10,0.0,426,10300426,50,5,5,0.2
E30,5,10,0.0,427,10300427,50,1,1,0.04
E30,5,10,0.0,428,10300428,50,3,3,0.12
E30,5,10,0.0,429,10300429,50,3,2,0.08
E30,5,10,0.0,430,10300430,50,5,4,0.16
E30,5,10,0.0,431,10300431,50,1,1,0.04
E30,5,10,0.0,432,10300432,50,3,3,0.12
E30,5,10,0.0,433,10300433,50,1,1,0.04
E30,5,10,0.0,434,10300434,50,2,2,0.08
E30,5,10,0.0,435,10300435,50,6,6,0.24
E30,5,10,0.0,436,10300436,50,3,3,0.12
E30,5,10,0.0,437,10300437,50,3,3,0.12
E30,5,10,0.0,438,10300438,50,1,1,0.04
E30,5,10,0.0,439,10300439,50,5,4,0.16
E30,5,10,0.0,440,10300440,50,4,4,0.16
E30,5,10,0.0,441,10300441,50,4,5,0.2
E30,5,10,0.0,442,10300442,50,4,4,0.16
E30,5,10,0.0,443,10300443,50,3,2,0.08
E30,5,10,0.0,444,10300444,50,5,5,0.2
E30,5,10,0.0,445,10300445,50,3,3,0.12
E30,5,10,0.0,446,10300446,50,3,3,0.12
E30,5,10,0.0,447,10300447,50,4,4,0.16
E30,5,10,0.0,448,10300448,50,2,2,0.08
E30,5,10,0.0,449,10300449,50,3,3,0.12
E30,5,10,0.0,450,10300450,50,4,4,0.16
E30,5,10,0.0,451,10300451,50,5,5,0.2
E30,5,10,0.0,452,10300452,50,5,5,0.2
E30,5,10,0.0,453,10300453,50,2,2,0.08
E30,5,10,0.0,454,10300454,50,3,4,0.16
E30,5,10,0.0,455,10300455,50,3,3,0.12
E30,5,10,0.0,456,10300456,50,2,2,0.08
E30,5,10,0.0,457,10300457,50,2,1,0.04
E30,5,10,0.0,458,10300458,50,3,3,0.12
E30,5,10,0.0,459,10300459,50,5,4,0.16
E30,5,10,0.0,460,10300460,50,6,5,0.2
E30,5,10,0.0,461,10300461,50,4,6,0.24
E30,5,10,0.0,462,10300462,50,3,3,0.12
E30,5,10,0.0,463,10300463,50,5,5,0.2
E30,5,10,0.0,464,10300464,50,8,6,0.24
E30,5,10,0.0,465,10300465,50,1,1,0.04
E30,5,10,0.0,466,10300466,50,4,3,0.12
E30,5,10,0.0,467,10300467,50,1,1,0.04
E30,5,10,0.0,468,10300468,50,6,6,0.24
E30,5,10,0.0,469,10300469,50,2,2,0.08
E30,5,10,0.0,470,10300470,50,2,2,0.08
E30,5,10,0.0,471,10300471,50,7,6,0.24
E30,5,10,0.0,472,10300472,50,3,3,0.12
E30,5,10,0.0,473,10300473,50,4,4,0.16
E30,5,10,0.0,474,10300474,50,6,4,0.16
E30,5,10,0.0,475,10300475,50,2,2,0.08
E30,5,10,0.0,476,10300476,50,2,2,0.08
E30,5,10,0.0,477,10300477,50,6,6,0.24
E30,5,10,0.0,478,10300478,50,5,4,0.16
E30,5,10,0.0,479,10300479,50,4,4,0.16
E30,5,10,0.0,480,10300480,50,4,4,0.16
E30,5,10,0.0,481,10300481,50,3,3,0.12
E30,5,10,0.0,482,10300482,50,3,3,0.12
E30,5,10,0.0,483,10300483,50,1,1,0.04
E30,5,10,0.0,484,10300484,50,2,2,0.08
E30,5,10,0.0,485,10300485,50,4,3,0.12
E30,5,10,0.0,486,10300486,50,3,3,0.12
E30,5,10,0.0,487,10300487,50,3,3,0.12
E30,5,10,0.0,488,10300488,50,4,4,0.16
E30,5,10,0.0,489,10300489,50,2,2,0.08
E30,5,10,0.0,490,10300490,50,1,1,0.04
E30,5,10,0.0,491,10300491,50,2,2,0.08
E30,5,10,0.0,492,10300492,50,0,0,0.0
E30,5,10,0.0,493,10300493,50,4,3,0.12
E30,5,10,0.0,494,10300494,50,6,5,0.2
E30,5,10,0.0,495,10300495,50,4,3,0.12
E30,5,10,0.0,496,10300496,50,5,5,0.2
E30,5,10,0.0,497,10300497,50,3,3,0.12
E30,5,10,0.0,498,10300498,50,7,7,0.28
E30,5,10,0.0,499,10300499,50,4,4,0.16
E30,5,10,0.3,0,11300000,50,1,1,0.04
E30,5,10,0.3,1,11300001,50,1,1,0.04
E30,5,10,0.3,2,11300002,50,2,2,0.08
E30,5,10,0.3,3,11300003,50,1,1,0.04
E30,5,10,0.3,4,11300004,50,0,0,0.0
E30,5,10,0.3,5,11300005,50,2,2,0.08
E30,5,10,0.3,6,11300006,50,2,2,0.08
E30,5,10,0.3,7,11300007,50,0,0,0.0
E30,5,10,0.3,8,11300008,50,1,1,0.04
E30,5,10,0.3,9,11300009,50,1,1,0.04
E30,5,10,0.3,10,11300010,50,1,1,0.04
E30,5,10,0.3,11,11300011,50,2,2,0.08
E30,5,10,0.3,12,11300012,50,1,1,0.04
E30,5,10,0.3,13,11300013,50,0,0,0.0
E30,5,10,0.3,14,11300014,50,1,1,0.04
E30,5,10,0.3,15,11300015,50,2,3,0.12
E30,5,10,0.3,16,11300016,50,4,3,0.12
E30,5,10,0.3,17,11300017,50,2,3,0.12
E30,5,10,0.3,18,11300018,50,1,2,0.08
E30,5,10,0.3,19,11300019,50,2,3,0.12
E30,5,10,0.3,20,11300020,50,3,4,0.16
E30,5,10,0.3,21,11300021,50,1,1,0.04
E30,5,10,0.3,22,11300022,50,3,4,0.16
E30,5,10,0.3,23,11300023,50,3,3,0.12
E30,5,10,0.3,24,11300024,50,3,3,0.12
E30,5,10,0.3,25,11300025,50,5,5,0.2
E30,5,10,0.3,26,11300026,50,1,1,0.04
E30,5,10,0.3,27,11300027,50,2,2,0.08
E30,5,10,0.3,28,11300028,50,3,3,0.12
E30,5,10,0.3,29,11300029,50,3,2,0.08
E30,5,10,0.3,30,11300030,50,1,1,0.04
E30,5,10,0.3,31,11300031,50,3,3,0.12
E30,5,10,0.3,32,11300032,50,3,3,0.12
E30,5,10,0.3,33,11300033,50,2,2,0.08
E30,5,10,0.3,34,11300034,50,1,1,0.04
E30,5,10,0.3,35,11300035,50,2,3,0.12
E30,5,10,0.3,36,11300036,50,3,2,0.08
E30,5,10,0.3,37,11300037,50,1,1,0.04
E30,5,10,0.3,38,11300038,50,2,3,0.12
E30,5,10,0.3,39,11300039,50,2,2,0.08
E30,5,10,0.3,40,11300040,50,0,0,0.0
E30,5,10,0.3,41,11300041,50,1,1,0.04
E30,5,10,0.3,42,11300042,50,2,2,0.08
E30,5,10,0.3,43,11300043,50,1,1,0.04
E30,5,10,0.3,44,11300044,50,3,3,0.12
E30,5,10,0.3,45,11300045,50,3,4,0.16
E30,5,10,0.3,46,11300046,50,2,2,0.08
E30,5,10,0.3,47,11300047,50,0,0,0.0
E30,5,10,0.3,48,11300048,50,1,1,0.04
E30,5,10,0.3,49,11300049,50,3,4,0.16
E30,5,10,0.3,50,11300050,50,2,1,0.04
E30,5,10,0.3,51,11300051,50,1,1,0.04
E30,5,10,0.3,52,11300052,50,0,0,0.0
E30,5,10,0.3,53,11300053,50,2,2,0.08
E30,5,10,0.3,54,11300054,50,3,4,0.16
E30,5,10,0.3,55,11300055,50,0,0,0.0
E30,5,10,0.3,56,11300056,50,2,3,0.12
E30,5,10,0.3,57,11300057,50,2,2,0.08
E30,5,10,0.3,58,11300058,50,0,0,0.0
E30,5,10,0.3,59,11300059,50,0,0,0.0
E30,5,10,0.3,60,11300060,50,2,2,0.08
E30,5,10,0.3,61,11300061,50,2,3,0.12
E30,5,10,0.3,62,11300062,50,2,2,0.08
E30,5,10,0.3,63,11300063,50,0,0,0.0
E30,5,10,0.3,64,11300064,50,2,2,0.08
E30,5,10,0.3,65,11300065,50,2,3,0.12
E30,5,10,0.3,66,11300066,50,2,3,0.12
E30,5,10,0.3,67,11300067,50,2,2,0.08
E30,5,10,0.3,68,11300068,50,2,2,0.08
E30,5,10,0.3,69,11300069,50,4,5,0.2
E30,5,10,0.3,70,11300070,50,0,0,0.0
E30,5,10,0.3,71,11300071,50,2,1,0.04
E30,5,10,0.3,72,11300072,50,2,2,0.08
E30,5,10,0.3,73,11300073,50,2,3,0.12
E30,5,10,0.3,74,11300074,50,1,1,0.04
E30,5,10,0.3,75,11300075,50,0,0,0.0
E30,5,10,0.3,76,11300076,50,0,0,0.0
E30,5,10,0.3,77,11300077,50,3,3,0.12
E30,5,10,0.3,78,11300078,50,1,1,0.04
E30,5,10,0.3,79,11300079,50,4,4,0.16
E30,5,10,0.3,80,11300080,50,0,0,0.0
E30,5,10,0.3,81,11300081,50,4,5,0.2
E30,5,10,0.3,82,11300082,50,0,0,0.0
E30,5,10,0.3,83,11300083,50,1,1,0.04
E30,5,10,0.3,84,11300084,50,0,0,0.0
E30,5,10,0.3,85,11300085,50,2,1,0.04
E30,5,10,0.3,86,11300086,50,3,3,0.12
E30,5,10,0.3,87,11300087,50,0,0,0.0
E30,5,10,0.3,88,11300088,50,2,2,0.08
E30,5,10,0.3,89,11300089,50,0,0,0.0
E30,5,10,0.3,90,11300090,50,2,2,0.08
E30,5,10,0.3,91,11300091,50,0,0,0.0
E30,5,10,0.3,92,11300092,50,2,2,0.08
E30,5,10,0.3,93,11300093,50,3,3,0.12
E30,5,10,0.3,94,11300094,50,3,2,0.08
E30,5,10,0.3,95,11300095,50,2,2,0.08
E30,5,10,0.3,96,11300096,50,4,6,0.24
E30,5,10,0.3,97,11300097,50,2,3,0.12
E30,5,10,0.3,98,11300098,50,2,2,0.08
E30,5,10,0.3,99,11300099,50,1,1,0.04
E30,5,10,0.3,100,11300100,50,2,1,0.04
E30,5,10,0.3,101,11300101,50,1,2,0.08
E30,5,10,0.3,102,11300102,50,2,2,0.08
E30,5,10,0.3,103,11300103,50,0,0,0.0
E30,5,10,0.3,104,11300104,50,7,6,0.24
E30,5,10,0.3,105,11300105,50,2,3,0.12
E30,5,10,0.3,106,11300106,50,6,4,0.16
E30,5,10,0.3,107,11300107,50,0,0,0.0
E30,5,10,0.3,108,11300108,50,1,3,0.12
E30,5,10,0.3,109,11300109,50,2,2,0.08
E30,5,10,0.3,110,11300110,50,2,2,0.08
E30,5,10,0.3,111,11300111,50,1,1,0.04
E30,5,10,0.3,112,11300112,50,2,3,0.12
E30,5,10,0.3,113,11300113,50,2,2,0.08
E30,5,10,0.3,114,11300114,50,0,0,0.0
E30,5,10,0.3,115,11300115,50,2,2,0.08
E30,5,10,0.3,116,11300116,50,3,3,0.12
E30,5,10,0.3,117,11300117,50,4,4,0.16
E30,5,10,0.3,118,11300118,50,2,2,0.08
E30,5,10,0.3,119,11300119,50,1,1,0.04
E30,5,10,0.3,120,11300120,50,1,1,0.04
E30,5,10,0.3,121,11300121,50,3,3,0.12
E30,5,10,0.3,122,11300122,50,1,1,0.04
E30,5,10,0.3,123,11300123,50,2,2,0.08
E30,5,10,0.3,124,11300124,50,0,0,0.0
E30,5,10,0.3,125,11300125,50,3,3,0.12
E30,5,10,0.3,126,11300126,50,4,4,0.16
E30,5,10,0.3,127,11300127,50,1,1,0.04
E30,5,10,0.3,128,11300128,50,3,4,0.16
E30,5,10,0.3,129,11300129,50,2,4,0.16
E30,5,10,0.3,130,11300130,50,2,2,0.08
E30,5,10,0.3,131,11300131,50,0,0,0.0
E30,5,10,0.3,132,11300132,50,3,3,0.12
E30,5,10,0.3,133,11300133,50,3,3,0.12
E30,5,10,0.3,134,11300134,50,1,1,0.04
E30,5,10,0.3,135,11300135,50,0,0,0.0
E30,5,10,0.3,136,11300136,50,0,0,0.0
E30,5,10,0.3,137,11300137,50,3,5,0.2
E30,5,10,0.3,138,11300138,50,1,1,0.04
E30,5,10,0.3,139,11300139,50,2,2,0.08
E30,5,10,0.3,140,11300140,50,2,2,0.08
E30,5,10,0.3,141,11300141,50,0,0,0.0
E30,5,10,0.3,142,11300142,50,0,0,0.0
E30,5,10,0.3,143,11300143,50,4,4,0.16
E30,5,10,0.3,144,11300144,50,1,1,0.04
E30,5,10,0.3,145,11300145,50,0,0,0.0
E30,5,10,0.3,146,11300146,50,1,1,0.04
E30,5,10,0.3,147,11300147,50,0,0,0.0
E30,5,10,0.3,148,11300148,50,2,3,0.12
E30,5,10,0.3,149,11300149,50,1,1,0.04
E30,5,10,0.3,150,11300150,50,1,1,0.04
E30,5,10,0.3,151,11300151,50,1,1,0.04
E30,5,10,0.3,152,11300152,50,4,4,0.16
E30,5,10,0.3,153,11300153,50,1,1,0.04
E30,5,10,0.3,154,11300154,50,6,7,0.28
E30,5,10,0.3,155,11300155,50,1,1,0.04
E30,5,10,0.3,156,11300156,50,1,1,0.04
E30,5,10,0.3,157,11300157,50,1,1,0.04
E30,5,10,0.3,158,11300158,50,2,2,0.08
E30,5,10,0.3,159,11300159,50,3,2,0.08
E30,5,10,0.3,160,11300160,50,3,2,0.08
E30,5,10,0.3,161,11300161,50,0,0,0.0
E30,5,10,0.3,162,11300162,50,0,0,0.0
E30,5,10,0.3,163,11300163,50,0,0,0.0
E30,5,10,0.3,164,11300164,50,1,1,0.04
E30,5,10,0.3,165,11300165,50,4,4,0.16
E30,5,10,0.3,166,11300166,50,2,1,0.04
E30,5,10,0.3,167,11300167,50,0,0,0.0
E30,5,10,0.3,168,11300168,50,2,2,0.08
E30,5,10,0.3,169,11300169,50,5,4,0.16
E30,5,10,0.3,170,11300170,50,3,3,0.12
E30,5,10,0.3,171,11300171,50,2,2,0.08
E30,5,10,0.3,172,11300172,50,0,0,0.0
E30,5,10,0.3,173,11300173,50,1,1,0.04
E30,5,10,0.3,174,11300174,50,0,0,0.0
E30,5,10,0.3,175,11300175,50,6,5,0.2
E30,5,10,0.3,176,11300176,50,2,2,0.08
E30,5,10,0.3,177,11300177,50,1,1,0.04
E30,5,10,0.3,178,11300178,50,1,1,0.04
E30,5,10,0.3,179,11300179,50,3,4,0.16
E30,5,10,0.3,180,11300180,50,1,1,0.04
E30,5,10,0.3,181,11300181,50,3,2,0.08
E30,5,10,0.3,182,11300182,50,3,3,0.12
E30,5,10,0.3,183,11300183,50,0,0,0.0
E30,5,10,0.3,184,11300184,50,1,1,0.04
E30,5,10,0.3,185,11300185,50,2,2,0.08
E30,5,10,0.3,186,11300186,50,4,6,0.24
E30,5,10,0.3,187,11300187,50,1,1,0.04
E30,5,10,0.3,188,11300188,50,0,0,0.0
E30,5,10,0.3,189,11300189,50,2,2,0.08
E30,5,10,0.3,190,11300190,50,2,2,0.08
E30,5,10,0.3,191,11300191,50,6,6,0.24
E30,5,10,0.3,192,11300192,50,1,1,0.04
E30,5,10,0.3,193,11300193,50,2,2,0.08
E30,5,10,0.3,194,11300194,50,3,3,0.12
E30,5,10,0.3,195,11300195,50,0,0,0.0
E30,5,10,0.3,196,11300196,50,0,0,0.0
E30,5,10,0.3,197,11300197,50,2,2,0.08
E30,5,10,0.3,198,11300198,50,2,2,0.08
E30,5,10,0.3,199,11300199,50,3,3,0.12
E30,5,10,0.3,200,11300200,50,4,4,0.16
E30,5,10,0.3,201,11300201,50,1,2,0.08
E30,5,10,0.3,202,11300202,50,0,0,0.0
E30,5,10,0.3,203,11300203,50,2,1,0.04
E30,5,10,0.3,204,11300204,50,2,4,0.16
E30,5,10,0.3,205,11300205,50,1,1,0.04
E30,5,10,0.3,206,11300206,50,2,2,0.08
E30,5,10,0.3,207,11300207,50,1,2,0.08
E30,5,10,0.3,208,11300208,50,4,3,0.12
E30,5,10,0.3,209,11300209,50,4,4,0.16
E30,5,10,0.3,210,11300210,50,1,2,0.08
E30,5,10,0.3,211,11300211,50,2,2,0.08
E30,5,10,0.3,212,11300212,50,2,2,0.08
E30,5,10,0.3,213,11300213,50,2,2,0.08
E30,5,10,0.3,214,11300214,50,1,1,0.04
E30,5,10,0.3,215,11300215,50,3,3,0.12
E30,5,10,0.3,216,11300216,50,0,0,0.0
E30,5,10,0.3,217,11300217,50,2,2,0.08
E30,5,10,0.3,218,11300218,50,3,3,0.12
E30,5,10,0.3,219,11300219,50,2,2,0.08
E30,5,10,0.3,220,11300220,50,1,2,0.08
E30,5,10,0.3,221,11300221,50,2,3,0.12
E30,5,10,0.3,222,11300222,50,2,2,0.08
E30,5,10,0.3,223,11300223,50,3,3,0.12
E30,5,10,0.3,224,11300224,50,1,1,0.04
E30,5,10,0.3,225,11300225,50,0,0,0.0
E30,5,10,0.3,226,11300226,50,0,0,0.0
E30,5,10,0.3,227,11300227,50,2,2,0.08
E30,5,10,0.3,228,11300228,50,3,2,0.08
E30,5,10,0.3,229,11300229,50,2,2,0.08
E30,5,10,0.3,230,11300230,50,1,1,0.04
E30,5,10,0.3,231,11300231,50,2,1,0.04
E30,5,10,0.3,232,11300232,50,2,3,0.12
E30,5,10,0.3,233,11300233,50,4,5,0.2
E30,5,10,0.3,234,11300234,50,1,1,0.04
E30,5,10,0.3,235,11300235,50,2,2,0.08
E30,5,10,0.3,236,11300236,50,2,1,0.04
E30,5,10,0.3,237,11300237,50,1,1,0.04
E30,5,10,0.3,238,11300238,50,5,6,0.24
E30,5,10,0.3,239,11300239,50,2,3,0.12
E30,5,10,0.3,240,11300240,50,1,1,0.04
E30,5,10,0.3,241,11300241,50,4,4,0.16
E30,5,10,0.3,242,11300242,50,2,3,0.12
E30,5,10,0.3,243,11300243,50,2,2,0.08
E30,5,10,0.3,244,11300244,50,3,2,0.08
E30,5,10,0.3,245,11300245,50,2,2,0.08
E30,5,10,0.3,246,11300246,50,2,2,0.08
E30,5,10,0.3,247,11300247,50,4,5,0.2
E30,5,10,0.3,248,11300248,50,3,5,0.2
E30,5,10,0.3,249,11300249,50,3,4,0.16
E30,5,10,0.3,250,11300250,50,2,2,0.08
E30,5,10,0.3,251,11300251,50,3,2,0.08
E30,5,10,0.3,252,11300252,50,3,2,0.08
E30,5,10,0.3,253,11300253,50,3,4,0.16
E30,5,10,0.3,254,11300254,50,1,1,0.04
E30,5,10,0.3,255,11300255,50,3,2,0.08
E30,5,10,0.3,256,11300256,50,5,5,0.2
E30,5,10,0.3,257,11300257,50,2,3,0.12
E30,5,10,0.3,258,11300258,50,0,0,0.0
E30,5,10,0.3,259,11300259,50,0,0,0.0
E30,5,10,0.3,260,11300260,50,2,3,0.12
E30,5,10,0.3,261,11300261,50,1,1,0.04
E30,5,10,0.3,262,11300262,50,2,2,0.08
E30,5,10,0.3,263,11300263,50,3,3,0.12
E30,5,10,0.3,264,11300264,50,3,4,0.16
E30,5,10,0.3,265,11300265,50,4,4,0.16
E30,5,10,0.3,266,11300266,50,1,1,0.04
E30,5,10,0.3,267,11300267,50,2,3,0.12
E30,5,10,0.3,268,11300268,50,2,2,0.08
E30,5,10,0.3,269,11300269,50,2,2,0.08
E30,5,10,0.3,270,11300270,50,3,3,0.12
E30,5,10,0.3,271,11300271,50,1,1,0.04
E30,5,10,0.3,272,11300272,50,0,0,0.0
E30,5,10,0.3,273,11300273,50,1,1,0.04
E30,5,10,0.3,274,11300274,50,2,2,0.08
E30,5,10,0.3,275,11300275,50,3,5,0.2
E30,5,10,0.3,276,11300276,50,1,2,0.08
E30,5,10,0.3,277,11300277,50,1,2,0.08
E30,5,10,0.3,278,11300278,50,3,3,0.12
E30,5,10,0.3,279,11300279,50,1,1,0.04
E30,5,10,0.3,280,11300280,50,2,3,0.12
E30,5,10,0.3,281,11300281,50,2,2,0.08
E30,5,10,0.3,282,11300282,50,0,0,0.0
E30,5,10,0.3,283,11300283,50,4,6,0.24
E30,5,10,0.3,284,11300284,50,2,2,0.08
E30,5,10,0.3,285,11300285,50,7,6,0.24
E30,5,10,0.3,286,11300286,50,1,1,0.04
E30,5,10,0.3,287,11300287,50,3,4,0.16
E30,5,10,0.3,288,11300288,50,2,2,0.08
E30,5,10,0.3,289,11300289,50,2,2,0.08
E30,5,10,0.3,290,11300290,50,3,3,0.12
E30,5,10,0.3,291,11300291,50,1,1,0.04
E30,5,10,0.3,292,11300292,50,2,2,0.08
E30,5,10,0.3,293,11300293,50,0,0,0.0
E30,5,10,0.3,294,11300294,50,0,0,0.0
E30,5,10,0.3,295,11300295,50,3,3,0.12
E30,5,10,0.3,296,11300296,50,1,1,0.04
E30,5,10,0.3,297,11300297,50,2,2,0.08
E30,5,10,0.3,298,11300298,50,0,0,0.0
E30,5,10,0.3,299,11300299,50,1,1,0.04
E30,5,10,0.3,300,11300300,50,2,3,0.12
E30,5,10,0.3,301,11300301,50,2,3,0.12
E30,5,10,0.3,302,11300302,50,2,2,0.08
E30,5,10,0.3,303,11300303,50,2,2,0.08
E30,5,10,0.3,304,11300304,50,4,3,0.12
E30,5,10,0.3,305,11300305,50,3,3,0.12
E30,5,10,0.3,306,11300306,50,0,0,0.0
E30,5,10,0.3,307,11300307,50,0,0,0.0
E30,5,10,0.3,308,11300308,50,3,3,0.12
E30,5,10,0.3,309,11300309,50,1,1,0.04
E30,5,10,0.3,310,11300310,50,6,6,0.24
E30,5,10,0.3,311,11300311,50,2,2,0.08
E30,5,10,0.3,312,11300312,50,3,3,0.12
E30,5,10,0.3,313,11300313,50,1,1,0.04
E30,5,10,0.3,314,11300314,50,1,1,0.04
E30,5,10,0.3,315,11300315,50,0,0,0.0
E30,5,10,0.3,316,11300316,50,1,2,0.08
E30,5,10,0.3,317,11300317,50,2,2,0.08
E30,5,10,0.3,318,11300318,50,1,1,0.04
E30,5,10,0.3,319,11300319,50,0,0,0.0
E30,5,10,0.3,320,11300320,50,6,6,0.24
E30,5,10,0.3,321,11300321,50,1,1,0.04
E30,5,10,0.3,322,11300322,50,2,2,0.08
E30,5,10,0.3,323,11300323,50,0,0,0.0
E30,5,10,0.3,324,11300324,50,0,0,0.0
E30,5,10,0.3,325,11300325,50,1,1,0.04
E30,5,10,0.3,326,11300326,50,1,1,0.04
E30,5,10,0.3,327,11300327,50,1,1,0.04
E30,5,10,0.3,328,11300328,50,1,1,0.04
E30,5,10,0.3,329,11300329,50,1,1,0.04
E30,5,10,0.3,330,11300330,50,1,1,0.04
E30,5,10,0.3,331,11300331,50,0,0,0.0
E30,5,10,0.3,332,11300332,50,1,1,0.04
E30,5,10,0.3,333,11300333,50,0,0,0.0
E30,5,10,0.3,334,11300334,50,1,1,0.04
E30,5,10,0.3,335,11300335,50,1,1,0.04
E30,5,10,0.3,336,11300336,50,4,3,0.12
E30,5,10,0.3,337,11300337,50,1,1,0.04
E30,5,10,0.3,338,11300338,50,2,2,0.08
E30,5,10,0.3,339,11300339,50,2,2,0.08
E30,5,10,0.3,340,11300340,50,1,1,0.04
E30,5,10,0.3,341,11300341,50,2,2,0.08
E30,5,10,0.3,342,11300342,50,3,3,0.12
E30,5,10,0.3,343,11300343,50,3,3,0.12
E30,5,10,0.3,344,11300344,50,4,3,0.12
E30,5,10,0.3,345,11300345,50,0,0,0.0
E30,5,10,0.3,346,11300346,50,1,1,0.04
E30,5,10,0.3,347,11300347,50,2,2,0.08
E30,5,10,0.3,348,11300348,50,2,2,0.08
E30,5,10,0.3,349,11300349,50,0,0,0.0
E30,5,10,0.3,350,11300350,50,3,5,0.2
E30,5,10,0.3,351,11300351,50,1,1,0.04
E30,5,10,0.3,352,11300352,50,4,4,0.16
E30,5,10,0.3,353,11300353,50,1,1,0.04
E30,5,10,0.3,354,11300354,50,1,1,0.04
E30,5,10,0.3,355,11300355,50,2,2,0.08
E30,5,10,0.3,356,11300356,50,3,6,0.24
E30,5,10,0.3,357,11300357,50,2,2,0.08
E30,5,10,0.3,358,11300358,50,2,3,0.12
E30,5,10,0.3,359,11300359,50,5,4,0.16
E30,5,10,0.3,360,11300360,50,3,3,0.12
E30,5,10,0.3,361,11300361,50,5,6,0.24
E30,5,10,0.3,362,11300362,50,4,5,0.2
E30,5,10,0.3,363,11300363,50,3,3,0.12
E30,5,10,0.3,364,11300364,50,1,1,0.04
E30,5,10,0.3,365,11300365,50,2,2,0.08
E30,5,10,0.3,366,11300366,50,2,1,0.04
E30,5,10,0.3,367,11300367,50,2,3,0.12
E30,5,10,0.3,368,11300368,50,2,2,0.08
E30,5,10,0.3,369,11300369,50,1,1,0.04
E30,5,10,0.3,370,11300370,50,2,2,0.08
E30,5,10,0.3,371,11300371,50,4,4,0.16
E30,5,10,0.3,372,11300372,50,2,3,0.12
E30,5,10,0.3,373,11300373,50,1,1,0.04
E30,5,10,0.3,374,11300374,50,0,0,0.0
E30,5,10,0.3,375,11300375,50,3,3,0.12
E30,5,10,0.3,376,11300376,50,3,3,0.12
E30,5,10,0.3,377,11300377,50,1,1,0.04
E30,5,10,0.3,378,11300378,50,2,2,0.08
E30,5,10,0.3,379,11300379,50,4,4,0.16
E30,5,10,0.3,380,11300380,50,3,4,0.16
E30,5,10,0.3,381,11300381,50,1,1,0.04
E30,5,10,0.3,382,11300382,50,1,1,0.04
E30,5,10,0.3,383,11300383,50,2,2,0.08
E30,5,10,0.3,384,11300384,50,0,0,0.0
E30,5,10,0.3,385,11300385,50,2,3,0.12
E30,5,10,0.3,386,11300386,50,2,2,0.08
E30,5,10,0.3,387,11300387,50,1,2,0.08
E30,5,10,0.3,388,11300388,50,2,3,0.12
E30,5,10,0.3,389,11300389,50,3,4,0.16
E30,5,10,0.3,390,11300390,50,2,2,0.08
E30,5,10,0.3,391,11300391,50,3,4,0.16
E30,5,10,0.3,392,11300392,50,0,0,0.0
E30,5,10,0.3,393,11300393,50,1,2,0.08
E30,5,10,0.3,394,11300394,50,3,2,0.08
E30,5,10,0.3,395,11300395,50,3,3,0.12
E30,5,10,0.3,396,11300396,50,2,2,0.08
E30,5,10,0.3,397,11300397,50,3,3,0.12
E30,5,10,0.3,398,11300398,50,3,2,0.08
E30,5,10,0.3,399,11300399,50,1,1,0.04
E30,5,10,0.3,400,11300400,50,3,2,0.08
E30,5,10,0.3,401,11300401,50,2,2,0.08
E30,5,10,0.3,402,11300402,50,2,2,0.08
E30,5,10,0.3,403,11300403,50,3,2,0.08
E30,5,10,0.3,404,11300404,50,1,1,0.04
E30,5,10,0.3,405,11300405,50,0,0,0.0
E30,5,10,0.3,406,11300406,50,2,2,0.08
E30,5,10,0.3,407,11300407,50,2,3,0.12
E30,5,10,0.3,408,11300408,50,4,6,0.24
E30,5,10,0.3,409,11300409,50,1,1,0.04
E30,5,10,0.3,410,11300410,50,3,4,0.16
E30,5,10,0.3,411,11300411,50,2,2,0.08
E30,5,10,0.3,412,11300412,50,6,7,0.28
E30,5,10,0.3,413,11300413,50,1,1,0.04
E30,5,10,0.3,414,11300414,50,2,2,0.08
E30,5,10,0.3,415,11300415,50,0,0,0.0
E30,5,10,0.3,416,11300416,50,4,4,0.16
E30,5,10,0.3,417,11300417,50,3,3,0.12
E30,5,10,0.3,418,11300418,50,1,1,0.04
E30,5,10,0.3,419,11300419,50,1,1,0.04
E30,5,10,0.3,420,11300420,50,0,0,0.0
E30,5,10,0.3,421,11300421,50,2,2,0.08
E30,5,10,0.3,422,11300422,50,2,2,0.08
E30,5,10,0.3,423,11300423,50,1,1,0.04
E30,5,10,0.3,424,11300424,50,6,5,0.2
E30,5,10,0.3,425,11300425,50,4,4,0.16
E30,5,10,0.3,426,11300426,50,1,1,0.04
E30,5,10,0.3,427,11300427,50,2,2,0.08
E30,5,10,0.3,428,11300428,50,1,1,0.04
E30,5,10,0.3,429,11300429,50,4,4,0.16
E30,5,10,0.3,430,11300430,50,1,2,0.08
E30,5,10,0.3,431,11300431,50,1,1,0.04
E30,5,10,0.3,432,11300432,50,1,2,0.08
E30,5,10,0.3,433,11300433,50,1,1,0.04
E30,5,10,0.3,434,11300434,50,1,1,0.04
E30,5,10,0.3,435,11300435,50,3,2,0.08
E30,5,10,0.3,436,11300436,50,1,1,0.04
E30,5,10,0.3,437,11300437,50,0,0,0.0
E30,5,10,0.3,438,11300438,50,2,2,0.08
E30,5,10,0.3,439,11300439,50,2,2,0.08
E30,5,10,0.3,440,11300440,50,3,2,0.08
E30,5,10,0.3,441,11300441,50,1,1,0.04
E30,5,10,0.3,442,11300442,50,0,0,0.0
E30,5,10,0.3,443,11300443,50,4,3,0.12
E30,5,10,0.3,444,11300444,50,2,2,0.08
E30,5,10,0.3,445,11300445,50,3,2,0.08
E30,5,10,0.3,446,11300446,50,3,3,0.12
E30,5,10,0.3,447,11300447,50,4,4,0.16
E30,5,10,0.3,448,11300448,50,1,1,0.04
E30,5,10,0.3,449,11300449,50,2,2,0.08
E30,5,10,0.3,450,11300450,50,1,1,0.04
E30,5,10,0.3,451,11300451,50,3,3,0.12
E30,5,10,0.3,452,11300452,50,5,5,0.2
E30,5,10,0.3,453,11300453,50,3,3,0.12
E30,5,10,0.3,454,11300454,50,2,2,0.08
E30,5,10,0.3,455,11300455,50,3,2,0.08
E30,5,10,0.3,456,11300456,50,3,6,0.24
E30,5,10,0.3,457,11300457,50,3,3,0.12
E30,5,10,0.3,458,11300458,50,3,2,0.08
E30,5,10,0.3,459,11300459,50,1,1,0.04
E30,5,10,0.3,460,11300460,50,1,1,0.04
E30,5,10,0.3,461,11300461,50,0,0,0.0
E30,5,10,0.3,462,11300462,50,1,1,0.04
E30,5,10,0.3,463,11300463,50,3,3,0.12
E30,5,10,0.3,464,11300464,50,1,1,0.04
E30,5,10,0.3,465,11300465,50,3,3,0.12
E30,5,10,0.3,466,11300466,50,1,1,0.04
E30,5,10,0.3,467,11300467,50,3,3,0.12
E30,5,10,0.3,468,11300468,50,0,0,0.0
E30,5,10,0.3,469,11300469,50,0,0,0.0
E30,5,10,0.3,470,11300470,50,1,1,0.04
E30,5,10,0.3,471,11300471,50,3,2,0.08
E30,5,10,0.3,472,11300472,50,3,3,0.12
E30,5,10,0.3,473,11300473,50,4,4,0.16
E30,5,10,0.3,474,11300474,50,3,4,0.16
E30,5,10,0.3,475,11300475,50,4,4,0.16
E30,5,10,0.3,476,11300476,50,1,2,0.08
E30,5,10,0.3,477,11300477,50,2,2,0.08
E30,5,10,0.3,478,11300478,50,1,1,0.04
E30,5,10,0.3,479,11300479,50,3,2,0.08
E30,5,10,0.3,480,11300480,50,2,4,0.16
E30,5,10,0.3,481,11300481,50,1,1,0.04
E30,5,10,0.3,482,11300482,50,0,0,0.0
E30,5,10,0.3,483,11300483,50,4,4,0.16
E30,5,10,0.3,484,11300484,50,4,3,0.12
E30,5,10,0.3,485,11300485,50,1,1,0.04
E30,5,10,0.3,486,11300486,50,1,1,0.04
E30,5,10,0.3,487,11300487,50,3,3,0.12
E30,5,10,0.3,488,11300488,50,0,0,0.0
E30,5,10,0.3,489,11300489,50,2,2,0.08
E30,5,10,0.3,490,11300490,50,1,1,0.04
E30,5,10,0.3,491,11300491,50,0,0,0.0
E30,5,10,0.3,492,11300492,50,2,3,0.12
E30,5,10,0.3,493,11300493,50,1,1,0.04
E30,5,10,0.3,494,11300494,50,2,3,0.12
E30,5,10,0.3,495,11300495,50,2,2,0.08
E30,5,10,0.3,496,11300496,50,4,4,0.16
E30,5,10,0.3,497,11300497,50,1,1,0.04
E30,5,10,0.3,498,11300498,50,3,3,0.12
E30,5,10,0.3,499,11300499,50,2,2,0.08
E30,5,10,0.6,0,12300000,50,2,4,0.16
E30,5,10,0.6,1,12300001,50,4,6,0.24
E30,5,10,0.6,2,12300002,50,1,1,0.04
E30,5,10,0.6,3,12300003,50,1,1,0.04
E30,5,10,0.6,4,12300004,50,1,3,0.12
E30,5,10,0.6,5,12300005,50,2,2,0.08
E30,5,10,0.6,6,12300006,50,1,1,0.04
E30,5,10,0.6,7,12300007,50,5,6,0.24
E30,5,10,0.6,8,12300008,50,3,4,0.16
E30,5,10,0.6,9,12300009,50,1,1,0.04
E30,5,10,0.6,10,12300010,50,0,0,0.0
E30,5,10,0.6,11,12300011,50,2,4,0.16
E30,5,10,0.6,12,12300012,50,1,2,0.08
E30,5,10,0.6,13,12300013,50,0,0,0.0
E30,5,10,0.6,14,12300014,50,1,2,0.08
E30,5,10,0.6,15,12300015,50,0,0,0.0
E30,5,10,0.6,16,12300016,50,2,1,0.04
E30,5,10,0.6,17,12300017,50,1,2,0.08
E30,5,10,0.6,18,12300018,50,1,1,0.04
E30,5,10,0.6,19,12300019,50,1,1,0.04
E30,5,10,0.6,20,12300020,50,0,0,0.0
E30,5,10,0.6,21,12300021,50,0,0,0.0
E30,5,10,0.6,22,12300022,50,5,7,0.28
E30,5,10,0.6,23,12300023,50,0,0,0.0
E30,5,10,0.6,24,12300024,50,1,2,0.08
E30,5,10,0.6,25,12300025,50,1,1,0.04
E30,5,10,0.6,26,12300026,50,0,0,0.0
E30,5,10,0.6,27,12300027,50,0,0,0.0
E30,5,10,0.6,28,12300028,50,1,2,0.08
E30,5,10,0.6,29,12300029,50,5,5,0.2
E30,5,10,0.6,30,12300030,50,3,4,0.16
E30,5,10,0.6,31,12300031,50,1,1,0.04
E30,5,10,0.6,32,12300032,50,1,1,0.04
E30,5,10,0.6,33,12300033,50,3,3,0.12
E30,5,10,0.6,34,12300034,50,2,5,0.2
E30,5,10,0.6,35,12300035,50,1,1,0.04
E30,5,10,0.6,36,12300036,50,0,0,0.0
E30,5,10,0.6,37,12300037,50,5,7,0.28
E30,5,10,0.6,38,12300038,50,3,3,0.12
E30,5,10,0.6,39,12300039,50,3,5,0.2
E30,5,10,0.6,40,12300040,50,2,3,0.12
E30,5,10,0.6,41,12300041,50,1,1,0.04
E30,5,10,0.6,42,12300042,50,1,1,0.04
E30,5,10,0.6,43,12300043,50,1,2,0.08
E30,5,10,0.6,44,12300044,50,0,0,0.0
E30,5,10,0.6,45,12300045,50,1,2,0.08
E30,5,10,0.6,46,12300046,50,1,1,0.04
E30,5,10,0.6,47,12300047,50,2,3,0.12
E30,5,10,0.6,48,12300048,50,2,3,0.12
E30,5,10,0.6,49,12300049,50,0,0,0.0
E30,5,10,0.6,50,12300050,50,1,1,0.04
E30,5,10,0.6,51,12300051,50,0,0,0.0
E30,5,10,0.6,52,12300052,50,1,2,0.08
E30,5,10,0.6,53,12300053,50,0,0,0.0
E30,5,10,0.6,54,12300054,50,2,3,0.12
E30,5,10,0.6,55,12300055,50,0,0,0.0
E30,5,10,0.6,56,12300056,50,0,0,0.0
E30,5,10,0.6,57,12300057,50,1,1,0.04
E30,5,10,0.6,58,12300058,50,0,0,0.0
E30,5,10,0.6,59,12300059,50,1,1,0.04
E30,5,10,0.6,60,12300060,50,5,5,0.2
E30,5,10,0.6,61,12300061,50,1,2,0.08
E30,5,10,0.6,62,12300062,50,0,0,0.0
E30,5,10,0.6,63,12300063,50,1,2,0.08
E30,5,10,0.6,64,12300064,50,2,3,0.12
E30,5,10,0.6,65,12300065,50,2,3,0.12
E30,5,10,0.6,66,12300066,50,1,1,0.04
E30,5,10,0.6,67,12300067,50,1,1,0.04
E30,5,10,0.6,68,12300068,50,2,3,0.12
E30,5,10,0.6,69,12300069,50,0,0,0.0
E30,5,10,0.6,70,12300070,50,1,2,0.08
E30,5,10,0.6,71,12300071,50,1,1,0.04
E30,5,10,0.6,72,12300072,50,4,4,0.16
E30,5,10,0.6,73,12300073,50,0,0,0.0
E30,5,10,0.6,74,12300074,50,0,0,0.0
E30,5,10,0.6,75,12300075,50,4,7,0.28
E30,5,10,0.6,76,12300076,50,3,3,0.12
E30,5,10,0.6,77,12300077,50,2,4,0.16
E30,5,10,0.6,78,12300078,50,0,0,0.0
E30,5,10,0.6,79,12300079,50,3,4,0.16
E30,5,10,0.6,80,12300080,50,0,0,0.0
E30,5,10,0.6,81,12300081,50,1,2,0.08
E30,5,10,0.6,82,12300082,50,1,1,0.04
E30,5,10,0.6,83,12300083,50,5,7,0.28
E30,5,10,0.6,84,12300084,50,1,2,0.08
E30,5,10,0.6,85,12300085,50,3,3,0.12
E30,5,10,0.6,86,12300086,50,1,1,0.04
E30,5,10,0.6,87,12300087,50,1,1,0.04
E30,5,10,0.6,88,12300088,50,0,0,0.0
E30,5,10,0.6,89,12300089,50,0,0,0.0
E30,5,10,0.6,90,12300090,50,1,2,0.08
E30,5,10,0.6,91,12300091,50,2,3,0.12
E30,5,10,0.6,92,12300092,50,2,3,0.12
E30,5,10,0.6,93,12300093,50,3,3,0.12
E30,5,10,0.6,94,12300094,50,1,3,0.12
E30,5,10,0.6,95,12300095,50,2,3,0.12
E30,5,10,0.6,96,12300096,50,2,3,0.12
E30,5,10,0.6,97,12300097,50,0,0,0.0
E30,5,10,0.6,98,12300098,50,2,4,0.16
E30,5,10,0.6,99,12300099,50,2,3,0.12
E30,5,10,0.6,100,12300100,50,1,1,0.04
E30,5,10,0.6,101,12300101,50,3,6,0.24
E30,5,10,0.6,102,12300102,50,2,4,0.16
E30,5,10,0.6,103,12300103,50,2,4,0.16
E30,5,10,0.6,104,12300104,50,1,2,0.08
E30,5,10,0.6,105,12300105,50,1,2,0.08
E30,5,10,0.6,106,12300106,50,0,0,0.0
E30,5,10,0.6,107,12300107,50,2,3,0.12
E30,5,10,0.6,108,12300108,50,1,2,0.08
E30,5,10,0.6,109,12300109,50,2,4,0.16
E30,5,10,0.6,110,12300110,50,1,2,0.08
E30,5,10,0.6,111,12300111,50,2,2,0.08
E30,5,10,0.6,112,12300112,50,0,0,0.0
E30,5,10,0.6,113,12300113,50,3,2,0.08
E30,5,10,0.6,114,12300114,50,0,0,0.0
E30,5,10,0.6,115,12300115,50,3,3,0.12
E30,5,10,0.6,116,12300116,50,2,3,0.12
E30,5,10,0.6,117,12300117,50,1,2,0.08
E30,5,10,0.6,118,12300118,50,2,2,0.08
E30,5,10,0.6,119,12300119,50,2,4,0.16
E30,5,10,0.6,120,12300120,50,3,4,0.16
E30,5,10,0.6,121,12300121,50,2,4,0.16
E30,5,10,0.6,122,12300122,50,2,3,0.12
E30,5,10,0.6,123,12300123,50,0,0,0.0
E30,5,10,0.6,124,12300124,50,1,1,0.04
E30,5,10,0.6,125,12300125,50,2,4,0.16
E30,5,10,0.6,126,12300126,50,2,2,0.08
E30,5,10,0.6,127,12300127,50,1,2,0.08
E30,5,10,0.6,128,12300128,50,2,2,0.08
E30,5,10,0.6,129,12300129,50,4,4,0.16
E30,5,10,0.6,130,12300130,50,0,0,0.0
E30,5,10,0.6,131,12300131,50,0,0,0.0
E30,5,10,0.6,132,12300132,50,1,1,0.04
E30,5,10,0.6,133,12300133,50,1,2,0.08
E30,5,10,0.6,134,12300134,50,1,1,0.04
E30,5,10,0.6,135,12300135,50,0,0,0.0
E30,5,10,0.6,136,12300136,50,3,5,0.2
E30,5,10,0.6,137,12300137,50,1,1,0.04
E30,5,10,0.6,138,12300138,50,0,0,0.0
E30,5,10,0.6,139,12300139,50,1,1,0.04
E30,5,10,0.6,140,12300140,50,2,1,0.04
E30,5,10,0.6,141,12300141,50,2,2,0.08
E30,5,10,0.6,142,12300142,50,0,0,0.0
E30,5,10,0.6,143,12300143,50,3,3,0.12
E30,5,10,0.6,144,12300144,50,0,0,0.0
E30,5,10,0.6,145,12300145,50,2,2,0.08
E30,5,10,0.6,146,12300146,50,2,3,0.12
E30,5,10,0.6,147,12300147,50,1,2,0.08
E30,5,10,0.6,148,12300148,50,1,1,0.04
E30,5,10,0.6,149,12300149,50,0,0,0.0
E30,5,10,0.6,150,12300150,50,4,5,0.2
E30,5,10,0.6,151,12300151,50,4,4,0.16
E30,5,10,0.6,152,12300152,50,1,2,0.08
E30,5,10,0.6,153,12300153,50,2,5,0.2
E30,5,10,0.6,154,12300154,50,0,0,0.0
E30,5,10,0.6,155,12300155,50,4,5,0.2
E30,5,10,0.6,156,12300156,50,3,4,0.16
E30,5,10,0.6,157,12300157,50,1,2,0.08
E30,5,10,0.6,158,12300158,50,2,3,0.12
E30,5,10,0.6,159,12300159,50,2,2,0.08
E30,5,10,0.6,160,12300160,50,1,1,0.04
E30,5,10,0.6,161,12300161,50,1,2,0.08
E30,5,10,0.6,162,12300162,50,2,2,0.08
E30,5,10,0.6,163,12300163,50,0,0,0.0
E30,5,10,0.6,164,12300164,50,4,6,0.24
E30,5,10,0.6,165,12300165,50,1,2,0.08
E30,5,10,0.6,166,12300166,50,0,0,0.0
E30,5,10,0.6,167,12300167,50,4,7,0.28
E30,5,10,0.6,168,12300168,50,0,0,0.0
E30,5,10,0.6,169,12300169,50,1,1,0.04
E30,5,10,0.6,170,12300170,50,1,2,0.08
E30,5,10,0.6,171,12300171,50,1,1,0.04
E30,5,10,0.6,172,12300172,50,2,3,0.12
E30,5,10,0.6,173,12300173,50,1,1,0.04
E30,5,10,0.6,174,12300174,50,0,0,0.0
E30,5,10,0.6,175,12300175,50,0,0,0.0
E30,5,10,0.6,176,12300176,50,0,0,0.0
E30,5,10,0.6,177,12300177,50,3,5,0.2
E30,5,10,0.6,178,12300178,50,3,4,0.16
E30,5,10,0.6,179,12300179,50,4,6,0.24
E30,5,10,0.6,180,12300180,50,1,2,0.08
E30,5,10,0.6,181,12300181,50,1,1,0.04
E30,5,10,0.6,182,12300182,50,4,6,0.24
E30,5,10,0.6,183,12300183,50,0,0,0.0
E30,5,10,0.6,184,12300184,50,0,0,0.0
E30,5,10,0.6,185,12300185,50,1,2,0.08
E30,5,10,0.6,186,12300186,50,0,0,0.0
E30,5,10,0.6,187,12300187,50,1,2,0.08
E30,5,10,0.6,188,12300188,50,2,3,0.12
E30,5,10,0.6,189,12300189,50,3,4,0.16
E30,5,10,0.6,190,12300190,50,1,1,0.04
E30,5,10,0.6,191,12300191,50,1,2,0.08
E30,5,10,0.6,192,12300192,50,1,2,0.08
E30,5,10,0.6,193,12300193,50,5,6,0.24
E30,5,10,0.6,194,12300194,50,3,5,0.2
E30,5,10,0.6,195,12300195,50,1,2,0.08
E30,5,10,0.6,196,12300196,50,2,3,0.12
E30,5,10,0.6,197,12300197,50,1,1,0.04
E30,5,10,0.6,198,12300198,50,2,4,0.16
E30,5,10,0.6,199,12300199,50,5,8,0.32
E30,5,10,0.6,200,12300200,50,3,5,0.2
E30,5,10,0.6,201,12300201,50,1,2,0.08
E30,5,10,0.6,202,12300202,50,0,0,0.0
E30,5,10,0.6,203,12300203,50,0,0,0.0
E30,5,10,0.6,204,12300204,50,2,2,0.08
E30,5,10,0.6,205,12300205,50,1,2,0.08
E30,5,10,0.6,206,12300206,50,0,0,0.0
E30,5,10,0.6,207,12300207,50,0,0,0.0
E30,5,10,0.6,208,12300208,50,2,2,0.08
E30,5,10,0.6,209,12300209,50,5,4,0.16
E30,5,10,0.6,210,12300210,50,1,1,0.04
E30,5,10,0.6,211,12300211,50,2,2,0.08
E30,5,10,0.6,212,12300212,50,3,3,0.12
E30,5,10,0.6,213,12300213,50,3,2,0.08
E30,5,10,0.6,214,12300214,50,2,3,0.12
E30,5,10,0.6,215,12300215,50,3,3,0.12
E30,5,10,0.6,216,12300216,50,0,0,0.0
E30,5,10,0.6,217,12300217,50,1,2,0.08
E30,5,10,0.6,218,12300218,50,1,2,0.08
E30,5,10,0.6,219,12300219,50,1,1,0.04
E30,5,10,0.6,220,12300220,50,0,0,0.0
E30,5,10,0.6,221,12300221,50,1,1,0.04
E30,5,10,0.6,222,12300222,50,2,1,0.04
E30,5,10,0.6,223,12300223,50,3,3,0.12
E30,5,10,0.6,224,12300224,50,2,2,0.08
E30,5,10,0.6,225,12300225,50,2,3,0.12
E30,5,10,0.6,226,12300226,50,0,0,0.0
E30,5,10,0.6,227,12300227,50,0,0,0.0
E30,5,10,0.6,228,12300228,50,2,3,0.12
E30,5,10,0.6,229,12300229,50,3,4,0.16
E30,5,10,0.6,230,12300230,50,1,1,0.04
E30,5,10,0.6,231,12300231,50,2,2,0.08
E30,5,10,0.6,232,12300232,50,2,4,0.16
E30,5,10,0.6,233,12300233,50,1,2,0.08
E30,5,10,0.6,234,12300234,50,1,2,0.08
E30,5,10,0.6,235,12300235,50,1,1,0.04
E30,5,10,0.6,236,12300236,50,1,2,0.08
E30,5,10,0.6,237,12300237,50,2,3,0.12
E30,5,10,0.6,238,12300238,50,0,0,0.0
E30,5,10,0.6,239,12300239,50,4,5,0.2
E30,5,10,0.6,240,12300240,50,2,2,0.08
E30,5,10,0.6,241,12300241,50,0,0,0.0
E30,5,10,0.6,242,12300242,50,1,2,0.08
E30,5,10,0.6,243,12300243,50,1,2,0.08
E30,5,10,0.6,244,12300244,50,2,3,0.12
E30,5,10,0.6,245,12300245,50,2,3,0.12
E30,5,10,0.6,246,12300246,50,2,3,0.12
E30,5,10,0.6,247,12300247,50,2,3,0.12
E30,5,10,0.6,248,12300248,50,2,3,0.12
E30,5,10,0.6,249,12300249,50,1,1,0.04
E30,5,10,0.6,250,12300250,50,1,2,0.08
E30,5,10,0.6,251,12300251,50,1,1,0.04
E30,5,10,0.6,252,12300252,50,1,1,0.04
E30,5,10,0.6,253,12300253,50,1,1,0.04
E30,5,10,0.6,254,12300254,50,1,1,0.04
E30,5,10,0.6,255,12300255,50,1,2,0.08
E30,5,10,0.6,256,12300256,50,4,6,0.24
E30,5,10,0.6,257,12300257,50,1,2,0.08
E30,5,10,0.6,258,12300258,50,7,11,0.44
E30,5,10,0.6,259,12300259,50,4,6,0.24
E30,5,10,0.6,260,12300260,50,1,1,0.04
E30,5,10,0.6,261,12300261,50,1,2,0.08
E30,5,10,0.6,262,12300262,50,1,2,0.08
E30,5,10,0.6,263,12300263,50,1,1,0.04
E30,5,10,0.6,264,12300264,50,5,9,0.36
E30,5,10,0.6,265,12300265,50,1,2,0.08
E30,5,10,0.6,266,12300266,50,2,3,0.12
E30,5,10,0.6,267,12300267,50,0,0,0.0
E30,5,10,0.6,268,12300268,50,2,3,0.12
E30,5,10,0.6,269,12300269,50,1,2,0.08
E30,5,10,0.6,270,12300270,50,1,2,0.08
E30,5,10,0.6,271,12300271,50,0,0,0.0
E30,5,10,0.6,272,12300272,50,0,0,0.0
E30,5,10,0.6,273,12300273,50,1,1,0.04
E30,5,10,0.6,274,12300274,50,3,4,0.16
E30,5,10,0.6,275,12300275,50,1,1,0.04
E30,5,10,0.6,276,12300276,50,1,1,0.04
E30,5,10,0.6,277,12300277,50,1,2,0.08
E30,5,10,0.6,278,12300278,50,0,0,0.0
E30,5,10,0.6,279,12300279,50,4,6,0.24
E30,5,10,0.6,280,12300280,50,1,2,0.08
E30,5,10,0.6,281,12300281,50,1,2,0.08
E30,5,10,0.6,282,12300282,50,2,4,0.16
E30,5,10,0.6,283,12300283,50,2,3,0.12
E30,5,10,0.6,284,12300284,50,1,2,0.08
E30,5,10,0.6,285,12300285,50,2,1,0.04
E30,5,10,0.6,286,12300286,50,1,1,0.04
E30,5,10,0.6,287,12300287,50,1,1,0.04
E30,5,10,0.6,288,12300288,50,1,1,0.04
E30,5,10,0.6,289,12300289,50,2,3,0.12
E30,5,10,0.6,290,12300290,50,2,2,0.08
E30,5,10,0.6,291,12300291,50,2,2,0.08
E30,5,10,0.6,292,12300292,50,2,5,0.2
E30,5,10,0.6,293,12300293,50,1,2,0.08
E30,5,10,0.6,294,12300294,50,1,1,0.04
E30,5,10,0.6,295,12300295,50,2,3,0.12
E30,5,10,0.6,296,12300296,50,1,2,0.08
E30,5,10,0.6,297,12300297,50,2,2,0.08
E30,5,10,0.6,298,12300298,50,2,2,0.08
E30,5,10,0.6,299,12300299,50,1,2,0.08
E30,5,10,0.6,300,12300300,50,2,3,0.12
E30,5,10,0.6,301,12300301,50,2,4,0.16
E30,5,10,0.6,302,12300302,50,1,2,0.08
E30,5,10,0.6,303,12300303,50,0,0,0.0
E30,5,10,0.6,304,12300304,50,2,3,0.12
E30,5,10,0.6,305,12300305,50,0,0,0.0
E30,5,10,0.6,306,12300306,50,5,7,0.28
E30,5,10,0.6,307,12300307,50,0,0,0.0
E30,5,10,0.6,308,12300308,50,1,2,0.08
E30,5,10,0.6,309,12300309,50,3,5,0.2
E30,5,10,0.6,310,12300310,50,1,1,0.04
E30,5,10,0.6,311,12300311,50,2,2,0.08
E30,5,10,0.6,312,12300312,50,0,0,0.0
E30,5,10,0.6,313,12300313,50,0,0,0.0
E30,5,10,0.6,314,12300314,50,0,0,0.0
E30,5,10,0.6,315,12300315,50,1,1,0.04
E30,5,10,0.6,316,12300316,50,4,6,0.24
E30,5,10,0.6,317,12300317,50,0,0,0.0
E30,5,10,0.6,318,12300318,50,0,0,0.0
E30,5,10,0.6,319,12300319,50,2,2,0.08
E30,5,10,0.6,320,12300320,50,0,0,0.0
E30,5,10,0.6,321,12300321,50,1,1,0.04
E30,5,10,0.6,322,12300322,50,3,5,0.2
E30,5,10,0.6,323,12300323,50,3,5,0.2
E30,5,10,0.6,324,12300324,50,2,3,0.12
E30,5,10,0.6,325,12300325,50,0,0,0.0
E30,5,10,0.6,326,12300326,50,0,0,0.0
E30,5,10,0.6,327,12300327,50,0,0,0.0
E30,5,10,0.6,328,12300328,50,0,0,0.0
E30,5,10,0.6,329,12300329,50,2,1,0.04
E30,5,10,0.6,330,12300330,50,0,0,0.0
E30,5,10,0.6,331,12300331,50,2,3,0.12
E30,5,10,0.6,332,12300332,50,0,0,0.0
E30,5,10,0.6,333,12300333,50,3,4,0.16
E30,5,10,0.6,334,12300334,50,4,7,0.28
E30,5,10,0.6,335,12300335,50,0,0,0.0
E30,5,10,0.6,336,12300336,50,0,0,0.0
E30,5,10,0.6,337,12300337,50,2,4,0.16
E30,5,10,0.6,338,12300338,50,0,0,0.0
E30,5,10,0.6,339,12300339,50,2,1,0.04
E30,5,10,0.6,340,12300340,50,2,2,0.08
E30,5,10,0.6,341,12300341,50,1,2,0.08
E30,5,10,0.6,342,12300342,50,0,0,0.0
E30,5,10,0.6,343,12300343,50,4,5,0.2
E30,5,10,0.6,344,12300344,50,3,5,0.2
E30,5,10,0.6,345,12300345,50,2,3,0.12
E30,5,10,0.6,346,12300346,50,1,2,0.08
E30,5,10,0.6,347,12300347,50,1,2,0.08
E30,5,10,0.6,348,12300348,50,4,6,0.24
E30,5,10,0.6,349,12300349,50,1,1,0.04
E30,5,10,0.6,350,12300350,50,2,2,0.08
E30,5,10,0.6,351,12300351,50,1,1,0.04
E30,5,10,0.6,352,12300352,50,1,1,0.04
E30,5,10,0.6,353,12300353,50,0,0,0.0
E30,5,10,0.6,354,12300354,50,0,0,0.0
E30,5,10,0.6,355,12300355,50,3,5,0.2
E30,5,10,0.6,356,12300356,50,1,2,0.08
E30,5,10,0.6,357,12300357,50,4,6,0.24
E30,5,10,0.6,358,12300358,50,2,4,0.16
E30,5,10,0.6,359,12300359,50,1,2,0.08
E30,5,10,0.6,360,12300360,50,3,6,0.24
E30,5,10,0.6,361,12300361,50,0,0,0.0
E30,5,10,0.6,362,12300362,50,2,2,0.08
E30,5,10,0.6,363,12300363,50,1,1,0.04
E30,5,10,0.6,364,12300364,50,2,4,0.16
E30,5,10,0.6,365,12300365,50,2,3,0.12
E30,5,10,0.6,366,12300366,50,0,0,0.0
E30,5,10,0.6,367,12300367,50,4,6,0.24
E30,5,10,0.6,368,12300368,50,1,2,0.08
E30,5,10,0.6,369,12300369,50,3,3,0.12
E30,5,10,0.6,370,12300370,50,2,3,0.12
E30,5,10,0.6,371,12300371,50,1,1,0.04
E30,5,10,0.6,372,12300372,50,1,2,0.08
E30,5,10,0.6,373,12300373,50,1,2,0.08
E30,5,10,0.6,374,12300374,50,2,3,0.12
E30,5,10,0.6,375,12300375,50,1,1,0.04
E30,5,10,0.6,376,12300376,50,2,3,0.12
E30,5,10,0.6,377,12300377,50,1,1,0.04
E30,5,10,0.6,378,12300378,50,1,1,0.04
E30,5,10,0.6,379,12300379,50,0,0,0.0
E30,5,10,0.6,380,12300380,50,1,2,0.08
E30,5,10,0.6,381,12300381,50,1,2,0.08
E30,5,10,0.6,382,12300382,50,0,0,0.0
E30,5,10,0.6,383,12300383,50,2,3,0.12
E30,5,10,0.6,384,12300384,50,1,2,0.08
E30,5,10,0.6,385,12300385,50,1,1,0.04
E30,5,10,0.6,386,12300386,50,1,1,0.04
E30,5,10,0.6,387,12300387,50,0,0,0.0
E30,5,10,0.6,388,12300388,50,2,4,0.16
E30,5,10,0.6,389,12300389,50,2,2,0.08
E30,5,10,0.6,390,12300390,50,0,0,0.0
E30,5,10,0.6,391,12300391,50,3,5,0.2
E30,5,10,0.6,392,12300392,50,2,4,0.16
E30,5,10,0.6,393,12300393,50,4,5,0.2
E30,5,10,0.6,394,12300394,50,1,2,0.08
E30,5,10,0.6,395,12300395,50,1,2,0.08
E30,5,10,0.6,396,12300396,50,3,7,0.28
E30,5,10,0.6,397,12300397,50,1,1,0.04
E30,5,10,0.6,398,12300398,50,0,0,0.0
E30,5,10,0.6,399,12300399,50,2,2,0.08
E30,5,10,0.6,400,12300400,50,0,0,0.0
E30,5,10,0.6,401,12300401,50,1,2,0.08
E30,5,10,0.6,402,12300402,50,2,3,0.12
E30,5,10,0.6,403,12300403,50,0,0,0.0
E30,5,10,0.6,404,12300404,50,0,0,0.0
E30,5,10,0.6,405,12300405,50,2,4,0.16
E30,5,10,0.6,406,12300406,50,5,5,0.2
E30,5,10,0.6,407,12300407,50,2,2,0.08
E30,5,10,0.6,408,12300408,50,0,0,0.0
E30,5,10,0.6,409,12300409,50,2,3,0.12
E30,5,10,0.6,410,12300410,50,0,0,0.0
E30,5,10,0.6,411,12300411,50,5,6,0.24
E30,5,10,0.6,412,12300412,50,0,0,0.0
E30,5,10,0.6,413,12300413,50,2,3,0.12
E30,5,10,0.6,414,12300414,50,1,2,0.08
E30,5,10,0.6,415,12300415,50,0,0,0.0
E30,5,10,0.6,416,12300416,50,1,1,0.04
E30,5,10,0.6,417,12300417,50,0,0,0.0
E30,5,10,0.6,418,12300418,50,2,2,0.08
E30,5,10,0.6,419,12300419,50,6,7,0.28
E30,5,10,0.6,420,12300420,50,4,7,0.28
E30,5,10,0.6,421,12300421,50,2,1,0.04
E30,5,10,0.6,422,12300422,50,2,3,0.12
E30,5,10,0.6,423,12300423,50,2,2,0.08
E30,5,10,0.6,424,12300424,50,2,3,0.12
E30,5,10,0.6,425,12300425,50,1,2,0.08
E30,5,10,0.6,426,12300426,50,2,2,0.08
E30,5,10,0.6,427,12300427,50,1,1,0.04
E30,5,10,0.6,428,12300428,50,0,0,0.0
E30,5,10,0.6,429,12300429,50,0,0,0.0
E30,5,10,0.6,430,12300430,50,2,3,0.12
E30,5,10,0.6,431,12300431,50,2,4,0.16
E30,5,10,0.6,432,12300432,50,1,1,0.04
E30,5,10,0.6,433,12300433,50,2,2,0.08
E30,5,10,0.6,434,12300434,50,1,1,0.04
E30,5,10,0.6,435,12300435,50,1,1,0.04
E30,5,10,0.6,436,12300436,50,1,2,0.08
E30,5,10,0.6,437,12300437,50,0,0,0.0
E30,5,10,0.6,438,12300438,50,1,1,0.04
E30,5,10,0.6,439,12300439,50,1,1,0.04
E30,5,10,0.6,440,12300440,50,3,5,0.2
E30,5,10,0.6,441,12300441,50,4,4,0.16
E30,5,10,0.6,442,12300442,50,1,2,0.08
E30,5,10,0.6,443,12300443,50,0,0,0.0
E30,5,10,0.6,444,12300444,50,2,3,0.12
E30,5,10,0.6,445,12300445,50,1,1,0.04
E30,5,10,0.6,446,12300446,50,4,6,0.24
E30,5,10,0.6,447,12300447,50,1,1,0.04
E30,5,10,0.6,448,12300448,50,5,7,0.28
E30,5,10,0.6,449,12300449,50,3,5,0.2
E30,5,10,0.6,450,12300450,50,1,2,0.08
E30,5,10,0.6,451,12300451,50,3,4,0.16
E30,5,10,0.6,452,12300452,50,1,2,0.08
E30,5,10,0.6,453,12300453,50,0,0,0.0
E30,5,10,0.6,454,12300454,50,0,0,0.0
E30,5,10,0.6,455,12300455,50,2,4,0.16
E30,5,10,0.6,456,12300456,50,0,0,0.0
E30,5,10,0.6,457,12300457,50,1,2,0.08
E30,5,10,0.6,458,12300458,50,3,5,0.2
E30,5,10,0.6,459,12300459,50,0,0,0.0
E30,5,10,0.6,460,12300460,50,0,0,0.0
E30,5,10,0.6,461,12300461,50,1,1,0.04
E30,5,10,0.6,462,12300462,50,0,0,0.0
E30,5,10,0.6,463,12300463,50,1,1,0.04
E30,5,10,0.6,464,12300464,50,1,1,0.04
E30,5,10,0.6,465,12300465,50,2,2,0.08
E30,5,10,0.6,466,12300466,50,2,3,0.12
E30,5,10,0.6,467,12300467,50,0,0,0.0
E30,5,10,0.6,468,12300468,50,1,2,0.08
E30,5,10,0.6,469,12300469,50,2,3,0.12
E30,5,10,0.6,470,12300470,50,1,1,0.04
E30,5,10,0.6,471,12300471,50,2,4,0.16
E30,5,10,0.6,472,12300472,50,3,5,0.2
E30,5,10,0.6,473,12300473,50,4,6,0.24
E30,5,10,0.6,474,12300474,50,2,3,0.12
E30,5,10,0.6,475,12300475,50,0,0,0.0
E30,5,10,0.6,476,12300476,50,1,3,0.12
E30,5,10,0.6,477,12300477,50,1,2,0.08
E30,5,10,0.6,478,12300478,50,1,2,0.08
E30,5,10,0.6,479,12300479,50,3,3,0.12
E30,5,10,0.6,480,12300480,50,1,1,0.04
E30,5,10,0.6,481,12300481,50,2,3,0.12
E30,5,10,0.6,482,12300482,50,1,1,0.04
E30,5,10,0.6,483,12300483,50,2,4,0.16
E30,5,10,0.6,484,12300484,50,0,0,0.0
E30,5,10,0.6,485,12300485,50,2,3,0.12
E30,5,10,0.6,486,12300486,50,1,1,0.04
E30,5,10,0.6,487,12300487,50,3,4,0.16
E30,5,10,0.6,488,12300488,50,1,1,0.04
E30,5,10,0.6,489,12300489,50,1,1,0.04
E30,5,10,0.6,490,12300490,50,2,2,0.08
E30,5,10,0.6,491,12300491,50,1,2,0.08
E30,5,10,0.6,492,12300492,50,0,0,0.0
E30,5,10,0.6,493,12300493,50,4,4,0.16
E30,5,10,0.6,494,12300494,50,2,1,0.04
E30,5,10,0.6,495,12300495,50,2,2,0.08
E30,5,10,0.6,496,12300496,50,1,1,0.04
E30,5,10,0.6,497,12300497,50,2,2,0.08
E30,5,10,0.6,498,12300498,50,1,1,0.04
E30,5,10,0.6,499,12300499,50,0,0,0.0
E30,5,20,0.0,0,13300000,100,3,3,0.06
E30,5,20,0.0,1,13300001,100,6,6,0.12
E30,5,20,0.0,2,13300002,100,5,5,0.1
E30,5,20,0.0,3,13300003,100,2,2,0.04
E30,5,20,0.0,4,13300004,100,7,7,0.14
E30,5,20,0.0,5,13300005,100,9,8,0.16
E30,5,20,0.0,6,13300006,100,8,8,0.16
E30,5,20,0.0,7,13300007,100,7,7,0.14
E30,5,20,0.0,8,13300008,100,9,7,0.14
E30,5,20,0.0,9,13300009,100,5,5,0.1
E30,5,20,0.0,10,13300010,100,6,7,0.14
E30,5,20,0.0,11,13300011,100,9,7,0.14
E30,5,20,0.0,12,13300012,100,5,6,0.12
E30,5,20,0.0,13,13300013,100,4,4,0.08
E30,5,20,0.0,14,13300014,100,10,8,0.16
E30,5,20,0.0,15,13300015,100,7,7,0.14
E30,5,20,0.0,16,13300016,100,5,4,0.08
E30,5,20,0.0,17,13300017,100,4,4,0.08
E30,5,20,0.0,18,13300018,100,5,6,0.12
E30,5,20,0.0,19,13300019,100,7,6,0.12
E30,5,20,0.0,20,13300020,100,7,7,0.14
E30,5,20,0.0,21,13300021,100,6,6,0.12
E30,5,20,0.0,22,13300022,100,3,3,0.06
E30,5,20,0.0,23,13300023,100,3,3,0.06
E30,5,20,0.0,24,13300024,100,7,8,0.16
E30,5,20,0.0,25,13300025,100,4,5,0.1
E30,5,20,0.0,26,13300026,100,7,7,0.14
E30,5,20,0.0,27,13300027,100,9,8,0.16
E30,5,20,0.0,28,13300028,100,10,9,0.18
E30,5,20,0.0,29,13300029,100,7,6,0.12
E30,5,20,0.0,30,13300030,100,8,7,0.14
E30,5,20,0.0,31,13300031,100,5,6,0.12
E30,5,20,0.0,32,13300032,100,3,3,0.06
E30,5,20,0.0,33,13300033,100,4,4,0.08
E30,5,20,0.0,34,13300034,100,5,5,0.1
E30,5,20,0.0,35,13300035,100,9,9,0.18
E30,5,20,0.0,36,13300036,100,7,5,0.1
E30,5,20,0.0,37,13300037,100,5,5,0.1
E30,5,20,0.0,38,13300038,100,5,5,0.1
E30,5,20,0.0,39,13300039,100,4,3,0.06
E30,5,20,0.0,40,13300040,100,5,4,0.08
E30,5,20,0.0,41,13300041,100,6,5,0.1
E30,5,20,0.0,42,13300042,100,5,6,0.12
E30,5,20,0.0,43,13300043,100,7,10,0.2
E30,5,20,0.0,44,13300044,100,6,6,0.12
E30,5,20,0.0,45,13300045,100,4,3,0.06
E30,5,20,0.0,46,13300046,100,8,10,0.2
E30,5,20,0.0,47,13300047,100,9,9,0.18
E30,5,20,0.0,48,13300048,100,1,1,0.02
E30,5,20,0.0,49,13300049,100,6,6,0.12
E30,5,20,0.0,50,13300050,100,5,5,0.1
E30,5,20,0.0,51,13300051,100,10,10,0.2
E30,5,20,0.0,52,13300052,100,8,8,0.16
E30,5,20,0.0,53,13300053,100,5,4,0.08
E30,5,20,0.0,54,13300054,100,7,7,0.14
E30,5,20,0.0,55,13300055,100,7,6,0.12
E30,5,20,0.0,56,13300056,100,5,4,0.08
E30,5,20,0.0,57,13300057,100,9,7,0.14
E30,5,20,0.0,58,13300058,100,6,5,0.1
E30,5,20,0.0,59,13300059,100,6,6,0.12
E30,5,20,0.0,60,13300060,100,3,4,0.08
E30,5,20,0.0,61,13300061,100,4,5,0.1
E30,5,20,0.0,62,13300062,100,5,6,0.12
E30,5,20,0.0,63,13300063,100,7,7,0.14
E30,5,20,0.0,64,13300064,100,7,7,0.14
E30,5,20,0.0,65,13300065,100,7,6,0.12
E30,5,20,0.0,66,13300066,100,8,8,0.16
E30,5,20,0.0,67,13300067,100,6,6,0.12
E30,5,20,0.0,68,13300068,100,4,4,0.08
E30,5,20,0.0,69,13300069,100,1,1,0.02
E30,5,20,0.0,70,13300070,100,4,5,0.1
E30,5,20,0.0,71,13300071,100,7,7,0.14
E30,5,20,0.0,72,13300072,100,3,3,0.06
E30,5,20,0.0,73,13300073,100,4,5,0.1
E30,5,20,0.0,74,13300074,100,1,1,0.02
E30,5,20,0.0,75,13300075,100,10,9,0.18
E30,5,20,0.0,76,13300076,100,6,7,0.14
E30,5,20,0.0,77,13300077,100,5,5,0.1
E30,5,20,0.0,78,13300078,100,10,10,0.2
E30,5,20,0.0,79,13300079,100,7,7,0.14
E30,5,20,0.0,80,13300080,100,7,7,0.14
E30,5,20,0.0,81,13300081,100,4,4,0.08
E30,5,20,0.0,82,13300082,100,9,9,0.18
E30,5,20,0.0,83,13300083,100,5,5,0.1
E30,5,20,0.0,84,13300084,100,10,11,0.22
E30,5,20,0.0,85,13300085,100,5,5,0.1
E30,5,20,0.0,86,13300086,100,4,4,0.08
E30,5,20,0.0,87,13300087,100,8,7,0.14
E30,5,20,0.0,88,13300088,100,7,8,0.16
E30,5,20,0.0,89,13300089,100,7,6,0.12
E30,5,20,0.0,90,13300090,100,7,6,0.12
E30,5,20,0.0,91,13300091,100,5,5,0.1
E30,5,20,0.0,92,13300092,100,4,3,0.06
E30,5,20,0.0,93,13300093,100,8,7,0.14
E30,5,20,0.0,94,13300094,100,6,6,0.12
E30,5,20,0.0,95,13300095,100,8,8,0.16
E30,5,20,0.0,96,13300096,100,6,5,0.1
E30,5,20,0.0,97,13300097,100,6,6,0.12
E30,5,20,0.0,98,13300098,100,8,7,0.14
E30,5,20,0.0,99,13300099,100,4,4,0.08
E30,5,20,0.0,100,13300100,100,12,10,0.2
E30,5,20,0.0,101,13300101,100,4,4,0.08
E30,5,20,0.0,102,13300102,100,11,9,0.18
E30,5,20,0.0,103,13300103,100,3,4,0.08
E30,5,20,0.0,104,13300104,100,9,10,0.2
E30,5,20,0.0,105,13300105,100,6,6,0.12
E30,5,20,0.0,106,13300106,100,9,8,0.16
E30,5,20,0.0,107,13300107,100,9,8,0.16
E30,5,20,0.0,108,13300108,100,12,12,0.24
E30,5,20,0.0,109,13300109,100,3,3,0.06
E30,5,20,0.0,110,13300110,100,4,4,0.08
E30,5,20,0.0,111,13300111,100,9,8,0.16
E30,5,20,0.0,112,13300112,100,4,4,0.08
E30,5,20,0.0,113,13300113,100,6,6,0.12
E30,5,20,0.0,114,13300114,100,7,7,0.14
E30,5,20,0.0,115,13300115,100,8,9,0.18
E30,5,20,0.0,116,13300116,100,4,4,0.08
E30,5,20,0.0,117,13300117,100,5,4,0.08
E30,5,20,0.0,118,13300118,100,9,8,0.16
E30,5,20,0.0,119,13300119,100,12,12,0.24
E30,5,20,0.0,120,13300120,100,6,6,0.12
E30,5,20,0.0,121,13300121,100,2,2,0.04
E30,5,20,0.0,122,13300122,100,4,4,0.08
E30,5,20,0.0,123,13300123,100,5,4,0.08
E30,5,20,0.0,124,13300124,100,6,6,0.12
E30,5,20,0.0,125,13300125,100,8,8,0.16
E30,5,20,0.0,126,13300126,100,11,9,0.18
E30,5,20,0.0,127,13300127,100,4,4,0.08
E30,5,20,0.0,128,13300128,100,5,5,0.1
E30,5,20,0.0,129,13300129,100,8,7,0.14
E30,5,20,0.0,130,13300130,100,7,8,0.16
E30,5,20,0.0,131,13300131,100,11,13,0.26
E30,5,20,0.0,132,13300132,100,7,7,0.14
E30,5,20,0.0,133,13300133,100,10,10,0.2
E30,5,20,0.0,134,13300134,100,7,7,0.14
E30,5,20,0.0,135,13300135,100,6,6,0.12
E30,5,20,0.0,136,13300136,100,6,5,0.1
E30,5,20,0.0,137,13300137,100,5,5,0.1
E30,5,20,0.0,138,13300138,100,9,8,0.16
E30,5,20,0.0,139,13300139,100,6,7,0.14
E30,5,20,0.0,140,13300140,100,11,11,0.22
E30,5,20,0.0,141,13300141,100,5,6,0.12
E30,5,20,0.0,142,13300142,100,9,9,0.18
E30,5,20,0.0,143,13300143,100,5,5,0.1
E30,5,20,0.0,144,13300144,100,8,8,0.16
E30,5,20,0.0,145,13300145,100,1,1,0.02
E30,5,20,0.0,146,13300146,100,7,7,0.14
E30,5,20,0.0,147,13300147,100,3,3,0.06
E30,5,20,0.0,148,13300148,100,12,12,0.24
E30,5,20,0.0,149,13300149,100,5,5,0.1
E30,5,20,0.0,150,13300150,100,13,10,0.2
E30,5,20,0.0,151,13300151,100,7,6,0.12
E30,5,20,0.0,152,13300152,100,2,2,0.04
E30,5,20,0.0,153,13300153,100,5,6,0.12
E30,5,20,0.0,154,13300154,100,10,8,0.16
E30,5,20,0.0,155,13300155,100,6,6,0.12
E30,5,20,0.0,156,13300156,100,7,7,0.14
E30,5,20,0.0,157,13300157,100,6,5,0.1
E30,5,20,0.0,158,13300158,100,7,7,0.14
E30,5,20,0.0,159,13300159,100,6,6,0.12
E30,5,20,0.0,160,13300160,100,8,9,0.18
E30,5,20,0.0,161,13300161,100,4,3,0.06
E30,5,20,0.0,162,13300162,100,7,8,0.16
E30,5,20,0.0,163,13300163,100,4,4,0.08
E30,5,20,0.0,164,13300164,100,8,7,0.14
E30,5,20,0.0,165,13300165,100,5,4,0.08
E30,5,20,0.0,166,13300166,100,7,7,0.14
E30,5,20,0.0,167,13300167,100,2,1,0.02
E30,5,20,0.0,168,13300168,100,7,5,0.1
E30,5,20,0.0,169,13300169,100,6,5,0.1
E30,5,20,0.0,170,13300170,100,8,7,0.14
E30,5,20,0.0,171,13300171,100,6,6,0.12
E30,5,20,0.0,172,13300172,100,5,6,0.12
E30,5,20,0.0,173,13300173,100,3,3,0.06
E30,5,20,0.0,174,13300174,100,4,5,0.1
E30,5,20,0.0,175,13300175,100,6,6,0.12
E30,5,20,0.0,176,13300176,100,8,7,0.14
E30,5,20,0.0,177,13300177,100,4,4,0.08
E30,5,20,0.0,178,13300178,100,9,9,0.18
E30,5,20,0.0,179,13300179,100,8,9,0.18
E30,5,20,0.0,180,13300180,100,6,8,0.16
E30,5,20,0.0,181,13300181,100,5,5,0.1
E30,5,20,0.0,182,13300182,100,6,6,0.12
E30,5,20,0.0,183,13300183,100,5,5,0.1
E30,5,20,0.0,184,13300184,100,10,11,0.22
E30,5,20,0.0,185,13300185,100,7,8,0.16
E30,5,20,0.0,186,13300186,100,5,5,0.1
E30,5,20,0.0,187,13300187,100,6,5,0.1
E30,5,20,0.0,188,13300188,100,5,5,0.1
E30,5,20,0.0,189,13300189,100,4,4,0.08
E30,5,20,0.0,190,13300190,100,6,5,0.1
E30,5,20,0.0,191,13300191,100,11,11,0.22
E30,5,20,0.0,192,13300192,100,7,5,0.1
E30,5,20,0.0,193,13300193,100,6,6,0.12
E30,5,20,0.0,194,13300194,100,4,4,0.08
E30,5,20,0.0,195,13300195,100,7,8,0.16
E30,5,20,0.0,196,13300196,100,5,4,0.08
E30,5,20,0.0,197,13300197,100,9,7,0.14
E30,5,20,0.0,198,13300198,100,9,9,0.18
E30,5,20,0.0,199,13300199,100,4,4,0.08
E30,5,20,0.0,200,13300200,100,7,8,0.16
E30,5,20,0.0,201,13300201,100,4,4,0.08
E30,5,20,0.0,202,13300202,100,6,7,0.14
E30,5,20,0.0,203,13300203,100,3,3,0.06
E30,5,20,0.0,204,13300204,100,6,6,0.12
E30,5,20,0.0,205,13300205,100,8,6,0.12
E30,5,20,0.0,206,13300206,100,4,4,0.08
E30,5,20,0.0,207,13300207,100,10,8,0.16
E30,5,20,0.0,208,13300208,100,8,7,0.14
E30,5,20,0.0,209,13300209,100,9,10,0.2
E30,5,20,0.0,210,13300210,100,5,5,0.1
E30,5,20,0.0,211,13300211,100,7,7,0.14
E30,5,20,0.0,212,13300212,100,7,6,0.12
E30,5,20,0.0,213,13300213,100,7,6,0.12
E30,5,20,0.0,214,13300214,100,7,6,0.12
E30,5,20,0.0,215,13300215,100,12,12,0.24
E30,5,20,0.0,216,13300216,100,4,5,0.1
E30,5,20,0.0,217,13300217,100,6,6,0.12
E30,5,20,0.0,218,13300218,100,9,9,0.18
E30,5,20,0.0,219,13300219,100,5,6,0.12
E30,5,20,0.0,220,13300220,100,8,5,0.1
E30,5,20,0.0,221,13300221,100,3,3,0.06
E30,5,20,0.0,222,13300222,100,8,8,0.16
E30,5,20,0.0,223,13300223,100,5,3,0.06
E30,5,20,0.0,224,13300224,100,6,5,0.1
E30,5,20,0.0,225,13300225,100,5,5,0.1
E30,5,20,0.0,226,13300226,100,6,6,0.12
E30,5,20,0.0,227,13300227,100,2,2,0.04
E30,5,20,0.0,228,13300228,100,5,6,0.12
E30,5,20,0.0,229,13300229,100,2,2,0.04
E30,5,20,0.0,230,13300230,100,7,7,0.14
E30,5,20,0.0,231,13300231,100,4,4,0.08
E30,5,20,0.0,232,13300232,100,8,7,0.14
E30,5,20,0.0,233,13300233,100,7,7,0.14
E30,5,20,0.0,234,13300234,100,8,8,0.16
E30,5,20,0.0,235,13300235,100,3,3,0.06
E30,5,20,0.0,236,13300236,100,8,8,0.16
E30,5,20,0.0,237,13300237,100,5,6,0.12
E30,5,20,0.0,238,13300238,100,8,8,0.16
E30,5,20,0.0,239,13300239,100,7,8,0.16
E30,5,20,0.0,240,13300240,100,6,8,0.16
E30,5,20,0.0,241,13300241,100,9,9,0.18
E30,5,20,0.0,242,13300242,100,4,6,0.12
E30,5,20,0.0,243,13300243,100,8,8,0.16
E30,5,20,0.0,244,13300244,100,10,10,0.2
E30,5,20,0.0,245,13300245,100,6,7,0.14
E30,5,20,0.0,246,13300246,100,7,8,0.16
E30,5,20,0.0,247,13300247,100,7,8,0.16
E30,5,20,0.0,248,13300248,100,5,4,0.08
E30,5,20,0.0,249,13300249,100,9,7,0.14
E30,5,20,0.0,250,13300250,100,6,6,0.12
E30,5,20,0.0,251,13300251,100,8,8,0.16
E30,5,20,0.0,252,13300252,100,11,10,0.2
E30,5,20,0.0,253,13300253,100,5,5,0.1
E30,5,20,0.0,254,13300254,100,5,5,0.1
E30,5,20,0.0,255,13300255,100,9,9,0.18
E30,5,20,0.0,256,13300256,100,7,8,0.16
E30,5,20,0.0,257,13300257,100,5,3,0.06
E30,5,20,0.0,258,13300258,100,5,6,0.12
E30,5,20,0.0,259,13300259,100,4,4,0.08
E30,5,20,0.0,260,13300260,100,4,3,0.06
E30,5,20,0.0,261,13300261,100,6,7,0.14
E30,5,20,0.0,262,13300262,100,3,3,0.06
E30,5,20,0.0,263,13300263,100,7,6,0.12
E30,5,20,0.0,264,13300264,100,7,8,0.16
E30,5,20,0.0,265,13300265,100,10,10,0.2
E30,5,20,0.0,266,13300266,100,6,5,0.1
E30,5,20,0.0,267,13300267,100,4,4,0.08
E30,5,20,0.0,268,13300268,100,7,7,0.14
E30,5,20,0.0,269,13300269,100,6,7,0.14
E30,5,20,0.0,270,13300270,100,8,10,0.2
E30,5,20,0.0,271,13300271,100,8,10,0.2
E30,5,20,0.0,272,13300272,100,6,7,0.14
E30,5,20,0.0,273,13300273,100,13,15,0.3
E30,5,20,0.0,274,13300274,100,5,5,0.1
E30,5,20,0.0,275,13300275,100,7,7,0.14
E30,5,20,0.0,276,13300276,100,7,6,0.12
E30,5,20,0.0,277,13300277,100,6,5,0.1
E30,5,20,0.0,278,13300278,100,4,4,0.08
E30,5,20,0.0,279,13300279,100,3,3,0.06
E30,5,20,0.0,280,13300280,100,4,3,0.06
E30,5,20,0.0,281,13300281,100,12,12,0.24
E30,5,20,0.0,282,13300282,100,7,7,0.14
E30,5,20,0.0,283,13300283,100,14,10,0.2
E30,5,20,0.0,284,13300284,100,8,10,0.2
E30,5,20,0.0,285,13300285,100,5,6,0.12
E30,5,20,0.0,286,13300286,100,6,6,0.12
E30,5,20,0.0,287,13300287,100,8,6,0.12
E30,5,20,0.0,288,13300288,100,11,9,0.18
E30,5,20,0.0,289,13300289,100,6,5,0.1
E30,5,20,0.0,290,13300290,100,7,6,0.12
E30,5,20,0.0,291,13300291,100,3,3,0.06
E30,5,20,0.0,292,13300292,100,5,5,0.1
E30,5,20,0.0,293,13300293,100,11,11,0.22
E30,5,20,0.0,294,13300294,100,7,8,0.16
E30,5,20,0.0,295,13300295,100,4,4,0.08
E30,5,20,0.0,296,13300296,100,6,6,0.12
E30,5,20,0.0,297,13300297,100,7,6,0.12
E30,5,20,0.0,298,13300298,100,1,1,0.02
E30,5,20,0.0,299,13300299,100,5,3,0.06
E30,5,20,0.0,300,13300300,100,8,7,0.14
E30,5,20,0.0,301,13300301,100,6,6,0.12
E30,5,20,0.0,302,13300302,100,6,7,0.14
E30,5,20,0.0,303,13300303,100,6,6,0.12
E30,5,20,0.0,304,13300304,100,2,2,0.04
E30,5,20,0.0,305,13300305,100,4,3,0.06
E30,5,20,0.0,306,13300306,100,3,3,0.06
E30,5,20,0.0,307,13300307,100,2,3,0.06
E30,5,20,0.0,308,13300308,100,10,9,0.18
E30,5,20,0.0,309,13300309,100,11,9,0.18
E30,5,20,0.0,310,13300310,100,7,5,0.1
E30,5,20,0.0,311,13300311,100,7,6,0.12
E30,5,20,0.0,312,13300312,100,3,3,0.06
E30,5,20,0.0,313,13300313,100,5,5,0.1
E30,5,20,0.0,314,13300314,100,6,6,0.12
E30,5,20,0.0,315,13300315,100,7,6,0.12
E30,5,20,0.0,316,13300316,100,7,6,0.12
E30,5,20,0.0,317,13300317,100,6,6,0.12
E30,5,20,0.0,318,13300318,100,5,5,0.1
E30,5,20,0.0,319,13300319,100,9,9,0.18
E30,5,20,0.0,320,13300320,100,4,4,0.08
E30,5,20,0.0,321,13300321,100,5,5,0.1
E30,5,20,0.0,322,13300322,100,4,4,0.08
E30,5,20,0.0,323,13300323,100,6,6,0.12
E30,5,20,0.0,324,13300324,100,5,5,0.1
E30,5,20,0.0,325,13300325,100,8,8,0.16
E30,5,20,0.0,326,13300326,100,5,5,0.1
E30,5,20,0.0,327,13300327,100,5,6,0.12
E30,5,20,0.0,328,13300328,100,4,5,0.1
E30,5,20,0.0,329,13300329,100,5,5,0.1
E30,5,20,0.0,330,13300330,100,2,2,0.04
E30,5,20,0.0,331,13300331,100,7,6,0.12
E30,5,20,0.0,332,13300332,100,5,5,0.1
E30,5,20,0.0,333,13300333,100,6,6,0.12
E30,5,20,0.0,334,13300334,100,5,6,0.12
E30,5,20,0.0,335,13300335,100,9,7,0.14
E30,5,20,0.0,336,13300336,100,5,3,0.06
E30,5,20,0.0,337,13300337,100,7,5,0.1
E30,5,20,0.0,338,13300338,100,6,7,0.14
E30,5,20,0.0,339,13300339,100,8,8,0.16
E30,5,20,0.0,340,13300340,100,7,7,0.14
E30,5,20,0.0,341,13300341,100,7,7,0.14
E30,5,20,0.0,342,13300342,100,6,6,0.12
E30,5,20,0.0,343,13300343,100,8,7,0.14
E30,5,20,0.0,344,13300344,100,9,10,0.2
E30,5,20,0.0,345,13300345,100,2,2,0.04
E30,5,20,0.0,346,13300346,100,7,6,0.12
E30,5,20,0.0,347,13300347,100,6,6,0.12
E30,5,20,0.0,348,13300348,100,6,6,0.12
E30,5,20,0.0,349,13300349,100,8,9,0.18
E30,5,20,0.0,350,13300350,100,8,8,0.16
E30,5,20,0.0,351,13300351,100,5,5,0.1
E30,5,20,0.0,352,13300352,100,10,8,0.16
E30,5,20,0.0,353,13300353,100,3,3,0.06
E30,5,20,0.0,354,13300354,100,10,8,0.16
E30,5,20,0.0,355,13300355,100,9,8,0.16
E30,5,20,0.0,356,13300356,100,9,9,0.18
E30,5,20,0.0,357,13300357,100,7,6,0.12
E30,5,20,0.0,358,13300358,100,8,8,0.16
E30,5,20,0.0,359,13300359,100,7,7,0.14
E30,5,20,0.0,360,13300360,100,5,6,0.12
E30,5,20,0.0,361,13300361,100,7,6,0.12
E30,5,20,0.0,362,13300362,100,4,4,0.08
E30,5,20,0.0,363,13300363,100,9,8,0.16
E30,5,20,0.0,364,13300364,100,2,2,0.04
E30,5,20,0.0,365,13300365,100,9,9,0.18
E30,5,20,0.0,366,13300366,100,5,5,0.1
E30,5,20,0.0,367,13300367,100,7,7,0.14
E30,5,20,0.0,368,13300368,100,6,7,0.14
E30,5,20,0.0,369,13300369,100,5,6,0.12
E30,5,20,0.0,370,13300370,100,2,2,0.04
E30,5,20,0.0,371,13300371,100,4,4,0.08
E30,5,20,0.0,372,13300372,100,8,6,0.12
E30,5,20,0.0,373,13300373,100,11,9,0.18
E30,5,20,0.0,374,13300374,100,4,4,0.08
E30,5,20,0.0,375,13300375,100,7,5,0.1
E30,5,20,0.0,376,13300376,100,10,10,0.2
E30,5,20,0.0,377,13300377,100,7,5,0.1
E30,5,20,0.0,378,13300378,100,4,4,0.08
E30,5,20,0.0,379,13300379,100,6,7,0.14
E30,5,20,0.0,380,13300380,100,4,3,0.06
E30,5,20,0.0,381,13300381,100,7,7,0.14
E30,5,20,0.0,382,13300382,100,7,6,0.12
E30,5,20,0.0,383,13300383,100,5,5,0.1
E30,5,20,0.0,384,13300384,100,7,8,0.16
E30,5,20,0.0,385,13300385,100,11,11,0.22
E30,5,20,0.0,386,13300386,100,5,4,0.08
E30,5,20,0.0,387,13300387,100,11,11,0.22
E30,5,20,0.0,388,13300388,100,3,3,0.06
E30,5,20,0.0,389,13300389,100,6,5,0.1
E30,5,20,0.0,390,13300390,100,6,4,0.08
E30,5,20,0.0,391,13300391,100,7,7,0.14
E30,5,20,0.0,392,13300392,100,3,3,0.06
E30,5,20,0.0,393,13300393,100,3,3,0.06
E30,5,20,0.0,394,13300394,100,3,3,0.06
E30,5,20,0.0,395,13300395,100,3,3,0.06
E30,5,20,0.0,396,13300396,100,8,9,0.18
E30,5,20,0.0,397,13300397,100,9,9,0.18
E30,5,20,0.0,398,13300398,100,9,7,0.14
E30,5,20,0.0,399,13300399,100,4,4,0.08
E30,5,20,0.0,400,13300400,100,6,6,0.12
E30,5,20,0.0,401,13300401,100,5,6,0.12
E30,5,20,0.0,402,13300402,100,13,12,0.24
E30,5,20,0.0,403,13300403,100,8,8,0.16
E30,5,20,0.0,404,13300404,100,3,3,0.06
E30,5,20,0.0,405,13300405,100,7,8,0.16
E30,5,20,0.0,406,13300406,100,10,10,0.2
E30,5,20,0.0,407,13300407,100,5,5,0.1
E30,5,20,0.0,408,13300408,100,4,4,0.08
E30,5,20,0.0,409,13300409,100,7,8,0.16
E30,5,20,0.0,410,13300410,100,5,7,0.14
E30,5,20,0.0,411,13300411,100,4,4,0.08
E30,5,20,0.0,412,13300412,100,4,5,0.1
E30,5,20,0.0,413,13300413,100,3,2,0.04
E30,5,20,0.0,414,13300414,100,9,8,0.16
E30,5,20,0.0,415,13300415,100,6,6,0.12
E30,5,20,0.0,416,13300416,100,5,5,0.1
E30,5,20,0.0,417,13300417,100,6,5,0.1
E30,5,20,0.0,418,13300418,100,10,10,0.2
E30,5,20,0.0,419,13300419,100,2,1,0.02
E30,5,20,0.0,420,13300420,100,5,5,0.1
E30,5,20,0.0,421,13300421,100,9,11,0.22
E30,5,20,0.0,422,13300422,100,7,7,0.14
E30,5,20,0.0,423,13300423,100,4,4,0.08
E30,5,20,0.0,424,13300424,100,5,5,0.1
E30,5,20,0.0,425,13300425,100,5,5,0.1
E30,5,20,0.0,426,13300426,100,6,5,0.1
E30,5,20,0.0,427,13300427,100,4,4,0.08
E30,5,20,0.0,428,13300428,100,8,7,0.14
E30,5,20,0.0,429,13300429,100,4,4,0.08
E30,5,20,0.0,430,13300430,100,6,5,0.1
E30,5,20,0.0,431,13300431,100,7,8,0.16
E30,5,20,0.0,432,13300432,100,8,6,0.12
E30,5,20,0.0,433,13300433,100,5,6,0.12
E30,5,20,0.0,434,13300434,100,13,11,0.22
E30,5,20,0.0,435,13300435,100,7,7,0.14
E30,5,20,0.0,436,13300436,100,7,7,0.14
E30,5,20,0.0,437,13300437,100,8,8,0.16
E30,5,20,0.0,438,13300438,100,6,6,0.12
E30,5,20,0.0,439,13300439,100,11,12,0.24
E30,5,20,0.0,440,13300440,100,7,6,0.12
E30,5,20,0.0,441,13300441,100,4,4,0.08
E30,5,20,0.0,442,13300442,100,5,4,0.08
E30,5,20,0.0,443,13300443,100,11,10,0.2
E30,5,20,0.0,444,13300444,100,4,4,0.08
E30,5,20,0.0,445,13300445,100,5,4,0.08
E30,5,20,0.0,446,13300446,100,5,5,0.1
E30,5,20,0.0,447,13300447,100,9,7,0.14
E30,5,20,0.0,448,13300448,100,10,9,0.18
E30,5,20,0.0,449,13300449,100,5,5,0.1
E30,5,20,0.0,450,13300450,100,8,7,0.14
E30,5,20,0.0,451,13300451,100,6,7,0.14
E30,5,20,0.0,452,13300452,100,5,5,0.1
E30,5,20,0.0,453,13300453,100,4,5,0.1
E30,5,20,0.0,454,13300454,100,4,4,0.08
E30,5,20,0.0,455,13300455,100,7,8,0.16
E30,5,20,0.0,456,13300456,100,4,4,0.08
E30,5,20,0.0,457,13300457,100,2,2,0.04
E30,5,20,0.0,458,13300458,100,3,2,0.04
E30,5,20,0.0,459,13300459,100,8,10,0.2
E30,5,20,0.0,460,13300460,100,7,8,0.16
E30,5,20,0.0,461,13300461,100,1,1,0.02
E30,5,20,0.0,462,13300462,100,3,3,0.06
E30,5,20,0.0,463,13300463,100,8,11,0.22
E30,5,20,0.0,464,13300464,100,4,4,0.08
E30,5,20,0.0,465,13300465,100,9,10,0.2
E30,5,20,0.0,466,13300466,100,7,6,0.12
E30,5,20,0.0,467,13300467,100,10,8,0.16
E30,5,20,0.0,468,13300468,100,6,6,0.12
E30,5,20,0.0,469,13300469,100,7,8,0.16
E30,5,20,0.0,470,13300470,100,10,9,0.18
E30,5,20,0.0,471,13300471,100,6,7,0.14
E30,5,20,0.0,472,13300472,100,10,13,0.26
E30,5,20,0.0,473,13300473,100,10,9,0.18
E30,5,20,0.0,474,13300474,100,3,3,0.06
E30,5,20,0.0,475,13300475,100,4,4,0.08
E30,5,20,0.0,476,13300476,100,9,11,0.22
E30,5,20,0.0,477,13300477,100,3,4,0.08
E30,5,20,0.0,478,13300478,100,3,3,0.06
E30,5,20,0.0,479,13300479,100,7,7,0.14
E30,5,20,0.0,480,13300480,100,2,2,0.04
E30,5,20,0.0,481,13300481,100,7,6,0.12
E30,5,20,0.0,482,13300482,100,2,2,0.04
E30,5,20,0.0,483,13300483,100,4,4,0.08
E30,5,20,0.0,484,13300484,100,8,6,0.12
E30,5,20,0.0,485,13300485,100,8,9,0.18
E30,5,20,0.0,486,13300486,100,2,2,0.04
E30,5,20,0.0,487,13300487,100,9,9,0.18
E30,5,20,0.0,488,13300488,100,2,1,0.02
E30,5,20,0.0,489,13300489,100,10,9,0.18
E30,5,20,0.0,490,13300490,100,4,4,0.08
E30,5,20,0.0,491,13300491,100,6,7,0.14
E30,5,20,0.0,492,13300492,100,3,3,0.06
E30,5,20,0.0,493,13300493,100,3,3,0.06
E30,5,20,0.0,494,13300494,100,4,3,0.06
E30,5,20,0.0,495,13300495,100,6,6,0.12
E30,5,20,0.0,496,13300496,100,6,5,0.1
E30,5,20,0.0,497,13300497,100,3,3,0.06
E30,5,20,0.0,498,13300498,100,7,8,0.16
E30,5,20,0.0,499,13300499,100,6,5,0.1
E30,5,20,0.3,0,14300000,100,4,3,0.06
E30,5,20,0.3,1,14300001,100,6,5,0.1
E30,5,20,0.3,2,14300002,100,1,1,0.02
E30,5,20,0.3,3,14300003,100,3,3,0.06
E30,5,20,0.3,4,14300004,100,4,4,0.08
E30,5,20,0.3,5,14300005,100,1,1,0.02
E30,5,20,0.3,6,14300006,100,2,2,0.04
E30,5,20,0.3,7,14300007,100,8,8,0.16
E30,5,20,0.3,8,14300008,100,7,7,0.14
E30,5,20,0.3,9,14300009,100,5,5,0.1
E30,5,20,0.3,10,14300010,100,4,4,0.08
E30,5,20,0.3,11,14300011,100,3,3,0.06
E30,5,20,0.3,12,14300012,100,6,6,0.12
E30,5,20,0.3,13,14300013,100,6,7,0.14
E30,5,20,0.3,14,14300014,100,5,6,0.12
E30,5,20,0.3,15,14300015,100,6,5,0.1
E30,5,20,0.3,16,14300016,100,5,5,0.1
E30,5,20,0.3,17,14300017,100,1,1,0.02
E30,5,20,0.3,18,14300018,100,8,7,0.14
E30,5,20,0.3,19,14300019,100,5,4,0.08
E30,5,20,0.3,20,14300020,100,2,2,0.04
E30,5,20,0.3,21,14300021,100,5,5,0.1
E30,5,20,0.3,22,14300022,100,10,9,0.18
E30,5,20,0.3,23,14300023,100,4,4,0.08
E30,5,20,0.3,24,14300024,100,0,0,0.0
E30,5,20,0.3,25,14300025,100,0,0,0.0
E30,5,20,0.3,26,14300026,100,4,6,0.12
E30,5,20,0.3,27,14300027,100,5,5,0.1
E30,5,20,0.3,28,14300028,100,4,4,0.08
E30,5,20,0.3,29,14300029,100,4,4,0.08
E30,5,20,0.3,30,14300030,100,4,3,0.06
E30,5,20,0.3,31,14300031,100,3,3,0.06
E30,5,20,0.3,32,14300032,100,5,4,0.08
E30,5,20,0.3,33,14300033,100,8,8,0.16
E30,5,20,0.3,34,14300034,100,3,3,0.06
E30,5,20,0.3,35,14300035,100,1,1,0.02
E30,5,20,0.3,36,14300036,100,4,5,0.1
E30,5,20,0.3,37,14300037,100,5,4,0.08
E30,5,20,0.3,38,14300038,100,5,6,0.12
E30,5,20,0.3,39,14300039,100,3,3,0.06
E30,5,20,0.3,40,14300040,100,2,3,0.06
E30,5,20,0.3,41,14300041,100,4,4,0.08
E30,5,20,0.3,42,14300042,100,4,5,0.1
E30,5,20,0.3,43,14300043,100,2,2,0.04
E30,5,20,0.3,44,14300044,100,5,5,0.1
E30,5,20,0.3,45,14300045,100,3,3,0.06
E30,5,20,0.3,46,14300046,100,3,4,0.08
E30,5,20,0.3,47,14300047,100,3,3,0.06
E30,5,20,0.3,48,14300048,100,3,3,0.06
E30,5,20,0.3,49,14300049,100,3,3,0.06
E30,5,20,0.3,50,14300050,100,5,4,0.08
E30,5,20,0.3,51,14300051,100,3,3,0.06
E30,5,20,0.3,52,14300052,100,1,2,0.04
E30,5,20,0.3,53,14300053,100,7,7,0.14
E30,5,20,0.3,54,14300054,100,7,8,0.16
E30,5,20,0.3,55,14300055,100,4,3,0.06
E30,5,20,0.3,56,14300056,100,3,2,0.04
E30,5,20,0.3,57,14300057,100,3,4,0.08
E30,5,20,0.3,58,14300058,100,3,3,0.06
E30,5,20,0.3,59,14300059,100,5,6,0.12
E30,5,20,0.3,60,14300060,100,2,3,0.06
E30,5,20,0.3,61,14300061,100,3,4,0.08
E30,5,20,0.3,62,14300062,100,0,0,0.0
E30,5,20,0.3,63,14300063,100,7,9,0.18
E30,5,20,0.3,64,14300064,100,4,4,0.08
E30,5,20,0.3,65,14300065,100,3,3,0.06
E30,5,20,0.3,66,14300066,100,4,5,0.1
E30,5,20,0.3,67,14300067,100,2,2,0.04
E30,5,20,0.3,68,14300068,100,6,5,0.1
E30,5,20,0.3,69,14300069,100,3,3,0.06
E30,5,20,0.3,70,14300070,100,1,1,0.02
E30,5,20,0.3,71,14300071,100,1,1,0.02
E30,5,20,0.3,72,14300072,100,2,3,0.06
E30,5,20,0.3,73,14300073,100,7,7,0.14
E30,5,20,0.3,74,14300074,100,3,4,0.08
E30,5,20,0.3,75,14300075,100,4,4,0.08
E30,5,20,0.3,76,14300076,100,3,3,0.06
E30,5,20,0.3,77,14300077,100,10,13,0.26
E30,5,20,0.3,78,14300078,100,4,4,0.08
E30,5,20,0.3,79,14300079,100,7,8,0.16
E30,5,20,0.3,80,14300080,100,1,2,0.04
E30,5,20,0.3,81,14300081,100,3,3,0.06
E30,5,20,0.3,82,14300082,100,2,4,0.08
E30,5,20,0.3,83,14300083,100,1,1,0.02
E30,5,20,0.3,84,14300084,100,6,7,0.14
E30,5,20,0.3,85,14300085,100,3,6,0.12
E30,5,20,0.3,86,14300086,100,2,2,0.04
E30,5,20,0.3,87,14300087,100,2,2,0.04
E30,5,20,0.3,88,14300088,100,2,3,0.06
E30,5,20,0.3,89,14300089,100,4,4,0.08
E30,5,20,0.3,90,14300090,100,4,4,0.08
E30,5,20,0.3,91,14300091,100,6,6,0.12
E30,5,20,0.3,92,14300092,100,2,2,0.04
E30,5,20,0.3,93,14300093,100,3,4,0.08
E30,5,20,0.3,94,14300094,100,5,5,0.1
E30,5,20,0.3,95,14300095,100,1,2,0.04
E30,5,20,0.3,96,14300096,100,1,1,0.02
E30,5,20,0.3,97,14300097,100,4,4,0.08
E30,5,20,0.3,98,14300098,100,4,4,0.08
E30,5,20,0.3,99,14300099,100,3,2,0.04
E30,5,20,0.3,100,14300100,100,6,6,0.12
E30,5,20,0.3,101,14300101,100,3,3,0.06
E30,5,20,0.3,102,14300102,100,4,4,0.08
E30,5,20,0.3,103,14300103,100,4,4,0.08
E30,5,20,0.3,104,14300104,100,5,6,0.12
E30,5,20,0.3,105,14300105,100,5,5,0.1
E30,5,20,0.3,106,14300106,100,6,6,0.12
E30,5,20,0.3,107,14300107,100,9,8,0.16
E30,5,20,0.3,108,14300108,100,5,6,0.12
E30,5,20,0.3,109,14300109,100,2,2,0.04
E30,5,20,0.3,110,14300110,100,6,7,0.14
E30,5,20,0.3,111,14300111,100,4,4,0.08
E30,5,20,0.3,112,14300112,100,3,3,0.06
E30,5,20,0.3,113,14300113,100,3,3,0.06
E30,5,20,0.3,114,14300114,100,5,6,0.12
E30,5,20,0.3,115,14300115,100,5,4,0.08
E30,5,20,0.3,116,14300116,100,5,5,0.1
E30,5,20,0.3,117,14300117,100,3,4,0.08
E30,5,20,0.3,118,14300118,100,4,5,0.1
E30,5,20,0.3,119,14300119,100,3,3,0.06
E30,5,20,0.3,120,14300120,100,6,5,0.1
E30,5,20,0.3,121,14300121,100,5,6,0.12
E30,5,20,0.3,122,14300122,100,3,3,0.06
E30,5,20,0.3,123,14300123,100,4,5,0.1
E30,5,20,0.3,124,14300124,100,9,9,0.18
E30,5,20,0.3,125,14300125,100,5,5,0.1
E30,5,20,0.3,126,14300126,100,7,8,0.16
E30,5,20,0.3,127,14300127,100,5,5,0.1
E30,5,20,0.3,128,14300128,100,5,5,0.1
E30,5,20,0.3,129,14300129,100,7,9,0.18
E30,5,20,0.3,130,14300130,100,0,0,0.0
E30,5,20,0.3,131,14300131,100,1,1,0.02
E30,5,20,0.3,132,14300132,100,1,2,0.04
E30,5,20,0.3,133,14300133,100,4,4,0.08
E30,5,20,0.3,134,14300134,100,5,5,0.1
E30,5,20,0.3,135,14300135,100,4,5,0.1
E30,5,20,0.3,136,14300136,100,2,3,0.06
E30,5,20,0.3,137,14300137,100,3,3,0.06
E30,5,20,0.3,138,14300138,100,7,8,0.16
E30,5,20,0.3,139,14300139,100,3,3,0.06
E30,5,20,0.3,140,14300140,100,4,4,0.08
E30,5,20,0.3,141,14300141,100,11,9,0.18
E30,5,20,0.3,142,14300142,100,7,6,0.12
E30,5,20,0.3,143,14300143,100,2,2,0.04
E30,5,20,0.3,144,14300144,100,3,3,0.06
E30,5,20,0.3,145,14300145,100,3,3,0.06
E30,5,20,0.3,146,14300146,100,6,6,0.12
E30,5,20,0.3,147,14300147,100,1,2,0.04
E30,5,20,0.3,148,14300148,100,2,2,0.04
E30,5,20,0.3,149,14300149,100,4,3,0.06
E30,5,20,0.3,150,14300150,100,5,7,0.14
E30,5,20,0.3,151,14300151,100,8,9,0.18
E30,5,20,0.3,152,14300152,100,5,5,0.1
E30,5,20,0.3,153,14300153,100,4,3,0.06
E30,5,20,0.3,154,14300154,100,2,2,0.04
E30,5,20,0.3,155,14300155,100,0,0,0.0
E30,5,20,0.3,156,14300156,100,4,4,0.08
E30,5,20,0.3,157,14300157,100,9,9,0.18
E30,5,20,0.3,158,14300158,100,3,3,0.06
E30,5,20,0.3,159,14300159,100,3,4,0.08
E30,5,20,0.3,160,14300160,100,6,6,0.12
E30,5,20,0.3,161,14300161,100,7,7,0.14
E30,5,20,0.3,162,14300162,100,5,5,0.1
E30,5,20,0.3,163,14300163,100,2,3,0.06
E30,5,20,0.3,164,14300164,100,7,7,0.14
E30,5,20,0.3,165,14300165,100,2,2,0.04
E30,5,20,0.3,166,14300166,100,6,7,0.14
E30,5,20,0.3,167,14300167,100,4,5,0.1
E30,5,20,0.3,168,14300168,100,3,3,0.06
E30,5,20,0.3,169,14300169,100,5,5,0.1
E30,5,20,0.3,170,14300170,100,5,5,0.1
E30,5,20,0.3,171,14300171,100,3,3,0.06
E30,5,20,0.3,172,14300172,100,1,1,0.02
E30,5,20,0.3,173,14300173,100,3,3,0.06
E30,5,20,0.3,174,14300174,100,8,13,0.26
E30,5,20,0.3,175,14300175,100,2,2,0.04
E30,5,20,0.3,176,14300176,100,5,5,0.1
E30,5,20,0.3,177,14300177,100,3,3,0.06
E30,5,20,0.3,178,14300178,100,1,1,0.02
E30,5,20,0.3,179,14300179,100,8,8,0.16
E30,5,20,0.3,180,14300180,100,4,6,0.12
E30,5,20,0.3,181,14300181,100,5,6,0.12
E30,5,20,0.3,182,14300182,100,4,3,0.06
E30,5,20,0.3,183,14300183,100,1,1,0.02
E30,5,20,0.3,184,14300184,100,1,1,0.02
E30,5,20,0.3,185,14300185,100,4,5,0.1
E30,5,20,0.3,186,14300186,100,2,2,0.04
E30,5,20,0.3,187,14300187,100,5,5,0.1
E30,5,20,0.3,188,14300188,100,3,3,0.06
E30,5,20,0.3,189,14300189,100,2,2,0.04
E30,5,20,0.3,190,14300190,100,4,5,0.1
E30,5,20,0.3,191,14300191,100,4,6,0.12
E30,5,20,0.3,192,14300192,100,8,8,0.16
E30,5,20,0.3,193,14300193,100,2,2,0.04
E30,5,20,0.3,194,14300194,100,5,4,0.08
E30,5,20,0.3,195,14300195,100,3,3,0.06
E30,5,20,0.3,196,14300196,100,3,4,0.08
E30,5,20,0.3,197,14300197,100,7,6,0.12
E30,5,20,0.3,198,14300198,100,1,1,0.02
E30,5,20,0.3,199,14300199,100,2,4,0.08
E30,5,20,0.3,200,14300200,100,4,4,0.08
E30,5,20,0.3,201,14300201,100,8,6,0.12
E30,5,20,0.3,202,14300202,100,4,7,0.14
E30,5,20,0.3,203,14300203,100,6,5,0.1
E30,5,20,0.3,204,14300204,100,3,3,0.06
E30,5,20,0.3,205,14300205,100,1,1,0.02
E30,5,20,0.3,206,14300206,100,3,3,0.06
E30,5,20,0.3,207,14300207,100,4,5,0.1
E30,5,20,0.3,208,14300208,100,2,2,0.04
E30,5,20,0.3,209,14300209,100,3,4,0.08
E30,5,20,0.3,210,14300210,100,2,3,0.06
E30,5,20,0.3,211,14300211,100,3,3,0.06
E30,5,20,0.3,212,14300212,100,3,3,0.06
E30,5,20,0.3,213,14300213,100,3,3,0.06
E30,5,20,0.3,214,14300214,100,3,6,0.12
E30,5,20,0.3,215,14300215,100,3,5,0.1
E30,5,20,0.3,216,14300216,100,8,7,0.14
E30,5,20,0.3,217,14300217,100,9,7,0.14
E30,5,20,0.3,218,14300218,100,3,4,0.08
E30,5,20,0.3,219,14300219,100,1,1,0.02
E30,5,20,0.3,220,14300220,100,3,3,0.06
E30,5,20,0.3,221,14300221,100,1,1,0.02
E30,5,20,0.3,222,14300222,100,1,1,0.02
E30,5,20,0.3,223,14300223,100,5,5,0.1
E30,5,20,0.3,224,14300224,100,4,6,0.12
E30,5,20,0.3,225,14300225,100,4,4,0.08
E30,5,20,0.3,226,14300226,100,3,3,0.06
E30,5,20,0.3,227,14300227,100,5,4,0.08
E30,5,20,0.3,228,14300228,100,4,3,0.06
E30,5,20,0.3,229,14300229,100,2,2,0.04
E30,5,20,0.3,230,14300230,100,3,3,0.06
E30,5,20,0.3,231,14300231,100,5,5,0.1
E30,5,20,0.3,232,14300232,100,9,7,0.14
E30,5,20,0.3,233,14300233,100,2,2,0.04
E30,5,20,0.3,234,14300234,100,8,9,0.18
E30,5,20,0.3,235,14300235,100,4,4,0.08
E30,5,20,0.3,236,14300236,100,4,4,0.08
E30,5,20,0.3,237,14300237,100,6,7,0.14
E30,5,20,0.3,238,14300238,100,3,3,0.06
E30,5,20,0.3,239,14300239,100,4,4,0.08
E30,5,20,0.3,240,14300240,100,4,5,0.1
E30,5,20,0.3,241,14300241,100,5,8,0.16
E30,5,20,0.3,242,14300242,100,4,3,0.06
E30,5,20,0.3,243,14300243,100,2,2,0.04
E30,5,20,0.3,244,14300244,100,2,2,0.04
E30,5,20,0.3,245,14300245,100,5,6,0.12
E30,5,20,0.3,246,14300246,100,7,5,0.1
E30,5,20,0.3,247,14300247,100,5,5,0.1
E30,5,20,0.3,248,14300248,100,5,3,0.06
E30,5,20,0.3,249,14300249,100,1,1,0.02
E30,5,20,0.3,250,14300250,100,6,6,0.12
E30,5,20,0.3,251,14300251,100,2,2,0.04
E30,5,20,0.3,252,14300252,100,3,3,0.06
E30,5,20,0.3,253,14300253,100,4,5,0.1
E30,5,20,0.3,254,14300254,100,0,0,0.0
E30,5,20,0.3,255,14300255,100,3,4,0.08
E30,5,20,0.3,256,14300256,100,4,4,0.08
E30,5,20,0.3,257,14300257,100,6,6,0.12
E30,5,20,0.3,258,14300258,100,6,6,0.12
E30,5,20,0.3,259,14300259,100,1,1,0.02
E30,5,20,0.3,260,14300260,100,5,4,0.08
E30,5,20,0.3,261,14300261,100,5,6,0.12
E30,5,20,0.3,262,14300262,100,5,6,0.12
E30,5,20,0.3,263,14300263,100,5,8,0.16
E30,5,20,0.3,264,14300264,100,2,2,0.04
E30,5,20,0.3,265,14300265,100,4,6,0.12
E30,5,20,0.3,266,14300266,100,4,4,0.08
E30,5,20,0.3,267,14300267,100,3,3,0.06
E30,5,20,0.3,268,14300268,100,4,4,0.08
E30,5,20,0.3,269,14300269,100,2,2,0.04
E30,5,20,0.3,270,14300270,100,4,6,0.12
E30,5,20,0.3,271,14300271,100,5,6,0.12
E30,5,20,0.3,272,14300272,100,6,5,0.1
E30,5,20,0.3,273,14300273,100,5,6,0.12
E30,5,20,0.3,274,14300274,100,3,3,0.06
E30,5,20,0.3,275,14300275,100,1,1,0.02
E30,5,20,0.3,276,14300276,100,2,2,0.04
E30,5,20,0.3,277,14300277,100,5,5,0.1
E30,5,20,0.3,278,14300278,100,3,3,0.06
E30,5,20,0.3,279,14300279,100,2,4,0.08
E30,5,20,0.3,280,14300280,100,3,3,0.06
E30,5,20,0.3,281,14300281,100,5,5,0.1
E30,5,20,0.3,282,14300282,100,7,6,0.12
E30,5,20,0.3,283,14300283,100,2,2,0.04
E30,5,20,0.3,284,14300284,100,7,7,0.14
E30,5,20,0.3,285,14300285,100,3,3,0.06
E30,5,20,0.3,286,14300286,100,4,6,0.12
E30,5,20,0.3,287,14300287,100,2,2,0.04
E30,5,20,0.3,288,14300288,100,3,2,0.04
E30,5,20,0.3,289,14300289,100,1,1,0.02
E30,5,20,0.3,290,14300290,100,5,6,0.12
E30,5,20,0.3,291,14300291,100,4,4,0.08
E30,5,20,0.3,292,14300292,100,6,5,0.1
E30,5,20,0.3,293,14300293,100,5,5,0.1
E30,5,20,0.3,294,14300294,100,2,4,0.08
E30,5,20,0.3,295,14300295,100,2,2,0.04
E30,5,20,0.3,296,14300296,100,8,6,0.12
E30,5,20,0.3,297,14300297,100,7,9,0.18
E30,5,20,0.3,298,14300298,100,9,9,0.18
E30,5,20,0.3,299,14300299,100,1,1,0.02
E30,5,20,0.3,300,14300300,100,5,5,0.1
E30,5,20,0.3,301,14300301,100,5,6,0.12
E30,5,20,0.3,302,14300302,100,0,0,0.0
E30,5,20,0.3,303,14300303,100,3,6,0.12
E30,5,20,0.3,304,14300304,100,5,5,0.1
E30,5,20,0.3,305,14300305,100,2,2,0.04
E30,5,20,0.3,306,14300306,100,5,5,0.1
E30,5,20,0.3,307,14300307,100,2,3,0.06
E30,5,20,0.3,308,14300308,100,4,3,0.06
E30,5,20,0.3,309,14300309,100,6,6,0.12
E30,5,20,0.3,310,14300310,100,6,6,0.12
E30,5,20,0.3,311,14300311,100,5,5,0.1
E30,5,20,0.3,312,14300312,100,8,8,0.16
E30,5,20,0.3,313,14300313,100,2,2,0.04
E30,5,20,0.3,314,14300314,100,3,3,0.06
E30,5,20,0.3,315,14300315,100,7,5,0.1
E30,5,20,0.3,316,14300316,100,2,2,0.04
E30,5,20,0.3,317,14300317,100,2,2,0.04
E30,5,20,0.3,318,14300318,100,3,3,0.06
E30,5,20,0.3,319,14300319,100,3,4,0.08
E30,5,20,0.3,320,14300320,100,3,4,0.08
E30,5,20,0.3,321,14300321,100,3,3,0.06
E30,5,20,0.3,322,14300322,100,7,7,0.14
E30,5,20,0.3,323,14300323,100,3,3,0.06
E30,5,20,0.3,324,14300324,100,2,2,0.04
E30,5,20,0.3,325,14300325,100,5,6,0.12
E30,5,20,0.3,326,14300326,100,7,6,0.12
E30,5,20,0.3,327,14300327,100,5,4,0.08
E30,5,20,0.3,328,14300328,100,2,2,0.04
E30,5,20,0.3,329,14300329,100,3,2,0.04
E30,5,20,0.3,330,14300330,100,7,6,0.12
E30,5,20,0.3,331,14300331,100,5,5,0.1
E30,5,20,0.3,332,14300332,100,2,2,0.04
E30,5,20,0.3,333,14300333,100,5,5,0.1
E30,5,20,0.3,334,14300334,100,4,5,0.1
E30,5,20,0.3,335,14300335,100,4,3,0.06
E30,5,20,0.3,336,14300336,100,6,5,0.1
E30,5,20,0.3,337,14300337,100,7,8,0.16
E30,5,20,0.3,338,14300338,100,7,7,0.14
E30,5,20,0.3,339,14300339,100,3,2,0.04
E30,5,20,0.3,340,14300340,100,6,6,0.12
E30,5,20,0.3,341,14300341,100,2,2,0.04
E30,5,20,0.3,342,14300342,100,7,7,0.14
E30,5,20,0.3,343,14300343,100,1,1,0.02
E30,5,20,0.3,344,14300344,100,4,5,0.1
E30,5,20,0.3,345,14300345,100,3,3,0.06
E30,5,20,0.3,346,14300346,100,7,9,0.18
E30,5,20,0.3,347,14300347,100,6,7,0.14
E30,5,20,0.3,348,14300348,100,11,13,0.26
E30,5,20,0.3,349,14300349,100,10,8,0.16
E30,5,20,0.3,350,14300350,100,6,6,0.12
E30,5,20,0.3,351,14300351,100,3,4,0.08
E30,5,20,0.3,352,14300352,100,4,4,0.08
E30,5,20,0.3,353,14300353,100,2,3,0.06
E30,5,20,0.3,354,14300354,100,4,5,0.1
E30,5,20,0.3,355,14300355,100,3,4,0.08
E30,5,20,0.3,356,14300356,100,1,1,0.02
E30,5,20,0.3,357,14300357,100,2,2,0.04
E30,5,20,0.3,358,14300358,100,1,2,0.04
E30,5,20,0.3,359,14300359,100,5,5,0.1
E30,5,20,0.3,360,14300360,100,5,5,0.1
E30,5,20,0.3,361,14300361,100,0,0,0.0
E30,5,20,0.3,362,14300362,100,4,4,0.08
E30,5,20,0.3,363,14300363,100,2,2,0.04
E30,5,20,0.3,364,14300364,100,1,1,0.02
E30,5,20,0.3,365,14300365,100,3,4,0.08
E30,5,20,0.3,366,14300366,100,2,2,0.04
E30,5,20,0.3,367,14300367,100,5,6,0.12
E30,5,20,0.3,368,14300368,100,4,4,0.08
E30,5,20,0.3,369,14300369,100,4,4,0.08
E30,5,20,0.3,370,14300370,100,3,4,0.08
E30,5,20,0.3,371,14300371,100,4,5,0.1
E30,5,20,0.3,372,14300372,100,7,8,0.16
E30,5,20,0.3,373,14300373,100,6,7,0.14
E30,5,20,0.3,374,14300374,100,0,0,0.0
E30,5,20,0.3,375,14300375,100,4,5,0.1
E30,5,20,0.3,376,14300376,100,9,8,0.16
E30,5,20,0.3,377,14300377,100,3,3,0.06
E30,5,20,0.3,378,14300378,100,3,3,0.06
E30,5,20,0.3,379,14300379,100,4,3,0.06
E30,5,20,0.3,380,14300380,100,6,6,0.12
E30,5,20,0.3,381,14300381,100,3,2,0.04
E30,5,20,0.3,382,14300382,100,4,4,0.08
E30,5,20,0.3,383,14300383,100,3,4,0.08
E30,5,20,0.3,384,14300384,100,4,5,0.1
E30,5,20,0.3,385,14300385,100,3,3,0.06
E30,5,20,0.3,386,14300386,100,2,2,0.04
E30,5,20,0.3,387,14300387,100,1,2,0.04
E30,5,20,0.3,388,14300388,100,4,4,0.08
E30,5,20,0.3,389,14300389,100,4,4,0.08
E30,5,20,0.3,390,14300390,100,5,5,0.1
E30,5,20,0.3,391,14300391,100,5,8,0.16
E30,5,20,0.3,392,14300392,100,4,3,0.06
E30,5,20,0.3,393,14300393,100,9,12,0.24
E30,5,20,0.3,394,14300394,100,7,7,0.14
E30,5,20,0.3,395,14300395,100,4,5,0.1
E30,5,20,0.3,396,14300396,100,4,5,0.1
E30,5,20,0.3,397,14300397,100,2,4,0.08
E30,5,20,0.3,398,14300398,100,4,4,0.08
E30,5,20,0.3,399,14300399,100,1,1,0.02
E30,5,20,0.3,400,14300400,100,1,1,0.02
E30,5,20,0.3,401,14300401,100,2,2,0.04
E30,5,20,0.3,402,14300402,100,3,3,0.06
E30,5,20,0.3,403,14300403,100,7,7,0.14
E30,5,20,0.3,404,14300404,100,7,7,0.14
E30,5,20,0.3,405,14300405,100,3,3,0.06
E30,5,20,0.3,406,14300406,100,8,8,0.16
E30,5,20,0.3,407,14300407,100,6,5,0.1
E30,5,20,0.3,408,14300408,100,4,5,0.1
E30,5,20,0.3,409,14300409,100,4,3,0.06
E30,5,20,0.3,410,14300410,100,0,0,0.0
E30,5,20,0.3,411,14300411,100,4,4,0.08
E30,5,20,0.3,412,14300412,100,6,6,0.12
E30,5,20,0.3,413,14300413,100,2,2,0.04
E30,5,20,0.3,414,14300414,100,6,5,0.1
E30,5,20,0.3,415,14300415,100,3,2,0.04
E30,5,20,0.3,416,14300416,100,6,7,0.14
E30,5,20,0.3,417,14300417,100,6,9,0.18
E30,5,20,0.3,418,14300418,100,3,3,0.06
E30,5,20,0.3,419,14300419,100,4,4,0.08
E30,5,20,0.3,420,14300420,100,3,3,0.06
E30,5,20,0.3,421,14300421,100,4,4,0.08
E30,5,20,0.3,422,14300422,100,4,4,0.08
E30,5,20,0.3,423,14300423,100,6,7,0.14
E30,5,20,0.3,424,14300424,100,7,6,0.12
E30,5,20,0.3,425,14300425,100,0,0,0.0
E30,5,20,0.3,426,14300426,100,4,4,0.08
E30,5,20,0.3,427,14300427,100,1,1,0.02
E30,5,20,0.3,428,14300428,100,2,2,0.04
E30,5,20,0.3,429,14300429,100,4,4,0.08
E30,5,20,0.3,430,14300430,100,1,1,0.02
E30,5,20,0.3,431,14300431,100,4,5,0.1
E30,5,20,0.3,432,14300432,100,3,4,0.08
E30,5,20,0.3,433,14300433,100,1,1,0.02
E30,5,20,0.3,434,14300434,100,5,4,0.08
E30,5,20,0.3,435,14300435,100,3,6,0.12
E30,5,20,0.3,436,14300436,100,3,3,0.06
E30,5,20,0.3,437,14300437,100,9,10,0.2
E30,5,20,0.3,438,14300438,100,4,4,0.08
E30,5,20,0.3,439,14300439,100,3,3,0.06
E30,5,20,0.3,440,14300440,100,6,7,0.14
E30,5,20,0.3,441,14300441,100,4,5,0.1
E30,5,20,0.3,442,14300442,100,4,5,0.1
E30,5,20,0.3,443,14300443,100,1,1,0.02
E30,5,20,0.3,444,14300444,100,8,9,0.18
E30,5,20,0.3,445,14300445,100,4,4,0.08
E30,5,20,0.3,446,14300446,100,5,5,0.1
E30,5,20,0.3,447,14300447,100,0,0,0.0
E30,5,20,0.3,448,14300448,100,4,3,0.06
E30,5,20,0.3,449,14300449,100,3,5,0.1
E30,5,20,0.3,450,14300450,100,7,8,0.16
E30,5,20,0.3,451,14300451,100,3,3,0.06
E30,5,20,0.3,452,14300452,100,3,3,0.06
E30,5,20,0.3,453,14300453,100,3,2,0.04
E30,5,20,0.3,454,14300454,100,6,6,0.12
E30,5,20,0.3,455,14300455,100,3,3,0.06
E30,5,20,0.3,456,14300456,100,6,6,0.12
E30,5,20,0.3,457,14300457,100,2,2,0.04
E30,5,20,0.3,458,14300458,100,5,5,0.1
E30,5,20,0.3,459,14300459,100,5,5,0.1
E30,5,20,0.3,460,14300460,100,1,1,0.02
E30,5,20,0.3,461,14300461,100,4,5,0.1
E30,5,20,0.3,462,14300462,100,1,1,0.02
E30,5,20,0.3,463,14300463,100,5,5,0.1
E30,5,20,0.3,464,14300464,100,7,6,0.12
E30,5,20,0.3,465,14300465,100,3,4,0.08
E30,5,20,0.3,466,14300466,100,7,7,0.14
E30,5,20,0.3,467,14300467,100,4,4,0.08
E30,5,20,0.3,468,14300468,100,9,10,0.2
E30,5,20,0.3,469,14300469,100,9,6,0.12
E30,5,20,0.3,470,14300470,100,6,6,0.12
E30,5,20,0.3,471,14300471,100,4,3,0.06
E30,5,20,0.3,472,14300472,100,4,3,0.06
E30,5,20,0.3,473,14300473,100,2,2,0.04
E30,5,20,0.3,474,14300474,100,5,5,0.1
E30,5,20,0.3,475,14300475,100,4,4,0.08
E30,5,20,0.3,476,14300476,100,5,5,0.1
E30,5,20,0.3,477,14300477,100,2,2,0.04
E30,5,20,0.3,478,14300478,100,4,6,0.12
E30,5,20,0.3,479,14300479,100,7,8,0.16
E30,5,20,0.3,480,14300480,100,6,6,0.12
E30,5,20,0.3,481,14300481,100,3,3,0.06
E30,5,20,0.3,482,14300482,100,6,4,0.08
E30,5,20,0.3,483,14300483,100,4,5,0.1
E30,5,20,0.3,484,14300484,100,3,2,0.04
E30,5,20,0.3,485,14300485,100,3,2,0.04
E30,5,20,0.3,486,14300486,100,3,4,0.08
E30,5,20,0.3,487,14300487,100,7,10,0.2
E30,5,20,0.3,488,14300488,100,4,5,0.1
E30,5,20,0.3,489,14300489,100,1,2,0.04
E30,5,20,0.3,490,14300490,100,1,1,0.02
E30,5,20,0.3,491,14300491,100,8,8,0.16
E30,5,20,0.3,492,14300492,100,3,4,0.08
E30,5,20,0.3,493,14300493,100,4,4,0.08
E30,5,20,0.3,494,14300494,100,4,5,0.1
E30,5,20,0.3,495,14300495,100,6,11,0.22
E30,5,20,0.3,496,14300496,100,0,0,0.0
E30,5,20,0.3,497,14300497,100,4,4,0.08
E30,5,20,0.3,498,14300498,100,5,5,0.1
E30,5,20,0.3,499,14300499,100,3,4,0.08
E30,5,20,0.6,0,15300000,100,2,4,0.08
E30,5,20,0.6,1,15300001,100,2,3,0.06
E30,5,20,0.6,2,15300002,100,3,4,0.08
E30,5,20,0.6,3,15300003,100,2,4,0.08
E30,5,20,0.6,4,15300004,100,3,5,0.1
E30,5,20,0.6,5,15300005,100,2,3,0.06
E30,5,20,0.6,6,15300006,100,6,9,0.18
E30,5,20,0.6,7,15300007,100,3,6,0.12
E30,5,20,0.6,8,15300008,100,2,4,0.08
E30,5,20,0.6,9,15300009,100,3,6,0.12
E30,5,20,0.6,10,15300010,100,4,5,0.1
E30,5,20,0.6,11,15300011,100,4,7,0.14
E30,5,20,0.6,12,15300012,100,3,4,0.08
E30,5,20,0.6,13,15300013,100,3,5,0.1
E30,5,20,0.6,14,15300014,100,5,5,0.1
E30,5,20,0.6,15,15300015,100,3,4,0.08
E30,5,20,0.6,16,15300016,100,5,7,0.14
E30,5,20,0.6,17,15300017,100,1,2,0.04
E30,5,20,0.6,18,15300018,100,7,11,0.22
E30,5,20,0.6,19,15300019,100,6,9,0.18
E30,5,20,0.6,20,15300020,100,5,9,0.18
E30,5,20,0.6,21,15300021,100,4,8,0.16
E30,5,20,0.6,22,15300022,100,3,6,0.12
E30,5,20,0.6,23,15300023,100,0,0,0.0
E30,5,20,0.6,24,15300024,100,5,8,0.16
E30,5,20,0.6,25,15300025,100,3,4,0.08
E30,5,20,0.6,26,15300026,100,4,8,0.16
E30,5,20,0.6,27,15300027,100,4,5,0.1
E30,5,20,0.6,28,15300028,100,3,3,0.06
E30,5,20,0.6,29,15300029,100,6,10,0.2
E30,5,20,0.6,30,15300030,100,3,4,0.08
E30,5,20,0.6,31,15300031,100,2,3,0.06
E30,5,20,0.6,32,15300032,100,4,8,0.16
E30,5,20,0.6,33,15300033,100,3,4,0.08
E30,5,20,0.6,34,15300034,100,3,4,0.08
E30,5,20,0.6,35,15300035,100,5,7,0.14
E30,5,20,0.6,36,15300036,100,2,3,0.06
E30,5,20,0.6,37,15300037,100,6,7,0.14
E30,5,20,0.6,38,15300038,100,0,0,0.0
E30,5,20,0.6,39,15300039,100,2,3,0.06
E30,5,20,0.6,40,15300040,100,4,6,0.12
E30,5,20,0.6,41,15300041,100,1,1,0.02
E30,5,20,0.6,42,15300042,100,3,4,0.08
E30,5,20,0.6,43,15300043,100,4,6,0.12
E30,5,20,0.6,44,15300044,100,1,2,0.04
E30,5,20,0.6,45,15300045,100,4,7,0.14
E30,5,20,0.6,46,15300046,100,2,3,0.06
E30,5,20,0.6,47,15300047,100,4,6,0.12
E30,5,20,0.6,48,15300048,100,2,3,0.06
E30,5,20,0.6,49,15300049,100,5,8,0.16
E30,5,20,0.6,50,15300050,100,1,1,0.02
E30,5,20,0.6,51,15300051,100,2,4,0.08
E30,5,20,0.6,52,15300052,100,5,8,0.16
E30,5,20,0.6,53,15300053,100,3,3,0.06
E30,5,20,0.6,54,15300054,100,2,3,0.06
E30,5,20,0.6,55,15300055,100,3,6,0.12
E30,5,20,0.6,56,15300056,100,3,4,0.08
E30,5,20,0.6,57,15300057,100,3,4,0.08
E30,5,20,0.6,58,15300058,100,3,5,0.1
E30,5,20,0.6,59,15300059,100,4,5,0.1
E30,5,20,0.6,60,15300060,100,2,5,0.1
E30,5,20,0.6,61,15300061,100,7,10,0.2
E30,5,20,0.6,62,15300062,100,4,5,0.1
E30,5,20,0.6,63,15300063,100,3,5,0.1
E30,5,20,0.6,64,15300064,100,3,4,0.08
E30,5,20,0.6,65,15300065,100,3,2,0.04
E30,5,20,0.6,66,15300066,100,3,5,0.1
E30,5,20,0.6,67,15300067,100,3,3,0.06
E30,5,20,0.6,68,15300068,100,0,0,0.0
E30,5,20,0.6,69,15300069,100,2,2,0.04
E30,5,20,0.6,70,15300070,100,2,3,0.06
E30,5,20,0.6,71,15300071,100,0,0,0.0
E30,5,20,0.6,72,15300072,100,5,6,0.12
E30,5,20,0.6,73,15300073,100,4,8,0.16
E30,5,20,0.6,74,15300074,100,1,2,0.04
E30,5,20,0.6,75,15300075,100,4,5,0.1
E30,5,20,0.6,76,15300076,100,3,4,0.08
E30,5,20,0.6,77,15300077,100,3,5,0.1
E30,5,20,0.6,78,15300078,100,6,6,0.12
E30,5,20,0.6,79,15300079,100,2,4,0.08
E30,5,20,0.6,80,15300080,100,3,5,0.1
E30,5,20,0.6,81,15300081,100,1,2,0.04
E30,5,20,0.6,82,15300082,100,1,1,0.02
E30,5,20,0.6,83,15300083,100,2,4,0.08
E30,5,20,0.6,84,15300084,100,5,6,0.12
E30,5,20,0.6,85,15300085,100,0,0,0.0
E30,5,20,0.6,86,15300086,100,5,6,0.12
E30,5,20,0.6,87,15300087,100,3,3,0.06
E30,5,20,0.6,88,15300088,100,2,2,0.04
E30,5,20,0.6,89,15300089,100,2,4,0.08
E30,5,20,0.6,90,15300090,100,3,3,0.06
E30,5,20,0.6,91,15300091,100,5,8,0.16
E30,5,20,0.6,92,15300092,100,2,3,0.06
E30,5,20,0.6,93,15300093,100,4,5,0.1
E30,5,20,0.6,94,15300094,100,4,5,0.1
E30,5,20,0.6,95,15300095,100,3,5,0.1
E30,5,20,0.6,96,15300096,100,3,5,0.1
E30,5,20,0.6,97,15300097,100,7,10,0.2
E30,5,20,0.6,98,15300098,100,4,5,0.1
E30,5,20,0.6,99,15300099,100,0,0,0.0
E30,5,20,0.6,100,15300100,100,5,6,0.12
E30,5,20,0.6,101,15300101,100,2,3,0.06
E30,5,20,0.6,102,15300102,100,5,8,0.16
E30,5,20,0.6,103,15300103,100,4,9,0.18
E30,5,20,0.6,104,15300104,100,2,6,0.12
E30,5,20,0.6,105,15300105,100,3,4,0.08
E30,5,20,0.6,106,15300106,100,4,4,0.08
E30,5,20,0.6,107,15300107,100,2,3,0.06
E30,5,20,0.6,108,15300108,100,5,8,0.16
E30,5,20,0.6,109,15300109,100,6,7,0.14
E30,5,20,0.6,110,15300110,100,5,7,0.14
E30,5,20,0.6,111,15300111,100,4,3,0.06
E30,5,20,0.6,112,15300112,100,5,6,0.12
E30,5,20,0.6,113,15300113,100,1,1,0.02
E30,5,20,0.6,114,15300114,100,1,1,0.02
E30,5,20,0.6,115,15300115,100,6,7,0.14
E30,5,20,0.6,116,15300116,100,4,5,0.1
E30,5,20,0.6,117,15300117,100,3,6,0.12
E30,5,20,0.6,118,15300118,100,2,3,0.06
E30,5,20,0.6,119,15300119,100,3,7,0.14
E30,5,20,0.6,120,15300120,100,4,4,0.08
E30,5,20,0.6,121,15300121,100,6,6,0.12
E30,5,20,0.6,122,15300122,100,2,3,0.06
E30,5,20,0.6,123,15300123,100,3,4,0.08
E30,5,20,0.6,124,15300124,100,3,5,0.1
E30,5,20,0.6,125,15300125,100,4,6,0.12
E30,5,20,0.6,126,15300126,100,3,6,0.12
E30,5,20,0.6,127,15300127,100,2,2,0.04
E30,5,20,0.6,128,15300128,100,4,4,0.08
E30,5,20,0.6,129,15300129,100,5,8,0.16
E30,5,20,0.6,130,15300130,100,5,7,0.14
E30,5,20,0.6,131,15300131,100,2,4,0.08
E30,5,20,0.6,132,15300132,100,3,5,0.1
E30,5,20,0.6,133,15300133,100,3,4,0.08
E30,5,20,0.6,134,15300134,100,1,1,0.02
E30,5,20,0.6,135,15300135,100,5,6,0.12
E30,5,20,0.6,136,15300136,100,6,7,0.14
E30,5,20,0.6,137,15300137,100,4,5,0.1
E30,5,20,0.6,138,15300138,100,3,5,0.1
E30,5,20,0.6,139,15300139,100,3,4,0.08
E30,5,20,0.6,140,15300140,100,1,3,0.06
E30,5,20,0.6,141,15300141,100,3,4,0.08
E30,5,20,0.6,142,15300142,100,4,5,0.1
E30,5,20,0.6,143,15300143,100,5,9,0.18
E30,5,20,0.6,144,15300144,100,10,13,0.26
E30,5,20,0.6,145,15300145,100,3,5,0.1
E30,5,20,0.6,146,15300146,100,4,8,0.16
E30,5,20,0.6,147,15300147,100,4,5,0.1
E30,5,20,0.6,148,15300148,100,1,1,0.02
E30,5,20,0.6,149,15300149,100,2,3,0.06
E30,5,20,0.6,150,15300150,100,0,0,0.0
E30,5,20,0.6,151,15300151,100,1,2,0.04
E30,5,20,0.6,152,15300152,100,5,7,0.14
E30,5,20,0.6,153,15300153,100,2,3,0.06
E30,5,20,0.6,154,15300154,100,0,0,0.0
E30,5,20,0.6,155,15300155,100,2,3,0.06
E30,5,20,0.6,156,15300156,100,2,4,0.08
E30,5,20,0.6,157,15300157,100,5,5,0.1
E30,5,20,0.6,158,15300158,100,6,13,0.26
E30,5,20,0.6,159,15300159,100,1,1,0.02
E30,5,20,0.6,160,15300160,100,2,5,0.1
E30,5,20,0.6,161,15300161,100,2,5,0.1
E30,5,20,0.6,162,15300162,100,5,6,0.12
E30,5,20,0.6,163,15300163,100,1,3,0.06
E30,5,20,0.6,164,15300164,100,1,2,0.04
E30,5,20,0.6,165,15300165,100,4,3,0.06
E30,5,20,0.6,166,15300166,100,0,0,0.0
E30,5,20,0.6,167,15300167,100,2,3,0.06
E30,5,20,0.6,168,15300168,100,3,5,0.1
E30,5,20,0.6,169,15300169,100,4,5,0.1
E30,5,20,0.6,170,15300170,100,3,4,0.08
E30,5,20,0.6,171,15300171,100,4,8,0.16
E30,5,20,0.6,172,15300172,100,1,2,0.04
E30,5,20,0.6,173,15300173,100,6,8,0.16
E30,5,20,0.6,174,15300174,100,6,11,0.22
E30,5,20,0.6,175,15300175,100,1,2,0.04
E30,5,20,0.6,176,15300176,100,4,3,0.06
E30,5,20,0.6,177,15300177,100,0,0,0.0
E30,5,20,0.6,178,15300178,100,4,8,0.16
E30,5,20,0.6,179,15300179,100,2,3,0.06
E30,5,20,0.6,180,15300180,100,6,6,0.12
E30,5,20,0.6,181,15300181,100,7,10,0.2
E30,5,20,0.6,182,15300182,100,1,1,0.02
E30,5,20,0.6,183,15300183,100,2,2,0.04
E30,5,20,0.6,184,15300184,100,6,8,0.16
E30,5,20,0.6,185,15300185,100,3,6,0.12
E30,5,20,0.6,186,15300186,100,2,4,0.08
E30,5,20,0.6,187,15300187,100,1,2,0.04
E30,5,20,0.6,188,15300188,100,7,10,0.2
E30,5,20,0.6,189,15300189,100,3,3,0.06
E30,5,20,0.6,190,15300190,100,4,5,0.1
E30,5,20,0.6,191,15300191,100,2,4,0.08
E30,5,20,0.6,192,15300192,100,4,8,0.16
E30,5,20,0.6,193,15300193,100,3,3,0.06
E30,5,20,0.6,194,15300194,100,4,4,0.08
E30,5,20,0.6,195,15300195,100,3,5,0.1
E30,5,20,0.6,196,15300196,100,3,4,0.08
E30,5,20,0.6,197,15300197,100,3,7,0.14
E30,5,20,0.6,198,15300198,100,3,6,0.12
E30,5,20,0.6,199,15300199,100,4,4,0.08
E30,5,20,0.6,200,15300200,100,2,3,0.06
E30,5,20,0.6,201,15300201,100,2,2,0.04
E30,5,20,0.6,202,15300202,100,1,1,0.02
E30,5,20,0.6,203,15300203,100,4,7,0.14
E30,5,20,0.6,204,15300204,100,2,3,0.06
E30,5,20,0.6,205,15300205,100,3,4,0.08
E30,5,20,0.6,206,15300206,100,5,8,0.16
E30,5,20,0.6,207,15300207,100,2,4,0.08
E30,5,20,0.6,208,15300208,100,2,3,0.06
E30,5,20,0.6,209,15300209,100,3,5,0.1
E30,5,20,0.6,210,15300210,100,2,2,0.04
E30,5,20,0.6,211,15300211,100,5,7,0.14
E30,5,20,0.6,212,15300212,100,6,6,0.12
E30,5,20,0.6,213,15300213,100,0,0,0.0
E30,5,20,0.6,214,15300214,100,2,4,0.08
E30,5,20,0.6,215,15300215,100,4,5,0.1
E30,5,20,0.6,216,15300216,100,4,7,0.14
E30,5,20,0.6,217,15300217,100,4,6,0.12
E30,5,20,0.6,218,15300218,100,2,3,0.06
E30,5,20,0.6,219,15300219,100,6,8,0.16
E30,5,20,0.6,220,15300220,100,3,5,0.1
E30,5,20,0.6,221,15300221,100,8,8,0.16
E30,5,20,0.6,222,15300222,100,2,2,0.04
E30,5,20,0.6,223,15300223,100,2,3,0.06
E30,5,20,0.6,224,15300224,100,1,1,0.02
E30,5,20,0.6,225,15300225,100,3,5,0.1
E30,5,20,0.6,226,15300226,100,0,0,0.0
E30,5,20,0.6,227,15300227,100,1,1,0.02
E30,5,20,0.6,228,15300228,100,4,5,0.1
E30,5,20,0.6,229,15300229,100,2,2,0.04
E30,5,20,0.6,230,15300230,100,7,9,0.18
E30,5,20,0.6,231,15300231,100,0,0,0.0
E30,5,20,0.6,232,15300232,100,2,3,0.06
E30,5,20,0.6,233,15300233,100,4,6,0.12
E30,5,20,0.6,234,15300234,100,0,0,0.0
E30,5,20,0.6,235,15300235,100,2,4,0.08
E30,5,20,0.6,236,15300236,100,3,6,0.12
E30,5,20,0.6,237,15300237,100,2,4,0.08
E30,5,20,0.6,238,15300238,100,5,6,0.12
E30,5,20,0.6,239,15300239,100,4,5,0.1
E30,5,20,0.6,240,15300240,100,6,7,0.14
E30,5,20,0.6,241,15300241,100,1,2,0.04
E30,5,20,0.6,242,15300242,100,2,2,0.04
E30,5,20,0.6,243,15300243,100,4,6,0.12
E30,5,20,0.6,244,15300244,100,4,8,0.16
E30,5,20,0.6,245,15300245,100,1,1,0.02
E30,5,20,0.6,246,15300246,100,0,0,0.0
E30,5,20,0.6,247,15300247,100,2,3,0.06
E30,5,20,0.6,248,15300248,100,0,0,0.0
E30,5,20,0.6,249,15300249,100,4,7,0.14
E30,5,20,0.6,250,15300250,100,5,5,0.1
E30,5,20,0.6,251,15300251,100,4,6,0.12
E30,5,20,0.6,252,15300252,100,4,4,0.08
E30,5,20,0.6,253,15300253,100,4,7,0.14
E30,5,20,0.6,254,15300254,100,1,2,0.04
E30,5,20,0.6,255,15300255,100,3,4,0.08
E30,5,20,0.6,256,15300256,100,3,3,0.06
E30,5,20,0.6,257,15300257,100,4,8,0.16
E30,5,20,0.6,258,15300258,100,4,7,0.14
E30,5,20,0.6,259,15300259,100,6,7,0.14
E30,5,20,0.6,260,15300260,100,1,1,0.02
E30,5,20,0.6,261,15300261,100,0,0,0.0
E30,5,20,0.6,262,15300262,100,4,6,0.12
E30,5,20,0.6,263,15300263,100,2,4,0.08
E30,5,20,0.6,264,15300264,100,3,4,0.08
E30,5,20,0.6,265,15300265,100,1,2,0.04
E30,5,20,0.6,266,15300266,100,3,6,0.12
E30,5,20,0.6,267,15300267,100,4,5,0.1
E30,5,20,0.6,268,15300268,100,2,2,0.04
E30,5,20,0.6,269,15300269,100,0,0,0.0
E30,5,20,0.6,270,15300270,100,5,5,0.1
E30,5,20,0.6,271,15300271,100,4,7,0.14
E30,5,20,0.6,272,15300272,100,3,6,0.12
E30,5,20,0.6,273,15300273,100,6,7,0.14
E30,5,20,0.6,274,15300274,100,3,5,0.1
E30,5,20,0.6,275,15300275,100,2,3,0.06
E30,5,20,0.6,276,15300276,100,9,10,0.2
E30,5,20,0.6,277,15300277,100,2,2,0.04
E30,5,20,0.6,278,15300278,100,3,3,0.06
E30,5,20,0.6,279,15300279,100,5,8,0.16
E30,5,20,0.6,280,15300280,100,4,5,0.1
E30,5,20,0.6,281,15300281,100,3,4,0.08
E30,5,20,0.6,282,15300282,100,1,1,0.02
E30,5,20,0.6,283,15300283,100,3,3,0.06
E30,5,20,0.6,284,15300284,100,3,4,0.08
E30,5,20,0.6,285,15300285,100,2,3,0.06
E30,5,20,0.6,286,15300286,100,3,3,0.06
E30,5,20,0.6,287,15300287,100,2,2,0.04
E30,5,20,0.6,288,15300288,100,3,5,0.1
E30,5,20,0.6,289,15300289,100,4,6,0.12
E30,5,20,0.6,290,15300290,100,2,2,0.04
E30,5,20,0.6,291,15300291,100,2,3,0.06
E30,5,20,0.6,292,15300292,100,4,6,0.12
E30,5,20,0.6,293,15300293,100,2,2,0.04
E30,5,20,0.6,294,15300294,100,2,4,0.08
E30,5,20,0.6,295,15300295,100,3,4,0.08
E30,5,20,0.6,296,15300296,100,1,1,0.02
E30,5,20,0.6,297,15300297,100,4,4,0.08
E30,5,20,0.6,298,15300298,100,3,4,0.08
E30,5,20,0.6,299,15300299,100,3,4,0.08
E30,5,20,0.6,300,15300300,100,5,7,0.14
E30,5,20,0.6,301,15300301,100,3,4,0.08
E30,5,20,0.6,302,15300302,100,2,3,0.06
E30,5,20,0.6,303,15300303,100,1,1,0.02
E30,5,20,0.6,304,15300304,100,4,4,0.08
E30,5,20,0.6,305,15300305,100,2,2,0.04
E30,5,20,0.6,306,15300306,100,5,10,0.2
E30,5,20,0.6,307,15300307,100,1,1,0.02
E30,5,20,0.6,308,15300308,100,2,3,0.06
E30,5,20,0.6,309,15300309,100,2,4,0.08
E30,5,20,0.6,310,15300310,100,1,2,0.04
E30,5,20,0.6,311,15300311,100,2,3,0.06
E30,5,20,0.6,312,15300312,100,5,10,0.2
E30,5,20,0.6,313,15300313,100,4,5,0.1
E30,5,20,0.6,314,15300314,100,2,3,0.06
E30,5,20,0.6,315,15300315,100,4,5,0.1
E30,5,20,0.6,316,15300316,100,3,4,0.08
E30,5,20,0.6,317,15300317,100,4,9,0.18
E30,5,20,0.6,318,15300318,100,1,2,0.04
E30,5,20,0.6,319,15300319,100,3,5,0.1
E30,5,20,0.6,320,15300320,100,1,2,0.04
E30,5,20,0.6,321,15300321,100,0,0,0.0
E30,5,20,0.6,322,15300322,100,1,2,0.04
E30,5,20,0.6,323,15300323,100,5,8,0.16
E30,5,20,0.6,324,15300324,100,3,4,0.08
E30,5,20,0.6,325,15300325,100,3,5,0.1
E30,5,20,0.6,326,15300326,100,3,5,0.1
E30,5,20,0.6,327,15300327,100,3,5,0.1
E30,5,20,0.6,328,15300328,100,3,5,0.1
E30,5,20,0.6,329,15300329,100,2,5,0.1
E30,5,20,0.6,330,15300330,100,3,3,0.06
E30,5,20,0.6,331,15300331,100,6,8,0.16
E30,5,20,0.6,332,15300332,100,3,4,0.08
E30,5,20,0.6,333,15300333,100,2,3,0.06
E30,5,20,0.6,334,15300334,100,1,1,0.02
E30,5,20,0.6,335,15300335,100,7,7,0.14
E30,5,20,0.6,336,15300336,100,2,3,0.06
E30,5,20,0.6,337,15300337,100,2,3,0.06
E30,5,20,0.6,338,15300338,100,3,5,0.1
E30,5,20,0.6,339,15300339,100,3,3,0.06
E30,5,20,0.6,340,15300340,100,3,6,0.12
E30,5,20,0.6,341,15300341,100,4,8,0.16
E30,5,20,0.6,342,15300342,100,3,5,0.1
E30,5,20,0.6,343,15300343,100,2,2,0.04
E30,5,20,0.6,344,15300344,100,4,7,0.14
E30,5,20,0.6,345,15300345,100,4,6,0.12
E30,5,20,0.6,346,15300346,100,0,0,0.0
E30,5,20,0.6,347,15300347,100,2,3,0.06
E30,5,20,0.6,348,15300348,100,2,2,0.04
E30,5,20,0.6,349,15300349,100,1,1,0.02
E30,5,20,0.6,350,15300350,100,3,4,0.08
E30,5,20,0.6,351,15300351,100,5,7,0.14
E30,5,20,0.6,352,15300352,100,1,1,0.02
E30,5,20,0.6,353,15300353,100,3,4,0.08
E30,5,20,0.6,354,15300354,100,4,6,0.12
E30,5,20,0.6,355,15300355,100,5,6,0.12
E30,5,20,0.6,356,15300356,100,0,0,0.0
E30,5,20,0.6,357,15300357,100,0,0,0.0
E30,5,20,0.6,358,15300358,100,4,7,0.14
E30,5,20,0.6,359,15300359,100,2,2,0.04
E30,5,20,0.6,360,15300360,100,0,0,0.0
E30,5,20,0.6,361,15300361,100,1,2,0.04
E30,5,20,0.6,362,15300362,100,3,6,0.12
E30,5,20,0.6,363,15300363,100,3,4,0.08
E30,5,20,0.6,364,15300364,100,2,3,0.06
E30,5,20,0.6,365,15300365,100,4,6,0.12
E30,5,20,0.6,366,15300366,100,6,9,0.18
E30,5,20,0.6,367,15300367,100,5,9,0.18
E30,5,20,0.6,368,15300368,100,4,6,0.12
E30,5,20,0.6,369,15300369,100,2,4,0.08
E30,5,20,0.6,370,15300370,100,3,6,0.12
E30,5,20,0.6,371,15300371,100,5,6,0.12
E30,5,20,0.6,372,15300372,100,0,0,0.0
E30,5,20,0.6,373,15300373,100,0,0,0.0
E30,5,20,0.6,374,15300374,100,3,4,0.08
E30,5,20,0.6,375,15300375,100,1,1,0.02
E30,5,20,0.6,376,15300376,100,2,3,0.06
E30,5,20,0.6,377,15300377,100,6,10,0.2
E30,5,20,0.6,378,15300378,100,4,6,0.12
E30,5,20,0.6,379,15300379,100,3,4,0.08
E30,5,20,0.6,380,15300380,100,1,1,0.02
E30,5,20,0.6,381,15300381,100,5,8,0.16
E30,5,20,0.6,382,15300382,100,3,4,0.08
E30,5,20,0.6,383,15300383,100,1,2,0.04
E30,5,20,0.6,384,15300384,100,6,5,0.1
E30,5,20,0.6,385,15300385,100,4,7,0.14
E30,5,20,0.6,386,15300386,100,4,6,0.12
E30,5,20,0.6,387,15300387,100,6,9,0.18
E30,5,20,0.6,388,15300388,100,3,4,0.08
E30,5,20,0.6,389,15300389,100,2,2,0.04
E30,5,20,0.6,390,15300390,100,5,7,0.14
E30,5,20,0.6,391,15300391,100,0,0,0.0
E30,5,20,0.6,392,15300392,100,3,6,0.12
E30,5,20,0.6,393,15300393,100,2,3,0.06
E30,5,20,0.6,394,15300394,100,6,12,0.24
E30,5,20,0.6,395,15300395,100,4,6,0.12
E30,5,20,0.6,396,15300396,100,7,14,0.28
E30,5,20,0.6,397,15300397,100,5,7,0.14
E30,5,20,0.6,398,15300398,100,7,12,0.24
E30,5,20,0.6,399,15300399,100,1,2,0.04
E30,5,20,0.6,400,15300400,100,4,4,0.08
E30,5,20,0.6,401,15300401,100,4,7,0.14
E30,5,20,0.6,402,15300402,100,3,6,0.12
E30,5,20,0.6,403,15300403,100,3,5,0.1
E30,5,20,0.6,404,15300404,100,2,4,0.08
E30,5,20,0.6,405,15300405,100,4,6,0.12
E30,5,20,0.6,406,15300406,100,1,2,0.04
E30,5,20,0.6,407,15300407,100,2,4,0.08
E30,5,20,0.6,408,15300408,100,7,10,0.2
E30,5,20,0.6,409,15300409,100,2,3,0.06
E30,5,20,0.6,410,15300410,100,1,3,0.06
E30,5,20,0.6,411,15300411,100,1,2,0.04
E30,5,20,0.6,412,15300412,100,1,1,0.02
E30,5,20,0.6,413,15300413,100,0,0,0.0
E30,5,20,0.6,414,15300414,100,1,2,0.04
E30,5,20,0.6,415,15300415,100,2,4,0.08
E30,5,20,0.6,416,15300416,100,6,7,0.14
E30,5,20,0.6,417,15300417,100,5,7,0.14
E30,5,20,0.6,418,15300418,100,1,2,0.04
E30,5,20,0.6,419,15300419,100,5,7,0.14
E30,5,20,0.6,420,15300420,100,3,6,0.12
E30,5,20,0.6,421,15300421,100,5,5,0.1
E30,5,20,0.6,422,15300422,100,4,4,0.08
E30,5,20,0.6,423,15300423,100,3,4,0.08
E30,5,20,0.6,424,15300424,100,6,10,0.2
E30,5,20,0.6,425,15300425,100,5,6,0.12
E30,5,20,0.6,426,15300426,100,5,8,0.16
E30,5,20,0.6,427,15300427,100,2,3,0.06
E30,5,20,0.6,428,15300428,100,1,2,0.04
E30,5,20,0.6,429,15300429,100,5,5,0.1
E30,5,20,0.6,430,15300430,100,5,5,0.1
E30,5,20,0.6,431,15300431,100,0,0,0.0
E30,5,20,0.6,432,15300432,100,2,3,0.06
E30,5,20,0.6,433,15300433,100,1,1,0.02
E30,5,20,0.6,434,15300434,100,1,2,0.04
E30,5,20,0.6,435,15300435,100,4,6,0.12
E30,5,20,0.6,436,15300436,100,2,3,0.06
E30,5,20,0.6,437,15300437,100,6,11,0.22
E30,5,20,0.6,438,15300438,100,3,4,0.08
E30,5,20,0.6,439,15300439,100,5,5,0.1
E30,5,20,0.6,440,15300440,100,1,1,0.02
E30,5,20,0.6,441,15300441,100,2,2,0.04
E30,5,20,0.6,442,15300442,100,1,1,0.02
E30,5,20,0.6,443,15300443,100,4,7,0.14
E30,5,20,0.6,444,15300444,100,4,6,0.12
E30,5,20,0.6,445,15300445,100,9,10,0.2
E30,5,20,0.6,446,15300446,100,3,4,0.08
E30,5,20,0.6,447,15300447,100,4,6,0.12
E30,5,20,0.6,448,15300448,100,2,2,0.04
E30,5,20,0.6,449,15300449,100,4,7,0.14
E30,5,20,0.6,450,15300450,100,4,6,0.12
E30,5,20,0.6,451,15300451,100,3,6,0.12
E30,5,20,0.6,452,15300452,100,2,2,0.04
E30,5,20,0.6,453,15300453,100,4,4,0.08
E30,5,20,0.6,454,15300454,100,4,4,0.08
E30,5,20,0.6,455,15300455,100,3,3,0.06
E30,5,20,0.6,456,15300456,100,3,4,0.08
E30,5,20,0.6,457,15300457,100,4,7,0.14
E30,5,20,0.6,458,15300458,100,4,6,0.12
E30,5,20,0.6,459,15300459,100,2,3,0.06
E30,5,20,0.6,460,15300460,100,4,4,0.08
E30,5,20,0.6,461,15300461,100,2,1,0.02
E30,5,20,0.6,462,15300462,100,2,2,0.04
E30,5,20,0.6,463,15300463,100,3,4,0.08
E30,5,20,0.6,464,15300464,100,6,9,0.18
E30,5,20,0.6,465,15300465,100,3,4,0.08
E30,5,20,0.6,466,15300466,100,4,6,0.12
E30,5,20,0.6,467,15300467,100,5,9,0.18
E30,5,20,0.6,468,15300468,100,2,2,0.04
E30,5,20,0.6,469,15300469,100,1,2,0.04
E30,5,20,0.6,470,15300470,100,3,3,0.06
E30,5,20,0.6,471,15300471,100,3,5,0.1
E30,5,20,0.6,472,15300472,100,2,2,0.04
E30,5,20,0.6,473,15300473,100,3,6,0.12
E30,5,20,0.6,474,15300474,100,5,9,0.18
E30,5,20,0.6,475,15300475,100,1,3,0.06
E30,5,20,0.6,476,15300476,100,6,6,0.12
E30,5,20,0.6,477,15300477,100,2,3,0.06
E30,5,20,0.6,478,15300478,100,3,3,0.06
E30,5,20,0.6,479,15300479,100,2,2,0.04
E30,5,20,0.6,480,15300480,100,1,2,0.04
E30,5,20,0.6,481,15300481,100,4,7,0.14
E30,5,20,0.6,482,15300482,100,5,7,0.14
E30,5,20,0.6,483,15300483,100,6,7,0.14
E30,5,20,0.6,484,15300484,100,5,7,0.14
E30,5,20,0.6,485,15300485,100,4,7,0.14
E30,5,20,0.6,486,15300486,100,3,5,0.1
E30,5,20,0.6,487,15300487,100,6,8,0.16
E30,5,20,0.6,488,15300488,100,4,7,0.14
E30,5,20,0.6,489,15300489,100,2,2,0.04
E30,5,20,0.6,490,15300490,100,4,5,0.1
E30,5,20,0.6,491,15300491,100,2,2,0.04
E30,5,20,0.6,492,15300492,100,2,2,0.04
E30,5,20,0.6,493,15300493,100,1,1,0.02
E30,5,20,0.6,494,15300494,100,3,4,0.08
E30,5,20,0.6,495,15300495,100,5,5,0.1
E30,5,20,0.6,496,15300496,100,1,1,0.02
E30,5,20,0.6,497,15300497,100,7,9,0.18
E30,5,20,0.6,498,15300498,100,2,5,0.1
E30,5,20,0.6,499,15300499,100,3,5,0.1
E30,5,40,0.0,0,16300000,200,12,15,0.15
E30,5,40,0.0,1,16300001,200,9,9,0.09
E30,5,40,0.0,2,16300002,200,13,12,0.12
E30,5,40,0.0,3,16300003,200,10,10,0.1
E30,5,40,0.0,4,16300004,200,13,17,0.17
E30,5,40,0.0,5,16300005,200,17,15,0.15
E30,5,40,0.0,6,16300006,200,15,13,0.13
E30,5,40,0.0,7,16300007,200,21,21,0.21
E30,5,40,0.0,8,16300008,200,13,12,0.12
E30,5,40,0.0,9,16300009,200,7,6,0.06
E30,5,40,0.0,10,16300010,200,12,11,0.11
E30,5,40,0.0,11,16300011,200,9,10,0.1
E30,5,40,0.0,12,16300012,200,13,10,0.1
E30,5,40,0.0,13,16300013,200,10,11,0.11
E30,5,40,0.0,14,16300014,200,14,13,0.13
E30,5,40,0.0,15,16300015,200,9,9,0.09
E30,5,40,0.0,16,16300016,200,16,16,0.16
E30,5,40,0.0,17,16300017,200,16,13,0.13
E30,5,40,0.0,18,16300018,200,11,11,0.11
E30,5,40,0.0,19,16300019,200,14,12,0.12
E30,5,40,0.0,20,16300020,200,14,15,0.15
E30,5,40,0.0,21,16300021,200,9,10,0.1
E30,5,40,0.0,22,16300022,200,14,13,0.13
E30,5,40,0.0,23,16300023,200,7,6,0.06
E30,5,40,0.0,24,16300024,200,16,16,0.16
E30,5,40,0.0,25,16300025,200,18,17,0.17
E30,5,40,0.0,26,16300026,200,14,12,0.12
E30,5,40,0.0,27,16300027,200,16,15,0.15
E30,5,40,0.0,28,16300028,200,17,17,0.17
E30,5,40,0.0,29,16300029,200,12,13,0.13
E30,5,40,0.0,30,16300030,200,8,8,0.08
E30,5,40,0.0,31,16300031,200,9,8,0.08
E30,5,40,0.0,32,16300032,200,14,13,0.13
E30,5,40,0.0,33,16300033,200,6,6,0.06
E30,5,40,0.0,34,16300034,200,6,6,0.06
E30,5,40,0.0,35,16300035,200,21,21,0.21
E30,5,40,0.0,36,16300036,200,12,13,0.13
E30,5,40,0.0,37,16300037,200,9,9,0.09
E30,5,40,0.0,38,16300038,200,13,12,0.12
E30,5,40,0.0,39,16300039,200,13,14,0.14
E30,5,40,0.0,40,16300040,200,12,13,0.13
E30,5,40,0.0,41,16300041,200,10,10,0.1
E30,5,40,0.0,42,16300042,200,12,12,0.12
E30,5,40,0.0,43,16300043,200,9,9,0.09
E30,5,40,0.0,44,16300044,200,10,10,0.1
E30,5,40,0.0,45,16300045,200,14,13,0.13
E30,5,40,0.0,46,16300046,200,13,12,0.12
E30,5,40,0.0,47,16300047,200,12,15,0.15
E30,5,40,0.0,48,16300048,200,13,12,0.12
E30,5,40,0.0,49,16300049,200,19,17,0.17
E30,5,40,0.0,50,16300050,200,10,10,0.1
E30,5,40,0.0,51,16300051,200,10,10,0.1
E30,5,40,0.0,52,16300052,200,9,9,0.09
E30,5,40,0.0,53,16300053,200,16,14,0.14
E30,5,40,0.0,54,16300054,200,9,10,0.1
E30,5,40,0.0,55,16300055,200,11,10,0.1
E30,5,40,0.0,56,16300056,200,11,11,0.11
E30,5,40,0.0,57,16300057,200,9,9,0.09
E30,5,40,0.0,58,16300058,200,12,11,0.11
E30,5,40,0.0,59,16300059,200,16,17,0.17
E30,5,40,0.0,60,16300060,200,13,13,0.13
E30,5,40,0.0,61,16300061,200,8,8,0.08
E30,5,40,0.0,62,16300062,200,13,13,0.13
E30,5,40,0.0,63,16300063,200,15,15,0.15
E30,5,40,0.0,64,16300064,200,19,17,0.17
E30,5,40,0.0,65,16300065,200,16,17,0.17
E30,5,40,0.0,66,16300066,200,13,11,0.11
E30,5,40,0.0,67,16300067,200,19,21,0.21
E30,5,40,0.0,68,16300068,200,14,17,0.17
E30,5,40,0.0,69,16300069,200,14,16,0.16
E30,5,40,0.0,70,16300070,200,13,14,0.14
E30,5,40,0.0,71,16300071,200,8,8,0.08
E30,5,40,0.0,72,16300072,200,12,12,0.12
E30,5,40,0.0,73,16300073,200,11,10,0.1
E30,5,40,0.0,74,16300074,200,17,13,0.13
E30,5,40,0.0,75,16300075,200,10,8,0.08
E30,5,40,0.0,76,16300076,200,19,17,0.17
E30,5,40,0.0,77,16300077,200,13,12,0.12
E30,5,40,0.0,78,16300078,200,12,12,0.12
E30,5,40,0.0,79,16300079,200,13,12,0.12
E30,5,40,0.0,80,16300080,200,12,11,0.11
E30,5,40,0.0,81,16300081,200,13,13,0.13
E30,5,40,0.0,82,16300082,200,10,10,0.1
E30,5,40,0.0,83,16300083,200,6,7,0.07
E30,5,40,0.0,84,16300084,200,10,11,0.11
E30,5,40,0.0,85,16300085,200,12,12,0.12
E30,5,40,0.0,86,16300086,200,18,20,0.2
E30,5,40,0.0,87,16300087,200,11,12,0.12
E30,5,40,0.0,88,16300088,200,15,15,0.15
E30,5,40,0.0,89,16300089,200,10,9,0.09
E30,5,40,0.0,90,16300090,200,7,8,0.08
E30,5,40,0.0,91,16300091,200,13,12,0.12
E30,5,40,0.0,92,16300092,200,14,14,0.14
E30,5,40,0.0,93,16300093,200,9,7,0.07
E30,5,40,0.0,94,16300094,200,13,11,0.11
E30,5,40,0.0,95,16300095,200,10,9,0.09
E30,5,40,0.0,96,16300096,200,7,7,0.07
E30,5,40,0.0,97,16300097,200,10,10,0.1
E30,5,40,0.0,98,16300098,200,18,13,0.13
E30,5,40,0.0,99,16300099,200,17,19,0.19
E30,5,40,0.0,100,16300100,200,7,8,0.08
E30,5,40,0.0,101,16300101,200,11,12,0.12
E30,5,40,0.0,102,16300102,200,16,15,0.15
E30,5,40,0.0,103,16300103,200,11,10,0.1
E30,5,40,0.0,104,16300104,200,9,10,0.1
E30,5,40,0.0,105,16300105,200,14,15,0.15
E30,5,40,0.0,106,16300106,200,11,11,0.11
E30,5,40,0.0,107,16300107,200,15,15,0.15
E30,5,40,0.0,108,16300108,200,18,21,0.21
E30,5,40,0.0,109,16300109,200,10,8,0.08
E30,5,40,0.0,110,16300110,200,19,18,0.18
E30,5,40,0.0,111,16300111,200,20,19,0.19
E30,5,40,0.0,112,16300112,200,11,10,0.1
E30,5,40,0.0,113,16300113,200,12,14,0.14
E30,5,40,0.0,114,16300114,200,20,20,0.2
E30,5,40,0.0,115,16300115,200,12,12,0.12
E30,5,40,0.0,116,16300116,200,12,12,0.12
E30,5,40,0.0,117,16300117,200,9,10,0.1
E30,5,40,0.0,118,16300118,200,11,12,0.12
E30,5,40,0.0,119,16300119,200,11,12,0.12
E30,5,40,0.0,120,16300120,200,8,7,0.07
E30,5,40,0.0,121,16300121,200,14,14,0.14
E30,5,40,0.0,122,16300122,200,12,11,0.11
E30,5,40,0.0,123,16300123,200,11,10,0.1
E30,5,40,0.0,124,16300124,200,12,11,0.11
E30,5,40,0.0,125,16300125,200,8,7,0.07
E30,5,40,0.0,126,16300126,200,7,7,0.07
E30,5,40,0.0,127,16300127,200,11,12,0.12
E30,5,40,0.0,128,16300128,200,15,15,0.15
E30,5,40,0.0,129,16300129,200,11,10,0.1
E30,5,40,0.0,130,16300130,200,11,10,0.1
E30,5,40,0.0,131,16300131,200,8,8,0.08
E30,5,40,0.0,132,16300132,200,22,19,0.19
E30,5,40,0.0,133,16300133,200,15,13,0.13
E30,5,40,0.0,134,16300134,200,16,15,0.15
E30,5,40,0.0,135,16300135,200,13,12,0.12
E30,5,40,0.0,136,16300136,200,12,12,0.12
E30,5,40,0.0,137,16300137,200,13,14,0.14
E30,5,40,0.0,138,16300138,200,18,17,0.17
E30,5,40,0.0,139,16300139,200,15,17,0.17
E30,5,40,0.0,140,16300140,200,17,14,0.14
E30,5,40,0.0,141,16300141,200,22,22,0.22
E30,5,40,0.0,142,16300142,200,13,12,0.12
E30,5,40,0.0,143,16300143,200,10,9,0.09
E30,5,40,0.0,144,16300144,200,13,15,0.15
E30,5,40,0.0,145,16300145,200,9,7,0.07
E30,5,40,0.0,146,16300146,200,9,10,0.1
E30,5,40,0.0,147,16300147,200,17,15,0.15
E30,5,40,0.0,148,16300148,200,16,16,0.16
E30,5,40,0.0,149,16300149,200,16,13,0.13
E30,5,40,0.0,150,16300150,200,8,8,0.08
E30,5,40,0.0,151,16300151,200,16,15,0.15
E30,5,40,0.0,152,16300152,200,15,13,0.13
E30,5,40,0.0,153,16300153,200,7,6,0.06
E30,5,40,0.0,154,16300154,200,13,12,0.12
E30,5,40,0.0,155,16300155,200,20,20,0.2
E30,5,40,0.0,156,16300156,200,12,11,0.11
E30,5,40,0.0,157,16300157,200,13,13,0.13
E30,5,40,0.0,158,16300158,200,10,9,0.09
E30,5,40,0.0,159,16300159,200,12,12,0.12
E30,5,40,0.0,160,16300160,200,13,12,0.12
E30,5,40,0.0,161,16300161,200,15,15,0.15
E30,5,40,0.0,162,16300162,200,12,12,0.12
E30,5,40,0.0,163,16300163,200,14,14,0.14
E30,5,40,0.0,164,16300164,200,12,12,0.12
E30,5,40,0.0,165,16300165,200,11,9,0.09
E30,5,40,0.0,166,16300166,200,17,18,0.18
E30,5,40,0.0,167,16300167,200,14,13,0.13
E30,5,40,0.0,168,16300168,200,13,14,0.14
E30,5,40,0.0,169,16300169,200,10,11,0.11
E30,5,40,0.0,170,16300170,200,9,9,0.09
E30,5,40,0.0,171,16300171,200,11,13,0.13
E30,5,40,0.0,172,16300172,200,10,10,0.1
E30,5,40,0.0,173,16300173,200,17,16,0.16
E30,5,40,0.0,174,16300174,200,11,12,0.12
E30,5,40,0.0,175,16300175,200,11,11,0.11
E30,5,40,0.0,176,16300176,200,7,7,0.07
E30,5,40,0.0,177,16300177,200,9,8,0.08
E30,5,40,0.0,178,16300178,200,15,14,0.14
E30,5,40,0.0,179,16300179,200,14,13,0.13
E30,5,40,0.0,180,16300180,200,12,10,0.1
E30,5,40,0.0,181,16300181,200,9,9,0.09
E30,5,40,0.0,182,16300182,200,13,13,0.13
E30,5,40,0.0,183,16300183,200,12,12,0.12
E30,5,40,0.0,184,16300184,200,14,15,0.15
E30,5,40,0.0,185,16300185,200,19,16,0.16
E30,5,40,0.0,186,16300186,200,13,12,0.12
E30,5,40,0.0,187,16300187,200,12,12,0.12
E30,5,40,0.0,188,16300188,200,21,23,0.23
E30,5,40,0.0,189,16300189,200,9,9,0.09
E30,5,40,0.0,190,16300190,200,11,11,0.11
E30,5,40,0.0,191,16300191,200,13,12,0.12
E30,5,40,0.0,192,16300192,200,13,12,0.12
E30,5,40,0.0,193,16300193,200,10,11,0.11
E30,5,40,0.0,194,16300194,200,14,14,0.14
E30,5,40,0.0,195,16300195,200,9,11,0.11
E30,5,40,0.0,196,16300196,200,15,14,0.14
E30,5,40,0.0,197,16300197,200,12,10,0.1
E30,5,40,0.0,198,16300198,200,11,10,0.1
E30,5,40,0.0,199,16300199,200,8,8,0.08
E30,5,40,0.0,200,16300200,200,12,11,0.11
E30,5,40,0.0,201,16300201,200,16,17,0.17
E30,5,40,0.0,202,16300202,200,13,15,0.15
E30,5,40,0.0,203,16300203,200,11,12,0.12
E30,5,40,0.0,204,16300204,200,11,13,0.13
E30,5,40,0.0,205,16300205,200,15,15,0.15
E30,5,40,0.0,206,16300206,200,15,14,0.14
E30,5,40,0.0,207,16300207,200,7,7,0.07
E30,5,40,0.0,208,16300208,200,13,13,0.13
E30,5,40,0.0,209,16300209,200,17,17,0.17
E30,5,40,0.0,210,16300210,200,7,8,0.08
E30,5,40,0.0,211,16300211,200,14,14,0.14
E30,5,40,0.0,212,16300212,200,12,12,0.12
E30,5,40,0.0,213,16300213,200,13,15,0.15
E30,5,40,0.0,214,16300214,200,13,12,0.12
E30,5,40,0.0,215,16300215,200,13,11,0.11
E30,5,40,0.0,216,16300216,200,11,9,0.09
E30,5,40,0.0,217,16300217,200,11,11,0.11
E30,5,40,0.0,218,16300218,200,13,12,0.12
E30,5,40,0.0,219,16300219,200,13,11,0.11
E30,5,40,0.0,220,16300220,200,18,16,0.16
E30,5,40,0.0,221,16300221,200,9,9,0.09
E30,5,40,0.0,222,16300222,200,15,15,0.15
E30,5,40,0.0,223,16300223,200,12,11,0.11
E30,5,40,0.0,224,16300224,200,15,15,0.15
E30,5,40,0.0,225,16300225,200,17,15,0.15
E30,5,40,0.0,226,16300226,200,11,8,0.08
E30,5,40,0.0,227,16300227,200,20,19,0.19
E30,5,40,0.0,228,16300228,200,17,16,0.16
E30,5,40,0.0,229,16300229,200,11,10,0.1
E30,5,40,0.0,230,16300230,200,23,22,0.22
E30,5,40,0.0,231,16300231,200,8,8,0.08
E30,5,40,0.0,232,16300232,200,18,18,0.18
E30,5,40,0.0,233,16300233,200,12,13,0.13
E30,5,40,0.0,234,16300234,200,9,9,0.09
E30,5,40,0.0,235,16300235,200,17,16,0.16
E30,5,40,0.0,236,16300236,200,8,7,0.07
E30,5,40,0.0,237,16300237,200,14,14,0.14
E30,5,40,0.0,238,16300238,200,20,19,0.19
E30,5,40,0.0,239,16300239,200,14,12,0.12
E30,5,40,0.0,240,16300240,200,9,9,0.09
E30,5,40,0.0,241,16300241,200,11,13,0.13
E30,5,40,0.0,242,16300242,200,15,13,0.13
E30,5,40,0.0,243,16300243,200,19,18,0.18
E30,5,40,0.0,244,16300244,200,12,13,0.13
E30,5,40,0.0,245,16300245,200,10,8,0.08
E30,5,40,0.0,246,16300246,200,13,11,0.11
E30,5,40,0.0,247,16300247,200,28,28,0.28
E30,5,40,0.0,248,16300248,200,14,15,0.15
E30,5,40,0.0,249,16300249,200,14,12,0.12
E30,5,40,0.0,250,16300250,200,9,9,0.09
E30,5,40,0.0,251,16300251,200,10,7,0.07
E30,5,40,0.0,252,16300252,200,9,10,0.1
E30,5,40,0.0,253,16300253,200,8,8,0.08
E30,5,40,0.0,254,16300254,200,11,10,0.1
E30,5,40,0.0,255,16300255,200,9,9,0.09
E30,5,40,0.0,256,16300256,200,11,9,0.09
E30,5,40,0.0,257,16300257,200,14,12,0.12
E30,5,40,0.0,258,16300258,200,9,9,0.09
E30,5,40,0.0,259,16300259,200,12,10,0.1
E30,5,40,0.0,260,16300260,200,9,9,0.09
E30,5,40,0.0,261,16300261,200,14,12,0.12
E30,5,40,0.0,262,16300262,200,13,13,0.13
E30,5,40,0.0,263,16300263,200,9,9,0.09
E30,5,40,0.0,264,16300264,200,11,10,0.1
E30,5,40,0.0,265,16300265,200,9,9,0.09
E30,5,40,0.0,266,16300266,200,15,16,0.16
E30,5,40,0.0,267,16300267,200,8,8,0.08
E30,5,40,0.0,268,16300268,200,12,12,0.12
E30,5,40,0.0,269,16300269,200,12,12,0.12
E30,5,40,0.0,270,16300270,200,13,11,0.11
E30,5,40,0.0,271,16300271,200,15,12,0.12
E30,5,40,0.0,272,16300272,200,13,12,0.12
E30,5,40,0.0,273,16300273,200,11,11,0.11
E30,5,40,0.0,274,16300274,200,15,14,0.14
E30,5,40,0.0,275,16300275,200,14,12,0.12
E30,5,40,0.0,276,16300276,200,5,5,0.05
E30,5,40,0.0,277,16300277,200,14,15,0.15
E30,5,40,0.0,278,16300278,200,13,13,0.13
E30,5,40,0.0,279,16300279,200,16,16,0.16
E30,5,40,0.0,280,16300280,200,9,9,0.09
E30,5,40,0.0,281,16300281,200,15,13,0.13
E30,5,40,0.0,282,16300282,200,15,12,0.12
E30,5,40,0.0,283,16300283,200,10,9,0.09
E30,5,40,0.0,284,16300284,200,14,14,0.14
E30,5,40,0.0,285,16300285,200,12,11,0.11
E30,5,40,0.0,286,16300286,200,8,9,0.09
E30,5,40,0.0,287,16300287,200,7,7,0.07
E30,5,40,0.0,288,16300288,200,11,10,0.1
E30,5,40,0.0,289,16300289,200,7,7,0.07
E30,5,40,0.0,290,16300290,200,13,14,0.14
E30,5,40,0.0,291,16300291,200,18,14,0.14
E30,5,40,0.0,292,16300292,200,11,12,0.12
E30,5,40,0.0,293,16300293,200,9,9,0.09
E30,5,40,0.0,294,16300294,200,16,13,0.13
E30,5,40,0.0,295,16300295,200,11,9,0.09
E30,5,40,0.0,296,16300296,200,9,10,0.1
E30,5,40,0.0,297,16300297,200,13,14,0.14
E30,5,40,0.0,298,16300298,200,11,12,0.12
E30,5,40,0.0,299,16300299,200,11,12,0.12
E30,5,40,0.0,300,16300300,200,15,16,0.16
E30,5,40,0.0,301,16300301,200,11,11,0.11
E30,5,40,0.0,302,16300302,200,9,8,0.08
E30,5,40,0.0,303,16300303,200,19,19,0.19
E30,5,40,0.0,304,16300304,200,10,11,0.11
E30,5,40,0.0,305,16300305,200,11,8,0.08
E30,5,40,0.0,306,16300306,200,10,11,0.11
E30,5,40,0.0,307,16300307,200,12,10,0.1
E30,5,40,0.0,308,16300308,200,12,12,0.12
E30,5,40,0.0,309,16300309,200,13,11,0.11
E30,5,40,0.0,310,16300310,200,9,8,0.08
E30,5,40,0.0,311,16300311,200,6,6,0.06
E30,5,40,0.0,312,16300312,200,12,10,0.1
E30,5,40,0.0,313,16300313,200,13,13,0.13
E30,5,40,0.0,314,16300314,200,15,12,0.12
E30,5,40,0.0,315,16300315,200,18,19,0.19
E30,5,40,0.0,316,16300316,200,6,5,0.05
E30,5,40,0.0,317,16300317,200,17,13,0.13
E30,5,40,0.0,318,16300318,200,18,16,0.16
E30,5,40,0.0,319,16300319,200,14,15,0.15
E30,5,40,0.0,320,16300320,200,16,15,0.15
E30,5,40,0.0,321,16300321,200,8,7,0.07
E30,5,40,0.0,322,16300322,200,10,9,0.09
E30,5,40,0.0,323,16300323,200,15,16,0.16
E30,5,40,0.0,324,16300324,200,13,12,0.12
E30,5,40,0.0,325,16300325,200,14,14,0.14
E30,5,40,0.0,326,16300326,200,20,18,0.18
E30,5,40,0.0,327,16300327,200,9,8,0.08
E30,5,40,0.0,328,16300328,200,11,9,0.09
E30,5,40,0.0,329,16300329,200,10,9,0.09
E30,5,40,0.0,330,16300330,200,13,11,0.11
E30,5,40,0.0,331,16300331,200,10,10,0.1
E30,5,40,0.0,332,16300332,200,11,12,0.12
E30,5,40,0.0,333,16300333,200,13,11,0.11
E30,5,40,0.0,334,16300334,200,16,13,0.13
E30,5,40,0.0,335,16300335,200,14,14,0.14
E30,5,40,0.0,336,16300336,200,13,13,0.13
E30,5,40,0.0,337,16300337,200,16,18,0.18
E30,5,40,0.0,338,16300338,200,11,11,0.11
E30,5,40,0.0,339,16300339,200,13,12,0.12
E30,5,40,0.0,340,16300340,200,11,12,0.12
E30,5,40,0.0,341,16300341,200,12,12,0.12
E30,5,40,0.0,342,16300342,200,9,11,0.11
E30,5,40,0.0,343,16300343,200,15,15,0.15
E30,5,40,0.0,344,16300344,200,18,16,0.16
E30,5,40,0.0,345,16300345,200,11,11,0.11
E30,5,40,0.0,346,16300346,200,9,10,0.1
E30,5,40,0.0,347,16300347,200,10,10,0.1
E30,5,40,0.0,348,16300348,200,20,18,0.18
E30,5,40,0.0,349,16300349,200,9,10,0.1
E30,5,40,0.0,350,16300350,200,16,14,0.14
E30,5,40,0.0,351,16300351,200,17,15,0.15
E30,5,40,0.0,352,16300352,200,11,10,0.1
E30,5,40,0.0,353,16300353,200,11,12,0.12
E30,5,40,0.0,354,16300354,200,11,11,0.11
E30,5,40,0.0,355,16300355,200,14,14,0.14
E30,5,40,0.0,356,16300356,200,13,12,0.12
E30,5,40,0.0,357,16300357,200,9,9,0.09
E30,5,40,0.0,358,16300358,200,15,14,0.14
E30,5,40,0.0,359,16300359,200,19,18,0.18
E30,5,40,0.0,360,16300360,200,10,12,0.12
E30,5,40,0.0,361,16300361,200,13,14,0.14
E30,5,40,0.0,362,16300362,200,15,14,0.14
E30,5,40,0.0,363,16300363,200,11,10,0.1
E30,5,40,0.0,364,16300364,200,15,15,0.15
E30,5,40,0.0,365,16300365,200,14,14,0.14
E30,5,40,0.0,366,16300366,200,11,11,0.11
E30,5,40,0.0,367,16300367,200,8,11,0.11
E30,5,40,0.0,368,16300368,200,11,10,0.1
E30,5,40,0.0,369,16300369,200,17,15,0.15
E30,5,40,0.0,370,16300370,200,10,11,0.11
E30,5,40,0.0,371,16300371,200,9,7,0.07
E30,5,40,0.0,372,16300372,200,15,15,0.15
E30,5,40,0.0,373,16300373,200,12,12,0.12
E30,5,40,0.0,374,16300374,200,9,9,0.09
E30,5,40,0.0,375,16300375,200,15,16,0.16
E30,5,40,0.0,376,16300376,200,13,13,0.13
E30,5,40,0.0,377,16300377,200,12,12,0.12
E30,5,40,0.0,378,16300378,200,11,12,0.12
E30,5,40,0.0,379,16300379,200,11,12,0.12
E30,5,40,0.0,380,16300380,200,8,6,0.06
E30,5,40,0.0,381,16300381,200,13,12,0.12
E30,5,40,0.0,382,16300382,200,12,12,0.12
E30,5,40,0.0,383,16300383,200,18,20,0.2
E30,5,40,0.0,384,16300384,200,9,11,0.11
E30,5,40,0.0,385,16300385,200,14,13,0.13
E30,5,40,0.0,386,16300386,200,8,8,0.08
E30,5,40,0.0,387,16300387,200,14,15,0.15
E30,5,40,0.0,388,16300388,200,12,12,0.12
E30,5,40,0.0,389,16300389,200,12,9,0.09
E30,5,40,0.0,390,16300390,200,9,8,0.08
E30,5,40,0.0,391,16300391,200,19,17,0.17
E30,5,40,0.0,392,16300392,200,14,12,0.12
E30,5,40,0.0,393,16300393,200,16,17,0.17
E30,5,40,0.0,394,16300394,200,9,9,0.09
E30,5,40,0.0,395,16300395,200,11,11,0.11
E30,5,40,0.0,396,16300396,200,19,18,0.18
E30,5,40,0.0,397,16300397,200,9,9,0.09
E30,5,40,0.0,398,16300398,200,16,16,0.16
E30,5,40,0.0,399,16300399,200,9,9,0.09
E30,5,40,0.0,400,16300400,200,13,14,0.14
E30,5,40,0.0,401,16300401,200,12,11,0.11
E30,5,40,0.0,402,16300402,200,11,9,0.09
E30,5,40,0.0,403,16300403,200,14,16,0.16
E30,5,40,0.0,404,16300404,200,11,9,0.09
E30,5,40,0.0,405,16300405,200,12,11,0.11
E30,5,40,0.0,406,16300406,200,16,15,0.15
E30,5,40,0.0,407,16300407,200,13,14,0.14
E30,5,40,0.0,408,16300408,200,13,12,0.12
E30,5,40,0.0,409,16300409,200,10,12,0.12
E30,5,40,0.0,410,16300410,200,11,9,0.09
E30,5,40,0.0,411,16300411,200,12,11,0.11
E30,5,40,0.0,412,16300412,200,18,18,0.18
E30,5,40,0.0,413,16300413,200,16,17,0.17
E30,5,40,0.0,414,16300414,200,9,9,0.09
E30,5,40,0.0,415,16300415,200,19,16,0.16
E30,5,40,0.0,416,16300416,200,8,8,0.08
E30,5,40,0.0,417,16300417,200,10,11,0.11
E30,5,40,0.0,418,16300418,200,9,11,0.11
E30,5,40,0.0,419,16300419,200,10,11,0.11
E30,5,40,0.0,420,16300420,200,15,13,0.13
E30,5,40,0.0,421,16300421,200,18,17,0.17
E30,5,40,0.0,422,16300422,200,11,9,0.09
E30,5,40,0.0,423,16300423,200,9,8,0.08
E30,5,40,0.0,424,16300424,200,11,10,0.1
E30,5,40,0.0,425,16300425,200,13,13,0.13
E30,5,40,0.0,426,16300426,200,12,12,0.12
E30,5,40,0.0,427,16300427,200,19,18,0.18
E30,5,40,0.0,428,16300428,200,12,11,0.11
E30,5,40,0.0,429,16300429,200,10,12,0.12
E30,5,40,0.0,430,16300430,200,16,14,0.14
E30,5,40,0.0,431,16300431,200,10,9,0.09
E30,5,40,0.0,432,16300432,200,11,12,0.12
E30,5,40,0.0,433,16300433,200,18,18,0.18
E30,5,40,0.0,434,16300434,200,13,13,0.13
E30,5,40,0.0,435,16300435,200,12,11,0.11
E30,5,40,0.0,436,16300436,200,13,13,0.13
E30,5,40,0.0,437,16300437,200,13,12,0.12
E30,5,40,0.0,438,16300438,200,11,11,0.11
E30,5,40,0.0,439,16300439,200,12,13,0.13
E30,5,40,0.0,440,16300440,200,12,11,0.11
E30,5,40,0.0,441,16300441,200,13,15,0.15
E30,5,40,0.0,442,16300442,200,9,9,0.09
E30,5,40,0.0,443,16300443,200,7,7,0.07
E30,5,40,0.0,444,16300444,200,15,13,0.13
E30,5,40,0.0,445,16300445,200,9,9,0.09
E30,5,40,0.0,446,16300446,200,17,16,0.16
E30,5,40,0.0,447,16300447,200,11,9,0.09
E30,5,40,0.0,448,16300448,200,9,8,0.08
E30,5,40,0.0,449,16300449,200,15,17,0.17
E30,5,40,0.0,450,16300450,200,12,13,0.13
E30,5,40,0.0,451,16300451,200,15,15,0.15
E30,5,40,0.0,452,16300452,200,11,10,0.1
E30,5,40,0.0,453,16300453,200,17,18,0.18
E30,5,40,0.0,454,16300454,200,8,9,0.09
E30,5,40,0.0,455,16300455,200,15,15,0.15
E30,5,40,0.0,456,16300456,200,11,12,0.12
E30,5,40,0.0,457,16300457,200,14,14,0.14
E30,5,40,0.0,458,16300458,200,12,12,0.12
E30,5,40,0.0,459,16300459,200,9,11,0.11
E30,5,40,0.0,460,16300460,200,9,9,0.09
E30,5,40,0.0,461,16300461,200,13,15,0.15
E30,5,40,0.0,462,16300462,200,10,10,0.1
E30,5,40,0.0,463,16300463,200,7,7,0.07
E30,5,40,0.0,464,16300464,200,7,9,0.09
E30,5,40,0.0,465,16300465,200,17,16,0.16
E30,5,40,0.0,466,16300466,200,18,16,0.16
E30,5,40,0.0,467,16300467,200,8,7,0.07
E30,5,40,0.0,468,16300468,200,8,9,0.09
E30,5,40,0.0,469,16300469,200,13,10,0.1
E30,5,40,0.0,470,16300470,200,17,14,0.14
E30,5,40,0.0,471,16300471,200,12,12,0.12
E30,5,40,0.0,472,16300472,200,16,13,0.13
E30,5,40,0.0,473,16300473,200,14,13,0.13
E30,5,40,0.0,474,16300474,200,15,15,0.15
E30,5,40,0.0,475,16300475,200,14,14,0.14
E30,5,40,0.0,476,16300476,200,9,10,0.1
E30,5,40,0.0,477,16300477,200,12,12,0.12
E30,5,40,0.0,478,16300478,200,14,14,0.14
E30,5,40,0.0,479,16300479,200,17,16,0.16
E30,5,40,0.0,480,16300480,200,11,11,0.11
E30,5,40,0.0,481,16300481,200,13,14,0.14
E30,5,40,0.0,482,16300482,200,13,13,0.13
E30,5,40,0.0,483,16300483,200,16,15,0.15
E30,5,40,0.0,484,16300484,200,13,13,0.13
E30,5,40,0.0,485,16300485,200,7,7,0.07
E30,5,40,0.0,486,16300486,200,15,15,0.15
E30,5,40,0.0,487,16300487,200,18,17,0.17
E30,5,40,0.0,488,16300488,200,6,6,0.06
E30,5,40,0.0,489,16300489,200,12,13,0.13
E30,5,40,0.0,490,16300490,200,11,11,0.11
E30,5,40,0.0,491,16300491,200,8,8,0.08
E30,5,40,0.0,492,16300492,200,8,9,0.09
E30,5,40,0.0,493,16300493,200,14,13,0.13
E30,5,40,0.0,494,16300494,200,13,12,0.12
E30,5,40,0.0,495,16300495,200,21,21,0.21
E30,5,40,0.0,496,16300496,200,12,12,0.12
E30,5,40,0.0,497,16300497,200,7,6,0.06
E30,5,40,0.0,498,16300498,200,17,17,0.17
E30,5,40,0.0,499,16300499,200,10,9,0.09
E30,5,40,0.3,0,17300000,200,5,5,0.05
E30,5,40,0.3,1,17300001,200,7,7,0.07
E30,5,40,0.3,2,17300002,200,5,5,0.05
E30,5,40,0.3,3,17300003,200,7,6,0.06
E30,5,40,0.3,4,17300004,200,5,5,0.05
E30,5,40,0.3,5,17300005,200,13,13,0.13
E30,5,40,0.3,6,17300006,200,9,9,0.09
E30,5,40,0.3,7,17300007,200,7,7,0.07
E30,5,40,0.3,8,17300008,200,5,7,0.07
E30,5,40,0.3,9,17300009,200,3,3,0.03
E30,5,40,0.3,10,17300010,200,11,12,0.12
E30,5,40,0.3,11,17300011,200,15,16,0.16
E30,5,40,0.3,12,17300012,200,11,11,0.11
E30,5,40,0.3,13,17300013,200,4,4,0.04
E30,5,40,0.3,14,17300014,200,14,12,0.12
E30,5,40,0.3,15,17300015,200,7,8,0.08
E30,5,40,0.3,16,17300016,200,14,15,0.15
E30,5,40,0.3,17,17300017,200,7,9,0.09
E30,5,40,0.3,18,17300018,200,8,10,0.1
E30,5,40,0.3,19,17300019,200,8,9,0.09
E30,5,40,0.3,20,17300020,200,14,12,0.12
E30,5,40,0.3,21,17300021,200,7,7,0.07
E30,5,40,0.3,22,17300022,200,6,6,0.06
E30,5,40,0.3,23,17300023,200,4,4,0.04
E30,5,40,0.3,24,17300024,200,3,4,0.04
E30,5,40,0.3,25,17300025,200,12,12,0.12
E30,5,40,0.3,26,17300026,200,8,9,0.09
E30,5,40,0.3,27,17300027,200,7,9,0.09
E30,5,40,0.3,28,17300028,200,10,9,0.09
E30,5,40,0.3,29,17300029,200,8,11,0.11
E30,5,40,0.3,30,17300030,200,7,8,0.08
E30,5,40,0.3,31,17300031,200,9,8,0.08
E30,5,40,0.3,32,17300032,200,9,10,0.1
E30,5,40,0.3,33,17300033,200,5,4,0.04
E30,5,40,0.3,34,17300034,200,6,9,0.09
E30,5,40,0.3,35,17300035,200,11,10,0.1
E30,5,40,0.3,36,17300036,200,10,13,0.13
E30,5,40,0.3,37,17300037,200,7,7,0.07
E30,5,40,0.3,38,17300038,200,10,11,0.11
E30,5,40,0.3,39,17300039,200,8,6,0.06
E30,5,40,0.3,40,17300040,200,11,10,0.1
E30,5,40,0.3,41,17300041,200,11,12,0.12
E30,5,40,0.3,42,17300042,200,11,11,0.11
E30,5,40,0.3,43,17300043,200,7,7,0.07
E30,5,40,0.3,44,17300044,200,5,7,0.07
E30,5,40,0.3,45,17300045,200,11,11,0.11
E30,5,40,0.3,46,17300046,200,9,9,0.09
E30,5,40,0.3,47,17300047,200,10,11,0.11
E30,5,40,0.3,48,17300048,200,7,9,0.09
E30,5,40,0.3,49,17300049,200,11,13,0.13
E30,5,40,0.3,50,17300050,200,7,8,0.08
E30,5,40,0.3,51,17300051,200,14,13,0.13
E30,5,40,0.3,52,17300052,200,7,8,0.08
E30,5,40,0.3,53,17300053,200,9,10,0.1
E30,5,40,0.3,54,17300054,200,10,12,0.12
E30,5,40,0.3,55,17300055,200,6,9,0.09
E30,5,40,0.3,56,17300056,200,11,11,0.11
E30,5,40,0.3,57,17300057,200,8,10,0.1
E30,5,40,0.3,58,17300058,200,4,4,0.04
E30,5,40,0.3,59,17300059,200,12,14,0.14
E30,5,40,0.3,60,17300060,200,9,8,0.08
E30,5,40,0.3,61,17300061,200,3,3,0.03
E30,5,40,0.3,62,17300062,200,10,10,0.1
E30,5,40,0.3,63,17300063,200,9,10,0.1
E30,5,40,0.3,64,17300064,200,4,5,0.05
E30,5,40,0.3,65,17300065,200,7,8,0.08
E30,5,40,0.3,66,17300066,200,11,13,0.13
E30,5,40,0.3,67,17300067,200,5,5,0.05
E30,5,40,0.3,68,17300068,200,6,7,0.07
E30,5,40,0.3,69,17300069,200,3,3,0.03
E30,5,40,0.3,70,17300070,200,8,9,0.09
E30,5,40,0.3,71,17300071,200,10,11,0.11
E30,5,40,0.3,72,17300072,200,9,9,0.09
E30,5,40,0.3,73,17300073,200,11,13,0.13
E30,5,40,0.3,74,17300074,200,2,2,0.02
E30,5,40,0.3,75,17300075,200,10,13,0.13
E30,5,40,0.3,76,17300076,200,4,5,0.05
E30,5,40,0.3,77,17300077,200,9,9,0.09
E30,5,40,0.3,78,17300078,200,6,8,0.08
E30,5,40,0.3,79,17300079,200,8,8,0.08
E30,5,40,0.3,80,17300080,200,9,8,0.08
E30,5,40,0.3,81,17300081,200,15,16,0.16
E30,5,40,0.3,82,17300082,200,9,9,0.09
E30,5,40,0.3,83,17300083,200,9,10,0.1
E30,5,40,0.3,84,17300084,200,8,11,0.11
E30,5,40,0.3,85,17300085,200,10,10,0.1
E30,5,40,0.3,86,17300086,200,6,7,0.07
E30,5,40,0.3,87,17300087,200,8,8,0.08
E30,5,40,0.3,88,17300088,200,10,11,0.11
E30,5,40,0.3,89,17300089,200,10,11,0.11
E30,5,40,0.3,90,17300090,200,10,11,0.11
E30,5,40,0.3,91,17300091,200,8,9,0.09
E30,5,40,0.3,92,17300092,200,6,6,0.06
E30,5,40,0.3,93,17300093,200,10,11,0.11
E30,5,40,0.3,94,17300094,200,7,7,0.07
E30,5,40,0.3,95,17300095,200,7,7,0.07
E30,5,40,0.3,96,17300096,200,6,6,0.06
E30,5,40,0.3,97,17300097,200,16,15,0.15
E30,5,40,0.3,98,17300098,200,7,9,0.09
E30,5,40,0.3,99,17300099,200,6,8,0.08
E30,5,40,0.3,100,17300100,200,6,7,0.07
E30,5,40,0.3,101,17300101,200,10,10,0.1
E30,5,40,0.3,102,17300102,200,6,6,0.06
E30,5,40,0.3,103,17300103,200,8,7,0.07
E30,5,40,0.3,104,17300104,200,7,6,0.06
E30,5,40,0.3,105,17300105,200,12,11,0.11
E30,5,40,0.3,106,17300106,200,8,6,0.06
E30,5,40,0.3,107,17300107,200,6,6,0.06
E30,5,40,0.3,108,17300108,200,5,5,0.05
E30,5,40,0.3,109,17300109,200,9,10,0.1
E30,5,40,0.3,110,17300110,200,7,9,0.09
E30,5,40,0.3,111,17300111,200,7,6,0.06
E30,5,40,0.3,112,17300112,200,7,8,0.08
E30,5,40,0.3,113,17300113,200,10,13,0.13
E30,5,40,0.3,114,17300114,200,6,5,0.05
E30,5,40,0.3,115,17300115,200,6,6,0.06
E30,5,40,0.3,116,17300116,200,8,8,0.08
E30,5,40,0.3,117,17300117,200,5,5,0.05
E30,5,40,0.3,118,17300118,200,8,7,0.07
E30,5,40,0.3,119,17300119,200,11,12,0.12
E30,5,40,0.3,120,17300120,200,8,8,0.08
E30,5,40,0.3,121,17300121,200,7,7,0.07
E30,5,40,0.3,122,17300122,200,11,10,0.1
E30,5,40,0.3,123,17300123,200,10,9,0.09
E30,5,40,0.3,124,17300124,200,8,9,0.09
E30,5,40,0.3,125,17300125,200,5,5,0.05
E30,5,40,0.3,126,17300126,200,11,11,0.11
E30,5,40,0.3,127,17300127,200,10,9,0.09
E30,5,40,0.3,128,17300128,200,6,4,0.04
E30,5,40,0.3,129,17300129,200,9,13,0.13
E30,5,40,0.3,130,17300130,200,7,9,0.09
E30,5,40,0.3,131,17300131,200,8,8,0.08
E30,5,40,0.3,132,17300132,200,7,8,0.08
E30,5,40,0.3,133,17300133,200,9,9,0.09
E30,5,40,0.3,134,17300134,200,9,9,0.09
E30,5,40,0.3,135,17300135,200,12,12,0.12
E30,5,40,0.3,136,17300136,200,5,5,0.05
E30,5,40,0.3,137,17300137,200,8,7,0.07
E30,5,40,0.3,138,17300138,200,4,4,0.04
E30,5,40,0.3,139,17300139,200,4,4,0.04
E30,5,40,0.3,140,17300140,200,9,11,0.11
E30,5,40,0.3,141,17300141,200,4,5,0.05
E30,5,40,0.3,142,17300142,200,10,11,0.11
E30,5,40,0.3,143,17300143,200,5,6,0.06
E30,5,40,0.3,144,17300144,200,9,10,0.1
E30,5,40,0.3,145,17300145,200,3,3,0.03
E30,5,40,0.3,146,17300146,200,8,8,0.08
E30,5,40,0.3,147,17300147,200,11,10,0.1
E30,5,40,0.3,148,17300148,200,13,13,0.13
E30,5,40,0.3,149,17300149,200,9,12,0.12
E30,5,40,0.3,150,17300150,200,9,9,0.09
E30,5,40,0.3,151,17300151,200,14,14,0.14
E30,5,40,0.3,152,17300152,200,11,10,0.1
E30,5,40,0.3,153,17300153,200,13,12,0.12
E30,5,40,0.3,154,17300154,200,11,10,0.1
E30,5,40,0.3,155,17300155,200,5,5,0.05
E30,5,40,0.3,156,17300156,200,4,4,0.04
E30,5,40,0.3,157,17300157,200,10,10,0.1
E30,5,40,0.3,158,17300158,200,12,14,0.14
E30,5,40,0.3,159,17300159,200,14,16,0.16
E30,5,40,0.3,160,17300160,200,11,14,0.14
E30,5,40,0.3,161,17300161,200,10,9,0.09
E30,5,40,0.3,162,17300162,200,11,10,0.1
E30,5,40,0.3,163,17300163,200,10,12,0.12
E30,5,40,0.3,164,17300164,200,5,6,0.06
E30,5,40,0.3,165,17300165,200,10,10,0.1
E30,5,40,0.3,166,17300166,200,6,7,0.07
E30,5,40,0.3,167,17300167,200,8,9,0.09
E30,5,40,0.3,168,17300168,200,13,14,0.14
E30,5,40,0.3,169,17300169,200,3,3,0.03
E30,5,40,0.3,170,17300170,200,11,9,0.09
E30,5,40,0.3,171,17300171,200,5,5,0.05
E30,5,40,0.3,172,17300172,200,17,19,0.19
E30,5,40,0.3,173,17300173,200,13,14,0.14
E30,5,40,0.3,174,17300174,200,11,11,0.11
E30,5,40,0.3,175,17300175,200,9,9,0.09
E30,5,40,0.3,176,17300176,200,10,12,0.12
E30,5,40,0.3,177,17300177,200,13,11,0.11
E30,5,40,0.3,178,17300178,200,8,7,0.07
E30,5,40,0.3,179,17300179,200,6,6,0.06
E30,5,40,0.3,180,17300180,200,9,10,0.1
E30,5,40,0.3,181,17300181,200,8,6,0.06
E30,5,40,0.3,182,17300182,200,7,11,0.11
E30,5,40,0.3,183,17300183,200,9,11,0.11
E30,5,40,0.3,184,17300184,200,18,18,0.18
E30,5,40,0.3,185,17300185,200,9,9,0.09
E30,5,40,0.3,186,17300186,200,4,5,0.05
E30,5,40,0.3,187,17300187,200,4,4,0.04
E30,5,40,0.3,188,17300188,200,4,6,0.06
E30,5,40,0.3,189,17300189,200,10,9,0.09
E30,5,40,0.3,190,17300190,200,4,3,0.03
E30,5,40,0.3,191,17300191,200,10,11,0.11
E30,5,40,0.3,192,17300192,200,6,7,0.07
E30,5,40,0.3,193,17300193,200,7,6,0.06
E30,5,40,0.3,194,17300194,200,9,9,0.09
E30,5,40,0.3,195,17300195,200,10,9,0.09
E30,5,40,0.3,196,17300196,200,4,5,0.05
E30,5,40,0.3,197,17300197,200,6,6,0.06
E30,5,40,0.3,198,17300198,200,4,4,0.04
E30,5,40,0.3,199,17300199,200,7,7,0.07
E30,5,40,0.3,200,17300200,200,10,11,0.11
E30,5,40,0.3,201,17300201,200,9,11,0.11
E30,5,40,0.3,202,17300202,200,8,8,0.08
E30,5,40,0.3,203,17300203,200,14,13,0.13
E30,5,40,0.3,204,17300204,200,8,11,0.11
E30,5,40,0.3,205,17300205,200,8,6,0.06
E30,5,40,0.3,206,17300206,200,13,12,0.12
E30,5,40,0.3,207,17300207,200,8,8,0.08
E30,5,40,0.3,208,17300208,200,6,6,0.06
E30,5,40,0.3,209,17300209,200,3,3,0.03
E30,5,40,0.3,210,17300210,200,11,10,0.1
E30,5,40,0.3,211,17300211,200,5,6,0.06
E30,5,40,0.3,212,17300212,200,13,14,0.14
E30,5,40,0.3,213,17300213,200,8,8,0.08
E30,5,40,0.3,214,17300214,200,7,6,0.06
E30,5,40,0.3,215,17300215,200,7,8,0.08
E30,5,40,0.3,216,17300216,200,6,7,0.07
E30,5,40,0.3,217,17300217,200,12,14,0.14
E30,5,40,0.3,218,17300218,200,10,11,0.11
E30,5,40,0.3,219,17300219,200,6,9,0.09
E30,5,40,0.3,220,17300220,200,8,9,0.09
E30,5,40,0.3,221,17300221,200,5,5,0.05
E30,5,40,0.3,222,17300222,200,16,16,0.16
E30,5,40,0.3,223,17300223,200,14,13,0.13
E30,5,40,0.3,224,17300224,200,5,6,0.06
E30,5,40,0.3,225,17300225,200,13,15,0.15
E30,5,40,0.3,226,17300226,200,9,8,0.08
E30,5,40,0.3,227,17300227,200,8,7,0.07
E30,5,40,0.3,228,17300228,200,17,15,0.15
E30,5,40,0.3,229,17300229,200,6,7,0.07
E30,5,40,0.3,230,17300230,200,5,6,0.06
E30,5,40,0.3,231,17300231,200,4,5,0.05
E30,5,40,0.3,232,17300232,200,11,14,0.14
E30,5,40,0.3,233,17300233,200,12,12,0.12
E30,5,40,0.3,234,17300234,200,10,11,0.11
E30,5,40,0.3,235,17300235,200,12,15,0.15
E30,5,40,0.3,236,17300236,200,1,1,0.01
E30,5,40,0.3,237,17300237,200,9,8,0.08
E30,5,40,0.3,238,17300238,200,7,9,0.09
E30,5,40,0.3,239,17300239,200,7,7,0.07
E30,5,40,0.3,240,17300240,200,10,9,0.09
E30,5,40,0.3,241,17300241,200,7,5,0.05
E30,5,40,0.3,242,17300242,200,8,7,0.07
E30,5,40,0.3,243,17300243,200,7,7,0.07
E30,5,40,0.3,244,17300244,200,9,8,0.08
E30,5,40,0.3,245,17300245,200,6,6,0.06
E30,5,40,0.3,246,17300246,200,10,11,0.11
E30,5,40,0.3,247,17300247,200,10,12,0.12
E30,5,40,0.3,248,17300248,200,8,7,0.07
E30,5,40,0.3,249,17300249,200,6,9,0.09
E30,5,40,0.3,250,17300250,200,3,3,0.03
E30,5,40,0.3,251,17300251,200,8,9,0.09
E30,5,40,0.3,252,17300252,200,8,10,0.1
E30,5,40,0.3,253,17300253,200,8,8,0.08
E30,5,40,0.3,254,17300254,200,7,7,0.07
E30,5,40,0.3,255,17300255,200,9,10,0.1
E30,5,40,0.3,256,17300256,200,9,11,0.11
E30,5,40,0.3,257,17300257,200,10,9,0.09
E30,5,40,0.3,258,17300258,200,6,6,0.06
E30,5,40,0.3,259,17300259,200,8,11,0.11
E30,5,40,0.3,260,17300260,200,6,7,0.07
E30,5,40,0.3,261,17300261,200,7,7,0.07
E30,5,40,0.3,262,17300262,200,10,13,0.13
E30,5,40,0.3,263,17300263,200,13,14,0.14
E30,5,40,0.3,264,17300264,200,7,9,0.09
E30,5,40,0.3,265,17300265,200,11,11,0.11
E30,5,40,0.3,266,17300266,200,11,11,0.11
E30,5,40,0.3,267,17300267,200,3,3,0.03
E30,5,40,0.3,268,17300268,200,6,7,0.07
E30,5,40,0.3,269,17300269,200,5,7,0.07
E30,5,40,0.3,270,17300270,200,4,4,0.04
E30,5,40,0.3,271,17300271,200,5,5,0.05
E30,5,40,0.3,272,17300272,200,9,9,0.09
E30,5,40,0.3,273,17300273,200,9,9,0.09
E30,5,40,0.3,274,17300274,200,8,9,0.09
E30,5,40,0.3,275,17300275,200,11,9,0.09
E30,5,40,0.3,276,17300276,200,7,7,0.07
E30,5,40,0.3,277,17300277,200,11,12,0.12
E30,5,40,0.3,278,17300278,200,9,10,0.1
E30,5,40,0.3,279,17300279,200,6,5,0.05
E30,5,40,0.3,280,17300280,200,8,8,0.08
E30,5,40,0.3,281,17300281,200,6,6,0.06
E30,5,40,0.3,282,17300282,200,9,9,0.09
E30,5,40,0.3,283,17300283,200,4,4,0.04
E30,5,40,0.3,284,17300284,200,9,8,0.08
E30,5,40,0.3,285,17300285,200,6,5,0.05
E30,5,40,0.3,286,17300286,200,8,8,0.08
E30,5,40,0.3,287,17300287,200,6,6,0.06
E30,5,40,0.3,288,17300288,200,9,8,0.08
E30,5,40,0.3,289,17300289,200,11,11,0.11
E30,5,40,0.3,290,17300290,200,12,11,0.11
E30,5,40,0.3,291,17300291,200,6,9,0.09
E30,5,40,0.3,292,17300292,200,9,8,0.08
E30,5,40,0.3,293,17300293,200,9,9,0.09
E30,5,40,0.3,294,17300294,200,3,3,0.03
E30,5,40,0.3,295,17300295,200,6,6,0.06
E30,5,40,0.3,296,17300296,200,6,5,0.05
E30,5,40,0.3,297,17300297,200,5,5,0.05
E30,5,40,0.3,298,17300298,200,11,10,0.1
E30,5,40,0.3,299,17300299,200,10,11,0.11
E30,5,40,0.3,300,17300300,200,1,1,0.01
E30,5,40,0.3,301,17300301,200,6,6,0.06
E30,5,40,0.3,302,17300302,200,13,14,0.14
E30,5,40,0.3,303,17300303,200,12,12,0.12
E30,5,40,0.3,304,17300304,200,9,12,0.12
E30,5,40,0.3,305,17300305,200,8,9,0.09
E30,5,40,0.3,306,17300306,200,9,10,0.1
E30,5,40,0.3,307,17300307,200,4,4,0.04
E30,5,40,0.3,308,17300308,200,16,13,0.13
E30,5,40,0.3,309,17300309,200,6,6,0.06
E30,5,40,0.3,310,17300310,200,2,3,0.03
E30,5,40,0.3,311,17300311,200,6,6,0.06
E30,5,40,0.3,312,17300312,200,5,7,0.07
E30,5,40,0.3,313,17300313,200,5,5,0.05
E30,5,40,0.3,314,17300314,200,6,7,0.07
E30,5,40,0.3,315,17300315,200,9,8,0.08
E30,5,40,0.3,316,17300316,200,7,9,0.09
E30,5,40,0.3,317,17300317,200,7,8,0.08
E30,5,40,0.3,318,17300318,200,10,12,0.12
E30,5,40,0.3,319,17300319,200,11,13,0.13
E30,5,40,0.3,320,17300320,200,5,4,0.04
E30,5,40,0.3,321,17300321,200,11,13,0.13
E30,5,40,0.3,322,17300322,200,5,5,0.05
E30,5,40,0.3,323,17300323,200,11,11,0.11
E30,5,40,0.3,324,17300324,200,10,11,0.11
E30,5,40,0.3,325,17300325,200,15,15,0.15
E30,5,40,0.3,326,17300326,200,12,10,0.1
E30,5,40,0.3,327,17300327,200,6,6,0.06
E30,5,40,0.3,328,17300328,200,8,7,0.07
E30,5,40,0.3,329,17300329,200,5,4,0.04
E30,5,40,0.3,330,17300330,200,10,11,0.11
E30,5,40,0.3,331,17300331,200,4,4,0.04
E30,5,40,0.3,332,17300332,200,6,6,0.06
E30,5,40,0.3,333,17300333,200,7,7,0.07
E30,5,40,0.3,334,17300334,200,11,10,0.1
E30,5,40,0.3,335,17300335,200,10,9,0.09
E30,5,40,0.3,336,17300336,200,8,7,0.07
E30,5,40,0.3,337,17300337,200,11,11,0.11
E30,5,40,0.3,338,17300338,200,4,6,0.06
E30,5,40,0.3,339,17300339,200,6,6,0.06
E30,5,40,0.3,340,17300340,200,9,8,0.08
E30,5,40,0.3,341,17300341,200,6,6,0.06
E30,5,40,0.3,342,17300342,200,13,13,0.13
E30,5,40,0.3,343,17300343,200,7,9,0.09
E30,5,40,0.3,344,17300344,200,10,10,0.1
E30,5,40,0.3,345,17300345,200,7,7,0.07
E30,5,40,0.3,346,17300346,200,11,10,0.1
E30,5,40,0.3,347,17300347,200,5,6,0.06
E30,5,40,0.3,348,17300348,200,14,14,0.14
E30,5,40,0.3,349,17300349,200,4,4,0.04
E30,5,40,0.3,350,17300350,200,4,5,0.05
E30,5,40,0.3,351,17300351,200,8,9,0.09
E30,5,40,0.3,352,17300352,200,11,12,0.12
E30,5,40,0.3,353,17300353,200,13,15,0.15
E30,5,40,0.3,354,17300354,200,6,7,0.07
E30,5,40,0.3,355,17300355,200,11,11,0.11
E30,5,40,0.3,356,17300356,200,11,11,0.11
E30,5,40,0.3,357,17300357,200,9,10,0.1
E30,5,40,0.3,358,17300358,200,7,8,0.08
E30,5,40,0.3,359,17300359,200,4,6,0.06
E30,5,40,0.3,360,17300360,200,11,10,0.1
E30,5,40,0.3,361,17300361,200,11,11,0.11
E30,5,40,0.3,362,17300362,200,11,12,0.12
E30,5,40,0.3,363,17300363,200,7,6,0.06
E30,5,40,0.3,364,17300364,200,3,3,0.03
E30,5,40,0.3,365,17300365,200,7,8,0.08
E30,5,40,0.3,366,17300366,200,7,8,0.08
E30,5,40,0.3,367,17300367,200,12,13,0.13
E30,5,40,0.3,368,17300368,200,8,9,0.09
E30,5,40,0.3,369,17300369,200,6,5,0.05
E30,5,40,0.3,370,17300370,200,5,6,0.06
E30,5,40,0.3,371,17300371,200,7,8,0.08
E30,5,40,0.3,372,17300372,200,5,5,0.05
E30,5,40,0.3,373,17300373,200,7,7,0.07
E30,5,40,0.3,374,17300374,200,9,9,0.09
E30,5,40,0.3,375,17300375,200,7,8,0.08
E30,5,40,0.3,376,17300376,200,8,7,0.07
E30,5,40,0.3,377,17300377,200,12,13,0.13
E30,5,40,0.3,378,17300378,200,16,17,0.17
E30,5,40,0.3,379,17300379,200,7,8,0.08
E30,5,40,0.3,380,17300380,200,11,14,0.14
E30,5,40,0.3,381,17300381,200,13,14,0.14
E30,5,40,0.3,382,17300382,200,5,4,0.04
E30,5,40,0.3,383,17300383,200,11,9,0.09
E30,5,40,0.3,384,17300384,200,3,3,0.03
E30,5,40,0.3,385,17300385,200,8,7,0.07
E30,5,40,0.3,386,17300386,200,15,14,0.14
E30,5,40,0.3,387,17300387,200,7,8,0.08
E30,5,40,0.3,388,17300388,200,11,14,0.14
E30,5,40,0.3,389,17300389,200,6,6,0.06
E30,5,40,0.3,390,17300390,200,9,9,0.09
E30,5,40,0.3,391,17300391,200,6,7,0.07
E30,5,40,0.3,392,17300392,200,4,4,0.04
E30,5,40,0.3,393,17300393,200,9,8,0.08
E30,5,40,0.3,394,17300394,200,10,11,0.11
E30,5,40,0.3,395,17300395,200,8,9,0.09
E30,5,40,0.3,396,17300396,200,8,11,0.11
E30,5,40,0.3,397,17300397,200,12,13,0.13
E30,5,40,0.3,398,17300398,200,5,9,0.09
E30,5,40,0.3,399,17300399,200,10,13,0.13
E30,5,40,0.3,400,17300400,200,6,7,0.07
E30,5,40,0.3,401,17300401,200,3,3,0.03
E30,5,40,0.3,402,17300402,200,12,13,0.13
E30,5,40,0.3,403,17300403,200,8,8,0.08
E30,5,40,0.3,404,17300404,200,8,8,0.08
E30,5,40,0.3,405,17300405,200,12,15,0.15
E30,5,40,0.3,406,17300406,200,10,11,0.11
E30,5,40,0.3,407,17300407,200,6,7,0.07
E30,5,40,0.3,408,17300408,200,9,12,0.12
E30,5,40,0.3,409,17300409,200,9,9,0.09
E30,5,40,0.3,410,17300410,200,8,9,0.09
E30,5,40,0.3,411,17300411,200,6,7,0.07
E30,5,40,0.3,412,17300412,200,16,14,0.14
E30,5,40,0.3,413,17300413,200,10,10,0.1
E30,5,40,0.3,414,17300414,200,7,7,0.07
E30,5,40,0.3,415,17300415,200,10,10,0.1
E30,5,40,0.3,416,17300416,200,9,10,0.1
E30,5,40,0.3,417,17300417,200,6,6,0.06
E30,5,40,0.3,418,17300418,200,17,17,0.17
E30,5,40,0.3,419,17300419,200,9,10,0.1
E30,5,40,0.3,420,17300420,200,5,4,0.04
E30,5,40,0.3,421,17300421,200,10,14,0.14
E30,5,40,0.3,422,17300422,200,10,11,0.11
E30,5,40,0.3,423,17300423,200,9,9,0.09
E30,5,40,0.3,424,17300424,200,8,7,0.07
E30,5,40,0.3,425,17300425,200,13,9,0.09
E30,5,40,0.3,426,17300426,200,8,9,0.09
E30,5,40,0.3,427,17300427,200,7,9,0.09
E30,5,40,0.3,428,17300428,200,14,12,0.12
E30,5,40,0.3,429,17300429,200,10,10,0.1
E30,5,40,0.3,430,17300430,200,9,9,0.09
E30,5,40,0.3,431,17300431,200,3,2,0.02
E30,5,40,0.3,432,17300432,200,10,10,0.1
E30,5,40,0.3,433,17300433,200,12,11,0.11
E30,5,40,0.3,434,17300434,200,13,12,0.12
E30,5,40,0.3,435,17300435,200,9,11,0.11
E30,5,40,0.3,436,17300436,200,7,7,0.07
E30,5,40,0.3,437,17300437,200,6,8,0.08
E30,5,40,0.3,438,17300438,200,9,8,0.08
E30,5,40,0.3,439,17300439,200,10,10,0.1
E30,5,40,0.3,440,17300440,200,7,7,0.07
E30,5,40,0.3,441,17300441,200,5,5,0.05
E30,5,40,0.3,442,17300442,200,3,4,0.04
E30,5,40,0.3,443,17300443,200,7,7,0.07
E30,5,40,0.3,444,17300444,200,7,6,0.06
E30,5,40,0.3,445,17300445,200,12,14,0.14
E30,5,40,0.3,446,17300446,200,3,5,0.05
E30,5,40,0.3,447,17300447,200,2,2,0.02
E30,5,40,0.3,448,17300448,200,15,13,0.13
E30,5,40,0.3,449,17300449,200,10,9,0.09
E30,5,40,0.3,450,17300450,200,9,11,0.11
E30,5,40,0.3,451,17300451,200,7,8,0.08
E30,5,40,0.3,452,17300452,200,10,11,0.11
E30,5,40,0.3,453,17300453,200,8,10,0.1
E30,5,40,0.3,454,17300454,200,14,14,0.14
E30,5,40,0.3,455,17300455,200,8,9,0.09
E30,5,40,0.3,456,17300456,200,7,9,0.09
E30,5,40,0.3,457,17300457,200,12,13,0.13
E30,5,40,0.3,458,17300458,200,10,10,0.1
E30,5,40,0.3,459,17300459,200,11,13,0.13
E30,5,40,0.3,460,17300460,200,13,12,0.12
E30,5,40,0.3,461,17300461,200,4,5,0.05
E30,5,40,0.3,462,17300462,200,16,15,0.15
E30,5,40,0.3,463,17300463,200,10,11,0.11
E30,5,40,0.3,464,17300464,200,8,8,0.08
E30,5,40,0.3,465,17300465,200,14,13,0.13
E30,5,40,0.3,466,17300466,200,4,3,0.03
E30,5,40,0.3,467,17300467,200,12,13,0.13
E30,5,40,0.3,468,17300468,200,7,6,0.06
E30,5,40,0.3,469,17300469,200,5,6,0.06
E30,5,40,0.3,470,17300470,200,9,14,0.14
E30,5,40,0.3,471,17300471,200,9,9,0.09
E30,5,40,0.3,472,17300472,200,5,4,0.04
E30,5,40,0.3,473,17300473,200,11,12,0.12
E30,5,40,0.3,474,17300474,200,5,6,0.06
E30,5,40,0.3,475,17300475,200,7,7,0.07
E30,5,40,0.3,476,17300476,200,10,11,0.11
E30,5,40,0.3,477,17300477,200,10,9,0.09
E30,5,40,0.3,478,17300478,200,9,10,0.1
E30,5,40,0.3,479,17300479,200,8,9,0.09
E30,5,40,0.3,480,17300480,200,16,16,0.16
E30,5,40,0.3,481,17300481,200,13,13,0.13
E30,5,40,0.3,482,17300482,200,8,9,0.09
E30,5,40,0.3,483,17300483,200,8,7,0.07
E30,5,40,0.3,484,17300484,200,9,11,0.11
E30,5,40,0.3,485,17300485,200,11,13,0.13
E30,5,40,0.3,486,17300486,200,5,5,0.05
E30,5,40,0.3,487,17300487,200,7,8,0.08
E30,5,40,0.3,488,17300488,200,7,7,0.07
E30,5,40,0.3,489,17300489,200,9,9,0.09
E30,5,40,0.3,490,17300490,200,7,6,0.06
E30,5,40,0.3,491,17300491,200,13,12,0.12
E30,5,40,0.3,492,17300492,200,11,9,0.09
E30,5,40,0.3,493,17300493,200,10,13,0.13
E30,5,40,0.3,494,17300494,200,8,9,0.09
E30,5,40,0.3,495,17300495,200,7,7,0.07
E30,5,40,0.3,496,17300496,200,10,10,0.1
E30,5,40,0.3,497,17300497,200,11,12,0.12
E30,5,40,0.3,498,17300498,200,4,4,0.04
E30,5,40,0.3,499,17300499,200,14,13,0.13
E30,5,40,0.6,0,18300000,200,6,10,0.1
E30,5,40,0.6,1,18300001,200,10,13,0.13
E30,5,40,0.6,2,18300002,200,4,4,0.04
E30,5,40,0.6,3,18300003,200,8,13,0.13
E30,5,40,0.6,4,18300004,200,5,8,0.08
E30,5,40,0.6,5,18300005,200,2,2,0.02
E30,5,40,0.6,6,18300006,200,8,13,0.13
E30,5,40,0.6,7,18300007,200,5,9,0.09
E30,5,40,0.6,8,18300008,200,5,7,0.07
E30,5,40,0.6,9,18300009,200,5,8,0.08
E30,5,40,0.6,10,18300010,200,11,15,0.15
E30,5,40,0.6,11,18300011,200,7,9,0.09
E30,5,40,0.6,12,18300012,200,5,6,0.06
E30,5,40,0.6,13,18300013,200,9,10,0.1
E30,5,40,0.6,14,18300014,200,6,9,0.09
E30,5,40,0.6,15,18300015,200,5,9,0.09
E30,5,40,0.6,16,18300016,200,4,7,0.07
E30,5,40,0.6,17,18300017,200,9,15,0.15
E30,5,40,0.6,18,18300018,200,9,11,0.11
E30,5,40,0.6,19,18300019,200,6,11,0.11
E30,5,40,0.6,20,18300020,200,5,7,0.07
E30,5,40,0.6,21,18300021,200,8,12,0.12
E30,5,40,0.6,22,18300022,200,6,9,0.09
E30,5,40,0.6,23,18300023,200,5,8,0.08
E30,5,40,0.6,24,18300024,200,9,10,0.1
E30,5,40,0.6,25,18300025,200,10,13,0.13
E30,5,40,0.6,26,18300026,200,6,9,0.09
E30,5,40,0.6,27,18300027,200,5,6,0.06
E30,5,40,0.6,28,18300028,200,5,6,0.06
E30,5,40,0.6,29,18300029,200,6,6,0.06
E30,5,40,0.6,30,18300030,200,13,17,0.17
E30,5,40,0.6,31,18300031,200,12,16,0.16
E30,5,40,0.6,32,18300032,200,11,18,0.18
E30,5,40,0.6,33,18300033,200,8,13,0.13
E30,5,40,0.6,34,18300034,200,7,9,0.09
E30,5,40,0.6,35,18300035,200,10,15,0.15
E30,5,40,0.6,36,18300036,200,6,10,0.1
E30,5,40,0.6,37,18300037,200,3,5,0.05
E30,5,40,0.6,38,18300038,200,6,12,0.12
E30,5,40,0.6,39,18300039,200,2,3,0.03
E30,5,40,0.6,40,18300040,200,7,8,0.08
E30,5,40,0.6,41,18300041,200,7,5,0.05
E30,5,40,0.6,42,18300042,200,2,2,0.02
E30,5,40,0.6,43,18300043,200,4,7,0.07
E30,5,40,0.6,44,18300044,200,3,3,0.03
E30,5,40,0.6,45,18300045,200,5,7,0.07
E30,5,40,0.6,46,18300046,200,2,4,0.04
E30,5,40,0.6,47,18300047,200,4,7,0.07
E30,5,40,0.6,48,18300048,200,6,7,0.07
E30,5,40,0.6,49,18300049,200,8,11,0.11
E30,5,40,0.6,50,18300050,200,7,9,0.09
E30,5,40,0.6,51,18300051,200,6,10,0.1
E30,5,40,0.6,52,18300052,200,8,8,0.08
E30,5,40,0.6,53,18300053,200,5,6,0.06
E30,5,40,0.6,54,18300054,200,7,11,0.11
E30,5,40,0.6,55,18300055,200,6,5,0.05
E30,5,40,0.6,56,18300056,200,6,7,0.07
E30,5,40,0.6,57,18300057,200,8,14,0.14
E30,5,40,0.6,58,18300058,200,6,9,0.09
E30,5,40,0.6,59,18300059,200,7,12,0.12
E30,5,40,0.6,60,18300060,200,6,9,0.09
E30,5,40,0.6,61,18300061,200,6,7,0.07
E30,5,40,0.6,62,18300062,200,9,13,0.13
E30,5,40,0.6,63,18300063,200,8,10,0.1
E30,5,40,0.6,64,18300064,200,8,12,0.12
E30,5,40,0.6,65,18300065,200,4,6,0.06
E30,5,40,0.6,66,18300066,200,6,9,0.09
E30,5,40,0.6,67,18300067,200,8,8,0.08
E30,5,40,0.6,68,18300068,200,3,4,0.04
E30,5,40,0.6,69,18300069,200,6,7,0.07
E30,5,40,0.6,70,18300070,200,7,13,0.13
E30,5,40,0.6,71,18300071,200,8,14,0.14
E30,5,40,0.6,72,18300072,200,7,10,0.1
E30,5,40,0.6,73,18300073,200,7,8,0.08
E30,5,40,0.6,74,18300074,200,4,5,0.05
E30,5,40,0.6,75,18300075,200,9,13,0.13
E30,5,40,0.6,76,18300076,200,6,11,0.11
E30,5,40,0.6,77,18300077,200,2,4,0.04
E30,5,40,0.6,78,18300078,200,4,7,0.07
E30,5,40,0.6,79,18300079,200,9,15,0.15
E30,5,40,0.6,80,18300080,200,7,8,0.08
E30,5,40,0.6,81,18300081,200,4,6,0.06
E30,5,40,0.6,82,18300082,200,12,16,0.16
E30,5,40,0.6,83,18300083,200,10,14,0.14
E30,5,40,0.6,84,18300084,200,9,12,0.12
E30,5,40,0.6,85,18300085,200,5,7,0.07
E30,5,40,0.6,86,18300086,200,1,1,0.01
E30,5,40,0.6,87,18300087,200,5,10,0.1
E30,5,40,0.6,88,18300088,200,10,15,0.15
E30,5,40,0.6,89,18300089,200,4,6,0.06
E30,5,40,0.6,90,18300090,200,4,7,0.07
E30,5,40,0.6,91,18300091,200,2,3,0.03
E30,5,40,0.6,92,18300092,200,8,14,0.14
E30,5,40,0.6,93,18300093,200,10,11,0.11
E30,5,40,0.6,94,18300094,200,8,10,0.1
E30,5,40,0.6,95,18300095,200,4,7,0.07
E30,5,40,0.6,96,18300096,200,6,8,0.08
E30,5,40,0.6,97,18300097,200,5,8,0.08
E30,5,40,0.6,98,18300098,200,3,4,0.04
E30,5,40,0.6,99,18300099,200,7,13,0.13
E30,5,40,0.6,100,18300100,200,3,5,0.05
E30,5,40,0.6,101,18300101,200,8,12,0.12
E30,5,40,0.6,102,18300102,200,6,10,0.1
E30,5,40,0.6,103,18300103,200,8,10,0.1
E30,5,40,0.6,104,18300104,200,6,9,0.09
E30,5,40,0.6,105,18300105,200,6,7,0.07
E30,5,40,0.6,106,18300106,200,13,16,0.16
E30,5,40,0.6,107,18300107,200,9,12,0.12
E30,5,40,0.6,108,18300108,200,5,6,0.06
E30,5,40,0.6,109,18300109,200,3,4,0.04
E30,5,40,0.6,110,18300110,200,5,7,0.07
E30,5,40,0.6,111,18300111,200,5,7,0.07
E30,5,40,0.6,112,18300112,200,3,3,0.03
E30,5,40,0.6,113,18300113,200,7,9,0.09
E30,5,40,0.6,114,18300114,200,3,5,0.05
E30,5,40,0.6,115,18300115,200,6,8,0.08
E30,5,40,0.6,116,18300116,200,9,14,0.14
E30,5,40,0.6,117,18300117,200,3,8,0.08
E30,5,40,0.6,118,18300118,200,5,9,0.09
E30,5,40,0.6,119,18300119,200,7,9,0.09
E30,5,40,0.6,120,18300120,200,8,12,0.12
E30,5,40,0.6,121,18300121,200,8,10,0.1
E30,5,40,0.6,122,18300122,200,5,9,0.09
E30,5,40,0.6,123,18300123,200,10,13,0.13
E30,5,40,0.6,124,18300124,200,4,4,0.04
E30,5,40,0.6,125,18300125,200,6,9,0.09
E30,5,40,0.6,126,18300126,200,6,10,0.1
E30,5,40,0.6,127,18300127,200,11,16,0.16
E30,5,40,0.6,128,18300128,200,3,4,0.04
E30,5,40,0.6,129,18300129,200,5,8,0.08
E30,5,40,0.6,130,18300130,200,4,6,0.06
E30,5,40,0.6,131,18300131,200,6,7,0.07
E30,5,40,0.6,132,18300132,200,4,6,0.06
E30,5,40,0.6,133,18300133,200,9,9,0.09
E30,5,40,0.6,134,18300134,200,4,5,0.05
E30,5,40,0.6,135,18300135,200,3,5,0.05
E30,5,40,0.6,136,18300136,200,2,2,0.02
E30,5,40,0.6,137,18300137,200,6,7,0.07
E30,5,40,0.6,138,18300138,200,8,12,0.12
E30,5,40,0.6,139,18300139,200,3,4,0.04
E30,5,40,0.6,140,18300140,200,8,11,0.11
E30,5,40,0.6,141,18300141,200,7,9,0.09
E30,5,40,0.6,142,18300142,200,5,6,0.06
E30,5,40,0.6,143,18300143,200,5,7,0.07
E30,5,40,0.6,144,18300144,200,10,16,0.16
E30,5,40,0.6,145,18300145,200,8,13,0.13
E30,5,40,0.6,146,18300146,200,4,5,0.05
E30,5,40,0.6,147,18300147,200,4,6,0.06
E30,5,40,0.6,148,18300148,200,8,9,0.09
E30,5,40,0.6,149,18300149,200,7,11,0.11
E30,5,40,0.6,150,18300150,200,4,6,0.06
E30,5,40,0.6,151,18300151,200,8,14,0.14
E30,5,40,0.6,152,18300152,200,10,14,0.14
E30,5,40,0.6,153,18300153,200,4,8,0.08
E30,5,40,0.6,154,18300154,200,3,4,0.04
E30,5,40,0.6,155,18300155,200,6,10,0.1
E30,5,40,0.6,156,18300156,200,6,10,0.1
E30,5,40,0.6,157,18300157,200,7,10,0.1
E30,5,40,0.6,158,18300158,200,6,9,0.09
E30,5,40,0.6,159,18300159,200,7,13,0.13
E30,5,40,0.6,160,18300160,200,8,10,0.1
E30,5,40,0.6,161,18300161,200,5,7,0.07
E30,5,40,0.6,162,18300162,200,5,6,0.06
E30,5,40,0.6,163,18300163,200,7,11,0.11
E30,5,40,0.6,164,18300164,200,5,8,0.08
E30,5,40,0.6,165,18300165,200,6,8,0.08
E30,5,40,0.6,166,18300166,200,6,11,0.11
E30,5,40,0.6,167,18300167,200,4,4,0.04
E30,5,40,0.6,168,18300168,200,6,9,0.09
E30,5,40,0.6,169,18300169,200,5,8,0.08
E30,5,40,0.6,170,18300170,200,3,6,0.06
E30,5,40,0.6,171,18300171,200,2,4,0.04
E30,5,40,0.6,172,18300172,200,4,7,0.07
E30,5,40,0.6,173,18300173,200,7,10,0.1
E30,5,40,0.6,174,18300174,200,8,12,0.12
E30,5,40,0.6,175,18300175,200,6,10,0.1
E30,5,40,0.6,176,18300176,200,5,6,0.06
E30,5,40,0.6,177,18300177,200,8,10,0.1
E30,5,40,0.6,178,18300178,200,9,13,0.13
E30,5,40,0.6,179,18300179,200,5,7,0.07
E30,5,40,0.6,180,18300180,200,3,4,0.04
E30,5,40,0.6,181,18300181,200,5,7,0.07
E30,5,40,0.6,182,18300182,200,4,9,0.09
E30,5,40,0.6,183,18300183,200,4,7,0.07
E30,5,40,0.6,184,18300184,200,9,14,0.14
E30,5,40,0.6,185,18300185,200,4,5,0.05
E30,5,40,0.6,186,18300186,200,6,11,0.11
E30,5,40,0.6,187,18300187,200,6,10,0.1
E30,5,40,0.6,188,18300188,200,4,6,0.06
E30,5,40,0.6,189,18300189,200,6,9,0.09
E30,5,40,0.6,190,18300190,200,6,10,0.1
E30,5,40,0.6,191,18300191,200,5,7,0.07
E30,5,40,0.6,192,18300192,200,8,11,0.11
E30,5,40,0.6,193,18300193,200,2,4,0.04
E30,5,40,0.6,194,18300194,200,9,15,0.15
E30,5,40,0.6,195,18300195,200,5,9,0.09
E30,5,40,0.6,196,18300196,200,4,5,0.05
E30,5,40,0.6,197,18300197,200,2,3,0.03
E30,5,40,0.6,198,18300198,200,2,4,0.04
E30,5,40,0.6,199,18300199,200,1,1,0.01
E30,5,40,0.6,200,18300200,200,12,15,0.15
E30,5,40,0.6,201,18300201,200,8,10,0.1
E30,5,40,0.6,202,18300202,200,6,8,0.08
E30,5,40,0.6,203,18300203,200,9,9,0.09
E30,5,40,0.6,204,18300204,200,6,6,0.06
E30,5,40,0.6,205,18300205,200,3,6,0.06
E30,5,40,0.6,206,18300206,200,6,9,0.09
E30,5,40,0.6,207,18300207,200,11,16,0.16
E30,5,40,0.6,208,18300208,200,11,11,0.11
E30,5,40,0.6,209,18300209,200,6,9,0.09
E30,5,40,0.6,210,18300210,200,2,3,0.03
E30,5,40,0.6,211,18300211,200,7,11,0.11
E30,5,40,0.6,212,18300212,200,2,2,0.02
E30,5,40,0.6,213,18300213,200,7,8,0.08
E30,5,40,0.6,214,18300214,200,4,5,0.05
E30,5,40,0.6,215,18300215,200,11,13,0.13
E30,5,40,0.6,216,18300216,200,4,5,0.05
E30,5,40,0.6,217,18300217,200,2,2,0.02
E30,5,40,0.6,218,18300218,200,2,2,0.02
E30,5,40,0.6,219,18300219,200,7,10,0.1
E30,5,40,0.6,220,18300220,200,6,8,0.08
E30,5,40,0.6,221,18300221,200,6,8,0.08
E30,5,40,0.6,222,18300222,200,10,13,0.13
E30,5,40,0.6,223,18300223,200,8,10,0.1
E30,5,40,0.6,224,18300224,200,4,4,0.04
E30,5,40,0.6,225,18300225,200,5,8,0.08
E30,5,40,0.6,226,18300226,200,4,4,0.04
E30,5,40,0.6,227,18300227,200,8,12,0.12
E30,5,40,0.6,228,18300228,200,9,10,0.1
E30,5,40,0.6,229,18300229,200,5,9,0.09
E30,5,40,0.6,230,18300230,200,2,4,0.04
E30,5,40,0.6,231,18300231,200,7,12,0.12
E30,5,40,0.6,232,18300232,200,2,2,0.02
E30,5,40,0.6,233,18300233,200,4,6,0.06
E30,5,40,0.6,234,18300234,200,1,2,0.02
E30,5,40,0.6,235,18300235,200,7,11,0.11
E30,5,40,0.6,236,18300236,200,7,9,0.09
E30,5,40,0.6,237,18300237,200,7,11,0.11
E30,5,40,0.6,238,18300238,200,11,13,0.13
E30,5,40,0.6,239,18300239,200,6,9,0.09
E30,5,40,0.6,240,18300240,200,10,11,0.11
E30,5,40,0.6,241,18300241,200,3,4,0.04
E30,5,40,0.6,242,18300242,200,6,9,0.09
E30,5,40,0.6,243,18300243,200,4,6,0.06
E30,5,40,0.6,244,18300244,200,3,5,0.05
E30,5,40,0.6,245,18300245,200,7,8,0.08
E30,5,40,0.6,246,18300246,200,6,7,0.07
E30,5,40,0.6,247,18300247,200,6,5,0.05
E30,5,40,0.6,248,18300248,200,5,7,0.07
E30,5,40,0.6,249,18300249,200,8,10,0.1
E30,5,40,0.6,250,18300250,200,7,12,0.12
E30,5,40,0.6,251,18300251,200,5,7,0.07
E30,5,40,0.6,252,18300252,200,8,11,0.11
E30,5,40,0.6,253,18300253,200,7,9,0.09
E30,5,40,0.6,254,18300254,200,9,9,0.09
E30,5,40,0.6,255,18300255,200,6,12,0.12
E30,5,40,0.6,256,18300256,200,7,12,0.12
E30,5,40,0.6,257,18300257,200,9,13,0.13
E30,5,40,0.6,258,18300258,200,8,11,0.11
E30,5,40,0.6,259,18300259,200,5,8,0.08
E30,5,40,0.6,260,18300260,200,3,5,0.05
E30,5,40,0.6,261,18300261,200,7,11,0.11
E30,5,40,0.6,262,18300262,200,1,1,0.01
E30,5,40,0.6,263,18300263,200,7,10,0.1
E30,5,40,0.6,264,18300264,200,5,5,0.05
E30,5,40,0.6,265,18300265,200,5,7,0.07
E30,5,40,0.6,266,18300266,200,4,5,0.05
E30,5,40,0.6,267,18300267,200,5,9,0.09
E30,5,40,0.6,268,18300268,200,4,5,0.05
E30,5,40,0.6,269,18300269,200,11,16,0.16
E30,5,40,0.6,270,18300270,200,5,11,0.11
E30,5,40,0.6,271,18300271,200,6,7,0.07
E30,5,40,0.6,272,18300272,200,5,7,0.07
E30,5,40,0.6,273,18300273,200,7,10,0.1
E30,5,40,0.6,274,18300274,200,3,6,0.06
E30,5,40,0.6,275,18300275,200,12,21,0.21
E30,5,40,0.6,276,18300276,200,9,15,0.15
E30,5,40,0.6,277,18300277,200,7,10,0.1
E30,5,40,0.6,278,18300278,200,7,9,0.09
E30,5,40,0.6,279,18300279,200,10,12,0.12
E30,5,40,0.6,280,18300280,200,9,13,0.13
E30,5,40,0.6,281,18300281,200,7,12,0.12
E30,5,40,0.6,282,18300282,200,1,2,0.02
E30,5,40,0.6,283,18300283,200,5,6,0.06
E30,5,40,0.6,284,18300284,200,1,2,0.02
E30,5,40,0.6,285,18300285,200,4,7,0.07
E30,5,40,0.6,286,18300286,200,9,16,0.16
E30,5,40,0.6,287,18300287,200,7,13,0.13
E30,5,40,0.6,288,18300288,200,4,5,0.05
E30,5,40,0.6,289,18300289,200,8,7,0.07
E30,5,40,0.6,290,18300290,200,8,10,0.1
E30,5,40,0.6,291,18300291,200,7,7,0.07
E30,5,40,0.6,292,18300292,200,4,5,0.05
E30,5,40,0.6,293,18300293,200,6,9,0.09
E30,5,40,0.6,294,18300294,200,6,8,0.08
E30,5,40,0.6,295,18300295,200,7,12,0.12
E30,5,40,0.6,296,18300296,200,6,10,0.1
E30,5,40,0.6,297,18300297,200,8,15,0.15
E30,5,40,0.6,298,18300298,200,5,8,0.08
E30,5,40,0.6,299,18300299,200,5,7,0.07
E30,5,40,0.6,300,18300300,200,8,11,0.11
E30,5,40,0.6,301,18300301,200,4,6,0.06
E30,5,40,0.6,302,18300302,200,6,12,0.12
E30,5,40,0.6,303,18300303,200,7,14,0.14
E30,5,40,0.6,304,18300304,200,5,8,0.08
E30,5,40,0.6,305,18300305,200,9,12,0.12
E30,5,40,0.6,306,18300306,200,6,7,0.07
E30,5,40,0.6,307,18300307,200,11,18,0.18
E30,5,40,0.6,308,18300308,200,7,10,0.1
E30,5,40,0.6,309,18300309,200,6,8,0.08
E30,5,40,0.6,310,18300310,200,6,8,0.08
E30,5,40,0.6,311,18300311,200,7,11,0.11
E30,5,40,0.6,312,18300312,200,6,7,0.07
E30,5,40,0.6,313,18300313,200,4,5,0.05
E30,5,40,0.6,314,18300314,200,6,10,0.1
E30,5,40,0.6,315,18300315,200,2,3,0.03
E30,5,40,0.6,316,18300316,200,6,8,0.08
E30,5,40,0.6,317,18300317,200,7,13,0.13
E30,5,40,0.6,318,18300318,200,3,5,0.05
E30,5,40,0.6,319,18300319,200,4,4,0.04
E30,5,40,0.6,320,18300320,200,3,4,0.04
E30,5,40,0.6,321,18300321,200,7,13,0.13
E30,5,40,0.6,322,18300322,200,7,9,0.09
E30,5,40,0.6,323,18300323,200,6,11,0.11
E30,5,40,0.6,324,18300324,200,11,18,0.18
E30,5,40,0.6,325,18300325,200,7,10,0.1
E30,5,40,0.6,326,18300326,200,0,0,0.0
E30,5,40,0.6,327,18300327,200,6,11,0.11
E30,5,40,0.6,328,18300328,200,10,15,0.15
E30,5,40,0.6,329,18300329,200,6,9,0.09
E30,5,40,0.6,330,18300330,200,5,8,0.08
E30,5,40,0.6,331,18300331,200,4,4,0.04
E30,5,40,0.6,332,18300332,200,6,10,0.1
E30,5,40,0.6,333,18300333,200,9,12,0.12
E30,5,40,0.6,334,18300334,200,4,6,0.06
E30,5,40,0.6,335,18300335,200,5,4,0.04
E30,5,40,0.6,336,18300336,200,3,5,0.05
E30,5,40,0.6,337,18300337,200,2,4,0.04
E30,5,40,0.6,338,18300338,200,12,15,0.15
E30,5,40,0.6,339,18300339,200,5,7,0.07
E30,5,40,0.6,340,18300340,200,8,16,0.16
E30,5,40,0.6,341,18300341,200,4,7,0.07
E30,5,40,0.6,342,18300342,200,3,4,0.04
E30,5,40,0.6,343,18300343,200,4,5,0.05
E30,5,40,0.6,344,18300344,200,3,4,0.04
E30,5,40,0.6,345,18300345,200,7,11,0.11
E30,5,40,0.6,346,18300346,200,6,11,0.11
E30,5,40,0.6,347,18300347,200,10,18,0.18
E30,5,40,0.6,348,18300348,200,4,5,0.05
E30,5,40,0.6,349,18300349,200,8,12,0.12
E30,5,40,0.6,350,18300350,200,6,8,0.08
E30,5,40,0.6,351,18300351,200,5,8,0.08
E30,5,40,0.6,352,18300352,200,10,15,0.15
E30,5,40,0.6,353,18300353,200,6,10,0.1
E30,5,40,0.6,354,18300354,200,5,7,0.07
E30,5,40,0.6,355,18300355,200,9,16,0.16
E30,5,40,0.6,356,18300356,200,6,8,0.08
E30,5,40,0.6,357,18300357,200,4,7,0.07
E30,5,40,0.6,358,18300358,200,4,4,0.04
E30,5,40,0.6,359,18300359,200,4,7,0.07
E30,5,40,0.6,360,18300360,200,8,12,0.12
E30,5,40,0.6,361,18300361,200,7,10,0.1
E30,5,40,0.6,362,18300362,200,11,15,0.15
E30,5,40,0.6,363,18300363,200,4,7,0.07
E30,5,40,0.6,364,18300364,200,5,9,0.09
E30,5,40,0.6,365,18300365,200,4,5,0.05
E30,5,40,0.6,366,18300366,200,6,10,0.1
E30,5,40,0.6,367,18300367,200,5,7,0.07
E30,5,40,0.6,368,18300368,200,8,13,0.13
E30,5,40,0.6,369,18300369,200,5,6,0.06
E30,5,40,0.6,370,18300370,200,10,14,0.14
E30,5,40,0.6,371,18300371,200,8,9,0.09
E30,5,40,0.6,372,18300372,200,3,5,0.05
E30,5,40,0.6,373,18300373,200,5,8,0.08
E30,5,40,0.6,374,18300374,200,2,2,0.02
E30,5,40,0.6,375,18300375,200,9,9,0.09
E30,5,40,0.6,376,18300376,200,4,7,0.07
E30,5,40,0.6,377,18300377,200,4,5,0.05
E30,5,40,0.6,378,18300378,200,4,7,0.07
E30,5,40,0.6,379,18300379,200,4,5,0.05
E30,5,40,0.6,380,18300380,200,9,13,0.13
E30,5,40,0.6,381,18300381,200,4,5,0.05
E30,5,40,0.6,382,18300382,200,3,4,0.04
E30,5,40,0.6,383,18300383,200,5,8,0.08
E30,5,40,0.6,384,18300384,200,5,9,0.09
E30,5,40,0.6,385,18300385,200,11,13,0.13
E30,5,40,0.6,386,18300386,200,5,9,0.09
E30,5,40,0.6,387,18300387,200,9,13,0.13
E30,5,40,0.6,388,18300388,200,10,13,0.13
E30,5,40,0.6,389,18300389,200,4,6,0.06
E30,5,40,0.6,390,18300390,200,6,7,0.07
E30,5,40,0.6,391,18300391,200,8,16,0.16
E30,5,40,0.6,392,18300392,200,8,10,0.1
E30,5,40,0.6,393,18300393,200,4,5,0.05
E30,5,40,0.6,394,18300394,200,7,9,0.09
E30,5,40,0.6,395,18300395,200,10,15,0.15
E30,5,40,0.6,396,18300396,200,9,12,0.12
E30,5,40,0.6,397,18300397,200,5,9,0.09
E30,5,40,0.6,398,18300398,200,5,5,0.05
E30,5,40,0.6,399,18300399,200,9,12,0.12
E30,5,40,0.6,400,18300400,200,4,9,0.09
E30,5,40,0.6,401,18300401,200,5,8,0.08
E30,5,40,0.6,402,18300402,200,9,13,0.13
E30,5,40,0.6,403,18300403,200,6,9,0.09
E30,5,40,0.6,404,18300404,200,8,12,0.12
E30,5,40,0.6,405,18300405,200,6,7,0.07
E30,5,40,0.6,406,18300406,200,6,8,0.08
E30,5,40,0.6,407,18300407,200,7,10,0.1
E30,5,40,0.6,408,18300408,200,2,4,0.04
E30,5,40,0.6,409,18300409,200,4,6,0.06
E30,5,40,0.6,410,18300410,200,9,14,0.14
E30,5,40,0.6,411,18300411,200,12,21,0.21
E30,5,40,0.6,412,18300412,200,8,11,0.11
E30,5,40,0.6,413,18300413,200,9,14,0.14
E30,5,40,0.6,414,18300414,200,2,2,0.02
E30,5,40,0.6,415,18300415,200,9,14,0.14
E30,5,40,0.6,416,18300416,200,4,7,0.07
E30,5,40,0.6,417,18300417,200,9,12,0.12
E30,5,40,0.6,418,18300418,200,5,9,0.09
E30,5,40,0.6,419,18300419,200,6,9,0.09
E30,5,40,0.6,420,18300420,200,5,7,0.07
E30,5,40,0.6,421,18300421,200,8,13,0.13
E30,5,40,0.6,422,18300422,200,6,11,0.11
E30,5,40,0.6,423,18300423,200,9,8,0.08
E30,5,40,0.6,424,18300424,200,7,12,0.12
E30,5,40,0.6,425,18300425,200,7,11,0.11
E30,5,40,0.6,426,18300426,200,5,8,0.08
E30,5,40,0.6,427,18300427,200,7,10,0.1
E30,5,40,0.6,428,18300428,200,9,10,0.1
E30,5,40,0.6,429,18300429,200,6,11,0.11
E30,5,40,0.6,430,18300430,200,7,15,0.15
E30,5,40,0.6,431,18300431,200,4,6,0.06
E30,5,40,0.6,432,18300432,200,1,2,0.02
E30,5,40,0.6,433,18300433,200,3,5,0.05
E30,5,40,0.6,434,18300434,200,6,8,0.08
E30,5,40,0.6,435,18300435,200,10,16,0.16
E30,5,40,0.6,436,18300436,200,9,16,0.16
E30,5,40,0.6,437,18300437,200,11,14,0.14
E30,5,40,0.6,438,18300438,200,9,12,0.12
E30,5,40,0.6,439,18300439,200,3,5,0.05
E30,5,40,0.6,440,18300440,200,5,6,0.06
E30,5,40,0.6,441,18300441,200,6,6,0.06
E30,5,40,0.6,442,18300442,200,5,5,0.05
E30,5,40,0.6,443,18300443,200,5,8,0.08
E30,5,40,0.6,444,18300444,200,3,5,0.05
E30,5,40,0.6,445,18300445,200,8,17,0.17
E30,5,40,0.6,446,18300446,200,10,18,0.18
E30,5,40,0.6,447,18300447,200,6,9,0.09
E30,5,40,0.6,448,18300448,200,3,5,0.05
E30,5,40,0.6,449,18300449,200,5,11,0.11
E30,5,40,0.6,450,18300450,200,4,7,0.07
E30,5,40,0.6,451,18300451,200,9,15,0.15
E30,5,40,0.6,452,18300452,200,8,17,0.17
E30,5,40,0.6,453,18300453,200,7,7,0.07
E30,5,40,0.6,454,18300454,200,9,12,0.12
E30,5,40,0.6,455,18300455,200,9,12,0.12
E30,5,40,0.6,456,18300456,200,6,9,0.09
E30,5,40,0.6,457,18300457,200,6,9,0.09
E30,5,40,0.6,458,18300458,200,4,5,0.05
E30,5,40,0.6,459,18300459,200,9,13,0.13
E30,5,40,0.6,460,18300460,200,10,16,0.16
E30,5,40,0.6,461,18300461,200,4,5,0.05
E30,5,40,0.6,462,18300462,200,7,10,0.1
E30,5,40,0.6,463,18300463,200,9,14,0.14
E30,5,40,0.6,464,18300464,200,9,13,0.13
E30,5,40,0.6,465,18300465,200,4,4,0.04
E30,5,40,0.6,466,18300466,200,2,2,0.02
E30,5,40,0.6,467,18300467,200,6,10,0.1
E30,5,40,0.6,468,18300468,200,6,11,0.11
E30,5,40,0.6,469,18300469,200,7,12,0.12
E30,5,40,0.6,470,18300470,200,5,9,0.09
E30,5,40,0.6,471,18300471,200,4,6,0.06
E30,5,40,0.6,472,18300472,200,6,10,0.1
E30,5,40,0.6,473,18300473,200,10,16,0.16
E30,5,40,0.6,474,18300474,200,9,14,0.14
E30,5,40,0.6,475,18300475,200,6,6,0.06
E30,5,40,0.6,476,18300476,200,8,10,0.1
E30,5,40,0.6,477,18300477,200,6,9,0.09
E30,5,40,0.6,478,18300478,200,8,12,0.12
E30,5,40,0.6,479,18300479,200,3,5,0.05
E30,5,40,0.6,480,18300480,200,5,10,0.1
E30,5,40,0.6,481,18300481,200,10,14,0.14
E30,5,40,0.6,482,18300482,200,6,8,0.08
E30,5,40,0.6,483,18300483,200,13,19,0.19
E30,5,40,0.6,484,18300484,200,5,8,0.08
E30,5,40,0.6,485,18300485,200,3,4,0.04
E30,5,40,0.6,486,18300486,200,10,15,0.15
E30,5,40,0.6,487,18300487,200,5,11,0.11
E30,5,40,0.6,488,18300488,200,7,10,0.1
E30,5,40,0.6,489,18300489,200,5,7,0.07
E30,5,40,0.6,490,18300490,200,4,5,0.05
E30,5,40,0.6,491,18300491,200,9,11,0.11
E30,5,40,0.6,492,18300492,200,5,9,0.09
E30,5,40,0.6,493,18300493,200,8,11,0.11
E30,5,40,0.6,494,18300494,200,6,9,0.09
E30,5,40,0.6,495,18300495,200,10,14,0.14
E30,5,40,0.6,496,18300496,200,4,7,0.07
E30,5,40,0.6,497,18300497,200,4,6,0.06
E30,5,40,0.6,498,18300498,200,4,6,0.06
E30,5,40,0.6,499,18300499,200,7,12,0.12
E30,8,10,0.0,0,19300000,80,6,7,0.175
E30,8,10,0.0,1,19300001,80,5,4,0.1
E30,8,10,0.0,2,19300002,80,3,3,0.075
E30,8,10,0.0,3,19300003,80,4,5,0.125
E30,8,10,0.0,4,19300004,80,7,8,0.2
E30,8,10,0.0,5,19300005,80,3,2,0.05
E30,8,10,0.0,6,19300006,80,7,7,0.175
E30,8,10,0.0,7,19300007,80,5,5,0.125
E30,8,10,0.0,8,19300008,80,3,5,0.125
E30,8,10,0.0,9,19300009,80,5,6,0.15
E30,8,10,0.0,10,19300010,80,5,5,0.125
E30,8,10,0.0,11,19300011,80,1,1,0.025
E30,8,10,0.0,12,19300012,80,2,2,0.05
E30,8,10,0.0,13,19300013,80,5,4,0.1
E30,8,10,0.0,14,19300014,80,12,10,0.25
E30,8,10,0.0,15,19300015,80,12,9,0.225
E30,8,10,0.0,16,19300016,80,6,5,0.125
E30,8,10,0.0,17,19300017,80,5,5,0.125
E30,8,10,0.0,18,19300018,80,4,4,0.1
E30,8,10,0.0,19,19300019,80,1,1,0.025
E30,8,10,0.0,20,19300020,80,4,4,0.1
E30,8,10,0.0,21,19300021,80,6,7,0.175
E30,8,10,0.0,22,19300022,80,3,3,0.075
E30,8,10,0.0,23,19300023,80,6,5,0.125
E30,8,10,0.0,24,19300024,80,7,8,0.2
E30,8,10,0.0,25,19300025,80,1,1,0.025
E30,8,10,0.0,26,19300026,80,3,3,0.075
E30,8,10,0.0,27,19300027,80,3,3,0.075
E30,8,10,0.0,28,19300028,80,8,7,0.175
E30,8,10,0.0,29,19300029,80,7,10,0.25
E30,8,10,0.0,30,19300030,80,7,5,0.125
E30,8,10,0.0,31,19300031,80,6,5,0.125
E30,8,10,0.0,32,19300032,80,4,5,0.125
E30,8,10,0.0,33,19300033,80,7,6,0.15
E30,8,10,0.0,34,19300034,80,7,7,0.175
E30,8,10,0.0,35,19300035,80,8,8,0.2
E30,8,10,0.0,36,19300036,80,0,0,0.0
E30,8,10,0.0,37,19300037,80,4,4,0.1
E30,8,10,0.0,38,19300038,80,2,1,0.025
E30,8,10,0.0,39,19300039,80,4,5,0.125
E30,8,10,0.0,40,19300040,80,4,3,0.075
E30,8,10,0.0,41,19300041,80,8,8,0.2
E30,8,10,0.0,42,19300042,80,2,2,0.05
E30,8,10,0.0,43,19300043,80,4,4,0.1
E30,8,10,0.0,44,19300044,80,4,3,0.075
E30,8,10,0.0,45,19300045,80,4,3,0.075
E30,8,10,0.0,46,19300046,80,2,2,0.05
E30,8,10,0.0,47,19300047,80,4,4,0.1
E30,8,10,0.0,48,19300048,80,9,6,0.15
E30,8,10,0.0,49,19300049,80,1,1,0.025
E30,8,10,0.0,50,19300050,80,1,1,0.025
E30,8,10,0.0,51,19300051,80,8,7,0.175
E30,8,10,0.0,52,19300052,80,5,6,0.15
E30,8,10,0.0,53,19300053,80,3,3,0.075
E30,8,10,0.0,54,19300054,80,6,7,0.175
E30,8,10,0.0,55,19300055,80,5,4,0.1
E30,8,10,0.0,56,19300056,80,4,5,0.125
E30,8,10,0.0,57,19300057,80,4,3,0.075
E30,8,10,0.0,58,19300058,80,5,5,0.125
E30,8,10,0.0,59,19300059,80,7,6,0.15
E30,8,10,0.0,60,19300060,80,4,3,0.075
E30,8,10,0.0,61,19300061,80,4,4,0.1
E30,8,10,0.0,62,19300062,80,5,5,0.125
E30,8,10,0.0,63,19300063,80,4,4,0.1
E30,8,10,0.0,64,19300064,80,5,5,0.125
E30,8,10,0.0,65,19300065,80,7,9,0.225
E30,8,10,0.0,66,19300066,80,5,6,0.15
E30,8,10,0.0,67,19300067,80,9,8,0.2
E30,8,10,0.0,68,19300068,80,3,3,0.075
E30,8,10,0.0,69,19300069,80,9,9,0.225
E30,8,10,0.0,70,19300070,80,1,1,0.025
E30,8,10,0.0,71,19300071,80,5,5,0.125
E30,8,10,0.0,72,19300072,80,3,3,0.075
E30,8,10,0.0,73,19300073,80,8,6,0.15
E30,8,10,0.0,74,19300074,80,5,6,0.15
E30,8,10,0.0,75,19300075,80,5,4,0.1
E30,8,10,0.0,76,19300076,80,5,4,0.1
E30,8,10,0.0,77,19300077,80,4,4,0.1
E30,8,10,0.0,78,19300078,80,6,5,0.125
E30,8,10,0.0,79,19300079,80,4,4,0.1
E30,8,10,0.0,80,19300080,80,10,8,0.2
E30,8,10,0.0,81,19300081,80,0,0,0.0
E30,8,10,0.0,82,19300082,80,4,4,0.1
E30,8,10,0.0,83,19300083,80,5,4,0.1
E30,8,10,0.0,84,19300084,80,2,2,0.05
E30,8,10,0.0,85,19300085,80,4,4,0.1
E30,8,10,0.0,86,19300086,80,6,6,0.15
E30,8,10,0.0,87,19300087,80,3,3,0.075
E30,8,10,0.0,88,19300088,80,2,2,0.05
E30,8,10,0.0,89,19300089,80,7,7,0.175
E30,8,10,0.0,90,19300090,80,9,7,0.175
E30,8,10,0.0,91,19300091,80,2,2,0.05
E30,8,10,0.0,92,19300092,80,7,7,0.175
E30,8,10,0.0,93,19300093,80,6,5,0.125
E30,8,10,0.0,94,19300094,80,3,3,0.075
E30,8,10,0.0,95,19300095,80,7,6,0.15
E30,8,10,0.0,96,19300096,80,3,4,0.1
E30,8,10,0.0,97,19300097,80,6,4,0.1
E30,8,10,0.0,98,19300098,80,5,5,0.125
E30,8,10,0.0,99,19300099,80,4,3,0.075
E30,8,10,0.0,100,19300100,80,4,3,0.075
E30,8,10,0.0,101,19300101,80,5,5,0.125
E30,8,10,0.0,102,19300102,80,3,2,0.05
E30,8,10,0.0,103,19300103,80,9,9,0.225
E30,8,10,0.0,104,19300104,80,4,4,0.1
E30,8,10,0.0,105,19300105,80,1,1,0.025
E30,8,10,0.0,106,19300106,80,2,2,0.05
E30,8,10,0.0,107,19300107,80,5,6,0.15
E30,8,10,0.0,108,19300108,80,5,5,0.125
E30,8,10,0.0,109,19300109,80,6,6,0.15
E30,8,10,0.0,110,19300110,80,6,6,0.15
E30,8,10,0.0,111,19300111,80,7,8,0.2
E30,8,10,0.0,112,19300112,80,7,6,0.15
E30,8,10,0.0,113,19300113,80,9,8,0.2
E30,8,10,0.0,114,19300114,80,5,6,0.15
E30,8,10,0.0,115,19300115,80,7,6,0.15
E30,8,10,0.0,116,19300116,80,2,2,0.05
E30,8,10,0.0,117,19300117,80,7,6,0.15
E30,8,10,0.0,118,19300118,80,5,5,0.125
E30,8,10,0.0,119,19300119,80,3,3,0.075
E30,8,10,0.0,120,19300120,80,4,4,0.1
E30,8,10,0.0,121,19300121,80,3,3,0.075
E30,8,10,0.0,122,19300122,80,3,3,0.075
E30,8,10,0.0,123,19300123,80,4,5,0.125
E30,8,10,0.0,124,19300124,80,4,4,0.1
E30,8,10,0.0,125,19300125,80,6,5,0.125
E30,8,10,0.0,126,19300126,80,7,8,0.2
E30,8,10,0.0,127,19300127,80,2,2,0.05
E30,8,10,0.0,128,19300128,80,3,4,0.1
E30,8,10,0.0,129,19300129,80,7,8,0.2
E30,8,10,0.0,130,19300130,80,4,4,0.1
E30,8,10,0.0,131,19300131,80,4,4,0.1
E30,8,10,0.0,132,19300132,80,8,7,0.175
E30,8,10,0.0,133,19300133,80,5,4,0.1
E30,8,10,0.0,134,19300134,80,4,4,0.1
E30,8,10,0.0,135,19300135,80,5,4,0.1
E30,8,10,0.0,136,19300136,80,3,3,0.075
E30,8,10,0.0,137,19300137,80,6,5,0.125
E30,8,10,0.0,138,19300138,80,5,6,0.15
E30,8,10,0.0,139,19300139,80,9,7,0.175
E30,8,10,0.0,140,19300140,80,7,7,0.175
E30,8,10,0.0,141,19300141,80,7,7,0.175
E30,8,10,0.0,142,19300142,80,5,5,0.125
E30,8,10,0.0,143,19300143,80,4,4,0.1
E30,8,10,0.0,144,19300144,80,7,6,0.15
E30,8,10,0.0,145,19300145,80,4,4,0.1
E30,8,10,0.0,146,19300146,80,4,4,0.1
E30,8,10,0.0,147,19300147,80,5,5,0.125
E30,8,10,0.0,148,19300148,80,5,4,0.1
E30,8,10,0.0,149,19300149,80,8,7,0.175
E30,8,10,0.0,150,19300150,80,1,1,0.025
E30,8,10,0.0,151,19300151,80,3,3,0.075
E30,8,10,0.0,152,19300152,80,4,5,0.125
E30,8,10,0.0,153,19300153,80,8,8,0.2
E30,8,10,0.0,154,19300154,80,3,2,0.05
E30,8,10,0.0,155,19300155,80,7,6,0.15
E30,8,10,0.0,156,19300156,80,6,6,0.15
E30,8,10,0.0,157,19300157,80,6,6,0.15
E30,8,10,0.0,158,19300158,80,6,5,0.125
E30,8,10,0.0,159,19300159,80,9,10,0.25
E30,8,10,0.0,160,19300160,80,5,5,0.125
E30,8,10,0.0,161,19300161,80,5,6,0.15
E30,8,10,0.0,162,19300162,80,5,5,0.125
E30,8,10,0.0,163,19300163,80,6,7,0.175
E30,8,10,0.0,164,19300164,80,3,3,0.075
E30,8,10,0.0,165,19300165,80,5,4,0.1
E30,8,10,0.0,166,19300166,80,13,12,0.3
E30,8,10,0.0,167,19300167,80,6,6,0.15
E30,8,10,0.0,168,19300168,80,5,5,0.125
E30,8,10,0.0,169,19300169,80,3,3,0.075
E30,8,10,0.0,170,19300170,80,6,6,0.15
E30,8,10,0.0,171,19300171,80,7,6,0.15
E30,8,10,0.0,172,19300172,80,5,4,0.1
E30,8,10,0.0,173,19300173,80,1,1,0.025
E30,8,10,0.0,174,19300174,80,4,4,0.1
E30,8,10,0.0,175,19300175,80,4,4,0.1
E30,8,10,0.0,176,19300176,80,4,3,0.075
E30,8,10,0.0,177,19300177,80,4,3,0.075
E30,8,10,0.0,178,19300178,80,5,4,0.1
E30,8,10,0.0,179,19300179,80,4,4,0.1
E30,8,10,0.0,180,19300180,80,2,2,0.05
E30,8,10,0.0,181,19300181,80,4,4,0.1
E30,8,10,0.0,182,19300182,80,9,9,0.225
E30,8,10,0.0,183,19300183,80,4,4,0.1
E30,8,10,0.0,184,19300184,80,6,5,0.125
E30,8,10,0.0,185,19300185,80,6,5,0.125
E30,8,10,0.0,186,19300186,80,4,4,0.1
E30,8,10,0.0,187,19300187,80,4,4,0.1
E30,8,10,0.0,188,19300188,80,3,2,0.05
E30,8,10,0.0,189,19300189,80,7,5,0.125
E30,8,10,0.0,190,19300190,80,9,11,0.275
E30,8,10,0.0,191,19300191,80,3,3,0.075
E30,8,10,0.0,192,19300192,80,7,7,0.175
E30,8,10,0.0,193,19300193,80,6,6,0.15
E30,8,10,0.0,194,19300194,80,3,3,0.075
E30,8,10,0.0,195,19300195,80,5,4,0.1
E30,8,10,0.0,196,19300196,80,3,3,0.075
E30,8,10,0.0,197,19300197,80,4,5,0.125
E30,8,10,0.0,198,19300198,80,4,4,0.1
E30,8,10,0.0,199,19300199,80,4,4,0.1
E30,8,10,0.0,200,19300200,80,5,5,0.125
E30,8,10,0.0,201,19300201,80,3,3,0.075
E30,8,10,0.0,202,19300202,80,4,4,0.1
E30,8,10,0.0,203,19300203,80,2,2,0.05
E30,8,10,0.0,204,19300204,80,7,8,0.2
E30,8,10,0.0,205,19300205,80,7,6,0.15
E30,8,10,0.0,206,19300206,80,3,3,0.075
E30,8,10,0.0,207,19300207,80,2,2,0.05
E30,8,10,0.0,208,19300208,80,6,5,0.125
E30,8,10,0.0,209,19300209,80,6,6,0.15
E30,8,10,0.0,210,19300210,80,6,6,0.15
E30,8,10,0.0,211,19300211,80,6,6,0.15
E30,8,10,0.0,212,19300212,80,9,8,0.2
E30,8,10,0.0,213,19300213,80,7,8,0.2
E30,8,10,0.0,214,19300214,80,4,4,0.1
E30,8,10,0.0,215,19300215,80,5,5,0.125
E30,8,10,0.0,216,19300216,80,7,7,0.175
E30,8,10,0.0,217,19300217,80,4,3,0.075
E30,8,10,0.0,218,19300218,80,5,5,0.125
E30,8,10,0.0,219,19300219,80,8,8,0.2
E30,8,10,0.0,220,19300220,80,5,3,0.075
E30,8,10,0.0,221,19300221,80,7,7,0.175
E30,8,10,0.0,222,19300222,80,5,5,0.125
E30,8,10,0.0,223,19300223,80,5,4,0.1
E30,8,10,0.0,224,19300224,80,1,1,0.025
E30,8,10,0.0,225,19300225,80,6,6,0.15
E30,8,10,0.0,226,19300226,80,6,5,0.125
E30,8,10,0.0,227,19300227,80,10,11,0.275
E30,8,10,0.0,228,19300228,80,11,8,0.2
E30,8,10,0.0,229,19300229,80,4,4,0.1
E30,8,10,0.0,230,19300230,80,1,1,0.025
E30,8,10,0.0,231,19300231,80,8,7,0.175
E30,8,10,0.0,232,19300232,80,9,10,0.25
E30,8,10,0.0,233,19300233,80,5,5,0.125
E30,8,10,0.0,234,19300234,80,4,4,0.1
E30,8,10,0.0,235,19300235,80,3,3,0.075
E30,8,10,0.0,236,19300236,80,5,4,0.1
E30,8,10,0.0,237,19300237,80,4,4,0.1
E30,8,10,0.0,238,19300238,80,6,6,0.15
E30,8,10,0.0,239,19300239,80,3,3,0.075
E30,8,10,0.0,240,19300240,80,6,7,0.175
E30,8,10,0.0,241,19300241,80,0,0,0.0
E30,8,10,0.0,242,19300242,80,3,3,0.075
E30,8,10,0.0,243,19300243,80,6,6,0.15
E30,8,10,0.0,244,19300244,80,9,9,0.225
E30,8,10,0.0,245,19300245,80,0,0,0.0
E30,8,10,0.0,246,19300246,80,6,7,0.175
E30,8,10,0.0,247,19300247,80,5,6,0.15
E30,8,10,0.0,248,19300248,80,3,4,0.1
E30,8,10,0.0,249,19300249,80,2,2,0.05
E30,8,10,0.0,250,19300250,80,5,5,0.125
E30,8,10,0.0,251,19300251,80,4,4,0.1
E30,8,10,0.0,252,19300252,80,3,3,0.075
E30,8,10,0.0,253,19300253,80,1,1,0.025
E30,8,10,0.0,254,19300254,80,6,6,0.15
E30,8,10,0.0,255,19300255,80,2,2,0.05
E30,8,10,0.0,256,19300256,80,2,2,0.05
E30,8,10,0.0,257,19300257,80,4,4,0.1
E30,8,10,0.0,258,19300258,80,4,4,0.1
E30,8,10,0.0,259,19300259,80,1,1,0.025
E30,8,10,0.0,260,19300260,80,8,6,0.15
E30,8,10,0.0,261,19300261,80,3,3,0.075
E30,8,10,0.0,262,19300262,80,5,5,0.125
E30,8,10,0.0,263,19300263,80,6,6,0.15
E30,8,10,0.0,264,19300264,80,4,4,0.1
E30,8,10,0.0,265,19300265,80,9,7,0.175
E30,8,10,0.0,266,19300266,80,2,2,0.05
E30,8,10,0.0,267,19300267,80,8,8,0.2
E30,8,10,0.0,268,19300268,80,7,6,0.15
E30,8,10,0.0,269,19300269,80,3,3,0.075
E30,8,10,0.0,270,19300270,80,8,9,0.225
E30,8,10,0.0,271,19300271,80,3,3,0.075
E30,8,10,0.0,272,19300272,80,8,7,0.175
E30,8,10,0.0,273,19300273,80,3,4,0.1
E30,8,10,0.0,274,19300274,80,3,3,0.075
E30,8,10,0.0,275,19300275,80,6,5,0.125
E30,8,10,0.0,276,19300276,80,4,4,0.1
E30,8,10,0.0,277,19300277,80,4,4,0.1
E30,8,10,0.0,278,19300278,80,4,4,0.1
E30,8,10,0.0,279,19300279,80,6,6,0.15
E30,8,10,0.0,280,19300280,80,4,4,0.1
E30,8,10,0.0,281,19300281,80,5,6,0.15
E30,8,10,0.0,282,19300282,80,4,4,0.1
E30,8,10,0.0,283,19300283,80,2,3,0.075
E30,8,10,0.0,284,19300284,80,5,4,0.1
E30,8,10,0.0,285,19300285,80,3,3,0.075
E30,8,10,0.0,286,19300286,80,4,4,0.1
E30,8,10,0.0,287,19300287,80,3,2,0.05
E30,8,10,0.0,288,19300288,80,6,6,0.15
E30,8,10,0.0,289,19300289,80,5,5,0.125
E30,8,10,0.0,290,19300290,80,3,3,0.075
E30,8,10,0.0,291,19300291,80,2,2,0.05
E30,8,10,0.0,292,19300292,80,4,4,0.1
E30,8,10,0.0,293,19300293,80,7,8,0.2
E30,8,10,0.0,294,19300294,80,1,1,0.025
E30,8,10,0.0,295,19300295,80,5,5,0.125
E30,8,10,0.0,296,19300296,80,2,2,0.05
E30,8,10,0.0,297,19300297,80,3,3,0.075
E30,8,10,0.0,298,19300298,80,4,4,0.1
E30,8,10,0.0,299,19300299,80,6,6,0.15
E30,8,10,0.0,300,19300300,80,4,4,0.1
E30,8,10,0.0,301,19300301,80,4,4,0.1
E30,8,10,0.0,302,19300302,80,3,2,0.05
E30,8,10,0.0,303,19300303,80,7,6,0.15
E30,8,10,0.0,304,19300304,80,4,5,0.125
E30,8,10,0.0,305,19300305,80,5,10,0.25
E30,8,10,0.0,306,19300306,80,3,3,0.075
E30,8,10,0.0,307,19300307,80,5,5,0.125
E30,8,10,0.0,308,19300308,80,6,5,0.125
E30,8,10,0.0,309,19300309,80,3,3,0.075
E30,8,10,0.0,310,19300310,80,5,4,0.1
E30,8,10,0.0,311,19300311,80,8,7,0.175
E30,8,10,0.0,312,19300312,80,4,5,0.125
E30,8,10,0.0,313,19300313,80,7,7,0.175
E30,8,10,0.0,314,19300314,80,6,5,0.125
E30,8,10,0.0,315,19300315,80,5,7,0.175
E30,8,10,0.0,316,19300316,80,7,7,0.175
E30,8,10,0.0,317,19300317,80,6,6,0.15
E30,8,10,0.0,318,19300318,80,9,9,0.225
E30,8,10,0.0,319,19300319,80,8,7,0.175
E30,8,10,0.0,320,19300320,80,4,4,0.1
E30,8,10,0.0,321,19300321,80,5,5,0.125
E30,8,10,0.0,322,19300322,80,5,4,0.1
E30,8,10,0.0,323,19300323,80,9,9,0.225
E30,8,10,0.0,324,19300324,80,3,3,0.075
E30,8,10,0.0,325,19300325,80,5,5,0.125
E30,8,10,0.0,326,19300326,80,6,6,0.15
E30,8,10,0.0,327,19300327,80,5,5,0.125
E30,8,10,0.0,328,19300328,80,2,3,0.075
E30,8,10,0.0,329,19300329,80,10,7,0.175
E30,8,10,0.0,330,19300330,80,7,6,0.15
E30,8,10,0.0,331,19300331,80,5,6,0.15
E30,8,10,0.0,332,19300332,80,5,6,0.15
E30,8,10,0.0,333,19300333,80,5,5,0.125
E30,8,10,0.0,334,19300334,80,4,3,0.075
E30,8,10,0.0,335,19300335,80,3,3,0.075
E30,8,10,0.0,336,19300336,80,6,6,0.15
E30,8,10,0.0,337,19300337,80,1,1,0.025
E30,8,10,0.0,338,19300338,80,5,6,0.15
E30,8,10,0.0,339,19300339,80,5,5,0.125
E30,8,10,0.0,340,19300340,80,6,5,0.125
E30,8,10,0.0,341,19300341,80,4,4,0.1
E30,8,10,0.0,342,19300342,80,4,4,0.1
E30,8,10,0.0,343,19300343,80,4,3,0.075
E30,8,10,0.0,344,19300344,80,1,1,0.025
E30,8,10,0.0,345,19300345,80,5,4,0.1
E30,8,10,0.0,346,19300346,80,5,5,0.125
E30,8,10,0.0,347,19300347,80,6,5,0.125
E30,8,10,0.0,348,19300348,80,5,5,0.125
E30,8,10,0.0,349,19300349,80,5,6,0.15
E30,8,10,0.0,350,19300350,80,11,9,0.225
E30,8,10,0.0,351,19300351,80,5,4,0.1
E30,8,10,0.0,352,19300352,80,3,3,0.075
E30,8,10,0.0,353,19300353,80,2,2,0.05
E30,8,10,0.0,354,19300354,80,3,3,0.075
E30,8,10,0.0,355,19300355,80,3,3,0.075
E30,8,10,0.0,356,19300356,80,2,1,0.025
E30,8,10,0.0,357,19300357,80,1,1,0.025
E30,8,10,0.0,358,19300358,80,4,4,0.1
E30,8,10,0.0,359,19300359,80,7,5,0.125
E30,8,10,0.0,360,19300360,80,1,1,0.025
E30,8,10,0.0,361,19300361,80,6,7,0.175
E30,8,10,0.0,362,19300362,80,3,3,0.075
E30,8,10,0.0,363,19300363,80,5,5,0.125
E30,8,10,0.0,364,19300364,80,4,4,0.1
E30,8,10,0.0,365,19300365,80,5,5,0.125
E30,8,10,0.0,366,19300366,80,6,6,0.15
E30,8,10,0.0,367,19300367,80,3,4,0.1
E30,8,10,0.0,368,19300368,80,6,6,0.15
E30,8,10,0.0,369,19300369,80,10,9,0.225
E30,8,10,0.0,370,19300370,80,4,4,0.1
E30,8,10,0.0,371,19300371,80,6,5,0.125
E30,8,10,0.0,372,19300372,80,2,2,0.05
E30,8,10,0.0,373,19300373,80,4,4,0.1
E30,8,10,0.0,374,19300374,80,9,8,0.2
E30,8,10,0.0,375,19300375,80,5,6,0.15
E30,8,10,0.0,376,19300376,80,5,5,0.125
E30,8,10,0.0,377,19300377,80,7,7,0.175
E30,8,10,0.0,378,19300378,80,5,5,0.125
E30,8,10,0.0,379,19300379,80,6,6,0.15
E30,8,10,0.0,380,19300380,80,2,1,0.025
E30,8,10,0.0,381,19300381,80,10,8,0.2
E30,8,10,0.0,382,19300382,80,1,2,0.05
E30,8,10,0.0,383,19300383,80,6,6,0.15
E30,8,10,0.0,384,19300384,80,6,5,0.125
E30,8,10,0.0,385,19300385,80,4,4,0.1
E30,8,10,0.0,386,19300386,80,5,6,0.15
E30,8,10,0.0,387,19300387,80,4,5,0.125
E30,8,10,0.0,388,19300388,80,5,5,0.125
E30,8,10,0.0,389,19300389,80,3,2,0.05
E30,8,10,0.0,390,19300390,80,5,5,0.125
E30,8,10,0.0,391,19300391,80,6,5,0.125
E30,8,10,0.0,392,19300392,80,4,3,0.075
E30,8,10,0.0,393,19300393,80,4,4,0.1
E30,8,10,0.0,394,19300394,80,7,6,0.15
E30,8,10,0.0,395,19300395,80,5,5,0.125
E30,8,10,0.0,396,19300396,80,7,6,0.15
E30,8,10,0.0,397,19300397,80,1,1,0.025
E30,8,10,0.0,398,19300398,80,0,0,0.0
E30,8,10,0.0,399,19300399,80,3,3,0.075
E30,8,10,0.0,400,19300400,80,6,6,0.15
E30,8,10,0.0,401,19300401,80,3,4,0.1
E30,8,10,0.0,402,19300402,80,8,8,0.2
E30,8,10,0.0,403,19300403,80,2,2,0.05
E30,8,10,0.0,404,19300404,80,4,3,0.075
E30,8,10,0.0,405,19300405,80,7,6,0.15
E30,8,10,0.0,406,19300406,80,4,5,0.125
E30,8,10,0.0,407,19300407,80,4,4,0.1
E30,8,10,0.0,408,19300408,80,5,5,0.125
E30,8,10,0.0,409,19300409,80,9,8,0.2
E30,8,10,0.0,410,19300410,80,5,4,0.1
E30,8,10,0.0,411,19300411,80,5,6,0.15
E30,8,10,0.0,412,19300412,80,6,6,0.15
E30,8,10,0.0,413,19300413,80,3,3,0.075
E30,8,10,0.0,414,19300414,80,3,3,0.075
E30,8,10,0.0,415,19300415,80,3,4,0.1
E30,8,10,0.0,416,19300416,80,2,2,0.05
E30,8,10,0.0,417,19300417,80,5,4,0.1
E30,8,10,0.0,418,19300418,80,2,2,0.05
E30,8,10,0.0,419,19300419,80,4,4,0.1
E30,8,10,0.0,420,19300420,80,3,4,0.1
E30,8,10,0.0,421,19300421,80,2,2,0.05
E30,8,10,0.0,422,19300422,80,5,4,0.1
E30,8,10,0.0,423,19300423,80,4,4,0.1
E30,8,10,0.0,424,19300424,80,5,5,0.125
E30,8,10,0.0,425,19300425,80,6,6,0.15
E30,8,10,0.0,426,19300426,80,3,3,0.075
E30,8,10,0.0,427,19300427,80,6,6,0.15
E30,8,10,0.0,428,19300428,80,1,1,0.025
E30,8,10,0.0,429,19300429,80,6,6,0.15
E30,8,10,0.0,430,19300430,80,4,4,0.1
E30,8,10,0.0,431,19300431,80,3,3,0.075
E30,8,10,0.0,432,19300432,80,5,5,0.125
E30,8,10,0.0,433,19300433,80,3,3,0.075
E30,8,10,0.0,434,19300434,80,5,4,0.1
E30,8,10,0.0,435,19300435,80,7,6,0.15
E30,8,10,0.0,436,19300436,80,4,4,0.1
E30,8,10,0.0,437,19300437,80,5,4,0.1
E30,8,10,0.0,438,19300438,80,3,3,0.075
E30,8,10,0.0,439,19300439,80,4,6,0.15
E30,8,10,0.0,440,19300440,80,1,1,0.025
E30,8,10,0.0,441,19300441,80,4,3,0.075
E30,8,10,0.0,442,19300442,80,4,4,0.1
E30,8,10,0.0,443,19300443,80,10,9,0.225
E30,8,10,0.0,444,19300444,80,8,7,0.175
E30,8,10,0.0,445,19300445,80,4,4,0.1
E30,8,10,0.0,446,19300446,80,4,5,0.125
E30,8,10,0.0,447,19300447,80,3,3,0.075
E30,8,10,0.0,448,19300448,80,6,3,0.075
E30,8,10,0.0,449,19300449,80,3,3,0.075
E30,8,10,0.0,450,19300450,80,7,6,0.15
E30,8,10,0.0,451,19300451,80,3,2,0.05
E30,8,10,0.0,452,19300452,80,5,5,0.125
E30,8,10,0.0,453,19300453,80,2,2,0.05
E30,8,10,0.0,454,19300454,80,8,8,0.2
E30,8,10,0.0,455,19300455,80,3,2,0.05
E30,8,10,0.0,456,19300456,80,5,5,0.125
E30,8,10,0.0,457,19300457,80,6,6,0.15
E30,8,10,0.0,458,19300458,80,8,8,0.2
E30,8,10,0.0,459,19300459,80,5,5,0.125
E30,8,10,0.0,460,19300460,80,7,7,0.175
E30,8,10,0.0,461,19300461,80,4,3,0.075
E30,8,10,0.0,462,19300462,80,5,4,0.1
E30,8,10,0.0,463,19300463,80,5,5,0.125
E30,8,10,0.0,464,19300464,80,5,5,0.125
E30,8,10,0.0,465,19300465,80,6,5,0.125
E30,8,10,0.0,466,19300466,80,4,3,0.075
E30,8,10,0.0,467,19300467,80,5,5,0.125
E30,8,10,0.0,468,19300468,80,3,3,0.075
E30,8,10,0.0,469,19300469,80,3,3,0.075
E30,8,10,0.0,470,19300470,80,7,7,0.175
E30,8,10,0.0,471,19300471,80,4,4,0.1
E30,8,10,0.0,472,19300472,80,3,3,0.075
E30,8,10,0.0,473,19300473,80,5,3,0.075
E30,8,10,0.0,474,19300474,80,4,4,0.1
E30,8,10,0.0,475,19300475,80,5,5,0.125
E30,8,10,0.0,476,19300476,80,7,4,0.1
E30,8,10,0.0,477,19300477,80,4,4,0.1
E30,8,10,0.0,478,19300478,80,7,7,0.175
E30,8,10,0.0,479,19300479,80,3,4,0.1
E30,8,10,0.0,480,19300480,80,4,4,0.1
E30,8,10,0.0,481,19300481,80,6,6,0.15
E30,8,10,0.0,482,19300482,80,8,9,0.225
E30,8,10,0.0,483,19300483,80,4,4,0.1
E30,8,10,0.0,484,19300484,80,2,2,0.05
E30,8,10,0.0,485,19300485,80,5,4,0.1
E30,8,10,0.0,486,19300486,80,3,3,0.075
E30,8,10,0.0,487,19300487,80,3,3,0.075
E30,8,10,0.0,488,19300488,80,1,1,0.025
E30,8,10,0.0,489,19300489,80,8,7,0.175
E30,8,10,0.0,490,19300490,80,3,2,0.05
E30,8,10,0.0,491,19300491,80,9,10,0.25
E30,8,10,0.0,492,19300492,80,4,3,0.075
E30,8,10,0.0,493,19300493,80,7,7,0.175
E30,8,10,0.0,494,19300494,80,6,5,0.125
E30,8,10,0.0,495,19300495,80,4,4,0.1
E30,8,10,0.0,496,19300496,80,5,5,0.125
E30,8,10,0.0,497,19300497,80,2,2,0.05
E30,8,10,0.0,498,19300498,80,4,3,0.075
E30,8,10,0.0,499,19300499,80,2,1,0.025
E30,8,10,0.3,0,20300000,80,4,4,0.1
E30,8,10,0.3,1,20300001,80,1,1,0.025
E30,8,10,0.3,2,20300002,80,4,3,0.075
E30,8,10,0.3,3,20300003,80,2,4,0.1
E30,8,10,0.3,4,20300004,80,0,0,0.0
E30,8,10,0.3,5,20300005,80,4,4,0.1
E30,8,10,0.3,6,20300006,80,4,4,0.1
E30,8,10,0.3,7,20300007,80,2,2,0.05
E30,8,10,0.3,8,20300008,80,0,0,0.0
E30,8,10,0.3,9,20300009,80,3,4,0.1
E30,8,10,0.3,10,20300010,80,0,0,0.0
E30,8,10,0.3,11,20300011,80,4,5,0.125
E30,8,10,0.3,12,20300012,80,1,1,0.025
E30,8,10,0.3,13,20300013,80,1,1,0.025
E30,8,10,0.3,14,20300014,80,0,0,0.0
E30,8,10,0.3,15,20300015,80,1,1,0.025
E30,8,10,0.3,16,20300016,80,3,3,0.075
E30,8,10,0.3,17,20300017,80,0,0,0.0
E30,8,10,0.3,18,20300018,80,2,2,0.05
E30,8,10,0.3,19,20300019,80,0,0,0.0
E30,8,10,0.3,20,20300020,80,5,4,0.1
E30,8,10,0.3,21,20300021,80,2,3,0.075
E30,8,10,0.3,22,20300022,80,0,0,0.0
E30,8,10,0.3,23,20300023,80,1,1,0.025
E30,8,10,0.3,24,20300024,80,6,6,0.15
E30,8,10,0.3,25,20300025,80,0,0,0.0
E30,8,10,0.3,26,20300026,80,3,3,0.075
E30,8,10,0.3,27,20300027,80,1,1,0.025
E30,8,10,0.3,28,20300028,80,3,3,0.075
E30,8,10,0.3,29,20300029,80,3,3,0.075
E30,8,10,0.3,30,20300030,80,3,4,0.1
E30,8,10,0.3,31,20300031,80,4,3,0.075
E30,8,10,0.3,32,20300032,80,6,5,0.125
E30,8,10,0.3,33,20300033,80,3,3,0.075
E30,8,10,0.3,34,20300034,80,1,1,0.025
E30,8,10,0.3,35,20300035,80,3,4,0.1
E30,8,10,0.3,36,20300036,80,3,3,0.075
E30,8,10,0.3,37,20300037,80,1,1,0.025
E30,8,10,0.3,38,20300038,80,4,4,0.1
E30,8,10,0.3,39,20300039,80,5,6,0.15
E30,8,10,0.3,40,20300040,80,4,4,0.1
E30,8,10,0.3,41,20300041,80,5,6,0.15
E30,8,10,0.3,42,20300042,80,4,3,0.075
E30,8,10,0.3,43,20300043,80,0,0,0.0
E30,8,10,0.3,44,20300044,80,1,1,0.025
E30,8,10,0.3,45,20300045,80,1,1,0.025
E30,8,10,0.3,46,20300046,80,1,1,0.025
E30,8,10,0.3,47,20300047,80,5,7,0.175
E30,8,10,0.3,48,20300048,80,1,2,0.05
E30,8,10,0.3,49,20300049,80,2,2,0.05
E30,8,10,0.3,50,20300050,80,1,1,0.025
E30,8,10,0.3,51,20300051,80,3,4,0.1
E30,8,10,0.3,52,20300052,80,5,4,0.1
E30,8,10,0.3,53,20300053,80,5,5,0.125
E30,8,10,0.3,54,20300054,80,4,6,0.15
E30,8,10,0.3,55,20300055,80,2,2,0.05
E30,8,10,0.3,56,20300056,80,4,4,0.1
E30,8,10,0.3,57,20300057,80,6,7,0.175
E30,8,10,0.3,58,20300058,80,2,2,0.05
E30,8,10,0.3,59,20300059,80,3,4,0.1
E30,8,10,0.3,60,20300060,80,5,4,0.1
E30,8,10,0.3,61,20300061,80,2,2,0.05
E30,8,10,0.3,62,20300062,80,1,1,0.025
E30,8,10,0.3,63,20300063,80,5,6,0.15
E30,8,10,0.3,64,20300064,80,3,3,0.075
E30,8,10,0.3,65,20300065,80,2,2,0.05
E30,8,10,0.3,66,20300066,80,1,1,0.025
E30,8,10,0.3,67,20300067,80,4,4,0.1
E30,8,10,0.3,68,20300068,80,3,4,0.1
E30,8,10,0.3,69,20300069,80,0,0,0.0
E30,8,10,0.3,70,20300070,80,4,4,0.1
E30,8,10,0.3,71,20300071,80,3,4,0.1
E30,8,10,0.3,72,20300072,80,6,5,0.125
E30,8,10,0.3,73,20300073,80,2,3,0.075
E30,8,10,0.3,74,20300074,80,3,4,0.1
E30,8,10,0.3,75,20300075,80,4,3,0.075
E30,8,10,0.3,76,20300076,80,2,2,0.05
E30,8,10,0.3,77,20300077,80,4,5,0.125
E30,8,10,0.3,78,20300078,80,1,1,0.025
E30,8,10,0.3,79,20300079,80,6,6,0.15
E30,8,10,0.3,80,20300080,80,3,4,0.1
E30,8,10,0.3,81,20300081,80,1,1,0.025
E30,8,10,0.3,82,20300082,80,2,2,0.05
E30,8,10,0.3,83,20300083,80,1,1,0.025
E30,8,10,0.3,84,20300084,80,3,4,0.1
E30,8,10,0.3,85,20300085,80,4,5,0.125
E30,8,10,0.3,86,20300086,80,1,1,0.025
E30,8,10,0.3,87,20300087,80,3,3,0.075
E30,8,10,0.3,88,20300088,80,1,1,0.025
E30,8,10,0.3,89,20300089,80,4,5,0.125
E30,8,10,0.3,90,20300090,80,2,2,0.05
E30,8,10,0.3,91,20300091,80,2,2,0.05
E30,8,10,0.3,92,20300092,80,5,5,0.125
E30,8,10,0.3,93,20300093,80,5,8,0.2
E30,8,10,0.3,94,20300094,80,2,2,0.05
E30,8,10,0.3,95,20300095,80,4,5,0.125
E30,8,10,0.3,96,20300096,80,0,0,0.0
E30,8,10,0.3,97,20300097,80,6,5,0.125
E30,8,10,0.3,98,20300098,80,3,4,0.1
E30,8,10,0.3,99,20300099,80,3,4,0.1
E30,8,10,0.3,100,20300100,80,4,4,0.1
E30,8,10,0.3,101,20300101,80,4,4,0.1
E30,8,10,0.3,102,20300102,80,0,0,0.0
E30,8,10,0.3,103,20300103,80,0,0,0.0
E30,8,10,0.3,104,20300104,80,0,0,0.0
E30,8,10,0.3,105,20300105,80,2,2,0.05
E30,8,10,0.3,106,20300106,80,1,1,0.025
E30,8,10,0.3,107,20300107,80,3,5,0.125
E30,8,10,0.3,108,20300108,80,2,2,0.05
E30,8,10,0.3,109,20300109,80,2,2,0.05
E30,8,10,0.3,110,20300110,80,2,2,0.05
E30,8,10,0.3,111,20300111,80,4,3,0.075
E30,8,10,0.3,112,20300112,80,6,5,0.125
E30,8,10,0.3,113,20300113,80,4,3,0.075
E30,8,10,0.3,114,20300114,80,1,2,0.05
E30,8,10,0.3,115,20300115,80,4,4,0.1
E30,8,10,0.3,116,20300116,80,5,6,0.15
E30,8,10,0.3,117,20300117,80,2,2,0.05
E30,8,10,0.3,118,20300118,80,4,4,0.1
E30,8,10,0.3,119,20300119,80,2,2,0.05
E30,8,10,0.3,120,20300120,80,3,3,0.075
E30,8,10,0.3,121,20300121,80,1,1,0.025
E30,8,10,0.3,122,20300122,80,4,7,0.175
E30,8,10,0.3,123,20300123,80,5,6,0.15
E30,8,10,0.3,124,20300124,80,3,5,0.125
E30,8,10,0.3,125,20300125,80,5,4,0.1
E30,8,10,0.3,126,20300126,80,2,2,0.05
E30,8,10,0.3,127,20300127,80,2,2,0.05
E30,8,10,0.3,128,20300128,80,7,6,0.15
E30,8,10,0.3,129,20300129,80,1,1,0.025
E30,8,10,0.3,130,20300130,80,3,3,0.075
E30,8,10,0.3,131,20300131,80,3,2,0.05
E30,8,10,0.3,132,20300132,80,3,4,0.1
E30,8,10,0.3,133,20300133,80,2,3,0.075
E30,8,10,0.3,134,20300134,80,3,2,0.05
E30,8,10,0.3,135,20300135,80,4,5,0.125
E30,8,10,0.3,136,20300136,80,2,2,0.05
E30,8,10,0.3,137,20300137,80,2,3,0.075
E30,8,10,0.3,138,20300138,80,4,4,0.1
E30,8,10,0.3,139,20300139,80,3,3,0.075
E30,8,10,0.3,140,20300140,80,3,3,0.075
E30,8,10,0.3,141,20300141,80,5,5,0.125
E30,8,10,0.3,142,20300142,80,4,3,0.075
E30,8,10,0.3,143,20300143,80,1,1,0.025
E30,8,10,0.3,144,20300144,80,1,1,0.025
E30,8,10,0.3,145,20300145,80,1,1,0.025
E30,8,10,0.3,146,20300146,80,1,1,0.025
E30,8,10,0.3,147,20300147,80,3,3,0.075
E30,8,10,0.3,148,20300148,80,4,5,0.125
E30,8,10,0.3,149,20300149,80,3,4,0.1
E30,8,10,0.3,150,20300150,80,1,1,0.025
E30,8,10,0.3,151,20300151,80,2,2,0.05
E30,8,10,0.3,152,20300152,80,4,4,0.1
E30,8,10,0.3,153,20300153,80,3,3,0.075
E30,8,10,0.3,154,20300154,80,3,3,0.075
E30,8,10,0.3,155,20300155,80,2,3,0.075
E30,8,10,0.3,156,20300156,80,0,0,0.0
E30,8,10,0.3,157,20300157,80,1,1,0.025
E30,8,10,0.3,158,20300158,80,3,3,0.075
E30,8,10,0.3,159,20300159,80,1,1,0.025
E30,8,10,0.3,160,20300160,80,2,2,0.05
E30,8,10,0.3,161,20300161,80,1,1,0.025
E30,8,10,0.3,162,20300162,80,6,7,0.175
E30,8,10,0.3,163,20300163,80,2,2,0.05
E30,8,10,0.3,164,20300164,80,5,5,0.125
E30,8,10,0.3,165,20300165,80,3,3,0.075
E30,8,10,0.3,166,20300166,80,1,1,0.025
E30,8,10,0.3,167,20300167,80,3,3,0.075
E30,8,10,0.3,168,20300168,80,2,2,0.05
E30,8,10,0.3,169,20300169,80,2,4,0.1
E30,8,10,0.3,170,20300170,80,0,0,0.0
E30,8,10,0.3,171,20300171,80,3,3,0.075
E30,8,10,0.3,172,20300172,80,1,1,0.025
E30,8,10,0.3,173,20300173,80,0,0,0.0
E30,8,10,0.3,174,20300174,80,2,2,0.05
E30,8,10,0.3,175,20300175,80,5,6,0.15
E30,8,10,0.3,176,20300176,80,3,3,0.075
E30,8,10,0.3,177,20300177,80,3,4,0.1
E30,8,10,0.3,178,20300178,80,3,5,0.125
E30,8,10,0.3,179,20300179,80,3,3,0.075
E30,8,10,0.3,180,20300180,80,5,5,0.125
E30,8,10,0.3,181,20300181,80,2,2,0.05
E30,8,10,0.3,182,20300182,80,1,1,0.025
E30,8,10,0.3,183,20300183,80,0,0,0.0
E30,8,10,0.3,184,20300184,80,2,2,0.05
E30,8,10,0.3,185,20300185,80,1,1,0.025
E30,8,10,0.3,186,20300186,80,4,5,0.125
E30,8,10,0.3,187,20300187,80,3,3,0.075
E30,8,10,0.3,188,20300188,80,1,1,0.025
E30,8,10,0.3,189,20300189,80,2,2,0.05
E30,8,10,0.3,190,20300190,80,5,6,0.15
E30,8,10,0.3,191,20300191,80,3,3,0.075
E30,8,10,0.3,192,20300192,80,1,1,0.025
E30,8,10,0.3,193,20300193,80,4,5,0.125
E30,8,10,0.3,194,20300194,80,2,2,0.05
E30,8,10,0.3,195,20300195,80,4,5,0.125
E30,8,10,0.3,196,20300196,80,2,3,0.075
E30,8,10,0.3,197,20300197,80,1,1,0.025
E30,8,10,0.3,198,20300198,80,3,4,0.1
E30,8,10,0.3,199,20300199,80,8,8,0.2
E30,8,10,0.3,200,20300200,80,0,0,0.0
E30,8,10,0.3,201,20300201,80,2,2,0.05
E30,8,10,0.3,202,20300202,80,2,2,0.05
E30,8,10,0.3,203,20300203,80,3,3,0.075
E30,8,10,0.3,204,20300204,80,3,4,0.1
E30,8,10,0.3,205,20300205,80,1,1,0.025
E30,8,10,0.3,206,20300206,80,3,3,0.075
E30,8,10,0.3,207,20300207,80,2,2,0.05
E30,8,10,0.3,208,20300208,80,4,4,0.1
E30,8,10,0.3,209,20300209,80,1,1,0.025
E30,8,10,0.3,210,20300210,80,3,3,0.075
E30,8,10,0.3,211,20300211,80,2,2,0.05
E30,8,10,0.3,212,20300212,80,3,3,0.075
E30,8,10,0.3,213,20300213,80,5,4,0.1
E30,8,10,0.3,214,20300214,80,3,3,0.075
E30,8,10,0.3,215,20300215,80,1,1,0.025
E30,8,10,0.3,216,20300216,80,5,5,0.125
E30,8,10,0.3,217,20300217,80,3,3,0.075
E30,8,10,0.3,218,20300218,80,3,4,0.1
E30,8,10,0.3,219,20300219,80,3,4,0.1
E30,8,10,0.3,220,20300220,80,0,0,0.0
E30,8,10,0.3,221,20300221,80,2,3,0.075
E30,8,10,0.3,222,20300222,80,1,1,0.025
E30,8,10,0.3,223,20300223,80,3,3,0.075
E30,8,10,0.3,224,20300224,80,4,4,0.1
E30,8,10,0.3,225,20300225,80,2,2,0.05
E30,8,10,0.3,226,20300226,80,3,3,0.075
E30,8,10,0.3,227,20300227,80,0,0,0.0
E30,8,10,0.3,228,20300228,80,3,4,0.1
E30,8,10,0.3,229,20300229,80,2,2,0.05
E30,8,10,0.3,230,20300230,80,0,0,0.0
E30,8,10,0.3,231,20300231,80,2,3,0.075
E30,8,10,0.3,232,20300232,80,4,4,0.1
E30,8,10,0.3,233,20300233,80,0,0,0.0
E30,8,10,0.3,234,20300234,80,4,4,0.1
E30,8,10,0.3,235,20300235,80,4,3,0.075
E30,8,10,0.3,236,20300236,80,4,5,0.125
E30,8,10,0.3,237,20300237,80,2,3,0.075
E30,8,10,0.3,238,20300238,80,4,4,0.1
E30,8,10,0.3,239,20300239,80,1,2,0.05
E30,8,10,0.3,240,20300240,80,2,2,0.05
E30,8,10,0.3,241,20300241,80,3,4,0.1
E30,8,10,0.3,242,20300242,80,4,4,0.1
E30,8,10,0.3,243,20300243,80,3,3,0.075
E30,8,10,0.3,244,20300244,80,1,1,0.025
E30,8,10,0.3,245,20300245,80,2,3,0.075
E30,8,10,0.3,246,20300246,80,4,6,0.15
E30,8,10,0.3,247,20300247,80,2,2,0.05
E30,8,10,0.3,248,20300248,80,2,2,0.05
E30,8,10,0.3,249,20300249,80,1,1,0.025
E30,8,10,0.3,250,20300250,80,2,2,0.05
E30,8,10,0.3,251,20300251,80,2,2,0.05
E30,8,10,0.3,252,20300252,80,1,1,0.025
E30,8,10,0.3,253,20300253,80,4,4,0.1
E30,8,10,0.3,254,20300254,80,2,3,0.075
E30,8,10,0.3,255,20300255,80,3,3,0.075
E30,8,10,0.3,256,20300256,80,3,3,0.075
E30,8,10,0.3,257,20300257,80,0,0,0.0
E30,8,10,0.3,258,20300258,80,3,4,0.1
E30,8,10,0.3,259,20300259,80,1,1,0.025
E30,8,10,0.3,260,20300260,80,2,2,0.05
E30,8,10,0.3,261,20300261,80,1,1,0.025
E30,8,10,0.3,262,20300262,80,3,2,0.05
E30,8,10,0.3,263,20300263,80,0,0,0.0
E30,8,10,0.3,264,20300264,80,1,1,0.025
E30,8,10,0.3,265,20300265,80,2,2,0.05
E30,8,10,0.3,266,20300266,80,2,3,0.075
E30,8,10,0.3,267,20300267,80,2,2,0.05
E30,8,10,0.3,268,20300268,80,3,3,0.075
E30,8,10,0.3,269,20300269,80,3,2,0.05
E30,8,10,0.3,270,20300270,80,2,2,0.05
E30,8,10,0.3,271,20300271,80,2,2,0.05
E30,8,10,0.3,272,20300272,80,2,2,0.05
E30,8,10,0.3,273,20300273,80,1,1,0.025
E30,8,10,0.3,274,20300274,80,2,2,0.05
E30,8,10,0.3,275,20300275,80,2,2,0.05
E30,8,10,0.3,276,20300276,80,2,3,0.075
E30,8,10,0.3,277,20300277,80,2,4,0.1
E30,8,10,0.3,278,20300278,80,2,2,0.05
E30,8,10,0.3,279,20300279,80,2,3,0.075
E30,8,10,0.3,280,20300280,80,2,2,0.05
E30,8,10,0.3,281,20300281,80,1,1,0.025
E30,8,10,0.3,282,20300282,80,7,7,0.175
E30,8,10,0.3,283,20300283,80,2,2,0.05
E30,8,10,0.3,284,20300284,80,4,5,0.125
E30,8,10,0.3,285,20300285,80,2,3,0.075
E30,8,10,0.3,286,20300286,80,2,1,0.025
E30,8,10,0.3,287,20300287,80,3,3,0.075
E30,8,10,0.3,288,20300288,80,4,4,0.1
E30,8,10,0.3,289,20300289,80,6,5,0.125
E30,8,10,0.3,290,20300290,80,3,3,0.075
E30,8,10,0.3,291,20300291,80,5,7,0.175
E30,8,10,0.3,292,20300292,80,2,2,0.05
E30,8,10,0.3,293,20300293,80,1,1,0.025
E30,8,10,0.3,294,20300294,80,3,3,0.075
E30,8,10,0.3,295,20300295,80,3,3,0.075
E30,8,10,0.3,296,20300296,80,2,3,0.075
E30,8,10,0.3,297,20300297,80,3,3,0.075
E30,8,10,0.3,298,20300298,80,5,5,0.125
E30,8,10,0.3,299,20300299,80,3,3,0.075
E30,8,10,0.3,300,20300300,80,1,1,0.025
E30,8,10,0.3,301,20300301,80,2,2,0.05
E30,8,10,0.3,302,20300302,80,2,1,0.025
E30,8,10,0.3,303,20300303,80,3,4,0.1
E30,8,10,0.3,304,20300304,80,2,2,0.05
E30,8,10,0.3,305,20300305,80,2,2,0.05
E30,8,10,0.3,306,20300306,80,2,3,0.075
E30,8,10,0.3,307,20300307,80,2,2,0.05
E30,8,10,0.3,308,20300308,80,3,4,0.1
E30,8,10,0.3,309,20300309,80,2,2,0.05
E30,8,10,0.3,310,20300310,80,4,4,0.1
E30,8,10,0.3,311,20300311,80,6,7,0.175
E30,8,10,0.3,312,20300312,80,0,0,0.0
E30,8,10,0.3,313,20300313,80,3,4,0.1
E30,8,10,0.3,314,20300314,80,2,3,0.075
E30,8,10,0.3,315,20300315,80,3,3,0.075
E30,8,10,0.3,316,20300316,80,2,2,0.05
E30,8,10,0.3,317,20300317,80,0,0,0.0
E30,8,10,0.3,318,20300318,80,1,1,0.025
E30,8,10,0.3,319,20300319,80,3,3,0.075
E30,8,10,0.3,320,20300320,80,6,10,0.25
E30,8,10,0.3,321,20300321,80,3,5,0.125
E30,8,10,0.3,322,20300322,80,5,5,0.125
E30,8,10,0.3,323,20300323,80,2,2,0.05
E30,8,10,0.3,324,20300324,80,4,4,0.1
E30,8,10,0.3,325,20300325,80,3,2,0.05
E30,8,10,0.3,326,20300326,80,2,2,0.05
E30,8,10,0.3,327,20300327,80,1,1,0.025
E30,8,10,0.3,328,20300328,80,1,1,0.025
E30,8,10,0.3,329,20300329,80,4,3,0.075
E30,8,10,0.3,330,20300330,80,1,1,0.025
E30,8,10,0.3,331,20300331,80,6,5,0.125
E30,8,10,0.3,332,20300332,80,1,2,0.05
E30,8,10,0.3,333,20300333,80,1,1,0.025
E30,8,10,0.3,334,20300334,80,5,5,0.125
E30,8,10,0.3,335,20300335,80,2,2,0.05
E30,8,10,0.3,336,20300336,80,4,4,0.1
E30,8,10,0.3,337,20300337,80,3,3,0.075
E30,8,10,0.3,338,20300338,80,2,2,0.05
E30,8,10,0.3,339,20300339,80,1,1,0.025
E30,8,10,0.3,340,20300340,80,3,2,0.05
E30,8,10,0.3,341,20300341,80,0,0,0.0
E30,8,10,0.3,342,20300342,80,2,2,0.05
E30,8,10,0.3,343,20300343,80,1,1,0.025
E30,8,10,0.3,344,20300344,80,4,4,0.1
E30,8,10,0.3,345,20300345,80,2,3,0.075
E30,8,10,0.3,346,20300346,80,2,2,0.05
E30,8,10,0.3,347,20300347,80,3,4,0.1
E30,8,10,0.3,348,20300348,80,4,4,0.1
E30,8,10,0.3,349,20300349,80,4,3,0.075
E30,8,10,0.3,350,20300350,80,4,3,0.075
E30,8,10,0.3,351,20300351,80,2,2,0.05
E30,8,10,0.3,352,20300352,80,2,2,0.05
E30,8,10,0.3,353,20300353,80,2,2,0.05
E30,8,10,0.3,354,20300354,80,4,5,0.125
E30,8,10,0.3,355,20300355,80,3,4,0.1
E30,8,10,0.3,356,20300356,80,3,3,0.075
E30,8,10,0.3,357,20300357,80,3,3,0.075
E30,8,10,0.3,358,20300358,80,0,0,0.0
E30,8,10,0.3,359,20300359,80,3,5,0.125
E30,8,10,0.3,360,20300360,80,3,3,0.075
E30,8,10,0.3,361,20300361,80,2,2,0.05
E30,8,10,0.3,362,20300362,80,3,3,0.075
E30,8,10,0.3,363,20300363,80,2,2,0.05
E30,8,10,0.3,364,20300364,80,1,1,0.025
E30,8,10,0.3,365,20300365,80,3,4,0.1
E30,8,10,0.3,366,20300366,80,4,5,0.125
E30,8,10,0.3,367,20300367,80,1,2,0.05
E30,8,10,0.3,368,20300368,80,4,5,0.125
E30,8,10,0.3,369,20300369,80,0,0,0.0
E30,8,10,0.3,370,20300370,80,2,2,0.05
E30,8,10,0.3,371,20300371,80,5,5,0.125
E30,8,10,0.3,372,20300372,80,2,3,0.075
E30,8,10,0.3,373,20300373,80,1,1,0.025
E30,8,10,0.3,374,20300374,80,4,3,0.075
E30,8,10,0.3,375,20300375,80,4,3,0.075
E30,8,10,0.3,376,20300376,80,2,2,0.05
E30,8,10,0.3,377,20300377,80,2,2,0.05
E30,8,10,0.3,378,20300378,80,0,0,0.0
E30,8,10,0.3,379,20300379,80,2,2,0.05
E30,8,10,0.3,380,20300380,80,1,1,0.025
E30,8,10,0.3,381,20300381,80,1,1,0.025
E30,8,10,0.3,382,20300382,80,1,1,0.025
E30,8,10,0.3,383,20300383,80,5,6,0.15
E30,8,10,0.3,384,20300384,80,0,0,0.0
E30,8,10,0.3,385,20300385,80,1,1,0.025
E30,8,10,0.3,386,20300386,80,1,1,0.025
E30,8,10,0.3,387,20300387,80,4,4,0.1
E30,8,10,0.3,388,20300388,80,3,3,0.075
E30,8,10,0.3,389,20300389,80,4,5,0.125
E30,8,10,0.3,390,20300390,80,0,0,0.0
E30,8,10,0.3,391,20300391,80,2,3,0.075
E30,8,10,0.3,392,20300392,80,4,6,0.15
E30,8,10,0.3,393,20300393,80,2,2,0.05
E30,8,10,0.3,394,20300394,80,7,10,0.25
E30,8,10,0.3,395,20300395,80,2,3,0.075
E30,8,10,0.3,396,20300396,80,2,2,0.05
E30,8,10,0.3,397,20300397,80,3,4,0.1
E30,8,10,0.3,398,20300398,80,2,2,0.05
E30,8,10,0.3,399,20300399,80,2,2,0.05
E30,8,10,0.3,400,20300400,80,2,2,0.05
E30,8,10,0.3,401,20300401,80,2,3,0.075
E30,8,10,0.3,402,20300402,80,4,4,0.1
E30,8,10,0.3,403,20300403,80,2,4,0.1
E30,8,10,0.3,404,20300404,80,3,3,0.075
E30,8,10,0.3,405,20300405,80,1,1,0.025
E30,8,10,0.3,406,20300406,80,0,0,0.0
E30,8,10,0.3,407,20300407,80,3,2,0.05
E30,8,10,0.3,408,20300408,80,2,3,0.075
E30,8,10,0.3,409,20300409,80,4,4,0.1
E30,8,10,0.3,410,20300410,80,4,4,0.1
E30,8,10,0.3,411,20300411,80,2,2,0.05
E30,8,10,0.3,412,20300412,80,5,4,0.1
E30,8,10,0.3,413,20300413,80,1,1,0.025
E30,8,10,0.3,414,20300414,80,2,3,0.075
E30,8,10,0.3,415,20300415,80,4,4,0.1
E30,8,10,0.3,416,20300416,80,0,0,0.0
E30,8,10,0.3,417,20300417,80,4,4,0.1
E30,8,10,0.3,418,20300418,80,3,3,0.075
E30,8,10,0.3,419,20300419,80,0,0,0.0
E30,8,10,0.3,420,20300420,80,3,4,0.1
E30,8,10,0.3,421,20300421,80,4,4,0.1
E30,8,10,0.3,422,20300422,80,4,4,0.1
E30,8,10,0.3,423,20300423,80,2,3,0.075
E30,8,10,0.3,424,20300424,80,1,2,0.05
E30,8,10,0.3,425,20300425,80,4,4,0.1
E30,8,10,0.3,426,20300426,80,4,4,0.1
E30,8,10,0.3,427,20300427,80,1,2,0.05
E30,8,10,0.3,428,20300428,80,4,4,0.1
E30,8,10,0.3,429,20300429,80,3,4,0.1
E30,8,10,0.3,430,20300430,80,3,3,0.075
E30,8,10,0.3,431,20300431,80,5,5,0.125
E30,8,10,0.3,432,20300432,80,2,2,0.05
E30,8,10,0.3,433,20300433,80,1,1,0.025
E30,8,10,0.3,434,20300434,80,1,1,0.025
E30,8,10,0.3,435,20300435,80,5,4,0.1
E30,8,10,0.3,436,20300436,80,4,5,0.125
E30,8,10,0.3,437,20300437,80,2,3,0.075
E30,8,10,0.3,438,20300438,80,1,1,0.025
E30,8,10,0.3,439,20300439,80,1,1,0.025
E30,8,10,0.3,440,20300440,80,0,0,0.0
E30,8,10,0.3,441,20300441,80,3,3,0.075
E30,8,10,0.3,442,20300442,80,3,3,0.075
E30,8,10,0.3,443,20300443,80,5,4,0.1
E30,8,10,0.3,444,20300444,80,2,2,0.05
E30,8,10,0.3,445,20300445,80,2,2,0.05
E30,8,10,0.3,446,20300446,80,3,2,0.05
E30,8,10,0.3,447,20300447,80,1,1,0.025
E30,8,10,0.3,448,20300448,80,1,1,0.025
E30,8,10,0.3,449,20300449,80,3,3,0.075
E30,8,10,0.3,450,20300450,80,3,4,0.1
E30,8,10,0.3,451,20300451,80,3,4,0.1
E30,8,10,0.3,452,20300452,80,3,3,0.075
E30,8,10,0.3,453,20300453,80,1,1,0.025
E30,8,10,0.3,454,20300454,80,1,1,0.025
E30,8,10,0.3,455,20300455,80,2,3,0.075
E30,8,10,0.3,456,20300456,80,5,5,0.125
E30,8,10,0.3,457,20300457,80,4,4,0.1
E30,8,10,0.3,458,20300458,80,0,0,0.0
E30,8,10,0.3,459,20300459,80,3,2,0.05
E30,8,10,0.3,460,20300460,80,1,1,0.025
E30,8,10,0.3,461,20300461,80,1,1,0.025
E30,8,10,0.3,462,20300462,80,3,3,0.075
E30,8,10,0.3,463,20300463,80,2,2,0.05
E30,8,10,0.3,464,20300464,80,3,3,0.075
E30,8,10,0.3,465,20300465,80,0,0,0.0
E30,8,10,0.3,466,20300466,80,1,1,0.025
E30,8,10,0.3,467,20300467,80,1,1,0.025
E30,8,10,0.3,468,20300468,80,2,2,0.05
E30,8,10,0.3,469,20300469,80,2,2,0.05
E30,8,10,0.3,470,20300470,80,3,3,0.075
E30,8,10,0.3,471,20300471,80,2,2,0.05
E30,8,10,0.3,472,20300472,80,3,4,0.1
E30,8,10,0.3,473,20300473,80,2,2,0.05
E30,8,10,0.3,474,20300474,80,6,7,0.175
E30,8,10,0.3,475,20300475,80,3,3,0.075
E30,8,10,0.3,476,20300476,80,1,2,0.05
E30,8,10,0.3,477,20300477,80,5,6,0.15
E30,8,10,0.3,478,20300478,80,10,9,0.225
E30,8,10,0.3,479,20300479,80,2,4,0.1
E30,8,10,0.3,480,20300480,80,2,3,0.075
E30,8,10,0.3,481,20300481,80,2,3,0.075
E30,8,10,0.3,482,20300482,80,1,1,0.025
E30,8,10,0.3,483,20300483,80,2,2,0.05
E30,8,10,0.3,484,20300484,80,6,6,0.15
E30,8,10,0.3,485,20300485,80,2,2,0.05
E30,8,10,0.3,486,20300486,80,3,3,0.075
E30,8,10,0.3,487,20300487,80,2,2,0.05
E30,8,10,0.3,488,20300488,80,2,2,0.05
E30,8,10,0.3,489,20300489,80,1,1,0.025
E30,8,10,0.3,490,20300490,80,3,2,0.05
E30,8,10,0.3,491,20300491,80,1,1,0.025
E30,8,10,0.3,492,20300492,80,6,7,0.175
E30,8,10,0.3,493,20300493,80,3,3,0.075
E30,8,10,0.3,494,20300494,80,5,7,0.175
E30,8,10,0.3,495,20300495,80,1,1,0.025
E30,8,10,0.3,496,20300496,80,2,2,0.05
E30,8,10,0.3,497,20300497,80,1,2,0.05
E30,8,10,0.3,498,20300498,80,1,1,0.025
E30,8,10,0.3,499,20300499,80,2,3,0.075
E30,8,10,0.6,0,21300000,80,1,1,0.025
E30,8,10,0.6,1,21300001,80,3,4,0.1
E30,8,10,0.6,2,21300002,80,6,11,0.275
E30,8,10,0.6,3,21300003,80,0,0,0.0
E30,8,10,0.6,4,21300004,80,3,5,0.125
E30,8,10,0.6,5,21300005,80,1,1,0.025
E30,8,10,0.6,6,21300006,80,2,3,0.075
E30,8,10,0.6,7,21300007,80,2,3,0.075
E30,8,10,0.6,8,21300008,80,2,1,0.025
E30,8,10,0.6,9,21300009,80,1,1,0.025
E30,8,10,0.6,10,21300010,80,0,0,0.0
E30,8,10,0.6,11,21300011,80,1,2,0.05
E30,8,10,0.6,12,21300012,80,1,2,0.05
E30,8,10,0.6,13,21300013,80,3,4,0.1
E30,8,10,0.6,14,21300014,80,0,0,0.0
E30,8,10,0.6,15,21300015,80,2,2,0.05
E30,8,10,0.6,16,21300016,80,0,0,0.0
E30,8,10,0.6,17,21300017,80,1,1,0.025
E30,8,10,0.6,18,21300018,80,0,0,0.0
E30,8,10,0.6,19,21300019,80,1,1,0.025
E30,8,10,0.6,20,21300020,80,4,5,0.125
E30,8,10,0.6,21,21300021,80,3,5,0.125
E30,8,10,0.6,22,21300022,80,1,1,0.025
E30,8,10,0.6,23,21300023,80,1,2,0.05
E30,8,10,0.6,24,21300024,80,1,2,0.05
E30,8,10,0.6,25,21300025,80,3,2,0.05
E30,8,10,0.6,26,21300026,80,1,2,0.05
E30,8,10,0.6,27,21300027,80,5,8,0.2
E30,8,10,0.6,28,21300028,80,3,3,0.075
E30,8,10,0.6,29,21300029,80,3,4,0.1
E30,8,10,0.6,30,21300030,80,1,1,0.025
E30,8,10,0.6,31,21300031,80,3,5,0.125
E30,8,10,0.6,32,21300032,80,4,6,0.15
E30,8,10,0.6,33,21300033,80,0,0,0.0
E30,8,10,0.6,34,21300034,80,2,4,0.1
E30,8,10,0.6,35,21300035,80,0,0,0.0
E30,8,10,0.6,36,21300036,80,0,0,0.0
E30,8,10,0.6,37,21300037,80,5,6,0.15
E30,8,10,0.6,38,21300038,80,0,0,0.0
E30,8,10,0.6,39,21300039,80,4,5,0.125
E30,8,10,0.6,40,21300040,80,1,2,0.05
E30,8,10,0.6,41,21300041,80,2,4,0.1
E30,8,10,0.6,42,21300042,80,1,2,0.05
E30,8,10,0.6,43,21300043,80,3,4,0.1
E30,8,10,0.6,44,21300044,80,2,3,0.075
E30,8,10,0.6,45,21300045,80,2,4,0.1
E30,8,10,0.6,46,21300046,80,0,0,0.0
E30,8,10,0.6,47,21300047,80,0,0,0.0
E30,8,10,0.6,48,21300048,80,2,4,0.1
E30,8,10,0.6,49,21300049,80,1,2,0.05
E30,8,10,0.6,50,21300050,80,1,1,0.025
E30,8,10,0.6,51,21300051,80,2,2,0.05
E30,8,10,0.6,52,21300052,80,2,3,0.075
E30,8,10,0.6,53,21300053,80,2,3,0.075
E30,8,10,0.6,54,21300054,80,2,4,0.1
E30,8,10,0.6,55,21300055,80,2,2,0.05
E30,8,10,0.6,56,21300056,80,2,3,0.075
E30,8,10,0.6,57,21300057,80,0,0,0.0
E30,8,10,0.6,58,21300058,80,5,9,0.225
E30,8,10,0.6,59,21300059,80,2,1,0.025
E30,8,10,0.6,60,21300060,80,4,6,0.15
E30,8,10,0.6,61,21300061,80,0,0,0.0
E30,8,10,0.6,62,21300062,80,0,0,0.0
E30,8,10,0.6,63,21300063,80,3,5,0.125
E30,8,10,0.6,64,21300064,80,0,0,0.0
E30,8,10,0.6,65,21300065,80,4,4,0.1
E30,8,10,0.6,66,21300066,80,4,7,0.175
E30,8,10,0.6,67,21300067,80,2,2,0.05
E30,8,10,0.6,68,21300068,80,0,0,0.0
E30,8,10,0.6,69,21300069,80,2,3,0.075
E30,8,10,0.6,70,21300070,80,3,4,0.1
E30,8,10,0.6,71,21300071,80,2,3,0.075
E30,8,10,0.6,72,21300072,80,1,1,0.025
E30,8,10,0.6,73,21300073,80,0,0,0.0
E30,8,10,0.6,74,21300074,80,0,0,0.0
E30,8,10,0.6,75,21300075,80,2,3,0.075
E30,8,10,0.6,76,21300076,80,2,4,0.1
E30,8,10,0.6,77,21300077,80,2,3,0.075
E30,8,10,0.6,78,21300078,80,1,1,0.025
E30,8,10,0.6,79,21300079,80,1,1,0.025
E30,8,10,0.6,80,21300080,80,3,6,0.15
E30,8,10,0.6,81,21300081,80,2,4,0.1
E30,8,10,0.6,82,21300082,80,1,1,0.025
E30,8,10,0.6,83,21300083,80,2,3,0.075
E30,8,10,0.6,84,21300084,80,0,0,0.0
E30,8,10,0.6,85,21300085,80,5,6,0.15
E30,8,10,0.6,86,21300086,80,2,4,0.1
E30,8,10,0.6,87,21300087,80,2,3,0.075
E30,8,10,0.6,88,21300088,80,4,7,0.175
E30,8,10,0.6,89,21300089,80,0,0,0.0
E30,8,10,0.6,90,21300090,80,0,0,0.0
E30,8,10,0.6,91,21300091,80,3,5,0.125
E30,8,10,0.6,92,21300092,80,1,1,0.025
E30,8,10,0.6,93,21300093,80,2,3,0.075
E30,8,10,0.6,94,21300094,80,0,0,0.0
E30,8,10,0.6,95,21300095,80,2,4,0.1
E30,8,10,0.6,96,21300096,80,6,8,0.2
E30,8,10,0.6,97,21300097,80,4,6,0.15
E30,8,10,0.6,98,21300098,80,1,2,0.05
E30,8,10,0.6,99,21300099,80,4,3,0.075
E30,8,10,0.6,100,21300100,80,1,1,0.025
E30,8,10,0.6,101,21300101,80,3,4,0.1
E30,8,10,0.6,102,21300102,80,3,3,0.075
E30,8,10,0.6,103,21300103,80,3,5,0.125
E30,8,10,0.6,104,21300104,80,4,6,0.15
E30,8,10,0.6,105,21300105,80,3,3,0.075
E30,8,10,0.6,106,21300106,80,0,0,0.0
E30,8,10,0.6,107,21300107,80,1,1,0.025
E30,8,10,0.6,108,21300108,80,2,4,0.1
E30,8,10,0.6,109,21300109,80,3,6,0.15
E30,8,10,0.6,110,21300110,80,3,6,0.15
E30,8,10,0.6,111,21300111,80,2,3,0.075
E30,8,10,0.6,112,21300112,80,3,3,0.075
E30,8,10,0.6,113,21300113,80,1,2,0.05
E30,8,10,0.6,114,21300114,80,1,1,0.025
E30,8,10,0.6,115,21300115,80,3,4,0.1
E30,8,10,0.6,116,21300116,80,1,2,0.05
E30,8,10,0.6,117,21300117,80,0,0,0.0
E30,8,10,0.6,118,21300118,80,2,3,0.075
E30,8,10,0.6,119,21300119,80,3,5,0.125
E30,8,10,0.6,120,21300120,80,0,0,0.0
E30,8,10,0.6,121,21300121,80,0,0,0.0
E30,8,10,0.6,122,21300122,80,2,3,0.075
E30,8,10,0.6,123,21300123,80,4,6,0.15
E30,8,10,0.6,124,21300124,80,2,4,0.1
E30,8,10,0.6,125,21300125,80,1,1,0.025
E30,8,10,0.6,126,21300126,80,2,3,0.075
E30,8,10,0.6,127,21300127,80,1,2,0.05
E30,8,10,0.6,128,21300128,80,4,7,0.175
E30,8,10,0.6,129,21300129,80,2,3,0.075
E30,8,10,0.6,130,21300130,80,0,0,0.0
E30,8,10,0.6,131,21300131,80,1,1,0.025
E30,8,10,0.6,132,21300132,80,1,2,0.05
E30,8,10,0.6,133,21300133,80,2,2,0.05
E30,8,10,0.6,134,21300134,80,0,0,0.0
E30,8,10,0.6,135,21300135,80,4,5,0.125
E30,8,10,0.6,136,21300136,80,2,4,0.1
E30,8,10,0.6,137,21300137,80,3,5,0.125
E30,8,10,0.6,138,21300138,80,1,2,0.05
E30,8,10,0.6,139,21300139,80,1,2,0.05
E30,8,10,0.6,140,21300140,80,1,2,0.05
E30,8,10,0.6,141,21300141,80,0,0,0.0
E30,8,10,0.6,142,21300142,80,0,0,0.0
E30,8,10,0.6,143,21300143,80,0,0,0.0
E30,8,10,0.6,144,21300144,80,4,6,0.15
E30,8,10,0.6,145,21300145,80,1,1,0.025
E30,8,10,0.6,146,21300146,80,1,1,0.025
E30,8,10,0.6,147,21300147,80,1,3,0.075
E30,8,10,0.6,148,21300148,80,3,6,0.15
E30,8,10,0.6,149,21300149,80,2,3,0.075
E30,8,10,0.6,150,21300150,80,2,3,0.075
E30,8,10,0.6,151,21300151,80,3,4,0.1
E30,8,10,0.6,152,21300152,80,0,0,0.0
E30,8,10,0.6,153,21300153,80,2,4,0.1
E30,8,10,0.6,154,21300154,80,3,5,0.125
E30,8,10,0.6,155,21300155,80,3,5,0.125
E30,8,10,0.6,156,21300156,80,0,0,0.0
E30,8,10,0.6,157,21300157,80,0,0,0.0
E30,8,10,0.6,158,21300158,80,2,3,0.075
E30,8,10,0.6,159,21300159,80,0,0,0.0
E30,8,10,0.6,160,21300160,80,1,2,0.05
E30,8,10,0.6,161,21300161,80,2,4,0.1
E30,8,10,0.6,162,21300162,80,2,5,0.125
E30,8,10,0.6,163,21300163,80,0,0,0.0
E30,8,10,0.6,164,21300164,80,1,2,0.05
E30,8,10,0.6,165,21300165,80,0,0,0.0
E30,8,10,0.6,166,21300166,80,2,2,0.05
E30,8,10,0.6,167,21300167,80,3,4,0.1
E30,8,10,0.6,168,21300168,80,3,6,0.15
E30,8,10,0.6,169,21300169,80,2,6,0.15
E30,8,10,0.6,170,21300170,80,2,3,0.075
E30,8,10,0.6,171,21300171,80,1,2,0.05
E30,8,10,0.6,172,21300172,80,3,5,0.125
E30,8,10,0.6,173,21300173,80,0,0,0.0
E30,8,10,0.6,174,21300174,80,3,5,0.125
E30,8,10,0.6,175,21300175,80,1,1,0.025
E30,8,10,0.6,176,21300176,80,1,2,0.05
E30,8,10,0.6,177,21300177,80,1,1,0.025
E30,8,10,0.6,178,21300178,80,2,3,0.075
E30,8,10,0.6,179,21300179,80,4,7,0.175
E30,8,10,0.6,180,21300180,80,1,2,0.05
E30,8,10,0.6,181,21300181,80,2,3,0.075
E30,8,10,0.6,182,21300182,80,2,3,0.075
E30,8,10,0.6,183,21300183,80,0,0,0.0
E30,8,10,0.6,184,21300184,80,1,1,0.025
E30,8,10,0.6,185,21300185,80,1,2,0.05
E30,8,10,0.6,186,21300186,80,1,1,0.025
E30,8,10,0.6,187,21300187,80,2,4,0.1
E30,8,10,0.6,188,21300188,80,2,4,0.1
E30,8,10,0.6,189,21300189,80,2,2,0.05
E30,8,10,0.6,190,21300190,80,4,7,0.175
E30,8,10,0.6,191,21300191,80,2,4,0.1
E30,8,10,0.6,192,21300192,80,0,0,0.0
E30,8,10,0.6,193,21300193,80,1,2,0.05
E30,8,10,0.6,194,21300194,80,2,3,0.075
E30,8,10,0.6,195,21300195,80,1,1,0.025
E30,8,10,0.6,196,21300196,80,1,2,0.05
E30,8,10,0.6,197,21300197,80,2,4,0.1
E30,8,10,0.6,198,21300198,80,4,8,0.2
E30,8,10,0.6,199,21300199,80,0,0,0.0
E30,8,10,0.6,200,21300200,80,4,5,0.125
E30,8,10,0.6,201,21300201,80,2,3,0.075
E30,8,10,0.6,202,21300202,80,0,0,0.0
E30,8,10,0.6,203,21300203,80,3,6,0.15
E30,8,10,0.6,204,21300204,80,3,3,0.075
E30,8,10,0.6,205,21300205,80,1,1,0.025
E30,8,10,0.6,206,21300206,80,2,2,0.05
E30,8,10,0.6,207,21300207,80,2,4,0.1
E30,8,10,0.6,208,21300208,80,4,6,0.15
E30,8,10,0.6,209,21300209,80,1,2,0.05
E30,8,10,0.6,210,21300210,80,1,2,0.05
E30,8,10,0.6,211,21300211,80,1,1,0.025
E30,8,10,0.6,212,21300212,80,4,7,0.175
E30,8,10,0.6,213,21300213,80,2,2,0.05
E30,8,10,0.6,214,21300214,80,5,8,0.2
E30,8,10,0.6,215,21300215,80,2,4,0.1
E30,8,10,0.6,216,21300216,80,2,3,0.075
E30,8,10,0.6,217,21300217,80,1,2,0.05
E30,8,10,0.6,218,21300218,80,1,2,0.05
E30,8,10,0.6,219,21300219,80,0,0,0.0
E30,8,10,0.6,220,21300220,80,3,5,0.125
E30,8,10,0.6,221,21300221,80,1,2,0.05
E30,8,10,0.6,222,21300222,80,1,2,0.05
E30,8,10,0.6,223,21300223,80,2,2,0.05
E30,8,10,0.6,224,21300224,80,3,6,0.15
E30,8,10,0.6,225,21300225,80,2,3,0.075
E30,8,10,0.6,226,21300226,80,1,1,0.025
E30,8,10,0.6,227,21300227,80,3,5,0.125
E30,8,10,0.6,228,21300228,80,1,1,0.025
E30,8,10,0.6,229,21300229,80,1,2,0.05
E30,8,10,0.6,230,21300230,80,2,3,0.075
E30,8,10,0.6,231,21300231,80,0,0,0.0
E30,8,10,0.6,232,21300232,80,2,3,0.075
E30,8,10,0.6,233,21300233,80,0,0,0.0
E30,8,10,0.6,234,21300234,80,2,3,0.075
E30,8,10,0.6,235,21300235,80,1,1,0.025
E30,8,10,0.6,236,21300236,80,0,0,0.0
E30,8,10,0.6,237,21300237,80,1,2,0.05
E30,8,10,0.6,238,21300238,80,2,2,0.05
E30,8,10,0.6,239,21300239,80,0,0,0.0
E30,8,10,0.6,240,21300240,80,3,5,0.125
E30,8,10,0.6,241,21300241,80,2,4,0.1
E30,8,10,0.6,242,21300242,80,3,5,0.125
E30,8,10,0.6,243,21300243,80,1,2,0.05
E30,8,10,0.6,244,21300244,80,0,0,0.0
E30,8,10,0.6,245,21300245,80,1,1,0.025
E30,8,10,0.6,246,21300246,80,3,3,0.075
E30,8,10,0.6,247,21300247,80,1,2,0.05
E30,8,10,0.6,248,21300248,80,0,0,0.0
E30,8,10,0.6,249,21300249,80,0,0,0.0
E30,8,10,0.6,250,21300250,80,0,0,0.0
E30,8,10,0.6,251,21300251,80,0,0,0.0
E30,8,10,0.6,252,21300252,80,0,0,0.0
E30,8,10,0.6,253,21300253,80,0,0,0.0
E30,8,10,0.6,254,21300254,80,3,4,0.1
E30,8,10,0.6,255,21300255,80,5,6,0.15
E30,8,10,0.6,256,21300256,80,1,2,0.05
E30,8,10,0.6,257,21300257,80,1,1,0.025
E30,8,10,0.6,258,21300258,80,3,4,0.1
E30,8,10,0.6,259,21300259,80,3,5,0.125
E30,8,10,0.6,260,21300260,80,1,1,0.025
E30,8,10,0.6,261,21300261,80,4,7,0.175
E30,8,10,0.6,262,21300262,80,4,6,0.15
E30,8,10,0.6,263,21300263,80,2,3,0.075
E30,8,10,0.6,264,21300264,80,1,2,0.05
E30,8,10,0.6,265,21300265,80,3,4,0.1
E30,8,10,0.6,266,21300266,80,1,2,0.05
E30,8,10,0.6,267,21300267,80,2,4,0.1
E30,8,10,0.6,268,21300268,80,1,2,0.05
E30,8,10,0.6,269,21300269,80,5,7,0.175
E30,8,10,0.6,270,21300270,80,1,2,0.05
E30,8,10,0.6,271,21300271,80,2,3,0.075
E30,8,10,0.6,272,21300272,80,2,3,0.075
E30,8,10,0.6,273,21300273,80,1,1,0.025
E30,8,10,0.6,274,21300274,80,1,2,0.05
E30,8,10,0.6,275,21300275,80,2,3,0.075
E30,8,10,0.6,276,21300276,80,2,2,0.05
E30,8,10,0.6,277,21300277,80,2,4,0.1
E30,8,10,0.6,278,21300278,80,3,6,0.15
E30,8,10,0.6,279,21300279,80,4,5,0.125
E30,8,10,0.6,280,21300280,80,2,3,0.075
E30,8,10,0.6,281,21300281,80,2,4,0.1
E30,8,10,0.6,282,21300282,80,0,0,0.0
E30,8,10,0.6,283,21300283,80,4,5,0.125
E30,8,10,0.6,284,21300284,80,1,2,0.05
E30,8,10,0.6,285,21300285,80,2,4,0.1
E30,8,10,0.6,286,21300286,80,0,0,0.0
E30,8,10,0.6,287,21300287,80,1,2,0.05
E30,8,10,0.6,288,21300288,80,1,1,0.025
E30,8,10,0.6,289,21300289,80,1,1,0.025
E30,8,10,0.6,290,21300290,80,1,2,0.05
E30,8,10,0.6,291,21300291,80,3,4,0.1
E30,8,10,0.6,292,21300292,80,1,1,0.025
E30,8,10,0.6,293,21300293,80,0,0,0.0
E30,8,10,0.6,294,21300294,80,1,2,0.05
E30,8,10,0.6,295,21300295,80,2,3,0.075
E30,8,10,0.6,296,21300296,80,1,1,0.025
E30,8,10,0.6,297,21300297,80,0,0,0.0
E30,8,10,0.6,298,21300298,80,0,0,0.0
E30,8,10,0.6,299,21300299,80,1,1,0.025
E30,8,10,0.6,300,21300300,80,1,2,0.05
E30,8,10,0.6,301,21300301,80,3,5,0.125
E30,8,10,0.6,302,21300302,80,1,2,0.05
E30,8,10,0.6,303,21300303,80,1,2,0.05
E30,8,10,0.6,304,21300304,80,1,2,0.05
E30,8,10,0.6,305,21300305,80,2,2,0.05
E30,8,10,0.6,306,21300306,80,1,2,0.05
E30,8,10,0.6,307,21300307,80,1,2,0.05
E30,8,10,0.6,308,21300308,80,2,4,0.1
E30,8,10,0.6,309,21300309,80,1,1,0.025
E30,8,10,0.6,310,21300310,80,3,4,0.1
E30,8,10,0.6,311,21300311,80,2,4,0.1
E30,8,10,0.6,312,21300312,80,1,1,0.025
E30,8,10,0.6,313,21300313,80,0,0,0.0
E30,8,10,0.6,314,21300314,80,0,0,0.0
E30,8,10,0.6,315,21300315,80,1,1,0.025
E30,8,10,0.6,316,21300316,80,2,3,0.075
E30,8,10,0.6,317,21300317,80,1,3,0.075
E30,8,10,0.6,318,21300318,80,2,3,0.075
E30,8,10,0.6,319,21300319,80,1,1,0.025
E30,8,10,0.6,320,21300320,80,2,2,0.05
E30,8,10,0.6,321,21300321,80,2,3,0.075
E30,8,10,0.6,322,21300322,80,2,3,0.075
E30,8,10,0.6,323,21300323,80,1,2,0.05
E30,8,10,0.6,324,21300324,80,0,0,0.0
E30,8,10,0.6,325,21300325,80,2,4,0.1
E30,8,10,0.6,326,21300326,80,0,0,0.0
E30,8,10,0.6,327,21300327,80,2,3,0.075
E30,8,10,0.6,328,21300328,80,3,4,0.1
E30,8,10,0.6,329,21300329,80,0,0,0.0
E30,8,10,0.6,330,21300330,80,1,2,0.05
E30,8,10,0.6,331,21300331,80,0,0,0.0
E30,8,10,0.6,332,21300332,80,1,1,0.025
E30,8,10,0.6,333,21300333,80,1,1,0.025
E30,8,10,0.6,334,21300334,80,5,8,0.2
E30,8,10,0.6,335,21300335,80,3,3,0.075
E30,8,10,0.6,336,21300336,80,1,2,0.05
E30,8,10,0.6,337,21300337,80,0,0,0.0
E30,8,10,0.6,338,21300338,80,1,2,0.05
E30,8,10,0.6,339,21300339,80,1,1,0.025
E30,8,10,0.6,340,21300340,80,0,0,0.0
E30,8,10,0.6,341,21300341,80,2,3,0.075
E30,8,10,0.6,342,21300342,80,2,3,0.075
E30,8,10,0.6,343,21300343,80,4,8,0.2
E30,8,10,0.6,344,21300344,80,1,2,0.05
E30,8,10,0.6,345,21300345,80,1,3,0.075
E30,8,10,0.6,346,21300346,80,1,1,0.025
E30,8,10,0.6,347,21300347,80,4,6,0.15
E30,8,10,0.6,348,21300348,80,0,0,0.0
E30,8,10,0.6,349,21300349,80,1,1,0.025
E30,8,10,0.6,350,21300350,80,0,0,0.0
E30,8,10,0.6,351,21300351,80,0,0,0.0
E30,8,10,0.6,352,21300352,80,1,2,0.05
E30,8,10,0.6,353,21300353,80,0,0,0.0
E30,8,10,0.6,354,21300354,80,0,0,0.0
E30,8,10,0.6,355,21300355,80,0,0,0.0
E30,8,10,0.6,356,21300356,80,1,3,0.075
E30,8,10,0.6,357,21300357,80,3,5,0.125
E30,8,10,0.6,358,21300358,80,3,3,0.075
E30,8,10,0.6,359,21300359,80,0,0,0.0
E30,8,10,0.6,360,21300360,80,3,6,0.15
E30,8,10,0.6,361,21300361,80,0,0,0.0
E30,8,10,0.6,362,21300362,80,2,3,0.075
E30,8,10,0.6,363,21300363,80,1,2,0.05
E30,8,10,0.6,364,21300364,80,1,2,0.05
E30,8,10,0.6,365,21300365,80,2,4,0.1
E30,8,10,0.6,366,21300366,80,2,4,0.1
E30,8,10,0.6,367,21300367,80,0,0,0.0
E30,8,10,0.6,368,21300368,80,0,0,0.0
E30,8,10,0.6,369,21300369,80,3,4,0.1
E30,8,10,0.6,370,21300370,80,2,3,0.075
E30,8,10,0.6,371,21300371,80,4,6,0.15
E30,8,10,0.6,372,21300372,80,4,5,0.125
E30,8,10,0.6,373,21300373,80,1,2,0.05
E30,8,10,0.6,374,21300374,80,3,4,0.1
E30,8,10,0.6,375,21300375,80,2,4,0.1
E30,8,10,0.6,376,21300376,80,4,6,0.15
E30,8,10,0.6,377,21300377,80,1,1,0.025
E30,8,10,0.6,378,21300378,80,4,8,0.2
E30,8,10,0.6,379,21300379,80,2,4,0.1
E30,8,10,0.6,380,21300380,80,2,4,0.1
E30,8,10,0.6,381,21300381,80,0,0,0.0
E30,8,10,0.6,382,21300382,80,0,0,0.0
E30,8,10,0.6,383,21300383,80,1,2,0.05
E30,8,10,0.6,384,21300384,80,1,2,0.05
E30,8,10,0.6,385,21300385,80,3,5,0.125
E30,8,10,0.6,386,21300386,80,1,1,0.025
E30,8,10,0.6,387,21300387,80,4,5,0.125
E30,8,10,0.6,388,21300388,80,1,2,0.05
E30,8,10,0.6,389,21300389,80,4,5,0.125
E30,8,10,0.6,390,21300390,80,3,3,0.075
E30,8,10,0.6,391,21300391,80,0,0,0.0
E30,8,10,0.6,392,21300392,80,0,0,0.0
E30,8,10,0.6,393,21300393,80,0,0,0.0
E30,8,10,0.6,394,21300394,80,3,5,0.125
E30,8,10,0.6,395,21300395,80,4,8,0.2
E30,8,10,0.6,396,21300396,80,3,5,0.125
E30,8,10,0.6,397,21300397,80,5,7,0.175
E30,8,10,0.6,398,21300398,80,1,1,0.025
E30,8,10,0.6,399,21300399,80,3,3,0.075
E30,8,10,0.6,400,21300400,80,2,4,0.1
E30,8,10,0.6,401,21300401,80,1,1,0.025
E30,8,10,0.6,402,21300402,80,2,3,0.075
E30,8,10,0.6,403,21300403,80,3,7,0.175
E30,8,10,0.6,404,21300404,80,3,5,0.125
E30,8,10,0.6,405,21300405,80,3,6,0.15
E30,8,10,0.6,406,21300406,80,0,0,0.0
E30,8,10,0.6,407,21300407,80,2,3,0.075
E30,8,10,0.6,408,21300408,80,2,2,0.05
E30,8,10,0.6,409,21300409,80,0,0,0.0
E30,8,10,0.6,410,21300410,80,2,4,0.1
E30,8,10,0.6,411,21300411,80,3,5,0.125
E30,8,10,0.6,412,21300412,80,0,0,0.0
E30,8,10,0.6,413,21300413,80,4,6,0.15
E30,8,10,0.6,414,21300414,80,1,1,0.025
E30,8,10,0.6,415,21300415,80,2,3,0.075
E30,8,10,0.6,416,21300416,80,0,0,0.0
E30,8,10,0.6,417,21300417,80,0,0,0.0
E30,8,10,0.6,418,21300418,80,2,4,0.1
E30,8,10,0.6,419,21300419,80,2,3,0.075
E30,8,10,0.6,420,21300420,80,1,1,0.025
E30,8,10,0.6,421,21300421,80,8,6,0.15
E30,8,10,0.6,422,21300422,80,0,0,0.0
E30,8,10,0.6,423,21300423,80,3,4,0.1
E30,8,10,0.6,424,21300424,80,2,3,0.075
E30,8,10,0.6,425,21300425,80,1,1,0.025
E30,8,10,0.6,426,21300426,80,1,2,0.05
E30,8,10,0.6,427,21300427,80,6,9,0.225
E30,8,10,0.6,428,21300428,80,1,1,0.025
E30,8,10,0.6,429,21300429,80,2,3,0.075
E30,8,10,0.6,430,21300430,80,2,3,0.075
E30,8,10,0.6,431,21300431,80,2,3,0.075
E30,8,10,0.6,432,21300432,80,0,0,0.0
E30,8,10,0.6,433,21300433,80,0,0,0.0
E30,8,10,0.6,434,21300434,80,0,0,0.0
E30,8,10,0.6,435,21300435,80,3,4,0.1
E30,8,10,0.6,436,21300436,80,2,2,0.05
E30,8,10,0.6,437,21300437,80,3,4,0.1
E30,8,10,0.6,438,21300438,80,1,2,0.05
E30,8,10,0.6,439,21300439,80,3,6,0.15
E30,8,10,0.6,440,21300440,80,2,3,0.075
E30,8,10,0.6,441,21300441,80,1,2,0.05
E30,8,10,0.6,442,21300442,80,1,2,0.05
E30,8,10,0.6,443,21300443,80,3,3,0.075
E30,8,10,0.6,444,21300444,80,2,4,0.1
E30,8,10,0.6,445,21300445,80,1,1,0.025
E30,8,10,0.6,446,21300446,80,2,4,0.1
E30,8,10,0.6,447,21300447,80,1,2,0.05
E30,8,10,0.6,448,21300448,80,2,3,0.075
E30,8,10,0.6,449,21300449,80,2,3,0.075
E30,8,10,0.6,450,21300450,80,1,2,0.05
E30,8,10,0.6,451,21300451,80,1,1,0.025
E30,8,10,0.6,452,21300452,80,3,7,0.175
E30,8,10,0.6,453,21300453,80,2,3,0.075
E30,8,10,0.6,454,21300454,80,2,3,0.075
E30,8,10,0.6,455,21300455,80,1,1,0.025
E30,8,10,0.6,456,21300456,80,4,6,0.15
E30,8,10,0.6,457,21300457,80,0,0,0.0
E30,8,10,0.6,458,21300458,80,3,4,0.1
E30,8,10,0.6,459,21300459,80,1,2,0.05
E30,8,10,0.6,460,21300460,80,0,0,0.0
E30,8,10,0.6,461,21300461,80,2,4,0.1
E30,8,10,0.6,462,21300462,80,1,1,0.025
E30,8,10,0.6,463,21300463,80,2,3,0.075
E30,8,10,0.6,464,21300464,80,1,1,0.025
E30,8,10,0.6,465,21300465,80,3,5,0.125
E30,8,10,0.6,466,21300466,80,2,3,0.075
E30,8,10,0.6,467,21300467,80,3,3,0.075
E30,8,10,0.6,468,21300468,80,1,1,0.025
E30,8,10,0.6,469,21300469,80,1,2,0.05
E30,8,10,0.6,470,21300470,80,2,3,0.075
E30,8,10,0.6,471,21300471,80,2,2,0.05
E30,8,10,0.6,472,21300472,80,1,2,0.05
E30,8,10,0.6,473,21300473,80,2,2,0.05
E30,8,10,0.6,474,21300474,80,0,0,0.0
E30,8,10,0.6,475,21300475,80,3,4,0.1
E30,8,10,0.6,476,21300476,80,4,5,0.125
E30,8,10,0.6,477,21300477,80,3,3,0.075
E30,8,10,0.6,478,21300478,80,2,4,0.1
E30,8,10,0.6,479,21300479,80,0,0,0.0
E30,8,10,0.6,480,21300480,80,3,5,0.125
E30,8,10,0.6,481,21300481,80,2,3,0.075
E30,8,10,0.6,482,21300482,80,0,0,0.0
E30,8,10,0.6,483,21300483,80,1,2,0.05
E30,8,10,0.6,484,21300484,80,1,1,0.025
E30,8,10,0.6,485,21300485,80,2,2,0.05
E30,8,10,0.6,486,21300486,80,1,1,0.025
E30,8,10,0.6,487,21300487,80,0,0,0.0
E30,8,10,0.6,488,21300488,80,2,3,0.075
E30,8,10,0.6,489,21300489,80,2,3,0.075
E30,8,10,0.6,490,21300490,80,1,1,0.025
E30,8,10,0.6,491,21300491,80,0,0,0.0
E30,8,10,0.6,492,21300492,80,1,1,0.025
E30,8,10,0.6,493,21300493,80,0,0,0.0
E30,8,10,0.6,494,21300494,80,0,0,0.0
E30,8,10,0.6,495,21300495,80,4,5,0.125
E30,8,10,0.6,496,21300496,80,2,3,0.075
E30,8,10,0.6,497,21300497,80,3,5,0.125
E30,8,10,0.6,498,21300498,80,3,4,0.1
E30,8,10,0.6,499,21300499,80,1,2,0.05
E30,8,20,0.0,0,22300000,160,12,12,0.15
E30,8,20,0.0,1,22300001,160,7,7,0.0875
E30,8,20,0.0,2,22300002,160,11,10,0.125
E30,8,20,0.0,3,22300003,160,12,11,0.1375
E30,8,20,0.0,4,22300004,160,9,10,0.125
E30,8,20,0.0,5,22300005,160,15,16,0.2
E30,8,20,0.0,6,22300006,160,6,5,0.0625
E30,8,20,0.0,7,22300007,160,17,15,0.1875
E30,8,20,0.0,8,22300008,160,13,13,0.1625
E30,8,20,0.0,9,22300009,160,11,10,0.125
E30,8,20,0.0,10,22300010,160,8,7,0.0875
E30,8,20,0.0,11,22300011,160,10,10,0.125
E30,8,20,0.0,12,22300012,160,12,11,0.1375
E30,8,20,0.0,13,22300013,160,6,6,0.075
E30,8,20,0.0,14,22300014,160,14,14,0.175
E30,8,20,0.0,15,22300015,160,12,12,0.15
E30,8,20,0.0,16,22300016,160,12,13,0.1625
E30,8,20,0.0,17,22300017,160,9,9,0.1125
E30,8,20,0.0,18,22300018,160,4,4,0.05
E30,8,20,0.0,19,22300019,160,6,7,0.0875
E30,8,20,0.0,20,22300020,160,8,7,0.0875
E30,8,20,0.0,21,22300021,160,11,12,0.15
E30,8,20,0.0,22,22300022,160,5,5,0.0625
E30,8,20,0.0,23,22300023,160,3,3,0.0375
E30,8,20,0.0,24,22300024,160,10,10,0.125
E30,8,20,0.0,25,22300025,160,7,7,0.0875
E30,8,20,0.0,26,22300026,160,16,14,0.175
E30,8,20,0.0,27,22300027,160,10,10,0.125
E30,8,20,0.0,28,22300028,160,10,9,0.1125
E30,8,20,0.0,29,22300029,160,7,8,0.1
E30,8,20,0.0,30,22300030,160,10,11,0.1375
E30,8,20,0.0,31,22300031,160,9,9,0.1125
E30,8,20,0.0,32,22300032,160,17,18,0.225
E30,8,20,0.0,33,22300033,160,13,13,0.1625
E30,8,20,0.0,34,22300034,160,11,9,0.1125
E30,8,20,0.0,35,22300035,160,14,15,0.1875
E30,8,20,0.0,36,22300036,160,9,9,0.1125
E30,8,20,0.0,37,22300037,160,5,5,0.0625
E30,8,20,0.0,38,22300038,160,12,13,0.1625
E30,8,20,0.0,39,22300039,160,8,8,0.1
E30,8,20,0.0,40,22300040,160,14,14,0.175
E30,8,20,0.0,41,22300041,160,7,7,0.0875
E30,8,20,0.0,42,22300042,160,5,5,0.0625
E30,8,20,0.0,43,22300043,160,13,13,0.1625
E30,8,20,0.0,44,22300044,160,7,7,0.0875
E30,8,20,0.0,45,22300045,160,9,9,0.1125
E30,8,20,0.0,46,22300046,160,5,5,0.0625
E30,8,20,0.0,47,22300047,160,14,13,0.1625
E30,8,20,0.0,48,22300048,160,12,12,0.15
E30,8,20,0.0,49,22300049,160,9,8,0.1
E30,8,20,0.0,50,22300050,160,9,9,0.1125
E30,8,20,0.0,51,22300051,160,10,10,0.125
E30,8,20,0.0,52,22300052,160,17,14,0.175
E30,8,20,0.0,53,22300053,160,12,12,0.15
E30,8,20,0.0,54,22300054,160,13,11,0.1375
E30,8,20,0.0,55,22300055,160,14,12,0.15
E30,8,20,0.0,56,22300056,160,14,11,0.1375
E30,8,20,0.0,57,22300057,160,12,13,0.1625
E30,8,20,0.0,58,22300058,160,12,13,0.1625
E30,8,20,0.0,59,22300059,160,14,13,0.1625
E30,8,20,0.0,60,22300060,160,13,11,0.1375
E30,8,20,0.0,61,22300061,160,10,11,0.1375
E30,8,20,0.0,62,22300062,160,9,9,0.1125
E30,8,20,0.0,63,22300063,160,6,5,0.0625
E30,8,20,0.0,64,22300064,160,4,4,0.05
E30,8,20,0.0,65,22300065,160,8,8,0.1
E30,8,20,0.0,66,22300066,160,11,12,0.15
E30,8,20,0.0,67,22300067,160,8,8,0.1
E30,8,20,0.0,68,22300068,160,6,6,0.075
E30,8,20,0.0,69,22300069,160,13,12,0.15
E30,8,20,0.0,70,22300070,160,8,7,0.0875
E30,8,20,0.0,71,22300071,160,10,11,0.1375
E30,8,20,0.0,72,22300072,160,9,9,0.1125
E30,8,20,0.0,73,22300073,160,9,11,0.1375
E30,8,20,0.0,74,22300074,160,7,6,0.075
E30,8,20,0.0,75,22300075,160,14,16,0.2
E30,8,20,0.0,76,22300076,160,9,9,0.1125
E30,8,20,0.0,77,22300077,160,6,6,0.075
E30,8,20,0.0,78,22300078,160,8,8,0.1
E30,8,20,0.0,79,22300079,160,15,15,0.1875
E30,8,20,0.0,80,22300080,160,8,9,0.1125
E30,8,20,0.0,81,22300081,160,6,8,0.1
E30,8,20,0.0,82,22300082,160,11,10,0.125
E30,8,20,0.0,83,22300083,160,10,9,0.1125
E30,8,20,0.0,84,22300084,160,10,9,0.1125
E30,8,20,0.0,85,22300085,160,10,8,0.1
E30,8,20,0.0,86,22300086,160,17,17,0.2125
E30,8,20,0.0,87,22300087,160,9,9,0.1125
E30,8,20,0.0,88,22300088,160,9,11,0.1375
E30,8,20,0.0,89,22300089,160,13,12,0.15
E30,8,20,0.0,90,22300090,160,11,12,0.15
E30,8,20,0.0,91,22300091,160,14,11,0.1375
E30,8,20,0.0,92,22300092,160,11,11,0.1375
E30,8,20,0.0,93,22300093,160,8,8,0.1
E30,8,20,0.0,94,22300094,160,10,10,0.125
E30,8,20,0.0,95,22300095,160,10,8,0.1
E30,8,20,0.0,96,22300096,160,9,8,0.1
E30,8,20,0.0,97,22300097,160,7,6,0.075
E30,8,20,0.0,98,22300098,160,11,9,0.1125
E30,8,20,0.0,99,22300099,160,7,7,0.0875
E30,8,20,0.0,100,22300100,160,16,17,0.2125
E30,8,20,0.0,101,22300101,160,9,9,0.1125
E30,8,20,0.0,102,22300102,160,6,6,0.075
E30,8,20,0.0,103,22300103,160,14,14,0.175
E30,8,20,0.0,104,22300104,160,7,8,0.1
E30,8,20,0.0,105,22300105,160,9,10,0.125
E30,8,20,0.0,106,22300106,160,10,10,0.125
E30,8,20,0.0,107,22300107,160,10,9,0.1125
E30,8,20,0.0,108,22300108,160,6,6,0.075
E30,8,20,0.0,109,22300109,160,7,7,0.0875
E30,8,20,0.0,110,22300110,160,11,11,0.1375
E30,8,20,0.0,111,22300111,160,8,8,0.1
E30,8,20,0.0,112,22300112,160,8,10,0.125
E30,8,20,0.0,113,22300113,160,14,14,0.175
E30,8,20,0.0,114,22300114,160,10,10,0.125
E30,8,20,0.0,115,22300115,160,14,13,0.1625
E30,8,20,0.0,116,22300116,160,14,13,0.1625
E30,8,20,0.0,117,22300117,160,10,10,0.125
E30,8,20,0.0,118,22300118,160,14,13,0.1625
E30,8,20,0.0,119,22300119,160,6,5,0.0625
E30,8,20,0.0,120,22300120,160,11,13,0.1625
E30,8,20,0.0,121,22300121,160,13,12,0.15
E30,8,20,0.0,122,22300122,160,13,14,0.175
E30,8,20,0.0,123,22300123,160,8,9,0.1125
E30,8,20,0.0,124,22300124,160,11,11,0.1375
E30,8,20,0.0,125,22300125,160,6,7,0.0875
E30,8,20,0.0,126,22300126,160,8,10,0.125
E30,8,20,0.0,127,22300127,160,17,16,0.2
E30,8,20,0.0,128,22300128,160,9,10,0.125
E30,8,20,0.0,129,22300129,160,11,11,0.1375
E30,8,20,0.0,130,22300130,160,10,8,0.1
E30,8,20,0.0,131,22300131,160,16,13,0.1625
E30,8,20,0.0,132,22300132,160,15,13,0.1625
E30,8,20,0.0,133,22300133,160,8,7,0.0875
E30,8,20,0.0,134,22300134,160,14,12,0.15
E30,8,20,0.0,135,22300135,160,9,9,0.1125
E30,8,20,0.0,136,22300136,160,8,7,0.0875
E30,8,20,0.0,137,22300137,160,12,12,0.15
E30,8,20,0.0,138,22300138,160,12,12,0.15
E30,8,20,0.0,139,22300139,160,12,12,0.15
E30,8,20,0.0,140,22300140,160,13,12,0.15
E30,8,20,0.0,141,22300141,160,10,10,0.125
E30,8,20,0.0,142,22300142,160,7,8,0.1
E30,8,20,0.0,143,22300143,160,5,5,0.0625
E30,8,20,0.0,144,22300144,160,6,6,0.075
E30,8,20,0.0,145,22300145,160,12,12,0.15
E30,8,20,0.0,146,22300146,160,7,7,0.0875
E30,8,20,0.0,147,22300147,160,15,13,0.1625
E30,8,20,0.0,148,22300148,160,16,15,0.1875
E30,8,20,0.0,149,22300149,160,8,8,0.1
E30,8,20,0.0,150,22300150,160,13,12,0.15
E30,8,20,0.0,151,22300151,160,4,4,0.05
E30,8,20,0.0,152,22300152,160,12,10,0.125
E30,8,20,0.0,153,22300153,160,14,14,0.175
E30,8,20,0.0,154,22300154,160,9,9,0.1125
E30,8,20,0.0,155,22300155,160,7,6,0.075
E30,8,20,0.0,156,22300156,160,10,10,0.125
E30,8,20,0.0,157,22300157,160,11,12,0.15
E30,8,20,0.0,158,22300158,160,8,7,0.0875
E30,8,20,0.0,159,22300159,160,6,6,0.075
E30,8,20,0.0,160,22300160,160,14,16,0.2
E30,8,20,0.0,161,22300161,160,13,13,0.1625
E30,8,20,0.0,162,22300162,160,14,11,0.1375
E30,8,20,0.0,163,22300163,160,6,5,0.0625
E30,8,20,0.0,164,22300164,160,8,9,0.1125
E30,8,20,0.0,165,22300165,160,7,7,0.0875
E30,8,20,0.0,166,22300166,160,14,14,0.175
E30,8,20,0.0,167,22300167,160,10,10,0.125
E30,8,20,0.0,168,22300168,160,11,11,0.1375
E30,8,20,0.0,169,22300169,160,3,3,0.0375
E30,8,20,0.0,170,22300170,160,10,11,0.1375
E30,8,20,0.0,171,22300171,160,11,10,0.125
E30,8,20,0.0,172,22300172,160,12,11,0.1375
E30,8,20,0.0,173,22300173,160,8,9,0.1125
E30,8,20,0.0,174,22300174,160,7,8,0.1
E30,8,20,0.0,175,22300175,160,11,10,0.125
E30,8,20,0.0,176,22300176,160,12,10,0.125
E30,8,20,0.0,177,22300177,160,11,11,0.1375
E30,8,20,0.0,178,22300178,160,7,6,0.075
E30,8,20,0.0,179,22300179,160,12,11,0.1375
E30,8,20,0.0,180,22300180,160,12,11,0.1375
E30,8,20,0.0,181,22300181,160,10,10,0.125
E30,8,20,0.0,182,22300182,160,5,6,0.075
E30,8,20,0.0,183,22300183,160,5,5,0.0625
E30,8,20,0.0,184,22300184,160,6,6,0.075
E30,8,20,0.0,185,22300185,160,12,13,0.1625
E30,8,20,0.0,186,22300186,160,14,13,0.1625
E30,8,20,0.0,187,22300187,160,9,10,0.125
E30,8,20,0.0,188,22300188,160,11,10,0.125
E30,8,20,0.0,189,22300189,160,10,10,0.125
E30,8,20,0.0,190,22300190,160,9,9,0.1125
E30,8,20,0.0,191,22300191,160,18,16,0.2
E30,8,20,0.0,192,22300192,160,8,8,0.1
E30,8,20,0.0,193,22300193,160,11,11,0.1375
E30,8,20,0.0,194,22300194,160,14,15,0.1875
E30,8,20,0.0,195,22300195,160,11,10,0.125
E30,8,20,0.0,196,22300196,160,16,14,0.175
E30,8,20,0.0,197,22300197,160,14,13,0.1625
E30,8,20,0.0,198,22300198,160,14,13,0.1625
E30,8,20,0.0,199,22300199,160,7,7,0.0875
E30,8,20,0.0,200,22300200,160,6,7,0.0875
E30,8,20,0.0,201,22300201,160,7,7,0.0875
E30,8,20,0.0,202,22300202,160,10,10,0.125
E30,8,20,0.0,203,22300203,160,13,15,0.1875
E30,8,20,0.0,204,22300204,160,10,12,0.15
E30,8,20,0.0,205,22300205,160,10,9,0.1125
E30,8,20,0.0,206,22300206,160,14,13,0.1625
E30,8,20,0.0,207,22300207,160,4,4,0.05
E30,8,20,0.0,208,22300208,160,8,8,0.1
E30,8,20,0.0,209,22300209,160,11,10,0.125
E30,8,20,0.0,210,22300210,160,7,7,0.0875
E30,8,20,0.0,211,22300211,160,12,10,0.125
E30,8,20,0.0,212,22300212,160,12,10,0.125
E30,8,20,0.0,213,22300213,160,7,7,0.0875
E30,8,20,0.0,214,22300214,160,5,5,0.0625
E30,8,20,0.0,215,22300215,160,8,8,0.1
E30,8,20,0.0,216,22300216,160,10,9,0.1125
E30,8,20,0.0,217,22300217,160,9,9,0.1125
E30,8,20,0.0,218,22300218,160,10,10,0.125
E30,8,20,0.0,219,22300219,160,10,10,0.125
E30,8,20,0.0,220,22300220,160,15,15,0.1875
E30,8,20,0.0,221,22300221,160,7,7,0.0875
E30,8,20,0.0,222,22300222,160,12,11,0.1375
E30,8,20,0.0,223,22300223,160,9,8,0.1
E30,8,20,0.0,224,22300224,160,8,7,0.0875
E30,8,20,0.0,225,22300225,160,11,10,0.125
E30,8,20,0.0,226,22300226,160,4,4,0.05
E30,8,20,0.0,227,22300227,160,2,1,0.0125
E30,8,20,0.0,228,22300228,160,7,7,0.0875
E30,8,20,0.0,229,22300229,160,6,5,0.0625
E30,8,20,0.0,230,22300230,160,4,5,0.0625
E30,8,20,0.0,231,22300231,160,8,10,0.125
E30,8,20,0.0,232,22300232,160,14,15,0.1875
E30,8,20,0.0,233,22300233,160,12,11,0.1375
E30,8,20,0.0,234,22300234,160,8,9,0.1125
E30,8,20,0.0,235,22300235,160,10,8,0.1
E30,8,20,0.0,236,22300236,160,9,8,0.1
E30,8,20,0.0,237,22300237,160,13,13,0.1625
E30,8,20,0.0,238,22300238,160,10,9,0.1125
E30,8,20,0.0,239,22300239,160,6,6,0.075
E30,8,20,0.0,240,22300240,160,5,4,0.05
E30,8,20,0.0,241,22300241,160,8,9,0.1125
E30,8,20,0.0,242,22300242,160,8,8,0.1
E30,8,20,0.0,243,22300243,160,16,14,0.175
E30,8,20,0.0,244,22300244,160,7,7,0.0875
E30,8,20,0.0,245,22300245,160,17,17,0.2125
E30,8,20,0.0,246,22300246,160,13,13,0.1625
E30,8,20,0.0,247,22300247,160,9,8,0.1
E30,8,20,0.0,248,22300248,160,11,11,0.1375
E30,8,20,0.0,249,22300249,160,7,7,0.0875
E30,8,20,0.0,250,22300250,160,13,12,0.15
E30,8,20,0.0,251,22300251,160,8,9,0.1125
E30,8,20,0.0,252,22300252,160,10,10,0.125
E30,8,20,0.0,253,22300253,160,12,13,0.1625
E30,8,20,0.0,254,22300254,160,10,7,0.0875
E30,8,20,0.0,255,22300255,160,5,4,0.05
E30,8,20,0.0,256,22300256,160,9,8,0.1
E30,8,20,0.0,257,22300257,160,6,6,0.075
E30,8,20,0.0,258,22300258,160,8,8,0.1
E30,8,20,0.0,259,22300259,160,13,14,0.175
E30,8,20,0.0,260,22300260,160,9,8,0.1
E30,8,20,0.0,261,22300261,160,13,12,0.15
E30,8,20,0.0,262,22300262,160,6,6,0.075
E30,8,20,0.0,263,22300263,160,12,13,0.1625
E30,8,20,0.0,264,22300264,160,8,8,0.1
E30,8,20,0.0,265,22300265,160,7,7,0.0875
E30,8,20,0.0,266,22300266,160,9,9,0.1125
E30,8,20,0.0,267,22300267,160,11,10,0.125
E30,8,20,0.0,268,22300268,160,7,8,0.1
E30,8,20,0.0,269,22300269,160,9,9,0.1125
E30,8,20,0.0,270,22300270,160,6,7,0.0875
E30,8,20,0.0,271,22300271,160,17,14,0.175
E30,8,20,0.0,272,22300272,160,15,13,0.1625
E30,8,20,0.0,273,22300273,160,9,9,0.1125
E30,8,20,0.0,274,22300274,160,10,8,0.1
E30,8,20,0.0,275,22300275,160,9,10,0.125
E30,8,20,0.0,276,22300276,160,11,10,0.125
E30,8,20,0.0,277,22300277,160,14,12,0.15
E30,8,20,0.0,278,22300278,160,10,10,0.125
E30,8,20,0.0,279,22300279,160,11,13,0.1625
E30,8,20,0.0,280,22300280,160,10,10,0.125
E30,8,20,0.0,281,22300281,160,8,7,0.0875
E30,8,20,0.0,282,22300282,160,7,6,0.075
E30,8,20,0.0,283,22300283,160,8,8,0.1
E30,8,20,0.0,284,22300284,160,8,7,0.0875
E30,8,20,0.0,285,22300285,160,12,10,0.125
E30,8,20,0.0,286,22300286,160,18,18,0.225
E30,8,20,0.0,287,22300287,160,7,7,0.0875
E30,8,20,0.0,288,22300288,160,8,8,0.1
E30,8,20,0.0,289,22300289,160,13,14,0.175
E30,8,20,0.0,290,22300290,160,13,14,0.175
E30,8,20,0.0,291,22300291,160,10,10,0.125
E30,8,20,0.0,292,22300292,160,7,8,0.1
E30,8,20,0.0,293,22300293,160,12,10,0.125
E30,8,20,0.0,294,22300294,160,11,11,0.1375
E30,8,20,0.0,295,22300295,160,9,9,0.1125
E30,8,20,0.0,296,22300296,160,11,9,0.1125
E30,8,20,0.0,297,22300297,160,10,9,0.1125
E30,8,20,0.0,298,22300298,160,13,12,0.15
E30,8,20,0.0,299,22300299,160,7,8,0.1
E30,8,20,0.0,300,22300300,160,11,11,0.1375
E30,8,20,0.0,301,22300301,160,15,13,0.1625
E30,8,20,0.0,302,22300302,160,8,8,0.1
E30,8,20,0.0,303,22300303,160,15,14,0.175
E30,8,20,0.0,304,22300304,160,10,9,0.1125
E30,8,20,0.0,305,22300305,160,12,11,0.1375
E30,8,20,0.0,306,22300306,160,9,7,0.0875
E30,8,20,0.0,307,22300307,160,9,7,0.0875
E30,8,20,0.0,308,22300308,160,7,7,0.0875
E30,8,20,0.0,309,22300309,160,11,11,0.1375
E30,8,20,0.0,310,22300310,160,10,11,0.1375
E30,8,20,0.0,311,22300311,160,10,8,0.1
E30,8,20,0.0,312,22300312,160,9,8,0.1
E30,8,20,0.0,313,22300313,160,10,12,0.15
E30,8,20,0.0,314,22300314,160,8,6,0.075
E30,8,20,0.0,315,22300315,160,16,14,0.175
E30,8,20,0.0,316,22300316,160,8,8,0.1
E30,8,20,0.0,317,22300317,160,10,11,0.1375
E30,8,20,0.0,318,22300318,160,9,9,0.1125
E30,8,20,0.0,319,22300319,160,10,9,0.1125
E30,8,20,0.0,320,22300320,160,11,11,0.1375
E30,8,20,0.0,321,22300321,160,13,13,0.1625
E30,8,20,0.0,322,22300322,160,10,10,0.125
E30,8,20,0.0,323,22300323,160,13,13,0.1625
E30,8,20,0.0,324,22300324,160,15,13,0.1625
E30,8,20,0.0,325,22300325,160,17,14,0.175
E30,8,20,0.0,326,22300326,160,14,15,0.1875
E30,8,20,0.0,327,22300327,160,6,6,0.075
E30,8,20,0.0,328,22300328,160,13,10,0.125
E30,8,20,0.0,329,22300329,160,13,13,0.1625
E30,8,20,0.0,330,22300330,160,9,8,0.1
E30,8,20,0.0,331,22300331,160,11,11,0.1375
E30,8,20,0.0,332,22300332,160,9,8,0.1
E30,8,20,0.0,333,22300333,160,9,7,0.0875
E30,8,20,0.0,334,22300334,160,7,6,0.075
E30,8,20,0.0,335,22300335,160,10,9,0.1125
E30,8,20,0.0,336,22300336,160,5,5,0.0625
E30,8,20,0.0,337,22300337,160,15,14,0.175
E30,8,20,0.0,338,22300338,160,11,11,0.1375
E30,8,20,0.0,339,22300339,160,12,11,0.1375
E30,8,20,0.0,340,22300340,160,7,7,0.0875
E30,8,20,0.0,341,22300341,160,13,13,0.1625
E30,8,20,0.0,342,22300342,160,10,10,0.125
E30,8,20,0.0,343,22300343,160,14,12,0.15
E30,8,20,0.0,344,22300344,160,11,8,0.1
E30,8,20,0.0,345,22300345,160,12,12,0.15
E30,8,20,0.0,346,22300346,160,6,6,0.075
E30,8,20,0.0,347,22300347,160,8,8,0.1
E30,8,20,0.0,348,22300348,160,10,11,0.1375
E30,8,20,0.0,349,22300349,160,11,8,0.1
E30,8,20,0.0,350,22300350,160,13,13,0.1625
E30,8,20,0.0,351,22300351,160,6,5,0.0625
E30,8,20,0.0,352,22300352,160,12,11,0.1375
E30,8,20,0.0,353,22300353,160,10,10,0.125
E30,8,20,0.0,354,22300354,160,7,7,0.0875
E30,8,20,0.0,355,22300355,160,17,15,0.1875
E30,8,20,0.0,356,22300356,160,18,18,0.225
E30,8,20,0.0,357,22300357,160,10,11,0.1375
E30,8,20,0.0,358,22300358,160,7,7,0.0875
E30,8,20,0.0,359,22300359,160,7,8,0.1
E30,8,20,0.0,360,22300360,160,11,11,0.1375
E30,8,20,0.0,361,22300361,160,9,9,0.1125
E30,8,20,0.0,362,22300362,160,17,14,0.175
E30,8,20,0.0,363,22300363,160,8,8,0.1
E30,8,20,0.0,364,22300364,160,15,15,0.1875
E30,8,20,0.0,365,22300365,160,12,12,0.15
E30,8,20,0.0,366,22300366,160,8,9,0.1125
E30,8,20,0.0,367,22300367,160,12,13,0.1625
E30,8,20,0.0,368,22300368,160,11,12,0.15
E30,8,20,0.0,369,22300369,160,9,8,0.1
E30,8,20,0.0,370,22300370,160,13,13,0.1625
E30,8,20,0.0,371,22300371,160,13,12,0.15
E30,8,20,0.0,372,22300372,160,12,10,0.125
E30,8,20,0.0,373,22300373,160,12,11,0.1375
E30,8,20,0.0,374,22300374,160,7,6,0.075
E30,8,20,0.0,375,22300375,160,9,9,0.1125
E30,8,20,0.0,376,22300376,160,8,9,0.1125
E30,8,20,0.0,377,22300377,160,16,14,0.175
E30,8,20,0.0,378,22300378,160,6,6,0.075
E30,8,20,0.0,379,22300379,160,17,15,0.1875
E30,8,20,0.0,380,22300380,160,8,9,0.1125
E30,8,20,0.0,381,22300381,160,8,9,0.1125
E30,8,20,0.0,382,22300382,160,11,12,0.15
E30,8,20,0.0,383,22300383,160,14,15,0.1875
E30,8,20,0.0,384,22300384,160,11,11,0.1375
E30,8,20,0.0,385,22300385,160,12,9,0.1125
E30,8,20,0.0,386,22300386,160,11,10,0.125
E30,8,20,0.0,387,22300387,160,15,13,0.1625
E30,8,20,0.0,388,22300388,160,6,7,0.0875
E30,8,20,0.0,389,22300389,160,16,15,0.1875
E30,8,20,0.0,390,22300390,160,10,10,0.125
E30,8,20,0.0,391,22300391,160,13,14,0.175
E30,8,20,0.0,392,22300392,160,8,11,0.1375
E30,8,20,0.0,393,22300393,160,14,15,0.1875
E30,8,20,0.0,394,22300394,160,10,9,0.1125
E30,8,20,0.0,395,22300395,160,11,11,0.1375
E30,8,20,0.0,396,22300396,160,11,11,0.1375
E30,8,20,0.0,397,22300397,160,9,8,0.1
E30,8,20,0.0,398,22300398,160,7,7,0.0875
E30,8,20,0.0,399,22300399,160,6,7,0.0875
E30,8,20,0.0,400,22300400,160,7,7,0.0875
E30,8,20,0.0,401,22300401,160,10,11,0.1375
E30,8,20,0.0,402,22300402,160,8,7,0.0875
E30,8,20,0.0,403,22300403,160,7,7,0.0875
E30,8,20,0.0,404,22300404,160,10,10,0.125
E30,8,20,0.0,405,22300405,160,13,15,0.1875
E30,8,20,0.0,406,22300406,160,5,5,0.0625
E30,8,20,0.0,407,22300407,160,14,13,0.1625
E30,8,20,0.0,408,22300408,160,7,7,0.0875
E30,8,20,0.0,409,22300409,160,11,12,0.15
E30,8,20,0.0,410,22300410,160,13,14,0.175
E30,8,20,0.0,411,22300411,160,9,9,0.1125
E30,8,20,0.0,412,22300412,160,10,9,0.1125
E30,8,20,0.0,413,22300413,160,6,6,0.075
E30,8,20,0.0,414,22300414,160,9,10,0.125
E30,8,20,0.0,415,22300415,160,8,6,0.075
E30,8,20,0.0,416,22300416,160,11,10,0.125
E30,8,20,0.0,417,22300417,160,6,7,0.0875
E30,8,20,0.0,418,22300418,160,14,13,0.1625
E30,8,20,0.0,419,22300419,160,8,8,0.1
E30,8,20,0.0,420,22300420,160,10,12,0.15
E30,8,20,0.0,421,22300421,160,11,11,0.1375
E30,8,20,0.0,422,22300422,160,12,12,0.15
E30,8,20,0.0,423,22300423,160,8,8,0.1
E30,8,20,0.0,424,22300424,160,18,16,0.2
E30,8,20,0.0,425,22300425,160,2,2,0.025
E30,8,20,0.0,426,22300426,160,11,11,0.1375
E30,8,20,0.0,427,22300427,160,13,13,0.1625
E30,8,20,0.0,428,22300428,160,13,13,0.1625
E30,8,20,0.0,429,22300429,160,12,10,0.125
E30,8,20,0.0,430,22300430,160,7,7,0.0875
E30,8,20,0.0,431,22300431,160,6,7,0.0875
E30,8,20,0.0,432,22300432,160,10,11,0.1375
E30,8,20,0.0,433,22300433,160,8,7,0.0875
E30,8,20,0.0,434,22300434,160,8,7,0.0875
E30,8,20,0.0,435,22300435,160,6,8,0.1
E30,8,20,0.0,436,22300436,160,9,8,0.1
E30,8,20,0.0,437,22300437,160,7,7,0.0875
E30,8,20,0.0,438,22300438,160,8,8,0.1
E30,8,20,0.0,439,22300439,160,3,3,0.0375
E30,8,20,0.0,440,22300440,160,12,10,0.125
E30,8,20,0.0,441,22300441,160,9,10,0.125
E30,8,20,0.0,442,22300442,160,13,13,0.1625
E30,8,20,0.0,443,22300443,160,9,8,0.1
E30,8,20,0.0,444,22300444,160,6,5,0.0625
E30,8,20,0.0,445,22300445,160,10,9,0.1125
E30,8,20,0.0,446,22300446,160,7,7,0.0875
E30,8,20,0.0,447,22300447,160,11,12,0.15
E30,8,20,0.0,448,22300448,160,8,7,0.0875
E30,8,20,0.0,449,22300449,160,9,8,0.1
E30,8,20,0.0,450,22300450,160,12,12,0.15
E30,8,20,0.0,451,22300451,160,11,9,0.1125
E30,8,20,0.0,452,22300452,160,15,15,0.1875
E30,8,20,0.0,453,22300453,160,9,9,0.1125
E30,8,20,0.0,454,22300454,160,11,10,0.125
E30,8,20,0.0,455,22300455,160,13,12,0.15
E30,8,20,0.0,456,22300456,160,9,10,0.125
E30,8,20,0.0,457,22300457,160,12,12,0.15
E30,8,20,0.0,458,22300458,160,6,7,0.0875
E30,8,20,0.0,459,22300459,160,7,8,0.1
E30,8,20,0.0,460,22300460,160,9,8,0.1
E30,8,20,0.0,461,22300461,160,9,10,0.125
E30,8,20,0.0,462,22300462,160,10,13,0.1625
E30,8,20,0.0,463,22300463,160,11,11,0.1375
E30,8,20,0.0,464,22300464,160,10,9,0.1125
E30,8,20,0.0,465,22300465,160,9,9,0.1125
E30,8,20,0.0,466,22300466,160,9,9,0.1125
E30,8,20,0.0,467,22300467,160,10,10,0.125
E30,8,20,0.0,468,22300468,160,11,11,0.1375
E30,8,20,0.0,469,22300469,160,8,8,0.1
E30,8,20,0.0,470,22300470,160,6,8,0.1
E30,8,20,0.0,471,22300471,160,7,6,0.075
E30,8,20,0.0,472,22300472,160,10,10,0.125
E30,8,20,0.0,473,22300473,160,12,11,0.1375
E30,8,20,0.0,474,22300474,160,10,9,0.1125
E30,8,20,0.0,475,22300475,160,13,10,0.125
E30,8,20,0.0,476,22300476,160,10,12,0.15
E30,8,20,0.0,477,22300477,160,4,4,0.05
E30,8,20,0.0,478,22300478,160,8,8,0.1
E30,8,20,0.0,479,22300479,160,8,8,0.1
E30,8,20,0.0,480,22300480,160,12,11,0.1375
E30,8,20,0.0,481,22300481,160,8,7,0.0875
E30,8,20,0.0,482,22300482,160,12,10,0.125
E30,8,20,0.0,483,22300483,160,7,7,0.0875
E30,8,20,0.0,484,22300484,160,14,15,0.1875
E30,8,20,0.0,485,22300485,160,8,8,0.1
E30,8,20,0.0,486,22300486,160,10,10,0.125
E30,8,20,0.0,487,22300487,160,18,15,0.1875
E30,8,20,0.0,488,22300488,160,5,5,0.0625
E30,8,20,0.0,489,22300489,160,11,11,0.1375
E30,8,20,0.0,490,22300490,160,9,8,0.1
E30,8,20,0.0,491,22300491,160,5,5,0.0625
E30,8,20,0.0,492,22300492,160,8,8,0.1
E30,8,20,0.0,493,22300493,160,12,10,0.125
E30,8,20,0.0,494,22300494,160,9,9,0.1125
E30,8,20,0.0,495,22300495,160,18,15,0.1875
E30,8,20,0.0,496,22300496,160,16,14,0.175
E30,8,20,0.0,497,22300497,160,5,6,0.075
E30,8,20,0.0,498,22300498,160,6,5,0.0625
E30,8,20,0.0,499,22300499,160,8,8,0.1
E30,8,20,0.3,0,23300000,160,7,8,0.1
E30,8,20,0.3,1,23300001,160,3,3,0.0375
E30,8,20,0.3,2,23300002,160,10,9,0.1125
E30,8,20,0.3,3,23300003,160,3,3,0.0375
E30,8,20,0.3,4,23300004,160,8,8,0.1
E30,8,20,0.3,5,23300005,160,4,5,0.0625
E30,8,20,0.3,6,23300006,160,10,11,0.1375
E30,8,20,0.3,7,23300007,160,9,7,0.0875
E30,8,20,0.3,8,23300008,160,7,8,0.1
E30,8,20,0.3,9,23300009,160,3,3,0.0375
E30,8,20,0.3,10,23300010,160,2,2,0.025
E30,8,20,0.3,11,23300011,160,3,4,0.05
E30,8,20,0.3,12,23300012,160,7,8,0.1
E30,8,20,0.3,13,23300013,160,4,4,0.05
E30,8,20,0.3,14,23300014,160,4,5,0.0625
E30,8,20,0.3,15,23300015,160,3,3,0.0375
E30,8,20,0.3,16,23300016,160,6,5,0.0625
E30,8,20,0.3,17,23300017,160,3,4,0.05
E30,8,20,0.3,18,23300018,160,5,5,0.0625
E30,8,20,0.3,19,23300019,160,5,7,0.0875
E30,8,20,0.3,20,23300020,160,6,8,0.1
E30,8,20,0.3,21,23300021,160,4,3,0.0375
E30,8,20,0.3,22,23300022,160,6,7,0.0875
E30,8,20,0.3,23,23300023,160,7,7,0.0875
E30,8,20,0.3,24,23300024,160,6,5,0.0625
E30,8,20,0.3,25,23300025,160,3,4,0.05
E30,8,20,0.3,26,23300026,160,4,4,0.05
E30,8,20,0.3,27,23300027,160,3,3,0.0375
E30,8,20,0.3,28,23300028,160,7,8,0.1
E30,8,20,0.3,29,23300029,160,1,1,0.0125
E30,8,20,0.3,30,23300030,160,8,9,0.1125
E30,8,20,0.3,31,23300031,160,11,8,0.1
E30,8,20,0.3,32,23300032,160,6,6,0.075
E30,8,20,0.3,33,23300033,160,9,12,0.15
E30,8,20,0.3,34,23300034,160,3,4,0.05
E30,8,20,0.3,35,23300035,160,5,6,0.075
E30,8,20,0.3,36,23300036,160,8,8,0.1
E30,8,20,0.3,37,23300037,160,8,8,0.1
E30,8,20,0.3,38,23300038,160,6,5,0.0625
E30,8,20,0.3,39,23300039,160,4,4,0.05
E30,8,20,0.3,40,23300040,160,2,2,0.025
E30,8,20,0.3,41,23300041,160,9,11,0.1375
E30,8,20,0.3,42,23300042,160,9,11,0.1375
E30,8,20,0.3,43,23300043,160,6,7,0.0875
E30,8,20,0.3,44,23300044,160,7,8,0.1
E30,8,20,0.3,45,23300045,160,6,5,0.0625
E30,8,20,0.3,46,23300046,160,1,1,0.0125
E30,8,20,0.3,47,23300047,160,4,5,0.0625
E30,8,20,0.3,48,23300048,160,3,3,0.0375
E30,8,20,0.3,49,23300049,160,3,3,0.0375
E30,8,20,0.3,50,23300050,160,2,2,0.025
E30,8,20,0.3,51,23300051,160,4,5,0.0625
E30,8,20,0.3,52,23300052,160,4,4,0.05
E30,8,20,0.3,53,23300053,160,9,11,0.1375
E30,8,20,0.3,54,23300054,160,7,8,0.1
E30,8,20,0.3,55,23300055,160,4,5,0.0625
E30,8,20,0.3,56,23300056,160,1,1,0.0125
E30,8,20,0.3,57,23300057,160,5,5,0.0625
E30,8,20,0.3,58,23300058,160,9,10,0.125
E30,8,20,0.3,59,23300059,160,3,3,0.0375
E30,8,20,0.3,60,23300060,160,6,7,0.0875
E30,8,20,0.3,61,23300061,160,2,2,0.025
E30,8,20,0.3,62,23300062,160,4,3,0.0375
E30,8,20,0.3,63,23300063,160,6,7,0.0875
E30,8,20,0.3,64,23300064,160,4,5,0.0625
E30,8,20,0.3,65,23300065,160,9,11,0.1375
E30,8,20,0.3,66,23300066,160,3,3,0.0375
E30,8,20,0.3,67,23300067,160,5,6,0.075
E30,8,20,0.3,68,23300068,160,10,9,0.1125
E30,8,20,0.3,69,23300069,160,10,14,0.175
E30,8,20,0.3,70,23300070,160,7,7,0.0875
E30,8,20,0.3,71,23300071,160,5,9,0.1125
E30,8,20,0.3,72,23300072,160,8,6,0.075
E30,8,20,0.3,73,23300073,160,16,17,0.2125
E30,8,20,0.3,74,23300074,160,6,6,0.075
E30,8,20,0.3,75,23300075,160,2,2,0.025
E30,8,20,0.3,76,23300076,160,5,4,0.05
E30,8,20,0.3,77,23300077,160,6,7,0.0875
E30,8,20,0.3,78,23300078,160,3,4,0.05
E30,8,20,0.3,79,23300079,160,4,4,0.05
E30,8,20,0.3,80,23300080,160,9,7,0.0875
E30,8,20,0.3,81,23300081,160,6,6,0.075
E30,8,20,0.3,82,23300082,160,7,8,0.1
E30,8,20,0.3,83,23300083,160,8,9,0.1125
E30,8,20,0.3,84,23300084,160,3,5,0.0625
E30,8,20,0.3,85,23300085,160,5,5,0.0625
E30,8,20,0.3,86,23300086,160,4,5,0.0625
E30,8,20,0.3,87,23300087,160,3,4,0.05
E30,8,20,0.3,88,23300088,160,5,4,0.05
E30,8,20,0.3,89,23300089,160,8,8,0.1
E30,8,20,0.3,90,23300090,160,2,2,0.025
E30,8,20,0.3,91,23300091,160,8,8,0.1
E30,8,20,0.3,92,23300092,160,4,5,0.0625
E30,8,20,0.3,93,23300093,160,8,8,0.1
E30,8,20,0.3,94,23300094,160,6,8,0.1
E30,8,20,0.3,95,23300095,160,0,0,0.0
E30,8,20,0.3,96,23300096,160,3,3,0.0375
E30,8,20,0.3,97,23300097,160,2,2,0.025
E30,8,20,0.3,98,23300098,160,3,3,0.0375
E30,8,20,0.3,99,23300099,160,7,8,0.1
E30,8,20,0.3,100,23300100,160,5,5,0.0625
E30,8,20,0.3,101,23300101,160,8,8,0.1
E30,8,20,0.3,102,23300102,160,2,2,0.025
E30,8,20,0.3,103,23300103,160,5,5,0.0625
E30,8,20,0.3,104,23300104,160,4,6,0.075
E30,8,20,0.3,105,23300105,160,5,5,0.0625
E30,8,20,0.3,106,23300106,160,7,8,0.1
E30,8,20,0.3,107,23300107,160,5,5,0.0625
E30,8,20,0.3,108,23300108,160,8,8,0.1
E30,8,20,0.3,109,23300109,160,4,4,0.05
E30,8,20,0.3,110,23300110,160,8,8,0.1
E30,8,20,0.3,111,23300111,160,5,5,0.0625
E30,8,20,0.3,112,23300112,160,4,3,0.0375
E30,8,20,0.3,113,23300113,160,3,3,0.0375
E30,8,20,0.3,114,23300114,160,7,8,0.1
E30,8,20,0.3,115,23300115,160,3,2,0.025
E30,8,20,0.3,116,23300116,160,8,7,0.0875
E30,8,20,0.3,117,23300117,160,10,9,0.1125
E30,8,20,0.3,118,23300118,160,4,4,0.05
E30,8,20,0.3,119,23300119,160,7,8,0.1
E30,8,20,0.3,120,23300120,160,9,9,0.1125
E30,8,20,0.3,121,23300121,160,4,4,0.05
E30,8,20,0.3,122,23300122,160,7,6,0.075
E30,8,20,0.3,123,23300123,160,6,6,0.075
E30,8,20,0.3,124,23300124,160,4,4,0.05
E30,8,20,0.3,125,23300125,160,6,5,0.0625
E30,8,20,0.3,126,23300126,160,7,6,0.075
E30,8,20,0.3,127,23300127,160,5,6,0.075
E30,8,20,0.3,128,23300128,160,11,12,0.15
E30,8,20,0.3,129,23300129,160,10,11,0.1375
E30,8,20,0.3,130,23300130,160,2,2,0.025
E30,8,20,0.3,131,23300131,160,2,2,0.025
E30,8,20,0.3,132,23300132,160,8,7,0.0875
E30,8,20,0.3,133,23300133,160,4,3,0.0375
E30,8,20,0.3,134,23300134,160,3,3,0.0375
E30,8,20,0.3,135,23300135,160,3,3,0.0375
E30,8,20,0.3,136,23300136,160,9,7,0.0875
E30,8,20,0.3,137,23300137,160,2,2,0.025
E30,8,20,0.3,138,23300138,160,4,4,0.05
E30,8,20,0.3,139,23300139,160,3,4,0.05
E30,8,20,0.3,140,23300140,160,8,9,0.1125
E30,8,20,0.3,141,23300141,160,4,3,0.0375
E30,8,20,0.3,142,23300142,160,5,6,0.075
E30,8,20,0.3,143,23300143,160,9,9,0.1125
E30,8,20,0.3,144,23300144,160,2,2,0.025
E30,8,20,0.3,145,23300145,160,5,7,0.0875
E30,8,20,0.3,146,23300146,160,5,4,0.05
E30,8,20,0.3,147,23300147,160,3,3,0.0375
E30,8,20,0.3,148,23300148,160,5,5,0.0625
E30,8,20,0.3,149,23300149,160,5,5,0.0625
E30,8,20,0.3,150,23300150,160,7,9,0.1125
E30,8,20,0.3,151,23300151,160,5,7,0.0875
E30,8,20,0.3,152,23300152,160,8,9,0.1125
E30,8,20,0.3,153,23300153,160,5,6,0.075
E30,8,20,0.3,154,23300154,160,9,11,0.1375
E30,8,20,0.3,155,23300155,160,7,7,0.0875
E30,8,20,0.3,156,23300156,160,4,3,0.0375
E30,8,20,0.3,157,23300157,160,8,7,0.0875
E30,8,20,0.3,158,23300158,160,5,6,0.075
E30,8,20,0.3,159,23300159,160,6,6,0.075
E30,8,20,0.3,160,23300160,160,7,7,0.0875
E30,8,20,0.3,161,23300161,160,5,6,0.075
E30,8,20,0.3,162,23300162,160,4,4,0.05
E30,8,20,0.3,163,23300163,160,8,7,0.0875
E30,8,20,0.3,164,23300164,160,7,7,0.0875
E30,8,20,0.3,165,23300165,160,6,6,0.075
E30,8,20,0.3,166,23300166,160,7,7,0.0875
E30,8,20,0.3,167,23300167,160,5,6,0.075
E30,8,20,0.3,168,23300168,160,8,8,0.1
E30,8,20,0.3,169,23300169,160,6,6,0.075
E30,8,20,0.3,170,23300170,160,4,5,0.0625
E30,8,20,0.3,171,23300171,160,4,7,0.0875
E30,8,20,0.3,172,23300172,160,6,4,0.05
E30,8,20,0.3,173,23300173,160,3,5,0.0625
E30,8,20,0.3,174,23300174,160,4,4,0.05
E30,8,20,0.3,175,23300175,160,5,5,0.0625
E30,8,20,0.3,176,23300176,160,8,11,0.1375
E30,8,20,0.3,177,23300177,160,6,7,0.0875
E30,8,20,0.3,178,23300178,160,3,3,0.0375
E30,8,20,0.3,179,23300179,160,7,7,0.0875
E30,8,20,0.3,180,23300180,160,5,7,0.0875
E30,8,20,0.3,181,23300181,160,2,3,0.0375
E30,8,20,0.3,182,23300182,160,7,7,0.0875
E30,8,20,0.3,183,23300183,160,9,8,0.1
E30,8,20,0.3,184,23300184,160,7,8,0.1
E30,8,20,0.3,185,23300185,160,2,2,0.025
E30,8,20,0.3,186,23300186,160,6,6,0.075
E30,8,20,0.3,187,23300187,160,5,5,0.0625
E30,8,20,0.3,188,23300188,160,2,2,0.025
E30,8,20,0.3,189,23300189,160,1,1,0.0125
E30,8,20,0.3,190,23300190,160,7,8,0.1
E30,8,20,0.3,191,23300191,160,5,8,0.1
E30,8,20,0.3,192,23300192,160,7,7,0.0875
E30,8,20,0.3,193,23300193,160,8,10,0.125
E30,8,20,0.3,194,23300194,160,6,7,0.0875
E30,8,20,0.3,195,23300195,160,8,9,0.1125
E30,8,20,0.3,196,23300196,160,2,2,0.025
E30,8,20,0.3,197,23300197,160,7,8,0.1
E30,8,20,0.3,198,23300198,160,7,7,0.0875
E30,8,20,0.3,199,23300199,160,4,5,0.0625
E30,8,20,0.3,200,23300200,160,3,3,0.0375
E30,8,20,0.3,201,23300201,160,9,9,0.1125
E30,8,20,0.3,202,23300202,160,6,7,0.0875
E30,8,20,0.3,203,23300203,160,5,6,0.075
E30,8,20,0.3,204,23300204,160,2,2,0.025
E30,8,20,0.3,205,23300205,160,3,3,0.0375
E30,8,20,0.3,206,23300206,160,8,11,0.1375
E30,8,20,0.3,207,23300207,160,7,8,0.1
E30,8,20,0.3,208,23300208,160,4,4,0.05
E30,8,20,0.3,209,23300209,160,2,4,0.05
E30,8,20,0.3,210,23300210,160,4,4,0.05
E30,8,20,0.3,211,23300211,160,8,9,0.1125
E30,8,20,0.3,212,23300212,160,4,4,0.05
E30,8,20,0.3,213,23300213,160,4,5,0.0625
E30,8,20,0.3,214,23300214,160,7,9,0.1125
E30,8,20,0.3,215,23300215,160,5,5,0.0625
E30,8,20,0.3,216,23300216,160,2,2,0.025
E30,8,20,0.3,217,23300217,160,8,11,0.1375
E30,8,20,0.3,218,23300218,160,7,9,0.1125
E30,8,20,0.3,219,23300219,160,10,9,0.1125
E30,8,20,0.3,220,23300220,160,7,7,0.0875
E30,8,20,0.3,221,23300221,160,2,5,0.0625
E30,8,20,0.3,222,23300222,160,6,7,0.0875
E30,8,20,0.3,223,23300223,160,6,7,0.0875
E30,8,20,0.3,224,23300224,160,6,6,0.075
E30,8,20,0.3,225,23300225,160,5,7,0.0875
E30,8,20,0.3,226,23300226,160,7,9,0.1125
E30,8,20,0.3,227,23300227,160,4,4,0.05
E30,8,20,0.3,228,23300228,160,5,5,0.0625
E30,8,20,0.3,229,23300229,160,3,3,0.0375
E30,8,20,0.3,230,23300230,160,9,8,0.1
E30,8,20,0.3,231,23300231,160,3,3,0.0375
E30,8,20,0.3,232,23300232,160,7,8,0.1
E30,8,20,0.3,233,23300233,160,7,6,0.075
E30,8,20,0.3,234,23300234,160,5,8,0.1
E30,8,20,0.3,235,23300235,160,4,3,0.0375
E30,8,20,0.3,236,23300236,160,8,9,0.1125
E30,8,20,0.3,237,23300237,160,6,6,0.075
E30,8,20,0.3,238,23300238,160,5,5,0.0625
E30,8,20,0.3,239,23300239,160,8,8,0.1
E30,8,20,0.3,240,23300240,160,9,9,0.1125
E30,8,20,0.3,241,23300241,160,0,0,0.0
E30,8,20,0.3,242,23300242,160,9,13,0.1625
E30,8,20,0.3,243,23300243,160,2,2,0.025
E30,8,20,0.3,244,23300244,160,4,4,0.05
E30,8,20,0.3,245,23300245,160,11,12,0.15
E30,8,20,0.3,246,23300246,160,4,4,0.05
E30,8,20,0.3,247,23300247,160,1,2,0.025
E30,8,20,0.3,248,23300248,160,5,5,0.0625
E30,8,20,0.3,249,23300249,160,9,8,0.1
E30,8,20,0.3,250,23300250,160,5,8,0.1
E30,8,20,0.3,251,23300251,160,4,5,0.0625
E30,8,20,0.3,252,23300252,160,16,13,0.1625
E30,8,20,0.3,253,23300253,160,5,6,0.075
E30,8,20,0.3,254,23300254,160,11,11,0.1375
E30,8,20,0.3,255,23300255,160,4,6,0.075
E30,8,20,0.3,256,23300256,160,11,11,0.1375
E30,8,20,0.3,257,23300257,160,5,5,0.0625
E30,8,20,0.3,258,23300258,160,7,8,0.1
E30,8,20,0.3,259,23300259,160,7,8,0.1
E30,8,20,0.3,260,23300260,160,4,4,0.05
E30,8,20,0.3,261,23300261,160,3,4,0.05
E30,8,20,0.3,262,23300262,160,6,6,0.075
E30,8,20,0.3,263,23300263,160,6,7,0.0875
E30,8,20,0.3,264,23300264,160,6,4,0.05
E30,8,20,0.3,265,23300265,160,6,6,0.075
E30,8,20,0.3,266,23300266,160,1,1,0.0125
E30,8,20,0.3,267,23300267,160,4,4,0.05
E30,8,20,0.3,268,23300268,160,5,6,0.075
E30,8,20,0.3,269,23300269,160,2,3,0.0375
E30,8,20,0.3,270,23300270,160,8,9,0.1125
E30,8,20,0.3,271,23300271,160,9,10,0.125
E30,8,20,0.3,272,23300272,160,5,5,0.0625
E30,8,20,0.3,273,23300273,160,4,3,0.0375
E30,8,20,0.3,274,23300274,160,9,9,0.1125
E30,8,20,0.3,275,23300275,160,8,10,0.125
E30,8,20,0.3,276,23300276,160,0,0,0.0
E30,8,20,0.3,277,23300277,160,8,11,0.1375
E30,8,20,0.3,278,23300278,160,4,4,0.05
E30,8,20,0.3,279,23300279,160,6,6,0.075
E30,8,20,0.3,280,23300280,160,8,8,0.1
E30,8,20,0.3,281,23300281,160,8,8,0.1
E30,8,20,0.3,282,23300282,160,2,2,0.025
E30,8,20,0.3,283,23300283,160,6,6,0.075
E30,8,20,0.3,284,23300284,160,6,7,0.0875
E30,8,20,0.3,285,23300285,160,8,9,0.1125
E30,8,20,0.3,286,23300286,160,5,4,0.05
E30,8,20,0.3,287,23300287,160,7,6,0.075
E30,8,20,0.3,288,23300288,160,7,6,0.075
E30,8,20,0.3,289,23300289,160,4,4,0.05
E30,8,20,0.3,290,23300290,160,5,7,0.0875
E30,8,20,0.3,291,23300291,160,8,8,0.1
E30,8,20,0.3,292,23300292,160,4,4,0.05
E30,8,20,0.3,293,23300293,160,3,3,0.0375
E30,8,20,0.3,294,23300294,160,7,7,0.0875
E30,8,20,0.3,295,23300295,160,7,6,0.075
E30,8,20,0.3,296,23300296,160,6,5,0.0625
E30,8,20,0.3,297,23300297,160,7,6,0.075
E30,8,20,0.3,298,23300298,160,7,7,0.0875
E30,8,20,0.3,299,23300299,160,4,5,0.0625
E30,8,20,0.3,300,23300300,160,4,4,0.05
E30,8,20,0.3,301,23300301,160,3,2,0.025
E30,8,20,0.3,302,23300302,160,1,1,0.0125
E30,8,20,0.3,303,23300303,160,3,3,0.0375
E30,8,20,0.3,304,23300304,160,4,5,0.0625
E30,8,20,0.3,305,23300305,160,7,9,0.1125
E30,8,20,0.3,306,23300306,160,5,5,0.0625
E30,8,20,0.3,307,23300307,160,9,7,0.0875
E30,8,20,0.3,308,23300308,160,9,11,0.1375
E30,8,20,0.3,309,23300309,160,8,9,0.1125
E30,8,20,0.3,310,23300310,160,6,6,0.075
E30,8,20,0.3,311,23300311,160,9,9,0.1125
E30,8,20,0.3,312,23300312,160,2,2,0.025
E30,8,20,0.3,313,23300313,160,5,6,0.075
E30,8,20,0.3,314,23300314,160,3,3,0.0375
E30,8,20,0.3,315,23300315,160,2,3,0.0375
E30,8,20,0.3,316,23300316,160,2,2,0.025
E30,8,20,0.3,317,23300317,160,11,10,0.125
E30,8,20,0.3,318,23300318,160,6,7,0.0875
E30,8,20,0.3,319,23300319,160,2,2,0.025
E30,8,20,0.3,320,23300320,160,5,6,0.075
E30,8,20,0.3,321,23300321,160,2,2,0.025
E30,8,20,0.3,322,23300322,160,3,3,0.0375
E30,8,20,0.3,323,23300323,160,3,3,0.0375
E30,8,20,0.3,324,23300324,160,4,4,0.05
E30,8,20,0.3,325,23300325,160,2,2,0.025
E30,8,20,0.3,326,23300326,160,9,8,0.1
E30,8,20,0.3,327,23300327,160,5,5,0.0625
E30,8,20,0.3,328,23300328,160,4,3,0.0375
E30,8,20,0.3,329,23300329,160,3,3,0.0375
E30,8,20,0.3,330,23300330,160,9,10,0.125
E30,8,20,0.3,331,23300331,160,9,10,0.125
E30,8,20,0.3,332,23300332,160,11,12,0.15
E30,8,20,0.3,333,23300333,160,5,6,0.075
E30,8,20,0.3,334,23300334,160,3,3,0.0375
E30,8,20,0.3,335,23300335,160,4,5,0.0625
E30,8,20,0.3,336,23300336,160,3,4,0.05
E30,8,20,0.3,337,23300337,160,4,4,0.05
E30,8,20,0.3,338,23300338,160,5,5,0.0625
E30,8,20,0.3,339,23300339,160,4,4,0.05
E30,8,20,0.3,340,23300340,160,6,6,0.075
E30,8,20,0.3,341,23300341,160,5,5,0.0625
E30,8,20,0.3,342,23300342,160,6,6,0.075
E30,8,20,0.3,343,23300343,160,9,10,0.125
E30,8,20,0.3,344,23300344,160,7,7,0.0875
E30,8,20,0.3,345,23300345,160,3,3,0.0375
E30,8,20,0.3,346,23300346,160,4,4,0.05
E30,8,20,0.3,347,23300347,160,6,7,0.0875
E30,8,20,0.3,348,23300348,160,3,3,0.0375
E30,8,20,0.3,349,23300349,160,7,7,0.0875
E30,8,20,0.3,350,23300350,160,7,12,0.15
E30,8,20,0.3,351,23300351,160,4,4,0.05
E30,8,20,0.3,352,23300352,160,3,4,0.05
E30,8,20,0.3,353,23300353,160,8,10,0.125
E30,8,20,0.3,354,23300354,160,4,4,0.05
E30,8,20,0.3,355,23300355,160,4,5,0.0625
E30,8,20,0.3,356,23300356,160,7,6,0.075
E30,8,20,0.3,357,23300357,160,4,4,0.05
E30,8,20,0.3,358,23300358,160,3,3,0.0375
E30,8,20,0.3,359,23300359,160,8,9,0.1125
E30,8,20,0.3,360,23300360,160,7,7,0.0875
E30,8,20,0.3,361,23300361,160,9,9,0.1125
E30,8,20,0.3,362,23300362,160,6,7,0.0875
E30,8,20,0.3,363,23300363,160,7,7,0.0875
E30,8,20,0.3,364,23300364,160,6,7,0.0875
E30,8,20,0.3,365,23300365,160,4,5,0.0625
E30,8,20,0.3,366,23300366,160,4,4,0.05
E30,8,20,0.3,367,23300367,160,5,9,0.1125
E30,8,20,0.3,368,23300368,160,6,6,0.075
E30,8,20,0.3,369,23300369,160,5,5,0.0625
E30,8,20,0.3,370,23300370,160,10,10,0.125
E30,8,20,0.3,371,23300371,160,6,7,0.0875
E30,8,20,0.3,372,23300372,160,2,2,0.025
E30,8,20,0.3,373,23300373,160,7,7,0.0875
E30,8,20,0.3,374,23300374,160,4,4,0.05
E30,8,20,0.3,375,23300375,160,6,8,0.1
E30,8,20,0.3,376,23300376,160,1,1,0.0125
E30,8,20,0.3,377,23300377,160,6,9,0.1125
E30,8,20,0.3,378,23300378,160,4,4,0.05
E30,8,20,0.3,379,23300379,160,6,8,0.1
E30,8,20,0.3,380,23300380,160,5,5,0.0625
E30,8,20,0.3,381,23300381,160,4,6,0.075
E30,8,20,0.3,382,23300382,160,9,10,0.125
E30,8,20,0.3,383,23300383,160,3,3,0.0375
E30,8,20,0.3,384,23300384,160,6,5,0.0625
E30,8,20,0.3,385,23300385,160,4,5,0.0625
E30,8,20,0.3,386,23300386,160,6,7,0.0875
E30,8,20,0.3,387,23300387,160,8,8,0.1
E30,8,20,0.3,388,23300388,160,3,6,0.075
E30,8,20,0.3,389,23300389,160,9,9,0.1125
E30,8,20,0.3,390,23300390,160,8,7,0.0875
E30,8,20,0.3,391,23300391,160,6,6,0.075
E30,8,20,0.3,392,23300392,160,6,7,0.0875
E30,8,20,0.3,393,23300393,160,7,6,0.075
E30,8,20,0.3,394,23300394,160,7,7,0.0875
E30,8,20,0.3,395,23300395,160,4,4,0.05
E30,8,20,0.3,396,23300396,160,5,6,0.075
E30,8,20,0.3,397,23300397,160,8,8,0.1
E30,8,20,0.3,398,23300398,160,7,6,0.075
E30,8,20,0.3,399,23300399,160,4,4,0.05
E30,8,20,0.3,400,23300400,160,6,7,0.0875
E30,8,20,0.3,401,23300401,160,3,4,0.05
E30,8,20,0.3,402,23300402,160,6,6,0.075
E30,8,20,0.3,403,23300403,160,6,8,0.1
E30,8,20,0.3,404,23300404,160,3,4,0.05
E30,8,20,0.3,405,23300405,160,8,9,0.1125
E30,8,20,0.3,406,23300406,160,8,7,0.0875
E30,8,20,0.3,407,23300407,160,9,11,0.1375
E30,8,20,0.3,408,23300408,160,6,5,0.0625
E30,8,20,0.3,409,23300409,160,5,5,0.0625
E30,8,20,0.3,410,23300410,160,3,4,0.05
E30,8,20,0.3,411,23300411,160,2,2,0.025
E30,8,20,0.3,412,23300412,160,3,3,0.0375
E30,8,20,0.3,413,23300413,160,8,8,0.1
E30,8,20,0.3,414,23300414,160,5,5,0.0625
E30,8,20,0.3,415,23300415,160,5,6,0.075
E30,8,20,0.3,416,23300416,160,5,7,0.0875
E30,8,20,0.3,417,23300417,160,10,10,0.125
E30,8,20,0.3,418,23300418,160,4,4,0.05
E30,8,20,0.3,419,23300419,160,4,4,0.05
E30,8,20,0.3,420,23300420,160,2,2,0.025
E30,8,20,0.3,421,23300421,160,6,8,0.1
E30,8,20,0.3,422,23300422,160,6,6,0.075
E30,8,20,0.3,423,23300423,160,5,5,0.0625
E30,8,20,0.3,424,23300424,160,3,3,0.0375
E30,8,20,0.3,425,23300425,160,4,4,0.05
E30,8,20,0.3,426,23300426,160,4,4,0.05
E30,8,20,0.3,427,23300427,160,4,5,0.0625
E30,8,20,0.3,428,23300428,160,7,9,0.1125
E30,8,20,0.3,429,23300429,160,4,4,0.05
E30,8,20,0.3,430,23300430,160,8,9,0.1125
E30,8,20,0.3,431,23300431,160,9,8,0.1
E30,8,20,0.3,432,23300432,160,6,7,0.0875
E30,8,20,0.3,433,23300433,160,12,14,0.175
E30,8,20,0.3,434,23300434,160,3,3,0.0375
E30,8,20,0.3,435,23300435,160,5,4,0.05
E30,8,20,0.3,436,23300436,160,3,3,0.0375
E30,8,20,0.3,437,23300437,160,8,9,0.1125
E30,8,20,0.3,438,23300438,160,3,3,0.0375
E30,8,20,0.3,439,23300439,160,10,10,0.125
E30,8,20,0.3,440,23300440,160,4,5,0.0625
E30,8,20,0.3,441,23300441,160,8,7,0.0875
E30,8,20,0.3,442,23300442,160,5,7,0.0875
E30,8,20,0.3,443,23300443,160,4,4,0.05
E30,8,20,0.3,444,23300444,160,6,6,0.075
E30,8,20,0.3,445,23300445,160,8,8,0.1
E30,8,20,0.3,446,23300446,160,6,6,0.075
E30,8,20,0.3,447,23300447,160,3,3,0.0375
E30,8,20,0.3,448,23300448,160,8,13,0.1625
E30,8,20,0.3,449,23300449,160,4,9,0.1125
E30,8,20,0.3,450,23300450,160,2,2,0.025
E30,8,20,0.3,451,23300451,160,4,4,0.05
E30,8,20,0.3,452,23300452,160,3,3,0.0375
E30,8,20,0.3,453,23300453,160,7,9,0.1125
E30,8,20,0.3,454,23300454,160,7,6,0.075
E30,8,20,0.3,455,23300455,160,2,2,0.025
E30,8,20,0.3,456,23300456,160,5,5,0.0625
E30,8,20,0.3,457,23300457,160,5,6,0.075
E30,8,20,0.3,458,23300458,160,6,7,0.0875
E30,8,20,0.3,459,23300459,160,3,4,0.05
E30,8,20,0.3,460,23300460,160,1,1,0.0125
E30,8,20,0.3,461,23300461,160,2,2,0.025
E30,8,20,0.3,462,23300462,160,4,6,0.075
E30,8,20,0.3,463,23300463,160,8,9,0.1125
E30,8,20,0.3,464,23300464,160,5,5,0.0625
E30,8,20,0.3,465,23300465,160,3,3,0.0375
E30,8,20,0.3,466,23300466,160,7,7,0.0875
E30,8,20,0.3,467,23300467,160,6,6,0.075
E30,8,20,0.3,468,23300468,160,7,6,0.075
E30,8,20,0.3,469,23300469,160,1,1,0.0125
E30,8,20,0.3,470,23300470,160,12,12,0.15
E30,8,20,0.3,471,23300471,160,8,9,0.1125
E30,8,20,0.3,472,23300472,160,6,6,0.075
E30,8,20,0.3,473,23300473,160,5,5,0.0625
E30,8,20,0.3,474,23300474,160,6,7,0.0875
E30,8,20,0.3,475,23300475,160,5,4,0.05
E30,8,20,0.3,476,23300476,160,10,12,0.15
E30,8,20,0.3,477,23300477,160,7,7,0.0875
E30,8,20,0.3,478,23300478,160,4,5,0.0625
E30,8,20,0.3,479,23300479,160,4,3,0.0375
E30,8,20,0.3,480,23300480,160,7,9,0.1125
E30,8,20,0.3,481,23300481,160,4,5,0.0625
E30,8,20,0.3,482,23300482,160,1,1,0.0125
E30,8,20,0.3,483,23300483,160,5,8,0.1
E30,8,20,0.3,484,23300484,160,5,4,0.05
E30,8,20,0.3,485,23300485,160,7,6,0.075
E30,8,20,0.3,486,23300486,160,2,2,0.025
E30,8,20,0.3,487,23300487,160,6,6,0.075
E30,8,20,0.3,488,23300488,160,7,8,0.1
E30,8,20,0.3,489,23300489,160,6,7,0.0875
E30,8,20,0.3,490,23300490,160,3,4,0.05
E30,8,20,0.3,491,23300491,160,8,10,0.125
E30,8,20,0.3,492,23300492,160,3,4,0.05
E30,8,20,0.3,493,23300493,160,8,8,0.1
E30,8,20,0.3,494,23300494,160,5,5,0.0625
E30,8,20,0.3,495,23300495,160,3,4,0.05
E30,8,20,0.3,496,23300496,160,5,5,0.0625
E30,8,20,0.3,497,23300497,160,5,5,0.0625
E30,8,20,0.3,498,23300498,160,4,4,0.05
E30,8,20,0.3,499,23300499,160,7,9,0.1125
E30,8,20,0.6,0,24300000,160,2,3,0.0375
E30,8,20,0.6,1,24300001,160,3,5,0.0625
E30,8,20,0.6,2,24300002,160,4,8,0.1
E30,8,20,0.6,3,24300003,160,3,5,0.0625
E30,8,20,0.6,4,24300004,160,6,10,0.125
E30,8,20,0.6,5,24300005,160,5,7,0.0875
E30,8,20,0.6,6,24300006,160,3,5,0.0625
E30,8,20,0.6,7,24300007,160,7,10,0.125
E30,8,20,0.6,8,24300008,160,4,6,0.075
E30,8,20,0.6,9,24300009,160,6,10,0.125
E30,8,20,0.6,10,24300010,160,3,3,0.0375
E30,8,20,0.6,11,24300011,160,4,6,0.075
E30,8,20,0.6,12,24300012,160,1,1,0.0125
E30,8,20,0.6,13,24300013,160,7,13,0.1625
E30,8,20,0.6,14,24300014,160,4,5,0.0625
E30,8,20,0.6,15,24300015,160,2,3,0.0375
E30,8,20,0.6,16,24300016,160,5,6,0.075
E30,8,20,0.6,17,24300017,160,5,5,0.0625
E30,8,20,0.6,18,24300018,160,2,2,0.025
E30,8,20,0.6,19,24300019,160,4,9,0.1125
E30,8,20,0.6,20,24300020,160,5,8,0.1
E30,8,20,0.6,21,24300021,160,4,7,0.0875
E30,8,20,0.6,22,24300022,160,4,7,0.0875
E30,8,20,0.6,23,24300023,160,5,8,0.1
E30,8,20,0.6,24,24300024,160,0,0,0.0
E30,8,20,0.6,25,24300025,160,0,0,0.0
E30,8,20,0.6,26,24300026,160,6,8,0.1
E30,8,20,0.6,27,24300027,160,1,2,0.025
E30,8,20,0.6,28,24300028,160,4,6,0.075
E30,8,20,0.6,29,24300029,160,7,10,0.125
E30,8,20,0.6,30,24300030,160,6,8,0.1
E30,8,20,0.6,31,24300031,160,1,2,0.025
E30,8,20,0.6,32,24300032,160,5,8,0.1
E30,8,20,0.6,33,24300033,160,4,6,0.075
E30,8,20,0.6,34,24300034,160,1,2,0.025
E30,8,20,0.6,35,24300035,160,5,6,0.075
E30,8,20,0.6,36,24300036,160,2,3,0.0375
E30,8,20,0.6,37,24300037,160,2,3,0.0375
E30,8,20,0.6,38,24300038,160,4,7,0.0875
E30,8,20,0.6,39,24300039,160,5,5,0.0625
E30,8,20,0.6,40,24300040,160,3,5,0.0625
E30,8,20,0.6,41,24300041,160,5,7,0.0875
E30,8,20,0.6,42,24300042,160,4,6,0.075
E30,8,20,0.6,43,24300043,160,2,2,0.025
E30,8,20,0.6,44,24300044,160,3,5,0.0625
E30,8,20,0.6,45,24300045,160,3,5,0.0625
E30,8,20,0.6,46,24300046,160,3,6,0.075
E30,8,20,0.6,47,24300047,160,5,7,0.0875
E30,8,20,0.6,48,24300048,160,2,4,0.05
E30,8,20,0.6,49,24300049,160,1,2,0.025
E30,8,20,0.6,50,24300050,160,6,7,0.0875
E30,8,20,0.6,51,24300051,160,1,2,0.025
E30,8,20,0.6,52,24300052,160,4,7,0.0875
E30,8,20,0.6,53,24300053,160,3,4,0.05
E30,8,20,0.6,54,24300054,160,9,13,0.1625
E30,8,20,0.6,55,24300055,160,2,4,0.05
E30,8,20,0.6,56,24300056,160,10,12,0.15
E30,8,20,0.6,57,24300057,160,4,4,0.05
E30,8,20,0.6,58,24300058,160,3,2,0.025
E30,8,20,0.6,59,24300059,160,2,2,0.025
E30,8,20,0.6,60,24300060,160,2,4,0.05
E30,8,20,0.6,61,24300061,160,4,6,0.075
E30,8,20,0.6,62,24300062,160,3,6,0.075
E30,8,20,0.6,63,24300063,160,4,6,0.075
E30,8,20,0.6,64,24300064,160,3,4,0.05
E30,8,20,0.6,65,24300065,160,3,5,0.0625
E30,8,20,0.6,66,24300066,160,9,15,0.1875
E30,8,20,0.6,67,24300067,160,3,6,0.075
E30,8,20,0.6,68,24300068,160,3,6,0.075
E30,8,20,0.6,69,24300069,160,1,1,0.0125
E30,8,20,0.6,70,24300070,160,1,1,0.0125
E30,8,20,0.6,71,24300071,160,4,6,0.075
E30,8,20,0.6,72,24300072,160,4,8,0.1
E30,8,20,0.6,73,24300073,160,4,6,0.075
E30,8,20,0.6,74,24300074,160,4,7,0.0875
E30,8,20,0.6,75,24300075,160,2,5,0.0625
E30,8,20,0.6,76,24300076,160,4,7,0.0875
E30,8,20,0.6,77,24300077,160,3,5,0.0625
E30,8,20,0.6,78,24300078,160,6,5,0.0625
E30,8,20,0.6,79,24300079,160,7,13,0.1625
E30,8,20,0.6,80,24300080,160,1,1,0.0125
E30,8,20,0.6,81,24300081,160,3,5,0.0625
E30,8,20,0.6,82,24300082,160,3,5,0.0625
E30,8,20,0.6,83,24300083,160,4,5,0.0625
E30,8,20,0.6,84,24300084,160,3,5,0.0625
E30,8,20,0.6,85,24300085,160,4,6,0.075
E30,8,20,0.6,86,24300086,160,5,6,0.075
E30,8,20,0.6,87,24300087,160,3,5,0.0625
E30,8,20,0.6,88,24300088,160,4,6,0.075
E30,8,20,0.6,89,24300089,160,5,8,0.1
E30,8,20,0.6,90,24300090,160,1,1,0.0125
E30,8,20,0.6,91,24300091,160,3,6,0.075
E30,8,20,0.6,92,24300092,160,3,3,0.0375
E30,8,20,0.6,93,24300093,160,3,4,0.05
E30,8,20,0.6,94,24300094,160,2,4,0.05
E30,8,20,0.6,95,24300095,160,4,8,0.1
E30,8,20,0.6,96,24300096,160,4,7,0.0875
E30,8,20,0.6,97,24300097,160,2,3,0.0375
E30,8,20,0.6,98,24300098,160,3,5,0.0625
E30,8,20,0.6,99,24300099,160,5,6,0.075
E30,8,20,0.6,100,24300100,160,0,0,0.0
E30,8,20,0.6,101,24300101,160,1,2,0.025
E30,8,20,0.6,102,24300102,160,6,10,0.125
E30,8,20,0.6,103,24300103,160,3,3,0.0375
E30,8,20,0.6,104,24300104,160,2,2,0.025
E30,8,20,0.6,105,24300105,160,5,8,0.1
E30,8,20,0.6,106,24300106,160,0,0,0.0
E30,8,20,0.6,107,24300107,160,4,8,0.1
E30,8,20,0.6,108,24300108,160,7,13,0.1625
E30,8,20,0.6,109,24300109,160,1,2,0.025
E30,8,20,0.6,110,24300110,160,3,5,0.0625
E30,8,20,0.6,111,24300111,160,4,8,0.1
E30,8,20,0.6,112,24300112,160,7,12,0.15
E30,8,20,0.6,113,24300113,160,5,8,0.1
E30,8,20,0.6,114,24300114,160,3,5,0.0625
E30,8,20,0.6,115,24300115,160,3,6,0.075
E30,8,20,0.6,116,24300116,160,5,7,0.0875
E30,8,20,0.6,117,24300117,160,3,5,0.0625
E30,8,20,0.6,118,24300118,160,1,2,0.025
E30,8,20,0.6,119,24300119,160,3,3,0.0375
E30,8,20,0.6,120,24300120,160,5,8,0.1
E30,8,20,0.6,121,24300121,160,3,5,0.0625
E30,8,20,0.6,122,24300122,160,4,5,0.0625
E30,8,20,0.6,123,24300123,160,6,8,0.1
E30,8,20,0.6,124,24300124,160,6,10,0.125
E30,8,20,0.6,125,24300125,160,5,10,0.125
E30,8,20,0.6,126,24300126,160,4,6,0.075
E30,8,20,0.6,127,24300127,160,1,2,0.025
E30,8,20,0.6,128,24300128,160,3,4,0.05
E30,8,20,0.6,129,24300129,160,3,6,0.075
E30,8,20,0.6,130,24300130,160,5,9,0.1125
E30,8,20,0.6,131,24300131,160,7,9,0.1125
E30,8,20,0.6,132,24300132,160,4,6,0.075
E30,8,20,0.6,133,24300133,160,7,7,0.0875
E30,8,20,0.6,134,24300134,160,8,8,0.1
E30,8,20,0.6,135,24300135,160,4,4,0.05
E30,8,20,0.6,136,24300136,160,2,2,0.025
E30,8,20,0.6,137,24300137,160,2,3,0.0375
E30,8,20,0.6,138,24300138,160,4,5,0.0625
E30,8,20,0.6,139,24300139,160,2,3,0.0375
E30,8,20,0.6,140,24300140,160,4,7,0.0875
E30,8,20,0.6,141,24300141,160,4,7,0.0875
E30,8,20,0.6,142,24300142,160,5,7,0.0875
E30,8,20,0.6,143,24300143,160,5,10,0.125
E30,8,20,0.6,144,24300144,160,2,2,0.025
E30,8,20,0.6,145,24300145,160,7,10,0.125
E30,8,20,0.6,146,24300146,160,4,7,0.0875
E30,8,20,0.6,147,24300147,160,5,7,0.0875
E30,8,20,0.6,148,24300148,160,2,4,0.05
E30,8,20,0.6,149,24300149,160,4,6,0.075
E30,8,20,0.6,150,24300150,160,1,2,0.025
E30,8,20,0.6,151,24300151,160,3,6,0.075
E30,8,20,0.6,152,24300152,160,3,3,0.0375
E30,8,20,0.6,153,24300153,160,3,4,0.05
E30,8,20,0.6,154,24300154,160,7,10,0.125
E30,8,20,0.6,155,24300155,160,5,7,0.0875
E30,8,20,0.6,156,24300156,160,7,11,0.1375
E30,8,20,0.6,157,24300157,160,3,4,0.05
E30,8,20,0.6,158,24300158,160,2,2,0.025
E30,8,20,0.6,159,24300159,160,1,1,0.0125
E30,8,20,0.6,160,24300160,160,3,5,0.0625
E30,8,20,0.6,161,24300161,160,5,10,0.125
E30,8,20,0.6,162,24300162,160,5,7,0.0875
E30,8,20,0.6,163,24300163,160,2,3,0.0375
E30,8,20,0.6,164,24300164,160,2,2,0.025
E30,8,20,0.6,165,24300165,160,4,7,0.0875
E30,8,20,0.6,166,24300166,160,5,8,0.1
E30,8,20,0.6,167,24300167,160,6,8,0.1
E30,8,20,0.6,168,24300168,160,4,6,0.075
E30,8,20,0.6,169,24300169,160,5,9,0.1125
E30,8,20,0.6,170,24300170,160,2,3,0.0375
E30,8,20,0.6,171,24300171,160,2,2,0.025
E30,8,20,0.6,172,24300172,160,0,0,0.0
E30,8,20,0.6,173,24300173,160,2,4,0.05
E30,8,20,0.6,174,24300174,160,5,7,0.0875
E30,8,20,0.6,175,24300175,160,3,6,0.075
E30,8,20,0.6,176,24300176,160,2,2,0.025
E30,8,20,0.6,177,24300177,160,1,1,0.0125
E30,8,20,0.6,178,24300178,160,6,9,0.1125
E30,8,20,0.6,179,24300179,160,3,4,0.05
E30,8,20,0.6,180,24300180,160,4,9,0.1125
E30,8,20,0.6,181,24300181,160,4,6,0.075
E30,8,20,0.6,182,24300182,160,2,3,0.0375
E30,8,20,0.6,183,24300183,160,2,2,0.025
E30,8,20,0.6,184,24300184,160,4,5,0.0625
E30,8,20,0.6,185,24300185,160,3,5,0.0625
E30,8,20,0.6,186,24300186,160,3,6,0.075
E30,8,20,0.6,187,24300187,160,4,8,0.1
E30,8,20,0.6,188,24300188,160,8,9,0.1125
E30,8,20,0.6,189,24300189,160,4,4,0.05
E30,8,20,0.6,190,24300190,160,5,8,0.1
E30,8,20,0.6,191,24300191,160,4,4,0.05
E30,8,20,0.6,192,24300192,160,4,4,0.05
E30,8,20,0.6,193,24300193,160,2,3,0.0375
E30,8,20,0.6,194,24300194,160,1,2,0.025
E30,8,20,0.6,195,24300195,160,5,10,0.125
E30,8,20,0.6,196,24300196,160,3,4,0.05
E30,8,20,0.6,197,24300197,160,1,2,0.025
E30,8,20,0.6,198,24300198,160,5,13,0.1625
E30,8,20,0.6,199,24300199,160,4,8,0.1
E30,8,20,0.6,200,24300200,160,1,1,0.0125
E30,8,20,0.6,201,24300201,160,10,15,0.1875
E30,8,20,0.6,202,24300202,160,0,0,0.0
E30,8,20,0.6,203,24300203,160,2,3,0.0375
E30,8,20,0.6,204,24300204,160,2,3,0.0375
E30,8,20,0.6,205,24300205,160,0,0,0.0
E30,8,20,0.6,206,24300206,160,5,12,0.15
E30,8,20,0.6,207,24300207,160,0,0,0.0
E30,8,20,0.6,208,24300208,160,3,4,0.05
E30,8,20,0.6,209,24300209,160,3,4,0.05
E30,8,20,0.6,210,24300210,160,2,3,0.0375
E30,8,20,0.6,211,24300211,160,5,6,0.075
E30,8,20,0.6,212,24300212,160,3,6,0.075
E30,8,20,0.6,213,24300213,160,3,5,0.0625
E30,8,20,0.6,214,24300214,160,4,6,0.075
E30,8,20,0.6,215,24300215,160,2,4,0.05
E30,8,20,0.6,216,24300216,160,3,5,0.0625
E30,8,20,0.6,217,24300217,160,4,7,0.0875
E30,8,20,0.6,218,24300218,160,2,3,0.0375
E30,8,20,0.6,219,24300219,160,6,10,0.125
E30,8,20,0.6,220,24300220,160,3,4,0.05
E30,8,20,0.6,221,24300221,160,3,5,0.0625
E30,8,20,0.6,222,24300222,160,3,5,0.0625
E30,8,20,0.6,223,24300223,160,2,2,0.025
E30,8,20,0.6,224,24300224,160,6,11,0.1375
E30,8,20,0.6,225,24300225,160,3,5,0.0625
E30,8,20,0.6,226,24300226,160,4,6,0.075
E30,8,20,0.6,227,24300227,160,3,5,0.0625
E30,8,20,0.6,228,24300228,160,2,3,0.0375
E30,8,20,0.6,229,24300229,160,3,5,0.0625
E30,8,20,0.6,230,24300230,160,5,8,0.1
E30,8,20,0.6,231,24300231,160,5,6,0.075
E30,8,20,0.6,232,24300232,160,3,6,0.075
E30,8,20,0.6,233,24300233,160,6,7,0.0875
E30,8,20,0.6,234,24300234,160,4,7,0.0875
E30,8,20,0.6,235,24300235,160,4,5,0.0625
E30,8,20,0.6,236,24300236,160,3,6,0.075
E30,8,20,0.6,237,24300237,160,3,6,0.075
E30,8,20,0.6,238,24300238,160,3,5,0.0625
E30,8,20,0.6,239,24300239,160,4,6,0.075
E30,8,20,0.6,240,24300240,160,3,4,0.05
E30,8,20,0.6,241,24300241,160,5,9,0.1125
E30,8,20,0.6,242,24300242,160,3,4,0.05
E30,8,20,0.6,243,24300243,160,4,8,0.1
E30,8,20,0.6,244,24300244,160,5,7,0.0875
E30,8,20,0.6,245,24300245,160,3,4,0.05
E30,8,20,0.6,246,24300246,160,4,6,0.075
E30,8,20,0.6,247,24300247,160,1,1,0.0125
E30,8,20,0.6,248,24300248,160,8,11,0.1375
E30,8,20,0.6,249,24300249,160,6,11,0.1375
E30,8,20,0.6,250,24300250,160,2,5,0.0625
E30,8,20,0.6,251,24300251,160,3,6,0.075
E30,8,20,0.6,252,24300252,160,3,4,0.05
E30,8,20,0.6,253,24300253,160,3,5,0.0625
E30,8,20,0.6,254,24300254,160,1,2,0.025
E30,8,20,0.6,255,24300255,160,3,5,0.0625
E30,8,20,0.6,256,24300256,160,4,7,0.0875
E30,8,20,0.6,257,24300257,160,2,5,0.0625
E30,8,20,0.6,258,24300258,160,4,7,0.0875
E30,8,20,0.6,259,24300259,160,1,1,0.0125
E30,8,20,0.6,260,24300260,160,3,4,0.05
E30,8,20,0.6,261,24300261,160,4,5,0.0625
E30,8,20,0.6,262,24300262,160,3,5,0.0625
E30,8,20,0.6,263,24300263,160,6,7,0.0875
E30,8,20,0.6,264,24300264,160,6,7,0.0875
E30,8,20,0.6,265,24300265,160,4,5,0.0625
E30,8,20,0.6,266,24300266,160,0,0,0.0
E30,8,20,0.6,267,24300267,160,2,3,0.0375
E30,8,20,0.6,268,24300268,160,4,7,0.0875
E30,8,20,0.6,269,24300269,160,0,0,0.0
E30,8,20,0.6,270,24300270,160,2,3,0.0375
E30,8,20,0.6,271,24300271,160,8,10,0.125
E30,8,20,0.6,272,24300272,160,5,10,0.125
E30,8,20,0.6,273,24300273,160,2,2,0.025
E30,8,20,0.6,274,24300274,160,6,12,0.15
E30,8,20,0.6,275,24300275,160,4,5,0.0625
E30,8,20,0.6,276,24300276,160,5,10,0.125
E30,8,20,0.6,277,24300277,160,3,5,0.0625
E30,8,20,0.6,278,24300278,160,2,3,0.0375
E30,8,20,0.6,279,24300279,160,6,9,0.1125
E30,8,20,0.6,280,24300280,160,0,0,0.0
E30,8,20,0.6,281,24300281,160,4,7,0.0875
E30,8,20,0.6,282,24300282,160,8,11,0.1375
E30,8,20,0.6,283,24300283,160,2,4,0.05
E30,8,20,0.6,284,24300284,160,8,12,0.15
E30,8,20,0.6,285,24300285,160,2,3,0.0375
E30,8,20,0.6,286,24300286,160,2,2,0.025
E30,8,20,0.6,287,24300287,160,5,6,0.075
E30,8,20,0.6,288,24300288,160,0,0,0.0
E30,8,20,0.6,289,24300289,160,5,10,0.125
E30,8,20,0.6,290,24300290,160,3,5,0.0625
E30,8,20,0.6,291,24300291,160,2,3,0.0375
E30,8,20,0.6,292,24300292,160,2,3,0.0375
E30,8,20,0.6,293,24300293,160,5,8,0.1
E30,8,20,0.6,294,24300294,160,2,3,0.0375
E30,8,20,0.6,295,24300295,160,8,12,0.15
E30,8,20,0.6,296,24300296,160,7,13,0.1625
E30,8,20,0.6,297,24300297,160,2,3,0.0375
E30,8,20,0.6,298,24300298,160,2,4,0.05
E30,8,20,0.6,299,24300299,160,6,8,0.1
E30,8,20,0.6,300,24300300,160,4,6,0.075
E30,8,20,0.6,301,24300301,160,7,10,0.125
E30,8,20,0.6,302,24300302,160,2,4,0.05
E30,8,20,0.6,303,24300303,160,2,2,0.025
E30,8,20,0.6,304,24300304,160,3,4,0.05
E30,8,20,0.6,305,24300305,160,3,6,0.075
E30,8,20,0.6,306,24300306,160,3,4,0.05
E30,8,20,0.6,307,24300307,160,3,6,0.075
E30,8,20,0.6,308,24300308,160,2,4,0.05
E30,8,20,0.6,309,24300309,160,2,4,0.05
E30,8,20,0.6,310,24300310,160,4,6,0.075
E30,8,20,0.6,311,24300311,160,8,10,0.125
E30,8,20,0.6,312,24300312,160,3,3,0.0375
E30,8,20,0.6,313,24300313,160,7,8,0.1
E30,8,20,0.6,314,24300314,160,3,5,0.0625
E30,8,20,0.6,315,24300315,160,4,4,0.05
E30,8,20,0.6,316,24300316,160,3,5,0.0625
E30,8,20,0.6,317,24300317,160,3,5,0.0625
E30,8,20,0.6,318,24300318,160,4,4,0.05
E30,8,20,0.6,319,24300319,160,1,1,0.0125
E30,8,20,0.6,320,24300320,160,4,8,0.1
E30,8,20,0.6,321,24300321,160,6,10,0.125
E30,8,20,0.6,322,24300322,160,2,3,0.0375
E30,8,20,0.6,323,24300323,160,5,6,0.075
E30,8,20,0.6,324,24300324,160,2,2,0.025
E30,8,20,0.6,325,24300325,160,5,4,0.05
E30,8,20,0.6,326,24300326,160,7,11,0.1375
E30,8,20,0.6,327,24300327,160,4,5,0.0625
E30,8,20,0.6,328,24300328,160,0,0,0.0
E30,8,20,0.6,329,24300329,160,3,4,0.05
E30,8,20,0.6,330,24300330,160,2,3,0.0375
E30,8,20,0.6,331,24300331,160,3,6,0.075
E30,8,20,0.6,332,24300332,160,2,3,0.0375
E30,8,20,0.6,333,24300333,160,6,10,0.125
E30,8,20,0.6,334,24300334,160,4,5,0.0625
E30,8,20,0.6,335,24300335,160,6,9,0.1125
E30,8,20,0.6,336,24300336,160,3,6,0.075
E30,8,20,0.6,337,24300337,160,2,4,0.05
E30,8,20,0.6,338,24300338,160,2,4,0.05
E30,8,20,0.6,339,24300339,160,3,6,0.075
E30,8,20,0.6,340,24300340,160,4,6,0.075
E30,8,20,0.6,341,24300341,160,2,3,0.0375
E30,8,20,0.6,342,24300342,160,6,10,0.125
E30,8,20,0.6,343,24300343,160,5,8,0.1
E30,8,20,0.6,344,24300344,160,2,4,0.05
E30,8,20,0.6,345,24300345,160,4,5,0.0625
E30,8,20,0.6,346,24300346,160,0,0,0.0
E30,8,20,0.6,347,24300347,160,3,5,0.0625
E30,8,20,0.6,348,24300348,160,2,2,0.025
E30,8,20,0.6,349,24300349,160,4,8,0.1
E30,8,20,0.6,350,24300350,160,4,4,0.05
E30,8,20,0.6,351,24300351,160,4,8,0.1
E30,8,20,0.6,352,24300352,160,4,7,0.0875
E30,8,20,0.6,353,24300353,160,4,6,0.075
E30,8,20,0.6,354,24300354,160,5,7,0.0875
E30,8,20,0.6,355,24300355,160,1,3,0.0375
E30,8,20,0.6,356,24300356,160,4,6,0.075
E30,8,20,0.6,357,24300357,160,3,3,0.0375
E30,8,20,0.6,358,24300358,160,1,1,0.0125
E30,8,20,0.6,359,24300359,160,4,8,0.1
E30,8,20,0.6,360,24300360,160,5,9,0.1125
E30,8,20,0.6,361,24300361,160,3,3,0.0375
E30,8,20,0.6,362,24300362,160,1,2,0.025
E30,8,20,0.6,363,24300363,160,1,2,0.025
E30,8,20,0.6,364,24300364,160,2,4,0.05
E30,8,20,0.6,365,24300365,160,1,2,0.025
E30,8,20,0.6,366,24300366,160,1,1,0.0125
E30,8,20,0.6,367,24300367,160,3,4,0.05
E30,8,20,0.6,368,24300368,160,4,6,0.075
E30,8,20,0.6,369,24300369,160,6,7,0.0875
E30,8,20,0.6,370,24300370,160,4,5,0.0625
E30,8,20,0.6,371,24300371,160,4,7,0.0875
E30,8,20,0.6,372,24300372,160,3,4,0.05
E30,8,20,0.6,373,24300373,160,4,5,0.0625
E30,8,20,0.6,374,24300374,160,1,2,0.025
E30,8,20,0.6,375,24300375,160,4,8,0.1
E30,8,20,0.6,376,24300376,160,2,2,0.025
E30,8,20,0.6,377,24300377,160,2,2,0.025
E30,8,20,0.6,378,24300378,160,5,6,0.075
E30,8,20,0.6,379,24300379,160,5,7,0.0875
E30,8,20,0.6,380,24300380,160,8,12,0.15
E30,8,20,0.6,381,24300381,160,1,2,0.025
E30,8,20,0.6,382,24300382,160,2,3,0.0375
E30,8,20,0.6,383,24300383,160,4,7,0.0875
E30,8,20,0.6,384,24300384,160,5,8,0.1
E30,8,20,0.6,385,24300385,160,6,7,0.0875
E30,8,20,0.6,386,24300386,160,0,0,0.0
E30,8,20,0.6,387,24300387,160,3,5,0.0625
E30,8,20,0.6,388,24300388,160,0,0,0.0
E30,8,20,0.6,389,24300389,160,2,4,0.05
E30,8,20,0.6,390,24300390,160,3,6,0.075
E30,8,20,0.6,391,24300391,160,8,14,0.175
E30,8,20,0.6,392,24300392,160,3,4,0.05
E30,8,20,0.6,393,24300393,160,3,4,0.05
E30,8,20,0.6,394,24300394,160,6,8,0.1
E30,8,20,0.6,395,24300395,160,3,6,0.075
E30,8,20,0.6,396,24300396,160,5,7,0.0875
E30,8,20,0.6,397,24300397,160,4,6,0.075
E30,8,20,0.6,398,24300398,160,5,9,0.1125
E30,8,20,0.6,399,24300399,160,5,8,0.1
E30,8,20,0.6,400,24300400,160,2,4,0.05
E30,8,20,0.6,401,24300401,160,4,7,0.0875
E30,8,20,0.6,402,24300402,160,2,5,0.0625
E30,8,20,0.6,403,24300403,160,4,8,0.1
E30,8,20,0.6,404,24300404,160,3,5,0.0625
E30,8,20,0.6,405,24300405,160,3,4,0.05
E30,8,20,0.6,406,24300406,160,4,4,0.05
E30,8,20,0.6,407,24300407,160,3,4,0.05
E30,8,20,0.6,408,24300408,160,2,2,0.025
E30,8,20,0.6,409,24300409,160,5,8,0.1
E30,8,20,0.6,410,24300410,160,1,2,0.025
E30,8,20,0.6,411,24300411,160,3,6,0.075
E30,8,20,0.6,412,24300412,160,5,7,0.0875
E30,8,20,0.6,413,24300413,160,7,9,0.1125
E30,8,20,0.6,414,24300414,160,5,7,0.0875
E30,8,20,0.6,415,24300415,160,1,1,0.0125
E30,8,20,0.6,416,24300416,160,5,10,0.125
E30,8,20,0.6,417,24300417,160,4,9,0.1125
E30,8,20,0.6,418,24300418,160,4,5,0.0625
E30,8,20,0.6,419,24300419,160,5,8,0.1
E30,8,20,0.6,420,24300420,160,4,4,0.05
E30,8,20,0.6,421,24300421,160,5,6,0.075
E30,8,20,0.6,422,24300422,160,5,7,0.0875
E30,8,20,0.6,423,24300423,160,2,2,0.025
E30,8,20,0.6,424,24300424,160,3,2,0.025
E30,8,20,0.6,425,24300425,160,3,4,0.05
E30,8,20,0.6,426,24300426,160,2,3,0.0375
E30,8,20,0.6,427,24300427,160,4,7,0.0875
E30,8,20,0.6,428,24300428,160,5,8,0.1
E30,8,20,0.6,429,24300429,160,6,8,0.1
E30,8,20,0.6,430,24300430,160,4,7,0.0875
E30,8,20,0.6,431,24300431,160,2,3,0.0375
E30,8,20,0.6,432,24300432,160,5,10,0.125
E30,8,20,0.6,433,24300433,160,6,11,0.1375
E30,8,20,0.6,434,24300434,160,5,8,0.1
E30,8,20,0.6,435,24300435,160,0,0,0.0
E30,8,20,0.6,436,24300436,160,7,10,0.125
E30,8,20,0.6,437,24300437,160,4,8,0.1
E30,8,20,0.6,438,24300438,160,5,6,0.075
E30,8,20,0.6,439,24300439,160,3,6,0.075
E30,8,20,0.6,440,24300440,160,0,0,0.0
E30,8,20,0.6,441,24300441,160,2,4,0.05
E30,8,20,0.6,442,24300442,160,3,6,0.075
E30,8,20,0.6,443,24300443,160,3,4,0.05
E30,8,20,0.6,444,24300444,160,7,10,0.125
E30,8,20,0.6,445,24300445,160,4,6,0.075
E30,8,20,0.6,446,24300446,160,3,6,0.075
E30,8,20,0.6,447,24300447,160,5,8,0.1
E30,8,20,0.6,448,24300448,160,2,3,0.0375
E30,8,20,0.6,449,24300449,160,5,9,0.1125
E30,8,20,0.6,450,24300450,160,8,16,0.2
E30,8,20,0.6,451,24300451,160,1,2,0.025
E30,8,20,0.6,452,24300452,160,2,4,0.05
E30,8,20,0.6,453,24300453,160,4,7,0.0875
E30,8,20,0.6,454,24300454,160,4,6,0.075
E30,8,20,0.6,455,24300455,160,3,5,0.0625
E30,8,20,0.6,456,24300456,160,4,6,0.075
E30,8,20,0.6,457,24300457,160,3,4,0.05
E30,8,20,0.6,458,24300458,160,2,4,0.05
E30,8,20,0.6,459,24300459,160,5,8,0.1
E30,8,20,0.6,460,24300460,160,1,2,0.025
E30,8,20,0.6,461,24300461,160,3,4,0.05
E30,8,20,0.6,462,24300462,160,3,4,0.05
E30,8,20,0.6,463,24300463,160,3,2,0.025
E30,8,20,0.6,464,24300464,160,3,4,0.05
E30,8,20,0.6,465,24300465,160,5,6,0.075
E30,8,20,0.6,466,24300466,160,1,1,0.0125
E30,8,20,0.6,467,24300467,160,4,5,0.0625
E30,8,20,0.6,468,24300468,160,2,2,0.025
E30,8,20,0.6,469,24300469,160,2,3,0.0375
E30,8,20,0.6,470,24300470,160,1,2,0.025
E30,8,20,0.6,471,24300471,160,5,6,0.075
E30,8,20,0.6,472,24300472,160,0,0,0.0
E30,8,20,0.6,473,24300473,160,4,7,0.0875
E30,8,20,0.6,474,24300474,160,2,3,0.0375
E30,8,20,0.6,475,24300475,160,3,4,0.05
E30,8,20,0.6,476,24300476,160,2,3,0.0375
E30,8,20,0.6,477,24300477,160,3,5,0.0625
E30,8,20,0.6,478,24300478,160,3,5,0.0625
E30,8,20,0.6,479,24300479,160,3,3,0.0375
E30,8,20,0.6,480,24300480,160,3,5,0.0625
E30,8,20,0.6,481,24300481,160,5,7,0.0875
E30,8,20,0.6,482,24300482,160,2,4,0.05
E30,8,20,0.6,483,24300483,160,3,3,0.0375
E30,8,20,0.6,484,24300484,160,7,10,0.125
E30,8,20,0.6,485,24300485,160,3,6,0.075
E30,8,20,0.6,486,24300486,160,1,2,0.025
E30,8,20,0.6,487,24300487,160,5,8,0.1
E30,8,20,0.6,488,24300488,160,2,4,0.05
E30,8,20,0.6,489,24300489,160,3,4,0.05
E30,8,20,0.6,490,24300490,160,2,3,0.0375
E30,8,20,0.6,491,24300491,160,4,5,0.0625
E30,8,20,0.6,492,24300492,160,7,7,0.0875
E30,8,20,0.6,493,24300493,160,1,2,0.025
E30,8,20,0.6,494,24300494,160,2,2,0.025
E30,8,20,0.6,495,24300495,160,4,5,0.0625
E30,8,20,0.6,496,24300496,160,1,2,0.025
E30,8,20,0.6,497,24300497,160,6,9,0.1125
E30,8,20,0.6,498,24300498,160,4,4,0.05
E30,8,20,0.6,499,24300499,160,3,4,0.05
E30,8,40,0.0,0,25300000,320,18,18,0.1125
E30,8,40,0.0,1,25300001,320,17,17,0.10625
E30,8,40,0.0,2,25300002,320,21,20,0.125
E30,8,40,0.0,3,25300003,320,13,14,0.0875
E30,8,40,0.0,4,25300004,320,22,23,0.14375
E30,8,40,0.0,5,25300005,320,23,22,0.1375
E30,8,40,0.0,6,25300006,320,16,14,0.0875
E30,8,40,0.0,7,25300007,320,15,16,0.1
E30,8,40,0.0,8,25300008,320,23,21,0.13125
E30,8,40,0.0,9,25300009,320,13,12,0.075
E30,8,40,0.0,10,25300010,320,29,26,0.1625
E30,8,40,0.0,11,25300011,320,34,35,0.21875
E30,8,40,0.0,12,25300012,320,20,19,0.11875
E30,8,40,0.0,13,25300013,320,28,24,0.15
E30,8,40,0.0,14,25300014,320,24,24,0.15
E30,8,40,0.0,15,25300015,320,16,16,0.1
E30,8,40,0.0,16,25300016,320,20,20,0.125
E30,8,40,0.0,17,25300017,320,21,21,0.13125
E30,8,40,0.0,18,25300018,320,26,24,0.15
E30,8,40,0.0,19,25300019,320,15,16,0.1
E30,8,40,0.0,20,25300020,320,19,19,0.11875
E30,8,40,0.0,21,25300021,320,22,21,0.13125
E30,8,40,0.0,22,25300022,320,20,20,0.125
E30,8,40,0.0,23,25300023,320,24,25,0.15625
E30,8,40,0.0,24,25300024,320,20,20,0.125
E30,8,40,0.0,25,25300025,320,25,22,0.1375
E30,8,40,0.0,26,25300026,320,24,24,0.15
E30,8,40,0.0,27,25300027,320,17,16,0.1
E30,8,40,0.0,28,25300028,320,28,27,0.16875
E30,8,40,0.0,29,25300029,320,23,21,0.13125
E30,8,40,0.0,30,25300030,320,18,16,0.1
E30,8,40,0.0,31,25300031,320,21,20,0.125
E30,8,40,0.0,32,25300032,320,22,22,0.1375
E30,8,40,0.0,33,25300033,320,28,30,0.1875
E30,8,40,0.0,34,25300034,320,18,19,0.11875
E30,8,40,0.0,35,25300035,320,21,21,0.13125
E30,8,40,0.0,36,25300036,320,18,18,0.1125
E30,8,40,0.0,37,25300037,320,16,14,0.0875
E30,8,40,0.0,38,25300038,320,20,21,0.13125
E30,8,40,0.0,39,25300039,320,21,21,0.13125
E30,8,40,0.0,40,25300040,320,21,21,0.13125
E30,8,40,0.0,41,25300041,320,21,21,0.13125
E30,8,40,0.0,42,25300042,320,26,26,0.1625
E30,8,40,0.0,43,25300043,320,24,24,0.15
E30,8,40,0.0,44,25300044,320,13,11,0.06875
E30,8,40,0.0,45,25300045,320,16,15,0.09375
E30,8,40,0.0,46,25300046,320,20,18,0.1125
E30,8,40,0.0,47,25300047,320,24,21,0.13125
E30,8,40,0.0,48,25300048,320,21,20,0.125
E30,8,40,0.0,49,25300049,320,18,19,0.11875
E30,8,40,0.0,50,25300050,320,26,23,0.14375
E30,8,40,0.0,51,25300051,320,13,12,0.075
E30,8,40,0.0,52,25300052,320,22,23,0.14375
E30,8,40,0.0,53,25300053,320,23,19,0.11875
E30,8,40,0.0,54,25300054,320,19,19,0.11875
E30,8,40,0.0,55,25300055,320,17,18,0.1125
E30,8,40,0.0,56,25300056,320,25,21,0.13125
E30,8,40,0.0,57,25300057,320,19,20,0.125
E30,8,40,0.0,58,25300058,320,26,26,0.1625
E30,8,40,0.0,59,25300059,320,20,18,0.1125
E30,8,40,0.0,60,25300060,320,17,20,0.125
E30,8,40,0.0,61,25300061,320,22,23,0.14375
E30,8,40,0.0,62,25300062,320,21,21,0.13125
E30,8,40,0.0,63,25300063,320,23,25,0.15625
E30,8,40,0.0,64,25300064,320,18,16,0.1
E30,8,40,0.0,65,25300065,320,18,16,0.1
E30,8,40,0.0,66,25300066,320,22,19,0.11875
E30,8,40,0.0,67,25300067,320,23,24,0.15
E30,8,40,0.0,68,25300068,320,22,21,0.13125
E30,8,40,0.0,69,25300069,320,17,17,0.10625
E30,8,40,0.0,70,25300070,320,33,35,0.21875
E30,8,40,0.0,71,25300071,320,15,14,0.0875
E30,8,40,0.0,72,25300072,320,25,24,0.15
E30,8,40,0.0,73,25300073,320,18,19,0.11875
E30,8,40,0.0,74,25300074,320,21,21,0.13125
E30,8,40,0.0,75,25300075,320,29,26,0.1625
E30,8,40,0.0,76,25300076,320,19,17,0.10625
E30,8,40,0.0,77,25300077,320,16,15,0.09375
E30,8,40,0.0,78,25300078,320,15,13,0.08125
E30,8,40,0.0,79,25300079,320,18,17,0.10625
E30,8,40,0.0,80,25300080,320,15,13,0.08125
E30,8,40,0.0,81,25300081,320,13,13,0.08125
E30,8,40,0.0,82,25300082,320,20,17,0.10625
E30,8,40,0.0,83,25300083,320,25,22,0.1375
E30,8,40,0.0,84,25300084,320,22,22,0.1375
E30,8,40,0.0,85,25300085,320,26,24,0.15
E30,8,40,0.0,86,25300086,320,19,18,0.1125
E30,8,40,0.0,87,25300087,320,22,20,0.125
E30,8,40,0.0,88,25300088,320,15,13,0.08125
E30,8,40,0.0,89,25300089,320,20,19,0.11875
E30,8,40,0.0,90,25300090,320,34,31,0.19375
E30,8,40,0.0,91,25300091,320,26,26,0.1625
E30,8,40,0.0,92,25300092,320,14,14,0.0875
E30,8,40,0.0,93,25300093,320,21,19,0.11875
E30,8,40,0.0,94,25300094,320,19,19,0.11875
E30,8,40,0.0,95,25300095,320,24,23,0.14375
E30,8,40,0.0,96,25300096,320,18,17,0.10625
E30,8,40,0.0,97,25300097,320,22,24,0.15
E30,8,40,0.0,98,25300098,320,23,19,0.11875
E30,8,40,0.0,99,25300099,320,24,24,0.15
E30,8,40,0.0,100,25300100,320,20,16,0.1
E30,8,40,0.0,101,25300101,320,15,14,0.0875
E30,8,40,0.0,102,25300102,320,14,12,0.075
E30,8,40,0.0,103,25300103,320,19,21,0.13125
E30,8,40,0.0,104,25300104,320,15,15,0.09375
E30,8,40,0.0,105,25300105,320,21,20,0.125
E30,8,40,0.0,106,25300106,320,23,23,0.14375
E30,8,40,0.0,107,25300107,320,18,16,0.1
E30,8,40,0.0,108,25300108,320,30,29,0.18125
E30,8,40,0.0,109,25300109,320,26,26,0.1625
E30,8,40,0.0,110,25300110,320,15,16,0.1
E30,8,40,0.0,111,25300111,320,30,29,0.18125
E30,8,40,0.0,112,25300112,320,23,25,0.15625
E30,8,40,0.0,113,25300113,320,18,18,0.1125
E30,8,40,0.0,114,25300114,320,25,23,0.14375
E30,8,40,0.0,115,25300115,320,21,21,0.13125
E30,8,40,0.0,116,25300116,320,20,20,0.125
E30,8,40,0.0,117,25300117,320,19,20,0.125
E30,8,40,0.0,118,25300118,320,33,28,0.175
E30,8,40,0.0,119,25300119,320,24,25,0.15625
E30,8,40,0.0,120,25300120,320,20,18,0.1125
E30,8,40,0.0,121,25300121,320,16,18,0.1125
E30,8,40,0.0,122,25300122,320,25,25,0.15625
E30,8,40,0.0,123,25300123,320,23,23,0.14375
E30,8,40,0.0,124,25300124,320,9,10,0.0625
E30,8,40,0.0,125,25300125,320,19,17,0.10625
E30,8,40,0.0,126,25300126,320,19,18,0.1125
E30,8,40,0.0,127,25300127,320,23,22,0.1375
E30,8,40,0.0,128,25300128,320,26,22,0.1375
E30,8,40,0.0,129,25300129,320,26,26,0.1625
E30,8,40,0.0,130,25300130,320,18,17,0.10625
E30,8,40,0.0,131,25300131,320,28,25,0.15625
E30,8,40,0.0,132,25300132,320,23,20,0.125
E30,8,40,0.0,133,25300133,320,14,17,0.10625
E30,8,40,0.0,134,25300134,320,18,18,0.1125
E30,8,40,0.0,135,25300135,320,15,15,0.09375
E30,8,40,0.0,136,25300136,320,23,25,0.15625
E30,8,40,0.0,137,25300137,320,23,23,0.14375
E30,8,40,0.0,138,25300138,320,15,15,0.09375
E30,8,40,0.0,139,25300139,320,30,25,0.15625
E30,8,40,0.0,140,25300140,320,20,18,0.1125
E30,8,40,0.0,141,25300141,320,16,16,0.1
E30,8,40,0.0,142,25300142,320,23,22,0.1375
E30,8,40,0.0,143,25300143,320,17,17,0.10625
E30,8,40,0.0,144,25300144,320,26,22,0.1375
E30,8,40,0.0,145,25300145,320,18,18,0.1125
E30,8,40,0.0,146,25300146,320,25,24,0.15
E30,8,40,0.0,147,25300147,320,18,16,0.1
E30,8,40,0.0,148,25300148,320,22,20,0.125
E30,8,40,0.0,149,25300149,320,15,15,0.09375
E30,8,40,0.0,150,25300150,320,21,21,0.13125
E30,8,40,0.0,151,25300151,320,24,23,0.14375
E30,8,40,0.0,152,25300152,320,20,15,0.09375
E30,8,40,0.0,153,25300153,320,14,13,0.08125
E30,8,40,0.0,154,25300154,320,15,14,0.0875
E30,8,40,0.0,155,25300155,320,22,23,0.14375
E30,8,40,0.0,156,25300156,320,21,20,0.125
E30,8,40,0.0,157,25300157,320,21,17,0.10625
E30,8,40,0.0,158,25300158,320,18,20,0.125
E30,8,40,0.0,159,25300159,320,23,21,0.13125
E30,8,40,0.0,160,25300160,320,19,18,0.1125
E30,8,40,0.0,161,25300161,320,20,19,0.11875
E30,8,40,0.0,162,25300162,320,15,16,0.1
E30,8,40,0.0,163,25300163,320,21,19,0.11875
E30,8,40,0.0,164,25300164,320,23,23,0.14375
E30,8,40,0.0,165,25300165,320,21,20,0.125
E30,8,40,0.0,166,25300166,320,18,17,0.10625
E30,8,40,0.0,167,25300167,320,25,24,0.15
E30,8,40,0.0,168,25300168,320,21,23,0.14375
E30,8,40,0.0,169,25300169,320,23,23,0.14375
E30,8,40,0.0,170,25300170,320,20,19,0.11875
E30,8,40,0.0,171,25300171,320,25,22,0.1375
E30,8,40,0.0,172,25300172,320,25,28,0.175
E30,8,40,0.0,173,25300173,320,17,18,0.1125
E30,8,40,0.0,174,25300174,320,25,21,0.13125
E30,8,40,0.0,175,25300175,320,24,20,0.125
E30,8,40,0.0,176,25300176,320,19,18,0.1125
E30,8,40,0.0,177,25300177,320,25,26,0.1625
E30,8,40,0.0,178,25300178,320,12,10,0.0625
E30,8,40,0.0,179,25300179,320,28,27,0.16875
E30,8,40,0.0,180,25300180,320,26,23,0.14375
E30,8,40,0.0,181,25300181,320,18,17,0.10625
E30,8,40,0.0,182,25300182,320,14,15,0.09375
E30,8,40,0.0,183,25300183,320,18,16,0.1
E30,8,40,0.0,184,25300184,320,25,23,0.14375
E30,8,40,0.0,185,25300185,320,22,22,0.1375
E30,8,40,0.0,186,25300186,320,23,20,0.125
E30,8,40,0.0,187,25300187,320,31,31,0.19375
E30,8,40,0.0,188,25300188,320,13,15,0.09375
E30,8,40,0.0,189,25300189,320,17,14,0.0875
E30,8,40,0.0,190,25300190,320,25,24,0.15
E30,8,40,0.0,191,25300191,320,19,19,0.11875
E30,8,40,0.0,192,25300192,320,19,18,0.1125
E30,8,40,0.0,193,25300193,320,16,13,0.08125
E30,8,40,0.0,194,25300194,320,19,19,0.11875
E30,8,40,0.0,195,25300195,320,19,21,0.13125
E30,8,40,0.0,196,25300196,320,22,23,0.14375
E30,8,40,0.0,197,25300197,320,28,27,0.16875
E30,8,40,0.0,198,25300198,320,17,17,0.10625
E30,8,40,0.0,199,25300199,320,31,32,0.2
E30,8,40,0.0,200,25300200,320,25,22,0.1375
E30,8,40,0.0,201,25300201,320,29,30,0.1875
E30,8,40,0.0,202,25300202,320,27,26,0.1625
E30,8,40,0.0,203,25300203,320,19,18,0.1125
E30,8,40,0.0,204,25300204,320,18,19,0.11875
E30,8,40,0.0,205,25300205,320,26,26,0.1625
E30,8,40,0.0,206,25300206,320,18,20,0.125
E30,8,40,0.0,207,25300207,320,25,21,0.13125
E30,8,40,0.0,208,25300208,320,23,21,0.13125
E30,8,40,0.0,209,25300209,320,21,19,0.11875
E30,8,40,0.0,210,25300210,320,18,19,0.11875
E30,8,40,0.0,211,25300211,320,19,18,0.1125
E30,8,40,0.0,212,25300212,320,21,21,0.13125
E30,8,40,0.0,213,25300213,320,23,22,0.1375
E30,8,40,0.0,214,25300214,320,21,19,0.11875
E30,8,40,0.0,215,25300215,320,26,24,0.15
E30,8,40,0.0,216,25300216,320,17,19,0.11875
E30,8,40,0.0,217,25300217,320,29,27,0.16875
E30,8,40,0.0,218,25300218,320,25,24,0.15
E30,8,40,0.0,219,25300219,320,17,17,0.10625
E30,8,40,0.0,220,25300220,320,17,14,0.0875
E30,8,40,0.0,221,25300221,320,18,17,0.10625
E30,8,40,0.0,222,25300222,320,26,24,0.15
E30,8,40,0.0,223,25300223,320,19,18,0.1125
E30,8,40,0.0,224,25300224,320,14,14,0.0875
E30,8,40,0.0,225,25300225,320,13,14,0.0875
E30,8,40,0.0,226,25300226,320,23,24,0.15
E30,8,40,0.0,227,25300227,320,20,22,0.1375
E30,8,40,0.0,228,25300228,320,27,27,0.16875
E30,8,40,0.0,229,25300229,320,24,23,0.14375
E30,8,40,0.0,230,25300230,320,23,25,0.15625
E30,8,40,0.0,231,25300231,320,17,17,0.10625
E30,8,40,0.0,232,25300232,320,15,18,0.1125
E30,8,40,0.0,233,25300233,320,26,26,0.1625
E30,8,40,0.0,234,25300234,320,18,19,0.11875
E30,8,40,0.0,235,25300235,320,29,27,0.16875
E30,8,40,0.0,236,25300236,320,29,27,0.16875
E30,8,40,0.0,237,25300237,320,15,14,0.0875
E30,8,40,0.0,238,25300238,320,24,21,0.13125
E30,8,40,0.0,239,25300239,320,15,14,0.0875
E30,8,40,0.0,240,25300240,320,19,20,0.125
E30,8,40,0.0,241,25300241,320,16,15,0.09375
E30,8,40,0.0,242,25300242,320,13,14,0.0875
E30,8,40,0.0,243,25300243,320,23,19,0.11875
E30,8,40,0.0,244,25300244,320,20,20,0.125
E30,8,40,0.0,245,25300245,320,23,21,0.13125
E30,8,40,0.0,246,25300246,320,22,19,0.11875
E30,8,40,0.0,247,25300247,320,21,23,0.14375
E30,8,40,0.0,248,25300248,320,24,22,0.1375
E30,8,40,0.0,249,25300249,320,13,14,0.0875
E30,8,40,0.0,250,25300250,320,20,20,0.125
E30,8,40,0.0,251,25300251,320,16,15,0.09375
E30,8,40,0.0,252,25300252,320,17,18,0.1125
E30,8,40,0.0,253,25300253,320,20,21,0.13125
E30,8,40,0.0,254,25300254,320,21,22,0.1375
E30,8,40,0.0,255,25300255,320,19,16,0.1
E30,8,40,0.0,256,25300256,320,29,30,0.1875
E30,8,40,0.0,257,25300257,320,18,17,0.10625
E30,8,40,0.0,258,25300258,320,25,27,0.16875
E30,8,40,0.0,259,25300259,320,33,32,0.2
E30,8,40,0.0,260,25300260,320,18,19,0.11875
E30,8,40,0.0,261,25300261,320,20,20,0.125
E30,8,40,0.0,262,25300262,320,27,29,0.18125
E30,8,40,0.0,263,25300263,320,21,19,0.11875
E30,8,40,0.0,264,25300264,320,24,20,0.125
E30,8,40,0.0,265,25300265,320,20,20,0.125
E30,8,40,0.0,266,25300266,320,23,20,0.125
E30,8,40,0.0,267,25300267,320,18,17,0.10625
E30,8,40,0.0,268,25300268,320,25,24,0.15
E30,8,40,0.0,269,25300269,320,18,16,0.1
E30,8,40,0.0,270,25300270,320,26,23,0.14375
E30,8,40,0.0,271,25300271,320,19,17,0.10625
E30,8,40,0.0,272,25300272,320,15,15,0.09375
E30,8,40,0.0,273,25300273,320,15,14,0.0875
E30,8,40,0.0,274,25300274,320,20,19,0.11875
E30,8,40,0.0,275,25300275,320,16,16,0.1
E30,8,40,0.0,276,25300276,320,18,19,0.11875
E30,8,40,0.0,277,25300277,320,19,18,0.1125
E30,8,40,0.0,278,25300278,320,16,16,0.1
E30,8,40,0.0,279,25300279,320,16,16,0.1
E30,8,40,0.0,280,25300280,320,14,14,0.0875
E30,8,40,0.0,281,25300281,320,25,28,0.175
E30,8,40,0.0,282,25300282,320,20,20,0.125
E30,8,40,0.0,283,25300283,320,20,19,0.11875
E30,8,40,0.0,284,25300284,320,24,24,0.15
E30,8,40,0.0,285,25300285,320,19,22,0.1375
E30,8,40,0.0,286,25300286,320,21,22,0.1375
E30,8,40,0.0,287,25300287,320,23,20,0.125
E30,8,40,0.0,288,25300288,320,26,28,0.175
E30,8,40,0.0,289,25300289,320,18,18,0.1125
E30,8,40,0.0,290,25300290,320,22,23,0.14375
E30,8,40,0.0,291,25300291,320,10,10,0.0625
E30,8,40,0.0,292,25300292,320,19,19,0.11875
E30,8,40,0.0,293,25300293,320,20,22,0.1375
E30,8,40,0.0,294,25300294,320,19,18,0.1125
E30,8,40,0.0,295,25300295,320,17,17,0.10625
E30,8,40,0.0,296,25300296,320,16,16,0.1
E30,8,40,0.0,297,25300297,320,18,19,0.11875
E30,8,40,0.0,298,25300298,320,14,15,0.09375
E30,8,40,0.0,299,25300299,320,10,11,0.06875
E30,8,40,0.0,300,25300300,320,19,17,0.10625
E30,8,40,0.0,301,25300301,320,23,23,0.14375
E30,8,40,0.0,302,25300302,320,19,23,0.14375
E30,8,40,0.0,303,25300303,320,24,25,0.15625
E30,8,40,0.0,304,25300304,320,24,25,0.15625
E30,8,40,0.0,305,25300305,320,25,24,0.15
E30,8,40,0.0,306,25300306,320,13,12,0.075
E30,8,40,0.0,307,25300307,320,19,17,0.10625
E30,8,40,0.0,308,25300308,320,28,25,0.15625
E30,8,40,0.0,309,25300309,320,20,23,0.14375
E30,8,40,0.0,310,25300310,320,24,23,0.14375
E30,8,40,0.0,311,25300311,320,25,22,0.1375
E30,8,40,0.0,312,25300312,320,21,21,0.13125
E30,8,40,0.0,313,25300313,320,20,20,0.125
E30,8,40,0.0,314,25300314,320,18,15,0.09375
E30,8,40,0.0,315,25300315,320,25,22,0.1375
E30,8,40,0.0,316,25300316,320,24,25,0.15625
E30,8,40,0.0,317,25300317,320,24,24,0.15
E30,8,40,0.0,318,25300318,320,14,14,0.0875
E30,8,40,0.0,319,25300319,320,23,25,0.15625
E30,8,40,0.0,320,25300320,320,19,17,0.10625
E30,8,40,0.0,321,25300321,320,22,21,0.13125
E30,8,40,0.0,322,25300322,320,19,15,0.09375
E30,8,40,0.0,323,25300323,320,26,25,0.15625
E30,8,40,0.0,324,25300324,320,19,17,0.10625
E30,8,40,0.0,325,25300325,320,14,15,0.09375
E30,8,40,0.0,326,25300326,320,17,16,0.1
E30,8,40,0.0,327,25300327,320,15,16,0.1
E30,8,40,0.0,328,25300328,320,22,23,0.14375
E30,8,40,0.0,329,25300329,320,22,22,0.1375
E30,8,40,0.0,330,25300330,320,23,19,0.11875
E30,8,40,0.0,331,25300331,320,25,22,0.1375
E30,8,40,0.0,332,25300332,320,20,18,0.1125
E30,8,40,0.0,333,25300333,320,21,18,0.1125
E30,8,40,0.0,334,25300334,320,24,25,0.15625
E30,8,40,0.0,335,25300335,320,23,25,0.15625
E30,8,40,0.0,336,25300336,320,12,11,0.06875
E30,8,40,0.0,337,25300337,320,25,22,0.1375
E30,8,40,0.0,338,25300338,320,13,15,0.09375
E30,8,40,0.0,339,25300339,320,21,22,0.1375
E30,8,40,0.0,340,25300340,320,16,17,0.10625
E30,8,40,0.0,341,25300341,320,21,23,0.14375
E30,8,40,0.0,342,25300342,320,16,19,0.11875
E30,8,40,0.0,343,25300343,320,15,15,0.09375
E30,8,40,0.0,344,25300344,320,23,22,0.1375
E30,8,40,0.0,345,25300345,320,18,19,0.11875
E30,8,40,0.0,346,25300346,320,23,21,0.13125
E30,8,40,0.0,347,25300347,320,25,23,0.14375
E30,8,40,0.0,348,25300348,320,29,27,0.16875
E30,8,40,0.0,349,25300349,320,23,24,0.15
E30,8,40,0.0,350,25300350,320,19,17,0.10625
E30,8,40,0.0,351,25300351,320,26,25,0.15625
E30,8,40,0.0,352,25300352,320,19,18,0.1125
E30,8,40,0.0,353,25300353,320,21,19,0.11875
E30,8,40,0.0,354,25300354,320,24,25,0.15625
E30,8,40,0.0,355,25300355,320,21,20,0.125
E30,8,40,0.0,356,25300356,320,20,19,0.11875
E30,8,40,0.0,357,25300357,320,21,20,0.125
E30,8,40,0.0,358,25300358,320,20,23,0.14375
E30,8,40,0.0,359,25300359,320,19,19,0.11875
E30,8,40,0.0,360,25300360,320,16,15,0.09375
E30,8,40,0.0,361,25300361,320,12,15,0.09375
E30,8,40,0.0,362,25300362,320,18,16,0.1
E30,8,40,0.0,363,25300363,320,17,18,0.1125
E30,8,40,0.0,364,25300364,320,23,22,0.1375
E30,8,40,0.0,365,25300365,320,24,27,0.16875
E30,8,40,0.0,366,25300366,320,16,15,0.09375
E30,8,40,0.0,367,25300367,320,18,17,0.10625
E30,8,40,0.0,368,25300368,320,24,23,0.14375
E30,8,40,0.0,369,25300369,320,25,23,0.14375
E30,8,40,0.0,370,25300370,320,25,24,0.15
E30,8,40,0.0,371,25300371,320,23,24,0.15
E30,8,40,0.0,372,25300372,320,23,21,0.13125
E30,8,40,0.0,373,25300373,320,19,21,0.13125
E30,8,40,0.0,374,25300374,320,22,23,0.14375
E30,8,40,0.0,375,25300375,320,16,16,0.1
E30,8,40,0.0,376,25300376,320,24,20,0.125
E30,8,40,0.0,377,25300377,320,18,16,0.1
E30,8,40,0.0,378,25300378,320,20,18,0.1125
E30,8,40,0.0,379,25300379,320,22,23,0.14375
E30,8,40,0.0,380,25300380,320,21,23,0.14375
E30,8,40,0.0,381,25300381,320,20,21,0.13125
E30,8,40,0.0,382,25300382,320,25,22,0.1375
E30,8,40,0.0,383,25300383,320,19,18,0.1125
E30,8,40,0.0,384,25300384,320,24,23,0.14375
E30,8,40,0.0,385,25300385,320,20,21,0.13125
E30,8,40,0.0,386,25300386,320,31,26,0.1625
E30,8,40,0.0,387,25300387,320,14,15,0.09375
E30,8,40,0.0,388,25300388,320,19,21,0.13125
E30,8,40,0.0,389,25300389,320,24,22,0.1375
E30,8,40,0.0,390,25300390,320,26,24,0.15
E30,8,40,0.0,391,25300391,320,22,22,0.1375
E30,8,40,0.0,392,25300392,320,26,25,0.15625
E30,8,40,0.0,393,25300393,320,22,20,0.125
E30,8,40,0.0,394,25300394,320,20,18,0.1125
E30,8,40,0.0,395,25300395,320,23,22,0.1375
E30,8,40,0.0,396,25300396,320,20,17,0.10625
E30,8,40,0.0,397,25300397,320,10,10,0.0625
E30,8,40,0.0,398,25300398,320,17,16,0.1
E30,8,40,0.0,399,25300399,320,16,19,0.11875
E30,8,40,0.0,400,25300400,320,17,18,0.1125
E30,8,40,0.0,401,25300401,320,17,16,0.1
E30,8,40,0.0,402,25300402,320,17,19,0.11875
E30,8,40,0.0,403,25300403,320,22,20,0.125
E30,8,40,0.0,404,25300404,320,18,17,0.10625
E30,8,40,0.0,405,25300405,320,21,22,0.1375
E30,8,40,0.0,406,25300406,320,14,15,0.09375
E30,8,40,0.0,407,25300407,320,14,15,0.09375
E30,8,40,0.0,408,25300408,320,23,20,0.125
E30,8,40,0.0,409,25300409,320,12,11,0.06875
E30,8,40,0.0,410,25300410,320,16,17,0.10625
E30,8,40,0.0,411,25300411,320,29,28,0.175
E30,8,40,0.0,412,25300412,320,24,22,0.1375
E30,8,40,0.0,413,25300413,320,19,18,0.1125
E30,8,40,0.0,414,25300414,320,21,21,0.13125
E30,8,40,0.0,415,25300415,320,14,13,0.08125
E30,8,40,0.0,416,25300416,320,16,16,0.1
E30,8,40,0.0,417,25300417,320,30,28,0.175
E30,8,40,0.0,418,25300418,320,21,20,0.125
E30,8,40,0.0,419,25300419,320,19,17,0.10625
E30,8,40,0.0,420,25300420,320,23,22,0.1375
E30,8,40,0.0,421,25300421,320,21,20,0.125
E30,8,40,0.0,422,25300422,320,20,18,0.1125
E30,8,40,0.0,423,25300423,320,20,19,0.11875
E30,8,40,0.0,424,25300424,320,20,18,0.1125
E30,8,40,0.0,425,25300425,320,17,13,0.08125
E30,8,40,0.0,426,25300426,320,25,24,0.15
E30,8,40,0.0,427,25300427,320,10,11,0.06875
E30,8,40,0.0,428,25300428,320,22,25,0.15625
E30,8,40,0.0,429,25300429,320,19,17,0.10625
E30,8,40,0.0,430,25300430,320,20,21,0.13125
E30,8,40,0.0,431,25300431,320,34,34,0.2125
E30,8,40,0.0,432,25300432,320,20,20,0.125
E30,8,40,0.0,433,25300433,320,17,17,0.10625
E30,8,40,0.0,434,25300434,320,25,22,0.1375
E30,8,40,0.0,435,25300435,320,19,19,0.11875
E30,8,40,0.0,436,25300436,320,17,15,0.09375
E30,8,40,0.0,437,25300437,320,25,25,0.15625
E30,8,40,0.0,438,25300438,320,25,24,0.15
E30,8,40,0.0,439,25300439,320,23,23,0.14375
E30,8,40,0.0,440,25300440,320,25,26,0.1625
E30,8,40,0.0,441,25300441,320,27,23,0.14375
E30,8,40,0.0,442,25300442,320,19,18,0.1125
E30,8,40,0.0,443,25300443,320,25,24,0.15
E30,8,40,0.0,444,25300444,320,17,19,0.11875
E30,8,40,0.0,445,25300445,320,18,19,0.11875
E30,8,40,0.0,446,25300446,320,26,23,0.14375
E30,8,40,0.0,447,25300447,320,21,18,0.1125
E30,8,40,0.0,448,25300448,320,14,15,0.09375
E30,8,40,0.0,449,25300449,320,22,23,0.14375
E30,8,40,0.0,450,25300450,320,15,13,0.08125
E30,8,40,0.0,451,25300451,320,25,23,0.14375
E30,8,40,0.0,452,25300452,320,27,30,0.1875
E30,8,40,0.0,453,25300453,320,21,21,0.13125
E30,8,40,0.0,454,25300454,320,23,20,0.125
E30,8,40,0.0,455,25300455,320,13,16,0.1
E30,8,40,0.0,456,25300456,320,26,29,0.18125
E30,8,40,0.0,457,25300457,320,20,17,0.10625
E30,8,40,0.0,458,25300458,320,16,16,0.1
E30,8,40,0.0,459,25300459,320,19,16,0.1
E30,8,40,0.0,460,25300460,320,14,14,0.0875
E30,8,40,0.0,461,25300461,320,24,22,0.1375
E30,8,40,0.0,462,25300462,320,27,26,0.1625
E30,8,40,0.0,463,25300463,320,24,23,0.14375
E30,8,40,0.0,464,25300464,320,20,19,0.11875
E30,8,40,0.0,465,25300465,320,22,22,0.1375
E30,8,40,0.0,466,25300466,320,24,24,0.15
E30,8,40,0.0,467,25300467,320,22,22,0.1375
E30,8,40,0.0,468,25300468,320,23,22,0.1375
E30,8,40,0.0,469,25300469,320,12,11,0.06875
E30,8,40,0.0,470,25300470,320,20,20,0.125
E30,8,40,0.0,471,25300471,320,20,21,0.13125
E30,8,40,0.0,472,25300472,320,23,22,0.1375
E30,8,40,0.0,473,25300473,320,19,17,0.10625
E30,8,40,0.0,474,25300474,320,17,16,0.1
E30,8,40,0.0,475,25300475,320,22,21,0.13125
E30,8,40,0.0,476,25300476,320,16,16,0.1
E30,8,40,0.0,477,25300477,320,27,26,0.1625
E30,8,40,0.0,478,25300478,320,21,21,0.13125
E30,8,40,0.0,479,25300479,320,19,20,0.125
E30,8,40,0.0,480,25300480,320,22,22,0.1375
E30,8,40,0.0,481,25300481,320,16,17,0.10625
E30,8,40,0.0,482,25300482,320,30,30,0.1875
E30,8,40,0.0,483,25300483,320,24,22,0.1375
E30,8,40,0.0,484,25300484,320,17,17,0.10625
E30,8,40,0.0,485,25300485,320,21,18,0.1125
E30,8,40,0.0,486,25300486,320,17,16,0.1
E30,8,40,0.0,487,25300487,320,20,17,0.10625
E30,8,40,0.0,488,25300488,320,25,23,0.14375
E30,8,40,0.0,489,25300489,320,20,21,0.13125
E30,8,40,0.0,490,25300490,320,25,25,0.15625
E30,8,40,0.0,491,25300491,320,22,22,0.1375
E30,8,40,0.0,492,25300492,320,20,19,0.11875
E30,8,40,0.0,493,25300493,320,17,14,0.0875
E30,8,40,0.0,494,25300494,320,20,18,0.1125
E30,8,40,0.0,495,25300495,320,22,20,0.125
E30,8,40,0.0,496,25300496,320,22,22,0.1375
E30,8,40,0.0,497,25300497,320,23,24,0.15
E30,8,40,0.0,498,25300498,320,22,21,0.13125
E30,8,40,0.0,499,25300499,320,27,23,0.14375
E30,8,40,0.3,0,26300000,320,10,10,0.0625
E30,8,40,0.3,1,26300001,320,14,16,0.1
E30,8,40,0.3,2,26300002,320,6,7,0.04375
E30,8,40,0.3,3,26300003,320,7,7,0.04375
E30,8,40,0.3,4,26300004,320,12,12,0.075
E30,8,40,0.3,5,26300005,320,13,13,0.08125
E30,8,40,0.3,6,26300006,320,11,13,0.08125
E30,8,40,0.3,7,26300007,320,17,16,0.1
E30,8,40,0.3,8,26300008,320,7,8,0.05
E30,8,40,0.3,9,26300009,320,9,11,0.06875
E30,8,40,0.3,10,26300010,320,7,8,0.05
E30,8,40,0.3,11,26300011,320,16,13,0.08125
E30,8,40,0.3,12,26300012,320,10,11,0.06875
E30,8,40,0.3,13,26300013,320,13,12,0.075
E30,8,40,0.3,14,26300014,320,12,12,0.075
E30,8,40,0.3,15,26300015,320,10,10,0.0625
E30,8,40,0.3,16,26300016,320,2,2,0.0125
E30,8,40,0.3,17,26300017,320,6,5,0.03125
E30,8,40,0.3,18,26300018,320,13,15,0.09375
E30,8,40,0.3,19,26300019,320,11,11,0.06875
E30,8,40,0.3,20,26300020,320,9,9,0.05625
E30,8,40,0.3,21,26300021,320,7,8,0.05
E30,8,40,0.3,22,26300022,320,8,7,0.04375
E30,8,40,0.3,23,26300023,320,9,8,0.05
E30,8,40,0.3,24,26300024,320,12,14,0.0875
E30,8,40,0.3,25,26300025,320,13,13,0.08125
E30,8,40,0.3,26,26300026,320,13,15,0.09375
E30,8,40,0.3,27,26300027,320,4,5,0.03125
E30,8,40,0.3,28,26300028,320,13,13,0.08125
E30,8,40,0.3,29,26300029,320,10,11,0.06875
E30,8,40,0.3,30,26300030,320,12,14,0.0875
E30,8,40,0.3,31,26300031,320,8,7,0.04375
E30,8,40,0.3,32,26300032,320,9,11,0.06875
E30,8,40,0.3,33,26300033,320,12,15,0.09375
E30,8,40,0.3,34,26300034,320,19,17,0.10625
E30,8,40,0.3,35,26300035,320,17,18,0.1125
E30,8,40,0.3,36,26300036,320,13,12,0.075
E30,8,40,0.3,37,26300037,320,10,11,0.06875
E30,8,40,0.3,38,26300038,320,11,13,0.08125
E30,8,40,0.3,39,26300039,320,10,9,0.05625
E30,8,40,0.3,40,26300040,320,17,18,0.1125
E30,8,40,0.3,41,26300041,320,6,6,0.0375
E30,8,40,0.3,42,26300042,320,17,19,0.11875
E30,8,40,0.3,43,26300043,320,13,12,0.075
E30,8,40,0.3,44,26300044,320,14,17,0.10625
E30,8,40,0.3,45,26300045,320,10,10,0.0625
E30,8,40,0.3,46,26300046,320,5,5,0.03125
E30,8,40,0.3,47,26300047,320,10,14,0.0875
E30,8,40,0.3,48,26300048,320,11,14,0.0875
E30,8,40,0.3,49,26300049,320,14,15,0.09375
E30,8,40,0.3,50,26300050,320,11,13,0.08125
E30,8,40,0.3,51,26300051,320,6,6,0.0375
E30,8,40,0.3,52,26300052,320,13,14,0.0875
E30,8,40,0.3,53,26300053,320,13,13,0.08125
E30,8,40,0.3,54,26300054,320,9,11,0.06875
E30,8,40,0.3,55,26300055,320,7,8,0.05
E30,8,40,0.3,56,26300056,320,10,9,0.05625
E30,8,40,0.3,57,26300057,320,13,12,0.075
E30,8,40,0.3,58,26300058,320,7,9,0.05625
E30,8,40,0.3,59,26300059,320,13,14,0.0875
E30,8,40,0.3,60,26300060,320,10,14,0.0875
E30,8,40,0.3,61,26300061,320,5,5,0.03125
E30,8,40,0.3,62,26300062,320,10,9,0.05625
E30,8,40,0.3,63,26300063,320,13,14,0.0875
E30,8,40,0.3,64,26300064,320,11,12,0.075
E30,8,40,0.3,65,26300065,320,3,3,0.01875
E30,8,40,0.3,66,26300066,320,15,14,0.0875
E30,8,40,0.3,67,26300067,320,5,6,0.0375
E30,8,40,0.3,68,26300068,320,5,5,0.03125
E30,8,40,0.3,69,26300069,320,13,16,0.1
E30,8,40,0.3,70,26300070,320,8,8,0.05
E30,8,40,0.3,71,26300071,320,13,16,0.1
E30,8,40,0.3,72,26300072,320,6,8,0.05
E30,8,40,0.3,73,26300073,320,10,9,0.05625
E30,8,40,0.3,74,26300074,320,7,8,0.05
E30,8,40,0.3,75,26300075,320,8,9,0.05625
E30,8,40,0.3,76,26300076,320,14,14,0.0875
E30,8,40,0.3,77,26300077,320,11,12,0.075
E30,8,40,0.3,78,26300078,320,13,14,0.0875
E30,8,40,0.3,79,26300079,320,13,13,0.08125
E30,8,40,0.3,80,26300080,320,13,13,0.08125
E30,8,40,0.3,81,26300081,320,13,16,0.1
E30,8,40,0.3,82,26300082,320,11,9,0.05625
E30,8,40,0.3,83,26300083,320,12,13,0.08125
E30,8,40,0.3,84,26300084,320,11,13,0.08125
E30,8,40,0.3,85,26300085,320,11,12,0.075
E30,8,40,0.3,86,26300086,320,14,13,0.08125
E30,8,40,0.3,87,26300087,320,10,13,0.08125
E30,8,40,0.3,88,26300088,320,15,15,0.09375
E30,8,40,0.3,89,26300089,320,13,14,0.0875
E30,8,40,0.3,90,26300090,320,12,13,0.08125
E30,8,40,0.3,91,26300091,320,13,13,0.08125
E30,8,40,0.3,92,26300092,320,14,16,0.1
E30,8,40,0.3,93,26300093,320,14,15,0.09375
E30,8,40,0.3,94,26300094,320,6,7,0.04375
E30,8,40,0.3,95,26300095,320,7,6,0.0375
E30,8,40,0.3,96,26300096,320,9,12,0.075
E30,8,40,0.3,97,26300097,320,16,19,0.11875
E30,8,40,0.3,98,26300098,320,11,11,0.06875
E30,8,40,0.3,99,26300099,320,8,8,0.05
E30,8,40,0.3,100,26300100,320,11,13,0.08125
E30,8,40,0.3,101,26300101,320,13,15,0.09375
E30,8,40,0.3,102,26300102,320,10,9,0.05625
E30,8,40,0.3,103,26300103,320,13,14,0.0875
E30,8,40,0.3,104,26300104,320,12,13,0.08125
E30,8,40,0.3,105,26300105,320,9,10,0.0625
E30,8,40,0.3,106,26300106,320,9,11,0.06875
E30,8,40,0.3,107,26300107,320,13,12,0.075
E30,8,40,0.3,108,26300108,320,11,11,0.06875
E30,8,40,0.3,109,26300109,320,10,9,0.05625
E30,8,40,0.3,110,26300110,320,21,18,0.1125
E30,8,40,0.3,111,26300111,320,10,10,0.0625
E30,8,40,0.3,112,26300112,320,9,13,0.08125
E30,8,40,0.3,113,26300113,320,13,14,0.0875
E30,8,40,0.3,114,26300114,320,16,19,0.11875
E30,8,40,0.3,115,26300115,320,13,13,0.08125
E30,8,40,0.3,116,26300116,320,9,10,0.0625
E30,8,40,0.3,117,26300117,320,9,11,0.06875
E30,8,40,0.3,118,26300118,320,10,12,0.075
E30,8,40,0.3,119,26300119,320,9,9,0.05625
E30,8,40,0.3,120,26300120,320,13,14,0.0875
E30,8,40,0.3,121,26300121,320,14,14,0.0875
E30,8,40,0.3,122,26300122,320,9,11,0.06875
E30,8,40,0.3,123,26300123,320,12,11,0.06875
E30,8,40,0.3,124,26300124,320,10,10,0.0625
E30,8,40,0.3,125,26300125,320,13,10,0.0625
E30,8,40,0.3,126,26300126,320,15,21,0.13125
E30,8,40,0.3,127,26300127,320,9,8,0.05
E30,8,40,0.3,128,26300128,320,16,19,0.11875
E30,8,40,0.3,129,26300129,320,6,7,0.04375
E30,8,40,0.3,130,26300130,320,12,13,0.08125
E30,8,40,0.3,131,26300131,320,8,5,0.03125
E30,8,40,0.3,132,26300132,320,12,11,0.06875
E30,8,40,0.3,133,26300133,320,10,11,0.06875
E30,8,40,0.3,134,26300134,320,11,11,0.06875
E30,8,40,0.3,135,26300135,320,10,8,0.05
E30,8,40,0.3,136,26300136,320,9,10,0.0625
E30,8,40,0.3,137,26300137,320,10,10,0.0625
E30,8,40,0.3,138,26300138,320,9,11,0.06875
E30,8,40,0.3,139,26300139,320,7,6,0.0375
E30,8,40,0.3,140,26300140,320,17,20,0.125
E30,8,40,0.3,141,26300141,320,12,12,0.075
E30,8,40,0.3,142,26300142,320,16,18,0.1125
E30,8,40,0.3,143,26300143,320,8,10,0.0625
E30,8,40,0.3,144,26300144,320,12,13,0.08125
E30,8,40,0.3,145,26300145,320,14,14,0.0875
E30,8,40,0.3,146,26300146,320,15,16,0.1
E30,8,40,0.3,147,26300147,320,13,13,0.08125
E30,8,40,0.3,148,26300148,320,10,15,0.09375
E30,8,40,0.3,149,26300149,320,6,6,0.0375
E30,8,40,0.3,150,26300150,320,9,10,0.0625
E30,8,40,0.3,151,26300151,320,10,11,0.06875
E30,8,40,0.3,152,26300152,320,15,15,0.09375
E30,8,40,0.3,153,26300153,320,5,7,0.04375
E30,8,40,0.3,154,26300154,320,11,8,0.05
E30,8,40,0.3,155,26300155,320,9,10,0.0625
E30,8,40,0.3,156,26300156,320,12,14,0.0875
E30,8,40,0.3,157,26300157,320,8,11,0.06875
E30,8,40,0.3,158,26300158,320,9,11,0.06875
E30,8,40,0.3,159,26300159,320,11,10,0.0625
E30,8,40,0.3,160,26300160,320,6,9,0.05625
E30,8,40,0.3,161,26300161,320,8,11,0.06875
E30,8,40,0.3,162,26300162,320,18,17,0.10625
E30,8,40,0.3,163,26300163,320,10,10,0.0625
E30,8,40,0.3,164,26300164,320,13,15,0.09375
E30,8,40,0.3,165,26300165,320,15,13,0.08125
E30,8,40,0.3,166,26300166,320,12,14,0.0875
E30,8,40,0.3,167,26300167,320,5,4,0.025
E30,8,40,0.3,168,26300168,320,12,14,0.0875
E30,8,40,0.3,169,26300169,320,13,15,0.09375
E30,8,40,0.3,170,26300170,320,12,13,0.08125
E30,8,40,0.3,171,26300171,320,9,9,0.05625
E30,8,40,0.3,172,26300172,320,15,14,0.0875
E30,8,40,0.3,173,26300173,320,10,11,0.06875
E30,8,40,0.3,174,26300174,320,13,13,0.08125
E30,8,40,0.3,175,26300175,320,11,11,0.06875
E30,8,40,0.3,176,26300176,320,19,22,0.1375
E30,8,40,0.3,177,26300177,320,13,14,0.0875
E30,8,40,0.3,178,26300178,320,14,14,0.0875
E30,8,40,0.3,179,26300179,320,5,5,0.03125
E30,8,40,0.3,180,26300180,320,8,8,0.05
E30,8,40,0.3,181,26300181,320,10,14,0.0875
E30,8,40,0.3,182,26300182,320,11,13,0.08125
E30,8,40,0.3,183,26300183,320,13,13,0.08125
E30,8,40,0.3,184,26300184,320,8,8,0.05
E30,8,40,0.3,185,26300185,320,14,16,0.1
E30,8,40,0.3,186,26300186,320,13,13,0.08125
E30,8,40,0.3,187,26300187,320,12,11,0.06875
E30,8,40,0.3,188,26300188,320,14,16,0.1
E30,8,40,0.3,189,26300189,320,10,11,0.06875
E30,8,40,0.3,190,26300190,320,15,15,0.09375
E30,8,40,0.3,191,26300191,320,8,9,0.05625
E30,8,40,0.3,192,26300192,320,10,11,0.06875
E30,8,40,0.3,193,26300193,320,11,11,0.06875
E30,8,40,0.3,194,26300194,320,13,11,0.06875
E30,8,40,0.3,195,26300195,320,7,8,0.05
E30,8,40,0.3,196,26300196,320,8,10,0.0625
E30,8,40,0.3,197,26300197,320,10,12,0.075
E30,8,40,0.3,198,26300198,320,15,13,0.08125
E30,8,40,0.3,199,26300199,320,7,7,0.04375
E30,8,40,0.3,200,26300200,320,11,11,0.06875
E30,8,40,0.3,201,26300201,320,12,11,0.06875
E30,8,40,0.3,202,26300202,320,12,12,0.075
E30,8,40,0.3,203,26300203,320,11,13,0.08125
E30,8,40,0.3,204,26300204,320,11,12,0.075
E30,8,40,0.3,205,26300205,320,8,9,0.05625
E30,8,40,0.3,206,26300206,320,11,11,0.06875
E30,8,40,0.3,207,26300207,320,19,21,0.13125
E30,8,40,0.3,208,26300208,320,16,16,0.1
E30,8,40,0.3,209,26300209,320,9,10,0.0625
E30,8,40,0.3,210,26300210,320,14,13,0.08125
E30,8,40,0.3,211,26300211,320,12,16,0.1
E30,8,40,0.3,212,26300212,320,14,16,0.1
E30,8,40,0.3,213,26300213,320,10,11,0.06875
E30,8,40,0.3,214,26300214,320,13,14,0.0875
E30,8,40,0.3,215,26300215,320,14,15,0.09375
E30,8,40,0.3,216,26300216,320,18,17,0.10625
E30,8,40,0.3,217,26300217,320,8,10,0.0625
E30,8,40,0.3,218,26300218,320,16,15,0.09375
E30,8,40,0.3,219,26300219,320,12,13,0.08125
E30,8,40,0.3,220,26300220,320,7,8,0.05
E30,8,40,0.3,221,26300221,320,13,16,0.1
E30,8,40,0.3,222,26300222,320,10,14,0.0875
E30,8,40,0.3,223,26300223,320,17,20,0.125
E30,8,40,0.3,224,26300224,320,9,11,0.06875
E30,8,40,0.3,225,26300225,320,6,5,0.03125
E30,8,40,0.3,226,26300226,320,17,19,0.11875
E30,8,40,0.3,227,26300227,320,12,15,0.09375
E30,8,40,0.3,228,26300228,320,10,11,0.06875
E30,8,40,0.3,229,26300229,320,16,15,0.09375
E30,8,40,0.3,230,26300230,320,14,12,0.075
E30,8,40,0.3,231,26300231,320,12,10,0.0625
E30,8,40,0.3,232,26300232,320,11,10,0.0625
E30,8,40,0.3,233,26300233,320,8,8,0.05
E30,8,40,0.3,234,26300234,320,12,14,0.0875
E30,8,40,0.3,235,26300235,320,10,10,0.0625
E30,8,40,0.3,236,26300236,320,10,9,0.05625
E30,8,40,0.3,237,26300237,320,14,13,0.08125
E30,8,40,0.3,238,26300238,320,9,7,0.04375
E30,8,40,0.3,239,26300239,320,15,15,0.09375
E30,8,40,0.3,240,26300240,320,11,13,0.08125
E30,8,40,0.3,241,26300241,320,6,7,0.04375
E30,8,40,0.3,242,26300242,320,14,16,0.1
E30,8,40,0.3,243,26300243,320,7,6,0.0375
E30,8,40,0.3,244,26300244,320,9,9,0.05625
E30,8,40,0.3,245,26300245,320,11,13,0.08125
E30,8,40,0.3,246,26300246,320,13,14,0.0875
E30,8,40,0.3,247,26300247,320,17,18,0.1125
E30,8,40,0.3,248,26300248,320,10,10,0.0625
E30,8,40,0.3,249,26300249,320,8,8,0.05
E30,8,40,0.3,250,26300250,320,13,14,0.0875
E30,8,40,0.3,251,26300251,320,10,15,0.09375
E30,8,40,0.3,252,26300252,320,4,6,0.0375
E30,8,40,0.3,253,26300253,320,9,11,0.06875
E30,8,40,0.3,254,26300254,320,14,15,0.09375
E30,8,40,0.3,255,26300255,320,10,13,0.08125
E30,8,40,0.3,256,26300256,320,10,13,0.08125
E30,8,40,0.3,257,26300257,320,14,13,0.08125
E30,8,40,0.3,258,26300258,320,8,8,0.05
E30,8,40,0.3,259,26300259,320,8,8,0.05
E30,8,40,0.3,260,26300260,320,8,8,0.05
E30,8,40,0.3,261,26300261,320,12,12,0.075
E30,8,40,0.3,262,26300262,320,9,8,0.05
E30,8,40,0.3,263,26300263,320,12,15,0.09375
E30,8,40,0.3,264,26300264,320,10,11,0.06875
E30,8,40,0.3,265,26300265,320,13,13,0.08125
E30,8,40,0.3,266,26300266,320,12,12,0.075
E30,8,40,0.3,267,26300267,320,12,14,0.0875
E30,8,40,0.3,268,26300268,320,6,6,0.0375
E30,8,40,0.3,269,26300269,320,13,14,0.0875
E30,8,40,0.3,270,26300270,320,13,15,0.09375
E30,8,40,0.3,271,26300271,320,12,12,0.075
E30,8,40,0.3,272,26300272,320,15,13,0.08125
E30,8,40,0.3,273,26300273,320,7,8,0.05
E30,8,40,0.3,274,26300274,320,8,7,0.04375
E30,8,40,0.3,275,26300275,320,5,7,0.04375
E30,8,40,0.3,276,26300276,320,15,16,0.1
E30,8,40,0.3,277,26300277,320,12,12,0.075
E30,8,40,0.3,278,26300278,320,9,12,0.075
E30,8,40,0.3,279,26300279,320,9,9,0.05625
E30,8,40,0.3,280,26300280,320,10,12,0.075
E30,8,40,0.3,281,26300281,320,8,8,0.05
E30,8,40,0.3,282,26300282,320,20,20,0.125
E30,8,40,0.3,283,26300283,320,13,14,0.0875
E30,8,40,0.3,284,26300284,320,18,19,0.11875
E30,8,40,0.3,285,26300285,320,11,12,0.075
E30,8,40,0.3,286,26300286,320,12,13,0.08125
E30,8,40,0.3,287,26300287,320,16,16,0.1
E30,8,40,0.3,288,26300288,320,14,15,0.09375
E30,8,40,0.3,289,26300289,320,11,12,0.075
E30,8,40,0.3,290,26300290,320,15,17,0.10625
E30,8,40,0.3,291,26300291,320,13,14,0.0875
E30,8,40,0.3,292,26300292,320,16,16,0.1
E30,8,40,0.3,293,26300293,320,17,19,0.11875
E30,8,40,0.3,294,26300294,320,13,15,0.09375
E30,8,40,0.3,295,26300295,320,12,11,0.06875
E30,8,40,0.3,296,26300296,320,16,20,0.125
E30,8,40,0.3,297,26300297,320,15,18,0.1125
E30,8,40,0.3,298,26300298,320,12,14,0.0875
E30,8,40,0.3,299,26300299,320,9,9,0.05625
E30,8,40,0.3,300,26300300,320,13,17,0.10625
E30,8,40,0.3,301,26300301,320,10,11,0.06875
E30,8,40,0.3,302,26300302,320,14,15,0.09375
E30,8,40,0.3,303,26300303,320,12,14,0.0875
E30,8,40,0.3,304,26300304,320,8,9,0.05625
E30,8,40,0.3,305,26300305,320,5,6,0.0375
E30,8,40,0.3,306,26300306,320,15,16,0.1
E30,8,40,0.3,307,26300307,320,16,18,0.1125
E30,8,40,0.3,308,26300308,320,12,15,0.09375
E30,8,40,0.3,309,26300309,320,8,9,0.05625
E30,8,40,0.3,310,26300310,320,14,15,0.09375
E30,8,40,0.3,311,26300311,320,6,7,0.04375
E30,8,40,0.3,312,26300312,320,11,10,0.0625
E30,8,40,0.3,313,26300313,320,16,17,0.10625
E30,8,40,0.3,314,26300314,320,10,11,0.06875
E30,8,40,0.3,315,26300315,320,14,13,0.08125
E30,8,40,0.3,316,26300316,320,9,10,0.0625
E30,8,40,0.3,317,26300317,320,11,13,0.08125
E30,8,40,0.3,318,26300318,320,4,4,0.025
E30,8,40,0.3,319,26300319,320,4,6,0.0375
E30,8,40,0.3,320,26300320,320,19,22,0.1375
E30,8,40,0.3,321,26300321,320,13,14,0.0875
E30,8,40,0.3,322,26300322,320,10,10,0.0625
E30,8,40,0.3,323,26300323,320,11,13,0.08125
E30,8,40,0.3,324,26300324,320,10,10,0.0625
E30,8,40,0.3,325,26300325,320,10,12,0.075
E30,8,40,0.3,326,26300326,320,8,10,0.0625
E30,8,40,0.3,327,26300327,320,8,8,0.05
E30,8,40,0.3,328,26300328,320,12,15,0.09375
E30,8,40,0.3,329,26300329,320,10,11,0.06875
E30,8,40,0.3,330,26300330,320,11,12,0.075
E30,8,40,0.3,331,26300331,320,12,13,0.08125
E30,8,40,0.3,332,26300332,320,11,9,0.05625
E30,8,40,0.3,333,26300333,320,8,8,0.05
E30,8,40,0.3,334,26300334,320,9,8,0.05
E30,8,40,0.3,335,26300335,320,6,8,0.05
E30,8,40,0.3,336,26300336,320,11,11,0.06875
E30,8,40,0.3,337,26300337,320,15,15,0.09375
E30,8,40,0.3,338,26300338,320,14,13,0.08125
E30,8,40,0.3,339,26300339,320,10,12,0.075
E30,8,40,0.3,340,26300340,320,9,10,0.0625
E30,8,40,0.3,341,26300341,320,15,16,0.1
E30,8,40,0.3,342,26300342,320,8,10,0.0625
E30,8,40,0.3,343,26300343,320,15,14,0.0875
E30,8,40,0.3,344,26300344,320,15,17,0.10625
E30,8,40,0.3,345,26300345,320,6,6,0.0375
E30,8,40,0.3,346,26300346,320,15,14,0.0875
E30,8,40,0.3,347,26300347,320,14,17,0.10625
E30,8,40,0.3,348,26300348,320,15,16,0.1
E30,8,40,0.3,349,26300349,320,19,18,0.1125
E30,8,40,0.3,350,26300350,320,15,17,0.10625
E30,8,40,0.3,351,26300351,320,14,16,0.1
E30,8,40,0.3,352,26300352,320,10,14,0.0875
E30,8,40,0.3,353,26300353,320,11,12,0.075
E30,8,40,0.3,354,26300354,320,10,9,0.05625
E30,8,40,0.3,355,26300355,320,11,10,0.0625
E30,8,40,0.3,356,26300356,320,8,10,0.0625
E30,8,40,0.3,357,26300357,320,6,7,0.04375
E30,8,40,0.3,358,26300358,320,10,9,0.05625
E30,8,40,0.3,359,26300359,320,11,11,0.06875
E30,8,40,0.3,360,26300360,320,13,14,0.0875
E30,8,40,0.3,361,26300361,320,15,15,0.09375
E30,8,40,0.3,362,26300362,320,12,13,0.08125
E30,8,40,0.3,363,26300363,320,10,10,0.0625
E30,8,40,0.3,364,26300364,320,14,15,0.09375
E30,8,40,0.3,365,26300365,320,6,7,0.04375
E30,8,40,0.3,366,26300366,320,17,14,0.0875
E30,8,40,0.3,367,26300367,320,7,7,0.04375
E30,8,40,0.3,368,26300368,320,11,11,0.06875
E30,8,40,0.3,369,26300369,320,13,14,0.0875
E30,8,40,0.3,370,26300370,320,11,13,0.08125
E30,8,40,0.3,371,26300371,320,12,13,0.08125
E30,8,40,0.3,372,26300372,320,10,10,0.0625
E30,8,40,0.3,373,26300373,320,12,13,0.08125
E30,8,40,0.3,374,26300374,320,9,10,0.0625
E30,8,40,0.3,375,26300375,320,11,11,0.06875
E30,8,40,0.3,376,26300376,320,11,13,0.08125
E30,8,40,0.3,377,26300377,320,11,13,0.08125
E30,8,40,0.3,378,26300378,320,12,11,0.06875
E30,8,40,0.3,379,26300379,320,10,11,0.06875
E30,8,40,0.3,380,26300380,320,5,6,0.0375
E30,8,40,0.3,381,26300381,320,7,7,0.04375
E30,8,40,0.3,382,26300382,320,13,16,0.1
E30,8,40,0.3,383,26300383,320,6,7,0.04375
E30,8,40,0.3,384,26300384,320,15,15,0.09375
E30,8,40,0.3,385,26300385,320,17,18,0.1125
E30,8,40,0.3,386,26300386,320,7,9,0.05625
E30,8,40,0.3,387,26300387,320,8,8,0.05
E30,8,40,0.3,388,26300388,320,12,12,0.075
E30,8,40,0.3,389,26300389,320,8,9,0.05625
E30,8,40,0.3,390,26300390,320,13,17,0.10625
E30,8,40,0.3,391,26300391,320,18,22,0.1375
E30,8,40,0.3,392,26300392,320,11,13,0.08125
E30,8,40,0.3,393,26300393,320,10,10,0.0625
E30,8,40,0.3,394,26300394,320,12,14,0.0875
E30,8,40,0.3,395,26300395,320,13,13,0.08125
E30,8,40,0.3,396,26300396,320,12,14,0.0875
E30,8,40,0.3,397,26300397,320,11,11,0.06875
E30,8,40,0.3,398,26300398,320,13,14,0.0875
E30,8,40,0.3,399,26300399,320,18,22,0.1375
E30,8,40,0.3,400,26300400,320,10,10,0.0625
E30,8,40,0.3,401,26300401,320,16,18,0.1125
E30,8,40,0.3,402,26300402,320,14,17,0.10625
E30,8,40,0.3,403,26300403,320,15,18,0.1125
E30,8,40,0.3,404,26300404,320,9,9,0.05625
E30,8,40,0.3,405,26300405,320,8,9,0.05625
E30,8,40,0.3,406,26300406,320,8,8,0.05
E30,8,40,0.3,407,26300407,320,11,13,0.08125
E30,8,40,0.3,408,26300408,320,8,10,0.0625
E30,8,40,0.3,409,26300409,320,8,7,0.04375
E30,8,40,0.3,410,26300410,320,20,21,0.13125
E30,8,40,0.3,411,26300411,320,10,10,0.0625
E30,8,40,0.3,412,26300412,320,15,19,0.11875
E30,8,40,0.3,413,26300413,320,5,7,0.04375
E30,8,40,0.3,414,26300414,320,20,22,0.1375
E30,8,40,0.3,415,26300415,320,8,8,0.05
E30,8,40,0.3,416,26300416,320,10,10,0.0625
E30,8,40,0.3,417,26300417,320,8,9,0.05625
E30,8,40,0.3,418,26300418,320,13,15,0.09375
E30,8,40,0.3,419,26300419,320,16,15,0.09375
E30,8,40,0.3,420,26300420,320,9,9,0.05625
E30,8,40,0.3,421,26300421,320,9,9,0.05625
E30,8,40,0.3,422,26300422,320,10,12,0.075
E30,8,40,0.3,423,26300423,320,17,14,0.0875
E30,8,40,0.3,424,26300424,320,14,16,0.1
E30,8,40,0.3,425,26300425,320,8,9,0.05625
E30,8,40,0.3,426,26300426,320,11,11,0.06875
E30,8,40,0.3,427,26300427,320,13,16,0.1
E30,8,40,0.3,428,26300428,320,7,8,0.05
E30,8,40,0.3,429,26300429,320,11,10,0.0625
E30,8,40,0.3,430,26300430,320,14,15,0.09375
E30,8,40,0.3,431,26300431,320,17,17,0.10625
E30,8,40,0.3,432,26300432,320,14,15,0.09375
E30,8,40,0.3,433,26300433,320,14,19,0.11875
E30,8,40,0.3,434,26300434,320,12,13,0.08125
E30,8,40,0.3,435,26300435,320,16,17,0.10625
E30,8,40,0.3,436,26300436,320,13,14,0.0875
E30,8,40,0.3,437,26300437,320,13,14,0.0875
E30,8,40,0.3,438,26300438,320,16,14,0.0875
E30,8,40,0.3,439,26300439,320,8,11,0.06875
E30,8,40,0.3,440,26300440,320,9,10,0.0625
E30,8,40,0.3,441,26300441,320,14,17,0.10625
E30,8,40,0.3,442,26300442,320,5,5,0.03125
E30,8,40,0.3,443,26300443,320,11,12,0.075
E30,8,40,0.3,444,26300444,320,14,13,0.08125
E30,8,40,0.3,445,26300445,320,10,10,0.0625
E30,8,40,0.3,446,26300446,320,6,7,0.04375
E30,8,40,0.3,447,26300447,320,9,7,0.04375
E30,8,40,0.3,448,26300448,320,14,16,0.1
E30,8,40,0.3,449,26300449,320,19,19,0.11875
E30,8,40,0.3,450,26300450,320,15,13,0.08125
E30,8,40,0.3,451,26300451,320,15,15,0.09375
E30,8,40,0.3,452,26300452,320,16,14,0.0875
E30,8,40,0.3,453,26300453,320,13,16,0.1
E30,8,40,0.3,454,26300454,320,6,8,0.05
E30,8,40,0.3,455,26300455,320,7,9,0.05625
E30,8,40,0.3,456,26300456,320,14,15,0.09375
E30,8,40,0.3,457,26300457,320,16,15,0.09375
E30,8,40,0.3,458,26300458,320,14,15,0.09375
E30,8,40,0.3,459,26300459,320,17,15,0.09375
E30,8,40,0.3,460,26300460,320,14,15,0.09375
E30,8,40,0.3,461,26300461,320,11,13,0.08125
E30,8,40,0.3,462,26300462,320,12,13,0.08125
E30,8,40,0.3,463,26300463,320,8,10,0.0625
E30,8,40,0.3,464,26300464,320,15,14,0.0875
E30,8,40,0.3,465,26300465,320,12,11,0.06875
E30,8,40,0.3,466,26300466,320,7,8,0.05
E30,8,40,0.3,467,26300467,320,11,10,0.0625
E30,8,40,0.3,468,26300468,320,13,13,0.08125
E30,8,40,0.3,469,26300469,320,9,12,0.075
E30,8,40,0.3,470,26300470,320,8,9,0.05625
E30,8,40,0.3,471,26300471,320,9,10,0.0625
E30,8,40,0.3,472,26300472,320,8,11,0.06875
E30,8,40,0.3,473,26300473,320,10,12,0.075
E30,8,40,0.3,474,26300474,320,18,19,0.11875
E30,8,40,0.3,475,26300475,320,8,7,0.04375
E30,8,40,0.3,476,26300476,320,13,16,0.1
E30,8,40,0.3,477,26300477,320,7,9,0.05625
E30,8,40,0.3,478,26300478,320,9,10,0.0625
E30,8,40,0.3,479,26300479,320,5,5,0.03125
E30,8,40,0.3,480,26300480,320,12,12,0.075
E30,8,40,0.3,481,26300481,320,10,15,0.09375
E30,8,40,0.3,482,26300482,320,12,15,0.09375
E30,8,40,0.3,483,26300483,320,8,7,0.04375
E30,8,40,0.3,484,26300484,320,12,14,0.0875
E30,8,40,0.3,485,26300485,320,13,12,0.075
E30,8,40,0.3,486,26300486,320,10,9,0.05625
E30,8,40,0.3,487,26300487,320,15,16,0.1
E30,8,40,0.3,488,26300488,320,12,13,0.08125
E30,8,40,0.3,489,26300489,320,12,11,0.06875
E30,8,40,0.3,490,26300490,320,12,13,0.08125
E30,8,40,0.3,491,26300491,320,12,13,0.08125
E30,8,40,0.3,492,26300492,320,11,11,0.06875
E30,8,40,0.3,493,26300493,320,14,17,0.10625
E30,8,40,0.3,494,26300494,320,8,9,0.05625
E30,8,40,0.3,495,26300495,320,4,5,0.03125
E30,8,40,0.3,496,26300496,320,7,7,0.04375
E30,8,40,0.3,497,26300497,320,13,14,0.0875
E30,8,40,0.3,498,26300498,320,9,9,0.05625
E30,8,40,0.3,499,26300499,320,7,7,0.04375
E30,8,40,0.6,0,27300000,320,8,9,0.05625
E30,8,40,0.6,1,27300001,320,10,14,0.0875
E30,8,40,0.6,2,27300002,320,1,1,0.00625
E30,8,40,0.6,3,27300003,320,10,13,0.08125
E30,8,40,0.6,4,27300004,320,7,12,0.075
E30,8,40,0.6,5,27300005,320,6,9,0.05625
E30,8,40,0.6,6,27300006,320,4,8,0.05
E30,8,40,0.6,7,27300007,320,9,16,0.1
E30,8,40,0.6,8,27300008,320,7,9,0.05625
E30,8,40,0.6,9,27300009,320,8,10,0.0625
E30,8,40,0.6,10,27300010,320,6,11,0.06875
E30,8,40,0.6,11,27300011,320,8,14,0.0875
E30,8,40,0.6,12,27300012,320,10,15,0.09375
E30,8,40,0.6,13,27300013,320,7,10,0.0625
E30,8,40,0.6,14,27300014,320,3,4,0.025
E30,8,40,0.6,15,27300015,320,9,14,0.0875
E30,8,40,0.6,16,27300016,320,7,10,0.0625
E30,8,40,0.6,17,27300017,320,7,9,0.05625
E30,8,40,0.6,18,27300018,320,12,16,0.1
E30,8,40,0.6,19,27300019,320,9,17,0.10625
E30,8,40,0.6,20,27300020,320,5,9,0.05625
E30,8,40,0.6,21,27300021,320,9,14,0.0875
E30,8,40,0.6,22,27300022,320,6,7,0.04375
E30,8,40,0.6,23,27300023,320,7,10,0.0625
E30,8,40,0.6,24,27300024,320,7,14,0.0875
E30,8,40,0.6,25,27300025,320,3,7,0.04375
E30,8,40,0.6,26,27300026,320,7,10,0.0625
E30,8,40,0.6,27,27300027,320,11,14,0.0875
E30,8,40,0.6,28,27300028,320,10,15,0.09375
E30,8,40,0.6,29,27300029,320,2,2,0.0125
E30,8,40,0.6,30,27300030,320,7,12,0.075
E30,8,40,0.6,31,27300031,320,6,13,0.08125
E30,8,40,0.6,32,27300032,320,8,13,0.08125
E30,8,40,0.6,33,27300033,320,7,11,0.06875
E30,8,40,0.6,34,27300034,320,7,12,0.075
E30,8,40,0.6,35,27300035,320,4,8,0.05
E30,8,40,0.6,36,27300036,320,9,16,0.1
E30,8,40,0.6,37,27300037,320,5,7,0.04375
E30,8,40,0.6,38,27300038,320,4,6,0.0375
E30,8,40,0.6,39,27300039,320,8,15,0.09375
E30,8,40,0.6,40,27300040,320,7,10,0.0625
E30,8,40,0.6,41,27300041,320,9,14,0.0875
E30,8,40,0.6,42,27300042,320,2,3,0.01875
E30,8,40,0.6,43,27300043,320,9,16,0.1
E30,8,40,0.6,44,27300044,320,7,8,0.05
E30,8,40,0.6,45,27300045,320,7,12,0.075
E30,8,40,0.6,46,27300046,320,8,9,0.05625
E30,8,40,0.6,47,27300047,320,11,17,0.10625
E30,8,40,0.6,48,27300048,320,4,7,0.04375
E30,8,40,0.6,49,27300049,320,3,2,0.0125
E30,8,40,0.6,50,27300050,320,9,15,0.09375
E30,8,40,0.6,51,27300051,320,3,3,0.01875
E30,8,40,0.6,52,27300052,320,9,12,0.075
E30,8,40,0.6,53,27300053,320,4,7,0.04375
E30,8,40,0.6,54,27300054,320,8,16,0.1
E30,8,40,0.6,55,27300055,320,12,19,0.11875
E30,8,40,0.6,56,27300056,320,6,10,0.0625
E30,8,40,0.6,57,27300057,320,6,8,0.05
E30,8,40,0.6,58,27300058,320,7,11,0.06875
E30,8,40,0.6,59,27300059,320,4,6,0.0375
E30,8,40,0.6,60,27300060,320,5,6,0.0375
E30,8,40,0.6,61,27300061,320,10,16,0.1
E30,8,40,0.6,62,27300062,320,4,8,0.05
E30,8,40,0.6,63,27300063,320,9,13,0.08125
E30,8,40,0.6,64,27300064,320,9,15,0.09375
E30,8,40,0.6,65,27300065,320,9,14,0.0875
E30,8,40,0.6,66,27300066,320,5,10,0.0625
E30,8,40,0.6,67,27300067,320,7,10,0.0625
E30,8,40,0.6,68,27300068,320,7,11,0.06875
E30,8,40,0.6,69,27300069,320,7,11,0.06875
E30,8,40,0.6,70,27300070,320,6,10,0.0625
E30,8,40,0.6,71,27300071,320,7,11,0.06875
E30,8,40,0.6,72,27300072,320,5,7,0.04375
E30,8,40,0.6,73,27300073,320,5,9,0.05625
E30,8,40,0.6,74,27300074,320,9,13,0.08125
E30,8,40,0.6,75,27300075,320,5,7,0.04375
E30,8,40,0.6,76,27300076,320,9,12,0.075
E30,8,40,0.6,77,27300077,320,5,7,0.04375
E30,8,40,0.6,78,27300078,320,7,10,0.0625
E30,8,40,0.6,79,27300079,320,10,18,0.1125
E30,8,40,0.6,80,27300080,320,6,10,0.0625
E30,8,40,0.6,81,27300081,320,6,13,0.08125
E30,8,40,0.6,82,27300082,320,10,15,0.09375
E30,8,40,0.6,83,27300083,320,3,4,0.025
E30,8,40,0.6,84,27300084,320,8,15,0.09375
E30,8,40,0.6,85,27300085,320,7,12,0.075
E30,8,40,0.6,86,27300086,320,8,12,0.075
E30,8,40,0.6,87,27300087,320,7,14,0.0875
E30,8,40,0.6,88,27300088,320,6,12,0.075
E30,8,40,0.6,89,27300089,320,8,10,0.0625
E30,8,40,0.6,90,27300090,320,7,10,0.0625
E30,8,40,0.6,91,27300091,320,8,12,0.075
E30,8,40,0.6,92,27300092,320,7,9,0.05625
E30,8,40,0.6,93,27300093,320,7,9,0.05625
E30,8,40,0.6,94,27300094,320,7,13,0.08125
E30,8,40,0.6,95,27300095,320,6,8,0.05
E30,8,40,0.6,96,27300096,320,3,5,0.03125
E30,8,40,0.6,97,27300097,320,9,13,0.08125
E30,8,40,0.6,98,27300098,320,5,8,0.05
E30,8,40,0.6,99,27300099,320,6,9,0.05625
E30,8,40,0.6,100,27300100,320,6,9,0.05625
E30,8,40,0.6,101,27300101,320,7,10,0.0625
E30,8,40,0.6,102,27300102,320,4,6,0.0375
E30,8,40,0.6,103,27300103,320,3,4,0.025
E30,8,40,0.6,104,27300104,320,12,17,0.10625
E30,8,40,0.6,105,27300105,320,2,4,0.025
E30,8,40,0.6,106,27300106,320,5,9,0.05625
E30,8,40,0.6,107,27300107,320,4,7,0.04375
E30,8,40,0.6,108,27300108,320,7,10,0.0625
E30,8,40,0.6,109,27300109,320,10,18,0.1125
E30,8,40,0.6,110,27300110,320,4,8,0.05
E30,8,40,0.6,111,27300111,320,4,9,0.05625
E30,8,40,0.6,112,27300112,320,14,21,0.13125
E30,8,40,0.6,113,27300113,320,5,8,0.05
E30,8,40,0.6,114,27300114,320,8,9,0.05625
E30,8,40,0.6,115,27300115,320,7,11,0.06875
E30,8,40,0.6,116,27300116,320,6,9,0.05625
E30,8,40,0.6,117,27300117,320,7,10,0.0625
E30,8,40,0.6,118,27300118,320,10,14,0.0875
E30,8,40,0.6,119,27300119,320,6,10,0.0625
E30,8,40,0.6,120,27300120,320,9,15,0.09375
E30,8,40,0.6,121,27300121,320,9,15,0.09375
E30,8,40,0.6,122,27300122,320,11,14,0.0875
E30,8,40,0.6,123,27300123,320,9,14,0.0875
E30,8,40,0.6,124,27300124,320,5,7,0.04375
E30,8,40,0.6,125,27300125,320,6,8,0.05
E30,8,40,0.6,126,27300126,320,4,6,0.0375
E30,8,40,0.6,127,27300127,320,9,13,0.08125
E30,8,40,0.6,128,27300128,320,7,11,0.06875
E30,8,40,0.6,129,27300129,320,6,8,0.05
E30,8,40,0.6,130,27300130,320,10,15,0.09375
E30,8,40,0.6,131,27300131,320,9,11,0.06875
E30,8,40,0.6,132,27300132,320,6,12,0.075
E30,8,40,0.6,133,27300133,320,8,13,0.08125
E30,8,40,0.6,134,27300134,320,9,15,0.09375
E30,8,40,0.6,135,27300135,320,4,8,0.05
E30,8,40,0.6,136,27300136,320,9,15,0.09375
E30,8,40,0.6,137,27300137,320,6,7,0.04375
E30,8,40,0.6,138,27300138,320,4,6,0.0375
E30,8,40,0.6,139,27300139,320,13,20,0.125
E30,8,40,0.6,140,27300140,320,9,11,0.06875
E30,8,40,0.6,141,27300141,320,8,14,0.0875
E30,8,40,0.6,142,27300142,320,4,6,0.0375
E30,8,40,0.6,143,27300143,320,7,14,0.0875
E30,8,40,0.6,144,27300144,320,4,7,0.04375
E30,8,40,0.6,145,27300145,320,6,9,0.05625
E30,8,40,0.6,146,27300146,320,4,7,0.04375
E30,8,40,0.6,147,27300147,320,8,12,0.075
E30,8,40,0.6,148,27300148,320,4,6,0.0375
E30,8,40,0.6,149,27300149,320,9,15,0.09375
E30,8,40,0.6,150,27300150,320,8,10,0.0625
E30,8,40,0.6,151,27300151,320,10,13,0.08125
E30,8,40,0.6,152,27300152,320,12,20,0.125
E30,8,40,0.6,153,27300153,320,7,10,0.0625
E30,8,40,0.6,154,27300154,320,9,12,0.075
E30,8,40,0.6,155,27300155,320,5,9,0.05625
E30,8,40,0.6,156,27300156,320,11,19,0.11875
E30,8,40,0.6,157,27300157,320,5,10,0.0625
E30,8,40,0.6,158,27300158,320,7,12,0.075
E30,8,40,0.6,159,27300159,320,7,12,0.075
E30,8,40,0.6,160,27300160,320,7,12,0.075
E30,8,40,0.6,161,27300161,320,10,12,0.075
E30,8,40,0.6,162,27300162,320,8,12,0.075
E30,8,40,0.6,163,27300163,320,7,7,0.04375
E30,8,40,0.6,164,27300164,320,8,10,0.0625
E30,8,40,0.6,165,27300165,320,10,17,0.10625
E30,8,40,0.6,166,27300166,320,9,12,0.075
E30,8,40,0.6,167,27300167,320,3,5,0.03125
E30,8,40,0.6,168,27300168,320,7,10,0.0625
E30,8,40,0.6,169,27300169,320,8,12,0.075
E30,8,40,0.6,170,27300170,320,7,11,0.06875
E30,8,40,0.6,171,27300171,320,9,13,0.08125
E30,8,40,0.6,172,27300172,320,5,7,0.04375
E30,8,40,0.6,173,27300173,320,4,8,0.05
E30,8,40,0.6,174,27300174,320,6,11,0.06875
E30,8,40,0.6,175,27300175,320,7,12,0.075
E30,8,40,0.6,176,27300176,320,6,9,0.05625
E30,8,40,0.6,177,27300177,320,8,14,0.0875
E30,8,40,0.6,178,27300178,320,9,15,0.09375
E30,8,40,0.6,179,27300179,320,8,9,0.05625
E30,8,40,0.6,180,27300180,320,10,19,0.11875
E30,8,40,0.6,181,27300181,320,9,14,0.0875
E30,8,40,0.6,182,27300182,320,3,4,0.025
E30,8,40,0.6,183,27300183,320,10,15,0.09375
E30,8,40,0.6,184,27300184,320,2,4,0.025
E30,8,40,0.6,185,27300185,320,15,23,0.14375
E30,8,40,0.6,186,27300186,320,8,12,0.075
E30,8,40,0.6,187,27300187,320,9,14,0.0875
E30,8,40,0.6,188,27300188,320,7,11,0.06875
E30,8,40,0.6,189,27300189,320,2,2,0.0125
E30,8,40,0.6,190,27300190,320,4,8,0.05
E30,8,40,0.6,191,27300191,320,6,9,0.05625
E30,8,40,0.6,192,27300192,320,9,14,0.0875
E30,8,40,0.6,193,27300193,320,7,8,0.05
E30,8,40,0.6,194,27300194,320,5,7,0.04375
E30,8,40,0.6,195,27300195,320,12,18,0.1125
E30,8,40,0.6,196,27300196,320,7,12,0.075
E30,8,40,0.6,197,27300197,320,3,4,0.025
E30,8,40,0.6,198,27300198,320,6,9,0.05625
E30,8,40,0.6,199,27300199,320,10,15,0.09375
E30,8,40,0.6,200,27300200,320,8,11,0.06875
E30,8,40,0.6,201,27300201,320,5,10,0.0625
E30,8,40,0.6,202,27300202,320,11,16,0.1
E30,8,40,0.6,203,27300203,320,2,2,0.0125
E30,8,40,0.6,204,27300204,320,9,11,0.06875
E30,8,40,0.6,205,27300205,320,8,12,0.075
E30,8,40,0.6,206,27300206,320,6,10,0.0625
E30,8,40,0.6,207,27300207,320,7,12,0.075
E30,8,40,0.6,208,27300208,320,6,7,0.04375
E30,8,40,0.6,209,27300209,320,10,17,0.10625
E30,8,40,0.6,210,27300210,320,8,14,0.0875
E30,8,40,0.6,211,27300211,320,5,6,0.0375
E30,8,40,0.6,212,27300212,320,3,4,0.025
E30,8,40,0.6,213,27300213,320,4,7,0.04375
E30,8,40,0.6,214,27300214,320,4,4,0.025
E30,8,40,0.6,215,27300215,320,9,17,0.10625
E30,8,40,0.6,216,27300216,320,7,11,0.06875
E30,8,40,0.6,217,27300217,320,6,9,0.05625
E30,8,40,0.6,218,27300218,320,7,10,0.0625
E30,8,40,0.6,219,27300219,320,6,12,0.075
E30,8,40,0.6,220,27300220,320,6,8,0.05
E30,8,40,0.6,221,27300221,320,2,3,0.01875
E30,8,40,0.6,222,27300222,320,4,5,0.03125
E30,8,40,0.6,223,27300223,320,5,8,0.05
E30,8,40,0.6,224,27300224,320,7,13,0.08125
E30,8,40,0.6,225,27300225,320,11,18,0.1125
E30,8,40,0.6,226,27300226,320,7,11,0.06875
E30,8,40,0.6,227,27300227,320,17,24,0.15
E30,8,40,0.6,228,27300228,320,11,17,0.10625
E30,8,40,0.6,229,27300229,320,5,7,0.04375
E30,8,40,0.6,230,27300230,320,6,8,0.05
E30,8,40,0.6,231,27300231,320,5,8,0.05
E30,8,40,0.6,232,27300232,320,3,5,0.03125
E30,8,40,0.6,233,27300233,320,4,6,0.0375
E30,8,40,0.6,234,27300234,320,9,9,0.05625
E30,8,40,0.6,235,27300235,320,7,12,0.075
E30,8,40,0.6,236,27300236,320,7,11,0.06875
E30,8,40,0.6,237,27300237,320,5,9,0.05625
E30,8,40,0.6,238,27300238,320,7,13,0.08125
E30,8,40,0.6,239,27300239,320,6,11,0.06875
E30,8,40,0.6,240,27300240,320,4,6,0.0375
E30,8,40,0.6,241,27300241,320,11,19,0.11875
E30,8,40,0.6,242,27300242,320,5,7,0.04375
E30,8,40,0.6,243,27300243,320,7,13,0.08125
E30,8,40,0.6,244,27300244,320,7,9,0.05625
E30,8,40,0.6,245,27300245,320,4,8,0.05
E30,8,40,0.6,246,27300246,320,6,9,0.05625
E30,8,40,0.6,247,27300247,320,13,20,0.125
E30,8,40,0.6,248,27300248,320,7,10,0.0625
E30,8,40,0.6,249,27300249,320,6,8,0.05
E30,8,40,0.6,250,27300250,320,9,13,0.08125
E30,8,40,0.6,251,27300251,320,8,14,0.0875
E30,8,40,0.6,252,27300252,320,5,7,0.04375
E30,8,40,0.6,253,27300253,320,4,6,0.0375
E30,8,40,0.6,254,27300254,320,4,5,0.03125
E30,8,40,0.6,255,27300255,320,4,6,0.0375
E30,8,40,0.6,256,27300256,320,2,4,0.025
E30,8,40,0.6,257,27300257,320,5,9,0.05625
E30,8,40,0.6,258,27300258,320,12,16,0.1
E30,8,40,0.6,259,27300259,320,7,11,0.06875
E30,8,40,0.6,260,27300260,320,11,13,0.08125
E30,8,40,0.6,261,27300261,320,7,12,0.075
E30,8,40,0.6,262,27300262,320,12,18,0.1125
E30,8,40,0.6,263,27300263,320,6,8,0.05
E30,8,40,0.6,264,27300264,320,6,10,0.0625
E30,8,40,0.6,265,27300265,320,2,3,0.01875
E30,8,40,0.6,266,27300266,320,7,9,0.05625
E30,8,40,0.6,267,27300267,320,11,13,0.08125
E30,8,40,0.6,268,27300268,320,7,10,0.0625
E30,8,40,0.6,269,27300269,320,11,16,0.1
E30,8,40,0.6,270,27300270,320,11,14,0.0875
E30,8,40,0.6,271,27300271,320,11,18,0.1125
E30,8,40,0.6,272,27300272,320,8,16,0.1
E30,8,40,0.6,273,27300273,320,10,15,0.09375
E30,8,40,0.6,274,27300274,320,5,7,0.04375
E30,8,40,0.6,275,27300275,320,9,13,0.08125
E30,8,40,0.6,276,27300276,320,8,9,0.05625
E30,8,40,0.6,277,27300277,320,8,14,0.0875
E30,8,40,0.6,278,27300278,320,6,7,0.04375
E30,8,40,0.6,279,27300279,320,7,11,0.06875
E30,8,40,0.6,280,27300280,320,8,17,0.10625
E30,8,40,0.6,281,27300281,320,10,19,0.11875
E30,8,40,0.6,282,27300282,320,3,3,0.01875
E30,8,40,0.6,283,27300283,320,11,17,0.10625
E30,8,40,0.6,284,27300284,320,5,7,0.04375
E30,8,40,0.6,285,27300285,320,4,6,0.0375
E30,8,40,0.6,286,27300286,320,8,11,0.06875
E30,8,40,0.6,287,27300287,320,4,4,0.025
E30,8,40,0.6,288,27300288,320,4,6,0.0375
E30,8,40,0.6,289,27300289,320,10,16,0.1
E30,8,40,0.6,290,27300290,320,15,21,0.13125
E30,8,40,0.6,291,27300291,320,5,5,0.03125
E30,8,40,0.6,292,27300292,320,6,11,0.06875
E30,8,40,0.6,293,27300293,320,5,7,0.04375
E30,8,40,0.6,294,27300294,320,7,7,0.04375
E30,8,40,0.6,295,27300295,320,8,12,0.075
E30,8,40,0.6,296,27300296,320,5,8,0.05
E30,8,40,0.6,297,27300297,320,11,15,0.09375
E30,8,40,0.6,298,27300298,320,14,20,0.125
E30,8,40,0.6,299,27300299,320,3,5,0.03125
E30,8,40,0.6,300,27300300,320,8,14,0.0875
E30,8,40,0.6,301,27300301,320,7,12,0.075
E30,8,40,0.6,302,27300302,320,8,13,0.08125
E30,8,40,0.6,303,27300303,320,5,7,0.04375
E30,8,40,0.6,304,27300304,320,4,7,0.04375
E30,8,40,0.6,305,27300305,320,4,7,0.04375
E30,8,40,0.6,306,27300306,320,11,22,0.1375
E30,8,40,0.6,307,27300307,320,4,5,0.03125
E30,8,40,0.6,308,27300308,320,4,7,0.04375
E30,8,40,0.6,309,27300309,320,7,10,0.0625
E30,8,40,0.6,310,27300310,320,9,11,0.06875
E30,8,40,0.6,311,27300311,320,5,8,0.05
E30,8,40,0.6,312,27300312,320,5,6,0.0375
E30,8,40,0.6,313,27300313,320,8,12,0.075
E30,8,40,0.6,314,27300314,320,10,16,0.1
E30,8,40,0.6,315,27300315,320,7,12,0.075
E30,8,40,0.6,316,27300316,320,8,15,0.09375
E30,8,40,0.6,317,27300317,320,6,8,0.05
E30,8,40,0.6,318,27300318,320,7,12,0.075
E30,8,40,0.6,319,27300319,320,10,17,0.10625
E30,8,40,0.6,320,27300320,320,9,17,0.10625
E30,8,40,0.6,321,27300321,320,5,8,0.05
E30,8,40,0.6,322,27300322,320,4,5,0.03125
E30,8,40,0.6,323,27300323,320,2,5,0.03125
E30,8,40,0.6,324,27300324,320,8,13,0.08125
E30,8,40,0.6,325,27300325,320,11,18,0.1125
E30,8,40,0.6,326,27300326,320,7,12,0.075
E30,8,40,0.6,327,27300327,320,5,8,0.05
E30,8,40,0.6,328,27300328,320,6,9,0.05625
E30,8,40,0.6,329,27300329,320,5,9,0.05625
E30,8,40,0.6,330,27300330,320,11,19,0.11875
E30,8,40,0.6,331,27300331,320,5,5,0.03125
E30,8,40,0.6,332,27300332,320,9,17,0.10625
E30,8,40,0.6,333,27300333,320,7,11,0.06875
E30,8,40,0.6,334,27300334,320,6,8,0.05
E30,8,40,0.6,335,27300335,320,9,15,0.09375
E30,8,40,0.6,336,27300336,320,8,10,0.0625
E30,8,40,0.6,337,27300337,320,12,20,0.125
E30,8,40,0.6,338,27300338,320,11,20,0.125
E30,8,40,0.6,339,27300339,320,14,21,0.13125
E30,8,40,0.6,340,27300340,320,3,6,0.0375
E30,8,40,0.6,341,27300341,320,9,14,0.0875
E30,8,40,0.6,342,27300342,320,9,13,0.08125
E30,8,40,0.6,343,27300343,320,7,10,0.0625
E30,8,40,0.6,344,27300344,320,8,13,0.08125
E30,8,40,0.6,345,27300345,320,4,6,0.0375
E30,8,40,0.6,346,27300346,320,3,4,0.025
E30,8,40,0.6,347,27300347,320,8,10,0.0625
E30,8,40,0.6,348,27300348,320,8,13,0.08125
E30,8,40,0.6,349,27300349,320,9,12,0.075
E30,8,40,0.6,350,27300350,320,0,0,0.0
E30,8,40,0.6,351,27300351,320,9,16,0.1
E30,8,40,0.6,352,27300352,320,15,19,0.11875
E30,8,40,0.6,353,27300353,320,10,13,0.08125
E30,8,40,0.6,354,27300354,320,14,18,0.1125
E30,8,40,0.6,355,27300355,320,6,9,0.05625
E30,8,40,0.6,356,27300356,320,16,23,0.14375
E30,8,40,0.6,357,27300357,320,10,15,0.09375
E30,8,40,0.6,358,27300358,320,11,17,0.10625
E30,8,40,0.6,359,27300359,320,6,7,0.04375
E30,8,40,0.6,360,27300360,320,11,15,0.09375
E30,8,40,0.6,361,27300361,320,7,9,0.05625
E30,8,40,0.6,362,27300362,320,7,11,0.06875
E30,8,40,0.6,363,27300363,320,5,8,0.05
E30,8,40,0.6,364,27300364,320,8,14,0.0875
E30,8,40,0.6,365,27300365,320,5,9,0.05625
E30,8,40,0.6,366,27300366,320,7,9,0.05625
E30,8,40,0.6,367,27300367,320,5,6,0.0375
E30,8,40,0.6,368,27300368,320,10,14,0.0875
E30,8,40,0.6,369,27300369,320,6,10,0.0625
E30,8,40,0.6,370,27300370,320,9,14,0.0875
E30,8,40,0.6,371,27300371,320,6,8,0.05
E30,8,40,0.6,372,27300372,320,7,12,0.075
E30,8,40,0.6,373,27300373,320,3,6,0.0375
E30,8,40,0.6,374,27300374,320,11,18,0.1125
E30,8,40,0.6,375,27300375,320,4,7,0.04375
E30,8,40,0.6,376,27300376,320,7,11,0.06875
E30,8,40,0.6,377,27300377,320,5,9,0.05625
E30,8,40,0.6,378,27300378,320,6,8,0.05
E30,8,40,0.6,379,27300379,320,6,10,0.0625
E30,8,40,0.6,380,27300380,320,9,13,0.08125
E30,8,40,0.6,381,27300381,320,9,16,0.1
E30,8,40,0.6,382,27300382,320,12,16,0.1
E30,8,40,0.6,383,27300383,320,9,15,0.09375
E30,8,40,0.6,384,27300384,320,6,9,0.05625
E30,8,40,0.6,385,27300385,320,7,8,0.05
E30,8,40,0.6,386,27300386,320,6,13,0.08125
E30,8,40,0.6,387,27300387,320,8,8,0.05
E30,8,40,0.6,388,27300388,320,2,4,0.025
E30,8,40,0.6,389,27300389,320,8,15,0.09375
E30,8,40,0.6,390,27300390,320,10,14,0.0875
E30,8,40,0.6,391,27300391,320,7,11,0.06875
E30,8,40,0.6,392,27300392,320,11,15,0.09375
E30,8,40,0.6,393,27300393,320,7,10,0.0625
E30,8,40,0.6,394,27300394,320,6,11,0.06875
E30,8,40,0.6,395,27300395,320,8,11,0.06875
E30,8,40,0.6,396,27300396,320,8,11,0.06875
E30,8,40,0.6,397,27300397,320,3,4,0.025
E30,8,40,0.6,398,27300398,320,4,5,0.03125
E30,8,40,0.6,399,27300399,320,8,12,0.075
E30,8,40,0.6,400,27300400,320,10,13,0.08125
E30,8,40,0.6,401,27300401,320,9,17,0.10625
E30,8,40,0.6,402,27300402,320,5,9,0.05625
E30,8,40,0.6,403,27300403,320,8,11,0.06875
E30,8,40,0.6,404,27300404,320,16,22,0.1375
E30,8,40,0.6,405,27300405,320,10,14,0.0875
E30,8,40,0.6,406,27300406,320,4,7,0.04375
E30,8,40,0.6,407,27300407,320,7,12,0.075
E30,8,40,0.6,408,27300408,320,7,11,0.06875
E30,8,40,0.6,409,27300409,320,8,14,0.0875
E30,8,40,0.6,410,27300410,320,4,6,0.0375
E30,8,40,0.6,411,27300411,320,8,15,0.09375
E30,8,40,0.6,412,27300412,320,7,9,0.05625
E30,8,40,0.6,413,27300413,320,5,9,0.05625
E30,8,40,0.6,414,27300414,320,6,9,0.05625
E30,8,40,0.6,415,27300415,320,4,6,0.0375
E30,8,40,0.6,416,27300416,320,5,11,0.06875
E30,8,40,0.6,417,27300417,320,9,18,0.1125
E30,8,40,0.6,418,27300418,320,7,11,0.06875
E30,8,40,0.6,419,27300419,320,13,21,0.13125
E30,8,40,0.6,420,27300420,320,7,12,0.075
E30,8,40,0.6,421,27300421,320,10,15,0.09375
E30,8,40,0.6,422,27300422,320,11,20,0.125
E30,8,40,0.6,423,27300423,320,4,6,0.0375
E30,8,40,0.6,424,27300424,320,8,12,0.075
E30,8,40,0.6,425,27300425,320,5,8,0.05
E30,8,40,0.6,426,27300426,320,6,8,0.05
E30,8,40,0.6,427,27300427,320,10,18,0.1125
E30,8,40,0.6,428,27300428,320,7,10,0.0625
E30,8,40,0.6,429,27300429,320,12,19,0.11875
E30,8,40,0.6,430,27300430,320,7,12,0.075
E30,8,40,0.6,431,27300431,320,7,13,0.08125
E30,8,40,0.6,432,27300432,320,4,8,0.05
E30,8,40,0.6,433,27300433,320,10,17,0.10625
E30,8,40,0.6,434,27300434,320,9,17,0.10625
E30,8,40,0.6,435,27300435,320,6,9,0.05625
E30,8,40,0.6,436,27300436,320,5,6,0.0375
E30,8,40,0.6,437,27300437,320,3,3,0.01875
E30,8,40,0.6,438,27300438,320,8,14,0.0875
E30,8,40,0.6,439,27300439,320,8,12,0.075
E30,8,40,0.6,440,27300440,320,6,11,0.06875
E30,8,40,0.6,441,27300441,320,16,20,0.125
E30,8,40,0.6,442,27300442,320,9,12,0.075
E30,8,40,0.6,443,27300443,320,7,13,0.08125
E30,8,40,0.6,444,27300444,320,5,8,0.05
E30,8,40,0.6,445,27300445,320,15,20,0.125
E30,8,40,0.6,446,27300446,320,5,9,0.05625
E30,8,40,0.6,447,27300447,320,5,7,0.04375
E30,8,40,0.6,448,27300448,320,6,7,0.04375
E30,8,40,0.6,449,27300449,320,6,8,0.05
E30,8,40,0.6,450,27300450,320,8,13,0.08125
E30,8,40,0.6,451,27300451,320,8,11,0.06875
E30,8,40,0.6,452,27300452,320,4,8,0.05
E30,8,40,0.6,453,27300453,320,10,13,0.08125
E30,8,40,0.6,454,27300454,320,9,13,0.08125
E30,8,40,0.6,455,27300455,320,9,12,0.075
E30,8,40,0.6,456,27300456,320,6,10,0.0625
E30,8,40,0.6,457,27300457,320,8,13,0.08125
E30,8,40,0.6,458,27300458,320,6,10,0.0625
E30,8,40,0.6,459,27300459,320,7,12,0.075
E30,8,40,0.6,460,27300460,320,10,14,0.0875
E30,8,40,0.6,461,27300461,320,4,6,0.0375
E30,8,40,0.6,462,27300462,320,10,16,0.1
E30,8,40,0.6,463,27300463,320,5,7,0.04375
E30,8,40,0.6,464,27300464,320,13,18,0.1125
E30,8,40,0.6,465,27300465,320,7,12,0.075
E30,8,40,0.6,466,27300466,320,10,14,0.0875
E30,8,40,0.6,467,27300467,320,6,9,0.05625
E30,8,40,0.6,468,27300468,320,5,7,0.04375
E30,8,40,0.6,469,27300469,320,9,16,0.1
E30,8,40,0.6,470,27300470,320,8,17,0.10625
E30,8,40,0.6,471,27300471,320,7,10,0.0625
E30,8,40,0.6,472,27300472,320,4,9,0.05625
E30,8,40,0.6,473,27300473,320,11,19,0.11875
E30,8,40,0.6,474,27300474,320,9,11,0.06875
E30,8,40,0.6,475,27300475,320,7,9,0.05625
E30,8,40,0.6,476,27300476,320,7,13,0.08125
E30,8,40,0.6,477,27300477,320,8,12,0.075
E30,8,40,0.6,478,27300478,320,5,8,0.05
E30,8,40,0.6,479,27300479,320,6,9,0.05625
E30,8,40,0.6,480,27300480,320,5,10,0.0625
E30,8,40,0.6,481,27300481,320,8,11,0.06875
E30,8,40,0.6,482,27300482,320,5,7,0.04375
E30,8,40,0.6,483,27300483,320,4,7,0.04375
E30,8,40,0.6,484,27300484,320,7,9,0.05625
E30,8,40,0.6,485,27300485,320,5,12,0.075
E30,8,40,0.6,486,27300486,320,6,8,0.05
E30,8,40,0.6,487,27300487,320,5,7,0.04375
E30,8,40,0.6,488,27300488,320,6,8,0.05
E30,8,40,0.6,489,27300489,320,4,6,0.0375
E30,8,40,0.6,490,27300490,320,8,15,0.09375
E30,8,40,0.6,491,27300491,320,4,6,0.0375
E30,8,40,0.6,492,27300492,320,10,13,0.08125
E30,8,40,0.6,493,27300493,320,11,15,0.09375
E30,8,40,0.6,494,27300494,320,6,8,0.05
E30,8,40,0.6,495,27300495,320,4,8,0.05
E30,8,40,0.6,496,27300496,320,8,11,0.06875
E30,8,40,0.6,497,27300497,320,5,9,0.05625
E30,8,40,0.6,498,27300498,320,7,14,0.0875
E30,8,40,0.6,499,27300499,320,7,7,0.04375
