{
  "statistic": 49.95889384512296,
  "df": 1,
  "p_value": 1.5700082325117969e-12,
  "variables": [
    "n_qubits",
    "reduction"
  ],
  "reject_mcar": true
}