conclusion,omitted_input_sha256,omitted_family,full_estimate_pp,leave_one_input_out_estimate_pp,absolute_shift_pp,sign_flip
random_minus_lbl_plus_templates,2b1cde4abea2ed44a9eb8279de400f807116abcb88a364fd04bbb05b1c3244ae,Oracle,1.6686811835039983,1.7279049081503457,0.0592237246463474,False
wcl_minus_lbl_plus_templates,3fb029699c8404b78c36d862792e62b0892de0e1c100f0d29978e2b9ce549abd,Oracle,2.156251653059563,2.2148309013300076,0.058579248270444584,False
random_minus_lbl_plus_templates,c80dc910531d98ab04912a54ca6e6cff211f9569ba484ea14b21a9fcde6bec0c,Oracle,1.6686811835039983,1.6126280281675833,0.05605315533641497,False
random_minus_lbl_plus_templates,50b395729f861742949308b817a01e0a10080914e86479b908b73eb2a45bdba8,Oracle,1.6686811835039983,1.6137882555721546,0.05489292793184375,False
random_minus_lbl_plus_templates,4272cac3e6706df983c44985b044af11779366997597cd338541fc66ccef446f,Oracle,1.6686811835039983,1.6137882555721546,0.05489292793184375,False
wcl_minus_lbl_plus_templates,c80dc910531d98ab04912a54ca6e6cff211f9569ba484ea14b21a9fcde6bec0c,Oracle,2.156251653059563,2.1014486784143163,0.05480297464524675,False
random_minus_lbl_plus_templates,c0c051c7a9295d5137a161ac09714dc00806ce534ed42ba562204e5c4a2bdbb3,Oracle,1.6686811835039983,1.6144314251116452,0.05424975839235313,False
random_minus_lbl_plus_templates,ea73428471a9248638dd006062cec1db6ccaa07e8d43e75ef1c93ebe8cdb08c1,Oracle,1.6686811835039983,1.6144314251116452,0.05424975839235313,False
random_minus_lbl_plus_templates,600a25f9f932f78c6da4a944f24dd2405d8beeea9631fa80ab0ba450ccbf7277,Oracle,1.6686811835039983,1.6144314251116452,0.05424975839235313,False
random_minus_lbl_plus_templates,b98a3363c993ad5edbd737590039c24e4937feb19e9844969467b91522d86dd8,Oracle,1.6686811835039983,1.6144314251116452,0.05424975839235313,False
primary_listing_by_rule_did,769bc5dd2330d3ce3c3b1c380e24657d4ac0458a73f5b99db5f78043adaa2bba,Oracle,-0.37976652169697117,-0.3257952270639597,0.05397129463301148,False
primary_listing_by_rule_did,e4d691f8c012af76095e7a10ad56544d75b24ab2672cd278233741ac8ea1250f,Oracle,-0.37976652169697117,-0.3257952270639597,0.05397129463301148,False
wcl_minus_lbl_plus_templates,4272cac3e6706df983c44985b044af11779366997597cd338541fc66ccef446f,Oracle,2.156251653059563,2.1026089058188875,0.053642747240675526,False
wcl_minus_lbl_plus_templates,a8db7c393892d2adec545708e5f0d633c2a3a558227f079b35365b5a62cf7950,Oracle,2.156251653059563,2.1026089058188875,0.053642747240675526,False
wcl_minus_lbl_plus_templates,7130c27a527965bb0f258cb842a9113fb05e3fbe44a5dfbedcb9b9003b5cc534,Oracle,2.156251653059563,2.1026089058188875,0.053642747240675526,False
wcl_minus_lbl_plus_templates,50b395729f861742949308b817a01e0a10080914e86479b908b73eb2a45bdba8,Oracle,2.156251653059563,2.1026089058188875,0.053642747240675526,False
random_minus_lbl_plus_templates,8a0f6aa4d86982e6f5d44dfb1933a65cba2e861eeaa794468785325cd7f38e8a,Oracle,1.6686811835039983,1.615267545512983,0.053413637991015284,False
random_minus_lbl_plus_templates,351812e2422dea6a191df1adc81100a4fd431345cee8a8a72b1f7b04de1a0395,Oracle,1.6686811835039983,1.615267545512983,0.053413637991015284,False
random_minus_lbl_plus_templates,819de267fab80716cb86e286e98db600de07f39e06fb46f98a0783888e0e19a6,Oracle,1.6686811835039983,1.6156767108157652,0.05300447268823305,False
wcl_minus_lbl_plus_templates,b98a3363c993ad5edbd737590039c24e4937feb19e9844969467b91522d86dd8,Oracle,2.156251653059563,2.103252075358378,0.05299957770118491,False
wcl_minus_lbl_plus_templates,600a25f9f932f78c6da4a944f24dd2405d8beeea9631fa80ab0ba450ccbf7277,Oracle,2.156251653059563,2.103252075358378,0.05299957770118491,False
wcl_minus_lbl_plus_templates,c0c051c7a9295d5137a161ac09714dc00806ce534ed42ba562204e5c4a2bdbb3,Oracle,2.156251653059563,2.103252075358378,0.05299957770118491,False
wcl_minus_lbl_plus_templates,ea73428471a9248638dd006062cec1db6ccaa07e8d43e75ef1c93ebe8cdb08c1,Oracle,2.156251653059563,2.103252075358378,0.05299957770118491,False
wcl_minus_lbl_plus_templates,0ed63ca188a0b57909ea58f75b874bc3ffbc1cf811ad49c73522148c5bd18b55,Oracle,2.156251653059563,2.103252075358378,0.05299957770118491,False
random_minus_lbl_plus_templates,566d2d8e6e0997a8b51a95c78b1f3ed52607b20964f2c0ae7de1115cada224ab,Oracle,1.6686811835039983,1.6159797962252338,0.0527013872787645,False
wcl_minus_lbl_plus_templates,351812e2422dea6a191df1adc81100a4fd431345cee8a8a72b1f7b04de1a0395,Oracle,2.156251653059563,2.104088195759716,0.05216345729984706,False
wcl_minus_lbl_plus_templates,8a0f6aa4d86982e6f5d44dfb1933a65cba2e861eeaa794468785325cd7f38e8a,Oracle,2.156251653059563,2.104088195759716,0.05216345729984706,False
primary_listing_by_rule_did,3fb029699c8404b78c36d862792e62b0892de0e1c100f0d29978e2b9ce549abd,Oracle,-0.37976652169697117,-0.32768988413103056,0.05207663756594061,False
wcl_minus_lbl_plus_templates,e4d691f8c012af76095e7a10ad56544d75b24ab2672cd278233741ac8ea1250f,Oracle,2.156251653059563,2.2057365474080672,0.04948489434850423,False
wcl_minus_lbl_plus_templates,769bc5dd2330d3ce3c3b1c380e24657d4ac0458a73f5b99db5f78043adaa2bba,Oracle,2.156251653059563,2.2057365474080672,0.04948489434850423,False
random_minus_lbl_plus_templates,769bc5dd2330d3ce3c3b1c380e24657d4ac0458a73f5b99db5f78043adaa2bba,Oracle,1.6686811835039983,1.7169158971613345,0.048234713657336226,False
random_minus_lbl_commutation_only,0c385466b36d1cfb45b9905a2268a95cbec405473b691709845e71a0553c0b79,Oracle,1.7962196557066954,1.749543295849533,0.04667635985716245,False
wcl_minus_lbl_commutation_only,0c385466b36d1cfb45b9905a2268a95cbec405473b691709845e71a0553c0b79,Oracle,2.536018174756534,2.491238734178987,0.044779440577547014,False
wcl_minus_lbl_commutation_only,e5bbbd1f18635ae8322525fdc27639ee5570adb4ddc5f530d7a8cb95f2790501,Oracle,2.536018174756534,2.491238734178987,0.044779440577547014,False
random_minus_lbl_plus_templates,3fb029699c8404b78c36d862792e62b0892de0e1c100f0d29978e2b9ce549abd,Oracle,1.6686811835039983,1.7127476516137787,0.04406646810978043,False
random_minus_lbl_commutation_only,c80dc910531d98ab04912a54ca6e6cff211f9569ba484ea14b21a9fcde6bec0c,Oracle,1.7962196557066954,1.7555764783533039,0.04064317735339151,False
random_minus_lbl_plus_templates,0c385466b36d1cfb45b9905a2268a95cbec405473b691709845e71a0553c0b79,Oracle,1.6686811835039983,1.6280880583334958,0.04059312517050251,False
wcl_minus_lbl_commutation_only,c80dc910531d98ab04912a54ca6e6cff211f9569ba484ea14b21a9fcde6bec0c,Oracle,2.536018174756534,2.4972719166827577,0.038746258073776296,False
random_minus_lbl_commutation_only,a5f7781ed3e4e651a2e5798f49ae601eea6d43bc87e45d3700bb4db9feee5c3a,Oracle,1.7962196557066954,1.7580903043965417,0.038129351310153714,False
random_minus_lbl_commutation_only,9993748afb946e813a238ac5a076c27198681dc64512c0ce7cc22005a88285fa,Oracle,1.7962196557066954,1.7580903043965417,0.038129351310153714,False
random_minus_lbl_commutation_only,566d2d8e6e0997a8b51a95c78b1f3ed52607b20964f2c0ae7de1115cada224ab,Oracle,1.7962196557066954,1.7580903043965417,0.038129351310153714,False
primary_listing_by_rule_did,c2bc1600a43475bd792ec7ca2dfb34c87d2b32b84e9b2893c489410f17e2a572,Oracle,-0.37976652169697117,-0.34321682985141616,0.03654969184555501,False
wcl_minus_lbl_commutation_only,566d2d8e6e0997a8b51a95c78b1f3ed52607b20964f2c0ae7de1115cada224ab,Oracle,2.536018174756534,2.4997857427259955,0.0362324320305385,False
wcl_minus_lbl_commutation_only,9993748afb946e813a238ac5a076c27198681dc64512c0ce7cc22005a88285fa,Oracle,2.536018174756534,2.4997857427259955,0.0362324320305385,False
wcl_minus_lbl_commutation_only,a5f7781ed3e4e651a2e5798f49ae601eea6d43bc87e45d3700bb4db9feee5c3a,Oracle,2.536018174756534,2.4997857427259955,0.0362324320305385,False
random_minus_lbl_plus_templates,7130c27a527965bb0f258cb842a9113fb05e3fbe44a5dfbedcb9b9003b5cc534,Oracle,1.6686811835039983,1.6335121214498667,0.03516906205413162,False
random_minus_lbl_commutation_only,4272cac3e6706df983c44985b044af11779366997597cd338541fc66ccef446f,Oracle,1.7962196557066954,1.7613776153761602,0.03484204033053517,False
random_minus_lbl_plus_templates,aba6140f6f41bb9a15bf0b99954920f2f59a73deff2d6fea22ba7c52a34ffc96,Oracle,1.6686811835039983,1.633846424261353,0.03483475924264523,False
primary_listing_by_rule_did,50d9a47ee18d2e3012d55867372cff942253cf0f5194a46210afdf68c5391777,Oracle,-0.37976652169697117,-0.3457752470439797,0.033991274652991454,False
primary_listing_by_rule_did,4621ef48fbfa81d505e50e099d2d9bb268c3bcebb00ba5aac807e68b83d47cc6,Oracle,-0.37976652169697117,-0.3457752470439797,0.033991274652991454,False
random_minus_lbl_plus_templates,b72eb04aad8622c714692f86379ddbd86e546720b70e03867b27fc5229606036,Oracle,1.6686811835039983,1.635436401047692,0.03324478245630624,False
random_minus_lbl_commutation_only,1da141578648db952d0c0258f06e9ac1c658cc518f58ccc3eae0aa459e7dd61c,Oracle,1.7962196557066954,1.7629943256940057,0.03322533001268968,False
wcl_minus_lbl_commutation_only,4272cac3e6706df983c44985b044af11779366997597cd338541fc66ccef446f,Oracle,2.536018174756534,2.5030730537056143,0.032945121050919735,False
random_minus_lbl_plus_templates,c2bc1600a43475bd792ec7ca2dfb34c87d2b32b84e9b2893c489410f17e2a572,Oracle,1.6686811835039983,1.7011024423234895,0.032421258819491205,False
random_minus_lbl_commutation_only,50b395729f861742949308b817a01e0a10080914e86479b908b73eb2a45bdba8,Oracle,1.7962196557066954,1.7638430986108744,0.03237655709582099,False
wcl_minus_lbl_plus_templates,ccdc8f9f8df42bd9ba725c7a01cb969824ddf0f3041bb56bc2f91791a8b9db06,RandomClifford,2.156251653059563,2.1244749128677443,0.03177674019181875,False
wcl_minus_lbl_commutation_only,1da141578648db952d0c0258f06e9ac1c658cc518f58ccc3eae0aa459e7dd61c,Oracle,2.536018174756534,2.5046897640234596,0.03132841073307446,False
wcl_minus_lbl_commutation_only,826a81832c43fd3beaa5ea66f63d19579c7ae7c3f309c590d3c64709d2be3057,Oracle,2.536018174756534,2.5046897640234596,0.03132841073307446,False
wcl_minus_lbl_commutation_only,ccdc8f9f8df42bd9ba725c7a01cb969824ddf0f3041bb56bc2f91791a8b9db06,RandomClifford,2.536018174756534,2.505215194876759,0.030802979879775094,False
wcl_minus_lbl_commutation_only,50b395729f861742949308b817a01e0a10080914e86479b908b73eb2a45bdba8,Oracle,2.536018174756534,2.5055385369403282,0.030479637816205774,False
wcl_minus_lbl_commutation_only,a8db7c393892d2adec545708e5f0d633c2a3a558227f079b35365b5a62cf7950,Oracle,2.536018174756534,2.5055385369403282,0.030479637816205774,False
wcl_minus_lbl_commutation_only,7130c27a527965bb0f258cb842a9113fb05e3fbe44a5dfbedcb9b9003b5cc534,Oracle,2.536018174756534,2.5055385369403282,0.030479637816205774,False
random_minus_lbl_plus_templates,930cb78f04ba9cb29ab33d24598112a6118327a15181d12512e9f28c264180b8,IQP,1.6686811835039983,1.638840746505539,0.029840436998459285,False
primary_listing_by_rule_did,8a0f6aa4d86982e6f5d44dfb1933a65cba2e861eeaa794468785325cd7f38e8a,Oracle,-0.37976652169697117,-0.4095864358551685,0.029819914158197347,False
primary_listing_by_rule_did,351812e2422dea6a191df1adc81100a4fd431345cee8a8a72b1f7b04de1a0395,Oracle,-0.37976652169697117,-0.4095864358551685,0.029819914158197347,False
random_minus_lbl_commutation_only,930cb78f04ba9cb29ab33d24598112a6118327a15181d12512e9f28c264180b8,IQP,1.7962196557066954,1.7667062404318326,0.029513415274862842,False
random_minus_lbl_plus_templates,0ed63ca188a0b57909ea58f75b874bc3ffbc1cf811ad49c73522148c5bd18b55,Oracle,1.6686811835039983,1.6395150371517788,0.02916614635221948,False
random_minus_lbl_commutation_only,600a25f9f932f78c6da4a944f24dd2405d8beeea9631fa80ab0ba450ccbf7277,Oracle,1.7962196557066954,1.7673805310780726,0.028839124628622814,False
random_minus_lbl_commutation_only,ea73428471a9248638dd006062cec1db6ccaa07e8d43e75ef1c93ebe8cdb08c1,Oracle,1.7962196557066954,1.7673805310780726,0.028839124628622814,False
random_minus_lbl_commutation_only,b98a3363c993ad5edbd737590039c24e4937feb19e9844969467b91522d86dd8,Oracle,1.7962196557066954,1.7673805310780726,0.028839124628622814,False
random_minus_lbl_commutation_only,c0c051c7a9295d5137a161ac09714dc00806ce534ed42ba562204e5c4a2bdbb3,Oracle,1.7962196557066954,1.7673805310780726,0.028839124628622814,False
random_minus_lbl_commutation_only,0ed63ca188a0b57909ea58f75b874bc3ffbc1cf811ad49c73522148c5bd18b55,Oracle,1.7962196557066954,1.7673805310780726,0.028839124628622814,False
wcl_minus_lbl_commutation_only,4621ef48fbfa81d505e50e099d2d9bb268c3bcebb00ba5aac807e68b83d47cc6,Oracle,2.536018174756534,2.507555750496003,0.028462424260530916,False
wcl_minus_lbl_commutation_only,50d9a47ee18d2e3012d55867372cff942253cf0f5194a46210afdf68c5391777,Oracle,2.536018174756534,2.507555750496003,0.028462424260530916,False
random_minus_lbl_plus_templates,4914698abc41ccf5c102d58cea869a0486728ed0832f0910ccf6c1306d1b49b0,Oracle,1.6686811835039983,1.6403653290853428,0.028315854418655473,False
random_minus_lbl_commutation_only,4914698abc41ccf5c102d58cea869a0486728ed0832f0910ccf6c1306d1b49b0,Oracle,1.7962196557066954,1.7682308230116364,0.02798883269505903,False
wcl_minus_lbl_plus_templates,b63fd2de0ff796d62723a6961d9f93b047c283f4c15875f6f34624e5c2b51a09,RandomClifford,2.156251653059563,2.1284723083791226,0.02777934468044041,False
random_minus_lbl_plus_templates,6a6cf0f00d85ece4ad64c271afdd08b4cd8473655919bce2bcfa5db0713a4a8f,Oracle,1.6686811835039983,1.6409085711540086,0.027772612349989734,False
primary_listing_by_rule_did,02163c542c157c61ed7195186ff2f5485f3042166bff997c922c173ac06103d0,Oracle,-0.37976652169697117,-0.35225025351898615,0.027516268177985026,False
random_minus_lbl_commutation_only,e5bbbd1f18635ae8322525fdc27639ee5570adb4ddc5f530d7a8cb95f2790501,Oracle,1.7962196557066954,1.7687740650803023,0.027445590626393068,False
wcl_minus_lbl_commutation_only,b63fd2de0ff796d62723a6961d9f93b047c283f4c15875f6f34624e5c2b51a09,RandomClifford,2.536018174756534,2.508584133877328,0.0274340408792062,False
random_minus_lbl_plus_templates,1da141578648db952d0c0258f06e9ac1c658cc518f58ccc3eae0aa459e7dd61c,Oracle,1.6686811835039983,1.6414340020073082,0.027247181496690143,False
wcl_minus_lbl_plus_templates,f9d16c2d718e8feb24e5f21b7bc25db092d80ca773e1eeec21eebaf6cdf07b81,Oracle,2.156251653059563,2.1291859793320755,0.02706567372748747,False
wcl_minus_lbl_plus_templates,4914698abc41ccf5c102d58cea869a0486728ed0832f0910ccf6c1306d1b49b0,Oracle,2.156251653059563,2.1291859793320755,0.02706567372748747,False
wcl_minus_lbl_plus_templates,27c1cdf3eda94e12894f67e152b42d888e3e26b135a7921a2ff59c204f99788d,Oracle,2.156251653059563,2.1291859793320755,0.02706567372748747,False
wcl_minus_lbl_plus_templates,aba6140f6f41bb9a15bf0b99954920f2f59a73deff2d6fea22ba7c52a34ffc96,Oracle,2.156251653059563,2.1291859793320755,0.02706567372748747,False
wcl_minus_lbl_commutation_only,c0c051c7a9295d5137a161ac09714dc00806ce534ed42ba562204e5c4a2bdbb3,Oracle,2.536018174756534,2.5090759694075264,0.026942205349007597,False
wcl_minus_lbl_commutation_only,ea73428471a9248638dd006062cec1db6ccaa07e8d43e75ef1c93ebe8cdb08c1,Oracle,2.536018174756534,2.5090759694075264,0.026942205349007597,False
wcl_minus_lbl_commutation_only,600a25f9f932f78c6da4a944f24dd2405d8beeea9631fa80ab0ba450ccbf7277,Oracle,2.536018174756534,2.5090759694075264,0.026942205349007597,False
wcl_minus_lbl_commutation_only,b98a3363c993ad5edbd737590039c24e4937feb19e9844969467b91522d86dd8,Oracle,2.536018174756534,2.5090759694075264,0.026942205349007597,False
wcl_minus_lbl_commutation_only,0ed63ca188a0b57909ea58f75b874bc3ffbc1cf811ad49c73522148c5bd18b55,Oracle,2.536018174756534,2.5090759694075264,0.026942205349007597,False
wcl_minus_lbl_plus_templates,21ae7cff0e4c85366dd65e6e4172d4dc07c4d0910264670dc6bd54046b03b08f,IQP,2.156251653059563,2.1297292214007415,0.02652243165882151,False
wcl_minus_lbl_plus_templates,ab6c0308e70783c337dc12cc3601cedbca26ad9ff939cc7bbedff27b595326e7,RandomClifford,2.156251653059563,2.130012861064912,0.026238791994650956,False
wcl_minus_lbl_plus_templates,1af7528f5f0b083d8fb217d2aaa8db5ea8fabaefadf375ad667c53198edfbaae,IQP,2.156251653059563,2.1300893481653627,0.02616230489420035,False
wcl_minus_lbl_commutation_only,f9d16c2d718e8feb24e5f21b7bc25db092d80ca773e1eeec21eebaf6cdf07b81,Oracle,2.536018174756534,2.50992626134109,0.026091913415443813,False
wcl_minus_lbl_commutation_only,4914698abc41ccf5c102d58cea869a0486728ed0832f0910ccf6c1306d1b49b0,Oracle,2.536018174756534,2.50992626134109,0.026091913415443813,False
wcl_minus_lbl_commutation_only,aba6140f6f41bb9a15bf0b99954920f2f59a73deff2d6fea22ba7c52a34ffc96,Oracle,2.536018174756534,2.50992626134109,0.026091913415443813,False
wcl_minus_lbl_commutation_only,27c1cdf3eda94e12894f67e152b42d888e3e26b135a7921a2ff59c204f99788d,Oracle,2.536018174756534,2.50992626134109,0.026091913415443813,False
primary_listing_by_rule_did,b98a3363c993ad5edbd737590039c24e4937feb19e9844969467b91522d86dd8,Oracle,-0.37976652169697117,-0.4058238940491485,0.02605737235217731,False
primary_listing_by_rule_did,0ed63ca188a0b57909ea58f75b874bc3ffbc1cf811ad49c73522148c5bd18b55,Oracle,-0.37976652169697117,-0.4058238940491485,0.02605737235217731,False
primary_listing_by_rule_did,600a25f9f932f78c6da4a944f24dd2405d8beeea9631fa80ab0ba450ccbf7277,Oracle,-0.37976652169697117,-0.4058238940491485,0.02605737235217731,False
primary_listing_by_rule_did,ea73428471a9248638dd006062cec1db6ccaa07e8d43e75ef1c93ebe8cdb08c1,Oracle,-0.37976652169697117,-0.4058238940491485,0.02605737235217731,False
primary_listing_by_rule_did,c0c051c7a9295d5137a161ac09714dc00806ce534ed42ba562204e5c4a2bdbb3,Oracle,-0.37976652169697117,-0.4058238940491485,0.02605737235217731,False
wcl_minus_lbl_commutation_only,21ae7cff0e4c85366dd65e6e4172d4dc07c4d0910264670dc6bd54046b03b08f,IQP,2.536018174756534,2.510469503409756,0.02554867134677785,False
random_minus_lbl_plus_templates,a8db7c393892d2adec545708e5f0d633c2a3a558227f079b35365b5a62cf7950,Oracle,1.6686811835039983,1.6433740543887225,0.025307129115275773,False
wcl_minus_lbl_commutation_only,ab6c0308e70783c337dc12cc3601cedbca26ad9ff939cc7bbedff27b595326e7,RandomClifford,2.536018174756534,2.5107531430739267,0.025265031682607297,False
wcl_minus_lbl_plus_templates,c250d0ccb4006b4e767ef51fbcbcf33ec45690c2483928f4ce6a525259b23d35,IQP,2.156251653059563,2.1311582594539833,0.025093393605579717,False
random_minus_lbl_commutation_only,a8db7c393892d2adec545708e5f0d633c2a3a558227f079b35365b5a62cf7950,Oracle,1.7962196557066954,1.7712395483150163,0.024980107391679107,False
primary_listing_by_rule_did,e5bbbd1f18635ae8322525fdc27639ee5570adb4ddc5f530d7a8cb95f2790501,Oracle,-0.37976652169697117,-0.355099256367989,0.02466726532898217,False
primary_listing_by_rule_did,0c385466b36d1cfb45b9905a2268a95cbec405473b691709845e71a0553c0b79,Oracle,-0.37976652169697117,-0.355099256367989,0.02466726532898217,False
wcl_minus_lbl_plus_templates,c2bc1600a43475bd792ec7ca2dfb34c87d2b32b84e9b2893c489410f17e2a572,Oracle,2.156251653059563,2.1805422295308228,0.02429057647125976,False
random_minus_lbl_commutation_only,8a0f6aa4d86982e6f5d44dfb1933a65cba2e861eeaa794468785325cd7f38e8a,Oracle,1.7962196557066954,1.7719791932854305,0.024240462421264874,False
random_minus_lbl_commutation_only,351812e2422dea6a191df1adc81100a4fd431345cee8a8a72b1f7b04de1a0395,Oracle,1.7962196557066954,1.7719791932854305,0.024240462421264874,False
random_minus_lbl_plus_templates,9993748afb946e813a238ac5a076c27198681dc64512c0ce7cc22005a88285fa,Oracle,1.6686811835039983,1.6444698247152623,0.024211358788736037,False
wcl_minus_lbl_plus_templates,5b2a31e79d9fc799bfce71b0e4edb7e81603780d93caa25247f243bb4205dfc2,IQP,2.156251653059563,2.1320954234313727,0.024156229628190307,False
random_minus_lbl_commutation_only,02163c542c157c61ed7195186ff2f5485f3042166bff997c922c173ac06103d0,Oracle,1.7962196557066954,1.7723353186415558,0.023884337065139594,False
wcl_minus_lbl_commutation_only,d47fbcf86d26708129ff7ec50334223b04f3b91344825d19f2600cab1a7800c0,RandomClifford,2.536018174756534,2.512490755431008,0.023527419325525933,False
wcl_minus_lbl_plus_templates,8ff9e347f089a38379fb8b9dddac5f467f20f23caa1892008b74218e158a33c3,Oracle,2.156251653059563,2.132752927254636,0.023498725804926845,False
random_minus_lbl_commutation_only,5d1c48263acc18a36d062c98661594cfac7e4418c02437f7200168f655d79429,Oracle,1.7962196557066954,1.7728533191595564,0.023366336547139044,False
wcl_minus_lbl_commutation_only,5b2a31e79d9fc799bfce71b0e4edb7e81603780d93caa25247f243bb4205dfc2,IQP,2.536018174756534,2.5128357054403874,0.023182469316146648,False
primary_listing_by_rule_did,7130c27a527965bb0f258cb842a9113fb05e3fbe44a5dfbedcb9b9003b5cc534,Oracle,-0.37976652169697117,-0.4029296311214407,0.02316310942446953,False
primary_listing_by_rule_did,a8db7c393892d2adec545708e5f0d633c2a3a558227f079b35365b5a62cf7950,Oracle,-0.37976652169697117,-0.4029296311214407,0.02316310942446953,False
primary_listing_by_rule_did,50b395729f861742949308b817a01e0a10080914e86479b908b73eb2a45bdba8,Oracle,-0.37976652169697117,-0.4029296311214407,0.02316310942446953,False
wcl_minus_lbl_plus_templates,28fa1a35d35427a92d30c622a80840edaaf759c54c7873b8ef1ace832c84a0de,RandomClifford,2.156251653059563,2.133499960465598,0.022751692593964812,False
wcl_minus_lbl_commutation_only,8ff9e347f089a38379fb8b9dddac5f467f20f23caa1892008b74218e158a33c3,Oracle,2.536018174756534,2.513493209263651,0.022524965492883187,False
random_minus_lbl_commutation_only,3cb9f2651afb8f2f779991fabaa51b5b5213c87aadc3075b406a14441a8d4cdd,RandomClifford,1.7962196557066954,1.7737475398813634,0.02247211582533204,False
wcl_minus_lbl_commutation_only,8a0f6aa4d86982e6f5d44dfb1933a65cba2e861eeaa794468785325cd7f38e8a,Oracle,2.536018174756534,2.5136746316148844,0.022343543141649658,False
wcl_minus_lbl_commutation_only,351812e2422dea6a191df1adc81100a4fd431345cee8a8a72b1f7b04de1a0395,Oracle,2.536018174756534,2.5136746316148844,0.022343543141649658,False
wcl_minus_lbl_commutation_only,02163c542c157c61ed7195186ff2f5485f3042166bff997c922c173ac06103d0,Oracle,2.536018174756534,2.51403075697101,0.021987417785524155,False
random_minus_lbl_plus_templates,27c1cdf3eda94e12894f67e152b42d888e3e26b135a7921a2ff59c204f99788d,Oracle,1.6686811835039983,1.6468842339093324,0.021796949594665938,False
wcl_minus_lbl_commutation_only,28fa1a35d35427a92d30c622a80840edaaf759c54c7873b8ef1ace832c84a0de,RandomClifford,2.536018174756534,2.514240242474613,0.021777932281921153,False
wcl_minus_lbl_commutation_only,3cb9f2651afb8f2f779991fabaa51b5b5213c87aadc3075b406a14441a8d4cdd,RandomClifford,2.536018174756534,2.514337761588359,0.02168041316817515,False
primary_listing_by_rule_did,b81e1fce8a1444d85177c6bc7af38bad39960f4060e55d08611f399ee4619722,Oracle,-0.37976652169697117,-0.3581158476198744,0.021650674077096754,False
primary_listing_by_rule_did,f82545ab8dd2e124bb20b12a2943a1f6d29666837c03c9275f4c803dc1929c72,Oracle,-0.37976652169697117,-0.3581158476198744,0.021650674077096754,False
primary_listing_by_rule_did,d666adb13ce66e444e16398e08fd2d7d2169fcc728eb154e78b91f40918df82c,Oracle,-0.37976652169697117,-0.3581158476198744,0.021650674077096754,False
wcl_minus_lbl_commutation_only,974adb34b1a2c479396dd1800d00c4417c08a4c562a7370805ba00b5d6610880,RandomClifford,2.536018174756534,2.5144308978205885,0.021587276935945532,False
random_minus_lbl_commutation_only,aba6140f6f41bb9a15bf0b99954920f2f59a73deff2d6fea22ba7c52a34ffc96,Oracle,1.7962196557066954,1.7747497278356261,0.021469927871069272,False
random_minus_lbl_commutation_only,27c1cdf3eda94e12894f67e152b42d888e3e26b135a7921a2ff59c204f99788d,Oracle,1.7962196557066954,1.7747497278356261,0.021469927871069272,False
wcl_minus_lbl_commutation_only,5d1c48263acc18a36d062c98661594cfac7e4418c02437f7200168f655d79429,Oracle,2.536018174756534,2.51454875748901,0.021469417267523827,False
primary_listing_by_rule_did,4272cac3e6706df983c44985b044af11779366997597cd338541fc66ccef446f,Oracle,-0.37976652169697117,-0.4004641478867267,0.020697626189755514,False
random_minus_lbl_commutation_only,826a81832c43fd3beaa5ea66f63d19579c7ae7c3f309c590d3c64709d2be3057,Oracle,1.7962196557066954,1.7756046661731983,0.020614989533497052,False
wcl_minus_lbl_plus_templates,d47fbcf86d26708129ff7ec50334223b04f3b91344825d19f2600cab1a7800c0,RandomClifford,2.156251653059563,2.1357929774644977,0.020458675595065312,False
primary_listing_by_rule_did,566d2d8e6e0997a8b51a95c78b1f3ed52607b20964f2c0ae7de1115cada224ab,Oracle,-0.37976652169697117,-0.35937276064149326,0.02039376105547791,False
primary_listing_by_rule_did,a5f7781ed3e4e651a2e5798f49ae601eea6d43bc87e45d3700bb4db9feee5c3a,Oracle,-0.37976652169697117,-0.35937276064149326,0.02039376105547791,False
primary_listing_by_rule_did,9993748afb946e813a238ac5a076c27198681dc64512c0ce7cc22005a88285fa,Oracle,-0.37976652169697117,-0.35937276064149326,0.02039376105547791,False
wcl_minus_lbl_plus_templates,fdae7380efaf259898d620665d1e44cd04b23f73bf766b851f7195de78f58d9d,RandomClifford,2.156251653059563,2.135932695346151,0.02031895771341219,False
random_minus_lbl_plus_templates,dbf410d1e5693402b537af90e7218374f0c429041426b90bd4d34500d64685d5,Oracle,1.6686811835039983,1.6484099350383514,0.020271248465646874,False
wcl_minus_lbl_plus_templates,e5bbbd1f18635ae8322525fdc27639ee5570adb4ddc5f530d7a8cb95f2790501,Oracle,2.156251653059563,2.136139477810998,0.020112175248565123,False
wcl_minus_lbl_plus_templates,0c385466b36d1cfb45b9905a2268a95cbec405473b691709845e71a0553c0b79,Oracle,2.156251653059563,2.136139477810998,0.020112175248565123,False
primary_listing_by_rule_did,3cb9f2651afb8f2f779991fabaa51b5b5213c87aadc3075b406a14441a8d4cdd,RandomClifford,-0.37976652169697117,-0.3597411661823126,0.02002535551465856,False
wcl_minus_lbl_plus_templates,d9314ccce0f63523afe008acf2a9b627f9cd1bc22c527bfb6df0dd4c5f4c780c,RandomClifford,2.156251653059563,2.1362481262247313,0.020003526834831753,False
random_minus_lbl_commutation_only,dbf410d1e5693402b537af90e7218374f0c429041426b90bd4d34500d64685d5,Oracle,1.7962196557066954,1.776275428964645,0.01994422674205043,False
wcl_minus_lbl_plus_templates,50bbfd9444a3a7981af5bef5ec6064a7c26b4cc07f48e50d38a5bd018f876bda,RandomClifford,2.156251653059563,2.1363813742793094,0.019870278780253603,False
wcl_minus_lbl_plus_templates,83c7c3f2143beb462726dd5669eb691fae0cabe693debd1cd6c9926ec8aac05b,RandomClifford,2.156251653059563,2.1364212473235367,0.019830405736026346,False
wcl_minus_lbl_commutation_only,ac23376052bba9fcf5428066a06b89b96da995a9acb10b13e8626b43ae59a3f4,IQP,2.536018174756534,2.5557183721880365,0.01970019743150253,False
wcl_minus_lbl_plus_templates,0fd6af0acc8eee48624686a699bf40efbe937b9bf892e969565c84409f02f473,IQP,2.156251653059563,2.1365973532688733,0.019654299790689667,False
wcl_minus_lbl_commutation_only,c250d0ccb4006b4e767ef51fbcbcf33ec45690c2483928f4ce6a525259b23d35,IQP,2.536018174756534,2.5167981005026845,0.01922007425384953,False
wcl_minus_lbl_commutation_only,d9314ccce0f63523afe008acf2a9b627f9cd1bc22c527bfb6df0dd4c5f4c780c,RandomClifford,2.536018174756534,2.516988408233746,0.019029766522788094,False
wcl_minus_lbl_plus_templates,dbf410d1e5693402b537af90e7218374f0c429041426b90bd4d34500d64685d5,Oracle,2.156251653059563,2.137230585285084,0.019021067774478873,False
wcl_minus_lbl_plus_templates,819de267fab80716cb86e286e98db600de07f39e06fb46f98a0783888e0e19a6,Oracle,2.156251653059563,2.137230585285084,0.019021067774478873,False
wcl_minus_lbl_commutation_only,50bbfd9444a3a7981af5bef5ec6064a7c26b4cc07f48e50d38a5bd018f876bda,RandomClifford,2.536018174756534,2.517121656288324,0.018896518468209944,False
wcl_minus_lbl_plus_templates,ac23376052bba9fcf5428066a06b89b96da995a9acb10b13e8626b43ae59a3f4,IQP,2.156251653059563,2.174978090179022,0.018726437119458872,False
random_minus_lbl_commutation_only,50d9a47ee18d2e3012d55867372cff942253cf0f5194a46210afdf68c5391777,Oracle,1.7962196557066954,1.7775153238215609,0.01870433188513454,False
random_minus_lbl_commutation_only,4621ef48fbfa81d505e50e099d2d9bb268c3bcebb00ba5aac807e68b83d47cc6,Oracle,1.7962196557066954,1.7775153238215609,0.01870433188513454,False
wcl_minus_lbl_commutation_only,0fd6af0acc8eee48624686a699bf40efbe937b9bf892e969565c84409f02f473,IQP,2.536018174756534,2.517337635277888,0.018680539478646008,False
primary_listing_by_rule_did,eddd39fb7713c30765eff96b2b18a93b5a81f161905df421991d8256e7b31b8f,RandomClifford,-0.37976652169697117,-0.3611835675370459,0.01858295415992528,False
random_minus_lbl_plus_templates,3cb9f2651afb8f2f779991fabaa51b5b5213c87aadc3075b406a14441a8d4cdd,RandomClifford,1.6686811835039983,1.6503029124449016,0.01837827105909673,False
wcl_minus_lbl_commutation_only,34ac6807a367e4649c549bb7e5379b105efee316f5ac8c12566d937750d6a8fa,Oracle,2.536018174756534,2.5177068896794004,0.018311285077133643,False
wcl_minus_lbl_plus_templates,974adb34b1a2c479396dd1800d00c4417c08a4c562a7370805ba00b5d6610880,RandomClifford,2.156251653059563,2.1380121369870277,0.018239516072535267,False
wcl_minus_lbl_commutation_only,dbf410d1e5693402b537af90e7218374f0c429041426b90bd4d34500d64685d5,Oracle,2.536018174756534,2.517970867294099,0.018047307462435214,False
wcl_minus_lbl_commutation_only,819de267fab80716cb86e286e98db600de07f39e06fb46f98a0783888e0e19a6,Oracle,2.536018174756534,2.517970867294099,0.018047307462435214,False
random_minus_lbl_commutation_only,b81e1fce8a1444d85177c6bc7af38bad39960f4060e55d08611f399ee4619722,Oracle,1.7962196557066954,1.7782009127424439,0.018018742964251544,False
random_minus_lbl_commutation_only,b63fd2de0ff796d62723a6961d9f93b047c283f4c15875f6f34624e5c2b51a09,RandomClifford,1.7962196557066954,1.7782009127424439,0.018018742964251544,False
random_minus_lbl_commutation_only,d666adb13ce66e444e16398e08fd2d7d2169fcc728eb154e78b91f40918df82c,Oracle,1.7962196557066954,1.7782009127424439,0.018018742964251544,False
primary_listing_by_rule_did,826a81832c43fd3beaa5ea66f63d19579c7ae7c3f309c590d3c64709d2be3057,Oracle,-0.37976652169697117,-0.3618247712902252,0.01794175040674595,False
primary_listing_by_rule_did,1da141578648db952d0c0258f06e9ac1c658cc518f58ccc3eae0aa459e7dd61c,Oracle,-0.37976652169697117,-0.3618247712902252,0.01794175040674595,False
wcl_minus_lbl_plus_templates,2b75895aa27cbc6b06ca489c63a0acceb9af896130529bb5c000766f1e53267c,RandomClifford,2.156251653059563,2.1384704801420003,0.01778117291756276,False
random_minus_lbl_plus_templates,b63fd2de0ff796d62723a6961d9f93b047c283f4c15875f6f34624e5c2b51a09,RandomClifford,1.6686811835039983,1.6509638753269598,0.017717308177038538,False
random_minus_lbl_commutation_only,7130c27a527965bb0f258cb842a9113fb05e3fbe44a5dfbedcb9b9003b5cc534,Oracle,1.7962196557066954,1.7786359980191582,0.017583657687537224,False
random_minus_lbl_plus_templates,8ff9e347f089a38379fb8b9dddac5f467f20f23caa1892008b74218e158a33c3,Oracle,1.6686811835039983,1.65118917105725,0.017492012446748362,False
wcl_minus_lbl_plus_templates,eddd39fb7713c30765eff96b2b18a93b5a81f161905df421991d8256e7b31b8f,RandomClifford,2.156251653059563,2.173731828962671,0.01748017590310802,False
random_minus_lbl_commutation_only,8ff9e347f089a38379fb8b9dddac5f467f20f23caa1892008b74218e158a33c3,Oracle,1.7962196557066954,1.7790546649835435,0.01716499072315192,False
random_minus_lbl_plus_templates,a5f7781ed3e4e651a2e5798f49ae601eea6d43bc87e45d3700bb4db9feee5c3a,Oracle,1.6686811835039983,1.6515923318377692,0.017088851666229088,False
wcl_minus_lbl_commutation_only,2b75895aa27cbc6b06ca489c63a0acceb9af896130529bb5c000766f1e53267c,RandomClifford,2.536018174756534,2.519210762151015,0.0168074126055191,False
wcl_minus_lbl_commutation_only,2d4868c22c53a34ba2e5046296f2ed6dd8a3b0bac61263a35b7a2fc4521fef18,RandomClifford,2.536018174756534,2.519283605973859,0.016734568782675208,False
random_minus_lbl_plus_templates,5d1c48263acc18a36d062c98661594cfac7e4418c02437f7200168f655d79429,Oracle,1.6686811835039983,1.6519808322262697,0.01670035127772862,False
random_minus_lbl_plus_templates,974adb34b1a2c479396dd1800d00c4417c08a4c562a7370805ba00b5d6610880,RandomClifford,1.6686811835039983,1.652072500857264,0.016608682646734207,False
wcl_minus_lbl_commutation_only,1af7528f5f0b083d8fb217d2aaa8db5ea8fabaefadf375ad667c53198edfbaae,IQP,2.536018174756534,2.5194726725252847,0.016545502231249287,False
wcl_minus_lbl_commutation_only,b23d5b47568d035621cb80cca02e66ed29fa44d2e21a148d6383023cfd01a848,RandomClifford,2.536018174756534,2.5195406209714397,0.0164775537850943,False
primary_listing_by_rule_did,b23d5b47568d035621cb80cca02e66ed29fa44d2e21a148d6383023cfd01a848,RandomClifford,-0.37976652169697117,-0.363404368446686,0.016362153250285172,False
random_minus_lbl_commutation_only,974adb34b1a2c479396dd1800d00c4417c08a4c562a7370805ba00b5d6610880,RandomClifford,1.7962196557066954,1.7799379947835576,0.016281660923137764,False
wcl_minus_lbl_plus_templates,400ce4e70469d8d27ab3ac5495866397a68ae2ee6ba481d37cd7f7e03df762d3,IQP,2.156251653059563,2.1400098213039827,0.01624183175558036,False
random_minus_lbl_plus_templates,ccdc8f9f8df42bd9ba725c7a01cb969824ddf0f3041bb56bc2f91791a8b9db06,RandomClifford,1.6686811835039983,1.6524680499266022,0.016213133577396066,False
wcl_minus_lbl_commutation_only,f82545ab8dd2e124bb20b12a2943a1f6d29666837c03c9275f4c803dc1929c72,Oracle,2.536018174756534,2.519896351071898,0.016121823684636105,False
wcl_minus_lbl_commutation_only,b81e1fce8a1444d85177c6bc7af38bad39960f4060e55d08611f399ee4619722,Oracle,2.536018174756534,2.519896351071898,0.016121823684636105,False
wcl_minus_lbl_commutation_only,d666adb13ce66e444e16398e08fd2d7d2169fcc728eb154e78b91f40918df82c,Oracle,2.536018174756534,2.519896351071898,0.016121823684636105,False
primary_listing_by_rule_did,c80dc910531d98ab04912a54ca6e6cff211f9569ba484ea14b21a9fcde6bec0c,Oracle,-0.37976652169697117,-0.3958232382684415,0.016056716571470342,False
random_minus_lbl_commutation_only,ccdc8f9f8df42bd9ba725c7a01cb969824ddf0f3041bb56bc2f91791a8b9db06,RandomClifford,1.7962196557066954,1.7803335438528958,0.015886111853799623,False
wcl_minus_lbl_plus_templates,566d2d8e6e0997a8b51a95c78b1f3ed52607b20964f2c0ae7de1115cada224ab,Oracle,2.156251653059563,2.140412982084502,0.015838670975060865,False
wcl_minus_lbl_plus_templates,a5f7781ed3e4e651a2e5798f49ae601eea6d43bc87e45d3700bb4db9feee5c3a,Oracle,2.156251653059563,2.140412982084502,0.015838670975060865,False
wcl_minus_lbl_plus_templates,9993748afb946e813a238ac5a076c27198681dc64512c0ce7cc22005a88285fa,Oracle,2.156251653059563,2.140412982084502,0.015838670975060865,False
wcl_minus_lbl_plus_templates,061145114cca873e3d8fcf98f0fa0a719cdf86dc6144864cc899a7493711240b,IQP,2.156251653059563,2.1408490539491454,0.015402599110417636,False
random_minus_lbl_plus_templates,76380e1d43ba4786b298e59145a5b74e4ad206b97e7bc9815e90e25dce301a8f,IQP,1.6686811835039983,1.6532792414194157,0.015401942084582565,False
wcl_minus_lbl_commutation_only,400ce4e70469d8d27ab3ac5495866397a68ae2ee6ba481d37cd7f7e03df762d3,IQP,2.536018174756534,2.5207501033129973,0.015268071443536702,False
random_minus_lbl_plus_templates,83736b18a61dd9b2fd86cf7fc2f36d12cbe6d26237036b39893a814898578b01,IQP,1.6686811835039983,1.6534503771740756,0.015230806329922686,False
random_minus_lbl_commutation_only,76380e1d43ba4786b298e59145a5b74e4ad206b97e7bc9815e90e25dce301a8f,IQP,1.7962196557066954,1.7811447353457095,0.0150749203609859,False
random_minus_lbl_commutation_only,83736b18a61dd9b2fd86cf7fc2f36d12cbe6d26237036b39893a814898578b01,IQP,1.7962196557066954,1.7813158711003692,0.014903784606326242,False
random_minus_lbl_plus_templates,826a81832c43fd3beaa5ea66f63d19579c7ae7c3f309c590d3c64709d2be3057,Oracle,1.6686811835039983,1.6540443424865012,0.014636841017497071,False
random_minus_lbl_plus_templates,b7163b3a00248ea960a5124b05a311a33fb77506ed9fa5aaef446ad5230301a1,Oracle,1.6686811835039983,1.6541981271264912,0.01448305637750713,False
wcl_minus_lbl_commutation_only,061145114cca873e3d8fcf98f0fa0a719cdf86dc6144864cc899a7493711240b,IQP,2.536018174756534,2.52158933595816,0.014428838798373977,False
wcl_minus_lbl_plus_templates,3e53f339ce23bcd55c9745a7e473937d8df2b36146b0e3872cd78980fcbfe035,IQP,2.156251653059563,2.1418240448163197,0.014427608243243295,False
random_minus_lbl_commutation_only,b72eb04aad8622c714692f86379ddbd86e546720b70e03867b27fc5229606036,Oracle,1.7962196557066954,1.782063621052785,0.014156034653910465,False
random_minus_lbl_commutation_only,b7163b3a00248ea960a5124b05a311a33fb77506ed9fa5aaef446ad5230301a1,Oracle,1.7962196557066954,1.782063621052785,0.014156034653910465,False
wcl_minus_lbl_plus_templates,76380e1d43ba4786b298e59145a5b74e4ad206b97e7bc9815e90e25dce301a8f,IQP,2.156251653059563,2.142099891666149,0.01415176139341412,False
random_minus_lbl_plus_templates,2d71c39b26582071bf61dcf0fd75c33b46d5626b7983e36e786fa74e823155c6,IQP,1.6686811835039983,1.6545652043758592,0.014115979128139111,False
random_minus_lbl_plus_templates,4fd56a4aef3db179df3c4a37d4ed820b90cc557115cd93951084f3d6b478ad8a,UCCSD_inspired,1.6686811835039983,1.6546448348902725,0.014036348613725824,False
random_minus_lbl_plus_templates,b1eea75a6b9b0df65f92fc8a6cc335196d0e181b16f0295c85e61c1ab5bcff75,Oracle,1.6686811835039983,1.6546448348902725,0.014036348613725824,False
random_minus_lbl_commutation_only,d47fbcf86d26708129ff7ec50334223b04f3b91344825d19f2600cab1a7800c0,RandomClifford,1.7962196557066954,1.782345328651566,0.013874327055129365,False
random_minus_lbl_commutation_only,2d4868c22c53a34ba2e5046296f2ed6dd8a3b0bac61263a35b7a2fc4521fef18,RandomClifford,1.7962196557066954,1.782395859952097,0.013823795754598356,False
random_minus_lbl_commutation_only,4fd56a4aef3db179df3c4a37d4ed820b90cc557115cd93951084f3d6b478ad8a,UCCSD_inspired,1.7962196557066954,1.782510328816566,0.01370932689012938,False
wcl_minus_lbl_commutation_only,3e53f339ce23bcd55c9745a7e473937d8df2b36146b0e3872cd78980fcbfe035,IQP,2.536018174756534,2.5225643268253344,0.013453847931199636,False
wcl_minus_lbl_plus_templates,1da141578648db952d0c0258f06e9ac1c658cc518f58ccc3eae0aa459e7dd61c,Oracle,2.156251653059563,2.142864992733234,0.013386660326328848,False
wcl_minus_lbl_plus_templates,826a81832c43fd3beaa5ea66f63d19579c7ae7c3f309c590d3c64709d2be3057,Oracle,2.156251653059563,2.142864992733234,0.013386660326328848,False
primary_listing_by_rule_did,fdae7380efaf259898d620665d1e44cd04b23f73bf766b851f7195de78f58d9d,RandomClifford,-0.37976652169697117,-0.39314722989983353,0.013380708202862357,False
wcl_minus_lbl_plus_templates,8fade07fc864918c4a4969c2781f2c199d2cec46f63e96c10290027163d5a455,Oracle,2.156251653059563,2.143018777373224,0.013232875686338907,False
wcl_minus_lbl_plus_templates,b72eb04aad8622c714692f86379ddbd86e546720b70e03867b27fc5229606036,Oracle,2.156251653059563,2.143018777373224,0.013232875686338907,False
wcl_minus_lbl_plus_templates,b7163b3a00248ea960a5124b05a311a33fb77506ed9fa5aaef446ad5230301a1,Oracle,2.156251653059563,2.143018777373224,0.013232875686338907,False
wcl_minus_lbl_commutation_only,76380e1d43ba4786b298e59145a5b74e4ad206b97e7bc9815e90e25dce301a8f,IQP,2.536018174756534,2.5228401736751636,0.01317800108137046,False
primary_listing_by_rule_did,5d1c48263acc18a36d062c98661594cfac7e4418c02437f7200168f655d79429,Oracle,-0.37976652169697117,-0.3667542680230007,0.013012253673970464,False
wcl_minus_lbl_plus_templates,2d4868c22c53a34ba2e5046296f2ed6dd8a3b0bac61263a35b7a2fc4521fef18,RandomClifford,2.156251653059563,2.143351016272536,0.012900636787026798,False
wcl_minus_lbl_plus_templates,4fd56a4aef3db179df3c4a37d4ed820b90cc557115cd93951084f3d6b478ad8a,UCCSD_inspired,2.156251653059563,2.143465485137005,0.012786167922557823,False
wcl_minus_lbl_plus_templates,e26eca49b8903c7b025bb5c3be2146eaa21c6fab5a1606c2bb182de89c74b664,RandomClifford,2.156251653059563,2.143465485137005,0.012786167922557823,False
primary_listing_by_rule_did,69dc9b7c80d923f7c782eeecca4e015e05ed1068495a29bd0e903ae9e481abbf,Oracle,-0.37976652169697117,-0.3670040182727509,0.01276250342422025,False
primary_listing_by_rule_did,2b1cde4abea2ed44a9eb8279de400f807116abcb88a364fd04bbb05b1c3244ae,Oracle,-0.37976652169697117,-0.3670040182727509,0.01276250342422025,False
primary_listing_by_rule_did,8fe6a04fb57130ecbb92ca64358dee1b21d52ec1cfd3a2ce2f134a6345166151,Oracle,-0.37976652169697117,-0.3670040182727509,0.01276250342422025,False
random_minus_lbl_plus_templates,e26eca49b8903c7b025bb5c3be2146eaa21c6fab5a1606c2bb182de89c74b664,RandomClifford,1.6686811835039983,1.6561710864165238,0.012510097087474525,False
wcl_minus_lbl_commutation_only,8fade07fc864918c4a4969c2781f2c199d2cec46f63e96c10290027163d5a455,Oracle,2.536018174756534,2.5237590593822388,0.012259115374295249,False
wcl_minus_lbl_commutation_only,c2bc1600a43475bd792ec7ca2dfb34c87d2b32b84e9b2893c489410f17e2a572,Oracle,2.536018174756534,2.5237590593822388,0.012259115374295249,False
wcl_minus_lbl_commutation_only,b72eb04aad8622c714692f86379ddbd86e546720b70e03867b27fc5229606036,Oracle,2.536018174756534,2.5237590593822388,0.012259115374295249,False
wcl_minus_lbl_commutation_only,b7163b3a00248ea960a5124b05a311a33fb77506ed9fa5aaef446ad5230301a1,Oracle,2.536018174756534,2.5237590593822388,0.012259115374295249,False
random_minus_lbl_commutation_only,e26eca49b8903c7b025bb5c3be2146eaa21c6fab5a1606c2bb182de89c74b664,RandomClifford,1.7962196557066954,1.7840365803428175,0.01218307536387786,False
wcl_minus_lbl_plus_templates,50d40ab13a27632abb0016ec2e9af6972f0134cee65529429f585010b7f83a33,RandomClifford,2.156251653059563,2.144344606016126,0.011907047043437036,False
wcl_minus_lbl_commutation_only,4fd56a4aef3db179df3c4a37d4ed820b90cc557115cd93951084f3d6b478ad8a,UCCSD_inspired,2.536018174756534,2.52420576714602,0.011812407610514164,False
wcl_minus_lbl_commutation_only,e26eca49b8903c7b025bb5c3be2146eaa21c6fab5a1606c2bb182de89c74b664,RandomClifford,2.536018174756534,2.52420576714602,0.011812407610514164,False
random_minus_lbl_plus_templates,ea35cdaebcc83e38febe7db50517ceef51edfed198ba7cbb4f3cc64485df66df,Oracle,1.6686811835039983,1.6569342121796495,0.011746971324348765,False
random_minus_lbl_plus_templates,d75b107d6610e55aacfddff9d177a41d58656d6851d4b751fc8b7a09d03890a5,UCCSD_inspired,1.6686811835039983,1.6569342121796495,0.011746971324348765,False
random_minus_lbl_commutation_only,d9314ccce0f63523afe008acf2a9b627f9cd1bc22c527bfb6df0dd4c5f4c780c,RandomClifford,1.7962196557066954,1.7845280850716105,0.011691570635084858,False
wcl_minus_lbl_plus_templates,bb4d201ec90fe59ed3e9c9ab9ff269487e716ab1bee068bff9f74529b1de6f93,IQP,2.156251653059563,2.144659942853202,0.011591710206360961,False
primary_listing_by_rule_did,34ac6807a367e4649c549bb7e5379b105efee316f5ac8c12566d937750d6a8fa,Oracle,-0.37976652169697117,-0.3683333341181958,0.011433187578775372,False
random_minus_lbl_commutation_only,d75b107d6610e55aacfddff9d177a41d58656d6851d4b751fc8b7a09d03890a5,UCCSD_inspired,1.7962196557066954,1.7847997061059433,0.0114199496007521,False
random_minus_lbl_commutation_only,ea35cdaebcc83e38febe7db50517ceef51edfed198ba7cbb4f3cc64485df66df,Oracle,1.7962196557066954,1.7847997061059433,0.0114199496007521,False
random_minus_lbl_commutation_only,6a6cf0f00d85ece4ad64c271afdd08b4cd8473655919bce2bcfa5db0713a4a8f,Oracle,1.7962196557066954,1.7847997061059433,0.0114199496007521,False
random_minus_lbl_plus_templates,cc5fe9a32e955a3c62cf12c58fdd8fe6ea17b2a383a2d9c22c7b0c1576080d57,Oracle,1.6686811835039983,1.657261266078132,0.011419917425866233,False
random_minus_lbl_commutation_only,cc5fe9a32e955a3c62cf12c58fdd8fe6ea17b2a383a2d9c22c7b0c1576080d57,Oracle,1.7962196557066954,1.7851267600044258,0.011092895702269567,False
wcl_minus_lbl_commutation_only,50d40ab13a27632abb0016ec2e9af6972f0134cee65529429f585010b7f83a33,RandomClifford,2.536018174756534,2.5250848880251406,0.010933286731393377,False
random_minus_lbl_plus_templates,d9314ccce0f63523afe008acf2a9b627f9cd1bc22c527bfb6df0dd4c5f4c780c,RandomClifford,1.6686811835039983,1.6577490752826483,0.010932108221350045,False
random_minus_lbl_plus_templates,50bbfd9444a3a7981af5bef5ec6064a7c26b4cc07f48e50d38a5bd018f876bda,RandomClifford,1.6686811835039983,1.6578413239358178,0.010839859568180454,False
random_minus_lbl_plus_templates,96561fd3e0765c0456e8f0b0e5c9c800074d4f866c985077bc85ca4c0fb159aa,RandomClifford,1.6686811835039983,1.6793701096155471,0.010688926111548813,False
wcl_minus_lbl_commutation_only,71d778addd8ccb7f497d5f93f4f8f4243fe3239acec2e394b798baf7763c879e,RandomClifford,2.536018174756534,2.5253665781659858,0.010651596590548262,False
wcl_minus_lbl_commutation_only,bb4d201ec90fe59ed3e9c9ab9ff269487e716ab1bee068bff9f74529b1de6f93,IQP,2.536018174756534,2.5254002248622167,0.010617949894317302,False
wcl_minus_lbl_plus_templates,327b728c1ca9b595df52e9004e38fd5c2c86f6df6d8c5681d21e504efae558cc,UCCSD_inspired,2.156251653059563,2.1457548624263825,0.010496790633180542,False
wcl_minus_lbl_plus_templates,ad24aca845e266cfd8d2120a528eaaa1b8189e8618686a63cc593efe3ae9c728,UCCSD_inspired,2.156251653059563,2.1457548624263825,0.010496790633180542,False
wcl_minus_lbl_plus_templates,d75b107d6610e55aacfddff9d177a41d58656d6851d4b751fc8b7a09d03890a5,UCCSD_inspired,2.156251653059563,2.1457548624263825,0.010496790633180542,False
wcl_minus_lbl_plus_templates,ea35cdaebcc83e38febe7db50517ceef51edfed198ba7cbb4f3cc64485df66df,Oracle,2.156251653059563,2.1457548624263825,0.010496790633180542,False
wcl_minus_lbl_plus_templates,6d3b95d34d14070b7343cb878e296c782e0bb8553754324f96aa3678075d10e1,UCCSD_inspired,2.156251653059563,2.1457548624263825,0.010496790633180542,False
wcl_minus_lbl_plus_templates,6a6cf0f00d85ece4ad64c271afdd08b4cd8473655919bce2bcfa5db0713a4a8f,Oracle,2.156251653059563,2.1457548624263825,0.010496790633180542,False
wcl_minus_lbl_plus_templates,d200c6e5a74daf138e202579980ec549be8f1d3b945dcb231a735ae5ef935ab2,UCCSD_inspired,2.156251653059563,2.1457548624263825,0.010496790633180542,False
wcl_minus_lbl_plus_templates,b4cd6266c1d6b1edd7ea9ea096d9648f4a7ea3feb36e3428f392b9ca88c53b4a,UCCSD_inspired,2.156251653059563,2.1457548624263825,0.010496790633180542,False
wcl_minus_lbl_plus_templates,c2edd0f05863f7c5791bbf5b6ee2131a4e62dce0b2cac1a356f178eeca043f8a,UCCSD_inspired,2.156251653059563,2.1457548624263825,0.010496790633180542,False
wcl_minus_lbl_plus_templates,91e4aec91029d653afc2f4cfd9acf0f34aa36fd0f56363bd622f0d0b2fbd912f,UCCSD_inspired,2.156251653059563,2.1457548624263825,0.010496790633180542,False
wcl_minus_lbl_plus_templates,22551b784d24a75d9256bbd007b935019702d979f1a26edaef3c56d99546120b,UCCSD_inspired,2.156251653059563,2.1457548624263825,0.010496790633180542,False
wcl_minus_lbl_plus_templates,154e1b21a6daa22758883ad015b7502a4335e2bb3e6358f3a61131487aa4a47c,IQP,2.156251653059563,2.1457548624263825,0.010496790633180542,False
random_minus_lbl_plus_templates,327b728c1ca9b595df52e9004e38fd5c2c86f6df6d8c5681d21e504efae558cc,UCCSD_inspired,1.6686811835039983,1.6582696822651197,0.010411501238878573,False
random_minus_lbl_plus_templates,b4cd6266c1d6b1edd7ea9ea096d9648f4a7ea3feb36e3428f392b9ca88c53b4a,UCCSD_inspired,1.6686811835039983,1.6582696822651197,0.010411501238878573,False
random_minus_lbl_plus_templates,ad24aca845e266cfd8d2120a528eaaa1b8189e8618686a63cc593efe3ae9c728,UCCSD_inspired,1.6686811835039983,1.6582696822651197,0.010411501238878573,False
wcl_minus_lbl_commutation_only,27a0f06f7cc08a8cc737a4739dc368a6357264dac3917d9592477680c4557db2,RandomClifford,2.536018174756534,2.525836556448042,0.01018161830849218,False
random_minus_lbl_plus_templates,d47fbcf86d26708129ff7ec50334223b04f3b91344825d19f2600cab1a7800c0,RandomClifford,1.6686811835039983,1.658522338767776,0.010158844736222195,False
primary_listing_by_rule_did,83c7c3f2143beb462726dd5669eb691fae0cabe693debd1cd6c9926ec8aac05b,RandomClifford,-0.37976652169697117,-0.38989779116652384,0.010131269469552673,False
random_minus_lbl_commutation_only,b4cd6266c1d6b1edd7ea9ea096d9648f4a7ea3feb36e3428f392b9ca88c53b4a,UCCSD_inspired,1.7962196557066954,1.7861351761914135,0.010084479515281908,False
random_minus_lbl_commutation_only,ad24aca845e266cfd8d2120a528eaaa1b8189e8618686a63cc593efe3ae9c728,UCCSD_inspired,1.7962196557066954,1.7861351761914135,0.010084479515281908,False
random_minus_lbl_commutation_only,327b728c1ca9b595df52e9004e38fd5c2c86f6df6d8c5681d21e504efae558cc,UCCSD_inspired,1.7962196557066954,1.7861351761914135,0.010084479515281908,False
random_minus_lbl_plus_templates,40b8a20d828582d60cc0a21652298c67f1af38c18b2ccf8811937d13a9714a38,IQP,1.6686811835039983,1.6787126474196232,0.010031463915624927,False
wcl_minus_lbl_commutation_only,83c7c3f2143beb462726dd5669eb691fae0cabe693debd1cd6c9926ec8aac05b,RandomClifford,2.536018174756534,2.5263190384900605,0.009699136266473563,False
primary_listing_by_rule_did,1af7528f5f0b083d8fb217d2aaa8db5ea8fabaefadf375ad667c53198edfbaae,IQP,-0.37976652169697117,-0.3893833243599222,0.009616802662951007,False
random_minus_lbl_commutation_only,ab6c0308e70783c337dc12cc3601cedbca26ad9ff939cc7bbedff27b595326e7,RandomClifford,1.7962196557066954,1.7866433639230523,0.009576291783643054,False
random_minus_lbl_commutation_only,59b729dbea5b2457f083d3577ed253a3b4f24dfc11f1e185af454468b65fb400,RandomClifford,1.7962196557066954,1.8057563136010122,0.009536657894316791,False
wcl_minus_lbl_commutation_only,d200c6e5a74daf138e202579980ec549be8f1d3b945dcb231a735ae5ef935ab2,UCCSD_inspired,2.536018174756534,2.526495144435397,0.009523030321136883,False
wcl_minus_lbl_commutation_only,ad24aca845e266cfd8d2120a528eaaa1b8189e8618686a63cc593efe3ae9c728,UCCSD_inspired,2.536018174756534,2.526495144435397,0.009523030321136883,False
wcl_minus_lbl_commutation_only,d75b107d6610e55aacfddff9d177a41d58656d6851d4b751fc8b7a09d03890a5,UCCSD_inspired,2.536018174756534,2.526495144435397,0.009523030321136883,False
wcl_minus_lbl_commutation_only,327b728c1ca9b595df52e9004e38fd5c2c86f6df6d8c5681d21e504efae558cc,UCCSD_inspired,2.536018174756534,2.526495144435397,0.009523030321136883,False
wcl_minus_lbl_commutation_only,c2edd0f05863f7c5791bbf5b6ee2131a4e62dce0b2cac1a356f178eeca043f8a,UCCSD_inspired,2.536018174756534,2.526495144435397,0.009523030321136883,False
wcl_minus_lbl_commutation_only,154e1b21a6daa22758883ad015b7502a4335e2bb3e6358f3a61131487aa4a47c,IQP,2.536018174756534,2.526495144435397,0.009523030321136883,False
wcl_minus_lbl_commutation_only,22551b784d24a75d9256bbd007b935019702d979f1a26edaef3c56d99546120b,UCCSD_inspired,2.536018174756534,2.526495144435397,0.009523030321136883,False
wcl_minus_lbl_commutation_only,6a6cf0f00d85ece4ad64c271afdd08b4cd8473655919bce2bcfa5db0713a4a8f,Oracle,2.536018174756534,2.526495144435397,0.009523030321136883,False
wcl_minus_lbl_commutation_only,91e4aec91029d653afc2f4cfd9acf0f34aa36fd0f56363bd622f0d0b2fbd912f,UCCSD_inspired,2.536018174756534,2.526495144435397,0.009523030321136883,False
wcl_minus_lbl_commutation_only,b4cd6266c1d6b1edd7ea9ea096d9648f4a7ea3feb36e3428f392b9ca88c53b4a,UCCSD_inspired,2.536018174756534,2.526495144435397,0.009523030321136883,False
wcl_minus_lbl_commutation_only,6d3b95d34d14070b7343cb878e296c782e0bb8553754324f96aa3678075d10e1,UCCSD_inspired,2.536018174756534,2.526495144435397,0.009523030321136883,False
wcl_minus_lbl_commutation_only,ea35cdaebcc83e38febe7db50517ceef51edfed198ba7cbb4f3cc64485df66df,Oracle,2.536018174756534,2.526495144435397,0.009523030321136883,False
random_minus_lbl_plus_templates,59b729dbea5b2457f083d3577ed253a3b4f24dfc11f1e185af454468b65fb400,RandomClifford,1.6686811835039983,1.6778908196747186,0.009209636170720348,False
wcl_minus_lbl_commutation_only,cc5fe9a32e955a3c62cf12c58fdd8fe6ea17b2a383a2d9c22c7b0c1576080d57,Oracle,2.536018174756534,2.5268221983338797,0.00919597642265435,False
random_minus_lbl_commutation_only,69dc9b7c80d923f7c782eeecca4e015e05ed1068495a29bd0e903ae9e481abbf,Oracle,1.7962196557066954,1.7870890833953206,0.009130572311374818,False
random_minus_lbl_commutation_only,8fe6a04fb57130ecbb92ca64358dee1b21d52ec1cfd3a2ce2f134a6345166151,Oracle,1.7962196557066954,1.7870890833953206,0.009130572311374818,False
random_minus_lbl_plus_templates,d200c6e5a74daf138e202579980ec549be8f1d3b945dcb231a735ae5ef935ab2,UCCSD_inspired,1.6686811835039983,1.6596051523505897,0.009076031153408604,False
random_minus_lbl_plus_templates,6d3b95d34d14070b7343cb878e296c782e0bb8553754324f96aa3678075d10e1,UCCSD_inspired,1.6686811835039983,1.6596051523505897,0.009076031153408604,False
random_minus_lbl_plus_templates,91e4aec91029d653afc2f4cfd9acf0f34aa36fd0f56363bd622f0d0b2fbd912f,UCCSD_inspired,1.6686811835039983,1.6596051523505897,0.009076031153408604,False
random_minus_lbl_plus_templates,28fa1a35d35427a92d30c622a80840edaaf759c54c7873b8ef1ace832c84a0de,RandomClifford,1.6686811835039983,1.6597622664782923,0.008918917025706019,False
random_minus_lbl_commutation_only,7b3522676d252291940c2a9e9f17d81dfc1a5077c6b697e15563a3447cfc72ab,UCCSD_inspired,1.7962196557066954,1.8050426210857005,0.008822965379005066,False
random_minus_lbl_commutation_only,de6c0eaa11dbb8cb038759ba22e2ae33584fddad76d7f93a185f16b9e2034ea9,UCCSD_inspired,1.7962196557066954,1.8050426210857005,0.008822965379005066,False
random_minus_lbl_plus_templates,8d9675d03084170fe7ac5525f6fcb719077b9720d82fdfd3a3438964e78b6345,UCCSD_inspired,1.6686811835039983,1.6598776972659919,0.00880348623800642,False
random_minus_lbl_plus_templates,f9d16c2d718e8feb24e5f21b7bc25db092d80ca773e1eeec21eebaf6cdf07b81,Oracle,1.6686811835039983,1.6599220435573114,0.008759139946686867,False
random_minus_lbl_commutation_only,d200c6e5a74daf138e202579980ec549be8f1d3b945dcb231a735ae5ef935ab2,UCCSD_inspired,1.7962196557066954,1.7874706462768835,0.008749009429811938,False
random_minus_lbl_commutation_only,91e4aec91029d653afc2f4cfd9acf0f34aa36fd0f56363bd622f0d0b2fbd912f,UCCSD_inspired,1.7962196557066954,1.7874706462768835,0.008749009429811938,False
random_minus_lbl_commutation_only,6d3b95d34d14070b7343cb878e296c782e0bb8553754324f96aa3678075d10e1,UCCSD_inspired,1.7962196557066954,1.7874706462768835,0.008749009429811938,False
random_minus_lbl_commutation_only,082489d14e2c84f851b9515f5e16cffad519cec34fbf1349a6ba883153cfe252,RandomClifford,1.7962196557066954,1.8049170001594077,0.008697344452712308,False
random_minus_lbl_commutation_only,28fa1a35d35427a92d30c622a80840edaaf759c54c7873b8ef1ace832c84a0de,RandomClifford,1.7962196557066954,1.7876277604045858,0.008591895302109576,False
random_minus_lbl_plus_templates,2d4868c22c53a34ba2e5046296f2ed6dd8a3b0bac61263a35b7a2fc4521fef18,RandomClifford,1.6686811835039983,1.6601393403847777,0.008541843119220571,False
random_minus_lbl_plus_templates,de6c0eaa11dbb8cb038759ba22e2ae33584fddad76d7f93a185f16b9e2034ea9,UCCSD_inspired,1.6686811835039983,1.677177127159407,0.008495943655408622,False
random_minus_lbl_plus_templates,7b3522676d252291940c2a9e9f17d81dfc1a5077c6b697e15563a3447cfc72ab,UCCSD_inspired,1.6686811835039983,1.677177127159407,0.008495943655408622,False
random_minus_lbl_commutation_only,8d9675d03084170fe7ac5525f6fcb719077b9720d82fdfd3a3438964e78b6345,UCCSD_inspired,1.7962196557066954,1.7877431911922856,0.008476464514409754,False
wcl_minus_lbl_plus_templates,5d1c48263acc18a36d062c98661594cfac7e4418c02437f7200168f655d79429,Oracle,2.156251653059563,2.1477944894660093,0.008457163593553751,False
random_minus_lbl_commutation_only,f9d16c2d718e8feb24e5f21b7bc25db092d80ca773e1eeec21eebaf6cdf07b81,Oracle,1.7962196557066954,1.787787537483605,0.008432118223090423,False
random_minus_lbl_plus_templates,082489d14e2c84f851b9515f5e16cffad519cec34fbf1349a6ba883153cfe252,RandomClifford,1.6686811835039983,1.677051506233114,0.008370322729115642,False
wcl_minus_lbl_commutation_only,8aaf01a56bcab37914ddfaba82a75a16e140d95441d873784a6ddbc0cb82048b,QuantumWalk,2.536018174756534,2.544376000568348,0.008357825811813768,False
wcl_minus_lbl_commutation_only,c9e5b59e32c53d4772620b8ccf8ab1e16870e879379d57c33dae662522f67ce3,QuantumWalk,2.536018174756534,2.5441807147675783,0.008162540011044328,False
wcl_minus_lbl_commutation_only,b48696525dc16ace3d17f7656e6602f2710e54d030274a737712c3dc966a5f93,QuantumWalk,2.536018174756534,2.5441807147675783,0.008162540011044328,False
wcl_minus_lbl_plus_templates,6194c79c6876f931fd4dd2e105ee631824a9635fa4fec3f8ff6e7642655610e8,QuantumWalk,2.156251653059563,2.164400347376215,0.008148694316651994,False
random_minus_lbl_plus_templates,d3b5ace1ffcfa1395fa7475de82da131003d95cdf3358f349d791df72f45b4ae,Oracle,1.6686811835039983,1.6607498409952783,0.007931342508719963,False
random_minus_lbl_commutation_only,34ac6807a367e4649c549bb7e5379b105efee316f5ac8c12566d937750d6a8fa,Oracle,1.7962196557066954,1.7884183992407654,0.0078012564659299954,False
random_minus_lbl_plus_templates,22551b784d24a75d9256bbd007b935019702d979f1a26edaef3c56d99546120b,UCCSD_inspired,1.6686811835039983,1.6609406224360599,0.007740561067938412,False
random_minus_lbl_commutation_only,fcc1daadc89b349ed68d575311f3e662b665486c74c598f45f3b363c8841378d,Grover,1.7962196557066954,1.8038778501840873,0.007658194477391911,False
random_minus_lbl_commutation_only,0a90fc5e637b6da47ad2addab3dcc441b7340b4c926ab8292227e140ae48b338,Grover,1.7962196557066954,1.803830154823892,0.007610499117196579,False
random_minus_lbl_plus_templates,3caaac792211b208d26d1723c5c6222b514fd3fec82d2da780fcda89e7b16a2e,UCCSD_inspired,1.6686811835039983,1.661089008001112,0.007592175502886267,False
random_minus_lbl_plus_templates,03eaab10a83e1dfeb034fd7582bcf4a2ea7fa5b71a897818b9064ad6fb621c5a,UCCSD_inspired,1.6686811835039983,1.661089008001112,0.007592175502886267,False
random_minus_lbl_plus_templates,e1e87948c1add56cf7276d71868a09a47fa9a3c181b86099ca4c0991612b1e44,UCCSD_inspired,1.6686811835039983,1.661089008001112,0.007592175502886267,False
random_minus_lbl_plus_templates,da3d5d211a834bc0eae3944ac1de0713b7822563ca9f58d191717e39618f430e,UCCSD_inspired,1.6686811835039983,1.661089008001112,0.007592175502886267,False
random_minus_lbl_plus_templates,67ac65461d4b57621b92856148cbe19f65ec089efa10dd8e0ec245c21403aea1,UCCSD_inspired,1.6686811835039983,1.661089008001112,0.007592175502886267,False
wcl_minus_lbl_plus_templates,8d9675d03084170fe7ac5525f6fcb719077b9720d82fdfd3a3438964e78b6345,UCCSD_inspired,2.156251653059563,2.148698347512725,0.007553305546838196,False
wcl_minus_lbl_plus_templates,c89d31d25881b4b5dd8323251c36c8c21866d3fa920f89cfd20f0916925d98ed,UCCSD_inspired,2.156251653059563,2.148698347512725,0.007553305546838196,False
wcl_minus_lbl_plus_templates,337a3eaa7a1c3a0e02cc2a645e6f2877a665d33c46c1b9ffe66b69734d333bd6,IQP,2.156251653059563,2.1487867404582603,0.0074649126013026645,False
wcl_minus_lbl_commutation_only,1cfed9e8d4d3d922274c93ac90508b7632b2c9fb1a0d01862aa77ba6164bb231,IQP,2.536018174756534,2.5434498081291914,0.007431633372657398,False
random_minus_lbl_commutation_only,22551b784d24a75d9256bbd007b935019702d979f1a26edaef3c56d99546120b,UCCSD_inspired,1.7962196557066954,1.7888061163623536,0.007413539344341746,False
random_minus_lbl_plus_templates,fcc1daadc89b349ed68d575311f3e662b665486c74c598f45f3b363c8841378d,Grover,1.6686811835039983,1.6760123562577935,0.007331172753795245,False
wcl_minus_lbl_plus_templates,411fb287ad09f5ba59dc8928c41c7d63890830c6fb4a8d8bbc17d6aa448f59f5,IQP,2.156251653059563,2.1489599906315107,0.007291662428052348,False
random_minus_lbl_plus_templates,0a90fc5e637b6da47ad2addab3dcc441b7340b4c926ab8292227e140ae48b338,Grover,1.6686811835039983,1.6759646608975984,0.007283477393600135,False
random_minus_lbl_commutation_only,67ac65461d4b57621b92856148cbe19f65ec089efa10dd8e0ec245c21403aea1,UCCSD_inspired,1.7962196557066954,1.7889545019274056,0.0072651537792898235,False
random_minus_lbl_commutation_only,e1e87948c1add56cf7276d71868a09a47fa9a3c181b86099ca4c0991612b1e44,UCCSD_inspired,1.7962196557066954,1.7889545019274056,0.0072651537792898235,False
random_minus_lbl_commutation_only,da3d5d211a834bc0eae3944ac1de0713b7822563ca9f58d191717e39618f430e,UCCSD_inspired,1.7962196557066954,1.7889545019274056,0.0072651537792898235,False
random_minus_lbl_commutation_only,3caaac792211b208d26d1723c5c6222b514fd3fec82d2da780fcda89e7b16a2e,UCCSD_inspired,1.7962196557066954,1.7889545019274056,0.0072651537792898235,False
random_minus_lbl_commutation_only,03eaab10a83e1dfeb034fd7582bcf4a2ea7fa5b71a897818b9064ad6fb621c5a,UCCSD_inspired,1.7962196557066954,1.7889545019274056,0.0072651537792898235,False
random_minus_lbl_commutation_only,1a7bfb668baba31b5cb74057590661843ab8c6a997dc5e21c16d38ca42dee44b,QuantumWalk,1.7962196557066954,1.8034800294058317,0.0072603736991363466,False
wcl_minus_lbl_commutation_only,8fe6a04fb57130ecbb92ca64358dee1b21d52ec1cfd3a2ce2f134a6345166151,Oracle,2.536018174756534,2.5287845217247744,0.0072336530317596015,False
wcl_minus_lbl_commutation_only,96561fd3e0765c0456e8f0b0e5c9c800074d4f866c985077bc85ca4c0fb159aa,RandomClifford,2.536018174756534,2.5287845217247744,0.0072336530317596015,False
wcl_minus_lbl_commutation_only,69dc9b7c80d923f7c782eeecca4e015e05ed1068495a29bd0e903ae9e481abbf,Oracle,2.536018174756534,2.5287845217247744,0.0072336530317596015,False
wcl_minus_lbl_commutation_only,2b1cde4abea2ed44a9eb8279de400f807116abcb88a364fd04bbb05b1c3244ae,Oracle,2.536018174756534,2.5287845217247744,0.0072336530317596015,False
wcl_minus_lbl_plus_templates,74e97e3e91fec3c194d338dbf07fe463abbee30e6ec302a429dd67d4ec2a8b92,RandomClifford,2.156251653059563,2.1491701629728306,0.007081490086732423,False
random_minus_lbl_plus_templates,337a3eaa7a1c3a0e02cc2a645e6f2877a665d33c46c1b9ffe66b69734d333bd6,IQP,1.6686811835039983,1.6616985919440295,0.0069825915599688315,False
wcl_minus_lbl_commutation_only,fdae7380efaf259898d620665d1e44cd04b23f73bf766b851f7195de78f58d9d,RandomClifford,2.536018174756534,2.5290799252459846,0.0069382495105494435,False
wcl_minus_lbl_plus_templates,8a2dab910f6b0fb4138b6288249055697b4a82d54aeb40f1b365d52677ecd74e,QuantumWalk,2.156251653059563,2.1631879727942755,0.006936319734712537,False
wcl_minus_lbl_plus_templates,1e2e846760ffae18723d5eeb34d434e2b4745acb5f1ca7dbfd34512dbe0f8b16,QuantumWalk,2.156251653059563,2.1631879727942755,0.006936319734712537,False
random_minus_lbl_commutation_only,50bbfd9444a3a7981af5bef5ec6064a7c26b4cc07f48e50d38a5bd018f876bda,RandomClifford,1.7962196557066954,1.789335264886785,0.006884390819910324,False
wcl_minus_lbl_plus_templates,34ac6807a367e4649c549bb7e5379b105efee316f5ac8c12566d937750d6a8fa,Oracle,2.156251653059563,2.1493735555612044,0.00687809749835866,False
primary_listing_by_rule_did,cc5fe9a32e955a3c62cf12c58fdd8fe6ea17b2a383a2d9c22c7b0c1576080d57,Oracle,-0.37976652169697117,-0.37289098844543533,0.006875533251535837,False
wcl_minus_lbl_plus_templates,0ea94971bc42ea5f21350b8ee791f5ddd3a86cabd0502a4f2ecd331789793740,IQP,2.156251653059563,2.1494377737179895,0.006813879341573514,False
random_minus_lbl_commutation_only,fdae7380efaf259898d620665d1e44cd04b23f73bf766b851f7195de78f58d9d,RandomClifford,1.7962196557066954,1.7894523115650005,0.0067673441416948865,False
wcl_minus_lbl_plus_templates,0b12314b8f546448b63ec916582bdcd18c8f92e57f6756737f55de986300e4e8,QuantumWalk,2.156251653059563,2.1629928780339633,0.006741224974400328,False
wcl_minus_lbl_plus_templates,9a041e65e0425acb6f1da0991581cf3416dbc278e761b7a398593dbb6f7ed442,QuantumWalk,2.156251653059563,2.1629928780339633,0.006741224974400328,False
wcl_minus_lbl_plus_templates,2d71c39b26582071bf61dcf0fd75c33b46d5626b7983e36e786fa74e823155c6,IQP,2.156251653059563,2.1495174042324026,0.0067342488271604495,False
random_minus_lbl_commutation_only,f82545ab8dd2e124bb20b12a2943a1f6d29666837c03c9275f4c803dc1929c72,Oracle,1.7962196557066954,1.7895131299370142,0.006706525769681226,False
random_minus_lbl_plus_templates,6194c79c6876f931fd4dd2e105ee631824a9635fa4fec3f8ff6e7642655610e8,QuantumWalk,1.6686811835039983,1.67538460236917,0.006703418865171784,False
wcl_minus_lbl_commutation_only,1e2e846760ffae18723d5eeb34d434e2b4745acb5f1ca7dbfd34512dbe0f8b16,QuantumWalk,2.536018174756534,2.5427158802213503,0.006697705464816295,False
wcl_minus_lbl_commutation_only,0b12314b8f546448b63ec916582bdcd18c8f92e57f6756737f55de986300e4e8,QuantumWalk,2.536018174756534,2.5427158802213503,0.006697705464816295,False
random_minus_lbl_commutation_only,a184604fe8e9fff65d7fc4b04a0374176884155f49835fc64a3e78eeea2e3335,IQP,1.7962196557066954,1.802893171780054,0.006673516073358643,False
random_minus_lbl_commutation_only,337a3eaa7a1c3a0e02cc2a645e6f2877a665d33c46c1b9ffe66b69734d333bd6,IQP,1.7962196557066954,1.789564085870323,0.006655569836372388,False
random_minus_lbl_plus_templates,c89d31d25881b4b5dd8323251c36c8c21866d3fa920f89cfd20f0916925d98ed,UCCSD_inspired,1.6686811835039983,1.6620580565892082,0.006623126914790056,False
wcl_minus_lbl_commutation_only,8d9675d03084170fe7ac5525f6fcb719077b9720d82fdfd3a3438964e78b6345,UCCSD_inspired,2.536018174756534,2.5294386295217395,0.006579545234794537,False
wcl_minus_lbl_commutation_only,c89d31d25881b4b5dd8323251c36c8c21866d3fa920f89cfd20f0916925d98ed,UCCSD_inspired,2.536018174756534,2.5294386295217395,0.006579545234794537,False
wcl_minus_lbl_plus_templates,83736b18a61dd9b2fd86cf7fc2f36d12cbe6d26237036b39893a814898578b01,IQP,2.156251653059563,2.149703208766033,0.006548444293529965,False
wcl_minus_lbl_commutation_only,9b814e3da54f5c874ddcbdff9fe61f872bb409035a9acff0f2c7ae13b5c91b90,QuantumWalk,2.536018174756534,2.542520785461038,0.006502610704504086,False
wcl_minus_lbl_commutation_only,9622962052cfcefe2e8d5fcff75c437ddc1262dc21b471fdc6bd179d3b83f28b,Grover,2.536018174756534,2.542520785461038,0.006502610704504086,False
wcl_minus_lbl_commutation_only,5d82d980193b330314da27f4c315ba0460259d09cae3ee69bfb5598f13a62ac8,VQE,2.536018174756534,2.542520785461038,0.006502610704504086,False
wcl_minus_lbl_commutation_only,5c672ebce573529c490baac76666f3d7035c91d1a2552a4c883752c77353c5da,QAOA,2.536018174756534,2.542520785461038,0.006502610704504086,False
wcl_minus_lbl_commutation_only,98123c419282ef8d7ead755526545f8d1b8e6129c506a92b5eb114e588eb0ab3,SurfaceCode,2.536018174756534,2.542520785461038,0.006502610704504086,False
wcl_minus_lbl_commutation_only,998d28f393fb6fe8a78d18a2436597cf82c17978859d430e5e43e089471944d1,QuantumWalk,2.536018174756534,2.542520785461038,0.006502610704504086,False
wcl_minus_lbl_commutation_only,9a6752a986b7de67a2977ce77e0634b35bfc7e4d5a12d7062bff9e2c4b218176,SurfaceCode,2.536018174756534,2.542520785461038,0.006502610704504086,False
wcl_minus_lbl_commutation_only,99bbb7d14c43822569de544c5e8a4b3ccfd00506bb1041b2da2a6c12d1b20f7f,Adder,2.536018174756534,2.542520785461038,0.006502610704504086,False
wcl_minus_lbl_commutation_only,98288a8bb24c6c4e673cdd1a4153610759a5259eab1700308a6bb0e7520a1d09,QAOA,2.536018174756534,2.542520785461038,0.006502610704504086,False
wcl_minus_lbl_commutation_only,5e374d2d9df7152707d5a3b917c5572905ce53bc378306ed7da8919f036c289d,HardwareEfficient,2.536018174756534,2.542520785461038,0.006502610704504086,False
wcl_minus_lbl_commutation_only,9a041e65e0425acb6f1da0991581cf3416dbc278e761b7a398593dbb6f7ed442,QuantumWalk,2.536018174756534,2.542520785461038,0.006502610704504086,False
wcl_minus_lbl_commutation_only,96cd385647c924a15dadcdee8b59db5e9352e18d77f51d5aa446cd42c94b7327,QuantumWalk,2.536018174756534,2.542520785461038,0.006502610704504086,False
wcl_minus_lbl_commutation_only,96459b4f823e438eec56e9c1a97a6dd324300ee70290658957d9ad22142ab813,VQE,2.536018174756534,2.542520785461038,0.006502610704504086,False
wcl_minus_lbl_commutation_only,5f5b6844177bd52e8c187fc996896ec6118d9e360e258d5f3707493673cae096,UCCSD_inspired,2.536018174756534,2.542520785461038,0.006502610704504086,False
wcl_minus_lbl_commutation_only,5ead28e37038eedb416b5fe421b9e506b37e9503475ca2360ad0cdb94409277f,QuantumWalk,2.536018174756534,2.542520785461038,0.006502610704504086,False
wcl_minus_lbl_commutation_only,6f3c72445c6c7b4ac694c7b6dcacbe9c97681c8c27c6ab4fd6a32ec94a0d5a2e,HardwareEfficient,2.536018174756534,2.542520785461038,0.006502610704504086,False
wcl_minus_lbl_commutation_only,9122b5a207a4c0a8ffeedf35af10c42a747aa84296b789e02a6bac63a0970083,HardwareEfficient,2.536018174756534,2.542520785461038,0.006502610704504086,False
wcl_minus_lbl_commutation_only,701484a18ee7e28286cedd323ee9dc71b83cfa896d35865ca7cdab0545cc5b6a,Adder,2.536018174756534,2.542520785461038,0.006502610704504086,False
wcl_minus_lbl_commutation_only,7052aff8dd4903f03c23a3ac996d18fe787bf1c0241facc9c524e5ea4facd903,SurfaceCode,2.536018174756534,2.542520785461038,0.006502610704504086,False
wcl_minus_lbl_commutation_only,706c0447268ee506ac59afcbc771e7db4407d41470f6beb3af60fa431e739c66,QAOA,2.536018174756534,2.542520785461038,0.006502610704504086,False
wcl_minus_lbl_commutation_only,78372196a76be5b171c8c8652020a17fffda66c247774a77d4b49a122e356bf7,Adder,2.536018174756534,2.542520785461038,0.006502610704504086,False
wcl_minus_lbl_commutation_only,798f2da3852850a248b844c609e1ad7fb57b023a680e6d42dc556d31133c1a31,SurfaceCode,2.536018174756534,2.542520785461038,0.006502610704504086,False
wcl_minus_lbl_commutation_only,7b3522676d252291940c2a9e9f17d81dfc1a5077c6b697e15563a3447cfc72ab,UCCSD_inspired,2.536018174756534,2.542520785461038,0.006502610704504086,False
wcl_minus_lbl_commutation_only,7b4fd106d73016d705a5586e9b761915a1ae550e15f90ea6ef09404df6cc4937,HardwareEfficient,2.536018174756534,2.542520785461038,0.006502610704504086,False
wcl_minus_lbl_commutation_only,7ca61cc51f86f8358466b512f82fdd1bedfd46f4ebc65d118de7a2b190605e78,QAOA,2.536018174756534,2.542520785461038,0.006502610704504086,False
wcl_minus_lbl_commutation_only,7de15138171180eddd35e0f29e3e3ce11f0b20302daab2bc45c5be3302e9cf4d,SurfaceCode,2.536018174756534,2.542520785461038,0.006502610704504086,False
wcl_minus_lbl_commutation_only,90b9d6a98141cc942d3ded30a930bd0e1d014a4a74273b8ac4367eda1522afc9,QuantumWalk,2.536018174756534,2.542520785461038,0.006502610704504086,False
wcl_minus_lbl_commutation_only,834aeb4ed3be004b7a0b3e681d43de66de6de8f35a5e9fb1bfa818d7b959284b,VQE,2.536018174756534,2.542520785461038,0.006502610704504086,False
wcl_minus_lbl_commutation_only,84fde07bd40be8d7a95d24cc510e9db8ab0d019aaad3c30a43907f561b19ebb6,Adder,2.536018174756534,2.542520785461038,0.006502610704504086,False
wcl_minus_lbl_commutation_only,8664cf212e90101e901ea020a3d13bba14837c13195e5d2d2e6c78405c613790,QuantumWalk,2.536018174756534,2.542520785461038,0.006502610704504086,False
wcl_minus_lbl_commutation_only,887988d6755fe3aeb072232cdd949704ce84134ffba601652f00a321dc5040c3,QAOA,2.536018174756534,2.542520785461038,0.006502610704504086,False
wcl_minus_lbl_commutation_only,893f6526bf6a6d3aeec9c02876eace88e08e93caa6ed56c50764daeba95b4560,HaarRandom,2.536018174756534,2.542520785461038,0.006502610704504086,False
wcl_minus_lbl_commutation_only,8a29549e2e2fa7f01199af622b2eca0054357c598c80d4060397da27d98f6196,QAOA,2.536018174756534,2.542520785461038,0.006502610704504086,False
wcl_minus_lbl_commutation_only,6fb483683d8a22c1752bbd74856400a9e8dc76f6c7498dc4e96e958be1a4c939,HardwareEfficient,2.536018174756534,2.542520785461038,0.006502610704504086,False
wcl_minus_lbl_commutation_only,914e1499c292081bdc75f6dcd9813bbb7b2085fe470253f7000b70ace6ba61c9,QAOA,2.536018174756534,2.542520785461038,0.006502610704504086,False
wcl_minus_lbl_commutation_only,5eaf1f2b9f33724492a3e71d4e8ceaefbf99cfd60c760cd93842c60ec7375ec3,VQE,2.536018174756534,2.542520785461038,0.006502610704504086,False
wcl_minus_lbl_commutation_only,916e8ca7c9598753b3e23a7ed30b002882a72b04507e198132b31ffc6a26ef74,QuantumWalk,2.536018174756534,2.542520785461038,0.006502610704504086,False
wcl_minus_lbl_commutation_only,5f481c17ba4296b0a33c041b7470ec4748e61766c334712778a0ff41f81805da,HaarRandom,2.536018174756534,2.542520785461038,0.006502610704504086,False
wcl_minus_lbl_commutation_only,9599f9974b14de7195d737812cbf1c818a7ceb9b98d68f8d815c350d4d59daaa,QuantumWalk,2.536018174756534,2.542520785461038,0.006502610704504086,False
wcl_minus_lbl_commutation_only,8e6db4fdd8b1e74adfbeaf694b8f894260e2dc63ceccc8e39646673ee43949df,QAOA,2.536018174756534,2.542520785461038,0.006502610704504086,False
wcl_minus_lbl_commutation_only,9b819e13eadb54421cd96fd869adb2ed0aa6de9853a854066e3d928117142acf,QuantumWalk,2.536018174756534,2.542520785461038,0.006502610704504086,False
wcl_minus_lbl_commutation_only,95300c7f12f75049fd4f840f8155f54ae4f02dfc980112dcf6f32aa7fa26c259,HaarRandom,2.536018174756534,2.542520785461038,0.006502610704504086,False
wcl_minus_lbl_commutation_only,948333538f192e047cf807ea8eaf140facd1c784484d67f3d731205abea6929e,QuantumWalk,2.536018174756534,2.542520785461038,0.006502610704504086,False
wcl_minus_lbl_commutation_only,6198918025e9d52620fa49da1e8fc24880b8cdf9ed5759f2b77490edd5060dc2,UCCSD_inspired,2.536018174756534,2.542520785461038,0.006502610704504086,False
wcl_minus_lbl_commutation_only,621e78a0d5cbbcbb2a75d4d9755c646061565d0ead3e3cb962144cea9ad7496d,Grover,2.536018174756534,2.542520785461038,0.006502610704504086,False
wcl_minus_lbl_commutation_only,632a65a86fd9bfab17ccedbd10b32b45490cc33030a23af0d675ad3e8ad7a445,GHZ,2.536018174756534,2.542520785461038,0.006502610704504086,False
wcl_minus_lbl_commutation_only,6844da2119d733a01e2a77eb368d455c86913e069a73316edac258bedf73a884,VQE,2.536018174756534,2.542520785461038,0.006502610704504086,False
wcl_minus_lbl_commutation_only,688a54258c5fc58844911584b848f67ef97f01928a47184b30d01cdff70937e2,QAOA,2.536018174756534,2.542520785461038,0.006502610704504086,False
wcl_minus_lbl_commutation_only,93777dbb1396f34119a3c7abd792673d63abea48eb3460371bc0edff6ad7e7d7,Grover,2.536018174756534,2.542520785461038,0.006502610704504086,False
wcl_minus_lbl_commutation_only,69fbd289de660bed2b78ee9f9d1cc83e5a306b8d5606c47a6ad36a8643ea1d45,QuantumWalk,2.536018174756534,2.542520785461038,0.006502610704504086,False
wcl_minus_lbl_commutation_only,93467de4ec8b6447d0046632416f75a2a2ec7eaa82fac32a3b3cb7e00e0debdb,HardwareEfficient,2.536018174756534,2.542520785461038,0.006502610704504086,False
wcl_minus_lbl_commutation_only,6a973daf65bd418bdd08beaf9461e58945e15cfd7d372f99f1bfabdf665daccf,Adder,2.536018174756534,2.542520785461038,0.006502610704504086,False
wcl_minus_lbl_commutation_only,6b06e5f02a79dad7060380635124093ca1f091f78aa2c79881017c4349543c35,QAOA,2.536018174756534,2.542520785461038,0.006502610704504086,False
wcl_minus_lbl_commutation_only,6b50423744cf6c022eecde33a07e710ea071ad97745eda5ae14badb443b4a3d4,UCCSD_inspired,2.536018174756534,2.542520785461038,0.006502610704504086,False
wcl_minus_lbl_commutation_only,60cbd40ccece385b0f47d6dbd5667c78d5709e2708b86620c809015e346ab443,HaarRandom,2.536018174756534,2.542520785461038,0.006502610704504086,False
wcl_minus_lbl_commutation_only,f6bad2be7e968d27cb136e3528e2562cdb27eccfd23b265b21bc4684c8c2ff48,Grover,2.536018174756534,2.542520785461038,0.006502610704504086,False
wcl_minus_lbl_commutation_only,9d7bae7cb361f289bfa22b373c94a22b6cd06c8e0c5262709fba830673dcf4e2,QuantumWalk,2.536018174756534,2.542520785461038,0.006502610704504086,False
wcl_minus_lbl_commutation_only,e166fa2a19a186e5e1137d16871bf8113bf541253cf619d063dff93086ac2fbd,Grover,2.536018174756534,2.542520785461038,0.006502610704504086,False
wcl_minus_lbl_commutation_only,ec754f7e3892ee8ca405ace36ffa2cf3d8489863d2f83852f623de773dd94b1e,QFT,2.536018174756534,2.542520785461038,0.006502610704504086,False
wcl_minus_lbl_commutation_only,ea616cc3027e3233ee7136c2491ed791a67189fd196da0c12b55f980a7200a76,HaarRandom,2.536018174756534,2.542520785461038,0.006502610704504086,False
wcl_minus_lbl_commutation_only,ea4cff4dbbb34657d0633d5d1bcc4831684ba4949396d8256e08ea5b99fa4636,QuantumWalk,2.536018174756534,2.542520785461038,0.006502610704504086,False
wcl_minus_lbl_commutation_only,e7fffabc07b75ea40680bf5a6622f4cdc16711362459ed4523e903018e295e22,HardwareEfficient,2.536018174756534,2.542520785461038,0.006502610704504086,False
wcl_minus_lbl_commutation_only,e7c3197175704bce082edb885d4fa6328a0f697d629942098860c96b5b014a8c,QAOA,2.536018174756534,2.542520785461038,0.006502610704504086,False
wcl_minus_lbl_commutation_only,5b48e826e65152b0af21cba70e11371c1b074a0c9c1e146e88104ebda8da7f44,QuantumWalk,2.536018174756534,2.542520785461038,0.006502610704504086,False
wcl_minus_lbl_commutation_only,e70adb6d3e5448619b259d6e825d34f94cb868684eb2b940009ecdb58c7275ee,SurfaceCode,2.536018174756534,2.542520785461038,0.006502610704504086,False
wcl_minus_lbl_commutation_only,e531af1f8b94fffea8b8bce63a1597bd0985b332e393c62efb10770617f93294,HardwareEfficient,2.536018174756534,2.542520785461038,0.006502610704504086,False
wcl_minus_lbl_commutation_only,e4bc9db5147e3cf352a2b34eb199daa122ba5549fa5d7b3f3f678a4af97036f6,SurfaceCode,2.536018174756534,2.542520785461038,0.006502610704504086,False
wcl_minus_lbl_commutation_only,e2143d08e116cb3586d657f776bf753f5b6696964a06ed9814fe6dc5d6a4f903,SurfaceCode,2.536018174756534,2.542520785461038,0.006502610704504086,False
wcl_minus_lbl_commutation_only,e0b3e1cffafcde6de2affb92f841e127bb661b6483670899f818b5dc9fe9021e,Adder,2.536018174756534,2.542520785461038,0.006502610704504086,False
wcl_minus_lbl_commutation_only,ecdc88be58bf549d56d32e78bd4bc92867b980440b9b1b2d29c6a6a0c98bcfe2,UCCSD_inspired,2.536018174756534,2.542520785461038,0.006502610704504086,False
wcl_minus_lbl_commutation_only,e088528b02a19eec385f62f0fcc85a3229fa96910264b09991adb2dcc6fd3870,VQE,2.536018174756534,2.542520785461038,0.006502610704504086,False
wcl_minus_lbl_commutation_only,dfb04a777b1d92f2bd1c26ca8fecfc77e6e9e7fe6b9091cef1ea2753dd14dae8,RandomClifford,2.536018174756534,2.542520785461038,0.006502610704504086,False
wcl_minus_lbl_commutation_only,df499dded1e0518f2f6266b9f0e35d3c81e6057b5ba6e6decbb0f26370e5bb03,GHZ,2.536018174756534,2.542520785461038,0.006502610704504086,False
wcl_minus_lbl_commutation_only,de948303c9c984b841388b3aa67f077ef51521bf18b9a003b8ea79b973958b75,VQE,2.536018174756534,2.542520785461038,0.006502610704504086,False
wcl_minus_lbl_commutation_only,de6c0eaa11dbb8cb038759ba22e2ae33584fddad76d7f93a185f16b9e2034ea9,UCCSD_inspired,2.536018174756534,2.542520785461038,0.006502610704504086,False
wcl_minus_lbl_commutation_only,dd0bd9d601309ab2409129880f851b4a0aa922f7e24924a06c30ef6874a5a00b,Grover,2.536018174756534,2.542520785461038,0.006502610704504086,False
wcl_minus_lbl_commutation_only,dbf2ecc496a8a4f6e88f13828e776d93956e73b115d0ae52ddd4ce1fa1fc5605,HardwareEfficient,2.536018174756534,2.542520785461038,0.006502610704504086,False
wcl_minus_lbl_commutation_only,db73dc3dec7c024cc43e6fa9f7009bc8675da1af254d45987392008ad0a477b4,VQE,2.536018174756534,2.542520785461038,0.006502610704504086,False
wcl_minus_lbl_commutation_only,db276c8d92545f754aab16b3664fca1ddb31410f3135295ca28b78969f0459a4,UCCSD_inspired,2.536018174756534,2.542520785461038,0.006502610704504086,False
wcl_minus_lbl_commutation_only,dac7e56e9490cb5f19a852e1206995c9711c1c95c63e61eba2ed4a4acecf7099,HardwareEfficient,2.536018174756534,2.542520785461038,0.006502610704504086,False
wcl_minus_lbl_commutation_only,ec9289c88d9acb9814cb60890e2e2d888e2853fae21087e87cdc61fd856c3ee5,SurfaceCode,2.536018174756534,2.542520785461038,0.006502610704504086,False
wcl_minus_lbl_commutation_only,ecfd2572e51eb6ffed7dc27ff03ff03e0340732f1c1277c844b7427722591d79,HardwareEfficient,2.536018174756534,2.542520785461038,0.006502610704504086,False
wcl_minus_lbl_commutation_only,d38566d48961c0f4bf6be3a09a849c118d9719eaeb3ba58b46b96218d1814c2e,QAOA,2.536018174756534,2.542520785461038,0.006502610704504086,False
wcl_minus_lbl_commutation_only,fa9e1b48ab72bf8257e53fa08802bb8190d6d9ea0feacf0444e455c6a6058b83,VQE,2.536018174756534,2.542520785461038,0.006502610704504086,False
wcl_minus_lbl_commutation_only,fff9e82ccf288b69ac39de668fca6fe3c6b30b9b7b6254dc68246f60aa6e303c,UCCSD_inspired,2.536018174756534,2.542520785461038,0.006502610704504086,False
wcl_minus_lbl_commutation_only,ffbccff06f7f6ee0e5485c7374bbae521e513bf19f08f375c992f0d2c68d895c,Adder,2.536018174756534,2.542520785461038,0.006502610704504086,False
wcl_minus_lbl_commutation_only,fd904e687f3606b7bbc5cd8c5f015303fb63612af2cc5137bd4ac9367a00f3f1,HardwareEfficient,2.536018174756534,2.542520785461038,0.006502610704504086,False
wcl_minus_lbl_commutation_only,fcc1daadc89b349ed68d575311f3e662b665486c74c598f45f3b363c8841378d,Grover,2.536018174756534,2.542520785461038,0.006502610704504086,False
wcl_minus_lbl_commutation_only,fc9c0098d5d07331d9cb6faf263afc0d636a3b06394b50375880dd47fed4a931,QuantumWalk,2.536018174756534,2.542520785461038,0.006502610704504086,False
wcl_minus_lbl_commutation_only,fc2908d6c4fd8d02ebb288c7d8a25dc4e5b9a8036c7104236e5788bd6a0d11cd,VQE,2.536018174756534,2.542520785461038,0.006502610704504086,False
wcl_minus_lbl_commutation_only,fbc4d3c061750bc2d5462260e0508f2ff85141dcec68e851026e02ad27734a4c,QuantumWalk,2.536018174756534,2.542520785461038,0.006502610704504086,False
wcl_minus_lbl_commutation_only,fbbb1f6cb302de75c9077919dccba48d46bf95447cc57a644a2377416daa7c26,HardwareEfficient,2.536018174756534,2.542520785461038,0.006502610704504086,False
wcl_minus_lbl_commutation_only,fad3c5f191237ccefb3283566a70159b1baa6b56d18ce49a8add74141be307f5,SurfaceCode,2.536018174756534,2.542520785461038,0.006502610704504086,False
wcl_minus_lbl_commutation_only,faa92b4b8c5dc1e1c3f300c4914c715114a30697cd05ffab2f7353daa84168d5,HardwareEfficient,2.536018174756534,2.542520785461038,0.006502610704504086,False
wcl_minus_lbl_commutation_only,f88dd26fe808edabf53419e020b87e3b4a517886def363d693787b3bc9728cf8,QuantumWalk,2.536018174756534,2.542520785461038,0.006502610704504086,False
wcl_minus_lbl_commutation_only,edd5a22e6ec1e0d26a85c6c718e1e94836f192ceab2dbfb5f4d8a6786339dd0d,QAOA,2.536018174756534,2.542520785461038,0.006502610704504086,False
wcl_minus_lbl_commutation_only,f82bca5573e6e4f880dd93e93fbd33df5af794da6882ff8adad6e33e221312b3,Adder,2.536018174756534,2.542520785461038,0.006502610704504086,False
wcl_minus_lbl_commutation_only,f5abe5e6eaa29a69e1bf7d01179729f0dbdaec8309b1956baf7cc1f60ae61b0a,Grover,2.536018174756534,2.542520785461038,0.006502610704504086,False
wcl_minus_lbl_commutation_only,f5218a03ce51439316bb3e4b2f5acfecbedb82b79c39fa380d33bec3ad235abe,HaarRandom,2.536018174756534,2.542520785461038,0.006502610704504086,False
wcl_minus_lbl_commutation_only,f360b2738c36711c1019ce7764c30286bb612c574b1f9d512b2ca2afeaad5639,Grover,2.536018174756534,2.542520785461038,0.006502610704504086,False
wcl_minus_lbl_commutation_only,f1bbfe2c5554ef1e3780c3589fe5016e2871845659c086dd38a099ad9bd9415e,SurfaceCode,2.536018174756534,2.542520785461038,0.006502610704504086,False
wcl_minus_lbl_commutation_only,f1385dea23b197291382303ec5ddac0c2b35748e3eb579fdc7cf835943215c47,Adder,2.536018174756534,2.542520785461038,0.006502610704504086,False
wcl_minus_lbl_commutation_only,f1284efd15a9080f1c608580385172943d833e7426babe23f2a385b344fca9ac,QuantumWalk,2.536018174756534,2.542520785461038,0.006502610704504086,False
wcl_minus_lbl_commutation_only,f0ce08a94e8912e5622a6df3ca1903091c67e592bc993e854d2aac9723e208a7,Grover,2.536018174756534,2.542520785461038,0.006502610704504086,False
wcl_minus_lbl_commutation_only,efe05a598852b28e2f1b7f34b2184f3989d4eb2ea9ee1ee00b340a751d905e75,SurfaceCode,2.536018174756534,2.542520785461038,0.006502610704504086,False
wcl_minus_lbl_commutation_only,efcc1de189949fabda88791e6b68d73aff3b14e37c742a15535d4e16dce0f0ac,QuantumWalk,2.536018174756534,2.542520785461038,0.006502610704504086,False
wcl_minus_lbl_commutation_only,d3e8b51351e86caa6d8939fe0a903f48a089e7d220d46a14b52d6c94e6e43394,CNOT,2.536018174756534,2.542520785461038,0.006502610704504086,False
wcl_minus_lbl_commutation_only,cf3c03de2da7d0f3afc65dcd7a8b9bf97cc30cecd8d496b48c60f839667848c4,QAOA,2.536018174756534,2.542520785461038,0.006502610704504086,False
wcl_minus_lbl_commutation_only,9efcd7e7d63057f26477dd71e9cc9399123981e05ee8aa5ae613fa5f7681e66c,SurfaceCode,2.536018174756534,2.542520785461038,0.006502610704504086,False
wcl_minus_lbl_commutation_only,ac5cb7a1191241454b4fd01d93fcb219cc0a72bbf543d70ec604ba87a2a0d7ad,QuantumWalk,2.536018174756534,2.542520785461038,0.006502610704504086,False
wcl_minus_lbl_commutation_only,b4accbdc8bd4599d8f4a4a4f335254fe7d27c0867b844bb682bb307303bce702,QuantumWalk,2.536018174756534,2.542520785461038,0.006502610704504086,False
wcl_minus_lbl_commutation_only,b45c3a20db4f3ccbe86b7028b2a3ed6875c846178b3f7e82a870185c5a08cbaa,QuantumWalk,2.536018174756534,2.542520785461038,0.006502610704504086,False
wcl_minus_lbl_commutation_only,b2f83603b76f95e86e3b51898d6ea360adf3a62f51aa296baf0178913d4108b2,QFT,2.536018174756534,2.542520785461038,0.006502610704504086,False
wcl_minus_lbl_commutation_only,b2b8ea4ed9aecdcfd921ea28cb16d178c46018000c9dec2eead95b2c37123b51,HardwareEfficient,2.536018174756534,2.542520785461038,0.006502610704504086,False
wcl_minus_lbl_commutation_only,b15d50df71933b4745ec5799d5ef54fb7c162bc3ca92e983a8aeafe41413e0a6,VQE,2.536018174756534,2.542520785461038,0.006502610704504086,False
wcl_minus_lbl_commutation_only,aef180d7cfe4026d3e6db4acce1baa759ce2591ce74fa6b84d10d2c6bd83dc03,VQE,2.536018174756534,2.542520785461038,0.006502610704504086,False
wcl_minus_lbl_commutation_only,ae182db40b924159285ac8bdf3845f1ffd37b35456f942ececf2ce981152b240,HardwareEfficient,2.536018174756534,2.542520785461038,0.006502610704504086,False
wcl_minus_lbl_commutation_only,adbb48a0ef0579f1930cd5635450dda6ac0134b70ed705fee57896785a5c920c,HardwareEfficient,2.536018174756534,2.542520785461038,0.006502610704504086,False
wcl_minus_lbl_commutation_only,adb7f9987b9b0c05e801b5fd0511f99788c5efa1cba7a076de804d89d6620b85,QuantumWalk,2.536018174756534,2.542520785461038,0.006502610704504086,False
wcl_minus_lbl_commutation_only,ace916e35582c95d21da984fde2d1f6a3536707d59739f448aeda811b215f37b,QAOA,2.536018174756534,2.542520785461038,0.006502610704504086,False
wcl_minus_lbl_commutation_only,a9cbe813352eb8bbddbb6de7feecde853f066b5cf29e96a7a2f84a6cd354761a,CNOT,2.536018174756534,2.542520785461038,0.006502610704504086,False
wcl_minus_lbl_commutation_only,b5ac35a68d5e59c46c6564e09d414ba98d05d318ac2cd28aaf6914b943c91c9b,SurfaceCode,2.536018174756534,2.542520785461038,0.006502610704504086,False
wcl_minus_lbl_commutation_only,a8fb890216921697e75dec718450347728fa67236e477ce8e39377128e6df537,Grover,2.536018174756534,2.542520785461038,0.006502610704504086,False
wcl_minus_lbl_commutation_only,a7f212f7ecd7ee7353a7ba466a9af47a975f54aa9c15ab288c44982273c22d68,QAOA,2.536018174756534,2.542520785461038,0.006502610704504086,False
wcl_minus_lbl_commutation_only,a7ab9db53d4fc264f2d6a392f086a33f96e5c9b66ca7eb54d656793b0b5aeb07,VQE,2.536018174756534,2.542520785461038,0.006502610704504086,False
wcl_minus_lbl_commutation_only,a56b84561ace0423d3f71194279f62be3b29e47c98491c316e3446561f61dbf1,VQE,2.536018174756534,2.542520785461038,0.006502610704504086,False
wcl_minus_lbl_commutation_only,a25cdf698d5ca8a8af744fd0fd1ebd652891919421d5e150b2a7e5e42e0cf9e7,SurfaceCode,2.536018174756534,2.542520785461038,0.006502610704504086,False
wcl_minus_lbl_commutation_only,a1b0ba8e9683b6e8fb7f674fec300eb87f2d2387d58f482c81187c497cdc2175,SurfaceCode,2.536018174756534,2.542520785461038,0.006502610704504086,False
wcl_minus_lbl_commutation_only,a184604fe8e9fff65d7fc4b04a0374176884155f49835fc64a3e78eeea2e3335,IQP,2.536018174756534,2.542520785461038,0.006502610704504086,False
wcl_minus_lbl_commutation_only,a16dbe89e98ec8eef49995c9edecf7e520b6fce018b74c0aa8248506ead433db,SurfaceCode,2.536018174756534,2.542520785461038,0.006502610704504086,False
wcl_minus_lbl_commutation_only,a0ce795cd049a6a5d79e6ebd68db90d152d868a0c823cf524ea052b7c5e56697,VQE,2.536018174756534,2.542520785461038,0.006502610704504086,False
wcl_minus_lbl_commutation_only,9fac801b9c9b3af1aab1409fb21f666a7b588bdf8dd5282a5a0b081971ec442e,VQE,2.536018174756534,2.542520785461038,0.006502610704504086,False
wcl_minus_lbl_commutation_only,b566c5863a335453fb112204e335b3b8c73d2037c3d0809e6850d62248548ca5,QuantumWalk,2.536018174756534,2.542520785461038,0.006502610704504086,False
wcl_minus_lbl_commutation_only,b866fb4b41003a7d731ad7258462101c103a99bb9ec5d149206b154bb5a479bf,SurfaceCode,2.536018174756534,2.542520785461038,0.006502610704504086,False
wcl_minus_lbl_commutation_only,cdd100c7eff0d706945d603b660c1569d33187e1be34e594e80d66dbe901ac39,VQE,2.536018174756534,2.542520785461038,0.006502610704504086,False
wcl_minus_lbl_commutation_only,c73af4761baf3dcf4f28a3987d55dab7647737f13e2d751db93c903d205972c6,QuantumWalk,2.536018174756534,2.542520785461038,0.006502610704504086,False
wcl_minus_lbl_commutation_only,cdbe33fccd70c92e6cc7d2b7574511bac38dc61b4808e8978c79d8fe49b754db,QAOA,2.536018174756534,2.542520785461038,0.006502610704504086,False
wcl_minus_lbl_commutation_only,ccea9ac438850bdbc663c5c72a67f5ea0eacc8d96469a1fb20d748e4a81b5c76,QuantumWalk,2.536018174756534,2.542520785461038,0.006502610704504086,False
wcl_minus_lbl_commutation_only,cc7c4783b7000be0e3c619b0c96a7ebef0b8efc8519c4f8c90d9d9b1b3a49f6e,QAOA,2.536018174756534,2.542520785461038,0.006502610704504086,False
wcl_minus_lbl_commutation_only,cc1ddd28093a20372a6d256992968b8bc18e2829750947498955a406113f5f52,Grover,2.536018174756534,2.542520785461038,0.006502610704504086,False
wcl_minus_lbl_commutation_only,ca837fd5027f82056681081774fff9507cfd1c727e71867d93a552ff2a4cdc99,HardwareEfficient,2.536018174756534,2.542520785461038,0.006502610704504086,False
wcl_minus_lbl_commutation_only,ca386edd88164ffa11c481f7253c35755085ab3b89dc4a040baf53ef07db46b7,QAOA,2.536018174756534,2.542520785461038,0.006502610704504086,False
wcl_minus_lbl_commutation_only,c91f83f84726fdd86c22a20ea08453d780f2bdd292a5b3b056d983430ea40d06,Grover,2.536018174756534,2.542520785461038,0.006502610704504086,False
wcl_minus_lbl_commutation_only,c838d74688b6214d2871ed53c97174482edaa079269b7f347a8a6bf095e67a70,QAOA,2.536018174756534,2.542520785461038,0.006502610704504086,False
wcl_minus_lbl_commutation_only,c79699bc553ba266feca0cc48d12346c9fa31633f6c158d26ee08f6599c9d82f,SurfaceCode,2.536018174756534,2.542520785461038,0.006502610704504086,False
wcl_minus_lbl_commutation_only,c76911ce3c699af70df27c30a55cb7d4fd150a3f8bf77edf7314c601b966ce1d,QuantumWalk,2.536018174756534,2.542520785461038,0.006502610704504086,False
wcl_minus_lbl_commutation_only,c63e19873423ccaaf570f0b635947cafec97a5e60d7fb9d0985ab0dc116133d6,Grover,2.536018174756534,2.542520785461038,0.006502610704504086,False
wcl_minus_lbl_commutation_only,baa36a6bacd09d29a4e1ac1a3471506608430765957e6bc127dfa683d2dcf33d,HardwareEfficient,2.536018174756534,2.542520785461038,0.006502610704504086,False
wcl_minus_lbl_commutation_only,c5d3cc7e27224a7f0435dbe10fc8c046011f5e3b58eea6c57431181a4bcbcb20,QuantumWalk,2.536018174756534,2.542520785461038,0.006502610704504086,False
wcl_minus_lbl_commutation_only,c4a720840c00df3b0c2ea7000f573447922240d5d236a8c5747e3c48a1fb6259,QuantumWalk,2.536018174756534,2.542520785461038,0.006502610704504086,False
wcl_minus_lbl_commutation_only,c3e848fe6db54137fa92444db2668cef254476947d748c8e25e29c13f6d30cb7,QAOA,2.536018174756534,2.542520785461038,0.006502610704504086,False
wcl_minus_lbl_commutation_only,c3781847e3b476f0de097ecb06e247f54b9b45f604f5ccafeaab4169f506470a,Adder,2.536018174756534,2.542520785461038,0.006502610704504086,False
wcl_minus_lbl_commutation_only,c2f59740e6b3e2a395683f9a2c34a12a350af985f437251f55c71e43bf23f1ab,Adder,2.536018174756534,2.542520785461038,0.006502610704504086,False
wcl_minus_lbl_commutation_only,c15ccd1efbe0b71c21464e888a978afbe6b6cf006bd895873c7d9b8e51efbaf0,CNOT,2.536018174756534,2.542520785461038,0.006502610704504086,False
wcl_minus_lbl_commutation_only,c03a59f09d1814f61e8886ce6c504c04c0bf89965ff911746bb96e21e9cd570c,SurfaceCode,2.536018174756534,2.542520785461038,0.006502610704504086,False
wcl_minus_lbl_commutation_only,bf030e55f967a90ee4eb2ded2fcf87d656a3c8d4b083d1929398168bd0de4ba9,Grover,2.536018174756534,2.542520785461038,0.006502610704504086,False
wcl_minus_lbl_commutation_only,be09cfe6fcb270823374495faa12de7dd56fe873b61ea5f4780fe001b3ab1ec1,QuantumWalk,2.536018174756534,2.542520785461038,0.006502610704504086,False
wcl_minus_lbl_commutation_only,bc22540f392dc6218ac675f61a3e1ee5a21f4dc4e1c913d2f494c41bf37a67ac,QuantumWalk,2.536018174756534,2.542520785461038,0.006502610704504086,False
wcl_minus_lbl_commutation_only,e761adf8efeac5c21762208c08429dd4686d16eb4cbc1582e6d4ebc809852f66,QFT,2.536018174756534,2.542520785461038,0.006502610704504086,False
wcl_minus_lbl_commutation_only,920715dea765673c0d3337786b5f66da8038c75428d4b37e5c288736db47b69d,QuantumWalk,2.536018174756534,2.542520785461038,0.006502610704504086,False
wcl_minus_lbl_commutation_only,5b1e86584da3b6e4065a29ec23dcba8ca2e23b69da2d3d2debdbc7a05920c733,QuantumWalk,2.536018174756534,2.542520785461038,0.006502610704504086,False
wcl_minus_lbl_commutation_only,1e0a27417d327285c170dedda1a30b6477266b0adcb25849edabf48071b99ff9,HardwareEfficient,2.536018174756534,2.542520785461038,0.006502610704504086,False
wcl_minus_lbl_commutation_only,1f2f7626c24f4a5e8e01afeec9043f45c1fe4598224d2f0f5664d76ef61ea065,VQE,2.536018174756534,2.542520785461038,0.006502610704504086,False
wcl_minus_lbl_commutation_only,1f7ce6e1ac59964310bdbd87991235d720efcce0cd2bcfa26c140ef95e59e2e8,HardwareEfficient,2.536018174756534,2.542520785461038,0.006502610704504086,False
wcl_minus_lbl_commutation_only,20bd807cbfd98fe4ea82e3516bf2d4a8503636ee5a9f7d3e47639df20a82b08a,QAOA,2.536018174756534,2.542520785461038,0.006502610704504086,False
wcl_minus_lbl_commutation_only,2164019ee5e79f18f2d1ccc22ecf54065aa0ae6d801bbde583c7eea6b58de838,Adder,2.536018174756534,2.542520785461038,0.006502610704504086,False
wcl_minus_lbl_commutation_only,251f2e6bde8df1f5e9ec01838a8651a4178e7cd4f49748cd82510544d5869691,VQE,2.536018174756534,2.542520785461038,0.006502610704504086,False
wcl_minus_lbl_commutation_only,264d1b73ac4524485965989504c9021bc175f53d087f673a4187e2e9d2d8234b,UCCSD_inspired,2.536018174756534,2.542520785461038,0.006502610704504086,False
wcl_minus_lbl_commutation_only,272804f10f95ecb2895a565280f8594781730f41735af2d503194d428323e8a2,QuantumWalk,2.536018174756534,2.542520785461038,0.006502610704504086,False
wcl_minus_lbl_commutation_only,27de95acc938a43758948985fc9dc86e4a392285121eaca84e3a9c40bceb4e31,QAOA,2.536018174756534,2.542520785461038,0.006502610704504086,False
wcl_minus_lbl_commutation_only,2a80f64340c58306fb04a784ab1f93b8bc47dddf3b2084721a18783df59e4275,HaarRandom,2.536018174756534,2.542520785461038,0.006502610704504086,False
wcl_minus_lbl_commutation_only,2bc3bac3e16a924e0b659e514bdadb24402dd25bb43047e6292e84d6f96ed9cf,Adder,2.536018174756534,2.542520785461038,0.006502610704504086,False
wcl_minus_lbl_commutation_only,2bee44a161fa6c431fbd0ee8af1ba0d00e29dddddd1803be82a2bf7ca95465b8,Grover,2.536018174756534,2.542520785461038,0.006502610704504086,False
wcl_minus_lbl_commutation_only,2c4eabb9f48c4ae3c75c74a5d4378f67f7d301aceb9b8651680f3c6aa91a6477,Adder,2.536018174756534,2.542520785461038,0.006502610704504086,False
wcl_minus_lbl_commutation_only,2c84ea80bde7fac580d458a541d4e4690eaff27a501e95e6eb5ade7c80642293,QAOA,2.536018174756534,2.542520785461038,0.006502610704504086,False
wcl_minus_lbl_commutation_only,2d043f6785f08c83f853dfb793626cfb8e1e5c2265f0d61dc52cab5049ee4b4d,VQE,2.536018174756534,2.542520785461038,0.006502610704504086,False
wcl_minus_lbl_commutation_only,2da0675bcf3b7abb3d5daf9177c5c708714eb652339263c60ffc5cfc077ab523,Grover,2.536018174756534,2.542520785461038,0.006502610704504086,False
wcl_minus_lbl_commutation_only,3113b971b548c7ee4e78af92d32b392c5bfcc30e701ff59f7420abc819314785,QAOA,2.536018174756534,2.542520785461038,0.006502610704504086,False
wcl_minus_lbl_commutation_only,326af35614abc61489f1ad4018e0d4e3dedd5328f5de7283c2efd6199cf76236,HardwareEfficient,2.536018174756534,2.542520785461038,0.006502610704504086,False
wcl_minus_lbl_commutation_only,329b15531e8ae55e3c8668f2b78d9dbb4532f68f6c3aa4cb36f07012787c1a07,HardwareEfficient,2.536018174756534,2.542520785461038,0.006502610704504086,False
wcl_minus_lbl_commutation_only,32c9e772774deff17d4b957250f4893cf8bc7cbe5983475de6b326cdc1ece616,HardwareEfficient,2.536018174756534,2.542520785461038,0.006502610704504086,False
wcl_minus_lbl_commutation_only,3423136e859fa215b3b360e805aaa1303009ced372beda3ec71687a13e80c4b6,QuantumWalk,2.536018174756534,2.542520785461038,0.006502610704504086,False
wcl_minus_lbl_commutation_only,350c8060ffd6c0e538db61490c774b4be2c7b6e47f358cfe7277cbb05914efda,VQE,2.536018174756534,2.542520785461038,0.006502610704504086,False
wcl_minus_lbl_commutation_only,376ceef4983731f7550ead348027cf64df326a3131ced4b5445918208feab683,Adder,2.536018174756534,2.542520785461038,0.006502610704504086,False
wcl_minus_lbl_commutation_only,37cdb70bdc0a40384c6a1a0824df270d7d181388d831d4788c2d190a5106be0d,QuantumWalk,2.536018174756534,2.542520785461038,0.006502610704504086,False
wcl_minus_lbl_commutation_only,1e333b11b12581118a6220fdba235f1333b716caf85326bcbcae657ee5f5010d,VQE,2.536018174756534,2.542520785461038,0.006502610704504086,False
wcl_minus_lbl_commutation_only,1db722a4ab864b09920242db5924585ffb2e655a8900901ff640e894a1a58a2d,SurfaceCode,2.536018174756534,2.542520785461038,0.006502610704504086,False
wcl_minus_lbl_commutation_only,389bf6f7858d6a53b8763831df2427cec2bb16be06630b7211a9f557a2dfcd75,QuantumWalk,2.536018174756534,2.542520785461038,0.006502610704504086,False
wcl_minus_lbl_commutation_only,1c82b236ba06c15d01c63ef7f002938983d64d0466097126e6dd69be4a8ec39b,SurfaceCode,2.536018174756534,2.542520785461038,0.006502610704504086,False
wcl_minus_lbl_commutation_only,0080a63f816f580541538093d5448ae336ed333ac6933bc71da115de0011b707,QAOA,2.536018174756534,2.542520785461038,0.006502610704504086,False
wcl_minus_lbl_commutation_only,014e8da4cad4f97582e18a894f34fc8c3a41b14e6c31d3b3736404a1cf5b8e78,VQE,2.536018174756534,2.542520785461038,0.006502610704504086,False
wcl_minus_lbl_commutation_only,01a23834d951decd141adabe1307f2ad87488faaf5ff243ee1ed65f08cf396e8,HaarRandom,2.536018174756534,2.542520785461038,0.006502610704504086,False
wcl_minus_lbl_commutation_only,03b7ba6584cd57903d9049d3d8d9d802e36a1d22303218b80bcdf8645fad3484,QAOA,2.536018174756534,2.542520785461038,0.006502610704504086,False
wcl_minus_lbl_commutation_only,0639b3b3f7a5228332fd6ea0cb7de6e464b224d886d779e81c774cab81bfce25,Adder,2.536018174756534,2.542520785461038,0.006502610704504086,False
wcl_minus_lbl_commutation_only,06a9d110c02d1aaba25d743baf96461b3dd1bb878757e9b6610aa31e5bd58915,HaarRandom,2.536018174756534,2.542520785461038,0.006502610704504086,False
wcl_minus_lbl_commutation_only,08654d0b844c66f30029c8c41a7a668b9899dc14c7c9d5a5445fa5df75b6a5f4,SurfaceCode,2.536018174756534,2.542520785461038,0.006502610704504086,False
wcl_minus_lbl_commutation_only,08824540c17b7e5551c4fed38e25fb7c445eb88bc2adf305e2ac828fad4d56a8,Adder,2.536018174756534,2.542520785461038,0.006502610704504086,False
wcl_minus_lbl_commutation_only,08d1f72d01ec4aea7a1db3a931475f5b6dec3dbcbae9f261b9ca622d0598111e,QuantumWalk,2.536018174756534,2.542520785461038,0.006502610704504086,False
wcl_minus_lbl_commutation_only,0a81cc4d0a797c511cc7757f221f526b65d937b82fd056476c0518a352f5005b,IQP,2.536018174756534,2.542520785461038,0.006502610704504086,False
wcl_minus_lbl_commutation_only,0a90fc5e637b6da47ad2addab3dcc441b7340b4c926ab8292227e140ae48b338,Grover,2.536018174756534,2.542520785461038,0.006502610704504086,False
wcl_minus_lbl_commutation_only,0b2df1631cec49dcdf94ae6c89b987525505936cb61ce3a67e0759c3b5437914,VQE,2.536018174756534,2.542520785461038,0.006502610704504086,False
wcl_minus_lbl_commutation_only,0beefbe297b32dc9ec283501ebd271f6102e615e89859d51183e5d935cb94f45,QuantumWalk,2.536018174756534,2.542520785461038,0.006502610704504086,False
wcl_minus_lbl_commutation_only,0cdd5a16e73c23ba58925f4d39695d1266fd02932361888693ce1d5d922fd6ce,Adder,2.536018174756534,2.542520785461038,0.006502610704504086,False
wcl_minus_lbl_commutation_only,0f71b269d40b142731582d0d62f4b9d2f8ad11f78887960b3215d7cb2db34e25,QuantumWalk,2.536018174756534,2.542520785461038,0.006502610704504086,False
wcl_minus_lbl_commutation_only,1010c2dbb1601660a48ce8b64e27c68253f6807c2256d09369338a6eb3aec367,QuantumWalk,2.536018174756534,2.542520785461038,0.006502610704504086,False
wcl_minus_lbl_commutation_only,11ca0a34ccfcff1362a4d080d776863708b5bb85227870100bccb7ea7d29a31f,SurfaceCode,2.536018174756534,2.542520785461038,0.006502610704504086,False
wcl_minus_lbl_commutation_only,12aba0a55cc5324f1f86a4be0a6e11b63595a323c727cbf9b31cd9615f0e057d,Adder,2.536018174756534,2.542520785461038,0.006502610704504086,False
wcl_minus_lbl_commutation_only,13240229abe2d895d5bb8fac7699ccee2bd1c05a0deabd9eec9a4d3087670510,QuantumWalk,2.536018174756534,2.542520785461038,0.006502610704504086,False
wcl_minus_lbl_commutation_only,146c3e821e8145d085eb90027904fa7f60f9de8430825fefc368f5c286fa991b,HardwareEfficient,2.536018174756534,2.542520785461038,0.006502610704504086,False
wcl_minus_lbl_commutation_only,14da3f908abda6229c65d0aec602aaf53fad733479c969be7e0504eaa5dacae0,SurfaceCode,2.536018174756534,2.542520785461038,0.006502610704504086,False
wcl_minus_lbl_commutation_only,15085463bb9acfc3d3c2fcc7416945689cf8dbdf38ee63960843c17c716d519e,SurfaceCode,2.536018174756534,2.542520785461038,0.006502610704504086,False
wcl_minus_lbl_commutation_only,1640ff7462e7311a41f33aa104a27eee9536fe8b771e28d6bc904b5a4f4f958a,VQE,2.536018174756534,2.542520785461038,0.006502610704504086,False
wcl_minus_lbl_commutation_only,380136ad69bebfc3d05fdf4d7fab225d1325b53da9391f41c26a567f88a08608,QuantumWalk,2.536018174756534,2.542520785461038,0.006502610704504086,False
wcl_minus_lbl_commutation_only,06c44d32c85d1c06864d6f9775908c5d875e7b32ddcad6ee5dfed8d86c27ca6f,SurfaceCode,2.536018174756534,2.542520785461038,0.006502610704504086,False
wcl_minus_lbl_commutation_only,38fb79c22e616a17ca079d6ac91f1593bb639b1c9cdc24b819719a203860bb1c,HaarRandom,2.536018174756534,2.542520785461038,0.006502610704504086,False
wcl_minus_lbl_commutation_only,437020e3b14d16381ddae29b4c8219401888281530fe7a429e0e50cdf87b176c,Adder,2.536018174756534,2.542520785461038,0.006502610704504086,False
wcl_minus_lbl_commutation_only,43bca13faef5c6cfe77a9608604ef4b0638bd1866f694ba91570d8417f61f6dc,HardwareEfficient,2.536018174756534,2.542520785461038,0.006502610704504086,False
wcl_minus_lbl_commutation_only,4572941712e8aea150c8fa425b7e51001a6c0edaee560e513ec57c86bf5900af,HardwareEfficient,2.536018174756534,2.542520785461038,0.006502610704504086,False
wcl_minus_lbl_commutation_only,46b9db66decc06088531b47b8ebb2df981fb151806949067077d84375b800a37,Grover,2.536018174756534,2.542520785461038,0.006502610704504086,False
wcl_minus_lbl_commutation_only,59fbafb4a84f6e3bf7095d58daa93081c2109f6d48baaa6615d62eb5baec28bb,VQE,2.536018174756534,2.542520785461038,0.006502610704504086,False
wcl_minus_lbl_commutation_only,495bef64d81542b62d65ea7f3ea2f68c15fd96f817571830c26016e760cb0b20,SurfaceCode,2.536018174756534,2.542520785461038,0.006502610704504086,False
wcl_minus_lbl_commutation_only,49e4535dd05722cfe2cfda0d59fcc03e485eca61c04e97f3b303a014d4a4357b,HardwareEfficient,2.536018174756534,2.542520785461038,0.006502610704504086,False
wcl_minus_lbl_commutation_only,4ac2702c1b96c4bb94104c83ed1f70861d0f3fced7f279ffff33418db3943556,IQP,2.536018174756534,2.542520785461038,0.006502610704504086,False
wcl_minus_lbl_commutation_only,4c91554a6a7a29ac388f41e86df4db15dc97853874c7d6e7defca805db616d06,VQE,2.536018174756534,2.542520785461038,0.006502610704504086,False
wcl_minus_lbl_commutation_only,4cb477caf5f46aa76b3f54b03574649768b408906ee78ac4652943020cb7be7c,VQE,2.536018174756534,2.542520785461038,0.006502610704504086,False
wcl_minus_lbl_commutation_only,4f0c8b34713d2fca63f5142fe0549056f4fe97f079b14a9139a45918778858fe,QAOA,2.536018174756534,2.542520785461038,0.006502610704504086,False
wcl_minus_lbl_commutation_only,50abdffe4514c651d5af9c7e16d8dce45ce300d5b27272614d921ca65abaa9e7,Grover,2.536018174756534,2.542520785461038,0.006502610704504086,False
wcl_minus_lbl_commutation_only,50acc8cca2f23db161ca0e99de8435635242080dcd80d6ee45c483913667385d,SurfaceCode,2.536018174756534,2.542520785461038,0.006502610704504086,False
wcl_minus_lbl_commutation_only,50b8786b19b903fee03c7d549eeadd02f826e61a98ec20ccfe13816a21e87930,Grover,2.536018174756534,2.542520785461038,0.006502610704504086,False
wcl_minus_lbl_commutation_only,52fa838edc0ec27d2776b0f16823e23c9dd0d9fcbc80dde3c63633de21d71851,SurfaceCode,2.536018174756534,2.542520785461038,0.006502610704504086,False
wcl_minus_lbl_commutation_only,53b73b5cd49bf304f89e5343449a253cb9005287952a8e3fd40f0f4538bd6356,VQE,2.536018174756534,2.542520785461038,0.006502610704504086,False
wcl_minus_lbl_commutation_only,54081630416519b0c77bbd353bb5998e32c8ddc6917cc148e526826f6f6debc6,QuantumWalk,2.536018174756534,2.542520785461038,0.006502610704504086,False
wcl_minus_lbl_commutation_only,5562a10a2385796690312a16c52884a150b99c123c39cb6b12089a46cad0a542,HardwareEfficient,2.536018174756534,2.542520785461038,0.006502610704504086,False
wcl_minus_lbl_commutation_only,3aae783a820f49c9540e519d2e0530dfc7772f6fca9d6281bb75cb295af6f03e,SurfaceCode,2.536018174756534,2.542520785461038,0.006502610704504086,False
wcl_minus_lbl_commutation_only,5644fee5bd8328c655b27bf4202f33cb49d6ff723364d466a3a1421f12c14466,HardwareEfficient,2.536018174756534,2.542520785461038,0.006502610704504086,False
wcl_minus_lbl_commutation_only,569144f1f4ed5900a4ee35afd5c24a98a42de6ce3c141773dc514b4ea44405f4,UCCSD_inspired,2.536018174756534,2.542520785461038,0.006502610704504086,False
wcl_minus_lbl_commutation_only,5713a5dbe3be0670eb39317ac7b841739b453b10c8966fa6018e22c62466cb23,QAOA,2.536018174756534,2.542520785461038,0.006502610704504086,False
wcl_minus_lbl_commutation_only,587577f385cf54a3edd3cc639b3ac8cc5aa139f2ef414827515ddc7be4c12104,GHZ,2.536018174756534,2.542520785461038,0.006502610704504086,False
wcl_minus_lbl_commutation_only,599763794bd11a8ee3fb857551c69c3afd29964ebeb7ee6c9a144ee61a7e51c3,QuantumWalk,2.536018174756534,2.542520785461038,0.006502610704504086,False
wcl_minus_lbl_commutation_only,439cf4a4745745332319327dc1b01075748fee45c1a0f2e6280ba8e9fbbe0487,SurfaceCode,2.536018174756534,2.542520785461038,0.006502610704504086,False
wcl_minus_lbl_commutation_only,48b1b2262a81838842891d34d28e8bb95c6ab5d240dc058f0b6299173c5a36fe,Grover,2.536018174756534,2.542520785461038,0.006502610704504086,False
wcl_minus_lbl_commutation_only,3fb029699c8404b78c36d862792e62b0892de0e1c100f0d29978e2b9ce549abd,Oracle,2.536018174756534,2.542520785461038,0.006502610704504086,False
wcl_minus_lbl_commutation_only,4035c390bb35bd7735df397046c84d406ef79095dfe0cf931033a80c28b17459,Grover,2.536018174756534,2.542520785461038,0.006502610704504086,False
wcl_minus_lbl_commutation_only,5a934ea58cefe89266217b8814d0f05d97ee7364560c39b14857c236af49988b,QuantumWalk,2.536018174756534,2.542520785461038,0.006502610704504086,False
wcl_minus_lbl_commutation_only,41691b11f094e6d0a2948bdb40851a9dc8a1792a04c3badae293f622ddbf18c3,Grover,2.536018174756534,2.542520785461038,0.006502610704504086,False
wcl_minus_lbl_commutation_only,3aee8fb917c05afbe6186cad1160779a632dee4212db5acd705c807383e6b682,Adder,2.536018174756534,2.542520785461038,0.006502610704504086,False
wcl_minus_lbl_commutation_only,3d81f170b70b37bcf04340d03252bc648978848cc80013b68533b757c45bbf0b,QuantumWalk,2.536018174756534,2.542520785461038,0.006502610704504086,False
wcl_minus_lbl_commutation_only,3e0c8afaa2c7ac511c66cdc6f54a4f59ecec9d97e00b3f1ed0997592613b2ff4,VQE,2.536018174756534,2.542520785461038,0.006502610704504086,False
wcl_minus_lbl_commutation_only,40b2ed79783ce1a4b95b1d1ef139d1741d958ea40b9841f763ef32f8f0761c21,QuantumWalk,2.536018174756534,2.542520785461038,0.006502610704504086,False
wcl_minus_lbl_commutation_only,3f042fa9b9dbce7185f41afba08f1499752dc0e6949614c29d69df95229d96bd,SurfaceCode,2.536018174756534,2.542520785461038,0.006502610704504086,False
wcl_minus_lbl_commutation_only,4089615b62e2dc0c0b1b7723660abedb66020a4036e6d847a938a772d0d6172b,QAOA,2.536018174756534,2.542520785461038,0.006502610704504086,False
random_minus_lbl_plus_templates,ab6c0308e70783c337dc12cc3601cedbca26ad9ff939cc7bbedff27b595326e7,RandomClifford,1.6686811835039983,1.6621815459668063,0.00649963753719196,False
wcl_minus_lbl_commutation_only,337a3eaa7a1c3a0e02cc2a645e6f2877a665d33c46c1b9ffe66b69734d333bd6,IQP,2.536018174756534,2.529527022467275,0.006491152289259006,False
wcl_minus_lbl_plus_templates,1cfed9e8d4d3d922274c93ac90508b7632b2c9fb1a0d01862aa77ba6164bb231,IQP,2.156251653059563,2.1627095261201768,0.006457873060613739,False
random_minus_lbl_commutation_only,e4d691f8c012af76095e7a10ad56544d75b24ab2672cd278233741ac8ea1250f,Oracle,1.7962196557066954,1.7898363361425733,0.006383319564122081,False
random_minus_lbl_commutation_only,769bc5dd2330d3ce3c3b1c380e24657d4ac0458a73f5b99db5f78043adaa2bba,Oracle,1.7962196557066954,1.7898363361425733,0.006383319564122081,False
random_minus_lbl_plus_templates,a184604fe8e9fff65d7fc4b04a0374176884155f49835fc64a3e78eeea2e3335,IQP,1.6686811835039983,1.6750276778537603,0.0063464943497619775,False
wcl_minus_lbl_plus_templates,03eaab10a83e1dfeb034fd7582bcf4a2ea7fa5b71a897818b9064ad6fb621c5a,UCCSD_inspired,2.156251653059563,2.1499096582478447,0.006341994811718266,False
wcl_minus_lbl_plus_templates,da3d5d211a834bc0eae3944ac1de0713b7822563ca9f58d191717e39618f430e,UCCSD_inspired,2.156251653059563,2.1499096582478447,0.006341994811718266,False
wcl_minus_lbl_plus_templates,67ac65461d4b57621b92856148cbe19f65ec089efa10dd8e0ec245c21403aea1,UCCSD_inspired,2.156251653059563,2.1499096582478447,0.006341994811718266,False
wcl_minus_lbl_plus_templates,1d4853bca63144935eeb81d785f652a95967ee4e4ffe44f0b753e62a72490a87,UCCSD_inspired,2.156251653059563,2.1499096582478447,0.006341994811718266,False
wcl_minus_lbl_plus_templates,3caaac792211b208d26d1723c5c6222b514fd3fec82d2da780fcda89e7b16a2e,UCCSD_inspired,2.156251653059563,2.1499096582478447,0.006341994811718266,False
wcl_minus_lbl_plus_templates,572ced8466222c9cce73f7c74264b2354fd93bd719eafb0290bc144dcb80224f,UCCSD_inspired,2.156251653059563,2.1499096582478447,0.006341994811718266,False
wcl_minus_lbl_plus_templates,e1e87948c1add56cf7276d71868a09a47fa9a3c181b86099ca4c0991612b1e44,UCCSD_inspired,2.156251653059563,2.1499096582478447,0.006341994811718266,False
wcl_minus_lbl_plus_templates,84d3281e5151bde9af2a7cc3de51f55b2dd2cfb8283f989bef5f9482034a8a54,UCCSD_inspired,2.156251653059563,2.1499096582478447,0.006341994811718266,False
wcl_minus_lbl_commutation_only,411fb287ad09f5ba59dc8928c41c7d63890830c6fb4a8d8bbc17d6aa448f59f5,IQP,2.536018174756534,2.5297002726405253,0.006317902116008689,False
wcl_minus_lbl_commutation_only,f4b0bcb6432520607dadb467eb5e704c725dfbb16639473eee8c5a019635e799,QuantumWalk,2.536018174756534,2.542325690700726,0.006307515944191877,False
random_minus_lbl_commutation_only,c89d31d25881b4b5dd8323251c36c8c21866d3fa920f89cfd20f0916925d98ed,UCCSD_inspired,1.7962196557066954,1.7899235505155018,0.006296105191193613,False
random_minus_lbl_commutation_only,4ac2702c1b96c4bb94104c83ed1f70861d0f3fced7f279ffff33418db3943556,IQP,1.7962196557066954,1.8025122567132308,0.006292601006535392,False
wcl_minus_lbl_plus_templates,71d778addd8ccb7f497d5f93f4f8f4243fe3239acec2e394b798baf7763c879e,RandomClifford,2.156251653059563,2.1500434142501454,0.0062082388094175656,False
random_minus_lbl_commutation_only,13240229abe2d895d5bb8fac7699ccee2bd1c05a0deabd9eec9a4d3087670510,QuantumWalk,1.7962196557066954,1.8024120442628357,0.006192388556140349,False
random_minus_lbl_commutation_only,9a041e65e0425acb6f1da0991581cf3416dbc278e761b7a398593dbb6f7ed442,QuantumWalk,1.7962196557066954,1.8023814601007406,0.006161804394045234,False
wcl_minus_lbl_commutation_only,74e97e3e91fec3c194d338dbf07fe463abbee30e6ec302a429dd67d4ec2a8b92,RandomClifford,2.536018174756534,2.5299104449818453,0.006107729774688764,False
random_minus_lbl_commutation_only,8b29e59e3a39db333187ef02a279d7723f487d94b438e8e97ce4d73eab48b4e8,RandomClifford,1.7962196557066954,1.8022822235884608,0.006062567881765402,False
random_minus_lbl_commutation_only,2d71c39b26582071bf61dcf0fd75c33b46d5626b7983e36e786fa74e823155c6,IQP,1.7962196557066954,1.7902344887146389,0.005985166992056534,False
random_minus_lbl_commutation_only,dfb04a777b1d92f2bd1c26ca8fecfc77e6e9e7fe6b9091cef1ea2753dd14dae8,RandomClifford,1.7962196557066954,1.802189231474192,0.005969575767496682,False
random_minus_lbl_plus_templates,4ac2702c1b96c4bb94104c83ed1f70861d0f3fced7f279ffff33418db3943556,IQP,1.6686811835039983,1.674646762786937,0.005965579282938727,False
random_minus_lbl_commutation_only,e166fa2a19a186e5e1137d16871bf8113bf541253cf619d063dff93086ac2fbd,Grover,1.7962196557066954,1.8021098162378355,0.0058901605311401095,False
wcl_minus_lbl_plus_templates,27a0f06f7cc08a8cc737a4739dc368a6357264dac3917d9592477680c4557db2,RandomClifford,2.156251653059563,2.150364978337868,0.005886674721694796,False
primary_listing_by_rule_did,c250d0ccb4006b4e767ef51fbcbcf33ec45690c2483928f4ce6a525259b23d35,IQP,-0.37976652169697117,-0.3856398410487011,0.005873319351729911,False
random_minus_lbl_commutation_only,9b819e13eadb54421cd96fd869adb2ed0aa6de9853a854066e3d928117142acf,QuantumWalk,1.7962196557066954,1.8020748826202504,0.005855226913555001,False
wcl_minus_lbl_commutation_only,0ea94971bc42ea5f21350b8ee791f5ddd3a86cabd0502a4f2ecd331789793740,IQP,2.536018174756534,2.530178055727004,0.0058401190295298555,False
random_minus_lbl_plus_templates,9a041e65e0425acb6f1da0991581cf3416dbc278e761b7a398593dbb6f7ed442,QuantumWalk,1.6686811835039983,1.674515966174447,0.00583478267044879,False
random_minus_lbl_commutation_only,f4b0bcb6432520607dadb467eb5e704c725dfbb16639473eee8c5a019635e799,QuantumWalk,1.7962196557066954,1.8020539796102166,0.005834323903521232,False
random_minus_lbl_plus_templates,e541b465d3e72bc04ff8e5a4eb83441dd9b5c474b735a707e491dfff3e8ff456,QuantumWalk,1.6686811835039983,1.6744997082777544,0.005818524773756106,False
random_minus_lbl_commutation_only,6194c79c6876f931fd4dd2e105ee631824a9635fa4fec3f8ff6e7642655610e8,QuantumWalk,1.7962196557066954,1.8020377217135242,0.00581806600682877,False
wcl_minus_lbl_commutation_only,0a54b71bfd47499f18a2421cd6bf97c15dc3f348b2d97f00df878dc6173f5324,Grover,2.536018174756534,2.541800531931796,0.005782357175261765,False
wcl_minus_lbl_commutation_only,ab626155e296fef5bbc2642087791bce56ed006287bde666542289458665c89d,Grover,2.536018174756534,2.541797484314606,0.005779309558072043,False
wcl_minus_lbl_commutation_only,2d71c39b26582071bf61dcf0fd75c33b46d5626b7983e36e786fa74e823155c6,IQP,2.536018174756534,2.5302576862414172,0.005760488515116791,False
random_minus_lbl_plus_templates,8b29e59e3a39db333187ef02a279d7723f487d94b438e8e97ce4d73eab48b4e8,RandomClifford,1.6686811835039983,1.6744167296621673,0.005735546158168958,False
wcl_minus_lbl_commutation_only,d3b5ace1ffcfa1395fa7475de82da131003d95cdf3358f349d791df72f45b4ae,Oracle,2.536018174756534,2.530310773251026,0.005707401505508081,False
random_minus_lbl_commutation_only,eddd39fb7713c30765eff96b2b18a93b5a81f161905df421991d8256e7b31b8f,RandomClifford,1.7962196557066954,1.801911831268916,0.005692175562220569,False
wcl_minus_lbl_commutation_only,1b84760a272ee5b898d6856ea47d7309859a0aaa27c6d9f54caa0a3ca7965d66,Grover,2.536018174756534,2.541708217747062,0.005690042990527999,False
random_minus_lbl_commutation_only,b23d5b47568d035621cb80cca02e66ed29fa44d2e21a148d6383023cfd01a848,RandomClifford,1.7962196557066954,1.7905447472283431,0.005674908478352281,False
random_minus_lbl_commutation_only,9622962052cfcefe2e8d5fcff75c437ddc1262dc21b471fdc6bd179d3b83f28b,Grover,1.7962196557066954,1.8018757168617292,0.005656061155033809,False
random_minus_lbl_plus_templates,84d3281e5151bde9af2a7cc3de51f55b2dd2cfb8283f989bef5f9482034a8a54,UCCSD_inspired,1.6686811835039983,1.6630674822018083,0.005613701302189966,False
random_minus_lbl_plus_templates,1d4853bca63144935eeb81d785f652a95967ee4e4ffe44f0b753e62a72490a87,UCCSD_inspired,1.6686811835039983,1.6630674822018083,0.005613701302189966,False
random_minus_lbl_plus_templates,1a7bfb668baba31b5cb74057590661843ab8c6a997dc5e21c16d38ca42dee44b,QuantumWalk,1.6686811835039983,1.6742767428373977,0.005595559333399391,False
wcl_minus_lbl_commutation_only,83736b18a61dd9b2fd86cf7fc2f36d12cbe6d26237036b39893a814898578b01,IQP,2.536018174756534,2.5304434907750477,0.005574683981486306,False
random_minus_lbl_commutation_only,d3b5ace1ffcfa1395fa7475de82da131003d95cdf3358f349d791df72f45b4ae,Oracle,1.7962196557066954,1.790650336956574,0.005569318750121344,False
random_minus_lbl_plus_templates,9b819e13eadb54421cd96fd869adb2ed0aa6de9853a854066e3d928117142acf,QuantumWalk,1.6686811835039983,1.6742395819306715,0.005558398426673161,False
random_minus_lbl_plus_templates,061145114cca873e3d8fcf98f0fa0a719cdf86dc6144864cc899a7493711240b,IQP,1.6686811835039983,1.6631482362508165,0.005532947253181764,False
random_minus_lbl_commutation_only,389bf6f7858d6a53b8763831df2427cec2bb16be06630b7211a9f557a2dfcd75,QuantumWalk,1.7962196557066954,1.8017508400783537,0.0055311843716583375,False
wcl_minus_lbl_plus_templates,887988d6755fe3aeb072232cdd949704ce84134ffba601652f00a321dc5040c3,QAOA,2.156251653059563,2.1617805034520234,0.005528850392460427,False
wcl_minus_lbl_plus_templates,893f6526bf6a6d3aeec9c02876eace88e08e93caa6ed56c50764daeba95b4560,HaarRandom,2.156251653059563,2.1617805034520234,0.005528850392460427,False
wcl_minus_lbl_plus_templates,8664cf212e90101e901ea020a3d13bba14837c13195e5d2d2e6c78405c613790,QuantumWalk,2.156251653059563,2.1617805034520234,0.005528850392460427,False
wcl_minus_lbl_plus_templates,8a29549e2e2fa7f01199af622b2eca0054357c598c80d4060397da27d98f6196,QAOA,2.156251653059563,2.1617805034520234,0.005528850392460427,False
wcl_minus_lbl_plus_templates,4572941712e8aea150c8fa425b7e51001a6c0edaee560e513ec57c86bf5900af,HardwareEfficient,2.156251653059563,2.1617805034520234,0.005528850392460427,False
wcl_minus_lbl_plus_templates,84fde07bd40be8d7a95d24cc510e9db8ab0d019aaad3c30a43907f561b19ebb6,Adder,2.156251653059563,2.1617805034520234,0.005528850392460427,False
wcl_minus_lbl_plus_templates,49e4535dd05722cfe2cfda0d59fcc03e485eca61c04e97f3b303a014d4a4357b,HardwareEfficient,2.156251653059563,2.1617805034520234,0.005528850392460427,False
wcl_minus_lbl_plus_templates,834aeb4ed3be004b7a0b3e681d43de66de6de8f35a5e9fb1bfa818d7b959284b,VQE,2.156251653059563,2.1617805034520234,0.005528850392460427,False
wcl_minus_lbl_plus_templates,7de15138171180eddd35e0f29e3e3ce11f0b20302daab2bc45c5be3302e9cf4d,SurfaceCode,2.156251653059563,2.1617805034520234,0.005528850392460427,False
wcl_minus_lbl_plus_templates,78372196a76be5b171c8c8652020a17fffda66c247774a77d4b49a122e356bf7,Adder,2.156251653059563,2.1617805034520234,0.005528850392460427,False
wcl_minus_lbl_plus_templates,7ca61cc51f86f8358466b512f82fdd1bedfd46f4ebc65d118de7a2b190605e78,QAOA,2.156251653059563,2.1617805034520234,0.005528850392460427,False
wcl_minus_lbl_plus_templates,7b4fd106d73016d705a5586e9b761915a1ae550e15f90ea6ef09404df6cc4937,HardwareEfficient,2.156251653059563,2.1617805034520234,0.005528850392460427,False
wcl_minus_lbl_plus_templates,43bca13faef5c6cfe77a9608604ef4b0638bd1866f694ba91570d8417f61f6dc,HardwareEfficient,2.156251653059563,2.1617805034520234,0.005528850392460427,False
wcl_minus_lbl_plus_templates,7b3522676d252291940c2a9e9f17d81dfc1a5077c6b697e15563a3447cfc72ab,UCCSD_inspired,2.156251653059563,2.1617805034520234,0.005528850392460427,False
wcl_minus_lbl_plus_templates,798f2da3852850a248b844c609e1ad7fb57b023a680e6d42dc556d31133c1a31,SurfaceCode,2.156251653059563,2.1617805034520234,0.005528850392460427,False
wcl_minus_lbl_plus_templates,8aaf01a56bcab37914ddfaba82a75a16e140d95441d873784a6ddbc0cb82048b,QuantumWalk,2.156251653059563,2.1617805034520234,0.005528850392460427,False
wcl_minus_lbl_plus_templates,914e1499c292081bdc75f6dcd9813bbb7b2085fe470253f7000b70ace6ba61c9,QAOA,2.156251653059563,2.1617805034520234,0.005528850392460427,False
wcl_minus_lbl_plus_templates,8e6db4fdd8b1e74adfbeaf694b8f894260e2dc63ceccc8e39646673ee43949df,QAOA,2.156251653059563,2.1617805034520234,0.005528850392460427,False
wcl_minus_lbl_plus_templates,95300c7f12f75049fd4f840f8155f54ae4f02dfc980112dcf6f32aa7fa26c259,HaarRandom,2.156251653059563,2.1617805034520234,0.005528850392460427,False
wcl_minus_lbl_plus_templates,998d28f393fb6fe8a78d18a2436597cf82c17978859d430e5e43e089471944d1,QuantumWalk,2.156251653059563,2.1617805034520234,0.005528850392460427,False
wcl_minus_lbl_plus_templates,98288a8bb24c6c4e673cdd1a4153610759a5259eab1700308a6bb0e7520a1d09,QAOA,2.156251653059563,2.1617805034520234,0.005528850392460427,False
wcl_minus_lbl_plus_templates,98123c419282ef8d7ead755526545f8d1b8e6129c506a92b5eb114e588eb0ab3,SurfaceCode,2.156251653059563,2.1617805034520234,0.005528850392460427,False
wcl_minus_lbl_plus_templates,96cd385647c924a15dadcdee8b59db5e9352e18d77f51d5aa446cd42c94b7327,QuantumWalk,2.156251653059563,2.1617805034520234,0.005528850392460427,False
wcl_minus_lbl_plus_templates,48b1b2262a81838842891d34d28e8bb95c6ab5d240dc058f0b6299173c5a36fe,Grover,2.156251653059563,2.1617805034520234,0.005528850392460427,False
wcl_minus_lbl_plus_templates,495bef64d81542b62d65ea7f3ea2f68c15fd96f817571830c26016e760cb0b20,SurfaceCode,2.156251653059563,2.1617805034520234,0.005528850392460427,False
wcl_minus_lbl_plus_templates,96459b4f823e438eec56e9c1a97a6dd324300ee70290658957d9ad22142ab813,VQE,2.156251653059563,2.1617805034520234,0.005528850392460427,False
wcl_minus_lbl_plus_templates,9622962052cfcefe2e8d5fcff75c437ddc1262dc21b471fdc6bd179d3b83f28b,Grover,2.156251653059563,2.1617805034520234,0.005528850392460427,False
wcl_minus_lbl_plus_templates,9599f9974b14de7195d737812cbf1c818a7ceb9b98d68f8d815c350d4d59daaa,QuantumWalk,2.156251653059563,2.1617805034520234,0.005528850392460427,False
wcl_minus_lbl_plus_templates,948333538f192e047cf807ea8eaf140facd1c784484d67f3d731205abea6929e,QuantumWalk,2.156251653059563,2.1617805034520234,0.005528850392460427,False
wcl_minus_lbl_plus_templates,8fe6a04fb57130ecbb92ca64358dee1b21d52ec1cfd3a2ce2f134a6345166151,Oracle,2.156251653059563,2.1617805034520234,0.005528850392460427,False
wcl_minus_lbl_plus_templates,93777dbb1396f34119a3c7abd792673d63abea48eb3460371bc0edff6ad7e7d7,Grover,2.156251653059563,2.1617805034520234,0.005528850392460427,False
wcl_minus_lbl_plus_templates,93467de4ec8b6447d0046632416f75a2a2ec7eaa82fac32a3b3cb7e00e0debdb,HardwareEfficient,2.156251653059563,2.1617805034520234,0.005528850392460427,False
wcl_minus_lbl_plus_templates,46b9db66decc06088531b47b8ebb2df981fb151806949067077d84375b800a37,Grover,2.156251653059563,2.1617805034520234,0.005528850392460427,False
wcl_minus_lbl_plus_templates,920715dea765673c0d3337786b5f66da8038c75428d4b37e5c288736db47b69d,QuantumWalk,2.156251653059563,2.1617805034520234,0.005528850392460427,False
wcl_minus_lbl_plus_templates,916e8ca7c9598753b3e23a7ed30b002882a72b04507e198132b31ffc6a26ef74,QuantumWalk,2.156251653059563,2.1617805034520234,0.005528850392460427,False
wcl_minus_lbl_plus_templates,439cf4a4745745332319327dc1b01075748fee45c1a0f2e6280ba8e9fbbe0487,SurfaceCode,2.156251653059563,2.1617805034520234,0.005528850392460427,False
wcl_minus_lbl_plus_templates,4621ef48fbfa81d505e50e099d2d9bb268c3bcebb00ba5aac807e68b83d47cc6,Oracle,2.156251653059563,2.1617805034520234,0.005528850392460427,False
wcl_minus_lbl_plus_templates,9122b5a207a4c0a8ffeedf35af10c42a747aa84296b789e02a6bac63a0970083,HardwareEfficient,2.156251653059563,2.1617805034520234,0.005528850392460427,False
wcl_minus_lbl_plus_templates,90b9d6a98141cc942d3ded30a930bd0e1d014a4a74273b8ac4367eda1522afc9,QuantumWalk,2.156251653059563,2.1617805034520234,0.005528850392460427,False
wcl_minus_lbl_plus_templates,706c0447268ee506ac59afcbc771e7db4407d41470f6beb3af60fa431e739c66,QAOA,2.156251653059563,2.1617805034520234,0.005528850392460427,False
wcl_minus_lbl_plus_templates,50b8786b19b903fee03c7d549eeadd02f826e61a98ec20ccfe13816a21e87930,Grover,2.156251653059563,2.1617805034520234,0.005528850392460427,False
wcl_minus_lbl_plus_templates,7052aff8dd4903f03c23a3ac996d18fe787bf1c0241facc9c524e5ea4facd903,SurfaceCode,2.156251653059563,2.1617805034520234,0.005528850392460427,False
wcl_minus_lbl_plus_templates,587577f385cf54a3edd3cc639b3ac8cc5aa139f2ef414827515ddc7be4c12104,GHZ,2.156251653059563,2.1617805034520234,0.005528850392460427,False
wcl_minus_lbl_plus_templates,5d82d980193b330314da27f4c315ba0460259d09cae3ee69bfb5598f13a62ac8,VQE,2.156251653059563,2.1617805034520234,0.005528850392460427,False
wcl_minus_lbl_plus_templates,5c672ebce573529c490baac76666f3d7035c91d1a2552a4c883752c77353c5da,QAOA,2.156251653059563,2.1617805034520234,0.005528850392460427,False
wcl_minus_lbl_plus_templates,5b48e826e65152b0af21cba70e11371c1b074a0c9c1e146e88104ebda8da7f44,QuantumWalk,2.156251653059563,2.1617805034520234,0.005528850392460427,False
wcl_minus_lbl_plus_templates,41691b11f094e6d0a2948bdb40851a9dc8a1792a04c3badae293f622ddbf18c3,Grover,2.156251653059563,2.1617805034520234,0.005528850392460427,False
wcl_minus_lbl_plus_templates,5b1e86584da3b6e4065a29ec23dcba8ca2e23b69da2d3d2debdbc7a05920c733,QuantumWalk,2.156251653059563,2.1617805034520234,0.005528850392460427,False
wcl_minus_lbl_plus_templates,5a934ea58cefe89266217b8814d0f05d97ee7364560c39b14857c236af49988b,QuantumWalk,2.156251653059563,2.1617805034520234,0.005528850392460427,False
wcl_minus_lbl_plus_templates,59fbafb4a84f6e3bf7095d58daa93081c2109f6d48baaa6615d62eb5baec28bb,VQE,2.156251653059563,2.1617805034520234,0.005528850392460427,False
wcl_minus_lbl_plus_templates,40b2ed79783ce1a4b95b1d1ef139d1741d958ea40b9841f763ef32f8f0761c21,QuantumWalk,2.156251653059563,2.1617805034520234,0.005528850392460427,False
wcl_minus_lbl_plus_templates,599763794bd11a8ee3fb857551c69c3afd29964ebeb7ee6c9a144ee61a7e51c3,QuantumWalk,2.156251653059563,2.1617805034520234,0.005528850392460427,False
wcl_minus_lbl_plus_templates,50abdffe4514c651d5af9c7e16d8dce45ce300d5b27272614d921ca65abaa9e7,Grover,2.156251653059563,2.1617805034520234,0.005528850392460427,False
wcl_minus_lbl_plus_templates,5ead28e37038eedb416b5fe421b9e506b37e9503475ca2360ad0cdb94409277f,QuantumWalk,2.156251653059563,2.1617805034520234,0.005528850392460427,False
wcl_minus_lbl_plus_templates,5713a5dbe3be0670eb39317ac7b841739b453b10c8966fa6018e22c62466cb23,QAOA,2.156251653059563,2.1617805034520234,0.005528850392460427,False
wcl_minus_lbl_plus_templates,569144f1f4ed5900a4ee35afd5c24a98a42de6ce3c141773dc514b4ea44405f4,UCCSD_inspired,2.156251653059563,2.1617805034520234,0.005528850392460427,False
wcl_minus_lbl_plus_templates,5644fee5bd8328c655b27bf4202f33cb49d6ff723364d466a3a1421f12c14466,HardwareEfficient,2.156251653059563,2.1617805034520234,0.005528850392460427,False
wcl_minus_lbl_plus_templates,5562a10a2385796690312a16c52884a150b99c123c39cb6b12089a46cad0a542,HardwareEfficient,2.156251653059563,2.1617805034520234,0.005528850392460427,False
wcl_minus_lbl_plus_templates,9a6752a986b7de67a2977ce77e0634b35bfc7e4d5a12d7062bff9e2c4b218176,SurfaceCode,2.156251653059563,2.1617805034520234,0.005528850392460427,False
wcl_minus_lbl_plus_templates,54081630416519b0c77bbd353bb5998e32c8ddc6917cc148e526826f6f6debc6,QuantumWalk,2.156251653059563,2.1617805034520234,0.005528850392460427,False
wcl_minus_lbl_plus_templates,53b73b5cd49bf304f89e5343449a253cb9005287952a8e3fd40f0f4538bd6356,VQE,2.156251653059563,2.1617805034520234,0.005528850392460427,False
wcl_minus_lbl_plus_templates,50acc8cca2f23db161ca0e99de8435635242080dcd80d6ee45c483913667385d,SurfaceCode,2.156251653059563,2.1617805034520234,0.005528850392460427,False
wcl_minus_lbl_plus_templates,52fa838edc0ec27d2776b0f16823e23c9dd0d9fcbc80dde3c63633de21d71851,SurfaceCode,2.156251653059563,2.1617805034520234,0.005528850392460427,False
wcl_minus_lbl_plus_templates,5e374d2d9df7152707d5a3b917c5572905ce53bc378306ed7da8919f036c289d,HardwareEfficient,2.156251653059563,2.1617805034520234,0.005528850392460427,False
wcl_minus_lbl_plus_templates,5eaf1f2b9f33724492a3e71d4e8ceaefbf99cfd60c760cd93842c60ec7375ec3,VQE,2.156251653059563,2.1617805034520234,0.005528850392460427,False
wcl_minus_lbl_plus_templates,4ac2702c1b96c4bb94104c83ed1f70861d0f3fced7f279ffff33418db3943556,IQP,2.156251653059563,2.1617805034520234,0.005528850392460427,False
wcl_minus_lbl_plus_templates,437020e3b14d16381ddae29b4c8219401888281530fe7a429e0e50cdf87b176c,Adder,2.156251653059563,2.1617805034520234,0.005528850392460427,False
wcl_minus_lbl_plus_templates,701484a18ee7e28286cedd323ee9dc71b83cfa896d35865ca7cdab0545cc5b6a,Adder,2.156251653059563,2.1617805034520234,0.005528850392460427,False
wcl_minus_lbl_plus_templates,6fb483683d8a22c1752bbd74856400a9e8dc76f6c7498dc4e96e958be1a4c939,HardwareEfficient,2.156251653059563,2.1617805034520234,0.005528850392460427,False
wcl_minus_lbl_plus_templates,6f3c72445c6c7b4ac694c7b6dcacbe9c97681c8c27c6ab4fd6a32ec94a0d5a2e,HardwareEfficient,2.156251653059563,2.1617805034520234,0.005528850392460427,False
wcl_minus_lbl_plus_templates,50d9a47ee18d2e3012d55867372cff942253cf0f5194a46210afdf68c5391777,Oracle,2.156251653059563,2.1617805034520234,0.005528850392460427,False
wcl_minus_lbl_plus_templates,6b50423744cf6c022eecde33a07e710ea071ad97745eda5ae14badb443b4a3d4,UCCSD_inspired,2.156251653059563,2.1617805034520234,0.005528850392460427,False
wcl_minus_lbl_plus_templates,6b06e5f02a79dad7060380635124093ca1f091f78aa2c79881017c4349543c35,QAOA,2.156251653059563,2.1617805034520234,0.005528850392460427,False
wcl_minus_lbl_plus_templates,6a973daf65bd418bdd08beaf9461e58945e15cfd7d372f99f1bfabdf665daccf,Adder,2.156251653059563,2.1617805034520234,0.005528850392460427,False
wcl_minus_lbl_plus_templates,69fbd289de660bed2b78ee9f9d1cc83e5a306b8d5606c47a6ad36a8643ea1d45,QuantumWalk,2.156251653059563,2.1617805034520234,0.005528850392460427,False
wcl_minus_lbl_plus_templates,69dc9b7c80d923f7c782eeecca4e015e05ed1068495a29bd0e903ae9e481abbf,Oracle,2.156251653059563,2.1617805034520234,0.005528850392460427,False
wcl_minus_lbl_plus_templates,688a54258c5fc58844911584b848f67ef97f01928a47184b30d01cdff70937e2,QAOA,2.156251653059563,2.1617805034520234,0.005528850392460427,False
wcl_minus_lbl_plus_templates,5f481c17ba4296b0a33c041b7470ec4748e61766c334712778a0ff41f81805da,HaarRandom,2.156251653059563,2.1617805034520234,0.005528850392460427,False
wcl_minus_lbl_plus_templates,6844da2119d733a01e2a77eb368d455c86913e069a73316edac258bedf73a884,VQE,2.156251653059563,2.1617805034520234,0.005528850392460427,False
wcl_minus_lbl_plus_templates,4c91554a6a7a29ac388f41e86df4db15dc97853874c7d6e7defca805db616d06,VQE,2.156251653059563,2.1617805034520234,0.005528850392460427,False
wcl_minus_lbl_plus_templates,4cb477caf5f46aa76b3f54b03574649768b408906ee78ac4652943020cb7be7c,VQE,2.156251653059563,2.1617805034520234,0.005528850392460427,False
wcl_minus_lbl_plus_templates,632a65a86fd9bfab17ccedbd10b32b45490cc33030a23af0d675ad3e8ad7a445,GHZ,2.156251653059563,2.1617805034520234,0.005528850392460427,False
wcl_minus_lbl_plus_templates,621e78a0d5cbbcbb2a75d4d9755c646061565d0ead3e3cb962144cea9ad7496d,Grover,2.156251653059563,2.1617805034520234,0.005528850392460427,False
wcl_minus_lbl_plus_templates,6198918025e9d52620fa49da1e8fc24880b8cdf9ed5759f2b77490edd5060dc2,UCCSD_inspired,2.156251653059563,2.1617805034520234,0.005528850392460427,False
wcl_minus_lbl_plus_templates,4f0c8b34713d2fca63f5142fe0549056f4fe97f079b14a9139a45918778858fe,QAOA,2.156251653059563,2.1617805034520234,0.005528850392460427,False
wcl_minus_lbl_plus_templates,60cbd40ccece385b0f47d6dbd5667c78d5709e2708b86620c809015e346ab443,HaarRandom,2.156251653059563,2.1617805034520234,0.005528850392460427,False
wcl_minus_lbl_plus_templates,5f5b6844177bd52e8c187fc996896ec6118d9e360e258d5f3707493673cae096,UCCSD_inspired,2.156251653059563,2.1617805034520234,0.005528850392460427,False
wcl_minus_lbl_plus_templates,99bbb7d14c43822569de544c5e8a4b3ccfd00506bb1041b2da2a6c12d1b20f7f,Adder,2.156251653059563,2.1617805034520234,0.005528850392460427,False
wcl_minus_lbl_plus_templates,cc1ddd28093a20372a6d256992968b8bc18e2829750947498955a406113f5f52,Grover,2.156251653059563,2.1617805034520234,0.005528850392460427,False
wcl_minus_lbl_plus_templates,9b814e3da54f5c874ddcbdff9fe61f872bb409035a9acff0f2c7ae13b5c91b90,QuantumWalk,2.156251653059563,2.1617805034520234,0.005528850392460427,False
wcl_minus_lbl_plus_templates,e166fa2a19a186e5e1137d16871bf8113bf541253cf619d063dff93086ac2fbd,Grover,2.156251653059563,2.1617805034520234,0.005528850392460427,False
wcl_minus_lbl_plus_templates,ec9289c88d9acb9814cb60890e2e2d888e2853fae21087e87cdc61fd856c3ee5,SurfaceCode,2.156251653059563,2.1617805034520234,0.005528850392460427,False
wcl_minus_lbl_plus_templates,ec754f7e3892ee8ca405ace36ffa2cf3d8489863d2f83852f623de773dd94b1e,QFT,2.156251653059563,2.1617805034520234,0.005528850392460427,False
wcl_minus_lbl_plus_templates,ea4cff4dbbb34657d0633d5d1bcc4831684ba4949396d8256e08ea5b99fa4636,QuantumWalk,2.156251653059563,2.1617805034520234,0.005528850392460427,False
wcl_minus_lbl_plus_templates,e7fffabc07b75ea40680bf5a6622f4cdc16711362459ed4523e903018e295e22,HardwareEfficient,2.156251653059563,2.1617805034520234,0.005528850392460427,False
wcl_minus_lbl_plus_templates,e7c3197175704bce082edb885d4fa6328a0f697d629942098860c96b5b014a8c,QAOA,2.156251653059563,2.1617805034520234,0.005528850392460427,False
wcl_minus_lbl_plus_templates,e761adf8efeac5c21762208c08429dd4686d16eb4cbc1582e6d4ebc809852f66,QFT,2.156251653059563,2.1617805034520234,0.005528850392460427,False
wcl_minus_lbl_plus_templates,e70adb6d3e5448619b259d6e825d34f94cb868684eb2b940009ecdb58c7275ee,SurfaceCode,2.156251653059563,2.1617805034520234,0.005528850392460427,False
wcl_minus_lbl_plus_templates,e541b465d3e72bc04ff8e5a4eb83441dd9b5c474b735a707e491dfff3e8ff456,QuantumWalk,2.156251653059563,2.1617805034520234,0.005528850392460427,False
wcl_minus_lbl_plus_templates,e531af1f8b94fffea8b8bce63a1597bd0985b332e393c62efb10770617f93294,HardwareEfficient,2.156251653059563,2.1617805034520234,0.005528850392460427,False
wcl_minus_lbl_plus_templates,e4bc9db5147e3cf352a2b34eb199daa122ba5549fa5d7b3f3f678a4af97036f6,SurfaceCode,2.156251653059563,2.1617805034520234,0.005528850392460427,False
wcl_minus_lbl_plus_templates,e2143d08e116cb3586d657f776bf753f5b6696964a06ed9814fe6dc5d6a4f903,SurfaceCode,2.156251653059563,2.1617805034520234,0.005528850392460427,False
wcl_minus_lbl_plus_templates,e0b3e1cffafcde6de2affb92f841e127bb661b6483670899f818b5dc9fe9021e,Adder,2.156251653059563,2.1617805034520234,0.005528850392460427,False
wcl_minus_lbl_plus_templates,ecfd2572e51eb6ffed7dc27ff03ff03e0340732f1c1277c844b7427722591d79,HardwareEfficient,2.156251653059563,2.1617805034520234,0.005528850392460427,False
wcl_minus_lbl_plus_templates,e088528b02a19eec385f62f0fcc85a3229fa96910264b09991adb2dcc6fd3870,VQE,2.156251653059563,2.1617805034520234,0.005528850392460427,False
wcl_minus_lbl_plus_templates,df499dded1e0518f2f6266b9f0e35d3c81e6057b5ba6e6decbb0f26370e5bb03,GHZ,2.156251653059563,2.1617805034520234,0.005528850392460427,False
wcl_minus_lbl_plus_templates,de948303c9c984b841388b3aa67f077ef51521bf18b9a003b8ea79b973958b75,VQE,2.156251653059563,2.1617805034520234,0.005528850392460427,False
wcl_minus_lbl_plus_templates,de6c0eaa11dbb8cb038759ba22e2ae33584fddad76d7f93a185f16b9e2034ea9,UCCSD_inspired,2.156251653059563,2.1617805034520234,0.005528850392460427,False
wcl_minus_lbl_plus_templates,dd0bd9d601309ab2409129880f851b4a0aa922f7e24924a06c30ef6874a5a00b,Grover,2.156251653059563,2.1617805034520234,0.005528850392460427,False
wcl_minus_lbl_plus_templates,dc8ceaecb8e2ef6b2a8168d75f511498a0bb1c550f459c37996e52c89e84ba85,QuantumWalk,2.156251653059563,2.1617805034520234,0.005528850392460427,False
wcl_minus_lbl_plus_templates,dbf2ecc496a8a4f6e88f13828e776d93956e73b115d0ae52ddd4ce1fa1fc5605,HardwareEfficient,2.156251653059563,2.1617805034520234,0.005528850392460427,False
wcl_minus_lbl_plus_templates,db73dc3dec7c024cc43e6fa9f7009bc8675da1af254d45987392008ad0a477b4,VQE,2.156251653059563,2.1617805034520234,0.005528850392460427,False
wcl_minus_lbl_plus_templates,db276c8d92545f754aab16b3664fca1ddb31410f3135295ca28b78969f0459a4,UCCSD_inspired,2.156251653059563,2.1617805034520234,0.005528850392460427,False
wcl_minus_lbl_plus_templates,dac7e56e9490cb5f19a852e1206995c9711c1c95c63e61eba2ed4a4acecf7099,HardwareEfficient,2.156251653059563,2.1617805034520234,0.005528850392460427,False
wcl_minus_lbl_plus_templates,d666adb13ce66e444e16398e08fd2d7d2169fcc728eb154e78b91f40918df82c,Oracle,2.156251653059563,2.1617805034520234,0.005528850392460427,False
wcl_minus_lbl_plus_templates,ecdc88be58bf549d56d32e78bd4bc92867b980440b9b1b2d29c6a6a0c98bcfe2,UCCSD_inspired,2.156251653059563,2.1617805034520234,0.005528850392460427,False
wcl_minus_lbl_plus_templates,edd5a22e6ec1e0d26a85c6c718e1e94836f192ceab2dbfb5f4d8a6786339dd0d,QAOA,2.156251653059563,2.1617805034520234,0.005528850392460427,False
wcl_minus_lbl_plus_templates,d38566d48961c0f4bf6be3a09a849c118d9719eaeb3ba58b46b96218d1814c2e,QAOA,2.156251653059563,2.1617805034520234,0.005528850392460427,False
wcl_minus_lbl_plus_templates,f88dd26fe808edabf53419e020b87e3b4a517886def363d693787b3bc9728cf8,QuantumWalk,2.156251653059563,2.1617805034520234,0.005528850392460427,False
wcl_minus_lbl_plus_templates,fff9e82ccf288b69ac39de668fca6fe3c6b30b9b7b6254dc68246f60aa6e303c,UCCSD_inspired,2.156251653059563,2.1617805034520234,0.005528850392460427,False
wcl_minus_lbl_plus_templates,ffbccff06f7f6ee0e5485c7374bbae521e513bf19f08f375c992f0d2c68d895c,Adder,2.156251653059563,2.1617805034520234,0.005528850392460427,False
wcl_minus_lbl_plus_templates,fd904e687f3606b7bbc5cd8c5f015303fb63612af2cc5137bd4ac9367a00f3f1,HardwareEfficient,2.156251653059563,2.1617805034520234,0.005528850392460427,False
wcl_minus_lbl_plus_templates,fcc1daadc89b349ed68d575311f3e662b665486c74c598f45f3b363c8841378d,Grover,2.156251653059563,2.1617805034520234,0.005528850392460427,False
wcl_minus_lbl_plus_templates,fc9c0098d5d07331d9cb6faf263afc0d636a3b06394b50375880dd47fed4a931,QuantumWalk,2.156251653059563,2.1617805034520234,0.005528850392460427,False
wcl_minus_lbl_plus_templates,fc2908d6c4fd8d02ebb288c7d8a25dc4e5b9a8036c7104236e5788bd6a0d11cd,VQE,2.156251653059563,2.1617805034520234,0.005528850392460427,False
wcl_minus_lbl_plus_templates,fbc4d3c061750bc2d5462260e0508f2ff85141dcec68e851026e02ad27734a4c,QuantumWalk,2.156251653059563,2.1617805034520234,0.005528850392460427,False
wcl_minus_lbl_plus_templates,fbbb1f6cb302de75c9077919dccba48d46bf95447cc57a644a2377416daa7c26,HardwareEfficient,2.156251653059563,2.1617805034520234,0.005528850392460427,False
wcl_minus_lbl_plus_templates,fad3c5f191237ccefb3283566a70159b1baa6b56d18ce49a8add74141be307f5,SurfaceCode,2.156251653059563,2.1617805034520234,0.005528850392460427,False
wcl_minus_lbl_plus_templates,faa92b4b8c5dc1e1c3f300c4914c715114a30697cd05ffab2f7353daa84168d5,HardwareEfficient,2.156251653059563,2.1617805034520234,0.005528850392460427,False
wcl_minus_lbl_plus_templates,fa9e1b48ab72bf8257e53fa08802bb8190d6d9ea0feacf0444e455c6a6058b83,VQE,2.156251653059563,2.1617805034520234,0.005528850392460427,False
wcl_minus_lbl_plus_templates,f82bca5573e6e4f880dd93e93fbd33df5af794da6882ff8adad6e33e221312b3,Adder,2.156251653059563,2.1617805034520234,0.005528850392460427,False
wcl_minus_lbl_plus_templates,efcc1de189949fabda88791e6b68d73aff3b14e37c742a15535d4e16dce0f0ac,QuantumWalk,2.156251653059563,2.1617805034520234,0.005528850392460427,False
wcl_minus_lbl_plus_templates,f82545ab8dd2e124bb20b12a2943a1f6d29666837c03c9275f4c803dc1929c72,Oracle,2.156251653059563,2.1617805034520234,0.005528850392460427,False
wcl_minus_lbl_plus_templates,f6bad2be7e968d27cb136e3528e2562cdb27eccfd23b265b21bc4684c8c2ff48,Grover,2.156251653059563,2.1617805034520234,0.005528850392460427,False
wcl_minus_lbl_plus_templates,f5abe5e6eaa29a69e1bf7d01179729f0dbdaec8309b1956baf7cc1f60ae61b0a,Grover,2.156251653059563,2.1617805034520234,0.005528850392460427,False
wcl_minus_lbl_plus_templates,f5218a03ce51439316bb3e4b2f5acfecbedb82b79c39fa380d33bec3ad235abe,HaarRandom,2.156251653059563,2.1617805034520234,0.005528850392460427,False
wcl_minus_lbl_plus_templates,f4b0bcb6432520607dadb467eb5e704c725dfbb16639473eee8c5a019635e799,QuantumWalk,2.156251653059563,2.1617805034520234,0.005528850392460427,False
wcl_minus_lbl_plus_templates,f360b2738c36711c1019ce7764c30286bb612c574b1f9d512b2ca2afeaad5639,Grover,2.156251653059563,2.1617805034520234,0.005528850392460427,False
wcl_minus_lbl_plus_templates,f1bbfe2c5554ef1e3780c3589fe5016e2871845659c086dd38a099ad9bd9415e,SurfaceCode,2.156251653059563,2.1617805034520234,0.005528850392460427,False
wcl_minus_lbl_plus_templates,f1385dea23b197291382303ec5ddac0c2b35748e3eb579fdc7cf835943215c47,Adder,2.156251653059563,2.1617805034520234,0.005528850392460427,False
wcl_minus_lbl_plus_templates,f1284efd15a9080f1c608580385172943d833e7426babe23f2a385b344fca9ac,QuantumWalk,2.156251653059563,2.1617805034520234,0.005528850392460427,False
wcl_minus_lbl_plus_templates,f0ce08a94e8912e5622a6df3ca1903091c67e592bc993e854d2aac9723e208a7,Grover,2.156251653059563,2.1617805034520234,0.005528850392460427,False
wcl_minus_lbl_plus_templates,efe05a598852b28e2f1b7f34b2184f3989d4eb2ea9ee1ee00b340a751d905e75,SurfaceCode,2.156251653059563,2.1617805034520234,0.005528850392460427,False
wcl_minus_lbl_plus_templates,d3e8b51351e86caa6d8939fe0a903f48a089e7d220d46a14b52d6c94e6e43394,CNOT,2.156251653059563,2.1617805034520234,0.005528850392460427,False
wcl_minus_lbl_plus_templates,cf3c03de2da7d0f3afc65dcd7a8b9bf97cc30cecd8d496b48c60f839667848c4,QAOA,2.156251653059563,2.1617805034520234,0.005528850392460427,False
wcl_minus_lbl_plus_templates,9d7bae7cb361f289bfa22b373c94a22b6cd06c8e0c5262709fba830673dcf4e2,QuantumWalk,2.156251653059563,2.1617805034520234,0.005528850392460427,False
wcl_minus_lbl_plus_templates,ab626155e296fef5bbc2642087791bce56ed006287bde666542289458665c89d,Grover,2.156251653059563,2.1617805034520234,0.005528850392460427,False
wcl_minus_lbl_plus_templates,b48696525dc16ace3d17f7656e6602f2710e54d030274a737712c3dc966a5f93,QuantumWalk,2.156251653059563,2.1617805034520234,0.005528850392460427,False
wcl_minus_lbl_plus_templates,b45c3a20db4f3ccbe86b7028b2a3ed6875c846178b3f7e82a870185c5a08cbaa,QuantumWalk,2.156251653059563,2.1617805034520234,0.005528850392460427,False
wcl_minus_lbl_plus_templates,b2f83603b76f95e86e3b51898d6ea360adf3a62f51aa296baf0178913d4108b2,QFT,2.156251653059563,2.1617805034520234,0.005528850392460427,False
wcl_minus_lbl_plus_templates,b2b8ea4ed9aecdcfd921ea28cb16d178c46018000c9dec2eead95b2c37123b51,HardwareEfficient,2.156251653059563,2.1617805034520234,0.005528850392460427,False
wcl_minus_lbl_plus_templates,b15d50df71933b4745ec5799d5ef54fb7c162bc3ca92e983a8aeafe41413e0a6,VQE,2.156251653059563,2.1617805034520234,0.005528850392460427,False
wcl_minus_lbl_plus_templates,aef180d7cfe4026d3e6db4acce1baa759ce2591ce74fa6b84d10d2c6bd83dc03,VQE,2.156251653059563,2.1617805034520234,0.005528850392460427,False
wcl_minus_lbl_plus_templates,ae182db40b924159285ac8bdf3845f1ffd37b35456f942ececf2ce981152b240,HardwareEfficient,2.156251653059563,2.1617805034520234,0.005528850392460427,False
wcl_minus_lbl_plus_templates,adbb48a0ef0579f1930cd5635450dda6ac0134b70ed705fee57896785a5c920c,HardwareEfficient,2.156251653059563,2.1617805034520234,0.005528850392460427,False
wcl_minus_lbl_plus_templates,adb7f9987b9b0c05e801b5fd0511f99788c5efa1cba7a076de804d89d6620b85,QuantumWalk,2.156251653059563,2.1617805034520234,0.005528850392460427,False
wcl_minus_lbl_plus_templates,ace916e35582c95d21da984fde2d1f6a3536707d59739f448aeda811b215f37b,QAOA,2.156251653059563,2.1617805034520234,0.005528850392460427,False
wcl_minus_lbl_plus_templates,ac5cb7a1191241454b4fd01d93fcb219cc0a72bbf543d70ec604ba87a2a0d7ad,QuantumWalk,2.156251653059563,2.1617805034520234,0.005528850392460427,False
wcl_minus_lbl_plus_templates,a9cbe813352eb8bbddbb6de7feecde853f066b5cf29e96a7a2f84a6cd354761a,CNOT,2.156251653059563,2.1617805034520234,0.005528850392460427,False
wcl_minus_lbl_plus_templates,b566c5863a335453fb112204e335b3b8c73d2037c3d0809e6850d62248548ca5,QuantumWalk,2.156251653059563,2.1617805034520234,0.005528850392460427,False
wcl_minus_lbl_plus_templates,a8fb890216921697e75dec718450347728fa67236e477ce8e39377128e6df537,Grover,2.156251653059563,2.1617805034520234,0.005528850392460427,False
wcl_minus_lbl_plus_templates,a7f212f7ecd7ee7353a7ba466a9af47a975f54aa9c15ab288c44982273c22d68,QAOA,2.156251653059563,2.1617805034520234,0.005528850392460427,False
wcl_minus_lbl_plus_templates,a7ab9db53d4fc264f2d6a392f086a33f96e5c9b66ca7eb54d656793b0b5aeb07,VQE,2.156251653059563,2.1617805034520234,0.005528850392460427,False
wcl_minus_lbl_plus_templates,a56b84561ace0423d3f71194279f62be3b29e47c98491c316e3446561f61dbf1,VQE,2.156251653059563,2.1617805034520234,0.005528850392460427,False
wcl_minus_lbl_plus_templates,a25cdf698d5ca8a8af744fd0fd1ebd652891919421d5e150b2a7e5e42e0cf9e7,SurfaceCode,2.156251653059563,2.1617805034520234,0.005528850392460427,False
wcl_minus_lbl_plus_templates,a1b0ba8e9683b6e8fb7f674fec300eb87f2d2387d58f482c81187c497cdc2175,SurfaceCode,2.156251653059563,2.1617805034520234,0.005528850392460427,False
wcl_minus_lbl_plus_templates,a184604fe8e9fff65d7fc4b04a0374176884155f49835fc64a3e78eeea2e3335,IQP,2.156251653059563,2.1617805034520234,0.005528850392460427,False
wcl_minus_lbl_plus_templates,a16dbe89e98ec8eef49995c9edecf7e520b6fce018b74c0aa8248506ead433db,SurfaceCode,2.156251653059563,2.1617805034520234,0.005528850392460427,False
wcl_minus_lbl_plus_templates,a0ce795cd049a6a5d79e6ebd68db90d152d868a0c823cf524ea052b7c5e56697,VQE,2.156251653059563,2.1617805034520234,0.005528850392460427,False
wcl_minus_lbl_plus_templates,9fac801b9c9b3af1aab1409fb21f666a7b588bdf8dd5282a5a0b081971ec442e,VQE,2.156251653059563,2.1617805034520234,0.005528850392460427,False
wcl_minus_lbl_plus_templates,9efcd7e7d63057f26477dd71e9cc9399123981e05ee8aa5ae613fa5f7681e66c,SurfaceCode,2.156251653059563,2.1617805034520234,0.005528850392460427,False
wcl_minus_lbl_plus_templates,b4accbdc8bd4599d8f4a4a4f335254fe7d27c0867b844bb682bb307303bce702,QuantumWalk,2.156251653059563,2.1617805034520234,0.005528850392460427,False
wcl_minus_lbl_plus_templates,b5ac35a68d5e59c46c6564e09d414ba98d05d318ac2cd28aaf6914b943c91c9b,SurfaceCode,2.156251653059563,2.1617805034520234,0.005528850392460427,False
wcl_minus_lbl_plus_templates,cdd100c7eff0d706945d603b660c1569d33187e1be34e594e80d66dbe901ac39,VQE,2.156251653059563,2.1617805034520234,0.005528850392460427,False
wcl_minus_lbl_plus_templates,c63e19873423ccaaf570f0b635947cafec97a5e60d7fb9d0985ab0dc116133d6,Grover,2.156251653059563,2.1617805034520234,0.005528850392460427,False
wcl_minus_lbl_plus_templates,cdbe33fccd70c92e6cc7d2b7574511bac38dc61b4808e8978c79d8fe49b754db,QAOA,2.156251653059563,2.1617805034520234,0.005528850392460427,False
wcl_minus_lbl_plus_templates,ccea9ac438850bdbc663c5c72a67f5ea0eacc8d96469a1fb20d748e4a81b5c76,QuantumWalk,2.156251653059563,2.1617805034520234,0.005528850392460427,False
wcl_minus_lbl_plus_templates,cc7c4783b7000be0e3c619b0c96a7ebef0b8efc8519c4f8c90d9d9b1b3a49f6e,QAOA,2.156251653059563,2.1617805034520234,0.005528850392460427,False
wcl_minus_lbl_plus_templates,4035c390bb35bd7735df397046c84d406ef79095dfe0cf931033a80c28b17459,Grover,2.156251653059563,2.1617805034520234,0.005528850392460427,False
wcl_minus_lbl_plus_templates,ca837fd5027f82056681081774fff9507cfd1c727e71867d93a552ff2a4cdc99,HardwareEfficient,2.156251653059563,2.1617805034520234,0.005528850392460427,False
wcl_minus_lbl_plus_templates,ca386edd88164ffa11c481f7253c35755085ab3b89dc4a040baf53ef07db46b7,QAOA,2.156251653059563,2.1617805034520234,0.005528850392460427,False
wcl_minus_lbl_plus_templates,c91f83f84726fdd86c22a20ea08453d780f2bdd292a5b3b056d983430ea40d06,Grover,2.156251653059563,2.1617805034520234,0.005528850392460427,False
wcl_minus_lbl_plus_templates,c838d74688b6214d2871ed53c97174482edaa079269b7f347a8a6bf095e67a70,QAOA,2.156251653059563,2.1617805034520234,0.005528850392460427,False
wcl_minus_lbl_plus_templates,c79699bc553ba266feca0cc48d12346c9fa31633f6c158d26ee08f6599c9d82f,SurfaceCode,2.156251653059563,2.1617805034520234,0.005528850392460427,False
wcl_minus_lbl_plus_templates,c76911ce3c699af70df27c30a55cb7d4fd150a3f8bf77edf7314c601b966ce1d,QuantumWalk,2.156251653059563,2.1617805034520234,0.005528850392460427,False
wcl_minus_lbl_plus_templates,c73af4761baf3dcf4f28a3987d55dab7647737f13e2d751db93c903d205972c6,QuantumWalk,2.156251653059563,2.1617805034520234,0.005528850392460427,False
wcl_minus_lbl_plus_templates,c5d3cc7e27224a7f0435dbe10fc8c046011f5e3b58eea6c57431181a4bcbcb20,QuantumWalk,2.156251653059563,2.1617805034520234,0.005528850392460427,False
wcl_minus_lbl_plus_templates,b81e1fce8a1444d85177c6bc7af38bad39960f4060e55d08611f399ee4619722,Oracle,2.156251653059563,2.1617805034520234,0.005528850392460427,False
wcl_minus_lbl_plus_templates,c4a720840c00df3b0c2ea7000f573447922240d5d236a8c5747e3c48a1fb6259,QuantumWalk,2.156251653059563,2.1617805034520234,0.005528850392460427,False
wcl_minus_lbl_plus_templates,c3e848fe6db54137fa92444db2668cef254476947d748c8e25e29c13f6d30cb7,QAOA,2.156251653059563,2.1617805034520234,0.005528850392460427,False
wcl_minus_lbl_plus_templates,c3781847e3b476f0de097ecb06e247f54b9b45f604f5ccafeaab4169f506470a,Adder,2.156251653059563,2.1617805034520234,0.005528850392460427,False
wcl_minus_lbl_plus_templates,c2f59740e6b3e2a395683f9a2c34a12a350af985f437251f55c71e43bf23f1ab,Adder,2.156251653059563,2.1617805034520234,0.005528850392460427,False
wcl_minus_lbl_plus_templates,c15ccd1efbe0b71c21464e888a978afbe6b6cf006bd895873c7d9b8e51efbaf0,CNOT,2.156251653059563,2.1617805034520234,0.005528850392460427,False
wcl_minus_lbl_plus_templates,c03a59f09d1814f61e8886ce6c504c04c0bf89965ff911746bb96e21e9cd570c,SurfaceCode,2.156251653059563,2.1617805034520234,0.005528850392460427,False
wcl_minus_lbl_plus_templates,bf030e55f967a90ee4eb2ded2fcf87d656a3c8d4b083d1929398168bd0de4ba9,Grover,2.156251653059563,2.1617805034520234,0.005528850392460427,False
wcl_minus_lbl_plus_templates,be09cfe6fcb270823374495faa12de7dd56fe873b61ea5f4780fe001b3ab1ec1,QuantumWalk,2.156251653059563,2.1617805034520234,0.005528850392460427,False
wcl_minus_lbl_plus_templates,bc22540f392dc6218ac675f61a3e1ee5a21f4dc4e1c913d2f494c41bf37a67ac,QuantumWalk,2.156251653059563,2.1617805034520234,0.005528850392460427,False
wcl_minus_lbl_plus_templates,baa36a6bacd09d29a4e1ac1a3471506608430765957e6bc127dfa683d2dcf33d,HardwareEfficient,2.156251653059563,2.1617805034520234,0.005528850392460427,False
wcl_minus_lbl_plus_templates,b866fb4b41003a7d731ad7258462101c103a99bb9ec5d149206b154bb5a479bf,SurfaceCode,2.156251653059563,2.1617805034520234,0.005528850392460427,False
wcl_minus_lbl_plus_templates,4089615b62e2dc0c0b1b7723660abedb66020a4036e6d847a938a772d0d6172b,QAOA,2.156251653059563,2.1617805034520234,0.005528850392460427,False
wcl_minus_lbl_plus_templates,3d81f170b70b37bcf04340d03252bc648978848cc80013b68533b757c45bbf0b,QuantumWalk,2.156251653059563,2.1617805034520234,0.005528850392460427,False
wcl_minus_lbl_plus_templates,06a9d110c02d1aaba25d743baf96461b3dd1bb878757e9b6610aa31e5bd58915,HaarRandom,2.156251653059563,2.1617805034520234,0.005528850392460427,False
wcl_minus_lbl_plus_templates,20bd807cbfd98fe4ea82e3516bf2d4a8503636ee5a9f7d3e47639df20a82b08a,QAOA,2.156251653059563,2.1617805034520234,0.005528850392460427,False
wcl_minus_lbl_plus_templates,1db722a4ab864b09920242db5924585ffb2e655a8900901ff640e894a1a58a2d,SurfaceCode,2.156251653059563,2.1617805034520234,0.005528850392460427,False
wcl_minus_lbl_plus_templates,1e0a27417d327285c170dedda1a30b6477266b0adcb25849edabf48071b99ff9,HardwareEfficient,2.156251653059563,2.1617805034520234,0.005528850392460427,False
wcl_minus_lbl_plus_templates,02163c542c157c61ed7195186ff2f5485f3042166bff997c922c173ac06103d0,Oracle,2.156251653059563,2.1617805034520234,0.005528850392460427,False
wcl_minus_lbl_plus_templates,1e333b11b12581118a6220fdba235f1333b716caf85326bcbcae657ee5f5010d,VQE,2.156251653059563,2.1617805034520234,0.005528850392460427,False
wcl_minus_lbl_plus_templates,01a23834d951decd141adabe1307f2ad87488faaf5ff243ee1ed65f08cf396e8,HaarRandom,2.156251653059563,2.1617805034520234,0.005528850392460427,False
wcl_minus_lbl_plus_templates,1f2f7626c24f4a5e8e01afeec9043f45c1fe4598224d2f0f5664d76ef61ea065,VQE,2.156251653059563,2.1617805034520234,0.005528850392460427,False
wcl_minus_lbl_plus_templates,1f7ce6e1ac59964310bdbd87991235d720efcce0cd2bcfa26c140ef95e59e2e8,HardwareEfficient,2.156251653059563,2.1617805034520234,0.005528850392460427,False
wcl_minus_lbl_plus_templates,2164019ee5e79f18f2d1ccc22ecf54065aa0ae6d801bbde583c7eea6b58de838,Adder,2.156251653059563,2.1617805034520234,0.005528850392460427,False
wcl_minus_lbl_plus_templates,0639b3b3f7a5228332fd6ea0cb7de6e464b224d886d779e81c774cab81bfce25,Adder,2.156251653059563,2.1617805034520234,0.005528850392460427,False
wcl_minus_lbl_plus_templates,014e8da4cad4f97582e18a894f34fc8c3a41b14e6c31d3b3736404a1cf5b8e78,VQE,2.156251653059563,2.1617805034520234,0.005528850392460427,False
wcl_minus_lbl_plus_templates,0080a63f816f580541538093d5448ae336ed333ac6933bc71da115de0011b707,QAOA,2.156251653059563,2.1617805034520234,0.005528850392460427,False
wcl_minus_lbl_plus_templates,251f2e6bde8df1f5e9ec01838a8651a4178e7cd4f49748cd82510544d5869691,VQE,2.156251653059563,2.1617805034520234,0.005528850392460427,False
wcl_minus_lbl_plus_templates,264d1b73ac4524485965989504c9021bc175f53d087f673a4187e2e9d2d8234b,UCCSD_inspired,2.156251653059563,2.1617805034520234,0.005528850392460427,False
wcl_minus_lbl_plus_templates,272804f10f95ecb2895a565280f8594781730f41735af2d503194d428323e8a2,QuantumWalk,2.156251653059563,2.1617805034520234,0.005528850392460427,False
wcl_minus_lbl_plus_templates,27de95acc938a43758948985fc9dc86e4a392285121eaca84e3a9c40bceb4e31,QAOA,2.156251653059563,2.1617805034520234,0.005528850392460427,False
wcl_minus_lbl_plus_templates,0f71b269d40b142731582d0d62f4b9d2f8ad11f78887960b3215d7cb2db34e25,QuantumWalk,2.156251653059563,2.1617805034520234,0.005528850392460427,False
wcl_minus_lbl_plus_templates,03b7ba6584cd57903d9049d3d8d9d802e36a1d22303218b80bcdf8645fad3484,QAOA,2.156251653059563,2.1617805034520234,0.005528850392460427,False
wcl_minus_lbl_plus_templates,1c82b236ba06c15d01c63ef7f002938983d64d0466097126e6dd69be4a8ec39b,SurfaceCode,2.156251653059563,2.1617805034520234,0.005528850392460427,False
wcl_minus_lbl_plus_templates,2b1cde4abea2ed44a9eb8279de400f807116abcb88a364fd04bbb05b1c3244ae,Oracle,2.156251653059563,2.1617805034520234,0.005528850392460427,False
wcl_minus_lbl_plus_templates,14da3f908abda6229c65d0aec602aaf53fad733479c969be7e0504eaa5dacae0,SurfaceCode,2.156251653059563,2.1617805034520234,0.005528850392460427,False
wcl_minus_lbl_plus_templates,0beefbe297b32dc9ec283501ebd271f6102e615e89859d51183e5d935cb94f45,QuantumWalk,2.156251653059563,2.1617805034520234,0.005528850392460427,False
wcl_minus_lbl_plus_templates,0b2df1631cec49dcdf94ae6c89b987525505936cb61ce3a67e0759c3b5437914,VQE,2.156251653059563,2.1617805034520234,0.005528850392460427,False
wcl_minus_lbl_plus_templates,1010c2dbb1601660a48ce8b64e27c68253f6807c2256d09369338a6eb3aec367,QuantumWalk,2.156251653059563,2.1617805034520234,0.005528850392460427,False
wcl_minus_lbl_plus_templates,0a90fc5e637b6da47ad2addab3dcc441b7340b4c926ab8292227e140ae48b338,Grover,2.156251653059563,2.1617805034520234,0.005528850392460427,False
wcl_minus_lbl_plus_templates,11ca0a34ccfcff1362a4d080d776863708b5bb85227870100bccb7ea7d29a31f,SurfaceCode,2.156251653059563,2.1617805034520234,0.005528850392460427,False
wcl_minus_lbl_plus_templates,12aba0a55cc5324f1f86a4be0a6e11b63595a323c727cbf9b31cd9615f0e057d,Adder,2.156251653059563,2.1617805034520234,0.005528850392460427,False
wcl_minus_lbl_plus_templates,146c3e821e8145d085eb90027904fa7f60f9de8430825fefc368f5c286fa991b,HardwareEfficient,2.156251653059563,2.1617805034520234,0.005528850392460427,False
wcl_minus_lbl_plus_templates,15085463bb9acfc3d3c2fcc7416945689cf8dbdf38ee63960843c17c716d519e,SurfaceCode,2.156251653059563,2.1617805034520234,0.005528850392460427,False
wcl_minus_lbl_plus_templates,06c44d32c85d1c06864d6f9775908c5d875e7b32ddcad6ee5dfed8d86c27ca6f,SurfaceCode,2.156251653059563,2.1617805034520234,0.005528850392460427,False
wcl_minus_lbl_plus_templates,0a81cc4d0a797c511cc7757f221f526b65d937b82fd056476c0518a352f5005b,IQP,2.156251653059563,2.1617805034520234,0.005528850392460427,False
wcl_minus_lbl_plus_templates,0a54b71bfd47499f18a2421cd6bf97c15dc3f348b2d97f00df878dc6173f5324,Grover,2.156251653059563,2.1617805034520234,0.005528850392460427,False
wcl_minus_lbl_plus_templates,1640ff7462e7311a41f33aa104a27eee9536fe8b771e28d6bc904b5a4f4f958a,VQE,2.156251653059563,2.1617805034520234,0.005528850392460427,False
wcl_minus_lbl_plus_templates,08d1f72d01ec4aea7a1db3a931475f5b6dec3dbcbae9f261b9ca622d0598111e,QuantumWalk,2.156251653059563,2.1617805034520234,0.005528850392460427,False
wcl_minus_lbl_plus_templates,08824540c17b7e5551c4fed38e25fb7c445eb88bc2adf305e2ac828fad4d56a8,Adder,2.156251653059563,2.1617805034520234,0.005528850392460427,False
wcl_minus_lbl_plus_templates,08654d0b844c66f30029c8c41a7a668b9899dc14c7c9d5a5445fa5df75b6a5f4,SurfaceCode,2.156251653059563,2.1617805034520234,0.005528850392460427,False
wcl_minus_lbl_plus_templates,1b84760a272ee5b898d6856ea47d7309859a0aaa27c6d9f54caa0a3ca7965d66,Grover,2.156251653059563,2.1617805034520234,0.005528850392460427,False
wcl_minus_lbl_plus_templates,2a80f64340c58306fb04a784ab1f93b8bc47dddf3b2084721a18783df59e4275,HaarRandom,2.156251653059563,2.1617805034520234,0.005528850392460427,False
wcl_minus_lbl_plus_templates,0cdd5a16e73c23ba58925f4d39695d1266fd02932361888693ce1d5d922fd6ce,Adder,2.156251653059563,2.1617805034520234,0.005528850392460427,False
wcl_minus_lbl_plus_templates,3423136e859fa215b3b360e805aaa1303009ced372beda3ec71687a13e80c4b6,QuantumWalk,2.156251653059563,2.1617805034520234,0.005528850392460427,False
wcl_minus_lbl_plus_templates,3113b971b548c7ee4e78af92d32b392c5bfcc30e701ff59f7420abc819314785,QAOA,2.156251653059563,2.1617805034520234,0.005528850392460427,False
wcl_minus_lbl_plus_templates,37cdb70bdc0a40384c6a1a0824df270d7d181388d831d4788c2d190a5106be0d,QuantumWalk,2.156251653059563,2.1617805034520234,0.005528850392460427,False
wcl_minus_lbl_plus_templates,380136ad69bebfc3d05fdf4d7fab225d1325b53da9391f41c26a567f88a08608,QuantumWalk,2.156251653059563,2.1617805034520234,0.005528850392460427,False
wcl_minus_lbl_plus_templates,32c9e772774deff17d4b957250f4893cf8bc7cbe5983475de6b326cdc1ece616,HardwareEfficient,2.156251653059563,2.1617805034520234,0.005528850392460427,False
wcl_minus_lbl_plus_templates,329b15531e8ae55e3c8668f2b78d9dbb4532f68f6c3aa4cb36f07012787c1a07,HardwareEfficient,2.156251653059563,2.1617805034520234,0.005528850392460427,False
wcl_minus_lbl_plus_templates,389bf6f7858d6a53b8763831df2427cec2bb16be06630b7211a9f557a2dfcd75,QuantumWalk,2.156251653059563,2.1617805034520234,0.005528850392460427,False
wcl_minus_lbl_plus_templates,38fb79c22e616a17ca079d6ac91f1593bb639b1c9cdc24b819719a203860bb1c,HaarRandom,2.156251653059563,2.1617805034520234,0.005528850392460427,False
wcl_minus_lbl_plus_templates,326af35614abc61489f1ad4018e0d4e3dedd5328f5de7283c2efd6199cf76236,HardwareEfficient,2.156251653059563,2.1617805034520234,0.005528850392460427,False
wcl_minus_lbl_plus_templates,3aae783a820f49c9540e519d2e0530dfc7772f6fca9d6281bb75cb295af6f03e,SurfaceCode,2.156251653059563,2.1617805034520234,0.005528850392460427,False
wcl_minus_lbl_plus_templates,3aee8fb917c05afbe6186cad1160779a632dee4212db5acd705c807383e6b682,Adder,2.156251653059563,2.1617805034520234,0.005528850392460427,False
wcl_minus_lbl_plus_templates,2da0675bcf3b7abb3d5daf9177c5c708714eb652339263c60ffc5cfc077ab523,Grover,2.156251653059563,2.1617805034520234,0.005528850392460427,False
wcl_minus_lbl_plus_templates,350c8060ffd6c0e538db61490c774b4be2c7b6e47f358cfe7277cbb05914efda,VQE,2.156251653059563,2.1617805034520234,0.005528850392460427,False
wcl_minus_lbl_plus_templates,2d043f6785f08c83f853dfb793626cfb8e1e5c2265f0d61dc52cab5049ee4b4d,VQE,2.156251653059563,2.1617805034520234,0.005528850392460427,False
wcl_minus_lbl_plus_templates,2c84ea80bde7fac580d458a541d4e4690eaff27a501e95e6eb5ade7c80642293,QAOA,2.156251653059563,2.1617805034520234,0.005528850392460427,False
wcl_minus_lbl_plus_templates,2c4eabb9f48c4ae3c75c74a5d4378f67f7d301aceb9b8651680f3c6aa91a6477,Adder,2.156251653059563,2.1617805034520234,0.005528850392460427,False
wcl_minus_lbl_plus_templates,3e0c8afaa2c7ac511c66cdc6f54a4f59ecec9d97e00b3f1ed0997592613b2ff4,VQE,2.156251653059563,2.1617805034520234,0.005528850392460427,False
wcl_minus_lbl_plus_templates,3f042fa9b9dbce7185f41afba08f1499752dc0e6949614c29d69df95229d96bd,SurfaceCode,2.156251653059563,2.1617805034520234,0.005528850392460427,False
wcl_minus_lbl_plus_templates,2bee44a161fa6c431fbd0ee8af1ba0d00e29dddddd1803be82a2bf7ca95465b8,Grover,2.156251653059563,2.1617805034520234,0.005528850392460427,False
wcl_minus_lbl_plus_templates,2bc3bac3e16a924e0b659e514bdadb24402dd25bb43047e6292e84d6f96ed9cf,Adder,2.156251653059563,2.1617805034520234,0.005528850392460427,False
wcl_minus_lbl_plus_templates,376ceef4983731f7550ead348027cf64df326a3131ced4b5445918208feab683,Adder,2.156251653059563,2.1617805034520234,0.005528850392460427,False
wcl_minus_lbl_plus_templates,2305d8f3c5c816b9903c87f6b6aefe0e169f33ae47188898aac6fc16bdc0b91d,IQP,2.156251653059563,2.1507283372274437,0.005523315832119291,False
random_minus_lbl_plus_templates,0a54b71bfd47499f18a2421cd6bf97c15dc3f348b2d97f00df878dc6173f5324,Grover,1.6686811835039983,1.6741902863177462,0.005509102813747946,False
random_minus_lbl_plus_templates,0b12314b8f546448b63ec916582bdcd18c8f92e57f6756737f55de986300e4e8,QuantumWalk,1.6686811835039983,1.6741582924472083,0.005477108943209963,False
random_minus_lbl_commutation_only,96561fd3e0765c0456e8f0b0e5c9c800074d4f866c985077bc85ca4c0fb159aa,RandomClifford,1.7962196557066954,1.7907520870583242,0.005467568648371168,False
wcl_minus_lbl_plus_templates,ea616cc3027e3233ee7136c2491ed791a67189fd196da0c12b55f980a7200a76,HaarRandom,2.156251653059563,2.1617182981496437,0.005466645090080657,False
random_minus_lbl_commutation_only,f360b2738c36711c1019ce7764c30286bb612c574b1f9d512b2ca2afeaad5639,Grover,1.7962196557066954,1.8016800479862853,0.005460392279589943,False
random_minus_lbl_plus_templates,f4b0bcb6432520607dadb467eb5e704c725dfbb16639473eee8c5a019635e799,QuantumWalk,1.6686811835039983,1.67410719620046,0.005426012696461591,False
random_minus_lbl_commutation_only,48b1b2262a81838842891d34d28e8bb95c6ab5d240dc058f0b6299173c5a36fe,Grover,1.7962196557066954,1.8016390609213206,0.00541940521462525,False
wcl_minus_lbl_commutation_only,03eaab10a83e1dfeb034fd7582bcf4a2ea7fa5b71a897818b9064ad6fb621c5a,UCCSD_inspired,2.536018174756534,2.5306499402568594,0.005368234499674607,False
wcl_minus_lbl_commutation_only,1d4853bca63144935eeb81d785f652a95967ee4e4ffe44f0b753e62a72490a87,UCCSD_inspired,2.536018174756534,2.5306499402568594,0.005368234499674607,False
wcl_minus_lbl_commutation_only,67ac65461d4b57621b92856148cbe19f65ec089efa10dd8e0ec245c21403aea1,UCCSD_inspired,2.536018174756534,2.5306499402568594,0.005368234499674607,False
wcl_minus_lbl_commutation_only,e1e87948c1add56cf7276d71868a09a47fa9a3c181b86099ca4c0991612b1e44,UCCSD_inspired,2.536018174756534,2.5306499402568594,0.005368234499674607,False
wcl_minus_lbl_commutation_only,84d3281e5151bde9af2a7cc3de51f55b2dd2cfb8283f989bef5f9482034a8a54,UCCSD_inspired,2.536018174756534,2.5306499402568594,0.005368234499674607,False
wcl_minus_lbl_commutation_only,da3d5d211a834bc0eae3944ac1de0713b7822563ca9f58d191717e39618f430e,UCCSD_inspired,2.536018174756534,2.5306499402568594,0.005368234499674607,False
wcl_minus_lbl_commutation_only,572ced8466222c9cce73f7c74264b2354fd93bd719eafb0290bc144dcb80224f,UCCSD_inspired,2.536018174756534,2.5306499402568594,0.005368234499674607,False
wcl_minus_lbl_commutation_only,3caaac792211b208d26d1723c5c6222b514fd3fec82d2da780fcda89e7b16a2e,UCCSD_inspired,2.536018174756534,2.5306499402568594,0.005368234499674607,False
random_minus_lbl_plus_templates,1b84760a272ee5b898d6856ea47d7309859a0aaa27c6d9f54caa0a3ca7965d66,Grover,1.6686811835039983,1.6740432768239255,0.005362093319927208,False
random_minus_lbl_plus_templates,411fb287ad09f5ba59dc8928c41c7d63890830c6fb4a8d8bbc17d6aa448f59f5,IQP,1.6686811835039983,1.663344468589906,0.0053367149140923775,False
wcl_minus_lbl_plus_templates,1a7bfb668baba31b5cb74057590661843ab8c6a997dc5e21c16d38ca42dee44b,QuantumWalk,2.156251653059563,2.1615854086917112,0.005333755632148218,False
wcl_minus_lbl_commutation_only,6194c79c6876f931fd4dd2e105ee631824a9635fa4fec3f8ff6e7642655610e8,QuantumWalk,2.536018174756534,2.541308410879098,0.005290236122564185,False
wcl_minus_lbl_commutation_only,1a7bfb668baba31b5cb74057590661843ab8c6a997dc5e21c16d38ca42dee44b,QuantumWalk,2.536018174756534,2.541308410879098,0.005290236122564185,False
wcl_minus_lbl_commutation_only,dc8ceaecb8e2ef6b2a8168d75f511498a0bb1c550f459c37996e52c89e84ba85,QuantumWalk,2.536018174756534,2.541308410879098,0.005290236122564185,False
random_minus_lbl_commutation_only,84d3281e5151bde9af2a7cc3de51f55b2dd2cfb8283f989bef5f9482034a8a54,UCCSD_inspired,1.7962196557066954,1.790932976128102,0.005286679578593301,False
random_minus_lbl_commutation_only,1d4853bca63144935eeb81d785f652a95967ee4e4ffe44f0b753e62a72490a87,UCCSD_inspired,1.7962196557066954,1.790932976128102,0.005286679578593301,False
wcl_minus_lbl_commutation_only,59b729dbea5b2457f083d3577ed253a3b4f24dfc11f1e185af454468b65fb400,RandomClifford,2.536018174756534,2.541288043843681,0.005269869087146883,False
wcl_minus_lbl_commutation_only,3ddeba643cb1262108f3aa16deb98fff7a1b48b89c7248b1fb063953fca055c7,RandomClifford,2.536018174756534,2.541238734178987,0.0052205594224528085,False
random_minus_lbl_commutation_only,061145114cca873e3d8fcf98f0fa0a719cdf86dc6144864cc899a7493711240b,IQP,1.7962196557066954,1.79101373017711,0.00520592552958532,False
random_minus_lbl_plus_templates,389bf6f7858d6a53b8763831df2427cec2bb16be06630b7211a9f557a2dfcd75,QuantumWalk,1.6686811835039983,1.6738853461520602,0.005204162648061894,False
random_minus_lbl_commutation_only,ea4cff4dbbb34657d0633d5d1bcc4831684ba4949396d8256e08ea5b99fa4636,QuantumWalk,1.7962196557066954,1.801409868992702,0.005190213286006662,False
random_minus_lbl_commutation_only,08d1f72d01ec4aea7a1db3a931475f5b6dec3dbcbae9f261b9ca622d0598111e,QuantumWalk,1.7962196557066954,1.801409868992702,0.005190213286006662,False
random_minus_lbl_commutation_only,599763794bd11a8ee3fb857551c69c3afd29964ebeb7ee6c9a144ee61a7e51c3,QuantumWalk,1.7962196557066954,1.801409868992702,0.005190213286006662,False
random_minus_lbl_commutation_only,3423136e859fa215b3b360e805aaa1303009ced372beda3ec71687a13e80c4b6,QuantumWalk,1.7962196557066954,1.801409868992702,0.005190213286006662,False
random_minus_lbl_commutation_only,a8fb890216921697e75dec718450347728fa67236e477ce8e39377128e6df537,Grover,1.7962196557066954,1.8013685892002502,0.00514893349355483,False
random_minus_lbl_commutation_only,621e78a0d5cbbcbb2a75d4d9755c646061565d0ead3e3cb962144cea9ad7496d,Grover,1.7962196557066954,1.8013655372785162,0.005145881571820832,False
random_minus_lbl_plus_templates,f360b2738c36711c1019ce7764c30286bb612c574b1f9d512b2ca2afeaad5639,Grover,1.6686811835039983,1.6738145540599916,0.005133370555993277,False
primary_listing_by_rule_did,d3b5ace1ffcfa1395fa7475de82da131003d95cdf3358f349d791df72f45b4ae,Oracle,-0.37976652169697117,-0.3746352759040086,0.005131245792962591,False
random_minus_lbl_plus_templates,8fade07fc864918c4a4969c2781f2c199d2cec46f63e96c10290027163d5a455,Oracle,1.6686811835039983,1.663578990165891,0.0051021933381072415,False
wcl_minus_lbl_commutation_only,8a2dab910f6b0fb4138b6288249055697b4a82d54aeb40f1b365d52677ecd74e,QuantumWalk,2.536018174756534,2.5411133161187864,0.00509514136225242,False
random_minus_lbl_plus_templates,48b1b2262a81838842891d34d28e8bb95c6ab5d240dc058f0b6299173c5a36fe,Grover,1.6686811835039983,1.6737735669950269,0.005092383491028585,False
random_minus_lbl_plus_templates,1af7528f5f0b083d8fb217d2aaa8db5ea8fabaefadf375ad667c53198edfbaae,IQP,1.6686811835039983,1.663596557325141,0.005084626178857299,False
random_minus_lbl_plus_templates,c2edd0f05863f7c5791bbf5b6ee2131a4e62dce0b2cac1a356f178eeca043f8a,UCCSD_inspired,1.6686811835039983,1.6636115626069998,0.005069620896998472,False
random_minus_lbl_commutation_only,ac5cb7a1191241454b4fd01d93fcb219cc0a72bbf543d70ec604ba87a2a0d7ad,QuantumWalk,1.7962196557066954,1.8012637385274224,0.005044082820726992,False
random_minus_lbl_commutation_only,f6bad2be7e968d27cb136e3528e2562cdb27eccfd23b265b21bc4684c8c2ff48,Grover,1.7962196557066954,1.801254126824578,0.005034471117882688,False
random_minus_lbl_commutation_only,c4a720840c00df3b0c2ea7000f573447922240d5d236a8c5747e3c48a1fb6259,QuantumWalk,1.7962196557066954,1.8012299215193284,0.005010265812632975,False
random_minus_lbl_commutation_only,411fb287ad09f5ba59dc8928c41c7d63890830c6fb4a8d8bbc17d6aa448f59f5,IQP,1.7962196557066954,1.7912099625161997,0.005009693190495712,False
random_minus_lbl_commutation_only,2305d8f3c5c816b9903c87f6b6aefe0e169f33ae47188898aac6fc16bdc0b91d,IQP,1.7962196557066954,1.8011937526724036,0.0049740969657081635,False
random_minus_lbl_commutation_only,b566c5863a335453fb112204e335b3b8c73d2037c3d0809e6850d62248548ca5,QuantumWalk,1.7962196557066954,1.8011663182172362,0.004946662510540767,False
random_minus_lbl_commutation_only,5b1e86584da3b6e4065a29ec23dcba8ca2e23b69da2d3d2debdbc7a05920c733,QuantumWalk,1.7962196557066954,1.8011663182172362,0.004946662510540767,False
random_minus_lbl_commutation_only,69fbd289de660bed2b78ee9f9d1cc83e5a306b8d5606c47a6ad36a8643ea1d45,QuantumWalk,1.7962196557066954,1.801117608062143,0.0048979523554475435,False
random_minus_lbl_plus_templates,9d28cb9bb42a70f9fa00e7efba94348562efdd144be3a7aef8382f0ab9e0b925,Oracle,1.6686811835039983,1.6638023440477816,0.004878839456216699,False
random_minus_lbl_commutation_only,bf030e55f967a90ee4eb2ded2fcf87d656a3c8d4b083d1929398168bd0de4ba9,Grover,1.7962196557066954,1.8010965850614966,0.004876929354801218,False
random_minus_lbl_commutation_only,1b84760a272ee5b898d6856ea47d7309859a0aaa27c6d9f54caa0a3ca7965d66,Grover,1.7962196557066954,1.801096203036243,0.004876547329547565,False
random_minus_lbl_commutation_only,50b8786b19b903fee03c7d549eeadd02f826e61a98ec20ccfe13816a21e87930,Grover,1.7962196557066954,1.8010954422050502,0.0048757864983548505,False
random_minus_lbl_commutation_only,96cd385647c924a15dadcdee8b59db5e9352e18d77f51d5aa446cd42c94b7327,QuantumWalk,1.7962196557066954,1.8010950633900804,0.0048754076833850135,False
random_minus_lbl_commutation_only,bc22540f392dc6218ac675f61a3e1ee5a21f4dc4e1c913d2f494c41bf37a67ac,QuantumWalk,1.7962196557066954,1.8010950633900804,0.0048754076833850135,False
random_minus_lbl_plus_templates,ea4cff4dbbb34657d0633d5d1bcc4831684ba4949396d8256e08ea5b99fa4636,QuantumWalk,1.6686811835039983,1.6735443750664083,0.004863191562409996,False
random_minus_lbl_plus_templates,08d1f72d01ec4aea7a1db3a931475f5b6dec3dbcbae9f261b9ca622d0598111e,QuantumWalk,1.6686811835039983,1.6735443750664083,0.004863191562409996,False
random_minus_lbl_plus_templates,599763794bd11a8ee3fb857551c69c3afd29964ebeb7ee6c9a144ee61a7e51c3,QuantumWalk,1.6686811835039983,1.6735443750664083,0.004863191562409996,False
random_minus_lbl_plus_templates,3423136e859fa215b3b360e805aaa1303009ced372beda3ec71687a13e80c4b6,QuantumWalk,1.6686811835039983,1.6735443750664083,0.004863191562409996,False
random_minus_lbl_commutation_only,0b12314b8f546448b63ec916582bdcd18c8f92e57f6756737f55de986300e4e8,QuantumWalk,1.7962196557066954,1.8010622479119636,0.00484259220526817,False
random_minus_lbl_commutation_only,948333538f192e047cf807ea8eaf140facd1c784484d67f3d731205abea6929e,QuantumWalk,1.7962196557066954,1.801050110680331,0.004830454973635545,False
random_minus_lbl_plus_templates,a8fb890216921697e75dec718450347728fa67236e477ce8e39377128e6df537,Grover,1.6686811835039983,1.6735030952739565,0.004821911769958165,False
random_minus_lbl_plus_templates,621e78a0d5cbbcbb2a75d4d9755c646061565d0ead3e3cb962144cea9ad7496d,Grover,1.6686811835039983,1.6735000433522225,0.004818859848224166,False
random_minus_lbl_commutation_only,1e2e846760ffae18723d5eeb34d434e2b4745acb5f1ca7dbfd34512dbe0f8b16,QuantumWalk,1.7962196557066954,1.801029732118578,0.00481007641188258,False
random_minus_lbl_commutation_only,5a934ea58cefe89266217b8814d0f05d97ee7364560c39b14857c236af49988b,QuantumWalk,1.7962196557066954,1.8010276343254563,0.004807978618760922,False
random_minus_lbl_commutation_only,c76911ce3c699af70df27c30a55cb7d4fd150a3f8bf77edf7314c601b966ce1d,QuantumWalk,1.7962196557066954,1.8010276343254563,0.004807978618760922,False
random_minus_lbl_commutation_only,c2bc1600a43475bd792ec7ca2dfb34c87d2b32b84e9b2893c489410f17e2a572,Oracle,1.7962196557066954,1.7914444840921848,0.004775171614510576,False
random_minus_lbl_commutation_only,8fade07fc864918c4a4969c2781f2c199d2cec46f63e96c10290027163d5a455,Oracle,1.7962196557066954,1.7914444840921848,0.004775171614510576,False
random_minus_lbl_commutation_only,1af7528f5f0b083d8fb217d2aaa8db5ea8fabaefadf375ad667c53198edfbaae,IQP,1.7962196557066954,1.7914620512514345,0.004757604455260855,False
random_minus_lbl_commutation_only,c2edd0f05863f7c5791bbf5b6ee2131a4e62dce0b2cac1a356f178eeca043f8a,UCCSD_inspired,1.7962196557066954,1.7914770565332936,0.004742599173401807,False
random_minus_lbl_commutation_only,1010c2dbb1601660a48ce8b64e27c68253f6807c2256d09369338a6eb3aec367,QuantumWalk,1.7962196557066954,1.8009602052608324,0.004740549554137052,False
random_minus_lbl_commutation_only,3d81f170b70b37bcf04340d03252bc648978848cc80013b68533b757c45bbf0b,QuantumWalk,1.7962196557066954,1.8009602052608324,0.004740549554137052,False
random_minus_lbl_plus_templates,e166fa2a19a186e5e1137d16871bf8113bf541253cf619d063dff93086ac2fbd,Grover,1.6686811835039983,1.673413195242791,0.004732011738792785,False
random_minus_lbl_commutation_only,8aaf01a56bcab37914ddfaba82a75a16e140d95441d873784a6ddbc0cb82048b,QuantumWalk,1.7962196557066954,1.8009474007570652,0.004727745050369769,False
random_minus_lbl_commutation_only,90b9d6a98141cc942d3ded30a930bd0e1d014a4a74273b8ac4367eda1522afc9,QuantumWalk,1.7962196557066954,1.8009377289059578,0.004718073199262429,False
random_minus_lbl_plus_templates,ac5cb7a1191241454b4fd01d93fcb219cc0a72bbf543d70ec604ba87a2a0d7ad,QuantumWalk,1.6686811835039983,1.6733982446011288,0.004717061097130548,False
random_minus_lbl_commutation_only,c63e19873423ccaaf570f0b635947cafec97a5e60d7fb9d0985ab0dc116133d6,Grover,1.7962196557066954,1.8009336284898656,0.004713972783170206,False
random_minus_lbl_commutation_only,41691b11f094e6d0a2948bdb40851a9dc8a1792a04c3badae293f622ddbf18c3,Grover,1.7962196557066954,1.8009332639061677,0.004713608199472308,False
random_minus_lbl_commutation_only,f0ce08a94e8912e5622a6df3ca1903091c67e592bc993e854d2aac9723e208a7,Grover,1.7962196557066954,1.8009332639061677,0.004713608199472308,False
random_minus_lbl_commutation_only,50abdffe4514c651d5af9c7e16d8dce45ce300d5b27272614d921ca65abaa9e7,Grover,1.7962196557066954,1.8009332639061677,0.004713608199472308,False
random_minus_lbl_commutation_only,2bee44a161fa6c431fbd0ee8af1ba0d00e29dddddd1803be82a2bf7ca95465b8,Grover,1.7962196557066954,1.8009329017693403,0.0047132460626448935,False
random_minus_lbl_commutation_only,2da0675bcf3b7abb3d5daf9177c5c708714eb652339263c60ffc5cfc077ab523,Grover,1.7962196557066954,1.8009329017693403,0.0047132460626448935,False
random_minus_lbl_plus_templates,f6bad2be7e968d27cb136e3528e2562cdb27eccfd23b265b21bc4684c8c2ff48,Grover,1.6686811835039983,1.6733886328982845,0.004707449394286245,False
random_minus_lbl_commutation_only,b4accbdc8bd4599d8f4a4a4f335254fe7d27c0867b844bb682bb307303bce702,QuantumWalk,1.7962196557066954,1.800922990031969,0.004703334325273589,False
random_minus_lbl_commutation_only,893f6526bf6a6d3aeec9c02876eace88e08e93caa6ed56c50764daeba95b4560,HaarRandom,1.7962196557066954,1.8009186550851541,0.004698999378458746,False
random_minus_lbl_commutation_only,f88dd26fe808edabf53419e020b87e3b4a517886def363d693787b3bc9728cf8,QuantumWalk,1.7962196557066954,1.800915252551083,0.004695596844387584,False
random_minus_lbl_commutation_only,c9e5b59e32c53d4772620b8ccf8ab1e16870e879379d57c33dae662522f67ce3,QuantumWalk,1.7962196557066954,1.800910784669421,0.00469112896272561,False
random_minus_lbl_plus_templates,c4a720840c00df3b0c2ea7000f573447922240d5d236a8c5747e3c48a1fb6259,QuantumWalk,1.6686811835039983,1.6733644275930348,0.004683244089036531,False
random_minus_lbl_commutation_only,f1284efd15a9080f1c608580385172943d833e7426babe23f2a385b344fca9ac,QuantumWalk,1.7962196557066954,1.8008985793068728,0.004678923600177409,False
random_minus_lbl_commutation_only,b48696525dc16ace3d17f7656e6602f2710e54d030274a737712c3dc966a5f93,QuantumWalk,1.7962196557066954,1.8008741685817768,0.004654512875081451,False
random_minus_lbl_plus_templates,2305d8f3c5c816b9903c87f6b6aefe0e169f33ae47188898aac6fc16bdc0b91d,IQP,1.6686811835039983,1.67332825874611,0.00464707524211172,False
random_minus_lbl_commutation_only,e541b465d3e72bc04ff8e5a4eb83441dd9b5c474b735a707e491dfff3e8ff456,QuantumWalk,1.7962196557066954,1.8008462501416176,0.004626594434922193,False
random_minus_lbl_plus_templates,b566c5863a335453fb112204e335b3b8c73d2037c3d0809e6850d62248548ca5,QuantumWalk,1.6686811835039983,1.6733008242909424,0.004619640786944101,False
random_minus_lbl_plus_templates,5b1e86584da3b6e4065a29ec23dcba8ca2e23b69da2d3d2debdbc7a05920c733,QuantumWalk,1.6686811835039983,1.6733008242909424,0.004619640786944101,False
random_minus_lbl_commutation_only,54081630416519b0c77bbd353bb5998e32c8ddc6917cc148e526826f6f6debc6,QuantumWalk,1.7962196557066954,1.8008253471315843,0.004605691424888869,False
random_minus_lbl_commutation_only,ecfd2572e51eb6ffed7dc27ff03ff03e0340732f1c1277c844b7427722591d79,HardwareEfficient,1.7962196557066954,1.8008253471315843,0.004605691424888869,False
random_minus_lbl_commutation_only,569144f1f4ed5900a4ee35afd5c24a98a42de6ce3c141773dc514b4ea44405f4,UCCSD_inspired,1.7962196557066954,1.8008253471315843,0.004605691424888869,False
random_minus_lbl_commutation_only,5644fee5bd8328c655b27bf4202f33cb49d6ff723364d466a3a1421f12c14466,HardwareEfficient,1.7962196557066954,1.8008253471315843,0.004605691424888869,False
random_minus_lbl_commutation_only,5562a10a2385796690312a16c52884a150b99c123c39cb6b12089a46cad0a542,HardwareEfficient,1.7962196557066954,1.8008253471315843,0.004605691424888869,False
random_minus_lbl_commutation_only,edd5a22e6ec1e0d26a85c6c718e1e94836f192ceab2dbfb5f4d8a6786339dd0d,QAOA,1.7962196557066954,1.8008253471315843,0.004605691424888869,False
random_minus_lbl_commutation_only,df499dded1e0518f2f6266b9f0e35d3c81e6057b5ba6e6decbb0f26370e5bb03,GHZ,1.7962196557066954,1.8008253471315843,0.004605691424888869,False
random_minus_lbl_commutation_only,5c672ebce573529c490baac76666f3d7035c91d1a2552a4c883752c77353c5da,QAOA,1.7962196557066954,1.8008253471315843,0.004605691424888869,False
random_minus_lbl_commutation_only,53b73b5cd49bf304f89e5343449a253cb9005287952a8e3fd40f0f4538bd6356,VQE,1.7962196557066954,1.8008253471315843,0.004605691424888869,False
random_minus_lbl_commutation_only,e4bc9db5147e3cf352a2b34eb199daa122ba5549fa5d7b3f3f678a4af97036f6,SurfaceCode,1.7962196557066954,1.8008253471315843,0.004605691424888869,False
random_minus_lbl_commutation_only,52fa838edc0ec27d2776b0f16823e23c9dd0d9fcbc80dde3c63633de21d71851,SurfaceCode,1.7962196557066954,1.8008253471315843,0.004605691424888869,False
random_minus_lbl_commutation_only,5713a5dbe3be0670eb39317ac7b841739b453b10c8966fa6018e22c62466cb23,QAOA,1.7962196557066954,1.8008253471315843,0.004605691424888869,False
random_minus_lbl_commutation_only,dd0bd9d601309ab2409129880f851b4a0aa922f7e24924a06c30ef6874a5a00b,Grover,1.7962196557066954,1.8008253471315843,0.004605691424888869,False
random_minus_lbl_commutation_only,de948303c9c984b841388b3aa67f077ef51521bf18b9a003b8ea79b973958b75,VQE,1.7962196557066954,1.8008253471315843,0.004605691424888869,False
random_minus_lbl_commutation_only,2b75895aa27cbc6b06ca489c63a0acceb9af896130529bb5c000766f1e53267c,RandomClifford,1.7962196557066954,1.8008253471315843,0.004605691424888869,False
random_minus_lbl_commutation_only,2c84ea80bde7fac580d458a541d4e4690eaff27a501e95e6eb5ade7c80642293,QAOA,1.7962196557066954,1.8008253471315843,0.004605691424888869,False
random_minus_lbl_commutation_only,5b48e826e65152b0af21cba70e11371c1b074a0c9c1e146e88104ebda8da7f44,QuantumWalk,1.7962196557066954,1.8008253471315843,0.004605691424888869,False
random_minus_lbl_commutation_only,ea616cc3027e3233ee7136c2491ed791a67189fd196da0c12b55f980a7200a76,HaarRandom,1.7962196557066954,1.8008253471315843,0.004605691424888869,False
random_minus_lbl_commutation_only,2bc3bac3e16a924e0b659e514bdadb24402dd25bb43047e6292e84d6f96ed9cf,Adder,1.7962196557066954,1.8008253471315843,0.004605691424888869,False
random_minus_lbl_commutation_only,587577f385cf54a3edd3cc639b3ac8cc5aa139f2ef414827515ddc7be4c12104,GHZ,1.7962196557066954,1.8008253471315843,0.004605691424888869,False
random_minus_lbl_commutation_only,e2143d08e116cb3586d657f776bf753f5b6696964a06ed9814fe6dc5d6a4f903,SurfaceCode,1.7962196557066954,1.8008253471315843,0.004605691424888869,False
random_minus_lbl_commutation_only,f1bbfe2c5554ef1e3780c3589fe5016e2871845659c086dd38a099ad9bd9415e,SurfaceCode,1.7962196557066954,1.8008253471315843,0.004605691424888869,False
random_minus_lbl_commutation_only,e531af1f8b94fffea8b8bce63a1597bd0985b332e393c62efb10770617f93294,HardwareEfficient,1.7962196557066954,1.8008253471315843,0.004605691424888869,False
random_minus_lbl_commutation_only,27de95acc938a43758948985fc9dc86e4a392285121eaca84e3a9c40bceb4e31,QAOA,1.7962196557066954,1.8008253471315843,0.004605691424888869,False
random_minus_lbl_commutation_only,59fbafb4a84f6e3bf7095d58daa93081c2109f6d48baaa6615d62eb5baec28bb,VQE,1.7962196557066954,1.8008253471315843,0.004605691424888869,False
random_minus_lbl_commutation_only,2d043f6785f08c83f853dfb793626cfb8e1e5c2265f0d61dc52cab5049ee4b4d,VQE,1.7962196557066954,1.8008253471315843,0.004605691424888869,False
random_minus_lbl_commutation_only,20bd807cbfd98fe4ea82e3516bf2d4a8503636ee5a9f7d3e47639df20a82b08a,QAOA,1.7962196557066954,1.8008253471315843,0.004605691424888869,False
random_minus_lbl_commutation_only,1db722a4ab864b09920242db5924585ffb2e655a8900901ff640e894a1a58a2d,SurfaceCode,1.7962196557066954,1.8008253471315843,0.004605691424888869,False
random_minus_lbl_commutation_only,ecdc88be58bf549d56d32e78bd4bc92867b980440b9b1b2d29c6a6a0c98bcfe2,UCCSD_inspired,1.7962196557066954,1.8008253471315843,0.004605691424888869,False
random_minus_lbl_commutation_only,50acc8cca2f23db161ca0e99de8435635242080dcd80d6ee45c483913667385d,SurfaceCode,1.7962196557066954,1.8008253471315843,0.004605691424888869,False
random_minus_lbl_commutation_only,e70adb6d3e5448619b259d6e825d34f94cb868684eb2b940009ecdb58c7275ee,SurfaceCode,1.7962196557066954,1.8008253471315843,0.004605691424888869,False
random_minus_lbl_commutation_only,4035c390bb35bd7735df397046c84d406ef79095dfe0cf931033a80c28b17459,Grover,1.7962196557066954,1.8008253471315843,0.004605691424888869,False
random_minus_lbl_commutation_only,2c4eabb9f48c4ae3c75c74a5d4378f67f7d301aceb9b8651680f3c6aa91a6477,Adder,1.7962196557066954,1.8008253471315843,0.004605691424888869,False
random_minus_lbl_commutation_only,437020e3b14d16381ddae29b4c8219401888281530fe7a429e0e50cdf87b176c,Adder,1.7962196557066954,1.8008253471315843,0.004605691424888869,False
random_minus_lbl_commutation_only,4089615b62e2dc0c0b1b7723660abedb66020a4036e6d847a938a772d0d6172b,QAOA,1.7962196557066954,1.8008253471315843,0.004605691424888869,False
random_minus_lbl_commutation_only,1cfed9e8d4d3d922274c93ac90508b7632b2c9fb1a0d01862aa77ba6164bb231,IQP,1.7962196557066954,1.8008253471315843,0.004605691424888869,False
random_minus_lbl_commutation_only,251f2e6bde8df1f5e9ec01838a8651a4178e7cd4f49748cd82510544d5869691,VQE,1.7962196557066954,1.8008253471315843,0.004605691424888869,False
random_minus_lbl_commutation_only,e761adf8efeac5c21762208c08429dd4686d16eb4cbc1582e6d4ebc809852f66,QFT,1.7962196557066954,1.8008253471315843,0.004605691424888869,False
random_minus_lbl_commutation_only,e7c3197175704bce082edb885d4fa6328a0f697d629942098860c96b5b014a8c,QAOA,1.7962196557066954,1.8008253471315843,0.004605691424888869,False
random_minus_lbl_commutation_only,1f2f7626c24f4a5e8e01afeec9043f45c1fe4598224d2f0f5664d76ef61ea065,VQE,1.7962196557066954,1.8008253471315843,0.004605691424888869,False
random_minus_lbl_commutation_only,1f7ce6e1ac59964310bdbd87991235d720efcce0cd2bcfa26c140ef95e59e2e8,HardwareEfficient,1.7962196557066954,1.8008253471315843,0.004605691424888869,False
random_minus_lbl_commutation_only,21ae7cff0e4c85366dd65e6e4172d4dc07c4d0910264670dc6bd54046b03b08f,IQP,1.7962196557066954,1.8008253471315843,0.004605691424888869,False
random_minus_lbl_commutation_only,40b2ed79783ce1a4b95b1d1ef139d1741d958ea40b9841f763ef32f8f0761c21,QuantumWalk,1.7962196557066954,1.8008253471315843,0.004605691424888869,False
random_minus_lbl_commutation_only,f5abe5e6eaa29a69e1bf7d01179729f0dbdaec8309b1956baf7cc1f60ae61b0a,Grover,1.7962196557066954,1.8008253471315843,0.004605691424888869,False
random_minus_lbl_commutation_only,e7fffabc07b75ea40680bf5a6622f4cdc16711362459ed4523e903018e295e22,HardwareEfficient,1.7962196557066954,1.8008253471315843,0.004605691424888869,False
random_minus_lbl_commutation_only,2b1cde4abea2ed44a9eb8279de400f807116abcb88a364fd04bbb05b1c3244ae,Oracle,1.7962196557066954,1.8008253471315843,0.004605691424888869,False
random_minus_lbl_commutation_only,439cf4a4745745332319327dc1b01075748fee45c1a0f2e6280ba8e9fbbe0487,SurfaceCode,1.7962196557066954,1.8008253471315843,0.004605691424888869,False
random_minus_lbl_commutation_only,1e333b11b12581118a6220fdba235f1333b716caf85326bcbcae657ee5f5010d,VQE,1.7962196557066954,1.8008253471315843,0.004605691424888869,False
random_minus_lbl_commutation_only,1e0a27417d327285c170dedda1a30b6477266b0adcb25849edabf48071b99ff9,HardwareEfficient,1.7962196557066954,1.8008253471315843,0.004605691424888869,False
random_minus_lbl_commutation_only,4f0c8b34713d2fca63f5142fe0549056f4fe97f079b14a9139a45918778858fe,QAOA,1.7962196557066954,1.8008253471315843,0.004605691424888869,False
random_minus_lbl_commutation_only,4cb477caf5f46aa76b3f54b03574649768b408906ee78ac4652943020cb7be7c,VQE,1.7962196557066954,1.8008253471315843,0.004605691424888869,False
random_minus_lbl_commutation_only,e088528b02a19eec385f62f0fcc85a3229fa96910264b09991adb2dcc6fd3870,VQE,1.7962196557066954,1.8008253471315843,0.004605691424888869,False
random_minus_lbl_commutation_only,4c91554a6a7a29ac388f41e86df4db15dc97853874c7d6e7defca805db616d06,VQE,1.7962196557066954,1.8008253471315843,0.004605691424888869,False
random_minus_lbl_commutation_only,2164019ee5e79f18f2d1ccc22ecf54065aa0ae6d801bbde583c7eea6b58de838,Adder,1.7962196557066954,1.8008253471315843,0.004605691424888869,False
random_minus_lbl_commutation_only,e0b3e1cffafcde6de2affb92f841e127bb661b6483670899f818b5dc9fe9021e,Adder,1.7962196557066954,1.8008253471315843,0.004605691424888869,False
random_minus_lbl_commutation_only,264d1b73ac4524485965989504c9021bc175f53d087f673a4187e2e9d2d8234b,UCCSD_inspired,1.7962196557066954,1.8008253471315843,0.004605691424888869,False
random_minus_lbl_commutation_only,5d82d980193b330314da27f4c315ba0460259d09cae3ee69bfb5598f13a62ac8,VQE,1.7962196557066954,1.8008253471315843,0.004605691424888869,False
random_minus_lbl_commutation_only,49e4535dd05722cfe2cfda0d59fcc03e485eca61c04e97f3b303a014d4a4357b,HardwareEfficient,1.7962196557066954,1.8008253471315843,0.004605691424888869,False
random_minus_lbl_commutation_only,495bef64d81542b62d65ea7f3ea2f68c15fd96f817571830c26016e760cb0b20,SurfaceCode,1.7962196557066954,1.8008253471315843,0.004605691424888869,False
random_minus_lbl_commutation_only,46b9db66decc06088531b47b8ebb2df981fb151806949067077d84375b800a37,Grover,1.7962196557066954,1.8008253471315843,0.004605691424888869,False
random_minus_lbl_commutation_only,f5218a03ce51439316bb3e4b2f5acfecbedb82b79c39fa380d33bec3ad235abe,HaarRandom,1.7962196557066954,1.8008253471315843,0.004605691424888869,False
random_minus_lbl_commutation_only,4572941712e8aea150c8fa425b7e51001a6c0edaee560e513ec57c86bf5900af,HardwareEfficient,1.7962196557066954,1.8008253471315843,0.004605691424888869,False
random_minus_lbl_commutation_only,43bca13faef5c6cfe77a9608604ef4b0638bd1866f694ba91570d8417f61f6dc,HardwareEfficient,1.7962196557066954,1.8008253471315843,0.004605691424888869,False
random_minus_lbl_commutation_only,2a80f64340c58306fb04a784ab1f93b8bc47dddf3b2084721a18783df59e4275,HaarRandom,1.7962196557066954,1.8008253471315843,0.004605691424888869,False
random_minus_lbl_commutation_only,ace916e35582c95d21da984fde2d1f6a3536707d59739f448aeda811b215f37b,QAOA,1.7962196557066954,1.8008253471315843,0.004605691424888869,False
random_minus_lbl_commutation_only,dbf2ecc496a8a4f6e88f13828e776d93956e73b115d0ae52ddd4ce1fa1fc5605,HardwareEfficient,1.7962196557066954,1.8008253471315843,0.004605691424888869,False
random_minus_lbl_commutation_only,c3e848fe6db54137fa92444db2668cef254476947d748c8e25e29c13f6d30cb7,QAOA,1.7962196557066954,1.8008253471315843,0.004605691424888869,False
random_minus_lbl_commutation_only,baa36a6bacd09d29a4e1ac1a3471506608430765957e6bc127dfa683d2dcf33d,HardwareEfficient,1.7962196557066954,1.8008253471315843,0.004605691424888869,False
random_minus_lbl_commutation_only,9b814e3da54f5c874ddcbdff9fe61f872bb409035a9acff0f2c7ae13b5c91b90,QuantumWalk,1.7962196557066954,1.8008253471315843,0.004605691424888869,False
random_minus_lbl_commutation_only,9a6752a986b7de67a2977ce77e0634b35bfc7e4d5a12d7062bff9e2c4b218176,SurfaceCode,1.7962196557066954,1.8008253471315843,0.004605691424888869,False
random_minus_lbl_commutation_only,99bbb7d14c43822569de544c5e8a4b3ccfd00506bb1041b2da2a6c12d1b20f7f,Adder,1.7962196557066954,1.8008253471315843,0.004605691424888869,False
random_minus_lbl_commutation_only,be09cfe6fcb270823374495faa12de7dd56fe873b61ea5f4780fe001b3ab1ec1,QuantumWalk,1.7962196557066954,1.8008253471315843,0.004605691424888869,False
random_minus_lbl_commutation_only,98288a8bb24c6c4e673cdd1a4153610759a5259eab1700308a6bb0e7520a1d09,QAOA,1.7962196557066954,1.8008253471315843,0.004605691424888869,False
random_minus_lbl_commutation_only,c03a59f09d1814f61e8886ce6c504c04c0bf89965ff911746bb96e21e9cd570c,SurfaceCode,1.7962196557066954,1.8008253471315843,0.004605691424888869,False
random_minus_lbl_commutation_only,c15ccd1efbe0b71c21464e888a978afbe6b6cf006bd895873c7d9b8e51efbaf0,CNOT,1.7962196557066954,1.8008253471315843,0.004605691424888869,False
random_minus_lbl_commutation_only,c2f59740e6b3e2a395683f9a2c34a12a350af985f437251f55c71e43bf23f1ab,Adder,1.7962196557066954,1.8008253471315843,0.004605691424888869,False
random_minus_lbl_commutation_only,98123c419282ef8d7ead755526545f8d1b8e6129c506a92b5eb114e588eb0ab3,SurfaceCode,1.7962196557066954,1.8008253471315843,0.004605691424888869,False
random_minus_lbl_commutation_only,c3781847e3b476f0de097ecb06e247f54b9b45f604f5ccafeaab4169f506470a,Adder,1.7962196557066954,1.8008253471315843,0.004605691424888869,False
random_minus_lbl_commutation_only,96459b4f823e438eec56e9c1a97a6dd324300ee70290658957d9ad22142ab813,VQE,1.7962196557066954,1.8008253471315843,0.004605691424888869,False
random_minus_lbl_commutation_only,b5ac35a68d5e59c46c6564e09d414ba98d05d318ac2cd28aaf6914b943c91c9b,SurfaceCode,1.7962196557066954,1.8008253471315843,0.004605691424888869,False
random_minus_lbl_commutation_only,9599f9974b14de7195d737812cbf1c818a7ceb9b98d68f8d815c350d4d59daaa,QuantumWalk,1.7962196557066954,1.8008253471315843,0.004605691424888869,False
random_minus_lbl_commutation_only,95300c7f12f75049fd4f840f8155f54ae4f02dfc980112dcf6f32aa7fa26c259,HaarRandom,1.7962196557066954,1.8008253471315843,0.004605691424888869,False
random_minus_lbl_commutation_only,93777dbb1396f34119a3c7abd792673d63abea48eb3460371bc0edff6ad7e7d7,Grover,1.7962196557066954,1.8008253471315843,0.004605691424888869,False
random_minus_lbl_commutation_only,93467de4ec8b6447d0046632416f75a2a2ec7eaa82fac32a3b3cb7e00e0debdb,HardwareEfficient,1.7962196557066954,1.8008253471315843,0.004605691424888869,False
random_minus_lbl_commutation_only,c73af4761baf3dcf4f28a3987d55dab7647737f13e2d751db93c903d205972c6,QuantumWalk,1.7962196557066954,1.8008253471315843,0.004605691424888869,False
random_minus_lbl_commutation_only,920715dea765673c0d3337786b5f66da8038c75428d4b37e5c288736db47b69d,QuantumWalk,1.7962196557066954,1.8008253471315843,0.004605691424888869,False
random_minus_lbl_commutation_only,916e8ca7c9598753b3e23a7ed30b002882a72b04507e198132b31ffc6a26ef74,QuantumWalk,1.7962196557066954,1.8008253471315843,0.004605691424888869,False
random_minus_lbl_commutation_only,914e1499c292081bdc75f6dcd9813bbb7b2085fe470253f7000b70ace6ba61c9,QAOA,1.7962196557066954,1.8008253471315843,0.004605691424888869,False
random_minus_lbl_commutation_only,32c9e772774deff17d4b957250f4893cf8bc7cbe5983475de6b326cdc1ece616,HardwareEfficient,1.7962196557066954,1.8008253471315843,0.004605691424888869,False
random_minus_lbl_commutation_only,329b15531e8ae55e3c8668f2b78d9dbb4532f68f6c3aa4cb36f07012787c1a07,HardwareEfficient,1.7962196557066954,1.8008253471315843,0.004605691424888869,False
random_minus_lbl_commutation_only,9122b5a207a4c0a8ffeedf35af10c42a747aa84296b789e02a6bac63a0970083,HardwareEfficient,1.7962196557066954,1.8008253471315843,0.004605691424888869,False
random_minus_lbl_commutation_only,b866fb4b41003a7d731ad7258462101c103a99bb9ec5d149206b154bb5a479bf,SurfaceCode,1.7962196557066954,1.8008253471315843,0.004605691424888869,False
random_minus_lbl_commutation_only,9d7bae7cb361f289bfa22b373c94a22b6cd06c8e0c5262709fba830673dcf4e2,QuantumWalk,1.7962196557066954,1.8008253471315843,0.004605691424888869,False
random_minus_lbl_commutation_only,efcc1de189949fabda88791e6b68d73aff3b14e37c742a15535d4e16dce0f0ac,QuantumWalk,1.7962196557066954,1.8008253471315843,0.004605691424888869,False
random_minus_lbl_commutation_only,a7ab9db53d4fc264f2d6a392f086a33f96e5c9b66ca7eb54d656793b0b5aeb07,VQE,1.7962196557066954,1.8008253471315843,0.004605691424888869,False
random_minus_lbl_commutation_only,ac23376052bba9fcf5428066a06b89b96da995a9acb10b13e8626b43ae59a3f4,IQP,1.7962196557066954,1.8008253471315843,0.004605691424888869,False
random_minus_lbl_commutation_only,adb7f9987b9b0c05e801b5fd0511f99788c5efa1cba7a076de804d89d6620b85,QuantumWalk,1.7962196557066954,1.8008253471315843,0.004605691424888869,False
random_minus_lbl_commutation_only,38fb79c22e616a17ca079d6ac91f1593bb639b1c9cdc24b819719a203860bb1c,HaarRandom,1.7962196557066954,1.8008253471315843,0.004605691424888869,False
random_minus_lbl_commutation_only,3aae783a820f49c9540e519d2e0530dfc7772f6fca9d6281bb75cb295af6f03e,SurfaceCode,1.7962196557066954,1.8008253471315843,0.004605691424888869,False
random_minus_lbl_commutation_only,37cdb70bdc0a40384c6a1a0824df270d7d181388d831d4788c2d190a5106be0d,QuantumWalk,1.7962196557066954,1.8008253471315843,0.004605691424888869,False
random_minus_lbl_commutation_only,adbb48a0ef0579f1930cd5635450dda6ac0134b70ed705fee57896785a5c920c,HardwareEfficient,1.7962196557066954,1.8008253471315843,0.004605691424888869,False
random_minus_lbl_commutation_only,a9cbe813352eb8bbddbb6de7feecde853f066b5cf29e96a7a2f84a6cd354761a,CNOT,1.7962196557066954,1.8008253471315843,0.004605691424888869,False
random_minus_lbl_commutation_only,ae182db40b924159285ac8bdf3845f1ffd37b35456f942ececf2ce981152b240,HardwareEfficient,1.7962196557066954,1.8008253471315843,0.004605691424888869,False
random_minus_lbl_commutation_only,aef180d7cfe4026d3e6db4acce1baa759ce2591ce74fa6b84d10d2c6bd83dc03,VQE,1.7962196557066954,1.8008253471315843,0.004605691424888869,False
random_minus_lbl_commutation_only,a7f212f7ecd7ee7353a7ba466a9af47a975f54aa9c15ab288c44982273c22d68,QAOA,1.7962196557066954,1.8008253471315843,0.004605691424888869,False
random_minus_lbl_commutation_only,b15d50df71933b4745ec5799d5ef54fb7c162bc3ca92e983a8aeafe41413e0a6,VQE,1.7962196557066954,1.8008253471315843,0.004605691424888869,False
random_minus_lbl_commutation_only,376ceef4983731f7550ead348027cf64df326a3131ced4b5445918208feab683,Adder,1.7962196557066954,1.8008253471315843,0.004605691424888869,False
random_minus_lbl_commutation_only,350c8060ffd6c0e538db61490c774b4be2c7b6e47f358cfe7277cbb05914efda,VQE,1.7962196557066954,1.8008253471315843,0.004605691424888869,False
random_minus_lbl_commutation_only,3aee8fb917c05afbe6186cad1160779a632dee4212db5acd705c807383e6b682,Adder,1.7962196557066954,1.8008253471315843,0.004605691424888869,False
random_minus_lbl_commutation_only,a56b84561ace0423d3f71194279f62be3b29e47c98491c316e3446561f61dbf1,VQE,1.7962196557066954,1.8008253471315843,0.004605691424888869,False
random_minus_lbl_commutation_only,a25cdf698d5ca8a8af744fd0fd1ebd652891919421d5e150b2a7e5e42e0cf9e7,SurfaceCode,1.7962196557066954,1.8008253471315843,0.004605691424888869,False
random_minus_lbl_commutation_only,a1b0ba8e9683b6e8fb7f674fec300eb87f2d2387d58f482c81187c497cdc2175,SurfaceCode,1.7962196557066954,1.8008253471315843,0.004605691424888869,False
random_minus_lbl_commutation_only,b2b8ea4ed9aecdcfd921ea28cb16d178c46018000c9dec2eead95b2c37123b51,HardwareEfficient,1.7962196557066954,1.8008253471315843,0.004605691424888869,False
random_minus_lbl_commutation_only,b2f83603b76f95e86e3b51898d6ea360adf3a62f51aa296baf0178913d4108b2,QFT,1.7962196557066954,1.8008253471315843,0.004605691424888869,False
random_minus_lbl_commutation_only,a16dbe89e98ec8eef49995c9edecf7e520b6fce018b74c0aa8248506ead433db,SurfaceCode,1.7962196557066954,1.8008253471315843,0.004605691424888869,False
random_minus_lbl_commutation_only,b45c3a20db4f3ccbe86b7028b2a3ed6875c846178b3f7e82a870185c5a08cbaa,QuantumWalk,1.7962196557066954,1.8008253471315843,0.004605691424888869,False
random_minus_lbl_commutation_only,a0ce795cd049a6a5d79e6ebd68db90d152d868a0c823cf524ea052b7c5e56697,VQE,1.7962196557066954,1.8008253471315843,0.004605691424888869,False
random_minus_lbl_commutation_only,9fac801b9c9b3af1aab1409fb21f666a7b588bdf8dd5282a5a0b081971ec442e,VQE,1.7962196557066954,1.8008253471315843,0.004605691424888869,False
random_minus_lbl_commutation_only,9efcd7e7d63057f26477dd71e9cc9399123981e05ee8aa5ae613fa5f7681e66c,SurfaceCode,1.7962196557066954,1.8008253471315843,0.004605691424888869,False
random_minus_lbl_commutation_only,8e6db4fdd8b1e74adfbeaf694b8f894260e2dc63ceccc8e39646673ee43949df,QAOA,1.7962196557066954,1.8008253471315843,0.004605691424888869,False
random_minus_lbl_commutation_only,8a29549e2e2fa7f01199af622b2eca0054357c598c80d4060397da27d98f6196,QAOA,1.7962196557066954,1.8008253471315843,0.004605691424888869,False
random_minus_lbl_commutation_only,5e374d2d9df7152707d5a3b917c5572905ce53bc378306ed7da8919f036c289d,HardwareEfficient,1.7962196557066954,1.8008253471315843,0.004605691424888869,False
random_minus_lbl_commutation_only,688a54258c5fc58844911584b848f67ef97f01928a47184b30d01cdff70937e2,QAOA,1.7962196557066954,1.8008253471315843,0.004605691424888869,False
random_minus_lbl_commutation_only,701484a18ee7e28286cedd323ee9dc71b83cfa896d35865ca7cdab0545cc5b6a,Adder,1.7962196557066954,1.8008253471315843,0.004605691424888869,False
random_minus_lbl_commutation_only,6fb483683d8a22c1752bbd74856400a9e8dc76f6c7498dc4e96e958be1a4c939,HardwareEfficient,1.7962196557066954,1.8008253471315843,0.004605691424888869,False
random_minus_lbl_commutation_only,3f042fa9b9dbce7185f41afba08f1499752dc0e6949614c29d69df95229d96bd,SurfaceCode,1.7962196557066954,1.8008253471315843,0.004605691424888869,False
random_minus_lbl_commutation_only,d38566d48961c0f4bf6be3a09a849c118d9719eaeb3ba58b46b96218d1814c2e,QAOA,1.7962196557066954,1.8008253471315843,0.004605691424888869,False
random_minus_lbl_commutation_only,6f3c72445c6c7b4ac694c7b6dcacbe9c97681c8c27c6ab4fd6a32ec94a0d5a2e,HardwareEfficient,1.7962196557066954,1.8008253471315843,0.004605691424888869,False
random_minus_lbl_commutation_only,6b50423744cf6c022eecde33a07e710ea071ad97745eda5ae14badb443b4a3d4,UCCSD_inspired,1.7962196557066954,1.8008253471315843,0.004605691424888869,False
random_minus_lbl_commutation_only,d3e8b51351e86caa6d8939fe0a903f48a089e7d220d46a14b52d6c94e6e43394,CNOT,1.7962196557066954,1.8008253471315843,0.004605691424888869,False
random_minus_lbl_commutation_only,6b06e5f02a79dad7060380635124093ca1f091f78aa2c79881017c4349543c35,QAOA,1.7962196557066954,1.8008253471315843,0.004605691424888869,False
random_minus_lbl_commutation_only,6a973daf65bd418bdd08beaf9461e58945e15cfd7d372f99f1bfabdf665daccf,Adder,1.7962196557066954,1.8008253471315843,0.004605691424888869,False
random_minus_lbl_commutation_only,3fb029699c8404b78c36d862792e62b0892de0e1c100f0d29978e2b9ce549abd,Oracle,1.7962196557066954,1.8008253471315843,0.004605691424888869,False
random_minus_lbl_commutation_only,f1385dea23b197291382303ec5ddac0c2b35748e3eb579fdc7cf835943215c47,Adder,1.7962196557066954,1.8008253471315843,0.004605691424888869,False
random_minus_lbl_commutation_only,6844da2119d733a01e2a77eb368d455c86913e069a73316edac258bedf73a884,VQE,1.7962196557066954,1.8008253471315843,0.004605691424888869,False
random_minus_lbl_commutation_only,cf3c03de2da7d0f3afc65dcd7a8b9bf97cc30cecd8d496b48c60f839667848c4,QAOA,1.7962196557066954,1.8008253471315843,0.004605691424888869,False
random_minus_lbl_commutation_only,65a4561aab303f3d2678d1f01adae25c9c9feed7706b20ba64b34673afc99bc5,RandomClifford,1.7962196557066954,1.8008253471315843,0.004605691424888869,False
random_minus_lbl_commutation_only,dac7e56e9490cb5f19a852e1206995c9711c1c95c63e61eba2ed4a4acecf7099,HardwareEfficient,1.7962196557066954,1.8008253471315843,0.004605691424888869,False
random_minus_lbl_commutation_only,632a65a86fd9bfab17ccedbd10b32b45490cc33030a23af0d675ad3e8ad7a445,GHZ,1.7962196557066954,1.8008253471315843,0.004605691424888869,False
random_minus_lbl_commutation_only,6198918025e9d52620fa49da1e8fc24880b8cdf9ed5759f2b77490edd5060dc2,UCCSD_inspired,1.7962196557066954,1.8008253471315843,0.004605691424888869,False
random_minus_lbl_commutation_only,60cbd40ccece385b0f47d6dbd5667c78d5709e2708b86620c809015e346ab443,HaarRandom,1.7962196557066954,1.8008253471315843,0.004605691424888869,False
random_minus_lbl_commutation_only,5f5b6844177bd52e8c187fc996896ec6118d9e360e258d5f3707493673cae096,UCCSD_inspired,1.7962196557066954,1.8008253471315843,0.004605691424888869,False
random_minus_lbl_commutation_only,db276c8d92545f754aab16b3664fca1ddb31410f3135295ca28b78969f0459a4,UCCSD_inspired,1.7962196557066954,1.8008253471315843,0.004605691424888869,False
random_minus_lbl_commutation_only,5f481c17ba4296b0a33c041b7470ec4748e61766c334712778a0ff41f81805da,HaarRandom,1.7962196557066954,1.8008253471315843,0.004605691424888869,False
random_minus_lbl_commutation_only,5eaf1f2b9f33724492a3e71d4e8ceaefbf99cfd60c760cd93842c60ec7375ec3,VQE,1.7962196557066954,1.8008253471315843,0.004605691424888869,False
random_minus_lbl_commutation_only,5ead28e37038eedb416b5fe421b9e506b37e9503475ca2360ad0cdb94409277f,QuantumWalk,1.7962196557066954,1.8008253471315843,0.004605691424888869,False
random_minus_lbl_commutation_only,db73dc3dec7c024cc43e6fa9f7009bc8675da1af254d45987392008ad0a477b4,VQE,1.7962196557066954,1.8008253471315843,0.004605691424888869,False
random_minus_lbl_commutation_only,7052aff8dd4903f03c23a3ac996d18fe787bf1c0241facc9c524e5ea4facd903,SurfaceCode,1.7962196557066954,1.8008253471315843,0.004605691424888869,False
random_minus_lbl_commutation_only,cdd100c7eff0d706945d603b660c1569d33187e1be34e594e80d66dbe901ac39,VQE,1.7962196557066954,1.8008253471315843,0.004605691424888869,False
random_minus_lbl_commutation_only,c79699bc553ba266feca0cc48d12346c9fa31633f6c158d26ee08f6599c9d82f,SurfaceCode,1.7962196557066954,1.8008253471315843,0.004605691424888869,False
random_minus_lbl_commutation_only,7ca61cc51f86f8358466b512f82fdd1bedfd46f4ebc65d118de7a2b190605e78,QAOA,1.7962196557066954,1.8008253471315843,0.004605691424888869,False
random_minus_lbl_commutation_only,887988d6755fe3aeb072232cdd949704ce84134ffba601652f00a321dc5040c3,QAOA,1.7962196557066954,1.8008253471315843,0.004605691424888869,False
random_minus_lbl_commutation_only,8664cf212e90101e901ea020a3d13bba14837c13195e5d2d2e6c78405c613790,QuantumWalk,1.7962196557066954,1.8008253471315843,0.004605691424888869,False
random_minus_lbl_commutation_only,c838d74688b6214d2871ed53c97174482edaa079269b7f347a8a6bf095e67a70,QAOA,1.7962196557066954,1.8008253471315843,0.004605691424888869,False
random_minus_lbl_commutation_only,3ddeba643cb1262108f3aa16deb98fff7a1b48b89c7248b1fb063953fca055c7,RandomClifford,1.7962196557066954,1.8008253471315843,0.004605691424888869,False
random_minus_lbl_commutation_only,84fde07bd40be8d7a95d24cc510e9db8ab0d019aaad3c30a43907f561b19ebb6,Adder,1.7962196557066954,1.8008253471315843,0.004605691424888869,False
random_minus_lbl_commutation_only,84e5ffa52ff593155fe71d6c5301d13481243936c02d7dea5e63cbb838e247aa,Oracle,1.7962196557066954,1.8008253471315843,0.004605691424888869,False
random_minus_lbl_commutation_only,c91f83f84726fdd86c22a20ea08453d780f2bdd292a5b3b056d983430ea40d06,Grover,1.7962196557066954,1.8008253471315843,0.004605691424888869,False
random_minus_lbl_commutation_only,834aeb4ed3be004b7a0b3e681d43de66de6de8f35a5e9fb1bfa818d7b959284b,VQE,1.7962196557066954,1.8008253471315843,0.004605691424888869,False
random_minus_lbl_commutation_only,ca386edd88164ffa11c481f7253c35755085ab3b89dc4a040baf53ef07db46b7,QAOA,1.7962196557066954,1.8008253471315843,0.004605691424888869,False
random_minus_lbl_commutation_only,819de267fab80716cb86e286e98db600de07f39e06fb46f98a0783888e0e19a6,Oracle,1.7962196557066954,1.8008253471315843,0.004605691424888869,False
random_minus_lbl_commutation_only,7de15138171180eddd35e0f29e3e3ce11f0b20302daab2bc45c5be3302e9cf4d,SurfaceCode,1.7962196557066954,1.8008253471315843,0.004605691424888869,False
random_minus_lbl_commutation_only,7b4fd106d73016d705a5586e9b761915a1ae550e15f90ea6ef09404df6cc4937,HardwareEfficient,1.7962196557066954,1.8008253471315843,0.004605691424888869,False
random_minus_lbl_commutation_only,706c0447268ee506ac59afcbc771e7db4407d41470f6beb3af60fa431e739c66,QAOA,1.7962196557066954,1.8008253471315843,0.004605691424888869,False
random_minus_lbl_commutation_only,326af35614abc61489f1ad4018e0d4e3dedd5328f5de7283c2efd6199cf76236,HardwareEfficient,1.7962196557066954,1.8008253471315843,0.004605691424888869,False
random_minus_lbl_commutation_only,3113b971b548c7ee4e78af92d32b392c5bfcc30e701ff59f7420abc819314785,QAOA,1.7962196557066954,1.8008253471315843,0.004605691424888869,False
random_minus_lbl_commutation_only,798f2da3852850a248b844c609e1ad7fb57b023a680e6d42dc556d31133c1a31,SurfaceCode,1.7962196557066954,1.8008253471315843,0.004605691424888869,False
random_minus_lbl_commutation_only,78372196a76be5b171c8c8652020a17fffda66c247774a77d4b49a122e356bf7,Adder,1.7962196557066954,1.8008253471315843,0.004605691424888869,False
random_minus_lbl_commutation_only,3e0c8afaa2c7ac511c66cdc6f54a4f59ecec9d97e00b3f1ed0997592613b2ff4,VQE,1.7962196557066954,1.8008253471315843,0.004605691424888869,False
random_minus_lbl_commutation_only,efe05a598852b28e2f1b7f34b2184f3989d4eb2ea9ee1ee00b340a751d905e75,SurfaceCode,1.7962196557066954,1.8008253471315843,0.004605691424888869,False
random_minus_lbl_commutation_only,cc1ddd28093a20372a6d256992968b8bc18e2829750947498955a406113f5f52,Grover,1.7962196557066954,1.8008253471315843,0.004605691424888869,False
random_minus_lbl_commutation_only,3e53f339ce23bcd55c9745a7e473937d8df2b36146b0e3872cd78980fcbfe035,IQP,1.7962196557066954,1.8008253471315843,0.004605691424888869,False
random_minus_lbl_commutation_only,cc7c4783b7000be0e3c619b0c96a7ebef0b8efc8519c4f8c90d9d9b1b3a49f6e,QAOA,1.7962196557066954,1.8008253471315843,0.004605691424888869,False
random_minus_lbl_commutation_only,ccea9ac438850bdbc663c5c72a67f5ea0eacc8d96469a1fb20d748e4a81b5c76,QuantumWalk,1.7962196557066954,1.8008253471315843,0.004605691424888869,False
random_minus_lbl_commutation_only,cdbe33fccd70c92e6cc7d2b7574511bac38dc61b4808e8978c79d8fe49b754db,QAOA,1.7962196557066954,1.8008253471315843,0.004605691424888869,False
random_minus_lbl_commutation_only,ca837fd5027f82056681081774fff9507cfd1c727e71867d93a552ff2a4cdc99,HardwareEfficient,1.7962196557066954,1.8008253471315843,0.004605691424888869,False
random_minus_lbl_commutation_only,ec754f7e3892ee8ca405ace36ffa2cf3d8489863d2f83852f623de773dd94b1e,QFT,1.7962196557066954,1.8008253471315843,0.004605691424888869,False
random_minus_lbl_commutation_only,1c82b236ba06c15d01c63ef7f002938983d64d0466097126e6dd69be4a8ec39b,SurfaceCode,1.7962196557066954,1.8008253471315843,0.004605691424888869,False
random_minus_lbl_commutation_only,faa92b4b8c5dc1e1c3f300c4914c715114a30697cd05ffab2f7353daa84168d5,HardwareEfficient,1.7962196557066954,1.8008253471315843,0.004605691424888869,False
random_minus_lbl_commutation_only,0639b3b3f7a5228332fd6ea0cb7de6e464b224d886d779e81c774cab81bfce25,Adder,1.7962196557066954,1.8008253471315843,0.004605691424888869,False
random_minus_lbl_commutation_only,03b7ba6584cd57903d9049d3d8d9d802e36a1d22303218b80bcdf8645fad3484,QAOA,1.7962196557066954,1.8008253471315843,0.004605691424888869,False
random_minus_lbl_commutation_only,01a23834d951decd141adabe1307f2ad87488faaf5ff243ee1ed65f08cf396e8,HaarRandom,1.7962196557066954,1.8008253471315843,0.004605691424888869,False
random_minus_lbl_commutation_only,014e8da4cad4f97582e18a894f34fc8c3a41b14e6c31d3b3736404a1cf5b8e78,VQE,1.7962196557066954,1.8008253471315843,0.004605691424888869,False
random_minus_lbl_commutation_only,0080a63f816f580541538093d5448ae336ed333ac6933bc71da115de0011b707,QAOA,1.7962196557066954,1.8008253471315843,0.004605691424888869,False
random_minus_lbl_commutation_only,ec9289c88d9acb9814cb60890e2e2d888e2853fae21087e87cdc61fd856c3ee5,SurfaceCode,1.7962196557066954,1.8008253471315843,0.004605691424888869,False
random_minus_lbl_commutation_only,fa9e1b48ab72bf8257e53fa08802bb8190d6d9ea0feacf0444e455c6a6058b83,VQE,1.7962196557066954,1.8008253471315843,0.004605691424888869,False
random_minus_lbl_commutation_only,fad3c5f191237ccefb3283566a70159b1baa6b56d18ce49a8add74141be307f5,SurfaceCode,1.7962196557066954,1.8008253471315843,0.004605691424888869,False
random_minus_lbl_commutation_only,08654d0b844c66f30029c8c41a7a668b9899dc14c7c9d5a5445fa5df75b6a5f4,SurfaceCode,1.7962196557066954,1.8008253471315843,0.004605691424888869,False
random_minus_lbl_commutation_only,fbbb1f6cb302de75c9077919dccba48d46bf95447cc57a644a2377416daa7c26,HardwareEfficient,1.7962196557066954,1.8008253471315843,0.004605691424888869,False
random_minus_lbl_commutation_only,fbc4d3c061750bc2d5462260e0508f2ff85141dcec68e851026e02ad27734a4c,QuantumWalk,1.7962196557066954,1.8008253471315843,0.004605691424888869,False
random_minus_lbl_commutation_only,fc2908d6c4fd8d02ebb288c7d8a25dc4e5b9a8036c7104236e5788bd6a0d11cd,VQE,1.7962196557066954,1.8008253471315843,0.004605691424888869,False
random_minus_lbl_commutation_only,fc9c0098d5d07331d9cb6faf263afc0d636a3b06394b50375880dd47fed4a931,QuantumWalk,1.7962196557066954,1.8008253471315843,0.004605691424888869,False
random_minus_lbl_commutation_only,fd904e687f3606b7bbc5cd8c5f015303fb63612af2cc5137bd4ac9367a00f3f1,HardwareEfficient,1.7962196557066954,1.8008253471315843,0.004605691424888869,False
random_minus_lbl_commutation_only,ffbccff06f7f6ee0e5485c7374bbae521e513bf19f08f375c992f0d2c68d895c,Adder,1.7962196557066954,1.8008253471315843,0.004605691424888869,False
random_minus_lbl_commutation_only,fff9e82ccf288b69ac39de668fca6fe3c6b30b9b7b6254dc68246f60aa6e303c,UCCSD_inspired,1.7962196557066954,1.8008253471315843,0.004605691424888869,False
random_minus_lbl_commutation_only,06a9d110c02d1aaba25d743baf96461b3dd1bb878757e9b6610aa31e5bd58915,HaarRandom,1.7962196557066954,1.8008253471315843,0.004605691424888869,False
random_minus_lbl_commutation_only,06c44d32c85d1c06864d6f9775908c5d875e7b32ddcad6ee5dfed8d86c27ca6f,SurfaceCode,1.7962196557066954,1.8008253471315843,0.004605691424888869,False
random_minus_lbl_commutation_only,f82bca5573e6e4f880dd93e93fbd33df5af794da6882ff8adad6e33e221312b3,Adder,1.7962196557066954,1.8008253471315843,0.004605691424888869,False
random_minus_lbl_commutation_only,0cdd5a16e73c23ba58925f4d39695d1266fd02932361888693ce1d5d922fd6ce,Adder,1.7962196557066954,1.8008253471315843,0.004605691424888869,False
random_minus_lbl_commutation_only,14da3f908abda6229c65d0aec602aaf53fad733479c969be7e0504eaa5dacae0,SurfaceCode,1.7962196557066954,1.8008253471315843,0.004605691424888869,False
random_minus_lbl_commutation_only,146c3e821e8145d085eb90027904fa7f60f9de8430825fefc368f5c286fa991b,HardwareEfficient,1.7962196557066954,1.8008253471315843,0.004605691424888869,False
random_minus_lbl_commutation_only,12aba0a55cc5324f1f86a4be0a6e11b63595a323c727cbf9b31cd9615f0e057d,Adder,1.7962196557066954,1.8008253471315843,0.004605691424888869,False
random_minus_lbl_commutation_only,11ca0a34ccfcff1362a4d080d776863708b5bb85227870100bccb7ea7d29a31f,SurfaceCode,1.7962196557066954,1.8008253471315843,0.004605691424888869,False
random_minus_lbl_commutation_only,0f71b269d40b142731582d0d62f4b9d2f8ad11f78887960b3215d7cb2db34e25,QuantumWalk,1.7962196557066954,1.8008253471315843,0.004605691424888869,False
random_minus_lbl_commutation_only,154e1b21a6daa22758883ad015b7502a4335e2bb3e6358f3a61131487aa4a47c,IQP,1.7962196557066954,1.8008253471315843,0.004605691424888869,False
random_minus_lbl_commutation_only,15085463bb9acfc3d3c2fcc7416945689cf8dbdf38ee63960843c17c716d519e,SurfaceCode,1.7962196557066954,1.8008253471315843,0.004605691424888869,False
random_minus_lbl_commutation_only,0beefbe297b32dc9ec283501ebd271f6102e615e89859d51183e5d935cb94f45,QuantumWalk,1.7962196557066954,1.8008253471315843,0.004605691424888869,False
random_minus_lbl_commutation_only,0b2df1631cec49dcdf94ae6c89b987525505936cb61ce3a67e0759c3b5437914,VQE,1.7962196557066954,1.8008253471315843,0.004605691424888869,False
random_minus_lbl_commutation_only,0a81cc4d0a797c511cc7757f221f526b65d937b82fd056476c0518a352f5005b,IQP,1.7962196557066954,1.8008253471315843,0.004605691424888869,False
random_minus_lbl_commutation_only,1640ff7462e7311a41f33aa104a27eee9536fe8b771e28d6bc904b5a4f4f958a,VQE,1.7962196557066954,1.8008253471315843,0.004605691424888869,False
random_minus_lbl_commutation_only,08824540c17b7e5551c4fed38e25fb7c445eb88bc2adf305e2ac828fad4d56a8,Adder,1.7962196557066954,1.8008253471315843,0.004605691424888869,False
random_minus_lbl_commutation_only,272804f10f95ecb2895a565280f8594781730f41735af2d503194d428323e8a2,QuantumWalk,1.7962196557066954,1.800813141769036,0.004593486062340668,False
random_minus_lbl_plus_templates,69fbd289de660bed2b78ee9f9d1cc83e5a306b8d5606c47a6ad36a8643ea1d45,QuantumWalk,1.6686811835039983,1.6732521141358494,0.0045709306318511,False
random_minus_lbl_commutation_only,380136ad69bebfc3d05fdf4d7fab225d1325b53da9391f41c26a567f88a08608,QuantumWalk,1.7962196557066954,1.800776525681392,0.004556869974696509,False
random_minus_lbl_commutation_only,998d28f393fb6fe8a78d18a2436597cf82c17978859d430e5e43e089471944d1,QuantumWalk,1.7962196557066954,1.800776525681392,0.004556869974696509,False
random_minus_lbl_commutation_only,b1eea75a6b9b0df65f92fc8a6cc335196d0e181b16f0295c85e61c1ab5bcff75,Oracle,1.7962196557066954,1.7916678379740751,0.004551817732620256,False
random_minus_lbl_commutation_only,9d28cb9bb42a70f9fa00e7efba94348562efdd144be3a7aef8382f0ab9e0b925,Oracle,1.7962196557066954,1.7916678379740751,0.004551817732620256,False
random_minus_lbl_plus_templates,bf030e55f967a90ee4eb2ded2fcf87d656a3c8d4b083d1929398168bd0de4ba9,Grover,1.6686811835039983,1.6732310911352029,0.004549907631204553,False
wcl_minus_lbl_commutation_only,2305d8f3c5c816b9903c87f6b6aefe0e169f33ae47188898aac6fc16bdc0b91d,IQP,2.536018174756534,2.5314686192364584,0.004549555520075632,False
random_minus_lbl_plus_templates,50b8786b19b903fee03c7d549eeadd02f826e61a98ec20ccfe13816a21e87930,Grover,1.6686811835039983,1.6732299482787565,0.004548764774758185,False
random_minus_lbl_plus_templates,96cd385647c924a15dadcdee8b59db5e9352e18d77f51d5aa446cd42c94b7327,QuantumWalk,1.6686811835039983,1.6732295694637866,0.004548385959788348,False
random_minus_lbl_plus_templates,bc22540f392dc6218ac675f61a3e1ee5a21f4dc4e1c913d2f494c41bf37a67ac,QuantumWalk,1.6686811835039983,1.6732295694637866,0.004548385959788348,False
random_minus_lbl_commutation_only,c5d3cc7e27224a7f0435dbe10fc8c046011f5e3b58eea6c57431181a4bcbcb20,QuantumWalk,1.7962196557066954,1.8007521149562957,0.004532459249600329,False
primary_listing_by_rule_did,96561fd3e0765c0456e8f0b0e5c9c800074d4f866c985077bc85ca4c0fb159aa,RandomClifford,-0.37976652169697117,-0.3752457765145092,0.004520745182461983,False
random_minus_lbl_plus_templates,948333538f192e047cf807ea8eaf140facd1c784484d67f3d731205abea6929e,QuantumWalk,1.6686811835039983,1.6731846167540372,0.00450343325003888,False
primary_listing_by_rule_did,c9e5b59e32c53d4772620b8ccf8ab1e16870e879379d57c33dae662522f67ce3,QuantumWalk,-0.37976652169697117,-0.38425542642286437,0.004488904725893195,False
wcl_minus_lbl_commutation_only,769bc5dd2330d3ce3c3b1c380e24657d4ac0458a73f5b99db5f78043adaa2bba,Oracle,2.536018174756534,2.531531774472027,0.004486400284506864,False
wcl_minus_lbl_commutation_only,e4d691f8c012af76095e7a10ad56544d75b24ab2672cd278233741ac8ea1250f,Oracle,2.536018174756534,2.531531774472027,0.004486400284506864,False
primary_listing_by_rule_did,082489d14e2c84f851b9515f5e16cffad519cec34fbf1349a6ba883153cfe252,RandomClifford,-0.37976652169697117,-0.3752847446385837,0.004481777058387482,False
random_minus_lbl_plus_templates,5a934ea58cefe89266217b8814d0f05d97ee7364560c39b14857c236af49988b,QuantumWalk,1.6686811835039983,1.6731621403991628,0.0044809568951644785,False
random_minus_lbl_plus_templates,c76911ce3c699af70df27c30a55cb7d4fd150a3f8bf77edf7314c601b966ce1d,QuantumWalk,1.6686811835039983,1.6731621403991628,0.0044809568951644785,False
primary_listing_by_rule_did,71d778addd8ccb7f497d5f93f4f8f4243fe3239acec2e394b798baf7763c879e,RandomClifford,-0.37976652169697117,-0.37532316391584025,0.004443357781130919,False
wcl_minus_lbl_commutation_only,930cb78f04ba9cb29ab33d24598112a6118327a15181d12512e9f28c264180b8,IQP,2.536018174756534,2.5404529608125683,0.004434786056034312,False
random_minus_lbl_plus_templates,1010c2dbb1601660a48ce8b64e27c68253f6807c2256d09369338a6eb3aec367,QuantumWalk,1.6686811835039983,1.6730947113345387,0.004413527830540387,False
random_minus_lbl_plus_templates,3d81f170b70b37bcf04340d03252bc648978848cc80013b68533b757c45bbf0b,QuantumWalk,1.6686811835039983,1.6730947113345387,0.004413527830540387,False
wcl_minus_lbl_commutation_only,082489d14e2c84f851b9515f5e16cffad519cec34fbf1349a6ba883153cfe252,RandomClifford,2.536018174756534,2.531609710720176,0.004408464036357973,False
wcl_minus_lbl_commutation_only,dce7762d954de1250538ce0ef1982983332ffbdb47daa6e5f864c86712de8393,IQP,2.536018174756534,2.5404190620478393,0.004400887291305278,False
random_minus_lbl_plus_templates,8aaf01a56bcab37914ddfaba82a75a16e140d95441d873784a6ddbc0cb82048b,QuantumWalk,1.6686811835039983,1.6730819068307716,0.004400723326773326,False
random_minus_lbl_plus_templates,90b9d6a98141cc942d3ded30a930bd0e1d014a4a74273b8ac4367eda1522afc9,QuantumWalk,1.6686811835039983,1.673072234979664,0.004391051475665764,False
random_minus_lbl_plus_templates,c63e19873423ccaaf570f0b635947cafec97a5e60d7fb9d0985ab0dc116133d6,Grover,1.6686811835039983,1.6730681345635718,0.004386951059573541,False
random_minus_lbl_plus_templates,50abdffe4514c651d5af9c7e16d8dce45ce300d5b27272614d921ca65abaa9e7,Grover,1.6686811835039983,1.673067769979874,0.004386586475875642,False
random_minus_lbl_plus_templates,41691b11f094e6d0a2948bdb40851a9dc8a1792a04c3badae293f622ddbf18c3,Grover,1.6686811835039983,1.673067769979874,0.004386586475875642,False
random_minus_lbl_plus_templates,f0ce08a94e8912e5622a6df3ca1903091c67e592bc993e854d2aac9723e208a7,Grover,1.6686811835039983,1.673067769979874,0.004386586475875642,False
random_minus_lbl_plus_templates,2bee44a161fa6c431fbd0ee8af1ba0d00e29dddddd1803be82a2bf7ca95465b8,Grover,1.6686811835039983,1.6730674078430467,0.00438622433904845,False
random_minus_lbl_plus_templates,2da0675bcf3b7abb3d5daf9177c5c708714eb652339263c60ffc5cfc077ab523,Grover,1.6686811835039983,1.6730674078430467,0.00438622433904845,False
random_minus_lbl_plus_templates,b4accbdc8bd4599d8f4a4a4f335254fe7d27c0867b844bb682bb307303bce702,QuantumWalk,1.6686811835039983,1.6730574961056752,0.004376312601676924,False
random_minus_lbl_plus_templates,893f6526bf6a6d3aeec9c02876eace88e08e93caa6ed56c50764daeba95b4560,HaarRandom,1.6686811835039983,1.6730531611588606,0.004371977654862302,False
random_minus_lbl_plus_templates,f88dd26fe808edabf53419e020b87e3b4a517886def363d693787b3bc9728cf8,QuantumWalk,1.6686811835039983,1.6730497586247892,0.0043685751207909185,False
random_minus_lbl_plus_templates,f1284efd15a9080f1c608580385172943d833e7426babe23f2a385b344fca9ac,QuantumWalk,1.6686811835039983,1.673033085380579,0.004351901876580744,False
random_minus_lbl_plus_templates,60cbd40ccece385b0f47d6dbd5667c78d5709e2708b86620c809015e346ab443,HaarRandom,1.6686811835039983,1.6730220585076705,0.0043408750036721955,False
random_minus_lbl_plus_templates,b48696525dc16ace3d17f7656e6602f2710e54d030274a737712c3dc966a5f93,QuantumWalk,1.6686811835039983,1.673008674655483,0.004327491151484786,False
random_minus_lbl_plus_templates,ab626155e296fef5bbc2642087791bce56ed006287bde666542289458665c89d,Grover,1.6686811835039983,1.6730050595269428,0.004323876022944484,False
random_minus_lbl_plus_templates,9622962052cfcefe2e8d5fcff75c437ddc1262dc21b471fdc6bd179d3b83f28b,Grover,1.6686811835039983,1.6730048690508683,0.004323685546870015,False
wcl_minus_lbl_plus_templates,59b729dbea5b2457f083d3577ed253a3b4f24dfc11f1e185af454468b65fb400,RandomClifford,2.156251653059563,2.1605477618346662,0.0042961087751032245,False
primary_listing_by_rule_did,27a0f06f7cc08a8cc737a4739dc368a6357264dac3917d9592477680c4557db2,RandomClifford,-0.37976652169697117,-0.3754715781101738,0.004294943586797384,False
random_minus_lbl_plus_templates,b2f83603b76f95e86e3b51898d6ea360adf3a62f51aa296baf0178913d4108b2,QFT,1.6686811835039983,1.6729598532052907,0.004278669701292426,False
random_minus_lbl_plus_templates,920715dea765673c0d3337786b5f66da8038c75428d4b37e5c288736db47b69d,QuantumWalk,1.6686811835039983,1.6729598532052907,0.004278669701292426,False
random_minus_lbl_plus_templates,b15d50df71933b4745ec5799d5ef54fb7c162bc3ca92e983a8aeafe41413e0a6,VQE,1.6686811835039983,1.6729598532052907,0.004278669701292426,False
random_minus_lbl_plus_templates,aef180d7cfe4026d3e6db4acce1baa759ce2591ce74fa6b84d10d2c6bd83dc03,VQE,1.6686811835039983,1.6729598532052907,0.004278669701292426,False
random_minus_lbl_plus_templates,b2b8ea4ed9aecdcfd921ea28cb16d178c46018000c9dec2eead95b2c37123b51,HardwareEfficient,1.6686811835039983,1.6729598532052907,0.004278669701292426,False
random_minus_lbl_plus_templates,96459b4f823e438eec56e9c1a97a6dd324300ee70290658957d9ad22142ab813,VQE,1.6686811835039983,1.6729598532052907,0.004278669701292426,False
random_minus_lbl_plus_templates,916e8ca7c9598753b3e23a7ed30b002882a72b04507e198132b31ffc6a26ef74,QuantumWalk,1.6686811835039983,1.6729598532052907,0.004278669701292426,False
random_minus_lbl_plus_templates,b45c3a20db4f3ccbe86b7028b2a3ed6875c846178b3f7e82a870185c5a08cbaa,QuantumWalk,1.6686811835039983,1.6729598532052907,0.004278669701292426,False
random_minus_lbl_plus_templates,adbb48a0ef0579f1930cd5635450dda6ac0134b70ed705fee57896785a5c920c,HardwareEfficient,1.6686811835039983,1.6729598532052907,0.004278669701292426,False
random_minus_lbl_plus_templates,914e1499c292081bdc75f6dcd9813bbb7b2085fe470253f7000b70ace6ba61c9,QAOA,1.6686811835039983,1.6729598532052907,0.004278669701292426,False
random_minus_lbl_plus_templates,9122b5a207a4c0a8ffeedf35af10c42a747aa84296b789e02a6bac63a0970083,HardwareEfficient,1.6686811835039983,1.6729598532052907,0.004278669701292426,False
random_minus_lbl_plus_templates,b5ac35a68d5e59c46c6564e09d414ba98d05d318ac2cd28aaf6914b943c91c9b,SurfaceCode,1.6686811835039983,1.6729598532052907,0.004278669701292426,False
random_minus_lbl_plus_templates,b81e1fce8a1444d85177c6bc7af38bad39960f4060e55d08611f399ee4619722,Oracle,1.6686811835039983,1.6729598532052907,0.004278669701292426,False
random_minus_lbl_plus_templates,b866fb4b41003a7d731ad7258462101c103a99bb9ec5d149206b154bb5a479bf,SurfaceCode,1.6686811835039983,1.6729598532052907,0.004278669701292426,False
random_minus_lbl_plus_templates,baa36a6bacd09d29a4e1ac1a3471506608430765957e6bc127dfa683d2dcf33d,HardwareEfficient,1.6686811835039983,1.6729598532052907,0.004278669701292426,False
random_minus_lbl_plus_templates,8fe6a04fb57130ecbb92ca64358dee1b21d52ec1cfd3a2ce2f134a6345166151,Oracle,1.6686811835039983,1.6729598532052907,0.004278669701292426,False
random_minus_lbl_plus_templates,8e6db4fdd8b1e74adfbeaf694b8f894260e2dc63ceccc8e39646673ee43949df,QAOA,1.6686811835039983,1.6729598532052907,0.004278669701292426,False
random_minus_lbl_plus_templates,ae182db40b924159285ac8bdf3845f1ffd37b35456f942ececf2ce981152b240,HardwareEfficient,1.6686811835039983,1.6729598532052907,0.004278669701292426,False
random_minus_lbl_plus_templates,ace916e35582c95d21da984fde2d1f6a3536707d59739f448aeda811b215f37b,QAOA,1.6686811835039983,1.6729598532052907,0.004278669701292426,False
random_minus_lbl_plus_templates,adb7f9987b9b0c05e801b5fd0511f99788c5efa1cba7a076de804d89d6620b85,QuantumWalk,1.6686811835039983,1.6729598532052907,0.004278669701292426,False
random_minus_lbl_plus_templates,93467de4ec8b6447d0046632416f75a2a2ec7eaa82fac32a3b3cb7e00e0debdb,HardwareEfficient,1.6686811835039983,1.6729598532052907,0.004278669701292426,False
random_minus_lbl_plus_templates,98123c419282ef8d7ead755526545f8d1b8e6129c506a92b5eb114e588eb0ab3,SurfaceCode,1.6686811835039983,1.6729598532052907,0.004278669701292426,False
random_minus_lbl_plus_templates,95300c7f12f75049fd4f840f8155f54ae4f02dfc980112dcf6f32aa7fa26c259,HaarRandom,1.6686811835039983,1.6729598532052907,0.004278669701292426,False
random_minus_lbl_plus_templates,98288a8bb24c6c4e673cdd1a4153610759a5259eab1700308a6bb0e7520a1d09,QAOA,1.6686811835039983,1.6729598532052907,0.004278669701292426,False
random_minus_lbl_plus_templates,99bbb7d14c43822569de544c5e8a4b3ccfd00506bb1041b2da2a6c12d1b20f7f,Adder,1.6686811835039983,1.6729598532052907,0.004278669701292426,False
random_minus_lbl_plus_templates,9a6752a986b7de67a2977ce77e0634b35bfc7e4d5a12d7062bff9e2c4b218176,SurfaceCode,1.6686811835039983,1.6729598532052907,0.004278669701292426,False
random_minus_lbl_plus_templates,9b814e3da54f5c874ddcbdff9fe61f872bb409035a9acff0f2c7ae13b5c91b90,QuantumWalk,1.6686811835039983,1.6729598532052907,0.004278669701292426,False
random_minus_lbl_plus_templates,9d7bae7cb361f289bfa22b373c94a22b6cd06c8e0c5262709fba830673dcf4e2,QuantumWalk,1.6686811835039983,1.6729598532052907,0.004278669701292426,False
random_minus_lbl_plus_templates,9efcd7e7d63057f26477dd71e9cc9399123981e05ee8aa5ae613fa5f7681e66c,SurfaceCode,1.6686811835039983,1.6729598532052907,0.004278669701292426,False
random_minus_lbl_plus_templates,9fac801b9c9b3af1aab1409fb21f666a7b588bdf8dd5282a5a0b081971ec442e,VQE,1.6686811835039983,1.6729598532052907,0.004278669701292426,False
random_minus_lbl_plus_templates,a0ce795cd049a6a5d79e6ebd68db90d152d868a0c823cf524ea052b7c5e56697,VQE,1.6686811835039983,1.6729598532052907,0.004278669701292426,False
random_minus_lbl_plus_templates,a16dbe89e98ec8eef49995c9edecf7e520b6fce018b74c0aa8248506ead433db,SurfaceCode,1.6686811835039983,1.6729598532052907,0.004278669701292426,False
random_minus_lbl_plus_templates,a1b0ba8e9683b6e8fb7f674fec300eb87f2d2387d58f482c81187c497cdc2175,SurfaceCode,1.6686811835039983,1.6729598532052907,0.004278669701292426,False
random_minus_lbl_plus_templates,a25cdf698d5ca8a8af744fd0fd1ebd652891919421d5e150b2a7e5e42e0cf9e7,SurfaceCode,1.6686811835039983,1.6729598532052907,0.004278669701292426,False
random_minus_lbl_plus_templates,a56b84561ace0423d3f71194279f62be3b29e47c98491c316e3446561f61dbf1,VQE,1.6686811835039983,1.6729598532052907,0.004278669701292426,False
random_minus_lbl_plus_templates,93777dbb1396f34119a3c7abd792673d63abea48eb3460371bc0edff6ad7e7d7,Grover,1.6686811835039983,1.6729598532052907,0.004278669701292426,False
random_minus_lbl_plus_templates,a7ab9db53d4fc264f2d6a392f086a33f96e5c9b66ca7eb54d656793b0b5aeb07,VQE,1.6686811835039983,1.6729598532052907,0.004278669701292426,False
random_minus_lbl_plus_templates,a7f212f7ecd7ee7353a7ba466a9af47a975f54aa9c15ab288c44982273c22d68,QAOA,1.6686811835039983,1.6729598532052907,0.004278669701292426,False
random_minus_lbl_plus_templates,a9cbe813352eb8bbddbb6de7feecde853f066b5cf29e96a7a2f84a6cd354761a,CNOT,1.6686811835039983,1.6729598532052907,0.004278669701292426,False
random_minus_lbl_plus_templates,ac23376052bba9fcf5428066a06b89b96da995a9acb10b13e8626b43ae59a3f4,IQP,1.6686811835039983,1.6729598532052907,0.004278669701292426,False
random_minus_lbl_plus_templates,9599f9974b14de7195d737812cbf1c818a7ceb9b98d68f8d815c350d4d59daaa,QuantumWalk,1.6686811835039983,1.6729598532052907,0.004278669701292426,False
random_minus_lbl_plus_templates,d666adb13ce66e444e16398e08fd2d7d2169fcc728eb154e78b91f40918df82c,Oracle,1.6686811835039983,1.6729598532052907,0.004278669701292426,False
random_minus_lbl_plus_templates,be09cfe6fcb270823374495faa12de7dd56fe873b61ea5f4780fe001b3ab1ec1,QuantumWalk,1.6686811835039983,1.6729598532052907,0.004278669701292426,False
random_minus_lbl_plus_templates,f1385dea23b197291382303ec5ddac0c2b35748e3eb579fdc7cf835943215c47,Adder,1.6686811835039983,1.6729598532052907,0.004278669701292426,False
random_minus_lbl_plus_templates,e531af1f8b94fffea8b8bce63a1597bd0985b332e393c62efb10770617f93294,HardwareEfficient,1.6686811835039983,1.6729598532052907,0.004278669701292426,False
random_minus_lbl_plus_templates,e70adb6d3e5448619b259d6e825d34f94cb868684eb2b940009ecdb58c7275ee,SurfaceCode,1.6686811835039983,1.6729598532052907,0.004278669701292426,False
random_minus_lbl_plus_templates,e761adf8efeac5c21762208c08429dd4686d16eb4cbc1582e6d4ebc809852f66,QFT,1.6686811835039983,1.6729598532052907,0.004278669701292426,False
random_minus_lbl_plus_templates,e7c3197175704bce082edb885d4fa6328a0f697d629942098860c96b5b014a8c,QAOA,1.6686811835039983,1.6729598532052907,0.004278669701292426,False
random_minus_lbl_plus_templates,e7fffabc07b75ea40680bf5a6622f4cdc16711362459ed4523e903018e295e22,HardwareEfficient,1.6686811835039983,1.6729598532052907,0.004278669701292426,False
random_minus_lbl_plus_templates,ec754f7e3892ee8ca405ace36ffa2cf3d8489863d2f83852f623de773dd94b1e,QFT,1.6686811835039983,1.6729598532052907,0.004278669701292426,False
random_minus_lbl_plus_templates,ec9289c88d9acb9814cb60890e2e2d888e2853fae21087e87cdc61fd856c3ee5,SurfaceCode,1.6686811835039983,1.6729598532052907,0.004278669701292426,False
random_minus_lbl_plus_templates,ecdc88be58bf549d56d32e78bd4bc92867b980440b9b1b2d29c6a6a0c98bcfe2,UCCSD_inspired,1.6686811835039983,1.6729598532052907,0.004278669701292426,False
random_minus_lbl_plus_templates,ecfd2572e51eb6ffed7dc27ff03ff03e0340732f1c1277c844b7427722591d79,HardwareEfficient,1.6686811835039983,1.6729598532052907,0.004278669701292426,False
random_minus_lbl_plus_templates,edd5a22e6ec1e0d26a85c6c718e1e94836f192ceab2dbfb5f4d8a6786339dd0d,QAOA,1.6686811835039983,1.6729598532052907,0.004278669701292426,False
random_minus_lbl_plus_templates,eddd39fb7713c30765eff96b2b18a93b5a81f161905df421991d8256e7b31b8f,RandomClifford,1.6686811835039983,1.6729598532052907,0.004278669701292426,False
random_minus_lbl_plus_templates,efcc1de189949fabda88791e6b68d73aff3b14e37c742a15535d4e16dce0f0ac,QuantumWalk,1.6686811835039983,1.6729598532052907,0.004278669701292426,False
random_minus_lbl_plus_templates,efe05a598852b28e2f1b7f34b2184f3989d4eb2ea9ee1ee00b340a751d905e75,SurfaceCode,1.6686811835039983,1.6729598532052907,0.004278669701292426,False
random_minus_lbl_plus_templates,f1bbfe2c5554ef1e3780c3589fe5016e2871845659c086dd38a099ad9bd9415e,SurfaceCode,1.6686811835039983,1.6729598532052907,0.004278669701292426,False
random_minus_lbl_plus_templates,c03a59f09d1814f61e8886ce6c504c04c0bf89965ff911746bb96e21e9cd570c,SurfaceCode,1.6686811835039983,1.6729598532052907,0.004278669701292426,False
random_minus_lbl_plus_templates,f5218a03ce51439316bb3e4b2f5acfecbedb82b79c39fa380d33bec3ad235abe,HaarRandom,1.6686811835039983,1.6729598532052907,0.004278669701292426,False
random_minus_lbl_plus_templates,f5abe5e6eaa29a69e1bf7d01179729f0dbdaec8309b1956baf7cc1f60ae61b0a,Grover,1.6686811835039983,1.6729598532052907,0.004278669701292426,False
random_minus_lbl_plus_templates,f82545ab8dd2e124bb20b12a2943a1f6d29666837c03c9275f4c803dc1929c72,Oracle,1.6686811835039983,1.6729598532052907,0.004278669701292426,False
random_minus_lbl_plus_templates,f82bca5573e6e4f880dd93e93fbd33df5af794da6882ff8adad6e33e221312b3,Adder,1.6686811835039983,1.6729598532052907,0.004278669701292426,False
random_minus_lbl_plus_templates,fa9e1b48ab72bf8257e53fa08802bb8190d6d9ea0feacf0444e455c6a6058b83,VQE,1.6686811835039983,1.6729598532052907,0.004278669701292426,False
random_minus_lbl_plus_templates,faa92b4b8c5dc1e1c3f300c4914c715114a30697cd05ffab2f7353daa84168d5,HardwareEfficient,1.6686811835039983,1.6729598532052907,0.004278669701292426,False
random_minus_lbl_plus_templates,fad3c5f191237ccefb3283566a70159b1baa6b56d18ce49a8add74141be307f5,SurfaceCode,1.6686811835039983,1.6729598532052907,0.004278669701292426,False
random_minus_lbl_plus_templates,fbbb1f6cb302de75c9077919dccba48d46bf95447cc57a644a2377416daa7c26,HardwareEfficient,1.6686811835039983,1.6729598532052907,0.004278669701292426,False
random_minus_lbl_plus_templates,fbc4d3c061750bc2d5462260e0508f2ff85141dcec68e851026e02ad27734a4c,QuantumWalk,1.6686811835039983,1.6729598532052907,0.004278669701292426,False
random_minus_lbl_plus_templates,fc2908d6c4fd8d02ebb288c7d8a25dc4e5b9a8036c7104236e5788bd6a0d11cd,VQE,1.6686811835039983,1.6729598532052907,0.004278669701292426,False
random_minus_lbl_plus_templates,fc9c0098d5d07331d9cb6faf263afc0d636a3b06394b50375880dd47fed4a931,QuantumWalk,1.6686811835039983,1.6729598532052907,0.004278669701292426,False
random_minus_lbl_plus_templates,fd904e687f3606b7bbc5cd8c5f015303fb63612af2cc5137bd4ac9367a00f3f1,HardwareEfficient,1.6686811835039983,1.6729598532052907,0.004278669701292426,False
random_minus_lbl_plus_templates,ffbccff06f7f6ee0e5485c7374bbae521e513bf19f08f375c992f0d2c68d895c,Adder,1.6686811835039983,1.6729598532052907,0.004278669701292426,False
random_minus_lbl_plus_templates,e4d691f8c012af76095e7a10ad56544d75b24ab2672cd278233741ac8ea1250f,Oracle,1.6686811835039983,1.6729598532052907,0.004278669701292426,False
random_minus_lbl_plus_templates,e4bc9db5147e3cf352a2b34eb199daa122ba5549fa5d7b3f3f678a4af97036f6,SurfaceCode,1.6686811835039983,1.6729598532052907,0.004278669701292426,False
random_minus_lbl_plus_templates,e2143d08e116cb3586d657f776bf753f5b6696964a06ed9814fe6dc5d6a4f903,SurfaceCode,1.6686811835039983,1.6729598532052907,0.004278669701292426,False
random_minus_lbl_plus_templates,e0b3e1cffafcde6de2affb92f841e127bb661b6483670899f818b5dc9fe9021e,Adder,1.6686811835039983,1.6729598532052907,0.004278669701292426,False
random_minus_lbl_plus_templates,c15ccd1efbe0b71c21464e888a978afbe6b6cf006bd895873c7d9b8e51efbaf0,CNOT,1.6686811835039983,1.6729598532052907,0.004278669701292426,False
random_minus_lbl_plus_templates,c2f59740e6b3e2a395683f9a2c34a12a350af985f437251f55c71e43bf23f1ab,Adder,1.6686811835039983,1.6729598532052907,0.004278669701292426,False
random_minus_lbl_plus_templates,c3781847e3b476f0de097ecb06e247f54b9b45f604f5ccafeaab4169f506470a,Adder,1.6686811835039983,1.6729598532052907,0.004278669701292426,False
random_minus_lbl_plus_templates,c3e848fe6db54137fa92444db2668cef254476947d748c8e25e29c13f6d30cb7,QAOA,1.6686811835039983,1.6729598532052907,0.004278669701292426,False
random_minus_lbl_plus_templates,c73af4761baf3dcf4f28a3987d55dab7647737f13e2d751db93c903d205972c6,QuantumWalk,1.6686811835039983,1.6729598532052907,0.004278669701292426,False
random_minus_lbl_plus_templates,c79699bc553ba266feca0cc48d12346c9fa31633f6c158d26ee08f6599c9d82f,SurfaceCode,1.6686811835039983,1.6729598532052907,0.004278669701292426,False
random_minus_lbl_plus_templates,c838d74688b6214d2871ed53c97174482edaa079269b7f347a8a6bf095e67a70,QAOA,1.6686811835039983,1.6729598532052907,0.004278669701292426,False
random_minus_lbl_plus_templates,c91f83f84726fdd86c22a20ea08453d780f2bdd292a5b3b056d983430ea40d06,Grover,1.6686811835039983,1.6729598532052907,0.004278669701292426,False
random_minus_lbl_plus_templates,ca386edd88164ffa11c481f7253c35755085ab3b89dc4a040baf53ef07db46b7,QAOA,1.6686811835039983,1.6729598532052907,0.004278669701292426,False
random_minus_lbl_plus_templates,ca837fd5027f82056681081774fff9507cfd1c727e71867d93a552ff2a4cdc99,HardwareEfficient,1.6686811835039983,1.6729598532052907,0.004278669701292426,False
random_minus_lbl_plus_templates,cc1ddd28093a20372a6d256992968b8bc18e2829750947498955a406113f5f52,Grover,1.6686811835039983,1.6729598532052907,0.004278669701292426,False
random_minus_lbl_plus_templates,cc7c4783b7000be0e3c619b0c96a7ebef0b8efc8519c4f8c90d9d9b1b3a49f6e,QAOA,1.6686811835039983,1.6729598532052907,0.004278669701292426,False
random_minus_lbl_plus_templates,ccea9ac438850bdbc663c5c72a67f5ea0eacc8d96469a1fb20d748e4a81b5c76,QuantumWalk,1.6686811835039983,1.6729598532052907,0.004278669701292426,False
random_minus_lbl_plus_templates,cdbe33fccd70c92e6cc7d2b7574511bac38dc61b4808e8978c79d8fe49b754db,QAOA,1.6686811835039983,1.6729598532052907,0.004278669701292426,False
random_minus_lbl_plus_templates,cdd100c7eff0d706945d603b660c1569d33187e1be34e594e80d66dbe901ac39,VQE,1.6686811835039983,1.6729598532052907,0.004278669701292426,False
random_minus_lbl_plus_templates,cf3c03de2da7d0f3afc65dcd7a8b9bf97cc30cecd8d496b48c60f839667848c4,QAOA,1.6686811835039983,1.6729598532052907,0.004278669701292426,False
random_minus_lbl_plus_templates,d38566d48961c0f4bf6be3a09a849c118d9719eaeb3ba58b46b96218d1814c2e,QAOA,1.6686811835039983,1.6729598532052907,0.004278669701292426,False
random_minus_lbl_plus_templates,d3e8b51351e86caa6d8939fe0a903f48a089e7d220d46a14b52d6c94e6e43394,CNOT,1.6686811835039983,1.6729598532052907,0.004278669701292426,False
random_minus_lbl_plus_templates,dac7e56e9490cb5f19a852e1206995c9711c1c95c63e61eba2ed4a4acecf7099,HardwareEfficient,1.6686811835039983,1.6729598532052907,0.004278669701292426,False
random_minus_lbl_plus_templates,db276c8d92545f754aab16b3664fca1ddb31410f3135295ca28b78969f0459a4,UCCSD_inspired,1.6686811835039983,1.6729598532052907,0.004278669701292426,False
random_minus_lbl_plus_templates,db73dc3dec7c024cc43e6fa9f7009bc8675da1af254d45987392008ad0a477b4,VQE,1.6686811835039983,1.6729598532052907,0.004278669701292426,False
random_minus_lbl_plus_templates,dbf2ecc496a8a4f6e88f13828e776d93956e73b115d0ae52ddd4ce1fa1fc5605,HardwareEfficient,1.6686811835039983,1.6729598532052907,0.004278669701292426,False
random_minus_lbl_plus_templates,dd0bd9d601309ab2409129880f851b4a0aa922f7e24924a06c30ef6874a5a00b,Grover,1.6686811835039983,1.6729598532052907,0.004278669701292426,False
random_minus_lbl_plus_templates,de948303c9c984b841388b3aa67f077ef51521bf18b9a003b8ea79b973958b75,VQE,1.6686811835039983,1.6729598532052907,0.004278669701292426,False
random_minus_lbl_plus_templates,df499dded1e0518f2f6266b9f0e35d3c81e6057b5ba6e6decbb0f26370e5bb03,GHZ,1.6686811835039983,1.6729598532052907,0.004278669701292426,False
random_minus_lbl_plus_templates,dfb04a777b1d92f2bd1c26ca8fecfc77e6e9e7fe6b9091cef1ea2753dd14dae8,RandomClifford,1.6686811835039983,1.6729598532052907,0.004278669701292426,False
random_minus_lbl_plus_templates,e088528b02a19eec385f62f0fcc85a3229fa96910264b09991adb2dcc6fd3870,VQE,1.6686811835039983,1.6729598532052907,0.004278669701292426,False
random_minus_lbl_plus_templates,8a29549e2e2fa7f01199af622b2eca0054357c598c80d4060397da27d98f6196,QAOA,1.6686811835039983,1.6729598532052907,0.004278669701292426,False
random_minus_lbl_plus_templates,6844da2119d733a01e2a77eb368d455c86913e069a73316edac258bedf73a884,VQE,1.6686811835039983,1.6729598532052907,0.004278669701292426,False
random_minus_lbl_plus_templates,887988d6755fe3aeb072232cdd949704ce84134ffba601652f00a321dc5040c3,QAOA,1.6686811835039983,1.6729598532052907,0.004278669701292426,False
random_minus_lbl_plus_templates,326af35614abc61489f1ad4018e0d4e3dedd5328f5de7283c2efd6199cf76236,HardwareEfficient,1.6686811835039983,1.6729598532052907,0.004278669701292426,False
random_minus_lbl_plus_templates,20bd807cbfd98fe4ea82e3516bf2d4a8503636ee5a9f7d3e47639df20a82b08a,QAOA,1.6686811835039983,1.6729598532052907,0.004278669701292426,False
random_minus_lbl_plus_templates,2164019ee5e79f18f2d1ccc22ecf54065aa0ae6d801bbde583c7eea6b58de838,Adder,1.6686811835039983,1.6729598532052907,0.004278669701292426,False
random_minus_lbl_plus_templates,21ae7cff0e4c85366dd65e6e4172d4dc07c4d0910264670dc6bd54046b03b08f,IQP,1.6686811835039983,1.6729598532052907,0.004278669701292426,False
random_minus_lbl_plus_templates,251f2e6bde8df1f5e9ec01838a8651a4178e7cd4f49748cd82510544d5869691,VQE,1.6686811835039983,1.6729598532052907,0.004278669701292426,False
random_minus_lbl_plus_templates,264d1b73ac4524485965989504c9021bc175f53d087f673a4187e2e9d2d8234b,UCCSD_inspired,1.6686811835039983,1.6729598532052907,0.004278669701292426,False
random_minus_lbl_plus_templates,27de95acc938a43758948985fc9dc86e4a392285121eaca84e3a9c40bceb4e31,QAOA,1.6686811835039983,1.6729598532052907,0.004278669701292426,False
random_minus_lbl_plus_templates,2a80f64340c58306fb04a784ab1f93b8bc47dddf3b2084721a18783df59e4275,HaarRandom,1.6686811835039983,1.6729598532052907,0.004278669701292426,False
random_minus_lbl_plus_templates,2bc3bac3e16a924e0b659e514bdadb24402dd25bb43047e6292e84d6f96ed9cf,Adder,1.6686811835039983,1.6729598532052907,0.004278669701292426,False
random_minus_lbl_plus_templates,2c4eabb9f48c4ae3c75c74a5d4378f67f7d301aceb9b8651680f3c6aa91a6477,Adder,1.6686811835039983,1.6729598532052907,0.004278669701292426,False
random_minus_lbl_plus_templates,2c84ea80bde7fac580d458a541d4e4690eaff27a501e95e6eb5ade7c80642293,QAOA,1.6686811835039983,1.6729598532052907,0.004278669701292426,False
random_minus_lbl_plus_templates,2d043f6785f08c83f853dfb793626cfb8e1e5c2265f0d61dc52cab5049ee4b4d,VQE,1.6686811835039983,1.6729598532052907,0.004278669701292426,False
random_minus_lbl_plus_templates,3113b971b548c7ee4e78af92d32b392c5bfcc30e701ff59f7420abc819314785,QAOA,1.6686811835039983,1.6729598532052907,0.004278669701292426,False
random_minus_lbl_plus_templates,329b15531e8ae55e3c8668f2b78d9dbb4532f68f6c3aa4cb36f07012787c1a07,HardwareEfficient,1.6686811835039983,1.6729598532052907,0.004278669701292426,False
random_minus_lbl_plus_templates,4089615b62e2dc0c0b1b7723660abedb66020a4036e6d847a938a772d0d6172b,QAOA,1.6686811835039983,1.6729598532052907,0.004278669701292426,False
random_minus_lbl_plus_templates,32c9e772774deff17d4b957250f4893cf8bc7cbe5983475de6b326cdc1ece616,HardwareEfficient,1.6686811835039983,1.6729598532052907,0.004278669701292426,False
random_minus_lbl_plus_templates,350c8060ffd6c0e538db61490c774b4be2c7b6e47f358cfe7277cbb05914efda,VQE,1.6686811835039983,1.6729598532052907,0.004278669701292426,False
random_minus_lbl_plus_templates,376ceef4983731f7550ead348027cf64df326a3131ced4b5445918208feab683,Adder,1.6686811835039983,1.6729598532052907,0.004278669701292426,False
random_minus_lbl_plus_templates,37cdb70bdc0a40384c6a1a0824df270d7d181388d831d4788c2d190a5106be0d,QuantumWalk,1.6686811835039983,1.6729598532052907,0.004278669701292426,False
random_minus_lbl_plus_templates,38fb79c22e616a17ca079d6ac91f1593bb639b1c9cdc24b819719a203860bb1c,HaarRandom,1.6686811835039983,1.6729598532052907,0.004278669701292426,False
random_minus_lbl_plus_templates,3aae783a820f49c9540e519d2e0530dfc7772f6fca9d6281bb75cb295af6f03e,SurfaceCode,1.6686811835039983,1.6729598532052907,0.004278669701292426,False
random_minus_lbl_plus_templates,3aee8fb917c05afbe6186cad1160779a632dee4212db5acd705c807383e6b682,Adder,1.6686811835039983,1.6729598532052907,0.004278669701292426,False
random_minus_lbl_plus_templates,3ddeba643cb1262108f3aa16deb98fff7a1b48b89c7248b1fb063953fca055c7,RandomClifford,1.6686811835039983,1.6729598532052907,0.004278669701292426,False
random_minus_lbl_plus_templates,8664cf212e90101e901ea020a3d13bba14837c13195e5d2d2e6c78405c613790,QuantumWalk,1.6686811835039983,1.6729598532052907,0.004278669701292426,False
random_minus_lbl_plus_templates,3e0c8afaa2c7ac511c66cdc6f54a4f59ecec9d97e00b3f1ed0997592613b2ff4,VQE,1.6686811835039983,1.6729598532052907,0.004278669701292426,False
random_minus_lbl_plus_templates,3e53f339ce23bcd55c9745a7e473937d8df2b36146b0e3872cd78980fcbfe035,IQP,1.6686811835039983,1.6729598532052907,0.004278669701292426,False
random_minus_lbl_plus_templates,3f042fa9b9dbce7185f41afba08f1499752dc0e6949614c29d69df95229d96bd,SurfaceCode,1.6686811835039983,1.6729598532052907,0.004278669701292426,False
random_minus_lbl_plus_templates,1f7ce6e1ac59964310bdbd87991235d720efcce0cd2bcfa26c140ef95e59e2e8,HardwareEfficient,1.6686811835039983,1.6729598532052907,0.004278669701292426,False
random_minus_lbl_plus_templates,1f2f7626c24f4a5e8e01afeec9043f45c1fe4598224d2f0f5664d76ef61ea065,VQE,1.6686811835039983,1.6729598532052907,0.004278669701292426,False
random_minus_lbl_plus_templates,1e333b11b12581118a6220fdba235f1333b716caf85326bcbcae657ee5f5010d,VQE,1.6686811835039983,1.6729598532052907,0.004278669701292426,False
random_minus_lbl_plus_templates,1e0a27417d327285c170dedda1a30b6477266b0adcb25849edabf48071b99ff9,HardwareEfficient,1.6686811835039983,1.6729598532052907,0.004278669701292426,False
random_minus_lbl_plus_templates,0080a63f816f580541538093d5448ae336ed333ac6933bc71da115de0011b707,QAOA,1.6686811835039983,1.6729598532052907,0.004278669701292426,False
random_minus_lbl_plus_templates,014e8da4cad4f97582e18a894f34fc8c3a41b14e6c31d3b3736404a1cf5b8e78,VQE,1.6686811835039983,1.6729598532052907,0.004278669701292426,False
random_minus_lbl_plus_templates,01a23834d951decd141adabe1307f2ad87488faaf5ff243ee1ed65f08cf396e8,HaarRandom,1.6686811835039983,1.6729598532052907,0.004278669701292426,False
random_minus_lbl_plus_templates,02163c542c157c61ed7195186ff2f5485f3042166bff997c922c173ac06103d0,Oracle,1.6686811835039983,1.6729598532052907,0.004278669701292426,False
random_minus_lbl_plus_templates,03b7ba6584cd57903d9049d3d8d9d802e36a1d22303218b80bcdf8645fad3484,QAOA,1.6686811835039983,1.6729598532052907,0.004278669701292426,False
random_minus_lbl_plus_templates,0639b3b3f7a5228332fd6ea0cb7de6e464b224d886d779e81c774cab81bfce25,Adder,1.6686811835039983,1.6729598532052907,0.004278669701292426,False
random_minus_lbl_plus_templates,06a9d110c02d1aaba25d743baf96461b3dd1bb878757e9b6610aa31e5bd58915,HaarRandom,1.6686811835039983,1.6729598532052907,0.004278669701292426,False
random_minus_lbl_plus_templates,06c44d32c85d1c06864d6f9775908c5d875e7b32ddcad6ee5dfed8d86c27ca6f,SurfaceCode,1.6686811835039983,1.6729598532052907,0.004278669701292426,False
random_minus_lbl_plus_templates,08654d0b844c66f30029c8c41a7a668b9899dc14c7c9d5a5445fa5df75b6a5f4,SurfaceCode,1.6686811835039983,1.6729598532052907,0.004278669701292426,False
random_minus_lbl_plus_templates,08824540c17b7e5551c4fed38e25fb7c445eb88bc2adf305e2ac828fad4d56a8,Adder,1.6686811835039983,1.6729598532052907,0.004278669701292426,False
random_minus_lbl_plus_templates,0a81cc4d0a797c511cc7757f221f526b65d937b82fd056476c0518a352f5005b,IQP,1.6686811835039983,1.6729598532052907,0.004278669701292426,False
random_minus_lbl_plus_templates,0b2df1631cec49dcdf94ae6c89b987525505936cb61ce3a67e0759c3b5437914,VQE,1.6686811835039983,1.6729598532052907,0.004278669701292426,False
random_minus_lbl_plus_templates,0beefbe297b32dc9ec283501ebd271f6102e615e89859d51183e5d935cb94f45,QuantumWalk,1.6686811835039983,1.6729598532052907,0.004278669701292426,False
random_minus_lbl_plus_templates,0cdd5a16e73c23ba58925f4d39695d1266fd02932361888693ce1d5d922fd6ce,Adder,1.6686811835039983,1.6729598532052907,0.004278669701292426,False
random_minus_lbl_plus_templates,0f71b269d40b142731582d0d62f4b9d2f8ad11f78887960b3215d7cb2db34e25,QuantumWalk,1.6686811835039983,1.6729598532052907,0.004278669701292426,False
random_minus_lbl_plus_templates,11ca0a34ccfcff1362a4d080d776863708b5bb85227870100bccb7ea7d29a31f,SurfaceCode,1.6686811835039983,1.6729598532052907,0.004278669701292426,False
random_minus_lbl_plus_templates,12aba0a55cc5324f1f86a4be0a6e11b63595a323c727cbf9b31cd9615f0e057d,Adder,1.6686811835039983,1.6729598532052907,0.004278669701292426,False
random_minus_lbl_plus_templates,146c3e821e8145d085eb90027904fa7f60f9de8430825fefc368f5c286fa991b,HardwareEfficient,1.6686811835039983,1.6729598532052907,0.004278669701292426,False
random_minus_lbl_plus_templates,14da3f908abda6229c65d0aec602aaf53fad733479c969be7e0504eaa5dacae0,SurfaceCode,1.6686811835039983,1.6729598532052907,0.004278669701292426,False
random_minus_lbl_plus_templates,15085463bb9acfc3d3c2fcc7416945689cf8dbdf38ee63960843c17c716d519e,SurfaceCode,1.6686811835039983,1.6729598532052907,0.004278669701292426,False
random_minus_lbl_plus_templates,154e1b21a6daa22758883ad015b7502a4335e2bb3e6358f3a61131487aa4a47c,IQP,1.6686811835039983,1.6729598532052907,0.004278669701292426,False
random_minus_lbl_plus_templates,1640ff7462e7311a41f33aa104a27eee9536fe8b771e28d6bc904b5a4f4f958a,VQE,1.6686811835039983,1.6729598532052907,0.004278669701292426,False
random_minus_lbl_plus_templates,1c82b236ba06c15d01c63ef7f002938983d64d0466097126e6dd69be4a8ec39b,SurfaceCode,1.6686811835039983,1.6729598532052907,0.004278669701292426,False
random_minus_lbl_plus_templates,1cfed9e8d4d3d922274c93ac90508b7632b2c9fb1a0d01862aa77ba6164bb231,IQP,1.6686811835039983,1.6729598532052907,0.004278669701292426,False
random_minus_lbl_plus_templates,1db722a4ab864b09920242db5924585ffb2e655a8900901ff640e894a1a58a2d,SurfaceCode,1.6686811835039983,1.6729598532052907,0.004278669701292426,False
random_minus_lbl_plus_templates,4035c390bb35bd7735df397046c84d406ef79095dfe0cf931033a80c28b17459,Grover,1.6686811835039983,1.6729598532052907,0.004278669701292426,False
random_minus_lbl_plus_templates,fff9e82ccf288b69ac39de668fca6fe3c6b30b9b7b6254dc68246f60aa6e303c,UCCSD_inspired,1.6686811835039983,1.6729598532052907,0.004278669701292426,False
random_minus_lbl_plus_templates,5d82d980193b330314da27f4c315ba0460259d09cae3ee69bfb5598f13a62ac8,VQE,1.6686811835039983,1.6729598532052907,0.004278669701292426,False
random_minus_lbl_plus_templates,6a973daf65bd418bdd08beaf9461e58945e15cfd7d372f99f1bfabdf665daccf,Adder,1.6686811835039983,1.6729598532052907,0.004278669701292426,False
random_minus_lbl_plus_templates,5e374d2d9df7152707d5a3b917c5572905ce53bc378306ed7da8919f036c289d,HardwareEfficient,1.6686811835039983,1.6729598532052907,0.004278669701292426,False
random_minus_lbl_plus_templates,5ead28e37038eedb416b5fe421b9e506b37e9503475ca2360ad0cdb94409277f,QuantumWalk,1.6686811835039983,1.6729598532052907,0.004278669701292426,False
random_minus_lbl_plus_templates,5eaf1f2b9f33724492a3e71d4e8ceaefbf99cfd60c760cd93842c60ec7375ec3,VQE,1.6686811835039983,1.6729598532052907,0.004278669701292426,False
random_minus_lbl_plus_templates,5f481c17ba4296b0a33c041b7470ec4748e61766c334712778a0ff41f81805da,HaarRandom,1.6686811835039983,1.6729598532052907,0.004278669701292426,False
random_minus_lbl_plus_templates,40b2ed79783ce1a4b95b1d1ef139d1741d958ea40b9841f763ef32f8f0761c21,QuantumWalk,1.6686811835039983,1.6729598532052907,0.004278669701292426,False
random_minus_lbl_plus_templates,5f5b6844177bd52e8c187fc996896ec6118d9e360e258d5f3707493673cae096,UCCSD_inspired,1.6686811835039983,1.6729598532052907,0.004278669701292426,False
random_minus_lbl_plus_templates,6198918025e9d52620fa49da1e8fc24880b8cdf9ed5759f2b77490edd5060dc2,UCCSD_inspired,1.6686811835039983,1.6729598532052907,0.004278669701292426,False
random_minus_lbl_plus_templates,632a65a86fd9bfab17ccedbd10b32b45490cc33030a23af0d675ad3e8ad7a445,GHZ,1.6686811835039983,1.6729598532052907,0.004278669701292426,False
random_minus_lbl_plus_templates,65a4561aab303f3d2678d1f01adae25c9c9feed7706b20ba64b34673afc99bc5,RandomClifford,1.6686811835039983,1.6729598532052907,0.004278669701292426,False
random_minus_lbl_plus_templates,84fde07bd40be8d7a95d24cc510e9db8ab0d019aaad3c30a43907f561b19ebb6,Adder,1.6686811835039983,1.6729598532052907,0.004278669701292426,False
random_minus_lbl_plus_templates,688a54258c5fc58844911584b848f67ef97f01928a47184b30d01cdff70937e2,QAOA,1.6686811835039983,1.6729598532052907,0.004278669701292426,False
random_minus_lbl_plus_templates,69dc9b7c80d923f7c782eeecca4e015e05ed1068495a29bd0e903ae9e481abbf,Oracle,1.6686811835039983,1.6729598532052907,0.004278669701292426,False
random_minus_lbl_plus_templates,6b06e5f02a79dad7060380635124093ca1f091f78aa2c79881017c4349543c35,QAOA,1.6686811835039983,1.6729598532052907,0.004278669701292426,False
random_minus_lbl_plus_templates,5b48e826e65152b0af21cba70e11371c1b074a0c9c1e146e88104ebda8da7f44,QuantumWalk,1.6686811835039983,1.6729598532052907,0.004278669701292426,False
random_minus_lbl_plus_templates,6b50423744cf6c022eecde33a07e710ea071ad97745eda5ae14badb443b4a3d4,UCCSD_inspired,1.6686811835039983,1.6729598532052907,0.004278669701292426,False
random_minus_lbl_plus_templates,6f3c72445c6c7b4ac694c7b6dcacbe9c97681c8c27c6ab4fd6a32ec94a0d5a2e,HardwareEfficient,1.6686811835039983,1.6729598532052907,0.004278669701292426,False
random_minus_lbl_plus_templates,6fb483683d8a22c1752bbd74856400a9e8dc76f6c7498dc4e96e958be1a4c939,HardwareEfficient,1.6686811835039983,1.6729598532052907,0.004278669701292426,False
random_minus_lbl_plus_templates,84e5ffa52ff593155fe71d6c5301d13481243936c02d7dea5e63cbb838e247aa,Oracle,1.6686811835039983,1.6729598532052907,0.004278669701292426,False
random_minus_lbl_plus_templates,701484a18ee7e28286cedd323ee9dc71b83cfa896d35865ca7cdab0545cc5b6a,Adder,1.6686811835039983,1.6729598532052907,0.004278669701292426,False
random_minus_lbl_plus_templates,7052aff8dd4903f03c23a3ac996d18fe787bf1c0241facc9c524e5ea4facd903,SurfaceCode,1.6686811835039983,1.6729598532052907,0.004278669701292426,False
random_minus_lbl_plus_templates,706c0447268ee506ac59afcbc771e7db4407d41470f6beb3af60fa431e739c66,QAOA,1.6686811835039983,1.6729598532052907,0.004278669701292426,False
random_minus_lbl_plus_templates,78372196a76be5b171c8c8652020a17fffda66c247774a77d4b49a122e356bf7,Adder,1.6686811835039983,1.6729598532052907,0.004278669701292426,False
random_minus_lbl_plus_templates,798f2da3852850a248b844c609e1ad7fb57b023a680e6d42dc556d31133c1a31,SurfaceCode,1.6686811835039983,1.6729598532052907,0.004278669701292426,False
random_minus_lbl_plus_templates,7b4fd106d73016d705a5586e9b761915a1ae550e15f90ea6ef09404df6cc4937,HardwareEfficient,1.6686811835039983,1.6729598532052907,0.004278669701292426,False
random_minus_lbl_plus_templates,834aeb4ed3be004b7a0b3e681d43de66de6de8f35a5e9fb1bfa818d7b959284b,VQE,1.6686811835039983,1.6729598532052907,0.004278669701292426,False
random_minus_lbl_plus_templates,7ca61cc51f86f8358466b512f82fdd1bedfd46f4ebc65d118de7a2b190605e78,QAOA,1.6686811835039983,1.6729598532052907,0.004278669701292426,False
random_minus_lbl_plus_templates,5c672ebce573529c490baac76666f3d7035c91d1a2552a4c883752c77353c5da,QAOA,1.6686811835039983,1.6729598532052907,0.004278669701292426,False
random_minus_lbl_plus_templates,7de15138171180eddd35e0f29e3e3ce11f0b20302daab2bc45c5be3302e9cf4d,SurfaceCode,1.6686811835039983,1.6729598532052907,0.004278669701292426,False
random_minus_lbl_plus_templates,59fbafb4a84f6e3bf7095d58daa93081c2109f6d48baaa6615d62eb5baec28bb,VQE,1.6686811835039983,1.6729598532052907,0.004278669701292426,False
random_minus_lbl_plus_templates,4572941712e8aea150c8fa425b7e51001a6c0edaee560e513ec57c86bf5900af,HardwareEfficient,1.6686811835039983,1.6729598532052907,0.004278669701292426,False
random_minus_lbl_plus_templates,46b9db66decc06088531b47b8ebb2df981fb151806949067077d84375b800a37,Grover,1.6686811835039983,1.6729598532052907,0.004278669701292426,False
random_minus_lbl_plus_templates,495bef64d81542b62d65ea7f3ea2f68c15fd96f817571830c26016e760cb0b20,SurfaceCode,1.6686811835039983,1.6729598532052907,0.004278669701292426,False
random_minus_lbl_plus_templates,49e4535dd05722cfe2cfda0d59fcc03e485eca61c04e97f3b303a014d4a4357b,HardwareEfficient,1.6686811835039983,1.6729598532052907,0.004278669701292426,False
random_minus_lbl_plus_templates,4c91554a6a7a29ac388f41e86df4db15dc97853874c7d6e7defca805db616d06,VQE,1.6686811835039983,1.6729598532052907,0.004278669701292426,False
random_minus_lbl_plus_templates,4cb477caf5f46aa76b3f54b03574649768b408906ee78ac4652943020cb7be7c,VQE,1.6686811835039983,1.6729598532052907,0.004278669701292426,False
random_minus_lbl_plus_templates,4f0c8b34713d2fca63f5142fe0549056f4fe97f079b14a9139a45918778858fe,QAOA,1.6686811835039983,1.6729598532052907,0.004278669701292426,False
random_minus_lbl_plus_templates,50acc8cca2f23db161ca0e99de8435635242080dcd80d6ee45c483913667385d,SurfaceCode,1.6686811835039983,1.6729598532052907,0.004278669701292426,False
random_minus_lbl_plus_templates,50d9a47ee18d2e3012d55867372cff942253cf0f5194a46210afdf68c5391777,Oracle,1.6686811835039983,1.6729598532052907,0.004278669701292426,False
random_minus_lbl_plus_templates,52fa838edc0ec27d2776b0f16823e23c9dd0d9fcbc80dde3c63633de21d71851,SurfaceCode,1.6686811835039983,1.6729598532052907,0.004278669701292426,False
random_minus_lbl_plus_templates,53b73b5cd49bf304f89e5343449a253cb9005287952a8e3fd40f0f4538bd6356,VQE,1.6686811835039983,1.6729598532052907,0.004278669701292426,False
random_minus_lbl_plus_templates,54081630416519b0c77bbd353bb5998e32c8ddc6917cc148e526826f6f6debc6,QuantumWalk,1.6686811835039983,1.6729598532052907,0.004278669701292426,False
random_minus_lbl_plus_templates,5562a10a2385796690312a16c52884a150b99c123c39cb6b12089a46cad0a542,HardwareEfficient,1.6686811835039983,1.6729598532052907,0.004278669701292426,False
random_minus_lbl_plus_templates,5644fee5bd8328c655b27bf4202f33cb49d6ff723364d466a3a1421f12c14466,HardwareEfficient,1.6686811835039983,1.6729598532052907,0.004278669701292426,False
random_minus_lbl_plus_templates,569144f1f4ed5900a4ee35afd5c24a98a42de6ce3c141773dc514b4ea44405f4,UCCSD_inspired,1.6686811835039983,1.6729598532052907,0.004278669701292426,False
random_minus_lbl_plus_templates,5713a5dbe3be0670eb39317ac7b841739b453b10c8966fa6018e22c62466cb23,QAOA,1.6686811835039983,1.6729598532052907,0.004278669701292426,False
random_minus_lbl_plus_templates,43bca13faef5c6cfe77a9608604ef4b0638bd1866f694ba91570d8417f61f6dc,HardwareEfficient,1.6686811835039983,1.6729598532052907,0.004278669701292426,False
random_minus_lbl_plus_templates,439cf4a4745745332319327dc1b01075748fee45c1a0f2e6280ba8e9fbbe0487,SurfaceCode,1.6686811835039983,1.6729598532052907,0.004278669701292426,False
random_minus_lbl_plus_templates,587577f385cf54a3edd3cc639b3ac8cc5aa139f2ef414827515ddc7be4c12104,GHZ,1.6686811835039983,1.6729598532052907,0.004278669701292426,False
random_minus_lbl_plus_templates,437020e3b14d16381ddae29b4c8219401888281530fe7a429e0e50cdf87b176c,Adder,1.6686811835039983,1.6729598532052907,0.004278669701292426,False
random_minus_lbl_plus_templates,4621ef48fbfa81d505e50e099d2d9bb268c3bcebb00ba5aac807e68b83d47cc6,Oracle,1.6686811835039983,1.6729598532052907,0.004278669701292426,False
random_minus_lbl_plus_templates,272804f10f95ecb2895a565280f8594781730f41735af2d503194d428323e8a2,QuantumWalk,1.6686811835039983,1.6729476478427425,0.004266464338744225,False
wcl_minus_lbl_plus_templates,3ddeba643cb1262108f3aa16deb98fff7a1b48b89c7248b1fb063953fca055c7,RandomClifford,2.156251653059563,2.160498452169972,0.00424679911040915,False
random_minus_lbl_plus_templates,998d28f393fb6fe8a78d18a2436597cf82c17978859d430e5e43e089471944d1,QuantumWalk,1.6686811835039983,1.6729110317550981,0.004229848251099844,False
random_minus_lbl_plus_templates,380136ad69bebfc3d05fdf4d7fab225d1325b53da9391f41c26a567f88a08608,QuantumWalk,1.6686811835039983,1.6729110317550981,0.004229848251099844,False
random_minus_lbl_plus_templates,ea616cc3027e3233ee7136c2491ed791a67189fd196da0c12b55f980a7200a76,HaarRandom,1.6686811835039983,1.6728976479029107,0.004216464398912434,False
random_minus_lbl_plus_templates,c5d3cc7e27224a7f0435dbe10fc8c046011f5e3b58eea6c57431181a4bcbcb20,QuantumWalk,1.6686811835039983,1.6728866210300022,0.004205437526003886,False
random_minus_lbl_commutation_only,0a54b71bfd47499f18a2421cd6bf97c15dc3f348b2d97f00df878dc6173f5324,Grover,1.7962196557066954,1.8004202045213855,0.004200548814690119,False
random_minus_lbl_commutation_only,c250d0ccb4006b4e767ef51fbcbcf33ec45690c2483928f4ce6a525259b23d35,IQP,1.7962196557066954,1.8004170505449437,0.004197394838248325,False
wcl_minus_lbl_plus_templates,dfb04a777b1d92f2bd1c26ca8fecfc77e6e9e7fe6b9091cef1ea2753dd14dae8,RandomClifford,2.156251653059563,2.160416619109416,0.004164966049852836,False
wcl_minus_lbl_plus_templates,9b819e13eadb54421cd96fd869adb2ed0aa6de9853a854066e3d928117142acf,QuantumWalk,2.156251653059563,2.1603730341097718,0.004121381050208761,False
wcl_minus_lbl_commutation_only,e541b465d3e72bc04ff8e5a4eb83441dd9b5c474b735a707e491dfff3e8ff456,QuantumWalk,2.536018174756534,2.5400960362971587,0.004077861540624728,False
random_minus_lbl_commutation_only,ab626155e296fef5bbc2642087791bce56ed006287bde666542289458665c89d,Grover,1.7962196557066954,1.8001472523068038,0.003927596600108441,False
random_minus_lbl_commutation_only,83c7c3f2143beb462726dd5669eb691fae0cabe693debd1cd6c9926ec8aac05b,RandomClifford,1.7962196557066954,1.8001209233502375,0.00390126764354215,False
random_minus_lbl_plus_templates,c250d0ccb4006b4e767ef51fbcbcf33ec45690c2483928f4ce6a525259b23d35,IQP,1.6686811835039983,1.67255155661865,0.0038703731146516596,False
primary_listing_by_rule_did,2d4868c22c53a34ba2e5046296f2ed6dd8a3b0bac61263a35b7a2fc4521fef18,RandomClifford,-0.37976652169697117,-0.3759325897013224,0.0038339319956487983,False
wcl_minus_lbl_commutation_only,65a4561aab303f3d2678d1f01adae25c9c9feed7706b20ba64b34673afc99bc5,RandomClifford,2.536018174756534,2.539849845290098,0.0038316705335641466,False
random_minus_lbl_commutation_only,0ea94971bc42ea5f21350b8ee791f5ddd3a86cabd0502a4f2ecd331789793740,IQP,1.7962196557066954,1.8000290419874532,0.003809386280757776,False
random_minus_lbl_commutation_only,bb4d201ec90fe59ed3e9c9ab9ff269487e716ab1bee068bff9f74529b1de6f93,IQP,1.7962196557066954,1.8000290419874532,0.003809386280757776,False
random_minus_lbl_commutation_only,28bfaeeecb293e1f876f9558f967228672ed62c635b047fed680c0fd03f9b918,RandomClifford,1.7962196557066954,1.8000240650803023,0.0038044093736069318,False
wcl_minus_lbl_plus_templates,75870b8acd8d1782e558f24ff067ff0af4fd0fc15314bc31b3a27e06c4595379,IQP,2.156251653059563,2.1525453882847048,0.003706264774858248,False
wcl_minus_lbl_plus_templates,13240229abe2d895d5bb8fac7699ccee2bd1c05a0deabd9eec9a4d3087670510,QuantumWalk,2.156251653059563,2.159925288344714,0.003673635285151189,False
wcl_minus_lbl_plus_templates,c9e5b59e32c53d4772620b8ccf8ab1e16870e879379d57c33dae662522f67ce3,QuantumWalk,2.156251653059563,2.159925288344714,0.003673635285151189,False
random_minus_lbl_commutation_only,1bfe5860998e2d3ca1f048c0a396d2f3f0d4c199e4369ef422a20e44335b026d,IQP,1.7962196557066954,1.79988266236537,0.0036630066586746945,False
random_minus_lbl_plus_templates,572ced8466222c9cce73f7c74264b2354fd93bd719eafb0290bc144dcb80224f,UCCSD_inspired,1.6686811835039983,1.665045956402505,0.0036352271014932214,False
wcl_minus_lbl_plus_templates,84e5ffa52ff593155fe71d6c5301d13481243936c02d7dea5e63cbb838e247aa,Oracle,2.156251653059563,2.1526229942945143,0.003628658765048698,False
wcl_minus_lbl_plus_templates,9d28cb9bb42a70f9fa00e7efba94348562efdd144be3a7aef8382f0ab9e0b925,Oracle,2.156251653059563,2.1526229942945143,0.003628658765048698,False
wcl_minus_lbl_plus_templates,b1eea75a6b9b0df65f92fc8a6cc335196d0e181b16f0295c85e61c1ab5bcff75,Oracle,2.156251653059563,2.1526229942945143,0.003628658765048698,False
random_minus_lbl_commutation_only,dce7762d954de1250538ce0ef1982983332ffbdb47daa6e5f864c86712de8393,IQP,1.7962196557066954,1.7997744854249849,0.003554829718289465,False
random_minus_lbl_plus_templates,bb4d201ec90fe59ed3e9c9ab9ff269487e716ab1bee068bff9f74529b1de6f93,IQP,1.6686811835039983,1.6721635480611594,0.0034823645571611106,False
random_minus_lbl_plus_templates,0ea94971bc42ea5f21350b8ee791f5ddd3a86cabd0502a4f2ecd331789793740,IQP,1.6686811835039983,1.6721635480611594,0.0034823645571611106,False
random_minus_lbl_plus_templates,28bfaeeecb293e1f876f9558f967228672ed62c635b047fed680c0fd03f9b918,RandomClifford,1.6686811835039983,1.6721585711540086,0.0034773876500102663,False
wcl_minus_lbl_plus_templates,930cb78f04ba9cb29ab33d24598112a6118327a15181d12512e9f28c264180b8,IQP,2.156251653059563,2.1597126788035537,0.0034610257439906533,False
wcl_minus_lbl_plus_templates,6a3bfdb78a913f36bec2d7b63d723fb999cfb365f557915f888a35b62c45de5f,RandomClifford,2.156251653059563,2.1528061444776645,0.0034455085818985154,False
wcl_minus_lbl_plus_templates,dce7762d954de1250538ce0ef1982983332ffbdb47daa6e5f864c86712de8393,IQP,2.156251653059563,2.1596787800388246,0.003427126979261619,False
random_minus_lbl_commutation_only,dc8ceaecb8e2ef6b2a8168d75f511498a0bb1c550f459c37996e52c89e84ba85,QuantumWalk,1.7962196557066954,1.799640843229689,0.003421187522993696,False
random_minus_lbl_plus_templates,6a3bfdb78a913f36bec2d7b63d723fb999cfb365f557915f888a35b62c45de5f,RandomClifford,1.6686811835039983,1.6652675455129828,0.0034136379910154613,False
primary_listing_by_rule_did,974adb34b1a2c479396dd1800d00c4417c08a4c562a7370805ba00b5d6610880,RandomClifford,-0.37976652169697117,-0.3764187608335609,0.003347760863410265,False
random_minus_lbl_plus_templates,1bfe5860998e2d3ca1f048c0a396d2f3f0d4c199e4369ef422a20e44335b026d,IQP,1.6686811835039983,1.6720171684390763,0.003335984935078029,False
random_minus_lbl_commutation_only,572ced8466222c9cce73f7c74264b2354fd93bd719eafb0290bc144dcb80224f,UCCSD_inspired,1.7962196557066954,1.7929114503287988,0.003308205377896556,False
random_minus_lbl_plus_templates,1e2e846760ffae18723d5eeb34d434e2b4745acb5f1ca7dbfd34512dbe0f8b16,QuantumWalk,1.6686811835039983,1.6719472184970037,0.0032660349930053734,False
random_minus_lbl_plus_templates,dce7762d954de1250538ce0ef1982983332ffbdb47daa6e5f864c86712de8393,IQP,1.6686811835039983,1.671908991498691,0.0032278079946927996,False
random_minus_lbl_commutation_only,8a2dab910f6b0fb4138b6288249055697b4a82d54aeb40f1b365d52677ecd74e,QuantumWalk,1.7962196557066954,1.799434135686025,0.0032144799793296652,False
random_minus_lbl_plus_templates,8a2dab910f6b0fb4138b6288249055697b4a82d54aeb40f1b365d52677ecd74e,QuantumWalk,1.6686811835039983,1.6718775417968923,0.003196358292893997,False
random_minus_lbl_commutation_only,469f3c49f6eef6fbc27961be39affa9dd7a346b81fe5a14dbe7113d65cab2cb2,IQP,1.7962196557066954,1.7993170515056416,0.0030973957989461898,False
random_minus_lbl_plus_templates,dc8ceaecb8e2ef6b2a8168d75f511498a0bb1c550f459c37996e52c89e84ba85,QuantumWalk,1.6686811835039983,1.6717753493033953,0.0030941657993970306,False
random_minus_lbl_commutation_only,6a3bfdb78a913f36bec2d7b63d723fb999cfb365f557915f888a35b62c45de5f,RandomClifford,1.7962196557066954,1.7931330394392766,0.003086616267418796,False
primary_listing_by_rule_did,d47fbcf86d26708129ff7ec50334223b04f3b91344825d19f2600cab1a7800c0,RandomClifford,-0.37976652169697117,-0.37669777796651066,0.0030687437304605103,False
random_minus_lbl_commutation_only,75870b8acd8d1782e558f24ff067ff0af4fd0fc15314bc31b3a27e06c4595379,IQP,1.7962196557066954,1.799195620925587,0.002975965218891652,False
wcl_minus_lbl_plus_templates,1bfe5860998e2d3ca1f048c0a396d2f3f0d4c199e4369ef422a20e44335b026d,IQP,2.156251653059563,2.153296340556096,0.0029553125034671446,False
random_minus_lbl_plus_templates,71d778addd8ccb7f497d5f93f4f8f4243fe3239acec2e394b798baf7763c879e,RandomClifford,1.6686811835039983,1.665737029081058,0.0029441544229402705,False
random_minus_lbl_plus_templates,83c7c3f2143beb462726dd5669eb691fae0cabe693debd1cd6c9926ec8aac05b,RandomClifford,1.6686811835039983,1.671551005642597,0.0028698221385987654,False
primary_listing_by_rule_did,6194c79c6876f931fd4dd2e105ee631824a9635fa4fec3f8ff6e7642655610e8,QuantumWalk,-0.37976652169697117,-0.3769080635028831,0.002858458194088087,False
wcl_minus_lbl_plus_templates,65a4561aab303f3d2678d1f01adae25c9c9feed7706b20ba64b34673afc99bc5,RandomClifford,2.156251653059563,2.1591095632810835,0.0028579102215204877,False
primary_listing_by_rule_did,13240229abe2d895d5bb8fac7699ccee2bd1c05a0deabd9eec9a4d3087670510,QuantumWalk,-0.37976652169697117,-0.38259549711632423,0.0028289754193530636,False
primary_listing_by_rule_did,8aaf01a56bcab37914ddfaba82a75a16e140d95441d873784a6ddbc0cb82048b,QuantumWalk,-0.37976652169697117,-0.38259549711632423,0.0028289754193530636,False
random_minus_lbl_commutation_only,400ce4e70469d8d27ab3ac5495866397a68ae2ee6ba481d37cd7f7e03df762d3,IQP,1.7962196557066954,1.7990111236192476,0.002791467912552248,False
random_minus_lbl_plus_templates,469f3c49f6eef6fbc27961be39affa9dd7a346b81fe5a14dbe7113d65cab2cb2,IQP,1.6686811835039983,1.6714515575793478,0.0027703740753495243,False
wcl_minus_lbl_commutation_only,75870b8acd8d1782e558f24ff067ff0af4fd0fc15314bc31b3a27e06c4595379,IQP,2.536018174756534,2.5332856702937194,0.002732504462814589,False
wcl_minus_lbl_commutation_only,469f3c49f6eef6fbc27961be39affa9dd7a346b81fe5a14dbe7113d65cab2cb2,IQP,2.536018174756534,2.5387500463961814,0.0027318716396473874,False
wcl_minus_lbl_plus_templates,96561fd3e0765c0456e8f0b0e5c9c800074d4f866c985077bc85ca4c0fb159aa,RandomClifford,2.156251653059563,2.1535387452102652,0.0027129078492977854,False
wcl_minus_lbl_commutation_only,b1eea75a6b9b0df65f92fc8a6cc335196d0e181b16f0295c85e61c1ab5bcff75,Oracle,2.536018174756534,2.533363276303529,0.002654898453005039,False
wcl_minus_lbl_commutation_only,9d28cb9bb42a70f9fa00e7efba94348562efdd144be3a7aef8382f0ab9e0b925,Oracle,2.536018174756534,2.533363276303529,0.002654898453005039,False
wcl_minus_lbl_commutation_only,84e5ffa52ff593155fe71d6c5301d13481243936c02d7dea5e63cbb838e247aa,Oracle,2.536018174756534,2.533363276303529,0.002654898453005039,False
random_minus_lbl_plus_templates,75870b8acd8d1782e558f24ff067ff0af4fd0fc15314bc31b3a27e06c4595379,IQP,1.6686811835039983,1.6713301269992933,0.0026489434952949864,False
primary_listing_by_rule_did,b48696525dc16ace3d17f7656e6602f2710e54d030274a737712c3dc966a5f93,QuantumWalk,-0.37976652169697117,-0.3824002113155548,0.0026336896185836234,False
random_minus_lbl_commutation_only,71d778addd8ccb7f497d5f93f4f8f4243fe3239acec2e394b798baf7763c879e,RandomClifford,1.7962196557066954,1.7936025230073518,0.002617132699343605,False
random_minus_lbl_plus_templates,e00e580e23474658e32e03271e9930d065185c3eea39cd126893c951749d2ca8,IQP,1.6686811835039983,1.6660917213371587,0.00258946216683964,False
random_minus_lbl_plus_templates,c9e5b59e32c53d4772620b8ccf8ab1e16870e879379d57c33dae662522f67ce3,QuantumWalk,1.6686811835039983,1.6711900756358178,0.0025088921318194846,False
wcl_minus_lbl_commutation_only,6a3bfdb78a913f36bec2d7b63d723fb999cfb365f557915f888a35b62c45de5f,RandomClifford,2.536018174756534,2.533546426486679,0.0024717482698548565,False
random_minus_lbl_plus_templates,400ce4e70469d8d27ab3ac5495866397a68ae2ee6ba481d37cd7f7e03df762d3,IQP,1.6686811835039983,1.671145629692954,0.0024644461889558045,False
random_minus_lbl_plus_templates,50d40ab13a27632abb0016ec2e9af6972f0134cee65529429f585010b7f83a33,RandomClifford,1.6686811835039983,1.666293186538624,0.002387996965374395,False
primary_listing_by_rule_did,9b819e13eadb54421cd96fd869adb2ed0aa6de9853a854066e3d928117142acf,QuantumWalk,-0.37976652169697117,-0.3821477513512666,0.002381229654295436,False
primary_listing_by_rule_did,dfb04a777b1d92f2bd1c26ca8fecfc77e6e9e7fe6b9091cef1ea2753dd14dae8,RandomClifford,-0.37976652169697117,-0.3821041663516224,0.0023376446546512497,False
random_minus_lbl_plus_templates,13240229abe2d895d5bb8fac7699ccee2bd1c05a0deabd9eec9a4d3087670510,QuantumWalk,1.6686811835039983,1.6710069951975963,0.0023258116935980233,False
wcl_minus_lbl_plus_templates,cc5fe9a32e955a3c62cf12c58fdd8fe6ea17b2a383a2d9c22c7b0c1576080d57,Oracle,2.156251653059563,2.1539312098884444,0.002320443171118569,False
random_minus_lbl_commutation_only,0fd6af0acc8eee48624686a699bf40efbe937b9bf892e969565c84409f02f473,IQP,1.7962196557066954,1.7985359698422072,0.00231631413551181,False
random_minus_lbl_commutation_only,e00e580e23474658e32e03271e9930d065185c3eea39cd126893c951749d2ca8,IQP,1.7962196557066954,1.7939572152634524,0.0022624404432429746,False
random_minus_lbl_plus_templates,5b2a31e79d9fc799bfce71b0e4edb7e81603780d93caa25247f243bb4205dfc2,IQP,1.6686811835039983,1.6665065749399317,0.0021746085640665935,False
random_minus_lbl_plus_templates,e5bbbd1f18635ae8322525fdc27639ee5570adb4ddc5f530d7a8cb95f2790501,Oracle,1.6686811835039983,1.6665495967950341,0.002131586708964184,False
random_minus_lbl_commutation_only,50d40ab13a27632abb0016ec2e9af6972f0134cee65529429f585010b7f83a33,RandomClifford,1.7962196557066954,1.7941586804649177,0.0020609752417777294,False
random_minus_lbl_plus_templates,74e97e3e91fec3c194d338dbf07fe463abbee30e6ec302a429dd67d4ec2a8b92,RandomClifford,1.6686811835039983,1.666654682965694,0.002026500538304221,False
random_minus_lbl_plus_templates,0fd6af0acc8eee48624686a699bf40efbe937b9bf892e969565c84409f02f473,IQP,1.6686811835039983,1.6706704759159134,0.0019892924119151445,False
wcl_minus_lbl_commutation_only,1bfe5860998e2d3ca1f048c0a396d2f3f0d4c199e4369ef422a20e44335b026d,IQP,2.536018174756534,2.5340366225651105,0.0019815521914234857,False
random_minus_lbl_plus_templates,f5800ccda7bc5fe6d0223d2c5024b1e92540cfdc9389dbbd217178e1660d20cb,IQP,1.6686811835039983,1.6667563792598814,0.0019248042441168955,False
random_minus_lbl_plus_templates,34ac6807a367e4649c549bb7e5379b105efee316f5ac8c12566d937750d6a8fa,Oracle,1.6686811835039983,1.6667563792598814,0.0019248042441168955,False
random_minus_lbl_plus_templates,27a0f06f7cc08a8cc737a4739dc368a6357264dac3917d9592477680c4557db2,RandomClifford,1.6686811835039983,1.6668130319899763,0.0018681515140219762,False
random_minus_lbl_plus_templates,b23d5b47568d035621cb80cca02e66ed29fa44d2e21a148d6383023cfd01a848,RandomClifford,1.6686811835039983,1.670540888522175,0.0018597050181767827,False
random_minus_lbl_commutation_only,5b2a31e79d9fc799bfce71b0e4edb7e81603780d93caa25247f243bb4205dfc2,IQP,1.7962196557066954,1.7943720688662255,0.001847586840469928,False
primary_listing_by_rule_did,8a2dab910f6b0fb4138b6288249055697b4a82d54aeb40f1b365d52677ecd74e,QuantumWalk,-0.37976652169697117,-0.3779253433245107,0.0018411783724604502,False
wcl_minus_lbl_plus_templates,e00e580e23474658e32e03271e9930d065185c3eea39cd126893c951749d2ca8,IQP,2.156251653059563,2.154454496126016,0.001797156933546873,False
wcl_minus_lbl_plus_templates,469f3c49f6eef6fbc27961be39affa9dd7a346b81fe5a14dbe7113d65cab2cb2,IQP,2.156251653059563,2.1580097643871667,0.0017581113276037286,False
wcl_minus_lbl_plus_templates,8b29e59e3a39db333187ef02a279d7723f487d94b438e8e97ce4d73eab48b4e8,RandomClifford,2.156251653059563,2.154496121167641,0.001755531891921791,False
random_minus_lbl_commutation_only,74e97e3e91fec3c194d338dbf07fe463abbee30e6ec302a429dd67d4ec2a8b92,RandomClifford,1.7962196557066954,1.7945201768919878,0.0016994788147075557,False
wcl_minus_lbl_plus_templates,28bfaeeecb293e1f876f9558f967228672ed62c635b047fed680c0fd03f9b918,RandomClifford,2.156251653059563,2.154568964990485,0.0016826880690778978,False
wcl_minus_lbl_plus_templates,3cb9f2651afb8f2f779991fabaa51b5b5213c87aadc3075b406a14441a8d4cdd,RandomClifford,2.156251653059563,2.1545965954060464,0.0016550576535165895,False
random_minus_lbl_commutation_only,f5800ccda7bc5fe6d0223d2c5024b1e92540cfdc9389dbbd217178e1660d20cb,IQP,1.7962196557066954,1.794621873186175,0.0015977825205204521,False
random_minus_lbl_commutation_only,27a0f06f7cc08a8cc737a4739dc368a6357264dac3917d9592477680c4557db2,RandomClifford,1.7962196557066954,1.7946785259162699,0.0015411297904255328,False
wcl_minus_lbl_plus_templates,f5800ccda7bc5fe6d0223d2c5024b1e92540cfdc9389dbbd217178e1660d20cb,IQP,2.156251653059563,2.1547498996472263,0.0015017534123367149,False
primary_listing_by_rule_did,e541b465d3e72bc04ff8e5a4eb83441dd9b5c474b735a707e491dfff3e8ff456,QuantumWalk,-0.37976652169697117,-0.3783155328451351,0.001450988851836088,False
wcl_minus_lbl_commutation_only,eddd39fb7713c30765eff96b2b18a93b5a81f161905df421991d8256e7b31b8f,RandomClifford,2.536018174756534,2.5349153964997173,0.0011027782568167055,False
wcl_minus_lbl_plus_templates,40b8a20d828582d60cc0a21652298c67f1af38c18b2ccf8811937d13a9714a38,IQP,2.156251653059563,2.1552058814927864,0.0010457715667766543,False
primary_listing_by_rule_did,ea616cc3027e3233ee7136c2491ed791a67189fd196da0c12b55f980a7200a76,HaarRandom,-0.37976652169697117,-0.38080248731139466,0.0010359656144234841,False
primary_listing_by_rule_did,59fbafb4a84f6e3bf7095d58daa93081c2109f6d48baaa6615d62eb5baec28bb,VQE,-0.37976652169697117,-0.38074028200901466,0.0009737603120434923,False
primary_listing_by_rule_did,569144f1f4ed5900a4ee35afd5c24a98a42de6ce3c141773dc514b4ea44405f4,UCCSD_inspired,-0.37976652169697117,-0.38074028200901466,0.0009737603120434923,False
primary_listing_by_rule_did,5c672ebce573529c490baac76666f3d7035c91d1a2552a4c883752c77353c5da,QAOA,-0.37976652169697117,-0.38074028200901466,0.0009737603120434923,False
primary_listing_by_rule_did,5b48e826e65152b0af21cba70e11371c1b074a0c9c1e146e88104ebda8da7f44,QuantumWalk,-0.37976652169697117,-0.38074028200901466,0.0009737603120434923,False
primary_listing_by_rule_did,5b2a31e79d9fc799bfce71b0e4edb7e81603780d93caa25247f243bb4205dfc2,IQP,-0.37976652169697117,-0.38074028200901466,0.0009737603120434923,False
primary_listing_by_rule_did,572ced8466222c9cce73f7c74264b2354fd93bd719eafb0290bc144dcb80224f,UCCSD_inspired,-0.37976652169697117,-0.38074028200901466,0.0009737603120434923,False
primary_listing_by_rule_did,5713a5dbe3be0670eb39317ac7b841739b453b10c8966fa6018e22c62466cb23,QAOA,-0.37976652169697117,-0.38074028200901466,0.0009737603120434923,False
primary_listing_by_rule_did,587577f385cf54a3edd3cc639b3ac8cc5aa139f2ef414827515ddc7be4c12104,GHZ,-0.37976652169697117,-0.38074028200901466,0.0009737603120434923,False
primary_listing_by_rule_did,599763794bd11a8ee3fb857551c69c3afd29964ebeb7ee6c9a144ee61a7e51c3,QuantumWalk,-0.37976652169697117,-0.38074028200901466,0.0009737603120434923,False
primary_listing_by_rule_did,5b1e86584da3b6e4065a29ec23dcba8ca2e23b69da2d3d2debdbc7a05920c733,QuantumWalk,-0.37976652169697117,-0.38074028200901466,0.0009737603120434923,False
primary_listing_by_rule_did,59b729dbea5b2457f083d3577ed253a3b4f24dfc11f1e185af454468b65fb400,RandomClifford,-0.37976652169697117,-0.38074028200901466,0.0009737603120434923,False
primary_listing_by_rule_did,5a934ea58cefe89266217b8814d0f05d97ee7364560c39b14857c236af49988b,QuantumWalk,-0.37976652169697117,-0.38074028200901466,0.0009737603120434923,False
primary_listing_by_rule_did,fd904e687f3606b7bbc5cd8c5f015303fb63612af2cc5137bd4ac9367a00f3f1,HardwareEfficient,-0.37976652169697117,-0.38074028200901466,0.0009737603120434923,False
primary_listing_by_rule_did,5562a10a2385796690312a16c52884a150b99c123c39cb6b12089a46cad0a542,HardwareEfficient,-0.37976652169697117,-0.38074028200901466,0.0009737603120434923,False
primary_listing_by_rule_did,5644fee5bd8328c655b27bf4202f33cb49d6ff723364d466a3a1421f12c14466,HardwareEfficient,-0.37976652169697117,-0.38074028200901466,0.0009737603120434923,False
primary_listing_by_rule_did,4cb477caf5f46aa76b3f54b03574649768b408906ee78ac4652943020cb7be7c,VQE,-0.37976652169697117,-0.38074028200901466,0.0009737603120434923,False
primary_listing_by_rule_did,469f3c49f6eef6fbc27961be39affa9dd7a346b81fe5a14dbe7113d65cab2cb2,IQP,-0.37976652169697117,-0.38074028200901466,0.0009737603120434923,False
primary_listing_by_rule_did,46b9db66decc06088531b47b8ebb2df981fb151806949067077d84375b800a37,Grover,-0.37976652169697117,-0.38074028200901466,0.0009737603120434923,False
primary_listing_by_rule_did,48b1b2262a81838842891d34d28e8bb95c6ab5d240dc058f0b6299173c5a36fe,Grover,-0.37976652169697117,-0.38074028200901466,0.0009737603120434923,False
primary_listing_by_rule_did,4914698abc41ccf5c102d58cea869a0486728ed0832f0910ccf6c1306d1b49b0,Oracle,-0.37976652169697117,-0.38074028200901466,0.0009737603120434923,False
primary_listing_by_rule_did,495bef64d81542b62d65ea7f3ea2f68c15fd96f817571830c26016e760cb0b20,SurfaceCode,-0.37976652169697117,-0.38074028200901466,0.0009737603120434923,False
primary_listing_by_rule_did,49e4535dd05722cfe2cfda0d59fcc03e485eca61c04e97f3b303a014d4a4357b,HardwareEfficient,-0.37976652169697117,-0.38074028200901466,0.0009737603120434923,False
primary_listing_by_rule_did,4ac2702c1b96c4bb94104c83ed1f70861d0f3fced7f279ffff33418db3943556,IQP,-0.37976652169697117,-0.38074028200901466,0.0009737603120434923,False
primary_listing_by_rule_did,4c91554a6a7a29ac388f41e86df4db15dc97853874c7d6e7defca805db616d06,VQE,-0.37976652169697117,-0.38074028200901466,0.0009737603120434923,False
primary_listing_by_rule_did,4f0c8b34713d2fca63f5142fe0549056f4fe97f079b14a9139a45918778858fe,QAOA,-0.37976652169697117,-0.38074028200901466,0.0009737603120434923,False
primary_listing_by_rule_did,54081630416519b0c77bbd353bb5998e32c8ddc6917cc148e526826f6f6debc6,QuantumWalk,-0.37976652169697117,-0.38074028200901466,0.0009737603120434923,False
primary_listing_by_rule_did,4fd56a4aef3db179df3c4a37d4ed820b90cc557115cd93951084f3d6b478ad8a,UCCSD_inspired,-0.37976652169697117,-0.38074028200901466,0.0009737603120434923,False
primary_listing_by_rule_did,50abdffe4514c651d5af9c7e16d8dce45ce300d5b27272614d921ca65abaa9e7,Grover,-0.37976652169697117,-0.38074028200901466,0.0009737603120434923,False
primary_listing_by_rule_did,50acc8cca2f23db161ca0e99de8435635242080dcd80d6ee45c483913667385d,SurfaceCode,-0.37976652169697117,-0.38074028200901466,0.0009737603120434923,False
primary_listing_by_rule_did,50b8786b19b903fee03c7d549eeadd02f826e61a98ec20ccfe13816a21e87930,Grover,-0.37976652169697117,-0.38074028200901466,0.0009737603120434923,False
primary_listing_by_rule_did,50bbfd9444a3a7981af5bef5ec6064a7c26b4cc07f48e50d38a5bd018f876bda,RandomClifford,-0.37976652169697117,-0.38074028200901466,0.0009737603120434923,False
primary_listing_by_rule_did,50d40ab13a27632abb0016ec2e9af6972f0134cee65529429f585010b7f83a33,RandomClifford,-0.37976652169697117,-0.38074028200901466,0.0009737603120434923,False
primary_listing_by_rule_did,52fa838edc0ec27d2776b0f16823e23c9dd0d9fcbc80dde3c63633de21d71851,SurfaceCode,-0.37976652169697117,-0.38074028200901466,0.0009737603120434923,False
primary_listing_by_rule_did,53b73b5cd49bf304f89e5343449a253cb9005287952a8e3fd40f0f4538bd6356,VQE,-0.37976652169697117,-0.38074028200901466,0.0009737603120434923,False
primary_listing_by_rule_did,5d82d980193b330314da27f4c315ba0460259d09cae3ee69bfb5598f13a62ac8,VQE,-0.37976652169697117,-0.38074028200901466,0.0009737603120434923,False
primary_listing_by_rule_did,60cbd40ccece385b0f47d6dbd5667c78d5709e2708b86620c809015e346ab443,HaarRandom,-0.37976652169697117,-0.38074028200901466,0.0009737603120434923,False
primary_listing_by_rule_did,5e374d2d9df7152707d5a3b917c5572905ce53bc378306ed7da8919f036c289d,HardwareEfficient,-0.37976652169697117,-0.38074028200901466,0.0009737603120434923,False
primary_listing_by_rule_did,5ead28e37038eedb416b5fe421b9e506b37e9503475ca2360ad0cdb94409277f,QuantumWalk,-0.37976652169697117,-0.38074028200901466,0.0009737603120434923,False
primary_listing_by_rule_did,701484a18ee7e28286cedd323ee9dc71b83cfa896d35865ca7cdab0545cc5b6a,Adder,-0.37976652169697117,-0.38074028200901466,0.0009737603120434923,False
primary_listing_by_rule_did,7052aff8dd4903f03c23a3ac996d18fe787bf1c0241facc9c524e5ea4facd903,SurfaceCode,-0.37976652169697117,-0.38074028200901466,0.0009737603120434923,False
primary_listing_by_rule_did,706c0447268ee506ac59afcbc771e7db4407d41470f6beb3af60fa431e739c66,QAOA,-0.37976652169697117,-0.38074028200901466,0.0009737603120434923,False
primary_listing_by_rule_did,74e97e3e91fec3c194d338dbf07fe463abbee30e6ec302a429dd67d4ec2a8b92,RandomClifford,-0.37976652169697117,-0.38074028200901466,0.0009737603120434923,False
primary_listing_by_rule_did,75870b8acd8d1782e558f24ff067ff0af4fd0fc15314bc31b3a27e06c4595379,IQP,-0.37976652169697117,-0.38074028200901466,0.0009737603120434923,False
primary_listing_by_rule_did,76380e1d43ba4786b298e59145a5b74e4ad206b97e7bc9815e90e25dce301a8f,IQP,-0.37976652169697117,-0.38074028200901466,0.0009737603120434923,False
primary_listing_by_rule_did,78372196a76be5b171c8c8652020a17fffda66c247774a77d4b49a122e356bf7,Adder,-0.37976652169697117,-0.38074028200901466,0.0009737603120434923,False
primary_listing_by_rule_did,798f2da3852850a248b844c609e1ad7fb57b023a680e6d42dc556d31133c1a31,SurfaceCode,-0.37976652169697117,-0.38074028200901466,0.0009737603120434923,False
primary_listing_by_rule_did,7b3522676d252291940c2a9e9f17d81dfc1a5077c6b697e15563a3447cfc72ab,UCCSD_inspired,-0.37976652169697117,-0.38074028200901466,0.0009737603120434923,False
primary_listing_by_rule_did,7b4fd106d73016d705a5586e9b761915a1ae550e15f90ea6ef09404df6cc4937,HardwareEfficient,-0.37976652169697117,-0.38074028200901466,0.0009737603120434923,False
primary_listing_by_rule_did,7ca61cc51f86f8358466b512f82fdd1bedfd46f4ebc65d118de7a2b190605e78,QAOA,-0.37976652169697117,-0.38074028200901466,0.0009737603120434923,False
primary_listing_by_rule_did,7de15138171180eddd35e0f29e3e3ce11f0b20302daab2bc45c5be3302e9cf4d,SurfaceCode,-0.37976652169697117,-0.38074028200901466,0.0009737603120434923,False
primary_listing_by_rule_did,819de267fab80716cb86e286e98db600de07f39e06fb46f98a0783888e0e19a6,Oracle,-0.37976652169697117,-0.38074028200901466,0.0009737603120434923,False
primary_listing_by_rule_did,834aeb4ed3be004b7a0b3e681d43de66de6de8f35a5e9fb1bfa818d7b959284b,VQE,-0.37976652169697117,-0.38074028200901466,0.0009737603120434923,False
primary_listing_by_rule_did,83736b18a61dd9b2fd86cf7fc2f36d12cbe6d26237036b39893a814898578b01,IQP,-0.37976652169697117,-0.38074028200901466,0.0009737603120434923,False
primary_listing_by_rule_did,84d3281e5151bde9af2a7cc3de51f55b2dd2cfb8283f989bef5f9482034a8a54,UCCSD_inspired,-0.37976652169697117,-0.38074028200901466,0.0009737603120434923,False
primary_listing_by_rule_did,84e5ffa52ff593155fe71d6c5301d13481243936c02d7dea5e63cbb838e247aa,Oracle,-0.37976652169697117,-0.38074028200901466,0.0009737603120434923,False
primary_listing_by_rule_did,6fb483683d8a22c1752bbd74856400a9e8dc76f6c7498dc4e96e958be1a4c939,HardwareEfficient,-0.37976652169697117,-0.38074028200901466,0.0009737603120434923,False
primary_listing_by_rule_did,6f3c72445c6c7b4ac694c7b6dcacbe9c97681c8c27c6ab4fd6a32ec94a0d5a2e,HardwareEfficient,-0.37976652169697117,-0.38074028200901466,0.0009737603120434923,False
primary_listing_by_rule_did,6d3b95d34d14070b7343cb878e296c782e0bb8553754324f96aa3678075d10e1,UCCSD_inspired,-0.37976652169697117,-0.38074028200901466,0.0009737603120434923,False
primary_listing_by_rule_did,65a4561aab303f3d2678d1f01adae25c9c9feed7706b20ba64b34673afc99bc5,RandomClifford,-0.37976652169697117,-0.38074028200901466,0.0009737603120434923,False
primary_listing_by_rule_did,5eaf1f2b9f33724492a3e71d4e8ceaefbf99cfd60c760cd93842c60ec7375ec3,VQE,-0.37976652169697117,-0.38074028200901466,0.0009737603120434923,False
primary_listing_by_rule_did,5f481c17ba4296b0a33c041b7470ec4748e61766c334712778a0ff41f81805da,HaarRandom,-0.37976652169697117,-0.38074028200901466,0.0009737603120434923,False
primary_listing_by_rule_did,5f5b6844177bd52e8c187fc996896ec6118d9e360e258d5f3707493673cae096,UCCSD_inspired,-0.37976652169697117,-0.38074028200901466,0.0009737603120434923,False
primary_listing_by_rule_did,43bca13faef5c6cfe77a9608604ef4b0638bd1866f694ba91570d8417f61f6dc,HardwareEfficient,-0.37976652169697117,-0.38074028200901466,0.0009737603120434923,False
primary_listing_by_rule_did,6198918025e9d52620fa49da1e8fc24880b8cdf9ed5759f2b77490edd5060dc2,UCCSD_inspired,-0.37976652169697117,-0.38074028200901466,0.0009737603120434923,False
primary_listing_by_rule_did,621e78a0d5cbbcbb2a75d4d9755c646061565d0ead3e3cb962144cea9ad7496d,Grover,-0.37976652169697117,-0.38074028200901466,0.0009737603120434923,False
primary_listing_by_rule_did,632a65a86fd9bfab17ccedbd10b32b45490cc33030a23af0d675ad3e8ad7a445,GHZ,-0.37976652169697117,-0.38074028200901466,0.0009737603120434923,False
primary_listing_by_rule_did,67ac65461d4b57621b92856148cbe19f65ec089efa10dd8e0ec245c21403aea1,UCCSD_inspired,-0.37976652169697117,-0.38074028200901466,0.0009737603120434923,False
primary_listing_by_rule_did,6b50423744cf6c022eecde33a07e710ea071ad97745eda5ae14badb443b4a3d4,UCCSD_inspired,-0.37976652169697117,-0.38074028200901466,0.0009737603120434923,False
primary_listing_by_rule_did,6844da2119d733a01e2a77eb368d455c86913e069a73316edac258bedf73a884,VQE,-0.37976652169697117,-0.38074028200901466,0.0009737603120434923,False
primary_listing_by_rule_did,688a54258c5fc58844911584b848f67ef97f01928a47184b30d01cdff70937e2,QAOA,-0.37976652169697117,-0.38074028200901466,0.0009737603120434923,False
primary_listing_by_rule_did,69fbd289de660bed2b78ee9f9d1cc83e5a306b8d5606c47a6ad36a8643ea1d45,QuantumWalk,-0.37976652169697117,-0.38074028200901466,0.0009737603120434923,False
primary_listing_by_rule_did,6a3bfdb78a913f36bec2d7b63d723fb999cfb365f557915f888a35b62c45de5f,RandomClifford,-0.37976652169697117,-0.38074028200901466,0.0009737603120434923,False
primary_listing_by_rule_did,6a6cf0f00d85ece4ad64c271afdd08b4cd8473655919bce2bcfa5db0713a4a8f,Oracle,-0.37976652169697117,-0.38074028200901466,0.0009737603120434923,False
primary_listing_by_rule_did,6a973daf65bd418bdd08beaf9461e58945e15cfd7d372f99f1bfabdf665daccf,Adder,-0.37976652169697117,-0.38074028200901466,0.0009737603120434923,False
primary_listing_by_rule_did,6b06e5f02a79dad7060380635124093ca1f091f78aa2c79881017c4349543c35,QAOA,-0.37976652169697117,-0.38074028200901466,0.0009737603120434923,False
primary_listing_by_rule_did,4572941712e8aea150c8fa425b7e51001a6c0edaee560e513ec57c86bf5900af,HardwareEfficient,-0.37976652169697117,-0.38074028200901466,0.0009737603120434923,False
primary_listing_by_rule_did,40b2ed79783ce1a4b95b1d1ef139d1741d958ea40b9841f763ef32f8f0761c21,QuantumWalk,-0.37976652169697117,-0.38074028200901466,0.0009737603120434923,False
primary_listing_by_rule_did,439cf4a4745745332319327dc1b01075748fee45c1a0f2e6280ba8e9fbbe0487,SurfaceCode,-0.37976652169697117,-0.38074028200901466,0.0009737603120434923,False
primary_listing_by_rule_did,1db722a4ab864b09920242db5924585ffb2e655a8900901ff640e894a1a58a2d,SurfaceCode,-0.37976652169697117,-0.38074028200901466,0.0009737603120434923,False
primary_listing_by_rule_did,14da3f908abda6229c65d0aec602aaf53fad733479c969be7e0504eaa5dacae0,SurfaceCode,-0.37976652169697117,-0.38074028200901466,0.0009737603120434923,False
primary_listing_by_rule_did,15085463bb9acfc3d3c2fcc7416945689cf8dbdf38ee63960843c17c716d519e,SurfaceCode,-0.37976652169697117,-0.38074028200901466,0.0009737603120434923,False
primary_listing_by_rule_did,154e1b21a6daa22758883ad015b7502a4335e2bb3e6358f3a61131487aa4a47c,IQP,-0.37976652169697117,-0.38074028200901466,0.0009737603120434923,False
primary_listing_by_rule_did,1640ff7462e7311a41f33aa104a27eee9536fe8b771e28d6bc904b5a4f4f958a,VQE,-0.37976652169697117,-0.38074028200901466,0.0009737603120434923,False
primary_listing_by_rule_did,1bfe5860998e2d3ca1f048c0a396d2f3f0d4c199e4369ef422a20e44335b026d,IQP,-0.37976652169697117,-0.38074028200901466,0.0009737603120434923,False
primary_listing_by_rule_did,1c82b236ba06c15d01c63ef7f002938983d64d0466097126e6dd69be4a8ec39b,SurfaceCode,-0.37976652169697117,-0.38074028200901466,0.0009737603120434923,False
primary_listing_by_rule_did,1cfed9e8d4d3d922274c93ac90508b7632b2c9fb1a0d01862aa77ba6164bb231,IQP,-0.37976652169697117,-0.38074028200901466,0.0009737603120434923,False
primary_listing_by_rule_did,1d4853bca63144935eeb81d785f652a95967ee4e4ffe44f0b753e62a72490a87,UCCSD_inspired,-0.37976652169697117,-0.38074028200901466,0.0009737603120434923,False
primary_listing_by_rule_did,1e0a27417d327285c170dedda1a30b6477266b0adcb25849edabf48071b99ff9,HardwareEfficient,-0.37976652169697117,-0.38074028200901466,0.0009737603120434923,False
primary_listing_by_rule_did,12aba0a55cc5324f1f86a4be0a6e11b63595a323c727cbf9b31cd9615f0e057d,Adder,-0.37976652169697117,-0.38074028200901466,0.0009737603120434923,False
primary_listing_by_rule_did,1e333b11b12581118a6220fdba235f1333b716caf85326bcbcae657ee5f5010d,VQE,-0.37976652169697117,-0.38074028200901466,0.0009737603120434923,False
primary_listing_by_rule_did,1f2f7626c24f4a5e8e01afeec9043f45c1fe4598224d2f0f5664d76ef61ea065,VQE,-0.37976652169697117,-0.38074028200901466,0.0009737603120434923,False
primary_listing_by_rule_did,1f7ce6e1ac59964310bdbd87991235d720efcce0cd2bcfa26c140ef95e59e2e8,HardwareEfficient,-0.37976652169697117,-0.38074028200901466,0.0009737603120434923,False
primary_listing_by_rule_did,20bd807cbfd98fe4ea82e3516bf2d4a8503636ee5a9f7d3e47639df20a82b08a,QAOA,-0.37976652169697117,-0.38074028200901466,0.0009737603120434923,False
primary_listing_by_rule_did,2164019ee5e79f18f2d1ccc22ecf54065aa0ae6d801bbde583c7eea6b58de838,Adder,-0.37976652169697117,-0.38074028200901466,0.0009737603120434923,False
primary_listing_by_rule_did,21ae7cff0e4c85366dd65e6e4172d4dc07c4d0910264670dc6bd54046b03b08f,IQP,-0.37976652169697117,-0.38074028200901466,0.0009737603120434923,False
primary_listing_by_rule_did,22551b784d24a75d9256bbd007b935019702d979f1a26edaef3c56d99546120b,UCCSD_inspired,-0.37976652169697117,-0.38074028200901466,0.0009737603120434923,False
primary_listing_by_rule_did,2305d8f3c5c816b9903c87f6b6aefe0e169f33ae47188898aac6fc16bdc0b91d,IQP,-0.37976652169697117,-0.38074028200901466,0.0009737603120434923,False
primary_listing_by_rule_did,146c3e821e8145d085eb90027904fa7f60f9de8430825fefc368f5c286fa991b,HardwareEfficient,-0.37976652169697117,-0.38074028200901466,0.0009737603120434923,False
primary_listing_by_rule_did,11ca0a34ccfcff1362a4d080d776863708b5bb85227870100bccb7ea7d29a31f,SurfaceCode,-0.37976652169697117,-0.38074028200901466,0.0009737603120434923,False
primary_listing_by_rule_did,264d1b73ac4524485965989504c9021bc175f53d087f673a4187e2e9d2d8234b,UCCSD_inspired,-0.37976652169697117,-0.38074028200901466,0.0009737603120434923,False
primary_listing_by_rule_did,08824540c17b7e5551c4fed38e25fb7c445eb88bc2adf305e2ac828fad4d56a8,Adder,-0.37976652169697117,-0.38074028200901466,0.0009737603120434923,False
primary_listing_by_rule_did,01a23834d951decd141adabe1307f2ad87488faaf5ff243ee1ed65f08cf396e8,HaarRandom,-0.37976652169697117,-0.38074028200901466,0.0009737603120434923,False
primary_listing_by_rule_did,03b7ba6584cd57903d9049d3d8d9d802e36a1d22303218b80bcdf8645fad3484,QAOA,-0.37976652169697117,-0.38074028200901466,0.0009737603120434923,False
primary_listing_by_rule_did,03eaab10a83e1dfeb034fd7582bcf4a2ea7fa5b71a897818b9064ad6fb621c5a,UCCSD_inspired,-0.37976652169697117,-0.38074028200901466,0.0009737603120434923,False
primary_listing_by_rule_did,061145114cca873e3d8fcf98f0fa0a719cdf86dc6144864cc899a7493711240b,IQP,-0.37976652169697117,-0.38074028200901466,0.0009737603120434923,False
primary_listing_by_rule_did,0639b3b3f7a5228332fd6ea0cb7de6e464b224d886d779e81c774cab81bfce25,Adder,-0.37976652169697117,-0.38074028200901466,0.0009737603120434923,False
primary_listing_by_rule_did,06a9d110c02d1aaba25d743baf96461b3dd1bb878757e9b6610aa31e5bd58915,HaarRandom,-0.37976652169697117,-0.38074028200901466,0.0009737603120434923,False
primary_listing_by_rule_did,06c44d32c85d1c06864d6f9775908c5d875e7b32ddcad6ee5dfed8d86c27ca6f,SurfaceCode,-0.37976652169697117,-0.38074028200901466,0.0009737603120434923,False
primary_listing_by_rule_did,08654d0b844c66f30029c8c41a7a668b9899dc14c7c9d5a5445fa5df75b6a5f4,SurfaceCode,-0.37976652169697117,-0.38074028200901466,0.0009737603120434923,False
primary_listing_by_rule_did,08d1f72d01ec4aea7a1db3a931475f5b6dec3dbcbae9f261b9ca622d0598111e,QuantumWalk,-0.37976652169697117,-0.38074028200901466,0.0009737603120434923,False
primary_listing_by_rule_did,1010c2dbb1601660a48ce8b64e27c68253f6807c2256d09369338a6eb3aec367,QuantumWalk,-0.37976652169697117,-0.38074028200901466,0.0009737603120434923,False
primary_listing_by_rule_did,0a81cc4d0a797c511cc7757f221f526b65d937b82fd056476c0518a352f5005b,IQP,-0.37976652169697117,-0.38074028200901466,0.0009737603120434923,False
primary_listing_by_rule_did,0a90fc5e637b6da47ad2addab3dcc441b7340b4c926ab8292227e140ae48b338,Grover,-0.37976652169697117,-0.38074028200901466,0.0009737603120434923,False
primary_listing_by_rule_did,0b2df1631cec49dcdf94ae6c89b987525505936cb61ce3a67e0759c3b5437914,VQE,-0.37976652169697117,-0.38074028200901466,0.0009737603120434923,False
primary_listing_by_rule_did,0beefbe297b32dc9ec283501ebd271f6102e615e89859d51183e5d935cb94f45,QuantumWalk,-0.37976652169697117,-0.38074028200901466,0.0009737603120434923,False
primary_listing_by_rule_did,0cdd5a16e73c23ba58925f4d39695d1266fd02932361888693ce1d5d922fd6ce,Adder,-0.37976652169697117,-0.38074028200901466,0.0009737603120434923,False
primary_listing_by_rule_did,0ea94971bc42ea5f21350b8ee791f5ddd3a86cabd0502a4f2ecd331789793740,IQP,-0.37976652169697117,-0.38074028200901466,0.0009737603120434923,False
primary_listing_by_rule_did,0f71b269d40b142731582d0d62f4b9d2f8ad11f78887960b3215d7cb2db34e25,QuantumWalk,-0.37976652169697117,-0.38074028200901466,0.0009737603120434923,False
primary_listing_by_rule_did,0fd6af0acc8eee48624686a699bf40efbe937b9bf892e969565c84409f02f473,IQP,-0.37976652169697117,-0.38074028200901466,0.0009737603120434923,False
primary_listing_by_rule_did,251f2e6bde8df1f5e9ec01838a8651a4178e7cd4f49748cd82510544d5869691,VQE,-0.37976652169697117,-0.38074028200901466,0.0009737603120434923,False
primary_listing_by_rule_did,272804f10f95ecb2895a565280f8594781730f41735af2d503194d428323e8a2,QuantumWalk,-0.37976652169697117,-0.38074028200901466,0.0009737603120434923,False
primary_listing_by_rule_did,437020e3b14d16381ddae29b4c8219401888281530fe7a429e0e50cdf87b176c,Adder,-0.37976652169697117,-0.38074028200901466,0.0009737603120434923,False
primary_listing_by_rule_did,3e0c8afaa2c7ac511c66cdc6f54a4f59ecec9d97e00b3f1ed0997592613b2ff4,VQE,-0.37976652169697117,-0.38074028200901466,0.0009737603120434923,False
primary_listing_by_rule_did,380136ad69bebfc3d05fdf4d7fab225d1325b53da9391f41c26a567f88a08608,QuantumWalk,-0.37976652169697117,-0.38074028200901466,0.0009737603120434923,False
primary_listing_by_rule_did,389bf6f7858d6a53b8763831df2427cec2bb16be06630b7211a9f557a2dfcd75,QuantumWalk,-0.37976652169697117,-0.38074028200901466,0.0009737603120434923,False
primary_listing_by_rule_did,38fb79c22e616a17ca079d6ac91f1593bb639b1c9cdc24b819719a203860bb1c,HaarRandom,-0.37976652169697117,-0.38074028200901466,0.0009737603120434923,False
primary_listing_by_rule_did,3aae783a820f49c9540e519d2e0530dfc7772f6fca9d6281bb75cb295af6f03e,SurfaceCode,-0.37976652169697117,-0.38074028200901466,0.0009737603120434923,False
primary_listing_by_rule_did,3aee8fb917c05afbe6186cad1160779a632dee4212db5acd705c807383e6b682,Adder,-0.37976652169697117,-0.38074028200901466,0.0009737603120434923,False
primary_listing_by_rule_did,3caaac792211b208d26d1723c5c6222b514fd3fec82d2da780fcda89e7b16a2e,UCCSD_inspired,-0.37976652169697117,-0.38074028200901466,0.0009737603120434923,False
primary_listing_by_rule_did,3d81f170b70b37bcf04340d03252bc648978848cc80013b68533b757c45bbf0b,QuantumWalk,-0.37976652169697117,-0.38074028200901466,0.0009737603120434923,False
primary_listing_by_rule_did,3ddeba643cb1262108f3aa16deb98fff7a1b48b89c7248b1fb063953fca055c7,RandomClifford,-0.37976652169697117,-0.38074028200901466,0.0009737603120434923,False
primary_listing_by_rule_did,3e53f339ce23bcd55c9745a7e473937d8df2b36146b0e3872cd78980fcbfe035,IQP,-0.37976652169697117,-0.38074028200901466,0.0009737603120434923,False
primary_listing_by_rule_did,376ceef4983731f7550ead348027cf64df326a3131ced4b5445918208feab683,Adder,-0.37976652169697117,-0.38074028200901466,0.0009737603120434923,False
primary_listing_by_rule_did,3f042fa9b9dbce7185f41afba08f1499752dc0e6949614c29d69df95229d96bd,SurfaceCode,-0.37976652169697117,-0.38074028200901466,0.0009737603120434923,False
primary_listing_by_rule_did,400ce4e70469d8d27ab3ac5495866397a68ae2ee6ba481d37cd7f7e03df762d3,IQP,-0.37976652169697117,-0.38074028200901466,0.0009737603120434923,False
primary_listing_by_rule_did,4035c390bb35bd7735df397046c84d406ef79095dfe0cf931033a80c28b17459,Grover,-0.37976652169697117,-0.38074028200901466,0.0009737603120434923,False
primary_listing_by_rule_did,4089615b62e2dc0c0b1b7723660abedb66020a4036e6d847a938a772d0d6172b,QAOA,-0.37976652169697117,-0.38074028200901466,0.0009737603120434923,False
primary_listing_by_rule_did,8664cf212e90101e901ea020a3d13bba14837c13195e5d2d2e6c78405c613790,QuantumWalk,-0.37976652169697117,-0.38074028200901466,0.0009737603120434923,False
primary_listing_by_rule_did,40b8a20d828582d60cc0a21652298c67f1af38c18b2ccf8811937d13a9714a38,IQP,-0.37976652169697117,-0.38074028200901466,0.0009737603120434923,False
primary_listing_by_rule_did,411fb287ad09f5ba59dc8928c41c7d63890830c6fb4a8d8bbc17d6aa448f59f5,IQP,-0.37976652169697117,-0.38074028200901466,0.0009737603120434923,False
primary_listing_by_rule_did,41691b11f094e6d0a2948bdb40851a9dc8a1792a04c3badae293f622ddbf18c3,Grover,-0.37976652169697117,-0.38074028200901466,0.0009737603120434923,False
primary_listing_by_rule_did,37cdb70bdc0a40384c6a1a0824df270d7d181388d831d4788c2d190a5106be0d,QuantumWalk,-0.37976652169697117,-0.38074028200901466,0.0009737603120434923,False
primary_listing_by_rule_did,350c8060ffd6c0e538db61490c774b4be2c7b6e47f358cfe7277cbb05914efda,VQE,-0.37976652169697117,-0.38074028200901466,0.0009737603120434923,False
primary_listing_by_rule_did,27c1cdf3eda94e12894f67e152b42d888e3e26b135a7921a2ff59c204f99788d,Oracle,-0.37976652169697117,-0.38074028200901466,0.0009737603120434923,False
primary_listing_by_rule_did,2c84ea80bde7fac580d458a541d4e4690eaff27a501e95e6eb5ade7c80642293,QAOA,-0.37976652169697117,-0.38074028200901466,0.0009737603120434923,False
primary_listing_by_rule_did,27de95acc938a43758948985fc9dc86e4a392285121eaca84e3a9c40bceb4e31,QAOA,-0.37976652169697117,-0.38074028200901466,0.0009737603120434923,False
primary_listing_by_rule_did,28bfaeeecb293e1f876f9558f967228672ed62c635b047fed680c0fd03f9b918,RandomClifford,-0.37976652169697117,-0.38074028200901466,0.0009737603120434923,False
primary_listing_by_rule_did,28fa1a35d35427a92d30c622a80840edaaf759c54c7873b8ef1ace832c84a0de,RandomClifford,-0.37976652169697117,-0.38074028200901466,0.0009737603120434923,False
primary_listing_by_rule_did,2a80f64340c58306fb04a784ab1f93b8bc47dddf3b2084721a18783df59e4275,HaarRandom,-0.37976652169697117,-0.38074028200901466,0.0009737603120434923,False
primary_listing_by_rule_did,2b75895aa27cbc6b06ca489c63a0acceb9af896130529bb5c000766f1e53267c,RandomClifford,-0.37976652169697117,-0.38074028200901466,0.0009737603120434923,False
primary_listing_by_rule_did,2bc3bac3e16a924e0b659e514bdadb24402dd25bb43047e6292e84d6f96ed9cf,Adder,-0.37976652169697117,-0.38074028200901466,0.0009737603120434923,False
primary_listing_by_rule_did,2bee44a161fa6c431fbd0ee8af1ba0d00e29dddddd1803be82a2bf7ca95465b8,Grover,-0.37976652169697117,-0.38074028200901466,0.0009737603120434923,False
primary_listing_by_rule_did,2c4eabb9f48c4ae3c75c74a5d4378f67f7d301aceb9b8651680f3c6aa91a6477,Adder,-0.37976652169697117,-0.38074028200901466,0.0009737603120434923,False
primary_listing_by_rule_did,2d043f6785f08c83f853dfb793626cfb8e1e5c2265f0d61dc52cab5049ee4b4d,VQE,-0.37976652169697117,-0.38074028200901466,0.0009737603120434923,False
primary_listing_by_rule_did,3423136e859fa215b3b360e805aaa1303009ced372beda3ec71687a13e80c4b6,QuantumWalk,-0.37976652169697117,-0.38074028200901466,0.0009737603120434923,False
primary_listing_by_rule_did,2d71c39b26582071bf61dcf0fd75c33b46d5626b7983e36e786fa74e823155c6,IQP,-0.37976652169697117,-0.38074028200901466,0.0009737603120434923,False
primary_listing_by_rule_did,2da0675bcf3b7abb3d5daf9177c5c708714eb652339263c60ffc5cfc077ab523,Grover,-0.37976652169697117,-0.38074028200901466,0.0009737603120434923,False
primary_listing_by_rule_did,3113b971b548c7ee4e78af92d32b392c5bfcc30e701ff59f7420abc819314785,QAOA,-0.37976652169697117,-0.38074028200901466,0.0009737603120434923,False
primary_listing_by_rule_did,326af35614abc61489f1ad4018e0d4e3dedd5328f5de7283c2efd6199cf76236,HardwareEfficient,-0.37976652169697117,-0.38074028200901466,0.0009737603120434923,False
primary_listing_by_rule_did,327b728c1ca9b595df52e9004e38fd5c2c86f6df6d8c5681d21e504efae558cc,UCCSD_inspired,-0.37976652169697117,-0.38074028200901466,0.0009737603120434923,False
primary_listing_by_rule_did,329b15531e8ae55e3c8668f2b78d9dbb4532f68f6c3aa4cb36f07012787c1a07,HardwareEfficient,-0.37976652169697117,-0.38074028200901466,0.0009737603120434923,False
primary_listing_by_rule_did,32c9e772774deff17d4b957250f4893cf8bc7cbe5983475de6b326cdc1ece616,HardwareEfficient,-0.37976652169697117,-0.38074028200901466,0.0009737603120434923,False
primary_listing_by_rule_did,337a3eaa7a1c3a0e02cc2a645e6f2877a665d33c46c1b9ffe66b69734d333bd6,IQP,-0.37976652169697117,-0.38074028200901466,0.0009737603120434923,False
primary_listing_by_rule_did,84fde07bd40be8d7a95d24cc510e9db8ab0d019aaad3c30a43907f561b19ebb6,Adder,-0.37976652169697117,-0.38074028200901466,0.0009737603120434923,False
primary_listing_by_rule_did,8a29549e2e2fa7f01199af622b2eca0054357c598c80d4060397da27d98f6196,QAOA,-0.37976652169697117,-0.38074028200901466,0.0009737603120434923,False
primary_listing_by_rule_did,887988d6755fe3aeb072232cdd949704ce84134ffba601652f00a321dc5040c3,QAOA,-0.37976652169697117,-0.38074028200901466,0.0009737603120434923,False
primary_listing_by_rule_did,d200c6e5a74daf138e202579980ec549be8f1d3b945dcb231a735ae5ef935ab2,UCCSD_inspired,-0.37976652169697117,-0.38074028200901466,0.0009737603120434923,False
primary_listing_by_rule_did,d3e8b51351e86caa6d8939fe0a903f48a089e7d220d46a14b52d6c94e6e43394,CNOT,-0.37976652169697117,-0.38074028200901466,0.0009737603120434923,False
primary_listing_by_rule_did,d75b107d6610e55aacfddff9d177a41d58656d6851d4b751fc8b7a09d03890a5,UCCSD_inspired,-0.37976652169697117,-0.38074028200901466,0.0009737603120434923,False
primary_listing_by_rule_did,d9314ccce0f63523afe008acf2a9b627f9cd1bc22c527bfb6df0dd4c5f4c780c,RandomClifford,-0.37976652169697117,-0.38074028200901466,0.0009737603120434923,False
primary_listing_by_rule_did,da3d5d211a834bc0eae3944ac1de0713b7822563ca9f58d191717e39618f430e,UCCSD_inspired,-0.37976652169697117,-0.38074028200901466,0.0009737603120434923,False
primary_listing_by_rule_did,dac7e56e9490cb5f19a852e1206995c9711c1c95c63e61eba2ed4a4acecf7099,HardwareEfficient,-0.37976652169697117,-0.38074028200901466,0.0009737603120434923,False
primary_listing_by_rule_did,db276c8d92545f754aab16b3664fca1ddb31410f3135295ca28b78969f0459a4,UCCSD_inspired,-0.37976652169697117,-0.38074028200901466,0.0009737603120434923,False
primary_listing_by_rule_did,db73dc3dec7c024cc43e6fa9f7009bc8675da1af254d45987392008ad0a477b4,VQE,-0.37976652169697117,-0.38074028200901466,0.0009737603120434923,False
primary_listing_by_rule_did,dbf2ecc496a8a4f6e88f13828e776d93956e73b115d0ae52ddd4ce1fa1fc5605,HardwareEfficient,-0.37976652169697117,-0.38074028200901466,0.0009737603120434923,False
primary_listing_by_rule_did,dbf410d1e5693402b537af90e7218374f0c429041426b90bd4d34500d64685d5,Oracle,-0.37976652169697117,-0.38074028200901466,0.0009737603120434923,False
primary_listing_by_rule_did,dce7762d954de1250538ce0ef1982983332ffbdb47daa6e5f864c86712de8393,IQP,-0.37976652169697117,-0.38074028200901466,0.0009737603120434923,False
primary_listing_by_rule_did,dd0bd9d601309ab2409129880f851b4a0aa922f7e24924a06c30ef6874a5a00b,Grover,-0.37976652169697117,-0.38074028200901466,0.0009737603120434923,False
primary_listing_by_rule_did,de6c0eaa11dbb8cb038759ba22e2ae33584fddad76d7f93a185f16b9e2034ea9,UCCSD_inspired,-0.37976652169697117,-0.38074028200901466,0.0009737603120434923,False
primary_listing_by_rule_did,de948303c9c984b841388b3aa67f077ef51521bf18b9a003b8ea79b973958b75,VQE,-0.37976652169697117,-0.38074028200901466,0.0009737603120434923,False
primary_listing_by_rule_did,df499dded1e0518f2f6266b9f0e35d3c81e6057b5ba6e6decbb0f26370e5bb03,GHZ,-0.37976652169697117,-0.38074028200901466,0.0009737603120434923,False
primary_listing_by_rule_did,e00e580e23474658e32e03271e9930d065185c3eea39cd126893c951749d2ca8,IQP,-0.37976652169697117,-0.38074028200901466,0.0009737603120434923,False
primary_listing_by_rule_did,e088528b02a19eec385f62f0fcc85a3229fa96910264b09991adb2dcc6fd3870,VQE,-0.37976652169697117,-0.38074028200901466,0.0009737603120434923,False
primary_listing_by_rule_did,e0b3e1cffafcde6de2affb92f841e127bb661b6483670899f818b5dc9fe9021e,Adder,-0.37976652169697117,-0.38074028200901466,0.0009737603120434923,False
primary_listing_by_rule_did,d38566d48961c0f4bf6be3a09a849c118d9719eaeb3ba58b46b96218d1814c2e,QAOA,-0.37976652169697117,-0.38074028200901466,0.0009737603120434923,False
primary_listing_by_rule_did,cf3c03de2da7d0f3afc65dcd7a8b9bf97cc30cecd8d496b48c60f839667848c4,QAOA,-0.37976652169697117,-0.38074028200901466,0.0009737603120434923,False
primary_listing_by_rule_did,c2f59740e6b3e2a395683f9a2c34a12a350af985f437251f55c71e43bf23f1ab,Adder,-0.37976652169697117,-0.38074028200901466,0.0009737603120434923,False
primary_listing_by_rule_did,cdd100c7eff0d706945d603b660c1569d33187e1be34e594e80d66dbe901ac39,VQE,-0.37976652169697117,-0.38074028200901466,0.0009737603120434923,False
primary_listing_by_rule_did,c3e848fe6db54137fa92444db2668cef254476947d748c8e25e29c13f6d30cb7,QAOA,-0.37976652169697117,-0.38074028200901466,0.0009737603120434923,False
primary_listing_by_rule_did,c4a720840c00df3b0c2ea7000f573447922240d5d236a8c5747e3c48a1fb6259,QuantumWalk,-0.37976652169697117,-0.38074028200901466,0.0009737603120434923,False
primary_listing_by_rule_did,c5d3cc7e27224a7f0435dbe10fc8c046011f5e3b58eea6c57431181a4bcbcb20,QuantumWalk,-0.37976652169697117,-0.38074028200901466,0.0009737603120434923,False
primary_listing_by_rule_did,c63e19873423ccaaf570f0b635947cafec97a5e60d7fb9d0985ab0dc116133d6,Grover,-0.37976652169697117,-0.38074028200901466,0.0009737603120434923,False
primary_listing_by_rule_did,c73af4761baf3dcf4f28a3987d55dab7647737f13e2d751db93c903d205972c6,QuantumWalk,-0.37976652169697117,-0.38074028200901466,0.0009737603120434923,False
primary_listing_by_rule_did,893f6526bf6a6d3aeec9c02876eace88e08e93caa6ed56c50764daeba95b4560,HaarRandom,-0.37976652169697117,-0.38074028200901466,0.0009737603120434923,False
primary_listing_by_rule_did,c79699bc553ba266feca0cc48d12346c9fa31633f6c158d26ee08f6599c9d82f,SurfaceCode,-0.37976652169697117,-0.38074028200901466,0.0009737603120434923,False
primary_listing_by_rule_did,c838d74688b6214d2871ed53c97174482edaa079269b7f347a8a6bf095e67a70,QAOA,-0.37976652169697117,-0.38074028200901466,0.0009737603120434923,False
primary_listing_by_rule_did,c89d31d25881b4b5dd8323251c36c8c21866d3fa920f89cfd20f0916925d98ed,UCCSD_inspired,-0.37976652169697117,-0.38074028200901466,0.0009737603120434923,False
primary_listing_by_rule_did,c91f83f84726fdd86c22a20ea08453d780f2bdd292a5b3b056d983430ea40d06,Grover,-0.37976652169697117,-0.38074028200901466,0.0009737603120434923,False
primary_listing_by_rule_did,ca386edd88164ffa11c481f7253c35755085ab3b89dc4a040baf53ef07db46b7,QAOA,-0.37976652169697117,-0.38074028200901466,0.0009737603120434923,False
primary_listing_by_rule_did,ca837fd5027f82056681081774fff9507cfd1c727e71867d93a552ff2a4cdc99,HardwareEfficient,-0.37976652169697117,-0.38074028200901466,0.0009737603120434923,False
primary_listing_by_rule_did,cc1ddd28093a20372a6d256992968b8bc18e2829750947498955a406113f5f52,Grover,-0.37976652169697117,-0.38074028200901466,0.0009737603120434923,False
primary_listing_by_rule_did,cc7c4783b7000be0e3c619b0c96a7ebef0b8efc8519c4f8c90d9d9b1b3a49f6e,QAOA,-0.37976652169697117,-0.38074028200901466,0.0009737603120434923,False
primary_listing_by_rule_did,ccdc8f9f8df42bd9ba725c7a01cb969824ddf0f3041bb56bc2f91791a8b9db06,RandomClifford,-0.37976652169697117,-0.38074028200901466,0.0009737603120434923,False
primary_listing_by_rule_did,ccea9ac438850bdbc663c5c72a67f5ea0eacc8d96469a1fb20d748e4a81b5c76,QuantumWalk,-0.37976652169697117,-0.38074028200901466,0.0009737603120434923,False
primary_listing_by_rule_did,cdbe33fccd70c92e6cc7d2b7574511bac38dc61b4808e8978c79d8fe49b754db,QAOA,-0.37976652169697117,-0.38074028200901466,0.0009737603120434923,False
primary_listing_by_rule_did,e166fa2a19a186e5e1137d16871bf8113bf541253cf619d063dff93086ac2fbd,Grover,-0.37976652169697117,-0.38074028200901466,0.0009737603120434923,False
primary_listing_by_rule_did,e1e87948c1add56cf7276d71868a09a47fa9a3c181b86099ca4c0991612b1e44,UCCSD_inspired,-0.37976652169697117,-0.38074028200901466,0.0009737603120434923,False
primary_listing_by_rule_did,e2143d08e116cb3586d657f776bf753f5b6696964a06ed9814fe6dc5d6a4f903,SurfaceCode,-0.37976652169697117,-0.38074028200901466,0.0009737603120434923,False
primary_listing_by_rule_did,e26eca49b8903c7b025bb5c3be2146eaa21c6fab5a1606c2bb182de89c74b664,RandomClifford,-0.37976652169697117,-0.38074028200901466,0.0009737603120434923,False
primary_listing_by_rule_did,f5218a03ce51439316bb3e4b2f5acfecbedb82b79c39fa380d33bec3ad235abe,HaarRandom,-0.37976652169697117,-0.38074028200901466,0.0009737603120434923,False
primary_listing_by_rule_did,f5800ccda7bc5fe6d0223d2c5024b1e92540cfdc9389dbbd217178e1660d20cb,IQP,-0.37976652169697117,-0.38074028200901466,0.0009737603120434923,False
primary_listing_by_rule_did,f5abe5e6eaa29a69e1bf7d01179729f0dbdaec8309b1956baf7cc1f60ae61b0a,Grover,-0.37976652169697117,-0.38074028200901466,0.0009737603120434923,False
primary_listing_by_rule_did,f6bad2be7e968d27cb136e3528e2562cdb27eccfd23b265b21bc4684c8c2ff48,Grover,-0.37976652169697117,-0.38074028200901466,0.0009737603120434923,False
primary_listing_by_rule_did,fff9e82ccf288b69ac39de668fca6fe3c6b30b9b7b6254dc68246f60aa6e303c,UCCSD_inspired,-0.37976652169697117,-0.38074028200901466,0.0009737603120434923,False
primary_listing_by_rule_did,f82bca5573e6e4f880dd93e93fbd33df5af794da6882ff8adad6e33e221312b3,Adder,-0.37976652169697117,-0.38074028200901466,0.0009737603120434923,False
primary_listing_by_rule_did,f88dd26fe808edabf53419e020b87e3b4a517886def363d693787b3bc9728cf8,QuantumWalk,-0.37976652169697117,-0.38074028200901466,0.0009737603120434923,False
primary_listing_by_rule_did,f9d16c2d718e8feb24e5f21b7bc25db092d80ca773e1eeec21eebaf6cdf07b81,Oracle,-0.37976652169697117,-0.38074028200901466,0.0009737603120434923,False
primary_listing_by_rule_did,fa9e1b48ab72bf8257e53fa08802bb8190d6d9ea0feacf0444e455c6a6058b83,VQE,-0.37976652169697117,-0.38074028200901466,0.0009737603120434923,False
primary_listing_by_rule_did,faa92b4b8c5dc1e1c3f300c4914c715114a30697cd05ffab2f7353daa84168d5,HardwareEfficient,-0.37976652169697117,-0.38074028200901466,0.0009737603120434923,False
primary_listing_by_rule_did,fad3c5f191237ccefb3283566a70159b1baa6b56d18ce49a8add74141be307f5,SurfaceCode,-0.37976652169697117,-0.38074028200901466,0.0009737603120434923,False
primary_listing_by_rule_did,fbbb1f6cb302de75c9077919dccba48d46bf95447cc57a644a2377416daa7c26,HardwareEfficient,-0.37976652169697117,-0.38074028200901466,0.0009737603120434923,False
primary_listing_by_rule_did,fbc4d3c061750bc2d5462260e0508f2ff85141dcec68e851026e02ad27734a4c,QuantumWalk,-0.37976652169697117,-0.38074028200901466,0.0009737603120434923,False
primary_listing_by_rule_did,ffbccff06f7f6ee0e5485c7374bbae521e513bf19f08f375c992f0d2c68d895c,Adder,-0.37976652169697117,-0.38074028200901466,0.0009737603120434923,False
primary_listing_by_rule_did,fc2908d6c4fd8d02ebb288c7d8a25dc4e5b9a8036c7104236e5788bd6a0d11cd,VQE,-0.37976652169697117,-0.38074028200901466,0.0009737603120434923,False
primary_listing_by_rule_did,fc9c0098d5d07331d9cb6faf263afc0d636a3b06394b50375880dd47fed4a931,QuantumWalk,-0.37976652169697117,-0.38074028200901466,0.0009737603120434923,False
primary_listing_by_rule_did,fcc1daadc89b349ed68d575311f3e662b665486c74c598f45f3b363c8841378d,Grover,-0.37976652169697117,-0.38074028200901466,0.0009737603120434923,False
primary_listing_by_rule_did,f360b2738c36711c1019ce7764c30286bb612c574b1f9d512b2ca2afeaad5639,Grover,-0.37976652169697117,-0.38074028200901466,0.0009737603120434923,False
primary_listing_by_rule_did,f1bbfe2c5554ef1e3780c3589fe5016e2871845659c086dd38a099ad9bd9415e,SurfaceCode,-0.37976652169697117,-0.38074028200901466,0.0009737603120434923,False
primary_listing_by_rule_did,f1385dea23b197291382303ec5ddac0c2b35748e3eb579fdc7cf835943215c47,Adder,-0.37976652169697117,-0.38074028200901466,0.0009737603120434923,False
primary_listing_by_rule_did,ea4cff4dbbb34657d0633d5d1bcc4831684ba4949396d8256e08ea5b99fa4636,QuantumWalk,-0.37976652169697117,-0.38074028200901466,0.0009737603120434923,False
primary_listing_by_rule_did,e4bc9db5147e3cf352a2b34eb199daa122ba5549fa5d7b3f3f678a4af97036f6,SurfaceCode,-0.37976652169697117,-0.38074028200901466,0.0009737603120434923,False
primary_listing_by_rule_did,e531af1f8b94fffea8b8bce63a1597bd0985b332e393c62efb10770617f93294,HardwareEfficient,-0.37976652169697117,-0.38074028200901466,0.0009737603120434923,False
primary_listing_by_rule_did,e70adb6d3e5448619b259d6e825d34f94cb868684eb2b940009ecdb58c7275ee,SurfaceCode,-0.37976652169697117,-0.38074028200901466,0.0009737603120434923,False
primary_listing_by_rule_did,e761adf8efeac5c21762208c08429dd4686d16eb4cbc1582e6d4ebc809852f66,QFT,-0.37976652169697117,-0.38074028200901466,0.0009737603120434923,False
primary_listing_by_rule_did,e7c3197175704bce082edb885d4fa6328a0f697d629942098860c96b5b014a8c,QAOA,-0.37976652169697117,-0.38074028200901466,0.0009737603120434923,False
primary_listing_by_rule_did,e7fffabc07b75ea40680bf5a6622f4cdc16711362459ed4523e903018e295e22,HardwareEfficient,-0.37976652169697117,-0.38074028200901466,0.0009737603120434923,False
primary_listing_by_rule_did,ea35cdaebcc83e38febe7db50517ceef51edfed198ba7cbb4f3cc64485df66df,Oracle,-0.37976652169697117,-0.38074028200901466,0.0009737603120434923,False
primary_listing_by_rule_did,ec754f7e3892ee8ca405ace36ffa2cf3d8489863d2f83852f623de773dd94b1e,QFT,-0.37976652169697117,-0.38074028200901466,0.0009737603120434923,False
primary_listing_by_rule_did,f1284efd15a9080f1c608580385172943d833e7426babe23f2a385b344fca9ac,QuantumWalk,-0.37976652169697117,-0.38074028200901466,0.0009737603120434923,False
primary_listing_by_rule_did,ec9289c88d9acb9814cb60890e2e2d888e2853fae21087e87cdc61fd856c3ee5,SurfaceCode,-0.37976652169697117,-0.38074028200901466,0.0009737603120434923,False
primary_listing_by_rule_did,ecdc88be58bf549d56d32e78bd4bc92867b980440b9b1b2d29c6a6a0c98bcfe2,UCCSD_inspired,-0.37976652169697117,-0.38074028200901466,0.0009737603120434923,False
primary_listing_by_rule_did,ecfd2572e51eb6ffed7dc27ff03ff03e0340732f1c1277c844b7427722591d79,HardwareEfficient,-0.37976652169697117,-0.38074028200901466,0.0009737603120434923,False
primary_listing_by_rule_did,edd5a22e6ec1e0d26a85c6c718e1e94836f192ceab2dbfb5f4d8a6786339dd0d,QAOA,-0.37976652169697117,-0.38074028200901466,0.0009737603120434923,False
primary_listing_by_rule_did,efcc1de189949fabda88791e6b68d73aff3b14e37c742a15535d4e16dce0f0ac,QuantumWalk,-0.37976652169697117,-0.38074028200901466,0.0009737603120434923,False
primary_listing_by_rule_did,efe05a598852b28e2f1b7f34b2184f3989d4eb2ea9ee1ee00b340a751d905e75,SurfaceCode,-0.37976652169697117,-0.38074028200901466,0.0009737603120434923,False
primary_listing_by_rule_did,f0ce08a94e8912e5622a6df3ca1903091c67e592bc993e854d2aac9723e208a7,Grover,-0.37976652169697117,-0.38074028200901466,0.0009737603120434923,False
primary_listing_by_rule_did,c3781847e3b476f0de097ecb06e247f54b9b45f604f5ccafeaab4169f506470a,Adder,-0.37976652169697117,-0.38074028200901466,0.0009737603120434923,False
primary_listing_by_rule_did,c76911ce3c699af70df27c30a55cb7d4fd150a3f8bf77edf7314c601b966ce1d,QuantumWalk,-0.37976652169697117,-0.38074028200901466,0.0009737603120434923,False
primary_listing_by_rule_did,c2edd0f05863f7c5791bbf5b6ee2131a4e62dce0b2cac1a356f178eeca043f8a,UCCSD_inspired,-0.37976652169697117,-0.38074028200901466,0.0009737603120434923,False
primary_listing_by_rule_did,96cd385647c924a15dadcdee8b59db5e9352e18d77f51d5aa446cd42c94b7327,QuantumWalk,-0.37976652169697117,-0.38074028200901466,0.0009737603120434923,False
primary_listing_by_rule_did,014e8da4cad4f97582e18a894f34fc8c3a41b14e6c31d3b3736404a1cf5b8e78,VQE,-0.37976652169697117,-0.38074028200901466,0.0009737603120434923,False
primary_listing_by_rule_did,98288a8bb24c6c4e673cdd1a4153610759a5259eab1700308a6bb0e7520a1d09,QAOA,-0.37976652169697117,-0.38074028200901466,0.0009737603120434923,False
primary_listing_by_rule_did,998d28f393fb6fe8a78d18a2436597cf82c17978859d430e5e43e089471944d1,QuantumWalk,-0.37976652169697117,-0.38074028200901466,0.0009737603120434923,False
primary_listing_by_rule_did,99bbb7d14c43822569de544c5e8a4b3ccfd00506bb1041b2da2a6c12d1b20f7f,Adder,-0.37976652169697117,-0.38074028200901466,0.0009737603120434923,False
primary_listing_by_rule_did,9a6752a986b7de67a2977ce77e0634b35bfc7e4d5a12d7062bff9e2c4b218176,SurfaceCode,-0.37976652169697117,-0.38074028200901466,0.0009737603120434923,False
primary_listing_by_rule_did,9b814e3da54f5c874ddcbdff9fe61f872bb409035a9acff0f2c7ae13b5c91b90,QuantumWalk,-0.37976652169697117,-0.38074028200901466,0.0009737603120434923,False
primary_listing_by_rule_did,9d28cb9bb42a70f9fa00e7efba94348562efdd144be3a7aef8382f0ab9e0b925,Oracle,-0.37976652169697117,-0.38074028200901466,0.0009737603120434923,False
primary_listing_by_rule_did,9d7bae7cb361f289bfa22b373c94a22b6cd06c8e0c5262709fba830673dcf4e2,QuantumWalk,-0.37976652169697117,-0.38074028200901466,0.0009737603120434923,False
primary_listing_by_rule_did,9efcd7e7d63057f26477dd71e9cc9399123981e05ee8aa5ae613fa5f7681e66c,SurfaceCode,-0.37976652169697117,-0.38074028200901466,0.0009737603120434923,False
primary_listing_by_rule_did,9fac801b9c9b3af1aab1409fb21f666a7b588bdf8dd5282a5a0b081971ec442e,VQE,-0.37976652169697117,-0.38074028200901466,0.0009737603120434923,False
primary_listing_by_rule_did,a0ce795cd049a6a5d79e6ebd68db90d152d868a0c823cf524ea052b7c5e56697,VQE,-0.37976652169697117,-0.38074028200901466,0.0009737603120434923,False
primary_listing_by_rule_did,a16dbe89e98ec8eef49995c9edecf7e520b6fce018b74c0aa8248506ead433db,SurfaceCode,-0.37976652169697117,-0.38074028200901466,0.0009737603120434923,False
primary_listing_by_rule_did,c15ccd1efbe0b71c21464e888a978afbe6b6cf006bd895873c7d9b8e51efbaf0,CNOT,-0.37976652169697117,-0.38074028200901466,0.0009737603120434923,False
primary_listing_by_rule_did,a1b0ba8e9683b6e8fb7f674fec300eb87f2d2387d58f482c81187c497cdc2175,SurfaceCode,-0.37976652169697117,-0.38074028200901466,0.0009737603120434923,False
primary_listing_by_rule_did,a25cdf698d5ca8a8af744fd0fd1ebd652891919421d5e150b2a7e5e42e0cf9e7,SurfaceCode,-0.37976652169697117,-0.38074028200901466,0.0009737603120434923,False
primary_listing_by_rule_did,a56b84561ace0423d3f71194279f62be3b29e47c98491c316e3446561f61dbf1,VQE,-0.37976652169697117,-0.38074028200901466,0.0009737603120434923,False
primary_listing_by_rule_did,a7ab9db53d4fc264f2d6a392f086a33f96e5c9b66ca7eb54d656793b0b5aeb07,VQE,-0.37976652169697117,-0.38074028200901466,0.0009737603120434923,False
primary_listing_by_rule_did,98123c419282ef8d7ead755526545f8d1b8e6129c506a92b5eb114e588eb0ab3,SurfaceCode,-0.37976652169697117,-0.38074028200901466,0.0009737603120434923,False
primary_listing_by_rule_did,96459b4f823e438eec56e9c1a97a6dd324300ee70290658957d9ad22142ab813,VQE,-0.37976652169697117,-0.38074028200901466,0.0009737603120434923,False
primary_listing_by_rule_did,a8fb890216921697e75dec718450347728fa67236e477ce8e39377128e6df537,Grover,-0.37976652169697117,-0.38074028200901466,0.0009737603120434923,False
primary_listing_by_rule_did,9622962052cfcefe2e8d5fcff75c437ddc1262dc21b471fdc6bd179d3b83f28b,Grover,-0.37976652169697117,-0.38074028200901466,0.0009737603120434923,False
primary_listing_by_rule_did,8b29e59e3a39db333187ef02a279d7723f487d94b438e8e97ce4d73eab48b4e8,RandomClifford,-0.37976652169697117,-0.38074028200901466,0.0009737603120434923,False
primary_listing_by_rule_did,8d9675d03084170fe7ac5525f6fcb719077b9720d82fdfd3a3438964e78b6345,UCCSD_inspired,-0.37976652169697117,-0.38074028200901466,0.0009737603120434923,False
primary_listing_by_rule_did,8e6db4fdd8b1e74adfbeaf694b8f894260e2dc63ceccc8e39646673ee43949df,QAOA,-0.37976652169697117,-0.38074028200901466,0.0009737603120434923,False
primary_listing_by_rule_did,8fade07fc864918c4a4969c2781f2c199d2cec46f63e96c10290027163d5a455,Oracle,-0.37976652169697117,-0.38074028200901466,0.0009737603120434923,False
primary_listing_by_rule_did,8ff9e347f089a38379fb8b9dddac5f467f20f23caa1892008b74218e158a33c3,Oracle,-0.37976652169697117,-0.38074028200901466,0.0009737603120434923,False
primary_listing_by_rule_did,90b9d6a98141cc942d3ded30a930bd0e1d014a4a74273b8ac4367eda1522afc9,QuantumWalk,-0.37976652169697117,-0.38074028200901466,0.0009737603120434923,False
primary_listing_by_rule_did,9122b5a207a4c0a8ffeedf35af10c42a747aa84296b789e02a6bac63a0970083,HardwareEfficient,-0.37976652169697117,-0.38074028200901466,0.0009737603120434923,False
primary_listing_by_rule_did,914e1499c292081bdc75f6dcd9813bbb7b2085fe470253f7000b70ace6ba61c9,QAOA,-0.37976652169697117,-0.38074028200901466,0.0009737603120434923,False
primary_listing_by_rule_did,916e8ca7c9598753b3e23a7ed30b002882a72b04507e198132b31ffc6a26ef74,QuantumWalk,-0.37976652169697117,-0.38074028200901466,0.0009737603120434923,False
primary_listing_by_rule_did,91e4aec91029d653afc2f4cfd9acf0f34aa36fd0f56363bd622f0d0b2fbd912f,UCCSD_inspired,-0.37976652169697117,-0.38074028200901466,0.0009737603120434923,False
primary_listing_by_rule_did,920715dea765673c0d3337786b5f66da8038c75428d4b37e5c288736db47b69d,QuantumWalk,-0.37976652169697117,-0.38074028200901466,0.0009737603120434923,False
primary_listing_by_rule_did,930cb78f04ba9cb29ab33d24598112a6118327a15181d12512e9f28c264180b8,IQP,-0.37976652169697117,-0.38074028200901466,0.0009737603120434923,False
primary_listing_by_rule_did,93467de4ec8b6447d0046632416f75a2a2ec7eaa82fac32a3b3cb7e00e0debdb,HardwareEfficient,-0.37976652169697117,-0.38074028200901466,0.0009737603120434923,False
primary_listing_by_rule_did,93777dbb1396f34119a3c7abd792673d63abea48eb3460371bc0edff6ad7e7d7,Grover,-0.37976652169697117,-0.38074028200901466,0.0009737603120434923,False
primary_listing_by_rule_did,948333538f192e047cf807ea8eaf140facd1c784484d67f3d731205abea6929e,QuantumWalk,-0.37976652169697117,-0.38074028200901466,0.0009737603120434923,False
primary_listing_by_rule_did,95300c7f12f75049fd4f840f8155f54ae4f02dfc980112dcf6f32aa7fa26c259,HaarRandom,-0.37976652169697117,-0.38074028200901466,0.0009737603120434923,False
primary_listing_by_rule_did,9599f9974b14de7195d737812cbf1c818a7ceb9b98d68f8d815c350d4d59daaa,QuantumWalk,-0.37976652169697117,-0.38074028200901466,0.0009737603120434923,False
primary_listing_by_rule_did,a7f212f7ecd7ee7353a7ba466a9af47a975f54aa9c15ab288c44982273c22d68,QAOA,-0.37976652169697117,-0.38074028200901466,0.0009737603120434923,False
primary_listing_by_rule_did,a184604fe8e9fff65d7fc4b04a0374176884155f49835fc64a3e78eeea2e3335,IQP,-0.37976652169697117,-0.38074028200901466,0.0009737603120434923,False
primary_listing_by_rule_did,b2b8ea4ed9aecdcfd921ea28cb16d178c46018000c9dec2eead95b2c37123b51,HardwareEfficient,-0.37976652169697117,-0.38074028200901466,0.0009737603120434923,False
primary_listing_by_rule_did,b15d50df71933b4745ec5799d5ef54fb7c162bc3ca92e983a8aeafe41413e0a6,VQE,-0.37976652169697117,-0.38074028200901466,0.0009737603120434923,False
primary_listing_by_rule_did,b259423cfea000395faab3e5ca8720b18bebae620bc17f21338f9ffae251d987,RandomClifford,-0.37976652169697117,-0.38074028200901466,0.0009737603120434923,False
primary_listing_by_rule_did,a9cbe813352eb8bbddbb6de7feecde853f066b5cf29e96a7a2f84a6cd354761a,CNOT,-0.37976652169697117,-0.38074028200901466,0.0009737603120434923,False
primary_listing_by_rule_did,b2f83603b76f95e86e3b51898d6ea360adf3a62f51aa296baf0178913d4108b2,QFT,-0.37976652169697117,-0.38074028200901466,0.0009737603120434923,False
primary_listing_by_rule_did,b45c3a20db4f3ccbe86b7028b2a3ed6875c846178b3f7e82a870185c5a08cbaa,QuantumWalk,-0.37976652169697117,-0.38074028200901466,0.0009737603120434923,False
primary_listing_by_rule_did,b4accbdc8bd4599d8f4a4a4f335254fe7d27c0867b844bb682bb307303bce702,QuantumWalk,-0.37976652169697117,-0.38074028200901466,0.0009737603120434923,False
primary_listing_by_rule_did,b4cd6266c1d6b1edd7ea9ea096d9648f4a7ea3feb36e3428f392b9ca88c53b4a,UCCSD_inspired,-0.37976652169697117,-0.38074028200901466,0.0009737603120434923,False
primary_listing_by_rule_did,b566c5863a335453fb112204e335b3b8c73d2037c3d0809e6850d62248548ca5,QuantumWalk,-0.37976652169697117,-0.38074028200901466,0.0009737603120434923,False
primary_listing_by_rule_did,b5ac35a68d5e59c46c6564e09d414ba98d05d318ac2cd28aaf6914b943c91c9b,SurfaceCode,-0.37976652169697117,-0.38074028200901466,0.0009737603120434923,False
primary_listing_by_rule_did,b7163b3a00248ea960a5124b05a311a33fb77506ed9fa5aaef446ad5230301a1,Oracle,-0.37976652169697117,-0.38074028200901466,0.0009737603120434923,False
primary_listing_by_rule_did,b72eb04aad8622c714692f86379ddbd86e546720b70e03867b27fc5229606036,Oracle,-0.37976652169697117,-0.38074028200901466,0.0009737603120434923,False
primary_listing_by_rule_did,b866fb4b41003a7d731ad7258462101c103a99bb9ec5d149206b154bb5a479bf,SurfaceCode,-0.37976652169697117,-0.38074028200901466,0.0009737603120434923,False
primary_listing_by_rule_did,baa36a6bacd09d29a4e1ac1a3471506608430765957e6bc127dfa683d2dcf33d,HardwareEfficient,-0.37976652169697117,-0.38074028200901466,0.0009737603120434923,False
primary_listing_by_rule_did,bb4d201ec90fe59ed3e9c9ab9ff269487e716ab1bee068bff9f74529b1de6f93,IQP,-0.37976652169697117,-0.38074028200901466,0.0009737603120434923,False
primary_listing_by_rule_did,bc22540f392dc6218ac675f61a3e1ee5a21f4dc4e1c913d2f494c41bf37a67ac,QuantumWalk,-0.37976652169697117,-0.38074028200901466,0.0009737603120434923,False
primary_listing_by_rule_did,be09cfe6fcb270823374495faa12de7dd56fe873b61ea5f4780fe001b3ab1ec1,QuantumWalk,-0.37976652169697117,-0.38074028200901466,0.0009737603120434923,False
primary_listing_by_rule_did,bf030e55f967a90ee4eb2ded2fcf87d656a3c8d4b083d1929398168bd0de4ba9,Grover,-0.37976652169697117,-0.38074028200901466,0.0009737603120434923,False
primary_listing_by_rule_did,c03a59f09d1814f61e8886ce6c504c04c0bf89965ff911746bb96e21e9cd570c,SurfaceCode,-0.37976652169697117,-0.38074028200901466,0.0009737603120434923,False
primary_listing_by_rule_did,b1eea75a6b9b0df65f92fc8a6cc335196d0e181b16f0295c85e61c1ab5bcff75,Oracle,-0.37976652169697117,-0.38074028200901466,0.0009737603120434923,False
primary_listing_by_rule_did,0080a63f816f580541538093d5448ae336ed333ac6933bc71da115de0011b707,QAOA,-0.37976652169697117,-0.38074028200901466,0.0009737603120434923,False
primary_listing_by_rule_did,ab6c0308e70783c337dc12cc3601cedbca26ad9ff939cc7bbedff27b595326e7,RandomClifford,-0.37976652169697117,-0.38074028200901466,0.0009737603120434923,False
primary_listing_by_rule_did,adbb48a0ef0579f1930cd5635450dda6ac0134b70ed705fee57896785a5c920c,HardwareEfficient,-0.37976652169697117,-0.38074028200901466,0.0009737603120434923,False
primary_listing_by_rule_did,aba6140f6f41bb9a15bf0b99954920f2f59a73deff2d6fea22ba7c52a34ffc96,Oracle,-0.37976652169697117,-0.38074028200901466,0.0009737603120434923,False
primary_listing_by_rule_did,ac23376052bba9fcf5428066a06b89b96da995a9acb10b13e8626b43ae59a3f4,IQP,-0.37976652169697117,-0.38074028200901466,0.0009737603120434923,False
primary_listing_by_rule_did,aef180d7cfe4026d3e6db4acce1baa759ce2591ce74fa6b84d10d2c6bd83dc03,VQE,-0.37976652169697117,-0.38074028200901466,0.0009737603120434923,False
primary_listing_by_rule_did,ac5cb7a1191241454b4fd01d93fcb219cc0a72bbf543d70ec604ba87a2a0d7ad,QuantumWalk,-0.37976652169697117,-0.38074028200901466,0.0009737603120434923,False
primary_listing_by_rule_did,ace916e35582c95d21da984fde2d1f6a3536707d59739f448aeda811b215f37b,QAOA,-0.37976652169697117,-0.38074028200901466,0.0009737603120434923,False
primary_listing_by_rule_did,ad24aca845e266cfd8d2120a528eaaa1b8189e8618686a63cc593efe3ae9c728,UCCSD_inspired,-0.37976652169697117,-0.38074028200901466,0.0009737603120434923,False
primary_listing_by_rule_did,ae182db40b924159285ac8bdf3845f1ffd37b35456f942ececf2ce981152b240,HardwareEfficient,-0.37976652169697117,-0.38074028200901466,0.0009737603120434923,False
primary_listing_by_rule_did,adb7f9987b9b0c05e801b5fd0511f99788c5efa1cba7a076de804d89d6620b85,QuantumWalk,-0.37976652169697117,-0.38074028200901466,0.0009737603120434923,False
wcl_minus_lbl_commutation_only,e00e580e23474658e32e03271e9930d065185c3eea39cd126893c951749d2ca8,IQP,2.536018174756534,2.535194778135031,0.000823396621503214,False
random_minus_lbl_plus_templates,2b75895aa27cbc6b06ca489c63a0acceb9af896130529bb5c000766f1e53267c,RandomClifford,1.6686811835039983,1.6694633497087872,0.0007821662047888811,False
wcl_minus_lbl_commutation_only,8b29e59e3a39db333187ef02a279d7723f487d94b438e8e97ce4d73eab48b4e8,RandomClifford,2.536018174756534,2.535236403176656,0.0007817715798781322,False
primary_listing_by_rule_did,f4b0bcb6432520607dadb467eb5e704c725dfbb16639473eee8c5a019635e799,QuantumWalk,-0.37976652169697117,-0.3805451872487025,0.000778665551731339,False
wcl_minus_lbl_plus_templates,b259423cfea000395faab3e5ca8720b18bebae620bc17f21338f9ffae251d987,RandomClifford,2.156251653059563,2.1555265947590905,0.0007250583004725364,False
wcl_minus_lbl_commutation_only,28bfaeeecb293e1f876f9558f967228672ed62c635b047fed680c0fd03f9b918,RandomClifford,2.536018174756534,2.5353092469994998,0.0007089277570342389,False
wcl_minus_lbl_plus_templates,d3b5ace1ffcfa1395fa7475de82da131003d95cdf3358f349d791df72f45b4ae,Oracle,2.156251653059563,2.1556754973470174,0.0005761557125456562,False
wcl_minus_lbl_commutation_only,f5800ccda7bc5fe6d0223d2c5024b1e92540cfdc9389dbbd217178e1660d20cb,IQP,2.536018174756534,2.535490181656241,0.000527993100293056,False
random_minus_lbl_commutation_only,40b8a20d828582d60cc0a21652298c67f1af38c18b2ccf8811937d13a9714a38,IQP,1.7962196557066954,1.796716208407061,0.0004965527003655268,False
random_minus_lbl_plus_templates,b259423cfea000395faab3e5ca8720b18bebae620bc17f21338f9ffae251d987,RandomClifford,1.6686811835039983,1.6682694216855907,0.00041176181840762993,False
primary_listing_by_rule_did,b63fd2de0ff796d62723a6961d9f93b047c283f4c15875f6f34624e5c2b51a09,RandomClifford,-0.37976652169697117,-0.3801118254982052,0.0003453038012340426,False
primary_listing_by_rule_did,0a54b71bfd47499f18a2421cd6bf97c15dc3f348b2d97f00df878dc6173f5324,Grover,-0.37976652169697117,-0.38002002847977234,0.00025350678280117167,False
primary_listing_by_rule_did,ab626155e296fef5bbc2642087791bce56ed006287bde666542289458665c89d,Grover,-0.37976652169697117,-0.38001698086258234,0.0002504591656111721,False
wcl_minus_lbl_commutation_only,b259423cfea000395faab3e5ca8720b18bebae620bc17f21338f9ffae251d987,RandomClifford,2.536018174756534,2.536266876768105,0.0002487020115711225,False
primary_listing_by_rule_did,9a041e65e0425acb6f1da0991581cf3416dbc278e761b7a398593dbb6f7ed442,QuantumWalk,-0.37976652169697117,-0.3795279074270748,0.00023861426989635337,False
primary_listing_by_rule_did,dc8ceaecb8e2ef6b2a8168d75f511498a0bb1c550f459c37996e52c89e84ba85,QuantumWalk,-0.37976652169697117,-0.3795279074270748,0.00023861426989635337,False
primary_listing_by_rule_did,1e2e846760ffae18723d5eeb34d434e2b4745acb5f1ca7dbfd34512dbe0f8b16,QuantumWalk,-0.37976652169697117,-0.3795279074270748,0.00023861426989635337,False
primary_listing_by_rule_did,1b84760a272ee5b898d6856ea47d7309859a0aaa27c6d9f54caa0a3ca7965d66,Grover,-0.37976652169697117,-0.3799277142950385,0.0001611925980673501,False
random_minus_lbl_plus_templates,fdae7380efaf259898d620665d1e44cd04b23f73bf766b851f7195de78f58d9d,RandomClifford,1.6686811835039983,1.668824203908351,0.00014302040435265617,False
wcl_minus_lbl_plus_templates,b23d5b47568d035621cb80cca02e66ed29fa44d2e21a148d6383023cfd01a848,RandomClifford,2.156251653059563,2.1561362525247536,0.00011540053480940671,False
random_minus_lbl_commutation_only,b259423cfea000395faab3e5ca8720b18bebae620bc17f21338f9ffae251d987,RandomClifford,1.7962196557066954,1.7961349156118844,8.474009481096445e-05,False
wcl_minus_lbl_plus_templates,082489d14e2c84f851b9515f5e16cffad519cec34fbf1349a6ba883153cfe252,RandomClifford,2.156251653059563,2.1563249660815926,7.331302202961965e-05,False
wcl_minus_lbl_commutation_only,40b8a20d828582d60cc0a21652298c67f1af38c18b2ccf8811937d13a9714a38,IQP,2.536018174756534,2.535946163501801,7.201125473299541e-05,False
primary_listing_by_rule_did,0b12314b8f546448b63ec916582bdcd18c8f92e57f6756737f55de986300e4e8,QuantumWalk,-0.37976652169697117,-0.379723002187387,4.351950958414452e-05,False
primary_listing_by_rule_did,1a7bfb668baba31b5cb74057590661843ab8c6a997dc5e21c16d38ca42dee44b,QuantumWalk,-0.37976652169697117,-0.379723002187387,4.351950958414452e-05,False
