experiment_id,circuit_id,circuit_family,n_qubits,listing_model,phase,original_gate_count,optimized_gate_count,reduction,listing_fidelity,input_circuit_sha256,listing_circuit_sha256,optimizer_metadata
E31-pilot,qft_3,QFT,3,LBL,phase1,6,6,0.0,0.9999999999999992,0ac4b0a0e813ec474432f4044e46798bce4668210034b65414d4d5303e67f710,0ac4b0a0e813ec474432f4044e46798bce4668210034b65414d4d5303e67f710,"{""algorithm"": ""greedy"", ""improvements"": 0, ""version"": ""3.2.0"", ""wire_traversal"": false}"
E31-pilot,qft_3,QFT,3,LBL,phase2a,6,6,0.0,0.9999999999999992,0ac4b0a0e813ec474432f4044e46798bce4668210034b65414d4d5303e67f710,0ac4b0a0e813ec474432f4044e46798bce4668210034b65414d4d5303e67f710,"{""algorithm"": ""commutation_rewriter"", ""improvements"": 0, ""window_size"": 10}"
E31-pilot,qft_3,QFT,3,LBL,phase2b,6,6,0.0,0.9999999999999992,0ac4b0a0e813ec474432f4044e46798bce4668210034b65414d4d5303e67f710,0ac4b0a0e813ec474432f4044e46798bce4668210034b65414d4d5303e67f710,"{""algorithm"": ""phase2b_template_matcher_full_pipeline"", ""cz_conversions"": 0, ""h_reorders"": 0, ""hh_cancellations"": 0, ""local_cancellations"": 0, ""mcz_conversions"": 0, ""pair_gathers"": 0, ""phase_merges"": 0, ""pipeline"": ""full"", ""template_library"": {""conjugation_templates"": 6, ""inverse_pairs"": [[""s"", ""sdg""], [""sx"", ""sxdg""], [""t"", ""tdg""]], ""parametric_inverse_gates"": [""p"", ""rx"", ""ry"", ""rz"", ""u1""], ""phase_merge_gates"": [""s"", ""sdg"", ""t"", ""tdg"", ""z"", ""p"", ""u1""], ""rotation_merge_gates"": [""rx"", ""ry"", ""rz""], ""self_inverse_gates"": [""ccx"", ""ch"", ""cswap"", ""cx"", ""cy"", ""cz"", ""h"", ""mcx"", ""swap"", ""x"", ""y"", ""z""]}, ""template_rewrites"": 0, ""theorem_target"": ""Thm 9 (BV oracle)"", ""version"": ""2.0.0""}"
E31-pilot,qft_3,QFT,3,WCL,phase1,6,6,0.0,0.9999999999999992,0ac4b0a0e813ec474432f4044e46798bce4668210034b65414d4d5303e67f710,0ac4b0a0e813ec474432f4044e46798bce4668210034b65414d4d5303e67f710,"{""algorithm"": ""greedy"", ""improvements"": 0, ""version"": ""3.2.0"", ""wire_traversal"": false}"
E31-pilot,qft_3,QFT,3,WCL,phase2a,6,6,0.0,0.9999999999999992,0ac4b0a0e813ec474432f4044e46798bce4668210034b65414d4d5303e67f710,0ac4b0a0e813ec474432f4044e46798bce4668210034b65414d4d5303e67f710,"{""algorithm"": ""commutation_rewriter"", ""improvements"": 0, ""window_size"": 10}"
E31-pilot,qft_3,QFT,3,WCL,phase2b,6,6,0.0,0.9999999999999992,0ac4b0a0e813ec474432f4044e46798bce4668210034b65414d4d5303e67f710,0ac4b0a0e813ec474432f4044e46798bce4668210034b65414d4d5303e67f710,"{""algorithm"": ""phase2b_template_matcher_full_pipeline"", ""cz_conversions"": 0, ""h_reorders"": 0, ""hh_cancellations"": 0, ""local_cancellations"": 0, ""mcz_conversions"": 0, ""pair_gathers"": 0, ""phase_merges"": 0, ""pipeline"": ""full"", ""template_library"": {""conjugation_templates"": 6, ""inverse_pairs"": [[""s"", ""sdg""], [""sx"", ""sxdg""], [""t"", ""tdg""]], ""parametric_inverse_gates"": [""p"", ""rx"", ""ry"", ""rz"", ""u1""], ""phase_merge_gates"": [""s"", ""sdg"", ""t"", ""tdg"", ""z"", ""p"", ""u1""], ""rotation_merge_gates"": [""rx"", ""ry"", ""rz""], ""self_inverse_gates"": [""ccx"", ""ch"", ""cswap"", ""cx"", ""cy"", ""cz"", ""h"", ""mcx"", ""swap"", ""x"", ""y"", ""z""]}, ""template_rewrites"": 0, ""theorem_target"": ""Thm 9 (BV oracle)"", ""version"": ""2.0.0""}"
E31-pilot,qft_3,QFT,3,SHUFFLE,phase1,6,6,0.0,0.9999999999999992,0ac4b0a0e813ec474432f4044e46798bce4668210034b65414d4d5303e67f710,f88fa5383f7aef6b6e03ff6283299c2b99e82f80c30a5bc6d21ebb59d6bfb64a,"{""algorithm"": ""greedy"", ""improvements"": 0, ""version"": ""3.2.0"", ""wire_traversal"": false}"
E31-pilot,qft_3,QFT,3,SHUFFLE,phase2a,6,6,0.0,0.9999999999999992,0ac4b0a0e813ec474432f4044e46798bce4668210034b65414d4d5303e67f710,f88fa5383f7aef6b6e03ff6283299c2b99e82f80c30a5bc6d21ebb59d6bfb64a,"{""algorithm"": ""commutation_rewriter"", ""improvements"": 0, ""window_size"": 10}"
E31-pilot,qft_3,QFT,3,SHUFFLE,phase2b,6,6,0.0,0.9999999999999992,0ac4b0a0e813ec474432f4044e46798bce4668210034b65414d4d5303e67f710,f88fa5383f7aef6b6e03ff6283299c2b99e82f80c30a5bc6d21ebb59d6bfb64a,"{""algorithm"": ""phase2b_template_matcher_full_pipeline"", ""cz_conversions"": 0, ""h_reorders"": 0, ""hh_cancellations"": 0, ""local_cancellations"": 0, ""mcz_conversions"": 0, ""pair_gathers"": 0, ""phase_merges"": 0, ""pipeline"": ""full"", ""template_library"": {""conjugation_templates"": 6, ""inverse_pairs"": [[""s"", ""sdg""], [""sx"", ""sxdg""], [""t"", ""tdg""]], ""parametric_inverse_gates"": [""p"", ""rx"", ""ry"", ""rz"", ""u1""], ""phase_merge_gates"": [""s"", ""sdg"", ""t"", ""tdg"", ""z"", ""p"", ""u1""], ""rotation_merge_gates"": [""rx"", ""ry"", ""rz""], ""self_inverse_gates"": [""ccx"", ""ch"", ""cswap"", ""cx"", ""cy"", ""cz"", ""h"", ""mcx"", ""swap"", ""x"", ""y"", ""z""]}, ""template_rewrites"": 0, ""theorem_target"": ""Thm 9 (BV oracle)"", ""version"": ""2.0.0""}"
E31-pilot,ghz_3,GHZ,3,LBL,phase1,3,3,0.0,0.9999999999999996,c69d250a367e14af30448dc6336a129d4b1d3025bf8f24a8e752571bfc1813ba,c69d250a367e14af30448dc6336a129d4b1d3025bf8f24a8e752571bfc1813ba,"{""algorithm"": ""greedy"", ""improvements"": 0, ""version"": ""3.2.0"", ""wire_traversal"": false}"
E31-pilot,ghz_3,GHZ,3,LBL,phase2a,3,3,0.0,0.9999999999999996,c69d250a367e14af30448dc6336a129d4b1d3025bf8f24a8e752571bfc1813ba,c69d250a367e14af30448dc6336a129d4b1d3025bf8f24a8e752571bfc1813ba,"{""algorithm"": ""commutation_rewriter"", ""improvements"": 0, ""window_size"": 10}"
E31-pilot,ghz_3,GHZ,3,LBL,phase2b,3,3,0.0,0.9999999999999996,c69d250a367e14af30448dc6336a129d4b1d3025bf8f24a8e752571bfc1813ba,c69d250a367e14af30448dc6336a129d4b1d3025bf8f24a8e752571bfc1813ba,"{""algorithm"": ""phase2b_template_matcher_full_pipeline"", ""cz_conversions"": 0, ""h_reorders"": 0, ""hh_cancellations"": 0, ""local_cancellations"": 0, ""mcz_conversions"": 0, ""pair_gathers"": 0, ""phase_merges"": 0, ""pipeline"": ""full"", ""template_library"": {""conjugation_templates"": 6, ""inverse_pairs"": [[""s"", ""sdg""], [""sx"", ""sxdg""], [""t"", ""tdg""]], ""parametric_inverse_gates"": [""p"", ""rx"", ""ry"", ""rz"", ""u1""], ""phase_merge_gates"": [""s"", ""sdg"", ""t"", ""tdg"", ""z"", ""p"", ""u1""], ""rotation_merge_gates"": [""rx"", ""ry"", ""rz""], ""self_inverse_gates"": [""ccx"", ""ch"", ""cswap"", ""cx"", ""cy"", ""cz"", ""h"", ""mcx"", ""swap"", ""x"", ""y"", ""z""]}, ""template_rewrites"": 0, ""theorem_target"": ""Thm 9 (BV oracle)"", ""version"": ""2.0.0""}"
E31-pilot,ghz_3,GHZ,3,WCL,phase1,3,3,0.0,0.9999999999999996,c69d250a367e14af30448dc6336a129d4b1d3025bf8f24a8e752571bfc1813ba,c69d250a367e14af30448dc6336a129d4b1d3025bf8f24a8e752571bfc1813ba,"{""algorithm"": ""greedy"", ""improvements"": 0, ""version"": ""3.2.0"", ""wire_traversal"": false}"
E31-pilot,ghz_3,GHZ,3,WCL,phase2a,3,3,0.0,0.9999999999999996,c69d250a367e14af30448dc6336a129d4b1d3025bf8f24a8e752571bfc1813ba,c69d250a367e14af30448dc6336a129d4b1d3025bf8f24a8e752571bfc1813ba,"{""algorithm"": ""commutation_rewriter"", ""improvements"": 0, ""window_size"": 10}"
E31-pilot,ghz_3,GHZ,3,WCL,phase2b,3,3,0.0,0.9999999999999996,c69d250a367e14af30448dc6336a129d4b1d3025bf8f24a8e752571bfc1813ba,c69d250a367e14af30448dc6336a129d4b1d3025bf8f24a8e752571bfc1813ba,"{""algorithm"": ""phase2b_template_matcher_full_pipeline"", ""cz_conversions"": 0, ""h_reorders"": 0, ""hh_cancellations"": 0, ""local_cancellations"": 0, ""mcz_conversions"": 0, ""pair_gathers"": 0, ""phase_merges"": 0, ""pipeline"": ""full"", ""template_library"": {""conjugation_templates"": 6, ""inverse_pairs"": [[""s"", ""sdg""], [""sx"", ""sxdg""], [""t"", ""tdg""]], ""parametric_inverse_gates"": [""p"", ""rx"", ""ry"", ""rz"", ""u1""], ""phase_merge_gates"": [""s"", ""sdg"", ""t"", ""tdg"", ""z"", ""p"", ""u1""], ""rotation_merge_gates"": [""rx"", ""ry"", ""rz""], ""self_inverse_gates"": [""ccx"", ""ch"", ""cswap"", ""cx"", ""cy"", ""cz"", ""h"", ""mcx"", ""swap"", ""x"", ""y"", ""z""]}, ""template_rewrites"": 0, ""theorem_target"": ""Thm 9 (BV oracle)"", ""version"": ""2.0.0""}"
E31-pilot,ghz_3,GHZ,3,SHUFFLE,phase1,3,3,0.0,0.9999999999999996,c69d250a367e14af30448dc6336a129d4b1d3025bf8f24a8e752571bfc1813ba,c69d250a367e14af30448dc6336a129d4b1d3025bf8f24a8e752571bfc1813ba,"{""algorithm"": ""greedy"", ""improvements"": 0, ""version"": ""3.2.0"", ""wire_traversal"": false}"
E31-pilot,ghz_3,GHZ,3,SHUFFLE,phase2a,3,3,0.0,0.9999999999999996,c69d250a367e14af30448dc6336a129d4b1d3025bf8f24a8e752571bfc1813ba,c69d250a367e14af30448dc6336a129d4b1d3025bf8f24a8e752571bfc1813ba,"{""algorithm"": ""commutation_rewriter"", ""improvements"": 0, ""window_size"": 10}"
E31-pilot,ghz_3,GHZ,3,SHUFFLE,phase2b,3,3,0.0,0.9999999999999996,c69d250a367e14af30448dc6336a129d4b1d3025bf8f24a8e752571bfc1813ba,c69d250a367e14af30448dc6336a129d4b1d3025bf8f24a8e752571bfc1813ba,"{""algorithm"": ""phase2b_template_matcher_full_pipeline"", ""cz_conversions"": 0, ""h_reorders"": 0, ""hh_cancellations"": 0, ""local_cancellations"": 0, ""mcz_conversions"": 0, ""pair_gathers"": 0, ""phase_merges"": 0, ""pipeline"": ""full"", ""template_library"": {""conjugation_templates"": 6, ""inverse_pairs"": [[""s"", ""sdg""], [""sx"", ""sxdg""], [""t"", ""tdg""]], ""parametric_inverse_gates"": [""p"", ""rx"", ""ry"", ""rz"", ""u1""], ""phase_merge_gates"": [""s"", ""sdg"", ""t"", ""tdg"", ""z"", ""p"", ""u1""], ""rotation_merge_gates"": [""rx"", ""ry"", ""rz""], ""self_inverse_gates"": [""ccx"", ""ch"", ""cswap"", ""cx"", ""cy"", ""cz"", ""h"", ""mcx"", ""swap"", ""x"", ""y"", ""z""]}, ""template_rewrites"": 0, ""theorem_target"": ""Thm 9 (BV oracle)"", ""version"": ""2.0.0""}"
E31-pilot,cnot_chain_3,CNOT,3,LBL,phase1,16,0,1.0,1.0,f3e1cc1549652f162539e9c0634f98494d1781a08f998296495d4a11a19ae4e8,f3e1cc1549652f162539e9c0634f98494d1781a08f998296495d4a11a19ae4e8,"{""algorithm"": ""greedy"", ""improvements"": 8, ""version"": ""3.2.0"", ""wire_traversal"": false}"
E31-pilot,cnot_chain_3,CNOT,3,LBL,phase2a,16,16,0.0,1.0,f3e1cc1549652f162539e9c0634f98494d1781a08f998296495d4a11a19ae4e8,f3e1cc1549652f162539e9c0634f98494d1781a08f998296495d4a11a19ae4e8,"{""algorithm"": ""commutation_rewriter"", ""improvements"": 0, ""window_size"": 10}"
E31-pilot,cnot_chain_3,CNOT,3,LBL,phase2b,16,0,1.0,1.0,f3e1cc1549652f162539e9c0634f98494d1781a08f998296495d4a11a19ae4e8,f3e1cc1549652f162539e9c0634f98494d1781a08f998296495d4a11a19ae4e8,"{""algorithm"": ""phase2b_template_matcher_full_pipeline"", ""cz_conversions"": 0, ""h_reorders"": 0, ""hh_cancellations"": 0, ""local_cancellations"": 8, ""mcz_conversions"": 0, ""pair_gathers"": 0, ""phase_merges"": 0, ""pipeline"": ""full"", ""template_library"": {""conjugation_templates"": 6, ""inverse_pairs"": [[""s"", ""sdg""], [""sx"", ""sxdg""], [""t"", ""tdg""]], ""parametric_inverse_gates"": [""p"", ""rx"", ""ry"", ""rz"", ""u1""], ""phase_merge_gates"": [""s"", ""sdg"", ""t"", ""tdg"", ""z"", ""p"", ""u1""], ""rotation_merge_gates"": [""rx"", ""ry"", ""rz""], ""self_inverse_gates"": [""ccx"", ""ch"", ""cswap"", ""cx"", ""cy"", ""cz"", ""h"", ""mcx"", ""swap"", ""x"", ""y"", ""z""]}, ""template_rewrites"": 0, ""theorem_target"": ""Thm 9 (BV oracle)"", ""version"": ""2.0.0""}"
E31-pilot,cnot_chain_3,CNOT,3,WCL,phase1,16,0,1.0,1.0,f3e1cc1549652f162539e9c0634f98494d1781a08f998296495d4a11a19ae4e8,f3e1cc1549652f162539e9c0634f98494d1781a08f998296495d4a11a19ae4e8,"{""algorithm"": ""greedy"", ""improvements"": 8, ""version"": ""3.2.0"", ""wire_traversal"": false}"
E31-pilot,cnot_chain_3,CNOT,3,WCL,phase2a,16,16,0.0,1.0,f3e1cc1549652f162539e9c0634f98494d1781a08f998296495d4a11a19ae4e8,f3e1cc1549652f162539e9c0634f98494d1781a08f998296495d4a11a19ae4e8,"{""algorithm"": ""commutation_rewriter"", ""improvements"": 0, ""window_size"": 10}"
E31-pilot,cnot_chain_3,CNOT,3,WCL,phase2b,16,0,1.0,1.0,f3e1cc1549652f162539e9c0634f98494d1781a08f998296495d4a11a19ae4e8,f3e1cc1549652f162539e9c0634f98494d1781a08f998296495d4a11a19ae4e8,"{""algorithm"": ""phase2b_template_matcher_full_pipeline"", ""cz_conversions"": 0, ""h_reorders"": 0, ""hh_cancellations"": 0, ""local_cancellations"": 8, ""mcz_conversions"": 0, ""pair_gathers"": 0, ""phase_merges"": 0, ""pipeline"": ""full"", ""template_library"": {""conjugation_templates"": 6, ""inverse_pairs"": [[""s"", ""sdg""], [""sx"", ""sxdg""], [""t"", ""tdg""]], ""parametric_inverse_gates"": [""p"", ""rx"", ""ry"", ""rz"", ""u1""], ""phase_merge_gates"": [""s"", ""sdg"", ""t"", ""tdg"", ""z"", ""p"", ""u1""], ""rotation_merge_gates"": [""rx"", ""ry"", ""rz""], ""self_inverse_gates"": [""ccx"", ""ch"", ""cswap"", ""cx"", ""cy"", ""cz"", ""h"", ""mcx"", ""swap"", ""x"", ""y"", ""z""]}, ""template_rewrites"": 0, ""theorem_target"": ""Thm 9 (BV oracle)"", ""version"": ""2.0.0""}"
E31-pilot,cnot_chain_3,CNOT,3,SHUFFLE,phase1,16,0,1.0,1.0,f3e1cc1549652f162539e9c0634f98494d1781a08f998296495d4a11a19ae4e8,f3e1cc1549652f162539e9c0634f98494d1781a08f998296495d4a11a19ae4e8,"{""algorithm"": ""greedy"", ""improvements"": 8, ""version"": ""3.2.0"", ""wire_traversal"": false}"
E31-pilot,cnot_chain_3,CNOT,3,SHUFFLE,phase2a,16,16,0.0,1.0,f3e1cc1549652f162539e9c0634f98494d1781a08f998296495d4a11a19ae4e8,f3e1cc1549652f162539e9c0634f98494d1781a08f998296495d4a11a19ae4e8,"{""algorithm"": ""commutation_rewriter"", ""improvements"": 0, ""window_size"": 10}"
E31-pilot,cnot_chain_3,CNOT,3,SHUFFLE,phase2b,16,0,1.0,1.0,f3e1cc1549652f162539e9c0634f98494d1781a08f998296495d4a11a19ae4e8,f3e1cc1549652f162539e9c0634f98494d1781a08f998296495d4a11a19ae4e8,"{""algorithm"": ""phase2b_template_matcher_full_pipeline"", ""cz_conversions"": 0, ""h_reorders"": 0, ""hh_cancellations"": 0, ""local_cancellations"": 8, ""mcz_conversions"": 0, ""pair_gathers"": 0, ""phase_merges"": 0, ""pipeline"": ""full"", ""template_library"": {""conjugation_templates"": 6, ""inverse_pairs"": [[""s"", ""sdg""], [""sx"", ""sxdg""], [""t"", ""tdg""]], ""parametric_inverse_gates"": [""p"", ""rx"", ""ry"", ""rz"", ""u1""], ""phase_merge_gates"": [""s"", ""sdg"", ""t"", ""tdg"", ""z"", ""p"", ""u1""], ""rotation_merge_gates"": [""rx"", ""ry"", ""rz""], ""self_inverse_gates"": [""ccx"", ""ch"", ""cswap"", ""cx"", ""cy"", ""cz"", ""h"", ""mcx"", ""swap"", ""x"", ""y"", ""z""]}, ""template_rewrites"": 0, ""theorem_target"": ""Thm 9 (BV oracle)"", ""version"": ""2.0.0""}"
E31-pilot,bv_3,Oracle,4,LBL,phase1,12,12,0.0,0.9999999999999974,2b1cde4abea2ed44a9eb8279de400f807116abcb88a364fd04bbb05b1c3244ae,2b1cde4abea2ed44a9eb8279de400f807116abcb88a364fd04bbb05b1c3244ae,"{""algorithm"": ""greedy"", ""improvements"": 0, ""version"": ""3.2.0"", ""wire_traversal"": false}"
E31-pilot,bv_3,Oracle,4,LBL,phase2a,12,10,0.16666666666666663,0.9999999999999974,2b1cde4abea2ed44a9eb8279de400f807116abcb88a364fd04bbb05b1c3244ae,2b1cde4abea2ed44a9eb8279de400f807116abcb88a364fd04bbb05b1c3244ae,"{""algorithm"": ""commutation_rewriter"", ""improvements"": 1, ""window_size"": 10}"
E31-pilot,bv_3,Oracle,4,LBL,phase2b,12,4,0.6666666666666667,0.9999999999999974,2b1cde4abea2ed44a9eb8279de400f807116abcb88a364fd04bbb05b1c3244ae,2b1cde4abea2ed44a9eb8279de400f807116abcb88a364fd04bbb05b1c3244ae,"{""algorithm"": ""phase2b_template_matcher_full_pipeline"", ""cz_conversions"": 0, ""h_reorders"": 15, ""hh_cancellations"": 4, ""local_cancellations"": 0, ""mcz_conversions"": 0, ""pair_gathers"": 8, ""phase_merges"": 0, ""pipeline"": ""full"", ""template_library"": {""conjugation_templates"": 6, ""inverse_pairs"": [[""s"", ""sdg""], [""sx"", ""sxdg""], [""t"", ""tdg""]], ""parametric_inverse_gates"": [""p"", ""rx"", ""ry"", ""rz"", ""u1""], ""phase_merge_gates"": [""s"", ""sdg"", ""t"", ""tdg"", ""z"", ""p"", ""u1""], ""rotation_merge_gates"": [""rx"", ""ry"", ""rz""], ""self_inverse_gates"": [""ccx"", ""ch"", ""cswap"", ""cx"", ""cy"", ""cz"", ""h"", ""mcx"", ""swap"", ""x"", ""y"", ""z""]}, ""template_rewrites"": 2, ""theorem_target"": ""Thm 9 (BV oracle)"", ""version"": ""2.0.0""}"
E31-pilot,bv_3,Oracle,4,WCL,phase1,12,10,0.16666666666666663,0.9999999999999974,2b1cde4abea2ed44a9eb8279de400f807116abcb88a364fd04bbb05b1c3244ae,0206731818e4f86ff942f8d2ef89eaebd104569c0850cb9a923dd3bdd885c8a2,"{""algorithm"": ""greedy"", ""improvements"": 1, ""version"": ""3.2.0"", ""wire_traversal"": false}"
E31-pilot,bv_3,Oracle,4,WCL,phase2a,12,12,0.0,0.9999999999999974,2b1cde4abea2ed44a9eb8279de400f807116abcb88a364fd04bbb05b1c3244ae,0206731818e4f86ff942f8d2ef89eaebd104569c0850cb9a923dd3bdd885c8a2,"{""algorithm"": ""commutation_rewriter"", ""improvements"": 0, ""window_size"": 10}"
E31-pilot,bv_3,Oracle,4,WCL,phase2b,12,4,0.6666666666666667,0.9999999999999974,2b1cde4abea2ed44a9eb8279de400f807116abcb88a364fd04bbb05b1c3244ae,0206731818e4f86ff942f8d2ef89eaebd104569c0850cb9a923dd3bdd885c8a2,"{""algorithm"": ""phase2b_template_matcher_full_pipeline"", ""cz_conversions"": 0, ""h_reorders"": 12, ""hh_cancellations"": 4, ""local_cancellations"": 0, ""mcz_conversions"": 0, ""pair_gathers"": 0, ""phase_merges"": 0, ""pipeline"": ""full"", ""template_library"": {""conjugation_templates"": 6, ""inverse_pairs"": [[""s"", ""sdg""], [""sx"", ""sxdg""], [""t"", ""tdg""]], ""parametric_inverse_gates"": [""p"", ""rx"", ""ry"", ""rz"", ""u1""], ""phase_merge_gates"": [""s"", ""sdg"", ""t"", ""tdg"", ""z"", ""p"", ""u1""], ""rotation_merge_gates"": [""rx"", ""ry"", ""rz""], ""self_inverse_gates"": [""ccx"", ""ch"", ""cswap"", ""cx"", ""cy"", ""cz"", ""h"", ""mcx"", ""swap"", ""x"", ""y"", ""z""]}, ""template_rewrites"": 2, ""theorem_target"": ""Thm 9 (BV oracle)"", ""version"": ""2.0.0""}"
E31-pilot,bv_3,Oracle,4,SHUFFLE,phase1,12,10,0.16666666666666663,0.9999999999999974,2b1cde4abea2ed44a9eb8279de400f807116abcb88a364fd04bbb05b1c3244ae,300be9d2ba5c32e01556cd4c3eb3f54f8a16c84c0b1c088dfda1d29945008ca4,"{""algorithm"": ""greedy"", ""improvements"": 1, ""version"": ""3.2.0"", ""wire_traversal"": false}"
E31-pilot,bv_3,Oracle,4,SHUFFLE,phase2a,12,12,0.0,0.9999999999999974,2b1cde4abea2ed44a9eb8279de400f807116abcb88a364fd04bbb05b1c3244ae,300be9d2ba5c32e01556cd4c3eb3f54f8a16c84c0b1c088dfda1d29945008ca4,"{""algorithm"": ""commutation_rewriter"", ""improvements"": 0, ""window_size"": 10}"
E31-pilot,bv_3,Oracle,4,SHUFFLE,phase2b,12,4,0.6666666666666667,0.9999999999999974,2b1cde4abea2ed44a9eb8279de400f807116abcb88a364fd04bbb05b1c3244ae,300be9d2ba5c32e01556cd4c3eb3f54f8a16c84c0b1c088dfda1d29945008ca4,"{""algorithm"": ""phase2b_template_matcher_full_pipeline"", ""cz_conversions"": 0, ""h_reorders"": 10, ""hh_cancellations"": 4, ""local_cancellations"": 0, ""mcz_conversions"": 0, ""pair_gathers"": 0, ""phase_merges"": 0, ""pipeline"": ""full"", ""template_library"": {""conjugation_templates"": 6, ""inverse_pairs"": [[""s"", ""sdg""], [""sx"", ""sxdg""], [""t"", ""tdg""]], ""parametric_inverse_gates"": [""p"", ""rx"", ""ry"", ""rz"", ""u1""], ""phase_merge_gates"": [""s"", ""sdg"", ""t"", ""tdg"", ""z"", ""p"", ""u1""], ""rotation_merge_gates"": [""rx"", ""ry"", ""rz""], ""self_inverse_gates"": [""ccx"", ""ch"", ""cswap"", ""cx"", ""cy"", ""cz"", ""h"", ""mcx"", ""swap"", ""x"", ""y"", ""z""]}, ""template_rewrites"": 2, ""theorem_target"": ""Thm 9 (BV oracle)"", ""version"": ""2.0.0""}"
E31-pilot,qaoa_line_3,QAOA,3,LBL,phase1,12,12,0.0,1.0000000000000016,7a7b6ebb8e44692817a8f944a158deeae90ddff8eabe43a2cdf9f6410f0e414e,7a7b6ebb8e44692817a8f944a158deeae90ddff8eabe43a2cdf9f6410f0e414e,"{""algorithm"": ""greedy"", ""improvements"": 0, ""version"": ""3.2.0"", ""wire_traversal"": false}"
E31-pilot,qaoa_line_3,QAOA,3,LBL,phase2a,12,12,0.0,1.0000000000000016,7a7b6ebb8e44692817a8f944a158deeae90ddff8eabe43a2cdf9f6410f0e414e,7a7b6ebb8e44692817a8f944a158deeae90ddff8eabe43a2cdf9f6410f0e414e,"{""algorithm"": ""commutation_rewriter"", ""improvements"": 0, ""window_size"": 10}"
E31-pilot,qaoa_line_3,QAOA,3,LBL,phase2b,12,12,0.0,1.0000000000000016,7a7b6ebb8e44692817a8f944a158deeae90ddff8eabe43a2cdf9f6410f0e414e,7a7b6ebb8e44692817a8f944a158deeae90ddff8eabe43a2cdf9f6410f0e414e,"{""algorithm"": ""phase2b_template_matcher_full_pipeline"", ""cz_conversions"": 0, ""h_reorders"": 0, ""hh_cancellations"": 0, ""local_cancellations"": 0, ""mcz_conversions"": 0, ""pair_gathers"": 0, ""phase_merges"": 0, ""pipeline"": ""full"", ""template_library"": {""conjugation_templates"": 6, ""inverse_pairs"": [[""s"", ""sdg""], [""sx"", ""sxdg""], [""t"", ""tdg""]], ""parametric_inverse_gates"": [""p"", ""rx"", ""ry"", ""rz"", ""u1""], ""phase_merge_gates"": [""s"", ""sdg"", ""t"", ""tdg"", ""z"", ""p"", ""u1""], ""rotation_merge_gates"": [""rx"", ""ry"", ""rz""], ""self_inverse_gates"": [""ccx"", ""ch"", ""cswap"", ""cx"", ""cy"", ""cz"", ""h"", ""mcx"", ""swap"", ""x"", ""y"", ""z""]}, ""template_rewrites"": 0, ""theorem_target"": ""Thm 9 (BV oracle)"", ""version"": ""2.0.0""}"
E31-pilot,qaoa_line_3,QAOA,3,WCL,phase1,12,12,0.0,1.0000000000000016,7a7b6ebb8e44692817a8f944a158deeae90ddff8eabe43a2cdf9f6410f0e414e,7a7b6ebb8e44692817a8f944a158deeae90ddff8eabe43a2cdf9f6410f0e414e,"{""algorithm"": ""greedy"", ""improvements"": 0, ""version"": ""3.2.0"", ""wire_traversal"": false}"
E31-pilot,qaoa_line_3,QAOA,3,WCL,phase2a,12,12,0.0,1.0000000000000016,7a7b6ebb8e44692817a8f944a158deeae90ddff8eabe43a2cdf9f6410f0e414e,7a7b6ebb8e44692817a8f944a158deeae90ddff8eabe43a2cdf9f6410f0e414e,"{""algorithm"": ""commutation_rewriter"", ""improvements"": 0, ""window_size"": 10}"
E31-pilot,qaoa_line_3,QAOA,3,WCL,phase2b,12,12,0.0,1.0000000000000016,7a7b6ebb8e44692817a8f944a158deeae90ddff8eabe43a2cdf9f6410f0e414e,7a7b6ebb8e44692817a8f944a158deeae90ddff8eabe43a2cdf9f6410f0e414e,"{""algorithm"": ""phase2b_template_matcher_full_pipeline"", ""cz_conversions"": 0, ""h_reorders"": 0, ""hh_cancellations"": 0, ""local_cancellations"": 0, ""mcz_conversions"": 0, ""pair_gathers"": 0, ""phase_merges"": 0, ""pipeline"": ""full"", ""template_library"": {""conjugation_templates"": 6, ""inverse_pairs"": [[""s"", ""sdg""], [""sx"", ""sxdg""], [""t"", ""tdg""]], ""parametric_inverse_gates"": [""p"", ""rx"", ""ry"", ""rz"", ""u1""], ""phase_merge_gates"": [""s"", ""sdg"", ""t"", ""tdg"", ""z"", ""p"", ""u1""], ""rotation_merge_gates"": [""rx"", ""ry"", ""rz""], ""self_inverse_gates"": [""ccx"", ""ch"", ""cswap"", ""cx"", ""cy"", ""cz"", ""h"", ""mcx"", ""swap"", ""x"", ""y"", ""z""]}, ""template_rewrites"": 0, ""theorem_target"": ""Thm 9 (BV oracle)"", ""version"": ""2.0.0""}"
E31-pilot,qaoa_line_3,QAOA,3,SHUFFLE,phase1,12,12,0.0,1.000000000000001,7a7b6ebb8e44692817a8f944a158deeae90ddff8eabe43a2cdf9f6410f0e414e,4a193bbf4f433a2df453c8e1af78d77b678e1d72b88e97aeeda8fbdcac626750,"{""algorithm"": ""greedy"", ""improvements"": 0, ""version"": ""3.2.0"", ""wire_traversal"": false}"
E31-pilot,qaoa_line_3,QAOA,3,SHUFFLE,phase2a,12,12,0.0,1.000000000000001,7a7b6ebb8e44692817a8f944a158deeae90ddff8eabe43a2cdf9f6410f0e414e,4a193bbf4f433a2df453c8e1af78d77b678e1d72b88e97aeeda8fbdcac626750,"{""algorithm"": ""commutation_rewriter"", ""improvements"": 0, ""window_size"": 10}"
E31-pilot,qaoa_line_3,QAOA,3,SHUFFLE,phase2b,12,12,0.0,1.000000000000001,7a7b6ebb8e44692817a8f944a158deeae90ddff8eabe43a2cdf9f6410f0e414e,4a193bbf4f433a2df453c8e1af78d77b678e1d72b88e97aeeda8fbdcac626750,"{""algorithm"": ""phase2b_template_matcher_full_pipeline"", ""cz_conversions"": 0, ""h_reorders"": 0, ""hh_cancellations"": 0, ""local_cancellations"": 0, ""mcz_conversions"": 0, ""pair_gathers"": 0, ""phase_merges"": 0, ""pipeline"": ""full"", ""template_library"": {""conjugation_templates"": 6, ""inverse_pairs"": [[""s"", ""sdg""], [""sx"", ""sxdg""], [""t"", ""tdg""]], ""parametric_inverse_gates"": [""p"", ""rx"", ""ry"", ""rz"", ""u1""], ""phase_merge_gates"": [""s"", ""sdg"", ""t"", ""tdg"", ""z"", ""p"", ""u1""], ""rotation_merge_gates"": [""rx"", ""ry"", ""rz""], ""self_inverse_gates"": [""ccx"", ""ch"", ""cswap"", ""cx"", ""cy"", ""cz"", ""h"", ""mcx"", ""swap"", ""x"", ""y"", ""z""]}, ""template_rewrites"": 0, ""theorem_target"": ""Thm 9 (BV oracle)"", ""version"": ""2.0.0""}"
E31-pilot,vqe_twolocal_3,VQE,3,LBL,phase1,14,14,0.0,1.0,adbb573abb4f5c6712cb2a7779fe9402ddf4291a2f901c8b4e6a65fe1a584800,adbb573abb4f5c6712cb2a7779fe9402ddf4291a2f901c8b4e6a65fe1a584800,"{""algorithm"": ""greedy"", ""improvements"": 0, ""version"": ""3.2.0"", ""wire_traversal"": false}"
E31-pilot,vqe_twolocal_3,VQE,3,LBL,phase2a,14,14,0.0,1.0,adbb573abb4f5c6712cb2a7779fe9402ddf4291a2f901c8b4e6a65fe1a584800,adbb573abb4f5c6712cb2a7779fe9402ddf4291a2f901c8b4e6a65fe1a584800,"{""algorithm"": ""commutation_rewriter"", ""improvements"": 0, ""window_size"": 10}"
E31-pilot,vqe_twolocal_3,VQE,3,LBL,phase2b,14,14,0.0,1.0,adbb573abb4f5c6712cb2a7779fe9402ddf4291a2f901c8b4e6a65fe1a584800,adbb573abb4f5c6712cb2a7779fe9402ddf4291a2f901c8b4e6a65fe1a584800,"{""algorithm"": ""phase2b_template_matcher_full_pipeline"", ""cz_conversions"": 0, ""h_reorders"": 0, ""hh_cancellations"": 0, ""local_cancellations"": 0, ""mcz_conversions"": 0, ""pair_gathers"": 0, ""phase_merges"": 0, ""pipeline"": ""full"", ""template_library"": {""conjugation_templates"": 6, ""inverse_pairs"": [[""s"", ""sdg""], [""sx"", ""sxdg""], [""t"", ""tdg""]], ""parametric_inverse_gates"": [""p"", ""rx"", ""ry"", ""rz"", ""u1""], ""phase_merge_gates"": [""s"", ""sdg"", ""t"", ""tdg"", ""z"", ""p"", ""u1""], ""rotation_merge_gates"": [""rx"", ""ry"", ""rz""], ""self_inverse_gates"": [""ccx"", ""ch"", ""cswap"", ""cx"", ""cy"", ""cz"", ""h"", ""mcx"", ""swap"", ""x"", ""y"", ""z""]}, ""template_rewrites"": 0, ""theorem_target"": ""Thm 9 (BV oracle)"", ""version"": ""2.0.0""}"
E31-pilot,vqe_twolocal_3,VQE,3,WCL,phase1,14,14,0.0,1.0,adbb573abb4f5c6712cb2a7779fe9402ddf4291a2f901c8b4e6a65fe1a584800,adbb573abb4f5c6712cb2a7779fe9402ddf4291a2f901c8b4e6a65fe1a584800,"{""algorithm"": ""greedy"", ""improvements"": 0, ""version"": ""3.2.0"", ""wire_traversal"": false}"
E31-pilot,vqe_twolocal_3,VQE,3,WCL,phase2a,14,14,0.0,1.0,adbb573abb4f5c6712cb2a7779fe9402ddf4291a2f901c8b4e6a65fe1a584800,adbb573abb4f5c6712cb2a7779fe9402ddf4291a2f901c8b4e6a65fe1a584800,"{""algorithm"": ""commutation_rewriter"", ""improvements"": 0, ""window_size"": 10}"
E31-pilot,vqe_twolocal_3,VQE,3,WCL,phase2b,14,14,0.0,1.0,adbb573abb4f5c6712cb2a7779fe9402ddf4291a2f901c8b4e6a65fe1a584800,adbb573abb4f5c6712cb2a7779fe9402ddf4291a2f901c8b4e6a65fe1a584800,"{""algorithm"": ""phase2b_template_matcher_full_pipeline"", ""cz_conversions"": 0, ""h_reorders"": 0, ""hh_cancellations"": 0, ""local_cancellations"": 0, ""mcz_conversions"": 0, ""pair_gathers"": 0, ""phase_merges"": 0, ""pipeline"": ""full"", ""template_library"": {""conjugation_templates"": 6, ""inverse_pairs"": [[""s"", ""sdg""], [""sx"", ""sxdg""], [""t"", ""tdg""]], ""parametric_inverse_gates"": [""p"", ""rx"", ""ry"", ""rz"", ""u1""], ""phase_merge_gates"": [""s"", ""sdg"", ""t"", ""tdg"", ""z"", ""p"", ""u1""], ""rotation_merge_gates"": [""rx"", ""ry"", ""rz""], ""self_inverse_gates"": [""ccx"", ""ch"", ""cswap"", ""cx"", ""cy"", ""cz"", ""h"", ""mcx"", ""swap"", ""x"", ""y"", ""z""]}, ""template_rewrites"": 0, ""theorem_target"": ""Thm 9 (BV oracle)"", ""version"": ""2.0.0""}"
E31-pilot,vqe_twolocal_3,VQE,3,SHUFFLE,phase1,14,14,0.0,1.0,adbb573abb4f5c6712cb2a7779fe9402ddf4291a2f901c8b4e6a65fe1a584800,29e34ea9e69f9c871a528fcdbfb12388b543b050a71a58c357187c8107c11b6e,"{""algorithm"": ""greedy"", ""improvements"": 0, ""version"": ""3.2.0"", ""wire_traversal"": false}"
E31-pilot,vqe_twolocal_3,VQE,3,SHUFFLE,phase2a,14,14,0.0,1.0,adbb573abb4f5c6712cb2a7779fe9402ddf4291a2f901c8b4e6a65fe1a584800,29e34ea9e69f9c871a528fcdbfb12388b543b050a71a58c357187c8107c11b6e,"{""algorithm"": ""commutation_rewriter"", ""improvements"": 0, ""window_size"": 10}"
E31-pilot,vqe_twolocal_3,VQE,3,SHUFFLE,phase2b,14,14,0.0,1.0,adbb573abb4f5c6712cb2a7779fe9402ddf4291a2f901c8b4e6a65fe1a584800,29e34ea9e69f9c871a528fcdbfb12388b543b050a71a58c357187c8107c11b6e,"{""algorithm"": ""phase2b_template_matcher_full_pipeline"", ""cz_conversions"": 0, ""h_reorders"": 0, ""hh_cancellations"": 0, ""local_cancellations"": 0, ""mcz_conversions"": 0, ""pair_gathers"": 0, ""phase_merges"": 0, ""pipeline"": ""full"", ""template_library"": {""conjugation_templates"": 6, ""inverse_pairs"": [[""s"", ""sdg""], [""sx"", ""sxdg""], [""t"", ""tdg""]], ""parametric_inverse_gates"": [""p"", ""rx"", ""ry"", ""rz"", ""u1""], ""phase_merge_gates"": [""s"", ""sdg"", ""t"", ""tdg"", ""z"", ""p"", ""u1""], ""rotation_merge_gates"": [""rx"", ""ry"", ""rz""], ""self_inverse_gates"": [""ccx"", ""ch"", ""cswap"", ""cx"", ""cy"", ""cz"", ""h"", ""mcx"", ""swap"", ""x"", ""y"", ""z""]}, ""template_rewrites"": 0, ""theorem_target"": ""Thm 9 (BV oracle)"", ""version"": ""2.0.0""}"
E31-pilot,hardware_eff_3,HardwareEfficient,3,LBL,phase1,8,8,0.0,0.9999999999999996,b709108e49121262a7bd1442a340e4ff0e27a5ffa45c9e03733cd523d15478ea,b709108e49121262a7bd1442a340e4ff0e27a5ffa45c9e03733cd523d15478ea,"{""algorithm"": ""greedy"", ""improvements"": 0, ""version"": ""3.2.0"", ""wire_traversal"": false}"
E31-pilot,hardware_eff_3,HardwareEfficient,3,LBL,phase2a,8,8,0.0,0.9999999999999996,b709108e49121262a7bd1442a340e4ff0e27a5ffa45c9e03733cd523d15478ea,b709108e49121262a7bd1442a340e4ff0e27a5ffa45c9e03733cd523d15478ea,"{""algorithm"": ""commutation_rewriter"", ""improvements"": 0, ""window_size"": 10}"
E31-pilot,hardware_eff_3,HardwareEfficient,3,LBL,phase2b,8,8,0.0,0.9999999999999996,b709108e49121262a7bd1442a340e4ff0e27a5ffa45c9e03733cd523d15478ea,b709108e49121262a7bd1442a340e4ff0e27a5ffa45c9e03733cd523d15478ea,"{""algorithm"": ""phase2b_template_matcher_full_pipeline"", ""cz_conversions"": 0, ""h_reorders"": 0, ""hh_cancellations"": 0, ""local_cancellations"": 0, ""mcz_conversions"": 0, ""pair_gathers"": 0, ""phase_merges"": 0, ""pipeline"": ""full"", ""template_library"": {""conjugation_templates"": 6, ""inverse_pairs"": [[""s"", ""sdg""], [""sx"", ""sxdg""], [""t"", ""tdg""]], ""parametric_inverse_gates"": [""p"", ""rx"", ""ry"", ""rz"", ""u1""], ""phase_merge_gates"": [""s"", ""sdg"", ""t"", ""tdg"", ""z"", ""p"", ""u1""], ""rotation_merge_gates"": [""rx"", ""ry"", ""rz""], ""self_inverse_gates"": [""ccx"", ""ch"", ""cswap"", ""cx"", ""cy"", ""cz"", ""h"", ""mcx"", ""swap"", ""x"", ""y"", ""z""]}, ""template_rewrites"": 0, ""theorem_target"": ""Thm 9 (BV oracle)"", ""version"": ""2.0.0""}"
E31-pilot,hardware_eff_3,HardwareEfficient,3,WCL,phase1,8,8,0.0,0.9999999999999996,b709108e49121262a7bd1442a340e4ff0e27a5ffa45c9e03733cd523d15478ea,69eb9769d9740ef5d65e0a0a475539d1f2ed2109eaa477f6a15c9cacfab65898,"{""algorithm"": ""greedy"", ""improvements"": 0, ""version"": ""3.2.0"", ""wire_traversal"": false}"
E31-pilot,hardware_eff_3,HardwareEfficient,3,WCL,phase2a,8,8,0.0,0.9999999999999996,b709108e49121262a7bd1442a340e4ff0e27a5ffa45c9e03733cd523d15478ea,69eb9769d9740ef5d65e0a0a475539d1f2ed2109eaa477f6a15c9cacfab65898,"{""algorithm"": ""commutation_rewriter"", ""improvements"": 0, ""window_size"": 10}"
E31-pilot,hardware_eff_3,HardwareEfficient,3,WCL,phase2b,8,8,0.0,0.9999999999999996,b709108e49121262a7bd1442a340e4ff0e27a5ffa45c9e03733cd523d15478ea,69eb9769d9740ef5d65e0a0a475539d1f2ed2109eaa477f6a15c9cacfab65898,"{""algorithm"": ""phase2b_template_matcher_full_pipeline"", ""cz_conversions"": 0, ""h_reorders"": 0, ""hh_cancellations"": 0, ""local_cancellations"": 0, ""mcz_conversions"": 0, ""pair_gathers"": 0, ""phase_merges"": 0, ""pipeline"": ""full"", ""template_library"": {""conjugation_templates"": 6, ""inverse_pairs"": [[""s"", ""sdg""], [""sx"", ""sxdg""], [""t"", ""tdg""]], ""parametric_inverse_gates"": [""p"", ""rx"", ""ry"", ""rz"", ""u1""], ""phase_merge_gates"": [""s"", ""sdg"", ""t"", ""tdg"", ""z"", ""p"", ""u1""], ""rotation_merge_gates"": [""rx"", ""ry"", ""rz""], ""self_inverse_gates"": [""ccx"", ""ch"", ""cswap"", ""cx"", ""cy"", ""cz"", ""h"", ""mcx"", ""swap"", ""x"", ""y"", ""z""]}, ""template_rewrites"": 0, ""theorem_target"": ""Thm 9 (BV oracle)"", ""version"": ""2.0.0""}"
E31-pilot,hardware_eff_3,HardwareEfficient,3,SHUFFLE,phase1,8,8,0.0,0.9999999999999996,b709108e49121262a7bd1442a340e4ff0e27a5ffa45c9e03733cd523d15478ea,bd93f1baaa75a46be82cc1ee80f334abd7a8eddf04e7f482e32b30851040702a,"{""algorithm"": ""greedy"", ""improvements"": 0, ""version"": ""3.2.0"", ""wire_traversal"": false}"
E31-pilot,hardware_eff_3,HardwareEfficient,3,SHUFFLE,phase2a,8,8,0.0,0.9999999999999996,b709108e49121262a7bd1442a340e4ff0e27a5ffa45c9e03733cd523d15478ea,bd93f1baaa75a46be82cc1ee80f334abd7a8eddf04e7f482e32b30851040702a,"{""algorithm"": ""commutation_rewriter"", ""improvements"": 0, ""window_size"": 10}"
E31-pilot,hardware_eff_3,HardwareEfficient,3,SHUFFLE,phase2b,8,8,0.0,0.9999999999999996,b709108e49121262a7bd1442a340e4ff0e27a5ffa45c9e03733cd523d15478ea,bd93f1baaa75a46be82cc1ee80f334abd7a8eddf04e7f482e32b30851040702a,"{""algorithm"": ""phase2b_template_matcher_full_pipeline"", ""cz_conversions"": 0, ""h_reorders"": 0, ""hh_cancellations"": 0, ""local_cancellations"": 0, ""mcz_conversions"": 0, ""pair_gathers"": 0, ""phase_merges"": 0, ""pipeline"": ""full"", ""template_library"": {""conjugation_templates"": 6, ""inverse_pairs"": [[""s"", ""sdg""], [""sx"", ""sxdg""], [""t"", ""tdg""]], ""parametric_inverse_gates"": [""p"", ""rx"", ""ry"", ""rz"", ""u1""], ""phase_merge_gates"": [""s"", ""sdg"", ""t"", ""tdg"", ""z"", ""p"", ""u1""], ""rotation_merge_gates"": [""rx"", ""ry"", ""rz""], ""self_inverse_gates"": [""ccx"", ""ch"", ""cswap"", ""cx"", ""cy"", ""cz"", ""h"", ""mcx"", ""swap"", ""x"", ""y"", ""z""]}, ""template_rewrites"": 0, ""theorem_target"": ""Thm 9 (BV oracle)"", ""version"": ""2.0.0""}"
E31-pilot,grover_3,Grover,3,LBL,phase1,23,23,0.0,0.9999999999999957,4919c6a54e51fe092d959dc79954a48e23b877bb12ed03b45dc4b47a72222587,4919c6a54e51fe092d959dc79954a48e23b877bb12ed03b45dc4b47a72222587,"{""algorithm"": ""greedy"", ""improvements"": 0, ""version"": ""3.2.0"", ""wire_traversal"": false}"
E31-pilot,grover_3,Grover,3,LBL,phase2a,23,19,0.17391304347826086,0.9999999999999957,4919c6a54e51fe092d959dc79954a48e23b877bb12ed03b45dc4b47a72222587,4919c6a54e51fe092d959dc79954a48e23b877bb12ed03b45dc4b47a72222587,"{""algorithm"": ""commutation_rewriter"", ""improvements"": 2, ""window_size"": 10}"
E31-pilot,grover_3,Grover,3,LBL,phase2b,23,17,0.26086956521739135,0.9999999999999957,4919c6a54e51fe092d959dc79954a48e23b877bb12ed03b45dc4b47a72222587,4919c6a54e51fe092d959dc79954a48e23b877bb12ed03b45dc4b47a72222587,"{""algorithm"": ""phase2b_template_matcher_full_pipeline"", ""cz_conversions"": 0, ""h_reorders"": 0, ""hh_cancellations"": 2, ""local_cancellations"": 0, ""mcz_conversions"": 1, ""pair_gathers"": 6, ""phase_merges"": 0, ""pipeline"": ""full"", ""template_library"": {""conjugation_templates"": 6, ""inverse_pairs"": [[""s"", ""sdg""], [""sx"", ""sxdg""], [""t"", ""tdg""]], ""parametric_inverse_gates"": [""p"", ""rx"", ""ry"", ""rz"", ""u1""], ""phase_merge_gates"": [""s"", ""sdg"", ""t"", ""tdg"", ""z"", ""p"", ""u1""], ""rotation_merge_gates"": [""rx"", ""ry"", ""rz""], ""self_inverse_gates"": [""ccx"", ""ch"", ""cswap"", ""cx"", ""cy"", ""cz"", ""h"", ""mcx"", ""swap"", ""x"", ""y"", ""z""]}, ""template_rewrites"": 0, ""theorem_target"": ""Thm 9 (BV oracle)"", ""version"": ""2.0.0""}"
E31-pilot,grover_3,Grover,3,WCL,phase1,23,19,0.17391304347826086,0.999999999999996,4919c6a54e51fe092d959dc79954a48e23b877bb12ed03b45dc4b47a72222587,7209d56a6c1208f855dbf438928508f9e6828f4d4ff41f82273a09854409f1fe,"{""algorithm"": ""greedy"", ""improvements"": 2, ""version"": ""3.2.0"", ""wire_traversal"": false}"
E31-pilot,grover_3,Grover,3,WCL,phase2a,23,23,0.0,0.999999999999996,4919c6a54e51fe092d959dc79954a48e23b877bb12ed03b45dc4b47a72222587,7209d56a6c1208f855dbf438928508f9e6828f4d4ff41f82273a09854409f1fe,"{""algorithm"": ""commutation_rewriter"", ""improvements"": 0, ""window_size"": 10}"
E31-pilot,grover_3,Grover,3,WCL,phase2b,23,17,0.26086956521739135,0.999999999999996,4919c6a54e51fe092d959dc79954a48e23b877bb12ed03b45dc4b47a72222587,7209d56a6c1208f855dbf438928508f9e6828f4d4ff41f82273a09854409f1fe,"{""algorithm"": ""phase2b_template_matcher_full_pipeline"", ""cz_conversions"": 0, ""h_reorders"": 9, ""hh_cancellations"": 0, ""local_cancellations"": 0, ""mcz_conversions"": 3, ""pair_gathers"": 5, ""phase_merges"": 0, ""pipeline"": ""full"", ""template_library"": {""conjugation_templates"": 6, ""inverse_pairs"": [[""s"", ""sdg""], [""sx"", ""sxdg""], [""t"", ""tdg""]], ""parametric_inverse_gates"": [""p"", ""rx"", ""ry"", ""rz"", ""u1""], ""phase_merge_gates"": [""s"", ""sdg"", ""t"", ""tdg"", ""z"", ""p"", ""u1""], ""rotation_merge_gates"": [""rx"", ""ry"", ""rz""], ""self_inverse_gates"": [""ccx"", ""ch"", ""cswap"", ""cx"", ""cy"", ""cz"", ""h"", ""mcx"", ""swap"", ""x"", ""y"", ""z""]}, ""template_rewrites"": 0, ""theorem_target"": ""Thm 9 (BV oracle)"", ""version"": ""2.0.0""}"
E31-pilot,grover_3,Grover,3,SHUFFLE,phase1,23,23,0.0,0.9999999999999957,4919c6a54e51fe092d959dc79954a48e23b877bb12ed03b45dc4b47a72222587,4e9fc06418beeb963d85dadc1f4f92dd5a573ec8141f1ecf0ec9a3cd7b2a6463,"{""algorithm"": ""greedy"", ""improvements"": 0, ""version"": ""3.2.0"", ""wire_traversal"": false}"
E31-pilot,grover_3,Grover,3,SHUFFLE,phase2a,23,19,0.17391304347826086,0.9999999999999957,4919c6a54e51fe092d959dc79954a48e23b877bb12ed03b45dc4b47a72222587,4e9fc06418beeb963d85dadc1f4f92dd5a573ec8141f1ecf0ec9a3cd7b2a6463,"{""algorithm"": ""commutation_rewriter"", ""improvements"": 2, ""window_size"": 10}"
E31-pilot,grover_3,Grover,3,SHUFFLE,phase2b,23,17,0.26086956521739135,0.9999999999999957,4919c6a54e51fe092d959dc79954a48e23b877bb12ed03b45dc4b47a72222587,4e9fc06418beeb963d85dadc1f4f92dd5a573ec8141f1ecf0ec9a3cd7b2a6463,"{""algorithm"": ""phase2b_template_matcher_full_pipeline"", ""cz_conversions"": 0, ""h_reorders"": 3, ""hh_cancellations"": 2, ""local_cancellations"": 0, ""mcz_conversions"": 1, ""pair_gathers"": 4, ""phase_merges"": 0, ""pipeline"": ""full"", ""template_library"": {""conjugation_templates"": 6, ""inverse_pairs"": [[""s"", ""sdg""], [""sx"", ""sxdg""], [""t"", ""tdg""]], ""parametric_inverse_gates"": [""p"", ""rx"", ""ry"", ""rz"", ""u1""], ""phase_merge_gates"": [""s"", ""sdg"", ""t"", ""tdg"", ""z"", ""p"", ""u1""], ""rotation_merge_gates"": [""rx"", ""ry"", ""rz""], ""self_inverse_gates"": [""ccx"", ""ch"", ""cswap"", ""cx"", ""cy"", ""cz"", ""h"", ""mcx"", ""swap"", ""x"", ""y"", ""z""]}, ""template_rewrites"": 0, ""theorem_target"": ""Thm 9 (BV oracle)"", ""version"": ""2.0.0""}"
E31-pilot,adder_3,Adder,4,LBL,phase1,6,6,0.0,1.0,376ceef4983731f7550ead348027cf64df326a3131ced4b5445918208feab683,376ceef4983731f7550ead348027cf64df326a3131ced4b5445918208feab683,"{""algorithm"": ""greedy"", ""improvements"": 0, ""version"": ""3.2.0"", ""wire_traversal"": false}"
E31-pilot,adder_3,Adder,4,LBL,phase2a,6,6,0.0,1.0,376ceef4983731f7550ead348027cf64df326a3131ced4b5445918208feab683,376ceef4983731f7550ead348027cf64df326a3131ced4b5445918208feab683,"{""algorithm"": ""commutation_rewriter"", ""improvements"": 0, ""window_size"": 10}"
E31-pilot,adder_3,Adder,4,LBL,phase2b,6,6,0.0,1.0,376ceef4983731f7550ead348027cf64df326a3131ced4b5445918208feab683,376ceef4983731f7550ead348027cf64df326a3131ced4b5445918208feab683,"{""algorithm"": ""phase2b_template_matcher_full_pipeline"", ""cz_conversions"": 0, ""h_reorders"": 0, ""hh_cancellations"": 0, ""local_cancellations"": 0, ""mcz_conversions"": 0, ""pair_gathers"": 0, ""phase_merges"": 0, ""pipeline"": ""full"", ""template_library"": {""conjugation_templates"": 6, ""inverse_pairs"": [[""s"", ""sdg""], [""sx"", ""sxdg""], [""t"", ""tdg""]], ""parametric_inverse_gates"": [""p"", ""rx"", ""ry"", ""rz"", ""u1""], ""phase_merge_gates"": [""s"", ""sdg"", ""t"", ""tdg"", ""z"", ""p"", ""u1""], ""rotation_merge_gates"": [""rx"", ""ry"", ""rz""], ""self_inverse_gates"": [""ccx"", ""ch"", ""cswap"", ""cx"", ""cy"", ""cz"", ""h"", ""mcx"", ""swap"", ""x"", ""y"", ""z""]}, ""template_rewrites"": 0, ""theorem_target"": ""Thm 9 (BV oracle)"", ""version"": ""2.0.0""}"
E31-pilot,adder_3,Adder,4,WCL,phase1,6,6,0.0,1.0,376ceef4983731f7550ead348027cf64df326a3131ced4b5445918208feab683,376ceef4983731f7550ead348027cf64df326a3131ced4b5445918208feab683,"{""algorithm"": ""greedy"", ""improvements"": 0, ""version"": ""3.2.0"", ""wire_traversal"": false}"
E31-pilot,adder_3,Adder,4,WCL,phase2a,6,6,0.0,1.0,376ceef4983731f7550ead348027cf64df326a3131ced4b5445918208feab683,376ceef4983731f7550ead348027cf64df326a3131ced4b5445918208feab683,"{""algorithm"": ""commutation_rewriter"", ""improvements"": 0, ""window_size"": 10}"
E31-pilot,adder_3,Adder,4,WCL,phase2b,6,6,0.0,1.0,376ceef4983731f7550ead348027cf64df326a3131ced4b5445918208feab683,376ceef4983731f7550ead348027cf64df326a3131ced4b5445918208feab683,"{""algorithm"": ""phase2b_template_matcher_full_pipeline"", ""cz_conversions"": 0, ""h_reorders"": 0, ""hh_cancellations"": 0, ""local_cancellations"": 0, ""mcz_conversions"": 0, ""pair_gathers"": 0, ""phase_merges"": 0, ""pipeline"": ""full"", ""template_library"": {""conjugation_templates"": 6, ""inverse_pairs"": [[""s"", ""sdg""], [""sx"", ""sxdg""], [""t"", ""tdg""]], ""parametric_inverse_gates"": [""p"", ""rx"", ""ry"", ""rz"", ""u1""], ""phase_merge_gates"": [""s"", ""sdg"", ""t"", ""tdg"", ""z"", ""p"", ""u1""], ""rotation_merge_gates"": [""rx"", ""ry"", ""rz""], ""self_inverse_gates"": [""ccx"", ""ch"", ""cswap"", ""cx"", ""cy"", ""cz"", ""h"", ""mcx"", ""swap"", ""x"", ""y"", ""z""]}, ""template_rewrites"": 0, ""theorem_target"": ""Thm 9 (BV oracle)"", ""version"": ""2.0.0""}"
E31-pilot,adder_3,Adder,4,SHUFFLE,phase1,6,6,0.0,1.0,376ceef4983731f7550ead348027cf64df326a3131ced4b5445918208feab683,376ceef4983731f7550ead348027cf64df326a3131ced4b5445918208feab683,"{""algorithm"": ""greedy"", ""improvements"": 0, ""version"": ""3.2.0"", ""wire_traversal"": false}"
E31-pilot,adder_3,Adder,4,SHUFFLE,phase2a,6,6,0.0,1.0,376ceef4983731f7550ead348027cf64df326a3131ced4b5445918208feab683,376ceef4983731f7550ead348027cf64df326a3131ced4b5445918208feab683,"{""algorithm"": ""commutation_rewriter"", ""improvements"": 0, ""window_size"": 10}"
E31-pilot,adder_3,Adder,4,SHUFFLE,phase2b,6,6,0.0,1.0,376ceef4983731f7550ead348027cf64df326a3131ced4b5445918208feab683,376ceef4983731f7550ead348027cf64df326a3131ced4b5445918208feab683,"{""algorithm"": ""phase2b_template_matcher_full_pipeline"", ""cz_conversions"": 0, ""h_reorders"": 0, ""hh_cancellations"": 0, ""local_cancellations"": 0, ""mcz_conversions"": 0, ""pair_gathers"": 0, ""phase_merges"": 0, ""pipeline"": ""full"", ""template_library"": {""conjugation_templates"": 6, ""inverse_pairs"": [[""s"", ""sdg""], [""sx"", ""sxdg""], [""t"", ""tdg""]], ""parametric_inverse_gates"": [""p"", ""rx"", ""ry"", ""rz"", ""u1""], ""phase_merge_gates"": [""s"", ""sdg"", ""t"", ""tdg"", ""z"", ""p"", ""u1""], ""rotation_merge_gates"": [""rx"", ""ry"", ""rz""], ""self_inverse_gates"": [""ccx"", ""ch"", ""cswap"", ""cx"", ""cy"", ""cz"", ""h"", ""mcx"", ""swap"", ""x"", ""y"", ""z""]}, ""template_rewrites"": 0, ""theorem_target"": ""Thm 9 (BV oracle)"", ""version"": ""2.0.0""}"
E31-pilot,qwalk_3,QuantumWalk,4,LBL,phase1,46,46,0.0,0.9999999999999929,bd97910978c45d89b2e706cb72ed5c7ad32da6f9c7c4cef89372874f609bb98d,bd97910978c45d89b2e706cb72ed5c7ad32da6f9c7c4cef89372874f609bb98d,"{""algorithm"": ""greedy"", ""improvements"": 0, ""version"": ""3.2.0"", ""wire_traversal"": false}"
E31-pilot,qwalk_3,QuantumWalk,4,LBL,phase2a,46,46,0.0,0.9999999999999929,bd97910978c45d89b2e706cb72ed5c7ad32da6f9c7c4cef89372874f609bb98d,bd97910978c45d89b2e706cb72ed5c7ad32da6f9c7c4cef89372874f609bb98d,"{""algorithm"": ""commutation_rewriter"", ""improvements"": 0, ""window_size"": 10}"
E31-pilot,qwalk_3,QuantumWalk,4,LBL,phase2b,46,46,0.0,0.9999999999999929,bd97910978c45d89b2e706cb72ed5c7ad32da6f9c7c4cef89372874f609bb98d,bd97910978c45d89b2e706cb72ed5c7ad32da6f9c7c4cef89372874f609bb98d,"{""algorithm"": ""phase2b_template_matcher_full_pipeline"", ""cz_conversions"": 0, ""h_reorders"": 6, ""hh_cancellations"": 0, ""local_cancellations"": 0, ""mcz_conversions"": 0, ""pair_gathers"": 0, ""phase_merges"": 0, ""pipeline"": ""full"", ""template_library"": {""conjugation_templates"": 6, ""inverse_pairs"": [[""s"", ""sdg""], [""sx"", ""sxdg""], [""t"", ""tdg""]], ""parametric_inverse_gates"": [""p"", ""rx"", ""ry"", ""rz"", ""u1""], ""phase_merge_gates"": [""s"", ""sdg"", ""t"", ""tdg"", ""z"", ""p"", ""u1""], ""rotation_merge_gates"": [""rx"", ""ry"", ""rz""], ""self_inverse_gates"": [""ccx"", ""ch"", ""cswap"", ""cx"", ""cy"", ""cz"", ""h"", ""mcx"", ""swap"", ""x"", ""y"", ""z""]}, ""template_rewrites"": 0, ""theorem_target"": ""Thm 9 (BV oracle)"", ""version"": ""2.0.0""}"
E31-pilot,qwalk_3,QuantumWalk,4,WCL,phase1,46,46,0.0,0.9999999999999929,bd97910978c45d89b2e706cb72ed5c7ad32da6f9c7c4cef89372874f609bb98d,2892a5500462d2ba5a7f015282bcf2208d8281dd93ee3d565b2749c103b06cfb,"{""algorithm"": ""greedy"", ""improvements"": 0, ""version"": ""3.2.0"", ""wire_traversal"": false}"
E31-pilot,qwalk_3,QuantumWalk,4,WCL,phase2a,46,46,0.0,0.9999999999999929,bd97910978c45d89b2e706cb72ed5c7ad32da6f9c7c4cef89372874f609bb98d,2892a5500462d2ba5a7f015282bcf2208d8281dd93ee3d565b2749c103b06cfb,"{""algorithm"": ""commutation_rewriter"", ""improvements"": 0, ""window_size"": 10}"
E31-pilot,qwalk_3,QuantumWalk,4,WCL,phase2b,46,46,0.0,0.9999999999999929,bd97910978c45d89b2e706cb72ed5c7ad32da6f9c7c4cef89372874f609bb98d,2892a5500462d2ba5a7f015282bcf2208d8281dd93ee3d565b2749c103b06cfb,"{""algorithm"": ""phase2b_template_matcher_full_pipeline"", ""cz_conversions"": 0, ""h_reorders"": 6, ""hh_cancellations"": 0, ""local_cancellations"": 0, ""mcz_conversions"": 0, ""pair_gathers"": 0, ""phase_merges"": 0, ""pipeline"": ""full"", ""template_library"": {""conjugation_templates"": 6, ""inverse_pairs"": [[""s"", ""sdg""], [""sx"", ""sxdg""], [""t"", ""tdg""]], ""parametric_inverse_gates"": [""p"", ""rx"", ""ry"", ""rz"", ""u1""], ""phase_merge_gates"": [""s"", ""sdg"", ""t"", ""tdg"", ""z"", ""p"", ""u1""], ""rotation_merge_gates"": [""rx"", ""ry"", ""rz""], ""self_inverse_gates"": [""ccx"", ""ch"", ""cswap"", ""cx"", ""cy"", ""cz"", ""h"", ""mcx"", ""swap"", ""x"", ""y"", ""z""]}, ""template_rewrites"": 0, ""theorem_target"": ""Thm 9 (BV oracle)"", ""version"": ""2.0.0""}"
E31-pilot,qwalk_3,QuantumWalk,4,SHUFFLE,phase1,46,46,0.0,0.9999999999999929,bd97910978c45d89b2e706cb72ed5c7ad32da6f9c7c4cef89372874f609bb98d,e704be07adf85377ef9bec3948b648738d2030806a83e7fa4162bf712d882631,"{""algorithm"": ""greedy"", ""improvements"": 0, ""version"": ""3.2.0"", ""wire_traversal"": false}"
E31-pilot,qwalk_3,QuantumWalk,4,SHUFFLE,phase2a,46,46,0.0,0.9999999999999929,bd97910978c45d89b2e706cb72ed5c7ad32da6f9c7c4cef89372874f609bb98d,e704be07adf85377ef9bec3948b648738d2030806a83e7fa4162bf712d882631,"{""algorithm"": ""commutation_rewriter"", ""improvements"": 0, ""window_size"": 10}"
E31-pilot,qwalk_3,QuantumWalk,4,SHUFFLE,phase2b,46,46,0.0,0.9999999999999929,bd97910978c45d89b2e706cb72ed5c7ad32da6f9c7c4cef89372874f609bb98d,e704be07adf85377ef9bec3948b648738d2030806a83e7fa4162bf712d882631,"{""algorithm"": ""phase2b_template_matcher_full_pipeline"", ""cz_conversions"": 0, ""h_reorders"": 3, ""hh_cancellations"": 0, ""local_cancellations"": 0, ""mcz_conversions"": 0, ""pair_gathers"": 0, ""phase_merges"": 0, ""pipeline"": ""full"", ""template_library"": {""conjugation_templates"": 6, ""inverse_pairs"": [[""s"", ""sdg""], [""sx"", ""sxdg""], [""t"", ""tdg""]], ""parametric_inverse_gates"": [""p"", ""rx"", ""ry"", ""rz"", ""u1""], ""phase_merge_gates"": [""s"", ""sdg"", ""t"", ""tdg"", ""z"", ""p"", ""u1""], ""rotation_merge_gates"": [""rx"", ""ry"", ""rz""], ""self_inverse_gates"": [""ccx"", ""ch"", ""cswap"", ""cx"", ""cy"", ""cz"", ""h"", ""mcx"", ""swap"", ""x"", ""y"", ""z""]}, ""template_rewrites"": 0, ""theorem_target"": ""Thm 9 (BV oracle)"", ""version"": ""2.0.0""}"
E31-pilot,iqp_3,IQP,3,LBL,phase1,17,17,0.0,0.999999999999998,d02e3ecde9f57aa38d95595a12111ce2c60c01c291e4e33c0d19e7f94ca55c62,d02e3ecde9f57aa38d95595a12111ce2c60c01c291e4e33c0d19e7f94ca55c62,"{""algorithm"": ""greedy"", ""improvements"": 0, ""version"": ""3.2.0"", ""wire_traversal"": false}"
E31-pilot,iqp_3,IQP,3,LBL,phase2a,17,17,0.0,0.999999999999998,d02e3ecde9f57aa38d95595a12111ce2c60c01c291e4e33c0d19e7f94ca55c62,d02e3ecde9f57aa38d95595a12111ce2c60c01c291e4e33c0d19e7f94ca55c62,"{""algorithm"": ""commutation_rewriter"", ""improvements"": 0, ""window_size"": 10}"
E31-pilot,iqp_3,IQP,3,LBL,phase2b,17,11,0.3529411764705882,0.999999999999998,d02e3ecde9f57aa38d95595a12111ce2c60c01c291e4e33c0d19e7f94ca55c62,d02e3ecde9f57aa38d95595a12111ce2c60c01c291e4e33c0d19e7f94ca55c62,"{""algorithm"": ""phase2b_template_matcher_full_pipeline"", ""cz_conversions"": 0, ""h_reorders"": 3, ""hh_cancellations"": 0, ""local_cancellations"": 0, ""mcz_conversions"": 0, ""pair_gathers"": 15, ""phase_merges"": 4, ""pipeline"": ""full"", ""template_library"": {""conjugation_templates"": 6, ""inverse_pairs"": [[""s"", ""sdg""], [""sx"", ""sxdg""], [""t"", ""tdg""]], ""parametric_inverse_gates"": [""p"", ""rx"", ""ry"", ""rz"", ""u1""], ""phase_merge_gates"": [""s"", ""sdg"", ""t"", ""tdg"", ""z"", ""p"", ""u1""], ""rotation_merge_gates"": [""rx"", ""ry"", ""rz""], ""self_inverse_gates"": [""ccx"", ""ch"", ""cswap"", ""cx"", ""cy"", ""cz"", ""h"", ""mcx"", ""swap"", ""x"", ""y"", ""z""]}, ""template_rewrites"": 0, ""theorem_target"": ""Thm 9 (BV oracle)"", ""version"": ""2.0.0""}"
E31-pilot,iqp_3,IQP,3,WCL,phase1,17,14,0.17647058823529416,0.999999999999998,d02e3ecde9f57aa38d95595a12111ce2c60c01c291e4e33c0d19e7f94ca55c62,95b8449154289e28deb747ebff9fb2297bbe817b7e1b10fc9185e3694bca8a3f,"{""algorithm"": ""greedy"", ""improvements"": 0, ""version"": ""3.2.0"", ""wire_traversal"": false}"
E31-pilot,iqp_3,IQP,3,WCL,phase2a,17,17,0.0,0.999999999999998,d02e3ecde9f57aa38d95595a12111ce2c60c01c291e4e33c0d19e7f94ca55c62,95b8449154289e28deb747ebff9fb2297bbe817b7e1b10fc9185e3694bca8a3f,"{""algorithm"": ""commutation_rewriter"", ""improvements"": 0, ""window_size"": 10}"
E31-pilot,iqp_3,IQP,3,WCL,phase2b,17,11,0.3529411764705882,0.999999999999998,d02e3ecde9f57aa38d95595a12111ce2c60c01c291e4e33c0d19e7f94ca55c62,95b8449154289e28deb747ebff9fb2297bbe817b7e1b10fc9185e3694bca8a3f,"{""algorithm"": ""phase2b_template_matcher_full_pipeline"", ""cz_conversions"": 0, ""h_reorders"": 2, ""hh_cancellations"": 0, ""local_cancellations"": 0, ""mcz_conversions"": 0, ""pair_gathers"": 12, ""phase_merges"": 4, ""pipeline"": ""full"", ""template_library"": {""conjugation_templates"": 6, ""inverse_pairs"": [[""s"", ""sdg""], [""sx"", ""sxdg""], [""t"", ""tdg""]], ""parametric_inverse_gates"": [""p"", ""rx"", ""ry"", ""rz"", ""u1""], ""phase_merge_gates"": [""s"", ""sdg"", ""t"", ""tdg"", ""z"", ""p"", ""u1""], ""rotation_merge_gates"": [""rx"", ""ry"", ""rz""], ""self_inverse_gates"": [""ccx"", ""ch"", ""cswap"", ""cx"", ""cy"", ""cz"", ""h"", ""mcx"", ""swap"", ""x"", ""y"", ""z""]}, ""template_rewrites"": 0, ""theorem_target"": ""Thm 9 (BV oracle)"", ""version"": ""2.0.0""}"
E31-pilot,iqp_3,IQP,3,SHUFFLE,phase1,17,14,0.17647058823529416,0.9999999999999977,d02e3ecde9f57aa38d95595a12111ce2c60c01c291e4e33c0d19e7f94ca55c62,7df9c88e509f4c76e85a70a49ba94fa440e59dd5fee75a8c5d0bc2df309a8b0a,"{""algorithm"": ""greedy"", ""improvements"": 0, ""version"": ""3.2.0"", ""wire_traversal"": false}"
E31-pilot,iqp_3,IQP,3,SHUFFLE,phase2a,17,17,0.0,0.9999999999999977,d02e3ecde9f57aa38d95595a12111ce2c60c01c291e4e33c0d19e7f94ca55c62,7df9c88e509f4c76e85a70a49ba94fa440e59dd5fee75a8c5d0bc2df309a8b0a,"{""algorithm"": ""commutation_rewriter"", ""improvements"": 0, ""window_size"": 10}"
E31-pilot,iqp_3,IQP,3,SHUFFLE,phase2b,17,11,0.3529411764705882,0.9999999999999977,d02e3ecde9f57aa38d95595a12111ce2c60c01c291e4e33c0d19e7f94ca55c62,7df9c88e509f4c76e85a70a49ba94fa440e59dd5fee75a8c5d0bc2df309a8b0a,"{""algorithm"": ""phase2b_template_matcher_full_pipeline"", ""cz_conversions"": 0, ""h_reorders"": 4, ""hh_cancellations"": 0, ""local_cancellations"": 0, ""mcz_conversions"": 0, ""pair_gathers"": 12, ""phase_merges"": 4, ""pipeline"": ""full"", ""template_library"": {""conjugation_templates"": 6, ""inverse_pairs"": [[""s"", ""sdg""], [""sx"", ""sxdg""], [""t"", ""tdg""]], ""parametric_inverse_gates"": [""p"", ""rx"", ""ry"", ""rz"", ""u1""], ""phase_merge_gates"": [""s"", ""sdg"", ""t"", ""tdg"", ""z"", ""p"", ""u1""], ""rotation_merge_gates"": [""rx"", ""ry"", ""rz""], ""self_inverse_gates"": [""ccx"", ""ch"", ""cswap"", ""cx"", ""cy"", ""cz"", ""h"", ""mcx"", ""swap"", ""x"", ""y"", ""z""]}, ""template_rewrites"": 0, ""theorem_target"": ""Thm 9 (BV oracle)"", ""version"": ""2.0.0""}"
E31-pilot,clifford_3,RandomClifford,3,LBL,phase1,25,25,0.0,0.9999999999999967,85dfe98fd4307bc57ac18eb29d0be9cedbae20ad1cfc120617cc115f7595d373,85dfe98fd4307bc57ac18eb29d0be9cedbae20ad1cfc120617cc115f7595d373,"{""algorithm"": ""greedy"", ""improvements"": 0, ""version"": ""3.2.0"", ""wire_traversal"": false}"
E31-pilot,clifford_3,RandomClifford,3,LBL,phase2a,25,17,0.31999999999999995,0.9999999999999967,85dfe98fd4307bc57ac18eb29d0be9cedbae20ad1cfc120617cc115f7595d373,85dfe98fd4307bc57ac18eb29d0be9cedbae20ad1cfc120617cc115f7595d373,"{""algorithm"": ""commutation_rewriter"", ""improvements"": 4, ""window_size"": 10}"
E31-pilot,clifford_3,RandomClifford,3,LBL,phase2b,25,11,0.56,0.9999999999999967,85dfe98fd4307bc57ac18eb29d0be9cedbae20ad1cfc120617cc115f7595d373,85dfe98fd4307bc57ac18eb29d0be9cedbae20ad1cfc120617cc115f7595d373,"{""algorithm"": ""phase2b_template_matcher_full_pipeline"", ""cz_conversions"": 0, ""h_reorders"": 11, ""hh_cancellations"": 4, ""local_cancellations"": 1, ""mcz_conversions"": 0, ""pair_gathers"": 20, ""phase_merges"": 4, ""pipeline"": ""full"", ""template_library"": {""conjugation_templates"": 6, ""inverse_pairs"": [[""s"", ""sdg""], [""sx"", ""sxdg""], [""t"", ""tdg""]], ""parametric_inverse_gates"": [""p"", ""rx"", ""ry"", ""rz"", ""u1""], ""phase_merge_gates"": [""s"", ""sdg"", ""t"", ""tdg"", ""z"", ""p"", ""u1""], ""rotation_merge_gates"": [""rx"", ""ry"", ""rz""], ""self_inverse_gates"": [""ccx"", ""ch"", ""cswap"", ""cx"", ""cy"", ""cz"", ""h"", ""mcx"", ""swap"", ""x"", ""y"", ""z""]}, ""template_rewrites"": 0, ""theorem_target"": ""Thm 9 (BV oracle)"", ""version"": ""2.0.0""}"
E31-pilot,clifford_3,RandomClifford,3,WCL,phase1,25,15,0.4,0.9999999999999967,85dfe98fd4307bc57ac18eb29d0be9cedbae20ad1cfc120617cc115f7595d373,1770f366bb6f8e3d4b616e53ce190ff9d1cac1b5f5c180a3f7902b0bf9cdeb58,"{""algorithm"": ""greedy"", ""improvements"": 5, ""version"": ""3.2.0"", ""wire_traversal"": false}"
E31-pilot,clifford_3,RandomClifford,3,WCL,phase2a,25,23,0.07999999999999996,0.9999999999999967,85dfe98fd4307bc57ac18eb29d0be9cedbae20ad1cfc120617cc115f7595d373,1770f366bb6f8e3d4b616e53ce190ff9d1cac1b5f5c180a3f7902b0bf9cdeb58,"{""algorithm"": ""commutation_rewriter"", ""improvements"": 1, ""window_size"": 10}"
E31-pilot,clifford_3,RandomClifford,3,WCL,phase2b,25,11,0.56,0.9999999999999967,85dfe98fd4307bc57ac18eb29d0be9cedbae20ad1cfc120617cc115f7595d373,1770f366bb6f8e3d4b616e53ce190ff9d1cac1b5f5c180a3f7902b0bf9cdeb58,"{""algorithm"": ""phase2b_template_matcher_full_pipeline"", ""cz_conversions"": 0, ""h_reorders"": 5, ""hh_cancellations"": 4, ""local_cancellations"": 1, ""mcz_conversions"": 0, ""pair_gathers"": 2, ""phase_merges"": 4, ""pipeline"": ""full"", ""template_library"": {""conjugation_templates"": 6, ""inverse_pairs"": [[""s"", ""sdg""], [""sx"", ""sxdg""], [""t"", ""tdg""]], ""parametric_inverse_gates"": [""p"", ""rx"", ""ry"", ""rz"", ""u1""], ""phase_merge_gates"": [""s"", ""sdg"", ""t"", ""tdg"", ""z"", ""p"", ""u1""], ""rotation_merge_gates"": [""rx"", ""ry"", ""rz""], ""self_inverse_gates"": [""ccx"", ""ch"", ""cswap"", ""cx"", ""cy"", ""cz"", ""h"", ""mcx"", ""swap"", ""x"", ""y"", ""z""]}, ""template_rewrites"": 0, ""theorem_target"": ""Thm 9 (BV oracle)"", ""version"": ""2.0.0""}"
E31-pilot,clifford_3,RandomClifford,3,SHUFFLE,phase1,25,21,0.16000000000000003,0.9999999999999967,85dfe98fd4307bc57ac18eb29d0be9cedbae20ad1cfc120617cc115f7595d373,cfcb93c7bcfe6b22be6237ecb46eaf349d00d42e193731f165ceeeb9a312dc3a,"{""algorithm"": ""greedy"", ""improvements"": 2, ""version"": ""3.2.0"", ""wire_traversal"": false}"
E31-pilot,clifford_3,RandomClifford,3,SHUFFLE,phase2a,25,21,0.16000000000000003,0.9999999999999967,85dfe98fd4307bc57ac18eb29d0be9cedbae20ad1cfc120617cc115f7595d373,cfcb93c7bcfe6b22be6237ecb46eaf349d00d42e193731f165ceeeb9a312dc3a,"{""algorithm"": ""commutation_rewriter"", ""improvements"": 2, ""window_size"": 10}"
E31-pilot,clifford_3,RandomClifford,3,SHUFFLE,phase2b,25,11,0.56,0.9999999999999967,85dfe98fd4307bc57ac18eb29d0be9cedbae20ad1cfc120617cc115f7595d373,cfcb93c7bcfe6b22be6237ecb46eaf349d00d42e193731f165ceeeb9a312dc3a,"{""algorithm"": ""phase2b_template_matcher_full_pipeline"", ""cz_conversions"": 0, ""h_reorders"": 6, ""hh_cancellations"": 4, ""local_cancellations"": 1, ""mcz_conversions"": 0, ""pair_gathers"": 13, ""phase_merges"": 4, ""pipeline"": ""full"", ""template_library"": {""conjugation_templates"": 6, ""inverse_pairs"": [[""s"", ""sdg""], [""sx"", ""sxdg""], [""t"", ""tdg""]], ""parametric_inverse_gates"": [""p"", ""rx"", ""ry"", ""rz"", ""u1""], ""phase_merge_gates"": [""s"", ""sdg"", ""t"", ""tdg"", ""z"", ""p"", ""u1""], ""rotation_merge_gates"": [""rx"", ""ry"", ""rz""], ""self_inverse_gates"": [""ccx"", ""ch"", ""cswap"", ""cx"", ""cy"", ""cz"", ""h"", ""mcx"", ""swap"", ""x"", ""y"", ""z""]}, ""template_rewrites"": 0, ""theorem_target"": ""Thm 9 (BV oracle)"", ""version"": ""2.0.0""}"
E31-pilot,surface_code_3,SurfaceCode,5,LBL,phase1,6,6,0.0,0.9999999999999996,98123c419282ef8d7ead755526545f8d1b8e6129c506a92b5eb114e588eb0ab3,98123c419282ef8d7ead755526545f8d1b8e6129c506a92b5eb114e588eb0ab3,"{""algorithm"": ""greedy"", ""improvements"": 0, ""version"": ""3.2.0"", ""wire_traversal"": false}"
E31-pilot,surface_code_3,SurfaceCode,5,LBL,phase2a,6,6,0.0,0.9999999999999996,98123c419282ef8d7ead755526545f8d1b8e6129c506a92b5eb114e588eb0ab3,98123c419282ef8d7ead755526545f8d1b8e6129c506a92b5eb114e588eb0ab3,"{""algorithm"": ""commutation_rewriter"", ""improvements"": 0, ""window_size"": 10}"
E31-pilot,surface_code_3,SurfaceCode,5,LBL,phase2b,6,6,0.0,0.9999999999999996,98123c419282ef8d7ead755526545f8d1b8e6129c506a92b5eb114e588eb0ab3,98123c419282ef8d7ead755526545f8d1b8e6129c506a92b5eb114e588eb0ab3,"{""algorithm"": ""phase2b_template_matcher_full_pipeline"", ""cz_conversions"": 0, ""h_reorders"": 0, ""hh_cancellations"": 0, ""local_cancellations"": 0, ""mcz_conversions"": 0, ""pair_gathers"": 0, ""phase_merges"": 0, ""pipeline"": ""full"", ""template_library"": {""conjugation_templates"": 6, ""inverse_pairs"": [[""s"", ""sdg""], [""sx"", ""sxdg""], [""t"", ""tdg""]], ""parametric_inverse_gates"": [""p"", ""rx"", ""ry"", ""rz"", ""u1""], ""phase_merge_gates"": [""s"", ""sdg"", ""t"", ""tdg"", ""z"", ""p"", ""u1""], ""rotation_merge_gates"": [""rx"", ""ry"", ""rz""], ""self_inverse_gates"": [""ccx"", ""ch"", ""cswap"", ""cx"", ""cy"", ""cz"", ""h"", ""mcx"", ""swap"", ""x"", ""y"", ""z""]}, ""template_rewrites"": 0, ""theorem_target"": ""Thm 9 (BV oracle)"", ""version"": ""2.0.0""}"
E31-pilot,surface_code_3,SurfaceCode,5,WCL,phase1,6,6,0.0,0.9999999999999996,98123c419282ef8d7ead755526545f8d1b8e6129c506a92b5eb114e588eb0ab3,98123c419282ef8d7ead755526545f8d1b8e6129c506a92b5eb114e588eb0ab3,"{""algorithm"": ""greedy"", ""improvements"": 0, ""version"": ""3.2.0"", ""wire_traversal"": false}"
E31-pilot,surface_code_3,SurfaceCode,5,WCL,phase2a,6,6,0.0,0.9999999999999996,98123c419282ef8d7ead755526545f8d1b8e6129c506a92b5eb114e588eb0ab3,98123c419282ef8d7ead755526545f8d1b8e6129c506a92b5eb114e588eb0ab3,"{""algorithm"": ""commutation_rewriter"", ""improvements"": 0, ""window_size"": 10}"
E31-pilot,surface_code_3,SurfaceCode,5,WCL,phase2b,6,6,0.0,0.9999999999999996,98123c419282ef8d7ead755526545f8d1b8e6129c506a92b5eb114e588eb0ab3,98123c419282ef8d7ead755526545f8d1b8e6129c506a92b5eb114e588eb0ab3,"{""algorithm"": ""phase2b_template_matcher_full_pipeline"", ""cz_conversions"": 0, ""h_reorders"": 0, ""hh_cancellations"": 0, ""local_cancellations"": 0, ""mcz_conversions"": 0, ""pair_gathers"": 0, ""phase_merges"": 0, ""pipeline"": ""full"", ""template_library"": {""conjugation_templates"": 6, ""inverse_pairs"": [[""s"", ""sdg""], [""sx"", ""sxdg""], [""t"", ""tdg""]], ""parametric_inverse_gates"": [""p"", ""rx"", ""ry"", ""rz"", ""u1""], ""phase_merge_gates"": [""s"", ""sdg"", ""t"", ""tdg"", ""z"", ""p"", ""u1""], ""rotation_merge_gates"": [""rx"", ""ry"", ""rz""], ""self_inverse_gates"": [""ccx"", ""ch"", ""cswap"", ""cx"", ""cy"", ""cz"", ""h"", ""mcx"", ""swap"", ""x"", ""y"", ""z""]}, ""template_rewrites"": 0, ""theorem_target"": ""Thm 9 (BV oracle)"", ""version"": ""2.0.0""}"
E31-pilot,surface_code_3,SurfaceCode,5,SHUFFLE,phase1,6,6,0.0,0.9999999999999996,98123c419282ef8d7ead755526545f8d1b8e6129c506a92b5eb114e588eb0ab3,98123c419282ef8d7ead755526545f8d1b8e6129c506a92b5eb114e588eb0ab3,"{""algorithm"": ""greedy"", ""improvements"": 0, ""version"": ""3.2.0"", ""wire_traversal"": false}"
E31-pilot,surface_code_3,SurfaceCode,5,SHUFFLE,phase2a,6,6,0.0,0.9999999999999996,98123c419282ef8d7ead755526545f8d1b8e6129c506a92b5eb114e588eb0ab3,98123c419282ef8d7ead755526545f8d1b8e6129c506a92b5eb114e588eb0ab3,"{""algorithm"": ""commutation_rewriter"", ""improvements"": 0, ""window_size"": 10}"
E31-pilot,surface_code_3,SurfaceCode,5,SHUFFLE,phase2b,6,6,0.0,0.9999999999999996,98123c419282ef8d7ead755526545f8d1b8e6129c506a92b5eb114e588eb0ab3,98123c419282ef8d7ead755526545f8d1b8e6129c506a92b5eb114e588eb0ab3,"{""algorithm"": ""phase2b_template_matcher_full_pipeline"", ""cz_conversions"": 0, ""h_reorders"": 0, ""hh_cancellations"": 0, ""local_cancellations"": 0, ""mcz_conversions"": 0, ""pair_gathers"": 0, ""phase_merges"": 0, ""pipeline"": ""full"", ""template_library"": {""conjugation_templates"": 6, ""inverse_pairs"": [[""s"", ""sdg""], [""sx"", ""sxdg""], [""t"", ""tdg""]], ""parametric_inverse_gates"": [""p"", ""rx"", ""ry"", ""rz"", ""u1""], ""phase_merge_gates"": [""s"", ""sdg"", ""t"", ""tdg"", ""z"", ""p"", ""u1""], ""rotation_merge_gates"": [""rx"", ""ry"", ""rz""], ""self_inverse_gates"": [""ccx"", ""ch"", ""cswap"", ""cx"", ""cy"", ""cz"", ""h"", ""mcx"", ""swap"", ""x"", ""y"", ""z""]}, ""template_rewrites"": 0, ""theorem_target"": ""Thm 9 (BV oracle)"", ""version"": ""2.0.0""}"
E31-pilot,uccsd_3,UCCSD_inspired,3,LBL,phase1,7,7,0.0,1.0,0e499410a12fe3d46da1324e02e57047df8aeca8ecafc81a05fd4297239070f2,0e499410a12fe3d46da1324e02e57047df8aeca8ecafc81a05fd4297239070f2,"{""algorithm"": ""greedy"", ""improvements"": 0, ""version"": ""3.2.0"", ""wire_traversal"": false}"
E31-pilot,uccsd_3,UCCSD_inspired,3,LBL,phase2a,7,7,0.0,1.0,0e499410a12fe3d46da1324e02e57047df8aeca8ecafc81a05fd4297239070f2,0e499410a12fe3d46da1324e02e57047df8aeca8ecafc81a05fd4297239070f2,"{""algorithm"": ""commutation_rewriter"", ""improvements"": 0, ""window_size"": 10}"
E31-pilot,uccsd_3,UCCSD_inspired,3,LBL,phase2b,7,7,0.0,1.0,0e499410a12fe3d46da1324e02e57047df8aeca8ecafc81a05fd4297239070f2,0e499410a12fe3d46da1324e02e57047df8aeca8ecafc81a05fd4297239070f2,"{""algorithm"": ""phase2b_template_matcher_full_pipeline"", ""cz_conversions"": 0, ""h_reorders"": 0, ""hh_cancellations"": 0, ""local_cancellations"": 0, ""mcz_conversions"": 0, ""pair_gathers"": 0, ""phase_merges"": 0, ""pipeline"": ""full"", ""template_library"": {""conjugation_templates"": 6, ""inverse_pairs"": [[""s"", ""sdg""], [""sx"", ""sxdg""], [""t"", ""tdg""]], ""parametric_inverse_gates"": [""p"", ""rx"", ""ry"", ""rz"", ""u1""], ""phase_merge_gates"": [""s"", ""sdg"", ""t"", ""tdg"", ""z"", ""p"", ""u1""], ""rotation_merge_gates"": [""rx"", ""ry"", ""rz""], ""self_inverse_gates"": [""ccx"", ""ch"", ""cswap"", ""cx"", ""cy"", ""cz"", ""h"", ""mcx"", ""swap"", ""x"", ""y"", ""z""]}, ""template_rewrites"": 0, ""theorem_target"": ""Thm 9 (BV oracle)"", ""version"": ""2.0.0""}"
E31-pilot,uccsd_3,UCCSD_inspired,3,WCL,phase1,7,7,0.0,1.0,0e499410a12fe3d46da1324e02e57047df8aeca8ecafc81a05fd4297239070f2,0e499410a12fe3d46da1324e02e57047df8aeca8ecafc81a05fd4297239070f2,"{""algorithm"": ""greedy"", ""improvements"": 0, ""version"": ""3.2.0"", ""wire_traversal"": false}"
E31-pilot,uccsd_3,UCCSD_inspired,3,WCL,phase2a,7,7,0.0,1.0,0e499410a12fe3d46da1324e02e57047df8aeca8ecafc81a05fd4297239070f2,0e499410a12fe3d46da1324e02e57047df8aeca8ecafc81a05fd4297239070f2,"{""algorithm"": ""commutation_rewriter"", ""improvements"": 0, ""window_size"": 10}"
E31-pilot,uccsd_3,UCCSD_inspired,3,WCL,phase2b,7,7,0.0,1.0,0e499410a12fe3d46da1324e02e57047df8aeca8ecafc81a05fd4297239070f2,0e499410a12fe3d46da1324e02e57047df8aeca8ecafc81a05fd4297239070f2,"{""algorithm"": ""phase2b_template_matcher_full_pipeline"", ""cz_conversions"": 0, ""h_reorders"": 0, ""hh_cancellations"": 0, ""local_cancellations"": 0, ""mcz_conversions"": 0, ""pair_gathers"": 0, ""phase_merges"": 0, ""pipeline"": ""full"", ""template_library"": {""conjugation_templates"": 6, ""inverse_pairs"": [[""s"", ""sdg""], [""sx"", ""sxdg""], [""t"", ""tdg""]], ""parametric_inverse_gates"": [""p"", ""rx"", ""ry"", ""rz"", ""u1""], ""phase_merge_gates"": [""s"", ""sdg"", ""t"", ""tdg"", ""z"", ""p"", ""u1""], ""rotation_merge_gates"": [""rx"", ""ry"", ""rz""], ""self_inverse_gates"": [""ccx"", ""ch"", ""cswap"", ""cx"", ""cy"", ""cz"", ""h"", ""mcx"", ""swap"", ""x"", ""y"", ""z""]}, ""template_rewrites"": 0, ""theorem_target"": ""Thm 9 (BV oracle)"", ""version"": ""2.0.0""}"
E31-pilot,uccsd_3,UCCSD_inspired,3,SHUFFLE,phase1,7,7,0.0,1.0,0e499410a12fe3d46da1324e02e57047df8aeca8ecafc81a05fd4297239070f2,51a778c62ee51107fc9b2299de4cb60f108530488eef700297f3dec63bd3800f,"{""algorithm"": ""greedy"", ""improvements"": 0, ""version"": ""3.2.0"", ""wire_traversal"": false}"
E31-pilot,uccsd_3,UCCSD_inspired,3,SHUFFLE,phase2a,7,7,0.0,1.0,0e499410a12fe3d46da1324e02e57047df8aeca8ecafc81a05fd4297239070f2,51a778c62ee51107fc9b2299de4cb60f108530488eef700297f3dec63bd3800f,"{""algorithm"": ""commutation_rewriter"", ""improvements"": 0, ""window_size"": 10}"
E31-pilot,uccsd_3,UCCSD_inspired,3,SHUFFLE,phase2b,7,7,0.0,1.0,0e499410a12fe3d46da1324e02e57047df8aeca8ecafc81a05fd4297239070f2,51a778c62ee51107fc9b2299de4cb60f108530488eef700297f3dec63bd3800f,"{""algorithm"": ""phase2b_template_matcher_full_pipeline"", ""cz_conversions"": 0, ""h_reorders"": 0, ""hh_cancellations"": 0, ""local_cancellations"": 0, ""mcz_conversions"": 0, ""pair_gathers"": 0, ""phase_merges"": 0, ""pipeline"": ""full"", ""template_library"": {""conjugation_templates"": 6, ""inverse_pairs"": [[""s"", ""sdg""], [""sx"", ""sxdg""], [""t"", ""tdg""]], ""parametric_inverse_gates"": [""p"", ""rx"", ""ry"", ""rz"", ""u1""], ""phase_merge_gates"": [""s"", ""sdg"", ""t"", ""tdg"", ""z"", ""p"", ""u1""], ""rotation_merge_gates"": [""rx"", ""ry"", ""rz""], ""self_inverse_gates"": [""ccx"", ""ch"", ""cswap"", ""cx"", ""cy"", ""cz"", ""h"", ""mcx"", ""swap"", ""x"", ""y"", ""z""]}, ""template_rewrites"": 0, ""theorem_target"": ""Thm 9 (BV oracle)"", ""version"": ""2.0.0""}"
E31-pilot,qft_4,QFT,4,LBL,phase1,10,10,0.0,0.9999999999999988,ec754f7e3892ee8ca405ace36ffa2cf3d8489863d2f83852f623de773dd94b1e,ec754f7e3892ee8ca405ace36ffa2cf3d8489863d2f83852f623de773dd94b1e,"{""algorithm"": ""greedy"", ""improvements"": 0, ""version"": ""3.2.0"", ""wire_traversal"": false}"
E31-pilot,qft_4,QFT,4,LBL,phase2a,10,10,0.0,0.9999999999999988,ec754f7e3892ee8ca405ace36ffa2cf3d8489863d2f83852f623de773dd94b1e,ec754f7e3892ee8ca405ace36ffa2cf3d8489863d2f83852f623de773dd94b1e,"{""algorithm"": ""commutation_rewriter"", ""improvements"": 0, ""window_size"": 10}"
E31-pilot,qft_4,QFT,4,LBL,phase2b,10,10,0.0,0.9999999999999988,ec754f7e3892ee8ca405ace36ffa2cf3d8489863d2f83852f623de773dd94b1e,ec754f7e3892ee8ca405ace36ffa2cf3d8489863d2f83852f623de773dd94b1e,"{""algorithm"": ""phase2b_template_matcher_full_pipeline"", ""cz_conversions"": 0, ""h_reorders"": 0, ""hh_cancellations"": 0, ""local_cancellations"": 0, ""mcz_conversions"": 0, ""pair_gathers"": 0, ""phase_merges"": 0, ""pipeline"": ""full"", ""template_library"": {""conjugation_templates"": 6, ""inverse_pairs"": [[""s"", ""sdg""], [""sx"", ""sxdg""], [""t"", ""tdg""]], ""parametric_inverse_gates"": [""p"", ""rx"", ""ry"", ""rz"", ""u1""], ""phase_merge_gates"": [""s"", ""sdg"", ""t"", ""tdg"", ""z"", ""p"", ""u1""], ""rotation_merge_gates"": [""rx"", ""ry"", ""rz""], ""self_inverse_gates"": [""ccx"", ""ch"", ""cswap"", ""cx"", ""cy"", ""cz"", ""h"", ""mcx"", ""swap"", ""x"", ""y"", ""z""]}, ""template_rewrites"": 0, ""theorem_target"": ""Thm 9 (BV oracle)"", ""version"": ""2.0.0""}"
E31-pilot,qft_4,QFT,4,WCL,phase1,10,10,0.0,0.9999999999999988,ec754f7e3892ee8ca405ace36ffa2cf3d8489863d2f83852f623de773dd94b1e,ec754f7e3892ee8ca405ace36ffa2cf3d8489863d2f83852f623de773dd94b1e,"{""algorithm"": ""greedy"", ""improvements"": 0, ""version"": ""3.2.0"", ""wire_traversal"": false}"
E31-pilot,qft_4,QFT,4,WCL,phase2a,10,10,0.0,0.9999999999999988,ec754f7e3892ee8ca405ace36ffa2cf3d8489863d2f83852f623de773dd94b1e,ec754f7e3892ee8ca405ace36ffa2cf3d8489863d2f83852f623de773dd94b1e,"{""algorithm"": ""commutation_rewriter"", ""improvements"": 0, ""window_size"": 10}"
E31-pilot,qft_4,QFT,4,WCL,phase2b,10,10,0.0,0.9999999999999988,ec754f7e3892ee8ca405ace36ffa2cf3d8489863d2f83852f623de773dd94b1e,ec754f7e3892ee8ca405ace36ffa2cf3d8489863d2f83852f623de773dd94b1e,"{""algorithm"": ""phase2b_template_matcher_full_pipeline"", ""cz_conversions"": 0, ""h_reorders"": 0, ""hh_cancellations"": 0, ""local_cancellations"": 0, ""mcz_conversions"": 0, ""pair_gathers"": 0, ""phase_merges"": 0, ""pipeline"": ""full"", ""template_library"": {""conjugation_templates"": 6, ""inverse_pairs"": [[""s"", ""sdg""], [""sx"", ""sxdg""], [""t"", ""tdg""]], ""parametric_inverse_gates"": [""p"", ""rx"", ""ry"", ""rz"", ""u1""], ""phase_merge_gates"": [""s"", ""sdg"", ""t"", ""tdg"", ""z"", ""p"", ""u1""], ""rotation_merge_gates"": [""rx"", ""ry"", ""rz""], ""self_inverse_gates"": [""ccx"", ""ch"", ""cswap"", ""cx"", ""cy"", ""cz"", ""h"", ""mcx"", ""swap"", ""x"", ""y"", ""z""]}, ""template_rewrites"": 0, ""theorem_target"": ""Thm 9 (BV oracle)"", ""version"": ""2.0.0""}"
E31-pilot,qft_4,QFT,4,SHUFFLE,phase1,10,10,0.0,0.9999999999999988,ec754f7e3892ee8ca405ace36ffa2cf3d8489863d2f83852f623de773dd94b1e,e7846413346046e755d5168e170d848e84b706bb3aeb695c1e0c2f4bca5d8ca9,"{""algorithm"": ""greedy"", ""improvements"": 0, ""version"": ""3.2.0"", ""wire_traversal"": false}"
E31-pilot,qft_4,QFT,4,SHUFFLE,phase2a,10,10,0.0,0.9999999999999988,ec754f7e3892ee8ca405ace36ffa2cf3d8489863d2f83852f623de773dd94b1e,e7846413346046e755d5168e170d848e84b706bb3aeb695c1e0c2f4bca5d8ca9,"{""algorithm"": ""commutation_rewriter"", ""improvements"": 0, ""window_size"": 10}"
E31-pilot,qft_4,QFT,4,SHUFFLE,phase2b,10,10,0.0,0.9999999999999988,ec754f7e3892ee8ca405ace36ffa2cf3d8489863d2f83852f623de773dd94b1e,e7846413346046e755d5168e170d848e84b706bb3aeb695c1e0c2f4bca5d8ca9,"{""algorithm"": ""phase2b_template_matcher_full_pipeline"", ""cz_conversions"": 0, ""h_reorders"": 0, ""hh_cancellations"": 0, ""local_cancellations"": 0, ""mcz_conversions"": 0, ""pair_gathers"": 0, ""phase_merges"": 0, ""pipeline"": ""full"", ""template_library"": {""conjugation_templates"": 6, ""inverse_pairs"": [[""s"", ""sdg""], [""sx"", ""sxdg""], [""t"", ""tdg""]], ""parametric_inverse_gates"": [""p"", ""rx"", ""ry"", ""rz"", ""u1""], ""phase_merge_gates"": [""s"", ""sdg"", ""t"", ""tdg"", ""z"", ""p"", ""u1""], ""rotation_merge_gates"": [""rx"", ""ry"", ""rz""], ""self_inverse_gates"": [""ccx"", ""ch"", ""cswap"", ""cx"", ""cy"", ""cz"", ""h"", ""mcx"", ""swap"", ""x"", ""y"", ""z""]}, ""template_rewrites"": 0, ""theorem_target"": ""Thm 9 (BV oracle)"", ""version"": ""2.0.0""}"
E31-pilot,ghz_4,GHZ,4,LBL,phase1,4,4,0.0,0.9999999999999996,632a65a86fd9bfab17ccedbd10b32b45490cc33030a23af0d675ad3e8ad7a445,632a65a86fd9bfab17ccedbd10b32b45490cc33030a23af0d675ad3e8ad7a445,"{""algorithm"": ""greedy"", ""improvements"": 0, ""version"": ""3.2.0"", ""wire_traversal"": false}"
E31-pilot,ghz_4,GHZ,4,LBL,phase2a,4,4,0.0,0.9999999999999996,632a65a86fd9bfab17ccedbd10b32b45490cc33030a23af0d675ad3e8ad7a445,632a65a86fd9bfab17ccedbd10b32b45490cc33030a23af0d675ad3e8ad7a445,"{""algorithm"": ""commutation_rewriter"", ""improvements"": 0, ""window_size"": 10}"
E31-pilot,ghz_4,GHZ,4,LBL,phase2b,4,4,0.0,0.9999999999999996,632a65a86fd9bfab17ccedbd10b32b45490cc33030a23af0d675ad3e8ad7a445,632a65a86fd9bfab17ccedbd10b32b45490cc33030a23af0d675ad3e8ad7a445,"{""algorithm"": ""phase2b_template_matcher_full_pipeline"", ""cz_conversions"": 0, ""h_reorders"": 0, ""hh_cancellations"": 0, ""local_cancellations"": 0, ""mcz_conversions"": 0, ""pair_gathers"": 0, ""phase_merges"": 0, ""pipeline"": ""full"", ""template_library"": {""conjugation_templates"": 6, ""inverse_pairs"": [[""s"", ""sdg""], [""sx"", ""sxdg""], [""t"", ""tdg""]], ""parametric_inverse_gates"": [""p"", ""rx"", ""ry"", ""rz"", ""u1""], ""phase_merge_gates"": [""s"", ""sdg"", ""t"", ""tdg"", ""z"", ""p"", ""u1""], ""rotation_merge_gates"": [""rx"", ""ry"", ""rz""], ""self_inverse_gates"": [""ccx"", ""ch"", ""cswap"", ""cx"", ""cy"", ""cz"", ""h"", ""mcx"", ""swap"", ""x"", ""y"", ""z""]}, ""template_rewrites"": 0, ""theorem_target"": ""Thm 9 (BV oracle)"", ""version"": ""2.0.0""}"
E31-pilot,ghz_4,GHZ,4,WCL,phase1,4,4,0.0,0.9999999999999996,632a65a86fd9bfab17ccedbd10b32b45490cc33030a23af0d675ad3e8ad7a445,632a65a86fd9bfab17ccedbd10b32b45490cc33030a23af0d675ad3e8ad7a445,"{""algorithm"": ""greedy"", ""improvements"": 0, ""version"": ""3.2.0"", ""wire_traversal"": false}"
E31-pilot,ghz_4,GHZ,4,WCL,phase2a,4,4,0.0,0.9999999999999996,632a65a86fd9bfab17ccedbd10b32b45490cc33030a23af0d675ad3e8ad7a445,632a65a86fd9bfab17ccedbd10b32b45490cc33030a23af0d675ad3e8ad7a445,"{""algorithm"": ""commutation_rewriter"", ""improvements"": 0, ""window_size"": 10}"
E31-pilot,ghz_4,GHZ,4,WCL,phase2b,4,4,0.0,0.9999999999999996,632a65a86fd9bfab17ccedbd10b32b45490cc33030a23af0d675ad3e8ad7a445,632a65a86fd9bfab17ccedbd10b32b45490cc33030a23af0d675ad3e8ad7a445,"{""algorithm"": ""phase2b_template_matcher_full_pipeline"", ""cz_conversions"": 0, ""h_reorders"": 0, ""hh_cancellations"": 0, ""local_cancellations"": 0, ""mcz_conversions"": 0, ""pair_gathers"": 0, ""phase_merges"": 0, ""pipeline"": ""full"", ""template_library"": {""conjugation_templates"": 6, ""inverse_pairs"": [[""s"", ""sdg""], [""sx"", ""sxdg""], [""t"", ""tdg""]], ""parametric_inverse_gates"": [""p"", ""rx"", ""ry"", ""rz"", ""u1""], ""phase_merge_gates"": [""s"", ""sdg"", ""t"", ""tdg"", ""z"", ""p"", ""u1""], ""rotation_merge_gates"": [""rx"", ""ry"", ""rz""], ""self_inverse_gates"": [""ccx"", ""ch"", ""cswap"", ""cx"", ""cy"", ""cz"", ""h"", ""mcx"", ""swap"", ""x"", ""y"", ""z""]}, ""template_rewrites"": 0, ""theorem_target"": ""Thm 9 (BV oracle)"", ""version"": ""2.0.0""}"
E31-pilot,ghz_4,GHZ,4,SHUFFLE,phase1,4,4,0.0,0.9999999999999996,632a65a86fd9bfab17ccedbd10b32b45490cc33030a23af0d675ad3e8ad7a445,632a65a86fd9bfab17ccedbd10b32b45490cc33030a23af0d675ad3e8ad7a445,"{""algorithm"": ""greedy"", ""improvements"": 0, ""version"": ""3.2.0"", ""wire_traversal"": false}"
E31-pilot,ghz_4,GHZ,4,SHUFFLE,phase2a,4,4,0.0,0.9999999999999996,632a65a86fd9bfab17ccedbd10b32b45490cc33030a23af0d675ad3e8ad7a445,632a65a86fd9bfab17ccedbd10b32b45490cc33030a23af0d675ad3e8ad7a445,"{""algorithm"": ""commutation_rewriter"", ""improvements"": 0, ""window_size"": 10}"
E31-pilot,ghz_4,GHZ,4,SHUFFLE,phase2b,4,4,0.0,0.9999999999999996,632a65a86fd9bfab17ccedbd10b32b45490cc33030a23af0d675ad3e8ad7a445,632a65a86fd9bfab17ccedbd10b32b45490cc33030a23af0d675ad3e8ad7a445,"{""algorithm"": ""phase2b_template_matcher_full_pipeline"", ""cz_conversions"": 0, ""h_reorders"": 0, ""hh_cancellations"": 0, ""local_cancellations"": 0, ""mcz_conversions"": 0, ""pair_gathers"": 0, ""phase_merges"": 0, ""pipeline"": ""full"", ""template_library"": {""conjugation_templates"": 6, ""inverse_pairs"": [[""s"", ""sdg""], [""sx"", ""sxdg""], [""t"", ""tdg""]], ""parametric_inverse_gates"": [""p"", ""rx"", ""ry"", ""rz"", ""u1""], ""phase_merge_gates"": [""s"", ""sdg"", ""t"", ""tdg"", ""z"", ""p"", ""u1""], ""rotation_merge_gates"": [""rx"", ""ry"", ""rz""], ""self_inverse_gates"": [""ccx"", ""ch"", ""cswap"", ""cx"", ""cy"", ""cz"", ""h"", ""mcx"", ""swap"", ""x"", ""y"", ""z""]}, ""template_rewrites"": 0, ""theorem_target"": ""Thm 9 (BV oracle)"", ""version"": ""2.0.0""}"
E31-pilot,cnot_chain_4,CNOT,4,LBL,phase1,24,0,1.0,1.0,c15ccd1efbe0b71c21464e888a978afbe6b6cf006bd895873c7d9b8e51efbaf0,c15ccd1efbe0b71c21464e888a978afbe6b6cf006bd895873c7d9b8e51efbaf0,"{""algorithm"": ""greedy"", ""improvements"": 12, ""version"": ""3.2.0"", ""wire_traversal"": false}"
E31-pilot,cnot_chain_4,CNOT,4,LBL,phase2a,24,24,0.0,1.0,c15ccd1efbe0b71c21464e888a978afbe6b6cf006bd895873c7d9b8e51efbaf0,c15ccd1efbe0b71c21464e888a978afbe6b6cf006bd895873c7d9b8e51efbaf0,"{""algorithm"": ""commutation_rewriter"", ""improvements"": 0, ""window_size"": 10}"
E31-pilot,cnot_chain_4,CNOT,4,LBL,phase2b,24,0,1.0,1.0,c15ccd1efbe0b71c21464e888a978afbe6b6cf006bd895873c7d9b8e51efbaf0,c15ccd1efbe0b71c21464e888a978afbe6b6cf006bd895873c7d9b8e51efbaf0,"{""algorithm"": ""phase2b_template_matcher_full_pipeline"", ""cz_conversions"": 0, ""h_reorders"": 0, ""hh_cancellations"": 0, ""local_cancellations"": 12, ""mcz_conversions"": 0, ""pair_gathers"": 0, ""phase_merges"": 0, ""pipeline"": ""full"", ""template_library"": {""conjugation_templates"": 6, ""inverse_pairs"": [[""s"", ""sdg""], [""sx"", ""sxdg""], [""t"", ""tdg""]], ""parametric_inverse_gates"": [""p"", ""rx"", ""ry"", ""rz"", ""u1""], ""phase_merge_gates"": [""s"", ""sdg"", ""t"", ""tdg"", ""z"", ""p"", ""u1""], ""rotation_merge_gates"": [""rx"", ""ry"", ""rz""], ""self_inverse_gates"": [""ccx"", ""ch"", ""cswap"", ""cx"", ""cy"", ""cz"", ""h"", ""mcx"", ""swap"", ""x"", ""y"", ""z""]}, ""template_rewrites"": 0, ""theorem_target"": ""Thm 9 (BV oracle)"", ""version"": ""2.0.0""}"
E31-pilot,cnot_chain_4,CNOT,4,WCL,phase1,24,0,1.0,1.0,c15ccd1efbe0b71c21464e888a978afbe6b6cf006bd895873c7d9b8e51efbaf0,6fc54da90c7d858700af390450b3cb285a393a37b27d0497ac425160a1241dd5,"{""algorithm"": ""greedy"", ""improvements"": 12, ""version"": ""3.2.0"", ""wire_traversal"": false}"
E31-pilot,cnot_chain_4,CNOT,4,WCL,phase2a,24,24,0.0,1.0,c15ccd1efbe0b71c21464e888a978afbe6b6cf006bd895873c7d9b8e51efbaf0,6fc54da90c7d858700af390450b3cb285a393a37b27d0497ac425160a1241dd5,"{""algorithm"": ""commutation_rewriter"", ""improvements"": 0, ""window_size"": 10}"
E31-pilot,cnot_chain_4,CNOT,4,WCL,phase2b,24,0,1.0,1.0,c15ccd1efbe0b71c21464e888a978afbe6b6cf006bd895873c7d9b8e51efbaf0,6fc54da90c7d858700af390450b3cb285a393a37b27d0497ac425160a1241dd5,"{""algorithm"": ""phase2b_template_matcher_full_pipeline"", ""cz_conversions"": 0, ""h_reorders"": 0, ""hh_cancellations"": 0, ""local_cancellations"": 12, ""mcz_conversions"": 0, ""pair_gathers"": 0, ""phase_merges"": 0, ""pipeline"": ""full"", ""template_library"": {""conjugation_templates"": 6, ""inverse_pairs"": [[""s"", ""sdg""], [""sx"", ""sxdg""], [""t"", ""tdg""]], ""parametric_inverse_gates"": [""p"", ""rx"", ""ry"", ""rz"", ""u1""], ""phase_merge_gates"": [""s"", ""sdg"", ""t"", ""tdg"", ""z"", ""p"", ""u1""], ""rotation_merge_gates"": [""rx"", ""ry"", ""rz""], ""self_inverse_gates"": [""ccx"", ""ch"", ""cswap"", ""cx"", ""cy"", ""cz"", ""h"", ""mcx"", ""swap"", ""x"", ""y"", ""z""]}, ""template_rewrites"": 0, ""theorem_target"": ""Thm 9 (BV oracle)"", ""version"": ""2.0.0""}"
E31-pilot,cnot_chain_4,CNOT,4,SHUFFLE,phase1,24,0,1.0,1.0,c15ccd1efbe0b71c21464e888a978afbe6b6cf006bd895873c7d9b8e51efbaf0,6b47eb169bf3044a0c9a35f8c24201b715361764eb2a2070cf300af8d33ab966,"{""algorithm"": ""greedy"", ""improvements"": 12, ""version"": ""3.2.0"", ""wire_traversal"": false}"
E31-pilot,cnot_chain_4,CNOT,4,SHUFFLE,phase2a,24,24,0.0,1.0,c15ccd1efbe0b71c21464e888a978afbe6b6cf006bd895873c7d9b8e51efbaf0,6b47eb169bf3044a0c9a35f8c24201b715361764eb2a2070cf300af8d33ab966,"{""algorithm"": ""commutation_rewriter"", ""improvements"": 0, ""window_size"": 10}"
E31-pilot,cnot_chain_4,CNOT,4,SHUFFLE,phase2b,24,0,1.0,1.0,c15ccd1efbe0b71c21464e888a978afbe6b6cf006bd895873c7d9b8e51efbaf0,6b47eb169bf3044a0c9a35f8c24201b715361764eb2a2070cf300af8d33ab966,"{""algorithm"": ""phase2b_template_matcher_full_pipeline"", ""cz_conversions"": 0, ""h_reorders"": 0, ""hh_cancellations"": 0, ""local_cancellations"": 12, ""mcz_conversions"": 0, ""pair_gathers"": 0, ""phase_merges"": 0, ""pipeline"": ""full"", ""template_library"": {""conjugation_templates"": 6, ""inverse_pairs"": [[""s"", ""sdg""], [""sx"", ""sxdg""], [""t"", ""tdg""]], ""parametric_inverse_gates"": [""p"", ""rx"", ""ry"", ""rz"", ""u1""], ""phase_merge_gates"": [""s"", ""sdg"", ""t"", ""tdg"", ""z"", ""p"", ""u1""], ""rotation_merge_gates"": [""rx"", ""ry"", ""rz""], ""self_inverse_gates"": [""ccx"", ""ch"", ""cswap"", ""cx"", ""cy"", ""cz"", ""h"", ""mcx"", ""swap"", ""x"", ""y"", ""z""]}, ""template_rewrites"": 0, ""theorem_target"": ""Thm 9 (BV oracle)"", ""version"": ""2.0.0""}"
E31-pilot,bv_4,Oracle,5,LBL,phase1,14,14,0.0,0.9999999999999968,f82545ab8dd2e124bb20b12a2943a1f6d29666837c03c9275f4c803dc1929c72,f82545ab8dd2e124bb20b12a2943a1f6d29666837c03c9275f4c803dc1929c72,"{""algorithm"": ""greedy"", ""improvements"": 0, ""version"": ""3.2.0"", ""wire_traversal"": false}"
E31-pilot,bv_4,Oracle,5,LBL,phase2a,14,10,0.2857142857142857,0.9999999999999968,f82545ab8dd2e124bb20b12a2943a1f6d29666837c03c9275f4c803dc1929c72,f82545ab8dd2e124bb20b12a2943a1f6d29666837c03c9275f4c803dc1929c72,"{""algorithm"": ""commutation_rewriter"", ""improvements"": 2, ""window_size"": 10}"
E31-pilot,bv_4,Oracle,5,LBL,phase2b,14,4,0.7142857142857143,0.9999999999999968,f82545ab8dd2e124bb20b12a2943a1f6d29666837c03c9275f4c803dc1929c72,f82545ab8dd2e124bb20b12a2943a1f6d29666837c03c9275f4c803dc1929c72,"{""algorithm"": ""phase2b_template_matcher_full_pipeline"", ""cz_conversions"": 0, ""h_reorders"": 19, ""hh_cancellations"": 5, ""local_cancellations"": 0, ""mcz_conversions"": 0, ""pair_gathers"": 17, ""phase_merges"": 0, ""pipeline"": ""full"", ""template_library"": {""conjugation_templates"": 6, ""inverse_pairs"": [[""s"", ""sdg""], [""sx"", ""sxdg""], [""t"", ""tdg""]], ""parametric_inverse_gates"": [""p"", ""rx"", ""ry"", ""rz"", ""u1""], ""phase_merge_gates"": [""s"", ""sdg"", ""t"", ""tdg"", ""z"", ""p"", ""u1""], ""rotation_merge_gates"": [""rx"", ""ry"", ""rz""], ""self_inverse_gates"": [""ccx"", ""ch"", ""cswap"", ""cx"", ""cy"", ""cz"", ""h"", ""mcx"", ""swap"", ""x"", ""y"", ""z""]}, ""template_rewrites"": 2, ""theorem_target"": ""Thm 9 (BV oracle)"", ""version"": ""2.0.0""}"
E31-pilot,bv_4,Oracle,5,WCL,phase1,14,10,0.2857142857142857,0.9999999999999968,f82545ab8dd2e124bb20b12a2943a1f6d29666837c03c9275f4c803dc1929c72,7cc5486c732c1e2b2122d958f646ed106ce357212c589abfc103d632135d2778,"{""algorithm"": ""greedy"", ""improvements"": 2, ""version"": ""3.2.0"", ""wire_traversal"": false}"
E31-pilot,bv_4,Oracle,5,WCL,phase2a,14,14,0.0,0.9999999999999968,f82545ab8dd2e124bb20b12a2943a1f6d29666837c03c9275f4c803dc1929c72,7cc5486c732c1e2b2122d958f646ed106ce357212c589abfc103d632135d2778,"{""algorithm"": ""commutation_rewriter"", ""improvements"": 0, ""window_size"": 10}"
E31-pilot,bv_4,Oracle,5,WCL,phase2b,14,4,0.7142857142857143,0.9999999999999968,f82545ab8dd2e124bb20b12a2943a1f6d29666837c03c9275f4c803dc1929c72,7cc5486c732c1e2b2122d958f646ed106ce357212c589abfc103d632135d2778,"{""algorithm"": ""phase2b_template_matcher_full_pipeline"", ""cz_conversions"": 0, ""h_reorders"": 18, ""hh_cancellations"": 5, ""local_cancellations"": 0, ""mcz_conversions"": 0, ""pair_gathers"": 0, ""phase_merges"": 0, ""pipeline"": ""full"", ""template_library"": {""conjugation_templates"": 6, ""inverse_pairs"": [[""s"", ""sdg""], [""sx"", ""sxdg""], [""t"", ""tdg""]], ""parametric_inverse_gates"": [""p"", ""rx"", ""ry"", ""rz"", ""u1""], ""phase_merge_gates"": [""s"", ""sdg"", ""t"", ""tdg"", ""z"", ""p"", ""u1""], ""rotation_merge_gates"": [""rx"", ""ry"", ""rz""], ""self_inverse_gates"": [""ccx"", ""ch"", ""cswap"", ""cx"", ""cy"", ""cz"", ""h"", ""mcx"", ""swap"", ""x"", ""y"", ""z""]}, ""template_rewrites"": 2, ""theorem_target"": ""Thm 9 (BV oracle)"", ""version"": ""2.0.0""}"
E31-pilot,bv_4,Oracle,5,SHUFFLE,phase1,14,14,0.0,0.9999999999999968,f82545ab8dd2e124bb20b12a2943a1f6d29666837c03c9275f4c803dc1929c72,36d3fd1f005f5c02eb95bf4e52477a75409fd04de321c1f76ee97896cc7e9759,"{""algorithm"": ""greedy"", ""improvements"": 0, ""version"": ""3.2.0"", ""wire_traversal"": false}"
E31-pilot,bv_4,Oracle,5,SHUFFLE,phase2a,14,10,0.2857142857142857,0.9999999999999968,f82545ab8dd2e124bb20b12a2943a1f6d29666837c03c9275f4c803dc1929c72,36d3fd1f005f5c02eb95bf4e52477a75409fd04de321c1f76ee97896cc7e9759,"{""algorithm"": ""commutation_rewriter"", ""improvements"": 2, ""window_size"": 10}"
E31-pilot,bv_4,Oracle,5,SHUFFLE,phase2b,14,4,0.7142857142857143,0.9999999999999968,f82545ab8dd2e124bb20b12a2943a1f6d29666837c03c9275f4c803dc1929c72,36d3fd1f005f5c02eb95bf4e52477a75409fd04de321c1f76ee97896cc7e9759,"{""algorithm"": ""phase2b_template_matcher_full_pipeline"", ""cz_conversions"": 0, ""h_reorders"": 22, ""hh_cancellations"": 5, ""local_cancellations"": 0, ""mcz_conversions"": 0, ""pair_gathers"": 10, ""phase_merges"": 0, ""pipeline"": ""full"", ""template_library"": {""conjugation_templates"": 6, ""inverse_pairs"": [[""s"", ""sdg""], [""sx"", ""sxdg""], [""t"", ""tdg""]], ""parametric_inverse_gates"": [""p"", ""rx"", ""ry"", ""rz"", ""u1""], ""phase_merge_gates"": [""s"", ""sdg"", ""t"", ""tdg"", ""z"", ""p"", ""u1""], ""rotation_merge_gates"": [""rx"", ""ry"", ""rz""], ""self_inverse_gates"": [""ccx"", ""ch"", ""cswap"", ""cx"", ""cy"", ""cz"", ""h"", ""mcx"", ""swap"", ""x"", ""y"", ""z""]}, ""template_rewrites"": 2, ""theorem_target"": ""Thm 9 (BV oracle)"", ""version"": ""2.0.0""}"
E31-pilot,qaoa_line_4,QAOA,4,LBL,phase1,17,17,0.0,1.0000000000000009,e20ffcb1a9717778c70580faf6b1a64698209f87c655bd7f0f057d368861bd74,e20ffcb1a9717778c70580faf6b1a64698209f87c655bd7f0f057d368861bd74,"{""algorithm"": ""greedy"", ""improvements"": 0, ""version"": ""3.2.0"", ""wire_traversal"": false}"
E31-pilot,qaoa_line_4,QAOA,4,LBL,phase2a,17,17,0.0,1.0000000000000009,e20ffcb1a9717778c70580faf6b1a64698209f87c655bd7f0f057d368861bd74,e20ffcb1a9717778c70580faf6b1a64698209f87c655bd7f0f057d368861bd74,"{""algorithm"": ""commutation_rewriter"", ""improvements"": 0, ""window_size"": 10}"
E31-pilot,qaoa_line_4,QAOA,4,LBL,phase2b,17,17,0.0,1.0000000000000009,e20ffcb1a9717778c70580faf6b1a64698209f87c655bd7f0f057d368861bd74,e20ffcb1a9717778c70580faf6b1a64698209f87c655bd7f0f057d368861bd74,"{""algorithm"": ""phase2b_template_matcher_full_pipeline"", ""cz_conversions"": 0, ""h_reorders"": 0, ""hh_cancellations"": 0, ""local_cancellations"": 0, ""mcz_conversions"": 0, ""pair_gathers"": 0, ""phase_merges"": 0, ""pipeline"": ""full"", ""template_library"": {""conjugation_templates"": 6, ""inverse_pairs"": [[""s"", ""sdg""], [""sx"", ""sxdg""], [""t"", ""tdg""]], ""parametric_inverse_gates"": [""p"", ""rx"", ""ry"", ""rz"", ""u1""], ""phase_merge_gates"": [""s"", ""sdg"", ""t"", ""tdg"", ""z"", ""p"", ""u1""], ""rotation_merge_gates"": [""rx"", ""ry"", ""rz""], ""self_inverse_gates"": [""ccx"", ""ch"", ""cswap"", ""cx"", ""cy"", ""cz"", ""h"", ""mcx"", ""swap"", ""x"", ""y"", ""z""]}, ""template_rewrites"": 0, ""theorem_target"": ""Thm 9 (BV oracle)"", ""version"": ""2.0.0""}"
E31-pilot,qaoa_line_4,QAOA,4,WCL,phase1,17,17,0.0,1.0000000000000009,e20ffcb1a9717778c70580faf6b1a64698209f87c655bd7f0f057d368861bd74,e20ffcb1a9717778c70580faf6b1a64698209f87c655bd7f0f057d368861bd74,"{""algorithm"": ""greedy"", ""improvements"": 0, ""version"": ""3.2.0"", ""wire_traversal"": false}"
E31-pilot,qaoa_line_4,QAOA,4,WCL,phase2a,17,17,0.0,1.0000000000000009,e20ffcb1a9717778c70580faf6b1a64698209f87c655bd7f0f057d368861bd74,e20ffcb1a9717778c70580faf6b1a64698209f87c655bd7f0f057d368861bd74,"{""algorithm"": ""commutation_rewriter"", ""improvements"": 0, ""window_size"": 10}"
E31-pilot,qaoa_line_4,QAOA,4,WCL,phase2b,17,17,0.0,1.0000000000000009,e20ffcb1a9717778c70580faf6b1a64698209f87c655bd7f0f057d368861bd74,e20ffcb1a9717778c70580faf6b1a64698209f87c655bd7f0f057d368861bd74,"{""algorithm"": ""phase2b_template_matcher_full_pipeline"", ""cz_conversions"": 0, ""h_reorders"": 0, ""hh_cancellations"": 0, ""local_cancellations"": 0, ""mcz_conversions"": 0, ""pair_gathers"": 0, ""phase_merges"": 0, ""pipeline"": ""full"", ""template_library"": {""conjugation_templates"": 6, ""inverse_pairs"": [[""s"", ""sdg""], [""sx"", ""sxdg""], [""t"", ""tdg""]], ""parametric_inverse_gates"": [""p"", ""rx"", ""ry"", ""rz"", ""u1""], ""phase_merge_gates"": [""s"", ""sdg"", ""t"", ""tdg"", ""z"", ""p"", ""u1""], ""rotation_merge_gates"": [""rx"", ""ry"", ""rz""], ""self_inverse_gates"": [""ccx"", ""ch"", ""cswap"", ""cx"", ""cy"", ""cz"", ""h"", ""mcx"", ""swap"", ""x"", ""y"", ""z""]}, ""template_rewrites"": 0, ""theorem_target"": ""Thm 9 (BV oracle)"", ""version"": ""2.0.0""}"
E31-pilot,qaoa_line_4,QAOA,4,SHUFFLE,phase1,17,17,0.0,1.0000000000000009,e20ffcb1a9717778c70580faf6b1a64698209f87c655bd7f0f057d368861bd74,07187a5b0d05b15a1286cfdc048f62b9db7611e126c24b357d708e86a9003674,"{""algorithm"": ""greedy"", ""improvements"": 0, ""version"": ""3.2.0"", ""wire_traversal"": false}"
E31-pilot,qaoa_line_4,QAOA,4,SHUFFLE,phase2a,17,17,0.0,1.0000000000000009,e20ffcb1a9717778c70580faf6b1a64698209f87c655bd7f0f057d368861bd74,07187a5b0d05b15a1286cfdc048f62b9db7611e126c24b357d708e86a9003674,"{""algorithm"": ""commutation_rewriter"", ""improvements"": 0, ""window_size"": 10}"
E31-pilot,qaoa_line_4,QAOA,4,SHUFFLE,phase2b,17,17,0.0,1.0000000000000009,e20ffcb1a9717778c70580faf6b1a64698209f87c655bd7f0f057d368861bd74,07187a5b0d05b15a1286cfdc048f62b9db7611e126c24b357d708e86a9003674,"{""algorithm"": ""phase2b_template_matcher_full_pipeline"", ""cz_conversions"": 0, ""h_reorders"": 0, ""hh_cancellations"": 0, ""local_cancellations"": 0, ""mcz_conversions"": 0, ""pair_gathers"": 0, ""phase_merges"": 0, ""pipeline"": ""full"", ""template_library"": {""conjugation_templates"": 6, ""inverse_pairs"": [[""s"", ""sdg""], [""sx"", ""sxdg""], [""t"", ""tdg""]], ""parametric_inverse_gates"": [""p"", ""rx"", ""ry"", ""rz"", ""u1""], ""phase_merge_gates"": [""s"", ""sdg"", ""t"", ""tdg"", ""z"", ""p"", ""u1""], ""rotation_merge_gates"": [""rx"", ""ry"", ""rz""], ""self_inverse_gates"": [""ccx"", ""ch"", ""cswap"", ""cx"", ""cy"", ""cz"", ""h"", ""mcx"", ""swap"", ""x"", ""y"", ""z""]}, ""template_rewrites"": 0, ""theorem_target"": ""Thm 9 (BV oracle)"", ""version"": ""2.0.0""}"
E31-pilot,vqe_twolocal_4,VQE,4,LBL,phase1,19,19,0.0,0.9999999999999998,35d1276057c9c8f78eff72f8e8af5f71640c17187cc09d1d2be31d47d99c592f,35d1276057c9c8f78eff72f8e8af5f71640c17187cc09d1d2be31d47d99c592f,"{""algorithm"": ""greedy"", ""improvements"": 0, ""version"": ""3.2.0"", ""wire_traversal"": false}"
E31-pilot,vqe_twolocal_4,VQE,4,LBL,phase2a,19,19,0.0,0.9999999999999998,35d1276057c9c8f78eff72f8e8af5f71640c17187cc09d1d2be31d47d99c592f,35d1276057c9c8f78eff72f8e8af5f71640c17187cc09d1d2be31d47d99c592f,"{""algorithm"": ""commutation_rewriter"", ""improvements"": 0, ""window_size"": 10}"
E31-pilot,vqe_twolocal_4,VQE,4,LBL,phase2b,19,19,0.0,0.9999999999999998,35d1276057c9c8f78eff72f8e8af5f71640c17187cc09d1d2be31d47d99c592f,35d1276057c9c8f78eff72f8e8af5f71640c17187cc09d1d2be31d47d99c592f,"{""algorithm"": ""phase2b_template_matcher_full_pipeline"", ""cz_conversions"": 0, ""h_reorders"": 0, ""hh_cancellations"": 0, ""local_cancellations"": 0, ""mcz_conversions"": 0, ""pair_gathers"": 0, ""phase_merges"": 0, ""pipeline"": ""full"", ""template_library"": {""conjugation_templates"": 6, ""inverse_pairs"": [[""s"", ""sdg""], [""sx"", ""sxdg""], [""t"", ""tdg""]], ""parametric_inverse_gates"": [""p"", ""rx"", ""ry"", ""rz"", ""u1""], ""phase_merge_gates"": [""s"", ""sdg"", ""t"", ""tdg"", ""z"", ""p"", ""u1""], ""rotation_merge_gates"": [""rx"", ""ry"", ""rz""], ""self_inverse_gates"": [""ccx"", ""ch"", ""cswap"", ""cx"", ""cy"", ""cz"", ""h"", ""mcx"", ""swap"", ""x"", ""y"", ""z""]}, ""template_rewrites"": 0, ""theorem_target"": ""Thm 9 (BV oracle)"", ""version"": ""2.0.0""}"
E31-pilot,vqe_twolocal_4,VQE,4,WCL,phase1,19,19,0.0,0.9999999999999998,35d1276057c9c8f78eff72f8e8af5f71640c17187cc09d1d2be31d47d99c592f,35d1276057c9c8f78eff72f8e8af5f71640c17187cc09d1d2be31d47d99c592f,"{""algorithm"": ""greedy"", ""improvements"": 0, ""version"": ""3.2.0"", ""wire_traversal"": false}"
E31-pilot,vqe_twolocal_4,VQE,4,WCL,phase2a,19,19,0.0,0.9999999999999998,35d1276057c9c8f78eff72f8e8af5f71640c17187cc09d1d2be31d47d99c592f,35d1276057c9c8f78eff72f8e8af5f71640c17187cc09d1d2be31d47d99c592f,"{""algorithm"": ""commutation_rewriter"", ""improvements"": 0, ""window_size"": 10}"
E31-pilot,vqe_twolocal_4,VQE,4,WCL,phase2b,19,19,0.0,0.9999999999999998,35d1276057c9c8f78eff72f8e8af5f71640c17187cc09d1d2be31d47d99c592f,35d1276057c9c8f78eff72f8e8af5f71640c17187cc09d1d2be31d47d99c592f,"{""algorithm"": ""phase2b_template_matcher_full_pipeline"", ""cz_conversions"": 0, ""h_reorders"": 0, ""hh_cancellations"": 0, ""local_cancellations"": 0, ""mcz_conversions"": 0, ""pair_gathers"": 0, ""phase_merges"": 0, ""pipeline"": ""full"", ""template_library"": {""conjugation_templates"": 6, ""inverse_pairs"": [[""s"", ""sdg""], [""sx"", ""sxdg""], [""t"", ""tdg""]], ""parametric_inverse_gates"": [""p"", ""rx"", ""ry"", ""rz"", ""u1""], ""phase_merge_gates"": [""s"", ""sdg"", ""t"", ""tdg"", ""z"", ""p"", ""u1""], ""rotation_merge_gates"": [""rx"", ""ry"", ""rz""], ""self_inverse_gates"": [""ccx"", ""ch"", ""cswap"", ""cx"", ""cy"", ""cz"", ""h"", ""mcx"", ""swap"", ""x"", ""y"", ""z""]}, ""template_rewrites"": 0, ""theorem_target"": ""Thm 9 (BV oracle)"", ""version"": ""2.0.0""}"
E31-pilot,vqe_twolocal_4,VQE,4,SHUFFLE,phase1,19,19,0.0,1.0,35d1276057c9c8f78eff72f8e8af5f71640c17187cc09d1d2be31d47d99c592f,4564cb0b0d417c54fea96119a44d3bc748063a2831be11c02b31446d93f58dd1,"{""algorithm"": ""greedy"", ""improvements"": 0, ""version"": ""3.2.0"", ""wire_traversal"": false}"
E31-pilot,vqe_twolocal_4,VQE,4,SHUFFLE,phase2a,19,19,0.0,1.0,35d1276057c9c8f78eff72f8e8af5f71640c17187cc09d1d2be31d47d99c592f,4564cb0b0d417c54fea96119a44d3bc748063a2831be11c02b31446d93f58dd1,"{""algorithm"": ""commutation_rewriter"", ""improvements"": 0, ""window_size"": 10}"
E31-pilot,vqe_twolocal_4,VQE,4,SHUFFLE,phase2b,19,19,0.0,1.0,35d1276057c9c8f78eff72f8e8af5f71640c17187cc09d1d2be31d47d99c592f,4564cb0b0d417c54fea96119a44d3bc748063a2831be11c02b31446d93f58dd1,"{""algorithm"": ""phase2b_template_matcher_full_pipeline"", ""cz_conversions"": 0, ""h_reorders"": 0, ""hh_cancellations"": 0, ""local_cancellations"": 0, ""mcz_conversions"": 0, ""pair_gathers"": 0, ""phase_merges"": 0, ""pipeline"": ""full"", ""template_library"": {""conjugation_templates"": 6, ""inverse_pairs"": [[""s"", ""sdg""], [""sx"", ""sxdg""], [""t"", ""tdg""]], ""parametric_inverse_gates"": [""p"", ""rx"", ""ry"", ""rz"", ""u1""], ""phase_merge_gates"": [""s"", ""sdg"", ""t"", ""tdg"", ""z"", ""p"", ""u1""], ""rotation_merge_gates"": [""rx"", ""ry"", ""rz""], ""self_inverse_gates"": [""ccx"", ""ch"", ""cswap"", ""cx"", ""cy"", ""cz"", ""h"", ""mcx"", ""swap"", ""x"", ""y"", ""z""]}, ""template_rewrites"": 0, ""theorem_target"": ""Thm 9 (BV oracle)"", ""version"": ""2.0.0""}"
E31-pilot,hardware_eff_4,HardwareEfficient,4,LBL,phase1,11,11,0.0,0.9999999999999996,33988bf724ee4f0288b21c44f5541594b36c74bf2c579fbd6e43ba76ba98305d,33988bf724ee4f0288b21c44f5541594b36c74bf2c579fbd6e43ba76ba98305d,"{""algorithm"": ""greedy"", ""improvements"": 0, ""version"": ""3.2.0"", ""wire_traversal"": false}"
E31-pilot,hardware_eff_4,HardwareEfficient,4,LBL,phase2a,11,11,0.0,0.9999999999999996,33988bf724ee4f0288b21c44f5541594b36c74bf2c579fbd6e43ba76ba98305d,33988bf724ee4f0288b21c44f5541594b36c74bf2c579fbd6e43ba76ba98305d,"{""algorithm"": ""commutation_rewriter"", ""improvements"": 0, ""window_size"": 10}"
E31-pilot,hardware_eff_4,HardwareEfficient,4,LBL,phase2b,11,11,0.0,0.9999999999999996,33988bf724ee4f0288b21c44f5541594b36c74bf2c579fbd6e43ba76ba98305d,33988bf724ee4f0288b21c44f5541594b36c74bf2c579fbd6e43ba76ba98305d,"{""algorithm"": ""phase2b_template_matcher_full_pipeline"", ""cz_conversions"": 0, ""h_reorders"": 0, ""hh_cancellations"": 0, ""local_cancellations"": 0, ""mcz_conversions"": 0, ""pair_gathers"": 0, ""phase_merges"": 0, ""pipeline"": ""full"", ""template_library"": {""conjugation_templates"": 6, ""inverse_pairs"": [[""s"", ""sdg""], [""sx"", ""sxdg""], [""t"", ""tdg""]], ""parametric_inverse_gates"": [""p"", ""rx"", ""ry"", ""rz"", ""u1""], ""phase_merge_gates"": [""s"", ""sdg"", ""t"", ""tdg"", ""z"", ""p"", ""u1""], ""rotation_merge_gates"": [""rx"", ""ry"", ""rz""], ""self_inverse_gates"": [""ccx"", ""ch"", ""cswap"", ""cx"", ""cy"", ""cz"", ""h"", ""mcx"", ""swap"", ""x"", ""y"", ""z""]}, ""template_rewrites"": 0, ""theorem_target"": ""Thm 9 (BV oracle)"", ""version"": ""2.0.0""}"
E31-pilot,hardware_eff_4,HardwareEfficient,4,WCL,phase1,11,11,0.0,0.9999999999999996,33988bf724ee4f0288b21c44f5541594b36c74bf2c579fbd6e43ba76ba98305d,f0521fd02a140601eb47b59eedfe8047fa6c63d05ed8d62203957a429e446011,"{""algorithm"": ""greedy"", ""improvements"": 0, ""version"": ""3.2.0"", ""wire_traversal"": false}"
E31-pilot,hardware_eff_4,HardwareEfficient,4,WCL,phase2a,11,11,0.0,0.9999999999999996,33988bf724ee4f0288b21c44f5541594b36c74bf2c579fbd6e43ba76ba98305d,f0521fd02a140601eb47b59eedfe8047fa6c63d05ed8d62203957a429e446011,"{""algorithm"": ""commutation_rewriter"", ""improvements"": 0, ""window_size"": 10}"
E31-pilot,hardware_eff_4,HardwareEfficient,4,WCL,phase2b,11,11,0.0,0.9999999999999996,33988bf724ee4f0288b21c44f5541594b36c74bf2c579fbd6e43ba76ba98305d,f0521fd02a140601eb47b59eedfe8047fa6c63d05ed8d62203957a429e446011,"{""algorithm"": ""phase2b_template_matcher_full_pipeline"", ""cz_conversions"": 0, ""h_reorders"": 0, ""hh_cancellations"": 0, ""local_cancellations"": 0, ""mcz_conversions"": 0, ""pair_gathers"": 0, ""phase_merges"": 0, ""pipeline"": ""full"", ""template_library"": {""conjugation_templates"": 6, ""inverse_pairs"": [[""s"", ""sdg""], [""sx"", ""sxdg""], [""t"", ""tdg""]], ""parametric_inverse_gates"": [""p"", ""rx"", ""ry"", ""rz"", ""u1""], ""phase_merge_gates"": [""s"", ""sdg"", ""t"", ""tdg"", ""z"", ""p"", ""u1""], ""rotation_merge_gates"": [""rx"", ""ry"", ""rz""], ""self_inverse_gates"": [""ccx"", ""ch"", ""cswap"", ""cx"", ""cy"", ""cz"", ""h"", ""mcx"", ""swap"", ""x"", ""y"", ""z""]}, ""template_rewrites"": 0, ""theorem_target"": ""Thm 9 (BV oracle)"", ""version"": ""2.0.0""}"
E31-pilot,hardware_eff_4,HardwareEfficient,4,SHUFFLE,phase1,11,11,0.0,0.9999999999999996,33988bf724ee4f0288b21c44f5541594b36c74bf2c579fbd6e43ba76ba98305d,d681f045cb3b0427a0c04abe536ecc387ea66fb540d21f81a41f0341b7fef3a8,"{""algorithm"": ""greedy"", ""improvements"": 0, ""version"": ""3.2.0"", ""wire_traversal"": false}"
E31-pilot,hardware_eff_4,HardwareEfficient,4,SHUFFLE,phase2a,11,11,0.0,0.9999999999999996,33988bf724ee4f0288b21c44f5541594b36c74bf2c579fbd6e43ba76ba98305d,d681f045cb3b0427a0c04abe536ecc387ea66fb540d21f81a41f0341b7fef3a8,"{""algorithm"": ""commutation_rewriter"", ""improvements"": 0, ""window_size"": 10}"
E31-pilot,hardware_eff_4,HardwareEfficient,4,SHUFFLE,phase2b,11,11,0.0,0.9999999999999996,33988bf724ee4f0288b21c44f5541594b36c74bf2c579fbd6e43ba76ba98305d,d681f045cb3b0427a0c04abe536ecc387ea66fb540d21f81a41f0341b7fef3a8,"{""algorithm"": ""phase2b_template_matcher_full_pipeline"", ""cz_conversions"": 0, ""h_reorders"": 0, ""hh_cancellations"": 0, ""local_cancellations"": 0, ""mcz_conversions"": 0, ""pair_gathers"": 0, ""phase_merges"": 0, ""pipeline"": ""full"", ""template_library"": {""conjugation_templates"": 6, ""inverse_pairs"": [[""s"", ""sdg""], [""sx"", ""sxdg""], [""t"", ""tdg""]], ""parametric_inverse_gates"": [""p"", ""rx"", ""ry"", ""rz"", ""u1""], ""phase_merge_gates"": [""s"", ""sdg"", ""t"", ""tdg"", ""z"", ""p"", ""u1""], ""rotation_merge_gates"": [""rx"", ""ry"", ""rz""], ""self_inverse_gates"": [""ccx"", ""ch"", ""cswap"", ""cx"", ""cy"", ""cz"", ""h"", ""mcx"", ""swap"", ""x"", ""y"", ""z""]}, ""template_rewrites"": 0, ""theorem_target"": ""Thm 9 (BV oracle)"", ""version"": ""2.0.0""}"
E31-pilot,grover_4,Grover,4,LBL,phase1,26,24,0.07692307692307687,0.9999999999999925,4fc984c9fc66dcb6b9dc0fdd66788f8b980e178607adfe44a28f04863de6ebdc,4fc984c9fc66dcb6b9dc0fdd66788f8b980e178607adfe44a28f04863de6ebdc,"{""algorithm"": ""greedy"", ""improvements"": 1, ""version"": ""3.2.0"", ""wire_traversal"": false}"
E31-pilot,grover_4,Grover,4,LBL,phase2a,26,24,0.07692307692307687,0.9999999999999925,4fc984c9fc66dcb6b9dc0fdd66788f8b980e178607adfe44a28f04863de6ebdc,4fc984c9fc66dcb6b9dc0fdd66788f8b980e178607adfe44a28f04863de6ebdc,"{""algorithm"": ""commutation_rewriter"", ""improvements"": 1, ""window_size"": 10}"
E31-pilot,grover_4,Grover,4,LBL,phase2b,26,22,0.15384615384615385,0.9999999999999925,4fc984c9fc66dcb6b9dc0fdd66788f8b980e178607adfe44a28f04863de6ebdc,4fc984c9fc66dcb6b9dc0fdd66788f8b980e178607adfe44a28f04863de6ebdc,"{""algorithm"": ""phase2b_template_matcher_full_pipeline"", ""cz_conversions"": 0, ""h_reorders"": 0, ""hh_cancellations"": 0, ""local_cancellations"": 0, ""mcz_conversions"": 2, ""pair_gathers"": 6, ""phase_merges"": 0, ""pipeline"": ""full"", ""template_library"": {""conjugation_templates"": 6, ""inverse_pairs"": [[""s"", ""sdg""], [""sx"", ""sxdg""], [""t"", ""tdg""]], ""parametric_inverse_gates"": [""p"", ""rx"", ""ry"", ""rz"", ""u1""], ""phase_merge_gates"": [""s"", ""sdg"", ""t"", ""tdg"", ""z"", ""p"", ""u1""], ""rotation_merge_gates"": [""rx"", ""ry"", ""rz""], ""self_inverse_gates"": [""ccx"", ""ch"", ""cswap"", ""cx"", ""cy"", ""cz"", ""h"", ""mcx"", ""swap"", ""x"", ""y"", ""z""]}, ""template_rewrites"": 0, ""theorem_target"": ""Thm 9 (BV oracle)"", ""version"": ""2.0.0""}"
E31-pilot,grover_4,Grover,4,WCL,phase1,26,22,0.15384615384615385,0.9999999999999925,4fc984c9fc66dcb6b9dc0fdd66788f8b980e178607adfe44a28f04863de6ebdc,b757a0fc8ac31cc11cfd0478656a6c634eff9ee8976937edb5ff53f710a7bb69,"{""algorithm"": ""greedy"", ""improvements"": 2, ""version"": ""3.2.0"", ""wire_traversal"": false}"
E31-pilot,grover_4,Grover,4,WCL,phase2a,26,26,0.0,0.9999999999999925,4fc984c9fc66dcb6b9dc0fdd66788f8b980e178607adfe44a28f04863de6ebdc,b757a0fc8ac31cc11cfd0478656a6c634eff9ee8976937edb5ff53f710a7bb69,"{""algorithm"": ""commutation_rewriter"", ""improvements"": 0, ""window_size"": 10}"
E31-pilot,grover_4,Grover,4,WCL,phase2b,26,22,0.15384615384615385,0.9999999999999925,4fc984c9fc66dcb6b9dc0fdd66788f8b980e178607adfe44a28f04863de6ebdc,b757a0fc8ac31cc11cfd0478656a6c634eff9ee8976937edb5ff53f710a7bb69,"{""algorithm"": ""phase2b_template_matcher_full_pipeline"", ""cz_conversions"": 0, ""h_reorders"": 12, ""hh_cancellations"": 0, ""local_cancellations"": 0, ""mcz_conversions"": 2, ""pair_gathers"": 6, ""phase_merges"": 0, ""pipeline"": ""full"", ""template_library"": {""conjugation_templates"": 6, ""inverse_pairs"": [[""s"", ""sdg""], [""sx"", ""sxdg""], [""t"", ""tdg""]], ""parametric_inverse_gates"": [""p"", ""rx"", ""ry"", ""rz"", ""u1""], ""phase_merge_gates"": [""s"", ""sdg"", ""t"", ""tdg"", ""z"", ""p"", ""u1""], ""rotation_merge_gates"": [""rx"", ""ry"", ""rz""], ""self_inverse_gates"": [""ccx"", ""ch"", ""cswap"", ""cx"", ""cy"", ""cz"", ""h"", ""mcx"", ""swap"", ""x"", ""y"", ""z""]}, ""template_rewrites"": 0, ""theorem_target"": ""Thm 9 (BV oracle)"", ""version"": ""2.0.0""}"
E31-pilot,grover_4,Grover,4,SHUFFLE,phase1,26,24,0.07692307692307687,0.9999999999999925,4fc984c9fc66dcb6b9dc0fdd66788f8b980e178607adfe44a28f04863de6ebdc,30501c1aeff7641503f1f235eb9d97b0e2639cf12c4cb1333b15bfcadd49acfc,"{""algorithm"": ""greedy"", ""improvements"": 1, ""version"": ""3.2.0"", ""wire_traversal"": false}"
E31-pilot,grover_4,Grover,4,SHUFFLE,phase2a,26,24,0.07692307692307687,0.9999999999999925,4fc984c9fc66dcb6b9dc0fdd66788f8b980e178607adfe44a28f04863de6ebdc,30501c1aeff7641503f1f235eb9d97b0e2639cf12c4cb1333b15bfcadd49acfc,"{""algorithm"": ""commutation_rewriter"", ""improvements"": 1, ""window_size"": 10}"
E31-pilot,grover_4,Grover,4,SHUFFLE,phase2b,26,20,0.23076923076923073,0.9999999999999925,4fc984c9fc66dcb6b9dc0fdd66788f8b980e178607adfe44a28f04863de6ebdc,30501c1aeff7641503f1f235eb9d97b0e2639cf12c4cb1333b15bfcadd49acfc,"{""algorithm"": ""phase2b_template_matcher_full_pipeline"", ""cz_conversions"": 0, ""h_reorders"": 6, ""hh_cancellations"": 2, ""local_cancellations"": 0, ""mcz_conversions"": 1, ""pair_gathers"": 9, ""phase_merges"": 0, ""pipeline"": ""full"", ""template_library"": {""conjugation_templates"": 6, ""inverse_pairs"": [[""s"", ""sdg""], [""sx"", ""sxdg""], [""t"", ""tdg""]], ""parametric_inverse_gates"": [""p"", ""rx"", ""ry"", ""rz"", ""u1""], ""phase_merge_gates"": [""s"", ""sdg"", ""t"", ""tdg"", ""z"", ""p"", ""u1""], ""rotation_merge_gates"": [""rx"", ""ry"", ""rz""], ""self_inverse_gates"": [""ccx"", ""ch"", ""cswap"", ""cx"", ""cy"", ""cz"", ""h"", ""mcx"", ""swap"", ""x"", ""y"", ""z""]}, ""template_rewrites"": 0, ""theorem_target"": ""Thm 9 (BV oracle)"", ""version"": ""2.0.0""}"
E31-pilot,adder_4,Adder,4,LBL,phase1,6,6,0.0,1.0,c2f59740e6b3e2a395683f9a2c34a12a350af985f437251f55c71e43bf23f1ab,c2f59740e6b3e2a395683f9a2c34a12a350af985f437251f55c71e43bf23f1ab,"{""algorithm"": ""greedy"", ""improvements"": 0, ""version"": ""3.2.0"", ""wire_traversal"": false}"
E31-pilot,adder_4,Adder,4,LBL,phase2a,6,6,0.0,1.0,c2f59740e6b3e2a395683f9a2c34a12a350af985f437251f55c71e43bf23f1ab,c2f59740e6b3e2a395683f9a2c34a12a350af985f437251f55c71e43bf23f1ab,"{""algorithm"": ""commutation_rewriter"", ""improvements"": 0, ""window_size"": 10}"
E31-pilot,adder_4,Adder,4,LBL,phase2b,6,6,0.0,1.0,c2f59740e6b3e2a395683f9a2c34a12a350af985f437251f55c71e43bf23f1ab,c2f59740e6b3e2a395683f9a2c34a12a350af985f437251f55c71e43bf23f1ab,"{""algorithm"": ""phase2b_template_matcher_full_pipeline"", ""cz_conversions"": 0, ""h_reorders"": 0, ""hh_cancellations"": 0, ""local_cancellations"": 0, ""mcz_conversions"": 0, ""pair_gathers"": 0, ""phase_merges"": 0, ""pipeline"": ""full"", ""template_library"": {""conjugation_templates"": 6, ""inverse_pairs"": [[""s"", ""sdg""], [""sx"", ""sxdg""], [""t"", ""tdg""]], ""parametric_inverse_gates"": [""p"", ""rx"", ""ry"", ""rz"", ""u1""], ""phase_merge_gates"": [""s"", ""sdg"", ""t"", ""tdg"", ""z"", ""p"", ""u1""], ""rotation_merge_gates"": [""rx"", ""ry"", ""rz""], ""self_inverse_gates"": [""ccx"", ""ch"", ""cswap"", ""cx"", ""cy"", ""cz"", ""h"", ""mcx"", ""swap"", ""x"", ""y"", ""z""]}, ""template_rewrites"": 0, ""theorem_target"": ""Thm 9 (BV oracle)"", ""version"": ""2.0.0""}"
E31-pilot,adder_4,Adder,4,WCL,phase1,6,6,0.0,1.0,c2f59740e6b3e2a395683f9a2c34a12a350af985f437251f55c71e43bf23f1ab,c2f59740e6b3e2a395683f9a2c34a12a350af985f437251f55c71e43bf23f1ab,"{""algorithm"": ""greedy"", ""improvements"": 0, ""version"": ""3.2.0"", ""wire_traversal"": false}"
E31-pilot,adder_4,Adder,4,WCL,phase2a,6,6,0.0,1.0,c2f59740e6b3e2a395683f9a2c34a12a350af985f437251f55c71e43bf23f1ab,c2f59740e6b3e2a395683f9a2c34a12a350af985f437251f55c71e43bf23f1ab,"{""algorithm"": ""commutation_rewriter"", ""improvements"": 0, ""window_size"": 10}"
E31-pilot,adder_4,Adder,4,WCL,phase2b,6,6,0.0,1.0,c2f59740e6b3e2a395683f9a2c34a12a350af985f437251f55c71e43bf23f1ab,c2f59740e6b3e2a395683f9a2c34a12a350af985f437251f55c71e43bf23f1ab,"{""algorithm"": ""phase2b_template_matcher_full_pipeline"", ""cz_conversions"": 0, ""h_reorders"": 0, ""hh_cancellations"": 0, ""local_cancellations"": 0, ""mcz_conversions"": 0, ""pair_gathers"": 0, ""phase_merges"": 0, ""pipeline"": ""full"", ""template_library"": {""conjugation_templates"": 6, ""inverse_pairs"": [[""s"", ""sdg""], [""sx"", ""sxdg""], [""t"", ""tdg""]], ""parametric_inverse_gates"": [""p"", ""rx"", ""ry"", ""rz"", ""u1""], ""phase_merge_gates"": [""s"", ""sdg"", ""t"", ""tdg"", ""z"", ""p"", ""u1""], ""rotation_merge_gates"": [""rx"", ""ry"", ""rz""], ""self_inverse_gates"": [""ccx"", ""ch"", ""cswap"", ""cx"", ""cy"", ""cz"", ""h"", ""mcx"", ""swap"", ""x"", ""y"", ""z""]}, ""template_rewrites"": 0, ""theorem_target"": ""Thm 9 (BV oracle)"", ""version"": ""2.0.0""}"
E31-pilot,adder_4,Adder,4,SHUFFLE,phase1,6,6,0.0,1.0,c2f59740e6b3e2a395683f9a2c34a12a350af985f437251f55c71e43bf23f1ab,c2f59740e6b3e2a395683f9a2c34a12a350af985f437251f55c71e43bf23f1ab,"{""algorithm"": ""greedy"", ""improvements"": 0, ""version"": ""3.2.0"", ""wire_traversal"": false}"
E31-pilot,adder_4,Adder,4,SHUFFLE,phase2a,6,6,0.0,1.0,c2f59740e6b3e2a395683f9a2c34a12a350af985f437251f55c71e43bf23f1ab,c2f59740e6b3e2a395683f9a2c34a12a350af985f437251f55c71e43bf23f1ab,"{""algorithm"": ""commutation_rewriter"", ""improvements"": 0, ""window_size"": 10}"
E31-pilot,adder_4,Adder,4,SHUFFLE,phase2b,6,6,0.0,1.0,c2f59740e6b3e2a395683f9a2c34a12a350af985f437251f55c71e43bf23f1ab,c2f59740e6b3e2a395683f9a2c34a12a350af985f437251f55c71e43bf23f1ab,"{""algorithm"": ""phase2b_template_matcher_full_pipeline"", ""cz_conversions"": 0, ""h_reorders"": 0, ""hh_cancellations"": 0, ""local_cancellations"": 0, ""mcz_conversions"": 0, ""pair_gathers"": 0, ""phase_merges"": 0, ""pipeline"": ""full"", ""template_library"": {""conjugation_templates"": 6, ""inverse_pairs"": [[""s"", ""sdg""], [""sx"", ""sxdg""], [""t"", ""tdg""]], ""parametric_inverse_gates"": [""p"", ""rx"", ""ry"", ""rz"", ""u1""], ""phase_merge_gates"": [""s"", ""sdg"", ""t"", ""tdg"", ""z"", ""p"", ""u1""], ""rotation_merge_gates"": [""rx"", ""ry"", ""rz""], ""self_inverse_gates"": [""ccx"", ""ch"", ""cswap"", ""cx"", ""cy"", ""cz"", ""h"", ""mcx"", ""swap"", ""x"", ""y"", ""z""]}, ""template_rewrites"": 0, ""theorem_target"": ""Thm 9 (BV oracle)"", ""version"": ""2.0.0""}"
E31-pilot,qwalk_4,QuantumWalk,5,LBL,phase1,58,58,0.0,0.9999999999999253,c95317c1934c184e40a57fa5dc213e1389b9abdeedc547f0b32129d4319a1e70,c95317c1934c184e40a57fa5dc213e1389b9abdeedc547f0b32129d4319a1e70,"{""algorithm"": ""greedy"", ""improvements"": 0, ""version"": ""3.2.0"", ""wire_traversal"": false}"
E31-pilot,qwalk_4,QuantumWalk,5,LBL,phase2a,58,58,0.0,0.9999999999999253,c95317c1934c184e40a57fa5dc213e1389b9abdeedc547f0b32129d4319a1e70,c95317c1934c184e40a57fa5dc213e1389b9abdeedc547f0b32129d4319a1e70,"{""algorithm"": ""commutation_rewriter"", ""improvements"": 0, ""window_size"": 10}"
E31-pilot,qwalk_4,QuantumWalk,5,LBL,phase2b,58,58,0.0,0.9999999999999253,c95317c1934c184e40a57fa5dc213e1389b9abdeedc547f0b32129d4319a1e70,c95317c1934c184e40a57fa5dc213e1389b9abdeedc547f0b32129d4319a1e70,"{""algorithm"": ""phase2b_template_matcher_full_pipeline"", ""cz_conversions"": 0, ""h_reorders"": 8, ""hh_cancellations"": 0, ""local_cancellations"": 0, ""mcz_conversions"": 0, ""pair_gathers"": 0, ""phase_merges"": 0, ""pipeline"": ""full"", ""template_library"": {""conjugation_templates"": 6, ""inverse_pairs"": [[""s"", ""sdg""], [""sx"", ""sxdg""], [""t"", ""tdg""]], ""parametric_inverse_gates"": [""p"", ""rx"", ""ry"", ""rz"", ""u1""], ""phase_merge_gates"": [""s"", ""sdg"", ""t"", ""tdg"", ""z"", ""p"", ""u1""], ""rotation_merge_gates"": [""rx"", ""ry"", ""rz""], ""self_inverse_gates"": [""ccx"", ""ch"", ""cswap"", ""cx"", ""cy"", ""cz"", ""h"", ""mcx"", ""swap"", ""x"", ""y"", ""z""]}, ""template_rewrites"": 0, ""theorem_target"": ""Thm 9 (BV oracle)"", ""version"": ""2.0.0""}"
E31-pilot,qwalk_4,QuantumWalk,5,WCL,phase1,58,58,0.0,0.9999999999999253,c95317c1934c184e40a57fa5dc213e1389b9abdeedc547f0b32129d4319a1e70,28fe9bbf9d8aecc6fa00fefae0594a27b8bf0e3bcfc1ed458410dc5ea14e3325,"{""algorithm"": ""greedy"", ""improvements"": 0, ""version"": ""3.2.0"", ""wire_traversal"": false}"
E31-pilot,qwalk_4,QuantumWalk,5,WCL,phase2a,58,58,0.0,0.9999999999999253,c95317c1934c184e40a57fa5dc213e1389b9abdeedc547f0b32129d4319a1e70,28fe9bbf9d8aecc6fa00fefae0594a27b8bf0e3bcfc1ed458410dc5ea14e3325,"{""algorithm"": ""commutation_rewriter"", ""improvements"": 0, ""window_size"": 10}"
E31-pilot,qwalk_4,QuantumWalk,5,WCL,phase2b,58,58,0.0,0.9999999999999253,c95317c1934c184e40a57fa5dc213e1389b9abdeedc547f0b32129d4319a1e70,28fe9bbf9d8aecc6fa00fefae0594a27b8bf0e3bcfc1ed458410dc5ea14e3325,"{""algorithm"": ""phase2b_template_matcher_full_pipeline"", ""cz_conversions"": 0, ""h_reorders"": 8, ""hh_cancellations"": 0, ""local_cancellations"": 0, ""mcz_conversions"": 0, ""pair_gathers"": 0, ""phase_merges"": 0, ""pipeline"": ""full"", ""template_library"": {""conjugation_templates"": 6, ""inverse_pairs"": [[""s"", ""sdg""], [""sx"", ""sxdg""], [""t"", ""tdg""]], ""parametric_inverse_gates"": [""p"", ""rx"", ""ry"", ""rz"", ""u1""], ""phase_merge_gates"": [""s"", ""sdg"", ""t"", ""tdg"", ""z"", ""p"", ""u1""], ""rotation_merge_gates"": [""rx"", ""ry"", ""rz""], ""self_inverse_gates"": [""ccx"", ""ch"", ""cswap"", ""cx"", ""cy"", ""cz"", ""h"", ""mcx"", ""swap"", ""x"", ""y"", ""z""]}, ""template_rewrites"": 0, ""theorem_target"": ""Thm 9 (BV oracle)"", ""version"": ""2.0.0""}"
E31-pilot,qwalk_4,QuantumWalk,5,SHUFFLE,phase1,58,58,0.0,0.9999999999999253,c95317c1934c184e40a57fa5dc213e1389b9abdeedc547f0b32129d4319a1e70,2871074de5cb0c7b8cb53348fdf710688126738f6d158708c1ccc9ef0dedeccb,"{""algorithm"": ""greedy"", ""improvements"": 0, ""version"": ""3.2.0"", ""wire_traversal"": false}"
E31-pilot,qwalk_4,QuantumWalk,5,SHUFFLE,phase2a,58,58,0.0,0.9999999999999253,c95317c1934c184e40a57fa5dc213e1389b9abdeedc547f0b32129d4319a1e70,2871074de5cb0c7b8cb53348fdf710688126738f6d158708c1ccc9ef0dedeccb,"{""algorithm"": ""commutation_rewriter"", ""improvements"": 0, ""window_size"": 10}"
E31-pilot,qwalk_4,QuantumWalk,5,SHUFFLE,phase2b,58,58,0.0,0.9999999999999253,c95317c1934c184e40a57fa5dc213e1389b9abdeedc547f0b32129d4319a1e70,2871074de5cb0c7b8cb53348fdf710688126738f6d158708c1ccc9ef0dedeccb,"{""algorithm"": ""phase2b_template_matcher_full_pipeline"", ""cz_conversions"": 0, ""h_reorders"": 1, ""hh_cancellations"": 0, ""local_cancellations"": 0, ""mcz_conversions"": 0, ""pair_gathers"": 0, ""phase_merges"": 0, ""pipeline"": ""full"", ""template_library"": {""conjugation_templates"": 6, ""inverse_pairs"": [[""s"", ""sdg""], [""sx"", ""sxdg""], [""t"", ""tdg""]], ""parametric_inverse_gates"": [""p"", ""rx"", ""ry"", ""rz"", ""u1""], ""phase_merge_gates"": [""s"", ""sdg"", ""t"", ""tdg"", ""z"", ""p"", ""u1""], ""rotation_merge_gates"": [""rx"", ""ry"", ""rz""], ""self_inverse_gates"": [""ccx"", ""ch"", ""cswap"", ""cx"", ""cy"", ""cz"", ""h"", ""mcx"", ""swap"", ""x"", ""y"", ""z""]}, ""template_rewrites"": 0, ""theorem_target"": ""Thm 9 (BV oracle)"", ""version"": ""2.0.0""}"
E31-pilot,iqp_4,IQP,4,LBL,phase1,15,15,0.0,0.9999999999999967,a184604fe8e9fff65d7fc4b04a0374176884155f49835fc64a3e78eeea2e3335,a184604fe8e9fff65d7fc4b04a0374176884155f49835fc64a3e78eeea2e3335,"{""algorithm"": ""greedy"", ""improvements"": 0, ""version"": ""3.2.0"", ""wire_traversal"": false}"
E31-pilot,iqp_4,IQP,4,LBL,phase2a,15,15,0.0,0.9999999999999967,a184604fe8e9fff65d7fc4b04a0374176884155f49835fc64a3e78eeea2e3335,a184604fe8e9fff65d7fc4b04a0374176884155f49835fc64a3e78eeea2e3335,"{""algorithm"": ""commutation_rewriter"", ""improvements"": 0, ""window_size"": 10}"
E31-pilot,iqp_4,IQP,4,LBL,phase2b,15,12,0.19999999999999996,0.9999999999999967,a184604fe8e9fff65d7fc4b04a0374176884155f49835fc64a3e78eeea2e3335,a184604fe8e9fff65d7fc4b04a0374176884155f49835fc64a3e78eeea2e3335,"{""algorithm"": ""phase2b_template_matcher_full_pipeline"", ""cz_conversions"": 0, ""h_reorders"": 0, ""hh_cancellations"": 0, ""local_cancellations"": 0, ""mcz_conversions"": 0, ""pair_gathers"": 5, ""phase_merges"": 3, ""pipeline"": ""full"", ""template_library"": {""conjugation_templates"": 6, ""inverse_pairs"": [[""s"", ""sdg""], [""sx"", ""sxdg""], [""t"", ""tdg""]], ""parametric_inverse_gates"": [""p"", ""rx"", ""ry"", ""rz"", ""u1""], ""phase_merge_gates"": [""s"", ""sdg"", ""t"", ""tdg"", ""z"", ""p"", ""u1""], ""rotation_merge_gates"": [""rx"", ""ry"", ""rz""], ""self_inverse_gates"": [""ccx"", ""ch"", ""cswap"", ""cx"", ""cy"", ""cz"", ""h"", ""mcx"", ""swap"", ""x"", ""y"", ""z""]}, ""template_rewrites"": 0, ""theorem_target"": ""Thm 9 (BV oracle)"", ""version"": ""2.0.0""}"
E31-pilot,iqp_4,IQP,4,WCL,phase1,15,12,0.19999999999999996,0.9999999999999967,a184604fe8e9fff65d7fc4b04a0374176884155f49835fc64a3e78eeea2e3335,f49107e831299b001bfc0058a76771efd6a3edc1ddf156a21ea157f377ee9e16,"{""algorithm"": ""greedy"", ""improvements"": 0, ""version"": ""3.2.0"", ""wire_traversal"": false}"
E31-pilot,iqp_4,IQP,4,WCL,phase2a,15,15,0.0,0.9999999999999967,a184604fe8e9fff65d7fc4b04a0374176884155f49835fc64a3e78eeea2e3335,f49107e831299b001bfc0058a76771efd6a3edc1ddf156a21ea157f377ee9e16,"{""algorithm"": ""commutation_rewriter"", ""improvements"": 0, ""window_size"": 10}"
E31-pilot,iqp_4,IQP,4,WCL,phase2b,15,12,0.19999999999999996,0.9999999999999967,a184604fe8e9fff65d7fc4b04a0374176884155f49835fc64a3e78eeea2e3335,f49107e831299b001bfc0058a76771efd6a3edc1ddf156a21ea157f377ee9e16,"{""algorithm"": ""phase2b_template_matcher_full_pipeline"", ""cz_conversions"": 0, ""h_reorders"": 0, ""hh_cancellations"": 0, ""local_cancellations"": 0, ""mcz_conversions"": 0, ""pair_gathers"": 0, ""phase_merges"": 3, ""pipeline"": ""full"", ""template_library"": {""conjugation_templates"": 6, ""inverse_pairs"": [[""s"", ""sdg""], [""sx"", ""sxdg""], [""t"", ""tdg""]], ""parametric_inverse_gates"": [""p"", ""rx"", ""ry"", ""rz"", ""u1""], ""phase_merge_gates"": [""s"", ""sdg"", ""t"", ""tdg"", ""z"", ""p"", ""u1""], ""rotation_merge_gates"": [""rx"", ""ry"", ""rz""], ""self_inverse_gates"": [""ccx"", ""ch"", ""cswap"", ""cx"", ""cy"", ""cz"", ""h"", ""mcx"", ""swap"", ""x"", ""y"", ""z""]}, ""template_rewrites"": 0, ""theorem_target"": ""Thm 9 (BV oracle)"", ""version"": ""2.0.0""}"
E31-pilot,iqp_4,IQP,4,SHUFFLE,phase1,15,14,0.06666666666666665,0.9999999999999974,a184604fe8e9fff65d7fc4b04a0374176884155f49835fc64a3e78eeea2e3335,de767cbfe4e055ba325b3c5caf32335f8f44b8ea8b8637c5314dc46b7926bc48,"{""algorithm"": ""greedy"", ""improvements"": 0, ""version"": ""3.2.0"", ""wire_traversal"": false}"
E31-pilot,iqp_4,IQP,4,SHUFFLE,phase2a,15,15,0.0,0.9999999999999974,a184604fe8e9fff65d7fc4b04a0374176884155f49835fc64a3e78eeea2e3335,de767cbfe4e055ba325b3c5caf32335f8f44b8ea8b8637c5314dc46b7926bc48,"{""algorithm"": ""commutation_rewriter"", ""improvements"": 0, ""window_size"": 10}"
E31-pilot,iqp_4,IQP,4,SHUFFLE,phase2b,15,12,0.19999999999999996,0.9999999999999974,a184604fe8e9fff65d7fc4b04a0374176884155f49835fc64a3e78eeea2e3335,de767cbfe4e055ba325b3c5caf32335f8f44b8ea8b8637c5314dc46b7926bc48,"{""algorithm"": ""phase2b_template_matcher_full_pipeline"", ""cz_conversions"": 0, ""h_reorders"": 0, ""hh_cancellations"": 0, ""local_cancellations"": 0, ""mcz_conversions"": 0, ""pair_gathers"": 8, ""phase_merges"": 3, ""pipeline"": ""full"", ""template_library"": {""conjugation_templates"": 6, ""inverse_pairs"": [[""s"", ""sdg""], [""sx"", ""sxdg""], [""t"", ""tdg""]], ""parametric_inverse_gates"": [""p"", ""rx"", ""ry"", ""rz"", ""u1""], ""phase_merge_gates"": [""s"", ""sdg"", ""t"", ""tdg"", ""z"", ""p"", ""u1""], ""rotation_merge_gates"": [""rx"", ""ry"", ""rz""], ""self_inverse_gates"": [""ccx"", ""ch"", ""cswap"", ""cx"", ""cy"", ""cz"", ""h"", ""mcx"", ""swap"", ""x"", ""y"", ""z""]}, ""template_rewrites"": 0, ""theorem_target"": ""Thm 9 (BV oracle)"", ""version"": ""2.0.0""}"
E31-pilot,clifford_4,RandomClifford,4,LBL,phase1,28,28,0.0,0.9999999999999967,3ddeba643cb1262108f3aa16deb98fff7a1b48b89c7248b1fb063953fca055c7,3ddeba643cb1262108f3aa16deb98fff7a1b48b89c7248b1fb063953fca055c7,"{""algorithm"": ""greedy"", ""improvements"": 0, ""version"": ""3.2.0"", ""wire_traversal"": false}"
E31-pilot,clifford_4,RandomClifford,4,LBL,phase2a,28,26,0.0714285714285714,0.9999999999999967,3ddeba643cb1262108f3aa16deb98fff7a1b48b89c7248b1fb063953fca055c7,3ddeba643cb1262108f3aa16deb98fff7a1b48b89c7248b1fb063953fca055c7,"{""algorithm"": ""commutation_rewriter"", ""improvements"": 1, ""window_size"": 10}"
E31-pilot,clifford_4,RandomClifford,4,LBL,phase2b,28,21,0.25,0.9999999999999967,3ddeba643cb1262108f3aa16deb98fff7a1b48b89c7248b1fb063953fca055c7,3ddeba643cb1262108f3aa16deb98fff7a1b48b89c7248b1fb063953fca055c7,"{""algorithm"": ""phase2b_template_matcher_full_pipeline"", ""cz_conversions"": 0, ""h_reorders"": 49, ""hh_cancellations"": 1, ""local_cancellations"": 0, ""mcz_conversions"": 0, ""pair_gathers"": 39, ""phase_merges"": 5, ""pipeline"": ""full"", ""template_library"": {""conjugation_templates"": 6, ""inverse_pairs"": [[""s"", ""sdg""], [""sx"", ""sxdg""], [""t"", ""tdg""]], ""parametric_inverse_gates"": [""p"", ""rx"", ""ry"", ""rz"", ""u1""], ""phase_merge_gates"": [""s"", ""sdg"", ""t"", ""tdg"", ""z"", ""p"", ""u1""], ""rotation_merge_gates"": [""rx"", ""ry"", ""rz""], ""self_inverse_gates"": [""ccx"", ""ch"", ""cswap"", ""cx"", ""cy"", ""cz"", ""h"", ""mcx"", ""swap"", ""x"", ""y"", ""z""]}, ""template_rewrites"": 0, ""theorem_target"": ""Thm 9 (BV oracle)"", ""version"": ""2.0.0""}"
E31-pilot,clifford_4,RandomClifford,4,WCL,phase1,28,26,0.0714285714285714,0.9999999999999967,3ddeba643cb1262108f3aa16deb98fff7a1b48b89c7248b1fb063953fca055c7,0ad1e1bc9bfe68bbbe6a004c6d0e0216322c792a44e178fa29fdd38ad9da2943,"{""algorithm"": ""greedy"", ""improvements"": 1, ""version"": ""3.2.0"", ""wire_traversal"": false}"
E31-pilot,clifford_4,RandomClifford,4,WCL,phase2a,28,28,0.0,0.9999999999999967,3ddeba643cb1262108f3aa16deb98fff7a1b48b89c7248b1fb063953fca055c7,0ad1e1bc9bfe68bbbe6a004c6d0e0216322c792a44e178fa29fdd38ad9da2943,"{""algorithm"": ""commutation_rewriter"", ""improvements"": 0, ""window_size"": 10}"
E31-pilot,clifford_4,RandomClifford,4,WCL,phase2b,28,21,0.25,0.9999999999999967,3ddeba643cb1262108f3aa16deb98fff7a1b48b89c7248b1fb063953fca055c7,0ad1e1bc9bfe68bbbe6a004c6d0e0216322c792a44e178fa29fdd38ad9da2943,"{""algorithm"": ""phase2b_template_matcher_full_pipeline"", ""cz_conversions"": 0, ""h_reorders"": 45, ""hh_cancellations"": 1, ""local_cancellations"": 0, ""mcz_conversions"": 0, ""pair_gathers"": 15, ""phase_merges"": 5, ""pipeline"": ""full"", ""template_library"": {""conjugation_templates"": 6, ""inverse_pairs"": [[""s"", ""sdg""], [""sx"", ""sxdg""], [""t"", ""tdg""]], ""parametric_inverse_gates"": [""p"", ""rx"", ""ry"", ""rz"", ""u1""], ""phase_merge_gates"": [""s"", ""sdg"", ""t"", ""tdg"", ""z"", ""p"", ""u1""], ""rotation_merge_gates"": [""rx"", ""ry"", ""rz""], ""self_inverse_gates"": [""ccx"", ""ch"", ""cswap"", ""cx"", ""cy"", ""cz"", ""h"", ""mcx"", ""swap"", ""x"", ""y"", ""z""]}, ""template_rewrites"": 0, ""theorem_target"": ""Thm 9 (BV oracle)"", ""version"": ""2.0.0""}"
E31-pilot,clifford_4,RandomClifford,4,SHUFFLE,phase1,28,28,0.0,0.9999999999999967,3ddeba643cb1262108f3aa16deb98fff7a1b48b89c7248b1fb063953fca055c7,b1679697e57221c57cde4ffb1713b7b26f88267414e96333d7201d5247ba2a81,"{""algorithm"": ""greedy"", ""improvements"": 0, ""version"": ""3.2.0"", ""wire_traversal"": false}"
E31-pilot,clifford_4,RandomClifford,4,SHUFFLE,phase2a,28,26,0.0714285714285714,0.9999999999999967,3ddeba643cb1262108f3aa16deb98fff7a1b48b89c7248b1fb063953fca055c7,b1679697e57221c57cde4ffb1713b7b26f88267414e96333d7201d5247ba2a81,"{""algorithm"": ""commutation_rewriter"", ""improvements"": 1, ""window_size"": 10}"
E31-pilot,clifford_4,RandomClifford,4,SHUFFLE,phase2b,28,21,0.25,0.9999999999999967,3ddeba643cb1262108f3aa16deb98fff7a1b48b89c7248b1fb063953fca055c7,b1679697e57221c57cde4ffb1713b7b26f88267414e96333d7201d5247ba2a81,"{""algorithm"": ""phase2b_template_matcher_full_pipeline"", ""cz_conversions"": 0, ""h_reorders"": 42, ""hh_cancellations"": 1, ""local_cancellations"": 0, ""mcz_conversions"": 0, ""pair_gathers"": 37, ""phase_merges"": 5, ""pipeline"": ""full"", ""template_library"": {""conjugation_templates"": 6, ""inverse_pairs"": [[""s"", ""sdg""], [""sx"", ""sxdg""], [""t"", ""tdg""]], ""parametric_inverse_gates"": [""p"", ""rx"", ""ry"", ""rz"", ""u1""], ""phase_merge_gates"": [""s"", ""sdg"", ""t"", ""tdg"", ""z"", ""p"", ""u1""], ""rotation_merge_gates"": [""rx"", ""ry"", ""rz""], ""self_inverse_gates"": [""ccx"", ""ch"", ""cswap"", ""cx"", ""cy"", ""cz"", ""h"", ""mcx"", ""swap"", ""x"", ""y"", ""z""]}, ""template_rewrites"": 0, ""theorem_target"": ""Thm 9 (BV oracle)"", ""version"": ""2.0.0""}"
E31-pilot,surface_code_4,SurfaceCode,5,LBL,phase1,7,7,0.0,0.9999999999999996,7de15138171180eddd35e0f29e3e3ce11f0b20302daab2bc45c5be3302e9cf4d,7de15138171180eddd35e0f29e3e3ce11f0b20302daab2bc45c5be3302e9cf4d,"{""algorithm"": ""greedy"", ""improvements"": 0, ""version"": ""3.2.0"", ""wire_traversal"": false}"
E31-pilot,surface_code_4,SurfaceCode,5,LBL,phase2a,7,7,0.0,0.9999999999999996,7de15138171180eddd35e0f29e3e3ce11f0b20302daab2bc45c5be3302e9cf4d,7de15138171180eddd35e0f29e3e3ce11f0b20302daab2bc45c5be3302e9cf4d,"{""algorithm"": ""commutation_rewriter"", ""improvements"": 0, ""window_size"": 10}"
E31-pilot,surface_code_4,SurfaceCode,5,LBL,phase2b,7,7,0.0,0.9999999999999996,7de15138171180eddd35e0f29e3e3ce11f0b20302daab2bc45c5be3302e9cf4d,7de15138171180eddd35e0f29e3e3ce11f0b20302daab2bc45c5be3302e9cf4d,"{""algorithm"": ""phase2b_template_matcher_full_pipeline"", ""cz_conversions"": 0, ""h_reorders"": 0, ""hh_cancellations"": 0, ""local_cancellations"": 0, ""mcz_conversions"": 0, ""pair_gathers"": 0, ""phase_merges"": 0, ""pipeline"": ""full"", ""template_library"": {""conjugation_templates"": 6, ""inverse_pairs"": [[""s"", ""sdg""], [""sx"", ""sxdg""], [""t"", ""tdg""]], ""parametric_inverse_gates"": [""p"", ""rx"", ""ry"", ""rz"", ""u1""], ""phase_merge_gates"": [""s"", ""sdg"", ""t"", ""tdg"", ""z"", ""p"", ""u1""], ""rotation_merge_gates"": [""rx"", ""ry"", ""rz""], ""self_inverse_gates"": [""ccx"", ""ch"", ""cswap"", ""cx"", ""cy"", ""cz"", ""h"", ""mcx"", ""swap"", ""x"", ""y"", ""z""]}, ""template_rewrites"": 0, ""theorem_target"": ""Thm 9 (BV oracle)"", ""version"": ""2.0.0""}"
E31-pilot,surface_code_4,SurfaceCode,5,WCL,phase1,7,7,0.0,0.9999999999999996,7de15138171180eddd35e0f29e3e3ce11f0b20302daab2bc45c5be3302e9cf4d,7de15138171180eddd35e0f29e3e3ce11f0b20302daab2bc45c5be3302e9cf4d,"{""algorithm"": ""greedy"", ""improvements"": 0, ""version"": ""3.2.0"", ""wire_traversal"": false}"
E31-pilot,surface_code_4,SurfaceCode,5,WCL,phase2a,7,7,0.0,0.9999999999999996,7de15138171180eddd35e0f29e3e3ce11f0b20302daab2bc45c5be3302e9cf4d,7de15138171180eddd35e0f29e3e3ce11f0b20302daab2bc45c5be3302e9cf4d,"{""algorithm"": ""commutation_rewriter"", ""improvements"": 0, ""window_size"": 10}"
E31-pilot,surface_code_4,SurfaceCode,5,WCL,phase2b,7,7,0.0,0.9999999999999996,7de15138171180eddd35e0f29e3e3ce11f0b20302daab2bc45c5be3302e9cf4d,7de15138171180eddd35e0f29e3e3ce11f0b20302daab2bc45c5be3302e9cf4d,"{""algorithm"": ""phase2b_template_matcher_full_pipeline"", ""cz_conversions"": 0, ""h_reorders"": 0, ""hh_cancellations"": 0, ""local_cancellations"": 0, ""mcz_conversions"": 0, ""pair_gathers"": 0, ""phase_merges"": 0, ""pipeline"": ""full"", ""template_library"": {""conjugation_templates"": 6, ""inverse_pairs"": [[""s"", ""sdg""], [""sx"", ""sxdg""], [""t"", ""tdg""]], ""parametric_inverse_gates"": [""p"", ""rx"", ""ry"", ""rz"", ""u1""], ""phase_merge_gates"": [""s"", ""sdg"", ""t"", ""tdg"", ""z"", ""p"", ""u1""], ""rotation_merge_gates"": [""rx"", ""ry"", ""rz""], ""self_inverse_gates"": [""ccx"", ""ch"", ""cswap"", ""cx"", ""cy"", ""cz"", ""h"", ""mcx"", ""swap"", ""x"", ""y"", ""z""]}, ""template_rewrites"": 0, ""theorem_target"": ""Thm 9 (BV oracle)"", ""version"": ""2.0.0""}"
E31-pilot,surface_code_4,SurfaceCode,5,SHUFFLE,phase1,7,7,0.0,0.9999999999999996,7de15138171180eddd35e0f29e3e3ce11f0b20302daab2bc45c5be3302e9cf4d,282896249512cb66e5bd39f7d00a3d036f3cbabf67b9681f5338e7076e8e7905,"{""algorithm"": ""greedy"", ""improvements"": 0, ""version"": ""3.2.0"", ""wire_traversal"": false}"
E31-pilot,surface_code_4,SurfaceCode,5,SHUFFLE,phase2a,7,7,0.0,0.9999999999999996,7de15138171180eddd35e0f29e3e3ce11f0b20302daab2bc45c5be3302e9cf4d,282896249512cb66e5bd39f7d00a3d036f3cbabf67b9681f5338e7076e8e7905,"{""algorithm"": ""commutation_rewriter"", ""improvements"": 0, ""window_size"": 10}"
E31-pilot,surface_code_4,SurfaceCode,5,SHUFFLE,phase2b,7,7,0.0,0.9999999999999996,7de15138171180eddd35e0f29e3e3ce11f0b20302daab2bc45c5be3302e9cf4d,282896249512cb66e5bd39f7d00a3d036f3cbabf67b9681f5338e7076e8e7905,"{""algorithm"": ""phase2b_template_matcher_full_pipeline"", ""cz_conversions"": 0, ""h_reorders"": 1, ""hh_cancellations"": 0, ""local_cancellations"": 0, ""mcz_conversions"": 0, ""pair_gathers"": 0, ""phase_merges"": 0, ""pipeline"": ""full"", ""template_library"": {""conjugation_templates"": 6, ""inverse_pairs"": [[""s"", ""sdg""], [""sx"", ""sxdg""], [""t"", ""tdg""]], ""parametric_inverse_gates"": [""p"", ""rx"", ""ry"", ""rz"", ""u1""], ""phase_merge_gates"": [""s"", ""sdg"", ""t"", ""tdg"", ""z"", ""p"", ""u1""], ""rotation_merge_gates"": [""rx"", ""ry"", ""rz""], ""self_inverse_gates"": [""ccx"", ""ch"", ""cswap"", ""cx"", ""cy"", ""cz"", ""h"", ""mcx"", ""swap"", ""x"", ""y"", ""z""]}, ""template_rewrites"": 0, ""theorem_target"": ""Thm 9 (BV oracle)"", ""version"": ""2.0.0""}"
E31-pilot,uccsd_4,UCCSD_inspired,4,LBL,phase1,28,28,0.0,1.0,5f5b6844177bd52e8c187fc996896ec6118d9e360e258d5f3707493673cae096,5f5b6844177bd52e8c187fc996896ec6118d9e360e258d5f3707493673cae096,"{""algorithm"": ""greedy"", ""improvements"": 0, ""version"": ""3.2.0"", ""wire_traversal"": false}"
E31-pilot,uccsd_4,UCCSD_inspired,4,LBL,phase2a,28,28,0.0,1.0,5f5b6844177bd52e8c187fc996896ec6118d9e360e258d5f3707493673cae096,5f5b6844177bd52e8c187fc996896ec6118d9e360e258d5f3707493673cae096,"{""algorithm"": ""commutation_rewriter"", ""improvements"": 0, ""window_size"": 10}"
E31-pilot,uccsd_4,UCCSD_inspired,4,LBL,phase2b,28,26,0.0714285714285714,1.0,5f5b6844177bd52e8c187fc996896ec6118d9e360e258d5f3707493673cae096,5f5b6844177bd52e8c187fc996896ec6118d9e360e258d5f3707493673cae096,"{""algorithm"": ""phase2b_template_matcher_full_pipeline"", ""cz_conversions"": 0, ""h_reorders"": 0, ""hh_cancellations"": 0, ""local_cancellations"": 0, ""mcz_conversions"": 0, ""pair_gathers"": 5, ""phase_merges"": 2, ""pipeline"": ""full"", ""template_library"": {""conjugation_templates"": 6, ""inverse_pairs"": [[""s"", ""sdg""], [""sx"", ""sxdg""], [""t"", ""tdg""]], ""parametric_inverse_gates"": [""p"", ""rx"", ""ry"", ""rz"", ""u1""], ""phase_merge_gates"": [""s"", ""sdg"", ""t"", ""tdg"", ""z"", ""p"", ""u1""], ""rotation_merge_gates"": [""rx"", ""ry"", ""rz""], ""self_inverse_gates"": [""ccx"", ""ch"", ""cswap"", ""cx"", ""cy"", ""cz"", ""h"", ""mcx"", ""swap"", ""x"", ""y"", ""z""]}, ""template_rewrites"": 0, ""theorem_target"": ""Thm 9 (BV oracle)"", ""version"": ""2.0.0""}"
E31-pilot,uccsd_4,UCCSD_inspired,4,WCL,phase1,28,26,0.0714285714285714,1.0,5f5b6844177bd52e8c187fc996896ec6118d9e360e258d5f3707493673cae096,544c277616c81a3ec78bf321ba6c789cdb42d06583917ac84b7848ba8d7c4046,"{""algorithm"": ""greedy"", ""improvements"": 0, ""version"": ""3.2.0"", ""wire_traversal"": false}"
E31-pilot,uccsd_4,UCCSD_inspired,4,WCL,phase2a,28,28,0.0,1.0,5f5b6844177bd52e8c187fc996896ec6118d9e360e258d5f3707493673cae096,544c277616c81a3ec78bf321ba6c789cdb42d06583917ac84b7848ba8d7c4046,"{""algorithm"": ""commutation_rewriter"", ""improvements"": 0, ""window_size"": 10}"
E31-pilot,uccsd_4,UCCSD_inspired,4,WCL,phase2b,28,26,0.0714285714285714,1.0,5f5b6844177bd52e8c187fc996896ec6118d9e360e258d5f3707493673cae096,544c277616c81a3ec78bf321ba6c789cdb42d06583917ac84b7848ba8d7c4046,"{""algorithm"": ""phase2b_template_matcher_full_pipeline"", ""cz_conversions"": 0, ""h_reorders"": 0, ""hh_cancellations"": 0, ""local_cancellations"": 0, ""mcz_conversions"": 0, ""pair_gathers"": 0, ""phase_merges"": 2, ""pipeline"": ""full"", ""template_library"": {""conjugation_templates"": 6, ""inverse_pairs"": [[""s"", ""sdg""], [""sx"", ""sxdg""], [""t"", ""tdg""]], ""parametric_inverse_gates"": [""p"", ""rx"", ""ry"", ""rz"", ""u1""], ""phase_merge_gates"": [""s"", ""sdg"", ""t"", ""tdg"", ""z"", ""p"", ""u1""], ""rotation_merge_gates"": [""rx"", ""ry"", ""rz""], ""self_inverse_gates"": [""ccx"", ""ch"", ""cswap"", ""cx"", ""cy"", ""cz"", ""h"", ""mcx"", ""swap"", ""x"", ""y"", ""z""]}, ""template_rewrites"": 0, ""theorem_target"": ""Thm 9 (BV oracle)"", ""version"": ""2.0.0""}"
E31-pilot,uccsd_4,UCCSD_inspired,4,SHUFFLE,phase1,28,26,0.0714285714285714,1.0,5f5b6844177bd52e8c187fc996896ec6118d9e360e258d5f3707493673cae096,b9168e2a925683fc760b4b0eac3da3771b2d6b3b8fa316b3255f7002cbdcb0cb,"{""algorithm"": ""greedy"", ""improvements"": 0, ""version"": ""3.2.0"", ""wire_traversal"": false}"
E31-pilot,uccsd_4,UCCSD_inspired,4,SHUFFLE,phase2a,28,28,0.0,1.0,5f5b6844177bd52e8c187fc996896ec6118d9e360e258d5f3707493673cae096,b9168e2a925683fc760b4b0eac3da3771b2d6b3b8fa316b3255f7002cbdcb0cb,"{""algorithm"": ""commutation_rewriter"", ""improvements"": 0, ""window_size"": 10}"
E31-pilot,uccsd_4,UCCSD_inspired,4,SHUFFLE,phase2b,28,26,0.0714285714285714,1.0,5f5b6844177bd52e8c187fc996896ec6118d9e360e258d5f3707493673cae096,b9168e2a925683fc760b4b0eac3da3771b2d6b3b8fa316b3255f7002cbdcb0cb,"{""algorithm"": ""phase2b_template_matcher_full_pipeline"", ""cz_conversions"": 0, ""h_reorders"": 0, ""hh_cancellations"": 0, ""local_cancellations"": 0, ""mcz_conversions"": 0, ""pair_gathers"": 0, ""phase_merges"": 2, ""pipeline"": ""full"", ""template_library"": {""conjugation_templates"": 6, ""inverse_pairs"": [[""s"", ""sdg""], [""sx"", ""sxdg""], [""t"", ""tdg""]], ""parametric_inverse_gates"": [""p"", ""rx"", ""ry"", ""rz"", ""u1""], ""phase_merge_gates"": [""s"", ""sdg"", ""t"", ""tdg"", ""z"", ""p"", ""u1""], ""rotation_merge_gates"": [""rx"", ""ry"", ""rz""], ""self_inverse_gates"": [""ccx"", ""ch"", ""cswap"", ""cx"", ""cy"", ""cz"", ""h"", ""mcx"", ""swap"", ""x"", ""y"", ""z""]}, ""template_rewrites"": 0, ""theorem_target"": ""Thm 9 (BV oracle)"", ""version"": ""2.0.0""}"
E31-pilot,qft_5,QFT,5,LBL,phase1,15,15,0.0,0.9999999999999987,8121dc054e78fd266f0fc7e175af417e3c08ec8500e98a9b032efe23c027b9b1,8121dc054e78fd266f0fc7e175af417e3c08ec8500e98a9b032efe23c027b9b1,"{""algorithm"": ""greedy"", ""improvements"": 0, ""version"": ""3.2.0"", ""wire_traversal"": false}"
E31-pilot,qft_5,QFT,5,LBL,phase2a,15,15,0.0,0.9999999999999987,8121dc054e78fd266f0fc7e175af417e3c08ec8500e98a9b032efe23c027b9b1,8121dc054e78fd266f0fc7e175af417e3c08ec8500e98a9b032efe23c027b9b1,"{""algorithm"": ""commutation_rewriter"", ""improvements"": 0, ""window_size"": 10}"
E31-pilot,qft_5,QFT,5,LBL,phase2b,15,15,0.0,0.9999999999999987,8121dc054e78fd266f0fc7e175af417e3c08ec8500e98a9b032efe23c027b9b1,8121dc054e78fd266f0fc7e175af417e3c08ec8500e98a9b032efe23c027b9b1,"{""algorithm"": ""phase2b_template_matcher_full_pipeline"", ""cz_conversions"": 0, ""h_reorders"": 0, ""hh_cancellations"": 0, ""local_cancellations"": 0, ""mcz_conversions"": 0, ""pair_gathers"": 0, ""phase_merges"": 0, ""pipeline"": ""full"", ""template_library"": {""conjugation_templates"": 6, ""inverse_pairs"": [[""s"", ""sdg""], [""sx"", ""sxdg""], [""t"", ""tdg""]], ""parametric_inverse_gates"": [""p"", ""rx"", ""ry"", ""rz"", ""u1""], ""phase_merge_gates"": [""s"", ""sdg"", ""t"", ""tdg"", ""z"", ""p"", ""u1""], ""rotation_merge_gates"": [""rx"", ""ry"", ""rz""], ""self_inverse_gates"": [""ccx"", ""ch"", ""cswap"", ""cx"", ""cy"", ""cz"", ""h"", ""mcx"", ""swap"", ""x"", ""y"", ""z""]}, ""template_rewrites"": 0, ""theorem_target"": ""Thm 9 (BV oracle)"", ""version"": ""2.0.0""}"
E31-pilot,qft_5,QFT,5,WCL,phase1,15,15,0.0,0.9999999999999987,8121dc054e78fd266f0fc7e175af417e3c08ec8500e98a9b032efe23c027b9b1,8121dc054e78fd266f0fc7e175af417e3c08ec8500e98a9b032efe23c027b9b1,"{""algorithm"": ""greedy"", ""improvements"": 0, ""version"": ""3.2.0"", ""wire_traversal"": false}"
E31-pilot,qft_5,QFT,5,WCL,phase2a,15,15,0.0,0.9999999999999987,8121dc054e78fd266f0fc7e175af417e3c08ec8500e98a9b032efe23c027b9b1,8121dc054e78fd266f0fc7e175af417e3c08ec8500e98a9b032efe23c027b9b1,"{""algorithm"": ""commutation_rewriter"", ""improvements"": 0, ""window_size"": 10}"
E31-pilot,qft_5,QFT,5,WCL,phase2b,15,15,0.0,0.9999999999999987,8121dc054e78fd266f0fc7e175af417e3c08ec8500e98a9b032efe23c027b9b1,8121dc054e78fd266f0fc7e175af417e3c08ec8500e98a9b032efe23c027b9b1,"{""algorithm"": ""phase2b_template_matcher_full_pipeline"", ""cz_conversions"": 0, ""h_reorders"": 0, ""hh_cancellations"": 0, ""local_cancellations"": 0, ""mcz_conversions"": 0, ""pair_gathers"": 0, ""phase_merges"": 0, ""pipeline"": ""full"", ""template_library"": {""conjugation_templates"": 6, ""inverse_pairs"": [[""s"", ""sdg""], [""sx"", ""sxdg""], [""t"", ""tdg""]], ""parametric_inverse_gates"": [""p"", ""rx"", ""ry"", ""rz"", ""u1""], ""phase_merge_gates"": [""s"", ""sdg"", ""t"", ""tdg"", ""z"", ""p"", ""u1""], ""rotation_merge_gates"": [""rx"", ""ry"", ""rz""], ""self_inverse_gates"": [""ccx"", ""ch"", ""cswap"", ""cx"", ""cy"", ""cz"", ""h"", ""mcx"", ""swap"", ""x"", ""y"", ""z""]}, ""template_rewrites"": 0, ""theorem_target"": ""Thm 9 (BV oracle)"", ""version"": ""2.0.0""}"
E31-pilot,qft_5,QFT,5,SHUFFLE,phase1,15,15,0.0,0.9999999999999987,8121dc054e78fd266f0fc7e175af417e3c08ec8500e98a9b032efe23c027b9b1,8cc95e4ac6739e3f3b7604c1d91576749a4dc478b6e6969bc1d1a3911f8f47ba,"{""algorithm"": ""greedy"", ""improvements"": 0, ""version"": ""3.2.0"", ""wire_traversal"": false}"
E31-pilot,qft_5,QFT,5,SHUFFLE,phase2a,15,15,0.0,0.9999999999999987,8121dc054e78fd266f0fc7e175af417e3c08ec8500e98a9b032efe23c027b9b1,8cc95e4ac6739e3f3b7604c1d91576749a4dc478b6e6969bc1d1a3911f8f47ba,"{""algorithm"": ""commutation_rewriter"", ""improvements"": 0, ""window_size"": 10}"
E31-pilot,qft_5,QFT,5,SHUFFLE,phase2b,15,15,0.0,0.9999999999999987,8121dc054e78fd266f0fc7e175af417e3c08ec8500e98a9b032efe23c027b9b1,8cc95e4ac6739e3f3b7604c1d91576749a4dc478b6e6969bc1d1a3911f8f47ba,"{""algorithm"": ""phase2b_template_matcher_full_pipeline"", ""cz_conversions"": 0, ""h_reorders"": 0, ""hh_cancellations"": 0, ""local_cancellations"": 0, ""mcz_conversions"": 0, ""pair_gathers"": 0, ""phase_merges"": 0, ""pipeline"": ""full"", ""template_library"": {""conjugation_templates"": 6, ""inverse_pairs"": [[""s"", ""sdg""], [""sx"", ""sxdg""], [""t"", ""tdg""]], ""parametric_inverse_gates"": [""p"", ""rx"", ""ry"", ""rz"", ""u1""], ""phase_merge_gates"": [""s"", ""sdg"", ""t"", ""tdg"", ""z"", ""p"", ""u1""], ""rotation_merge_gates"": [""rx"", ""ry"", ""rz""], ""self_inverse_gates"": [""ccx"", ""ch"", ""cswap"", ""cx"", ""cy"", ""cz"", ""h"", ""mcx"", ""swap"", ""x"", ""y"", ""z""]}, ""template_rewrites"": 0, ""theorem_target"": ""Thm 9 (BV oracle)"", ""version"": ""2.0.0""}"
E31-pilot,ghz_5,GHZ,5,LBL,phase1,5,5,0.0,0.9999999999999998,9b447880da17df1481cf3dcf189e408bcf3ffb9a777e32fe94ef9e32d4b50e94,9b447880da17df1481cf3dcf189e408bcf3ffb9a777e32fe94ef9e32d4b50e94,"{""algorithm"": ""greedy"", ""improvements"": 0, ""version"": ""3.2.0"", ""wire_traversal"": false}"
E31-pilot,ghz_5,GHZ,5,LBL,phase2a,5,5,0.0,0.9999999999999998,9b447880da17df1481cf3dcf189e408bcf3ffb9a777e32fe94ef9e32d4b50e94,9b447880da17df1481cf3dcf189e408bcf3ffb9a777e32fe94ef9e32d4b50e94,"{""algorithm"": ""commutation_rewriter"", ""improvements"": 0, ""window_size"": 10}"
E31-pilot,ghz_5,GHZ,5,LBL,phase2b,5,5,0.0,0.9999999999999998,9b447880da17df1481cf3dcf189e408bcf3ffb9a777e32fe94ef9e32d4b50e94,9b447880da17df1481cf3dcf189e408bcf3ffb9a777e32fe94ef9e32d4b50e94,"{""algorithm"": ""phase2b_template_matcher_full_pipeline"", ""cz_conversions"": 0, ""h_reorders"": 0, ""hh_cancellations"": 0, ""local_cancellations"": 0, ""mcz_conversions"": 0, ""pair_gathers"": 0, ""phase_merges"": 0, ""pipeline"": ""full"", ""template_library"": {""conjugation_templates"": 6, ""inverse_pairs"": [[""s"", ""sdg""], [""sx"", ""sxdg""], [""t"", ""tdg""]], ""parametric_inverse_gates"": [""p"", ""rx"", ""ry"", ""rz"", ""u1""], ""phase_merge_gates"": [""s"", ""sdg"", ""t"", ""tdg"", ""z"", ""p"", ""u1""], ""rotation_merge_gates"": [""rx"", ""ry"", ""rz""], ""self_inverse_gates"": [""ccx"", ""ch"", ""cswap"", ""cx"", ""cy"", ""cz"", ""h"", ""mcx"", ""swap"", ""x"", ""y"", ""z""]}, ""template_rewrites"": 0, ""theorem_target"": ""Thm 9 (BV oracle)"", ""version"": ""2.0.0""}"
E31-pilot,ghz_5,GHZ,5,WCL,phase1,5,5,0.0,0.9999999999999998,9b447880da17df1481cf3dcf189e408bcf3ffb9a777e32fe94ef9e32d4b50e94,9b447880da17df1481cf3dcf189e408bcf3ffb9a777e32fe94ef9e32d4b50e94,"{""algorithm"": ""greedy"", ""improvements"": 0, ""version"": ""3.2.0"", ""wire_traversal"": false}"
E31-pilot,ghz_5,GHZ,5,WCL,phase2a,5,5,0.0,0.9999999999999998,9b447880da17df1481cf3dcf189e408bcf3ffb9a777e32fe94ef9e32d4b50e94,9b447880da17df1481cf3dcf189e408bcf3ffb9a777e32fe94ef9e32d4b50e94,"{""algorithm"": ""commutation_rewriter"", ""improvements"": 0, ""window_size"": 10}"
E31-pilot,ghz_5,GHZ,5,WCL,phase2b,5,5,0.0,0.9999999999999998,9b447880da17df1481cf3dcf189e408bcf3ffb9a777e32fe94ef9e32d4b50e94,9b447880da17df1481cf3dcf189e408bcf3ffb9a777e32fe94ef9e32d4b50e94,"{""algorithm"": ""phase2b_template_matcher_full_pipeline"", ""cz_conversions"": 0, ""h_reorders"": 0, ""hh_cancellations"": 0, ""local_cancellations"": 0, ""mcz_conversions"": 0, ""pair_gathers"": 0, ""phase_merges"": 0, ""pipeline"": ""full"", ""template_library"": {""conjugation_templates"": 6, ""inverse_pairs"": [[""s"", ""sdg""], [""sx"", ""sxdg""], [""t"", ""tdg""]], ""parametric_inverse_gates"": [""p"", ""rx"", ""ry"", ""rz"", ""u1""], ""phase_merge_gates"": [""s"", ""sdg"", ""t"", ""tdg"", ""z"", ""p"", ""u1""], ""rotation_merge_gates"": [""rx"", ""ry"", ""rz""], ""self_inverse_gates"": [""ccx"", ""ch"", ""cswap"", ""cx"", ""cy"", ""cz"", ""h"", ""mcx"", ""swap"", ""x"", ""y"", ""z""]}, ""template_rewrites"": 0, ""theorem_target"": ""Thm 9 (BV oracle)"", ""version"": ""2.0.0""}"
E31-pilot,ghz_5,GHZ,5,SHUFFLE,phase1,5,5,0.0,0.9999999999999998,9b447880da17df1481cf3dcf189e408bcf3ffb9a777e32fe94ef9e32d4b50e94,9b447880da17df1481cf3dcf189e408bcf3ffb9a777e32fe94ef9e32d4b50e94,"{""algorithm"": ""greedy"", ""improvements"": 0, ""version"": ""3.2.0"", ""wire_traversal"": false}"
E31-pilot,ghz_5,GHZ,5,SHUFFLE,phase2a,5,5,0.0,0.9999999999999998,9b447880da17df1481cf3dcf189e408bcf3ffb9a777e32fe94ef9e32d4b50e94,9b447880da17df1481cf3dcf189e408bcf3ffb9a777e32fe94ef9e32d4b50e94,"{""algorithm"": ""commutation_rewriter"", ""improvements"": 0, ""window_size"": 10}"
E31-pilot,ghz_5,GHZ,5,SHUFFLE,phase2b,5,5,0.0,0.9999999999999998,9b447880da17df1481cf3dcf189e408bcf3ffb9a777e32fe94ef9e32d4b50e94,9b447880da17df1481cf3dcf189e408bcf3ffb9a777e32fe94ef9e32d4b50e94,"{""algorithm"": ""phase2b_template_matcher_full_pipeline"", ""cz_conversions"": 0, ""h_reorders"": 0, ""hh_cancellations"": 0, ""local_cancellations"": 0, ""mcz_conversions"": 0, ""pair_gathers"": 0, ""phase_merges"": 0, ""pipeline"": ""full"", ""template_library"": {""conjugation_templates"": 6, ""inverse_pairs"": [[""s"", ""sdg""], [""sx"", ""sxdg""], [""t"", ""tdg""]], ""parametric_inverse_gates"": [""p"", ""rx"", ""ry"", ""rz"", ""u1""], ""phase_merge_gates"": [""s"", ""sdg"", ""t"", ""tdg"", ""z"", ""p"", ""u1""], ""rotation_merge_gates"": [""rx"", ""ry"", ""rz""], ""self_inverse_gates"": [""ccx"", ""ch"", ""cswap"", ""cx"", ""cy"", ""cz"", ""h"", ""mcx"", ""swap"", ""x"", ""y"", ""z""]}, ""template_rewrites"": 0, ""theorem_target"": ""Thm 9 (BV oracle)"", ""version"": ""2.0.0""}"
E31-pilot,cnot_chain_5,CNOT,5,LBL,phase1,32,0,1.0,1.0,1af834f23a39de4aaf17b2f8f7016d3b7dc7d4aac0dfe76a62182c5bcc6ab5bb,1af834f23a39de4aaf17b2f8f7016d3b7dc7d4aac0dfe76a62182c5bcc6ab5bb,"{""algorithm"": ""greedy"", ""improvements"": 16, ""version"": ""3.2.0"", ""wire_traversal"": false}"
E31-pilot,cnot_chain_5,CNOT,5,LBL,phase2a,32,32,0.0,1.0,1af834f23a39de4aaf17b2f8f7016d3b7dc7d4aac0dfe76a62182c5bcc6ab5bb,1af834f23a39de4aaf17b2f8f7016d3b7dc7d4aac0dfe76a62182c5bcc6ab5bb,"{""algorithm"": ""commutation_rewriter"", ""improvements"": 0, ""window_size"": 10}"
E31-pilot,cnot_chain_5,CNOT,5,LBL,phase2b,32,0,1.0,1.0,1af834f23a39de4aaf17b2f8f7016d3b7dc7d4aac0dfe76a62182c5bcc6ab5bb,1af834f23a39de4aaf17b2f8f7016d3b7dc7d4aac0dfe76a62182c5bcc6ab5bb,"{""algorithm"": ""phase2b_template_matcher_full_pipeline"", ""cz_conversions"": 0, ""h_reorders"": 0, ""hh_cancellations"": 0, ""local_cancellations"": 16, ""mcz_conversions"": 0, ""pair_gathers"": 0, ""phase_merges"": 0, ""pipeline"": ""full"", ""template_library"": {""conjugation_templates"": 6, ""inverse_pairs"": [[""s"", ""sdg""], [""sx"", ""sxdg""], [""t"", ""tdg""]], ""parametric_inverse_gates"": [""p"", ""rx"", ""ry"", ""rz"", ""u1""], ""phase_merge_gates"": [""s"", ""sdg"", ""t"", ""tdg"", ""z"", ""p"", ""u1""], ""rotation_merge_gates"": [""rx"", ""ry"", ""rz""], ""self_inverse_gates"": [""ccx"", ""ch"", ""cswap"", ""cx"", ""cy"", ""cz"", ""h"", ""mcx"", ""swap"", ""x"", ""y"", ""z""]}, ""template_rewrites"": 0, ""theorem_target"": ""Thm 9 (BV oracle)"", ""version"": ""2.0.0""}"
E31-pilot,cnot_chain_5,CNOT,5,WCL,phase1,32,0,1.0,1.0,1af834f23a39de4aaf17b2f8f7016d3b7dc7d4aac0dfe76a62182c5bcc6ab5bb,e171e616728bce5cf25c4326a3209dda0942fab578fb6384cae93d6986213bb4,"{""algorithm"": ""greedy"", ""improvements"": 16, ""version"": ""3.2.0"", ""wire_traversal"": false}"
E31-pilot,cnot_chain_5,CNOT,5,WCL,phase2a,32,32,0.0,1.0,1af834f23a39de4aaf17b2f8f7016d3b7dc7d4aac0dfe76a62182c5bcc6ab5bb,e171e616728bce5cf25c4326a3209dda0942fab578fb6384cae93d6986213bb4,"{""algorithm"": ""commutation_rewriter"", ""improvements"": 0, ""window_size"": 10}"
E31-pilot,cnot_chain_5,CNOT,5,WCL,phase2b,32,0,1.0,1.0,1af834f23a39de4aaf17b2f8f7016d3b7dc7d4aac0dfe76a62182c5bcc6ab5bb,e171e616728bce5cf25c4326a3209dda0942fab578fb6384cae93d6986213bb4,"{""algorithm"": ""phase2b_template_matcher_full_pipeline"", ""cz_conversions"": 0, ""h_reorders"": 0, ""hh_cancellations"": 0, ""local_cancellations"": 16, ""mcz_conversions"": 0, ""pair_gathers"": 0, ""phase_merges"": 0, ""pipeline"": ""full"", ""template_library"": {""conjugation_templates"": 6, ""inverse_pairs"": [[""s"", ""sdg""], [""sx"", ""sxdg""], [""t"", ""tdg""]], ""parametric_inverse_gates"": [""p"", ""rx"", ""ry"", ""rz"", ""u1""], ""phase_merge_gates"": [""s"", ""sdg"", ""t"", ""tdg"", ""z"", ""p"", ""u1""], ""rotation_merge_gates"": [""rx"", ""ry"", ""rz""], ""self_inverse_gates"": [""ccx"", ""ch"", ""cswap"", ""cx"", ""cy"", ""cz"", ""h"", ""mcx"", ""swap"", ""x"", ""y"", ""z""]}, ""template_rewrites"": 0, ""theorem_target"": ""Thm 9 (BV oracle)"", ""version"": ""2.0.0""}"
E31-pilot,cnot_chain_5,CNOT,5,SHUFFLE,phase1,32,4,0.875,1.0,1af834f23a39de4aaf17b2f8f7016d3b7dc7d4aac0dfe76a62182c5bcc6ab5bb,5a5bd76678adc26bce80f33d3a44637a10d93df896096287ff6f00eea4b1f7bf,"{""algorithm"": ""greedy"", ""improvements"": 14, ""version"": ""3.2.0"", ""wire_traversal"": false}"
E31-pilot,cnot_chain_5,CNOT,5,SHUFFLE,phase2a,32,22,0.3125,1.0,1af834f23a39de4aaf17b2f8f7016d3b7dc7d4aac0dfe76a62182c5bcc6ab5bb,5a5bd76678adc26bce80f33d3a44637a10d93df896096287ff6f00eea4b1f7bf,"{""algorithm"": ""commutation_rewriter"", ""improvements"": 5, ""window_size"": 10}"
E31-pilot,cnot_chain_5,CNOT,5,SHUFFLE,phase2b,32,0,1.0,1.0,1af834f23a39de4aaf17b2f8f7016d3b7dc7d4aac0dfe76a62182c5bcc6ab5bb,5a5bd76678adc26bce80f33d3a44637a10d93df896096287ff6f00eea4b1f7bf,"{""algorithm"": ""phase2b_template_matcher_full_pipeline"", ""cz_conversions"": 0, ""h_reorders"": 0, ""hh_cancellations"": 0, ""local_cancellations"": 16, ""mcz_conversions"": 0, ""pair_gathers"": 7, ""phase_merges"": 0, ""pipeline"": ""full"", ""template_library"": {""conjugation_templates"": 6, ""inverse_pairs"": [[""s"", ""sdg""], [""sx"", ""sxdg""], [""t"", ""tdg""]], ""parametric_inverse_gates"": [""p"", ""rx"", ""ry"", ""rz"", ""u1""], ""phase_merge_gates"": [""s"", ""sdg"", ""t"", ""tdg"", ""z"", ""p"", ""u1""], ""rotation_merge_gates"": [""rx"", ""ry"", ""rz""], ""self_inverse_gates"": [""ccx"", ""ch"", ""cswap"", ""cx"", ""cy"", ""cz"", ""h"", ""mcx"", ""swap"", ""x"", ""y"", ""z""]}, ""template_rewrites"": 0, ""theorem_target"": ""Thm 9 (BV oracle)"", ""version"": ""2.0.0""}"
E31-pilot,bv_5,Oracle,6,LBL,phase1,16,16,0.0,0.9999999999999963,351812e2422dea6a191df1adc81100a4fd431345cee8a8a72b1f7b04de1a0395,351812e2422dea6a191df1adc81100a4fd431345cee8a8a72b1f7b04de1a0395,"{""algorithm"": ""greedy"", ""improvements"": 0, ""version"": ""3.2.0"", ""wire_traversal"": false}"
E31-pilot,bv_5,Oracle,6,LBL,phase2a,16,10,0.375,0.9999999999999963,351812e2422dea6a191df1adc81100a4fd431345cee8a8a72b1f7b04de1a0395,351812e2422dea6a191df1adc81100a4fd431345cee8a8a72b1f7b04de1a0395,"{""algorithm"": ""commutation_rewriter"", ""improvements"": 3, ""window_size"": 10}"
E31-pilot,bv_5,Oracle,6,LBL,phase2b,16,4,0.75,0.9999999999999963,351812e2422dea6a191df1adc81100a4fd431345cee8a8a72b1f7b04de1a0395,351812e2422dea6a191df1adc81100a4fd431345cee8a8a72b1f7b04de1a0395,"{""algorithm"": ""phase2b_template_matcher_full_pipeline"", ""cz_conversions"": 0, ""h_reorders"": 23, ""hh_cancellations"": 6, ""local_cancellations"": 0, ""mcz_conversions"": 0, ""pair_gathers"": 27, ""phase_merges"": 0, ""pipeline"": ""full"", ""template_library"": {""conjugation_templates"": 6, ""inverse_pairs"": [[""s"", ""sdg""], [""sx"", ""sxdg""], [""t"", ""tdg""]], ""parametric_inverse_gates"": [""p"", ""rx"", ""ry"", ""rz"", ""u1""], ""phase_merge_gates"": [""s"", ""sdg"", ""t"", ""tdg"", ""z"", ""p"", ""u1""], ""rotation_merge_gates"": [""rx"", ""ry"", ""rz""], ""self_inverse_gates"": [""ccx"", ""ch"", ""cswap"", ""cx"", ""cy"", ""cz"", ""h"", ""mcx"", ""swap"", ""x"", ""y"", ""z""]}, ""template_rewrites"": 2, ""theorem_target"": ""Thm 9 (BV oracle)"", ""version"": ""2.0.0""}"
E31-pilot,bv_5,Oracle,6,WCL,phase1,16,10,0.375,0.9999999999999963,351812e2422dea6a191df1adc81100a4fd431345cee8a8a72b1f7b04de1a0395,eb445c37d713dfac55eba5b3e232868a0de033339c15c01afd9cb16a7ded19c4,"{""algorithm"": ""greedy"", ""improvements"": 3, ""version"": ""3.2.0"", ""wire_traversal"": false}"
E31-pilot,bv_5,Oracle,6,WCL,phase2a,16,16,0.0,0.9999999999999963,351812e2422dea6a191df1adc81100a4fd431345cee8a8a72b1f7b04de1a0395,eb445c37d713dfac55eba5b3e232868a0de033339c15c01afd9cb16a7ded19c4,"{""algorithm"": ""commutation_rewriter"", ""improvements"": 0, ""window_size"": 10}"
E31-pilot,bv_5,Oracle,6,WCL,phase2b,16,4,0.75,0.9999999999999963,351812e2422dea6a191df1adc81100a4fd431345cee8a8a72b1f7b04de1a0395,eb445c37d713dfac55eba5b3e232868a0de033339c15c01afd9cb16a7ded19c4,"{""algorithm"": ""phase2b_template_matcher_full_pipeline"", ""cz_conversions"": 0, ""h_reorders"": 20, ""hh_cancellations"": 6, ""local_cancellations"": 0, ""mcz_conversions"": 0, ""pair_gathers"": 0, ""phase_merges"": 0, ""pipeline"": ""full"", ""template_library"": {""conjugation_templates"": 6, ""inverse_pairs"": [[""s"", ""sdg""], [""sx"", ""sxdg""], [""t"", ""tdg""]], ""parametric_inverse_gates"": [""p"", ""rx"", ""ry"", ""rz"", ""u1""], ""phase_merge_gates"": [""s"", ""sdg"", ""t"", ""tdg"", ""z"", ""p"", ""u1""], ""rotation_merge_gates"": [""rx"", ""ry"", ""rz""], ""self_inverse_gates"": [""ccx"", ""ch"", ""cswap"", ""cx"", ""cy"", ""cz"", ""h"", ""mcx"", ""swap"", ""x"", ""y"", ""z""]}, ""template_rewrites"": 2, ""theorem_target"": ""Thm 9 (BV oracle)"", ""version"": ""2.0.0""}"
E31-pilot,bv_5,Oracle,6,SHUFFLE,phase1,16,14,0.125,0.9999999999999963,351812e2422dea6a191df1adc81100a4fd431345cee8a8a72b1f7b04de1a0395,d7453d8af7c83d84f2e07a664de560c589085aad3eb31bd8cfd726e3be7e0bf3,"{""algorithm"": ""greedy"", ""improvements"": 1, ""version"": ""3.2.0"", ""wire_traversal"": false}"
E31-pilot,bv_5,Oracle,6,SHUFFLE,phase2a,16,12,0.25,0.9999999999999963,351812e2422dea6a191df1adc81100a4fd431345cee8a8a72b1f7b04de1a0395,d7453d8af7c83d84f2e07a664de560c589085aad3eb31bd8cfd726e3be7e0bf3,"{""algorithm"": ""commutation_rewriter"", ""improvements"": 2, ""window_size"": 10}"
E31-pilot,bv_5,Oracle,6,SHUFFLE,phase2b,16,4,0.75,0.9999999999999963,351812e2422dea6a191df1adc81100a4fd431345cee8a8a72b1f7b04de1a0395,d7453d8af7c83d84f2e07a664de560c589085aad3eb31bd8cfd726e3be7e0bf3,"{""algorithm"": ""phase2b_template_matcher_full_pipeline"", ""cz_conversions"": 0, ""h_reorders"": 9, ""hh_cancellations"": 6, ""local_cancellations"": 0, ""mcz_conversions"": 0, ""pair_gathers"": 5, ""phase_merges"": 0, ""pipeline"": ""full"", ""template_library"": {""conjugation_templates"": 6, ""inverse_pairs"": [[""s"", ""sdg""], [""sx"", ""sxdg""], [""t"", ""tdg""]], ""parametric_inverse_gates"": [""p"", ""rx"", ""ry"", ""rz"", ""u1""], ""phase_merge_gates"": [""s"", ""sdg"", ""t"", ""tdg"", ""z"", ""p"", ""u1""], ""rotation_merge_gates"": [""rx"", ""ry"", ""rz""], ""self_inverse_gates"": [""ccx"", ""ch"", ""cswap"", ""cx"", ""cy"", ""cz"", ""h"", ""mcx"", ""swap"", ""x"", ""y"", ""z""]}, ""template_rewrites"": 2, ""theorem_target"": ""Thm 9 (BV oracle)"", ""version"": ""2.0.0""}"
E31-pilot,qaoa_line_5,QAOA,5,LBL,phase1,22,22,0.0,1.0,e0248a909b2549d5ef75b37630cd65b03ae5c082ecac7a935168bf49fa1cb43f,e0248a909b2549d5ef75b37630cd65b03ae5c082ecac7a935168bf49fa1cb43f,"{""algorithm"": ""greedy"", ""improvements"": 0, ""version"": ""3.2.0"", ""wire_traversal"": false}"
E31-pilot,qaoa_line_5,QAOA,5,LBL,phase2a,22,22,0.0,1.0,e0248a909b2549d5ef75b37630cd65b03ae5c082ecac7a935168bf49fa1cb43f,e0248a909b2549d5ef75b37630cd65b03ae5c082ecac7a935168bf49fa1cb43f,"{""algorithm"": ""commutation_rewriter"", ""improvements"": 0, ""window_size"": 10}"
E31-pilot,qaoa_line_5,QAOA,5,LBL,phase2b,22,22,0.0,1.0,e0248a909b2549d5ef75b37630cd65b03ae5c082ecac7a935168bf49fa1cb43f,e0248a909b2549d5ef75b37630cd65b03ae5c082ecac7a935168bf49fa1cb43f,"{""algorithm"": ""phase2b_template_matcher_full_pipeline"", ""cz_conversions"": 0, ""h_reorders"": 0, ""hh_cancellations"": 0, ""local_cancellations"": 0, ""mcz_conversions"": 0, ""pair_gathers"": 0, ""phase_merges"": 0, ""pipeline"": ""full"", ""template_library"": {""conjugation_templates"": 6, ""inverse_pairs"": [[""s"", ""sdg""], [""sx"", ""sxdg""], [""t"", ""tdg""]], ""parametric_inverse_gates"": [""p"", ""rx"", ""ry"", ""rz"", ""u1""], ""phase_merge_gates"": [""s"", ""sdg"", ""t"", ""tdg"", ""z"", ""p"", ""u1""], ""rotation_merge_gates"": [""rx"", ""ry"", ""rz""], ""self_inverse_gates"": [""ccx"", ""ch"", ""cswap"", ""cx"", ""cy"", ""cz"", ""h"", ""mcx"", ""swap"", ""x"", ""y"", ""z""]}, ""template_rewrites"": 0, ""theorem_target"": ""Thm 9 (BV oracle)"", ""version"": ""2.0.0""}"
E31-pilot,qaoa_line_5,QAOA,5,WCL,phase1,22,22,0.0,1.0,e0248a909b2549d5ef75b37630cd65b03ae5c082ecac7a935168bf49fa1cb43f,e0248a909b2549d5ef75b37630cd65b03ae5c082ecac7a935168bf49fa1cb43f,"{""algorithm"": ""greedy"", ""improvements"": 0, ""version"": ""3.2.0"", ""wire_traversal"": false}"
E31-pilot,qaoa_line_5,QAOA,5,WCL,phase2a,22,22,0.0,1.0,e0248a909b2549d5ef75b37630cd65b03ae5c082ecac7a935168bf49fa1cb43f,e0248a909b2549d5ef75b37630cd65b03ae5c082ecac7a935168bf49fa1cb43f,"{""algorithm"": ""commutation_rewriter"", ""improvements"": 0, ""window_size"": 10}"
E31-pilot,qaoa_line_5,QAOA,5,WCL,phase2b,22,22,0.0,1.0,e0248a909b2549d5ef75b37630cd65b03ae5c082ecac7a935168bf49fa1cb43f,e0248a909b2549d5ef75b37630cd65b03ae5c082ecac7a935168bf49fa1cb43f,"{""algorithm"": ""phase2b_template_matcher_full_pipeline"", ""cz_conversions"": 0, ""h_reorders"": 0, ""hh_cancellations"": 0, ""local_cancellations"": 0, ""mcz_conversions"": 0, ""pair_gathers"": 0, ""phase_merges"": 0, ""pipeline"": ""full"", ""template_library"": {""conjugation_templates"": 6, ""inverse_pairs"": [[""s"", ""sdg""], [""sx"", ""sxdg""], [""t"", ""tdg""]], ""parametric_inverse_gates"": [""p"", ""rx"", ""ry"", ""rz"", ""u1""], ""phase_merge_gates"": [""s"", ""sdg"", ""t"", ""tdg"", ""z"", ""p"", ""u1""], ""rotation_merge_gates"": [""rx"", ""ry"", ""rz""], ""self_inverse_gates"": [""ccx"", ""ch"", ""cswap"", ""cx"", ""cy"", ""cz"", ""h"", ""mcx"", ""swap"", ""x"", ""y"", ""z""]}, ""template_rewrites"": 0, ""theorem_target"": ""Thm 9 (BV oracle)"", ""version"": ""2.0.0""}"
E31-pilot,qaoa_line_5,QAOA,5,SHUFFLE,phase1,22,22,0.0,1.0,e0248a909b2549d5ef75b37630cd65b03ae5c082ecac7a935168bf49fa1cb43f,680abfbc44d7e77d6a337575b69b65470bd2d0901a85558299c350036fed0d93,"{""algorithm"": ""greedy"", ""improvements"": 0, ""version"": ""3.2.0"", ""wire_traversal"": false}"
E31-pilot,qaoa_line_5,QAOA,5,SHUFFLE,phase2a,22,22,0.0,1.0,e0248a909b2549d5ef75b37630cd65b03ae5c082ecac7a935168bf49fa1cb43f,680abfbc44d7e77d6a337575b69b65470bd2d0901a85558299c350036fed0d93,"{""algorithm"": ""commutation_rewriter"", ""improvements"": 0, ""window_size"": 10}"
E31-pilot,qaoa_line_5,QAOA,5,SHUFFLE,phase2b,22,22,0.0,1.0,e0248a909b2549d5ef75b37630cd65b03ae5c082ecac7a935168bf49fa1cb43f,680abfbc44d7e77d6a337575b69b65470bd2d0901a85558299c350036fed0d93,"{""algorithm"": ""phase2b_template_matcher_full_pipeline"", ""cz_conversions"": 0, ""h_reorders"": 0, ""hh_cancellations"": 0, ""local_cancellations"": 0, ""mcz_conversions"": 0, ""pair_gathers"": 0, ""phase_merges"": 0, ""pipeline"": ""full"", ""template_library"": {""conjugation_templates"": 6, ""inverse_pairs"": [[""s"", ""sdg""], [""sx"", ""sxdg""], [""t"", ""tdg""]], ""parametric_inverse_gates"": [""p"", ""rx"", ""ry"", ""rz"", ""u1""], ""phase_merge_gates"": [""s"", ""sdg"", ""t"", ""tdg"", ""z"", ""p"", ""u1""], ""rotation_merge_gates"": [""rx"", ""ry"", ""rz""], ""self_inverse_gates"": [""ccx"", ""ch"", ""cswap"", ""cx"", ""cy"", ""cz"", ""h"", ""mcx"", ""swap"", ""x"", ""y"", ""z""]}, ""template_rewrites"": 0, ""theorem_target"": ""Thm 9 (BV oracle)"", ""version"": ""2.0.0""}"
E31-pilot,vqe_twolocal_5,VQE,5,LBL,phase1,24,24,0.0,1.0,76557859921679802768a3ad785773f46a65b381ffb19fe673410233562bd404,76557859921679802768a3ad785773f46a65b381ffb19fe673410233562bd404,"{""algorithm"": ""greedy"", ""improvements"": 0, ""version"": ""3.2.0"", ""wire_traversal"": false}"
E31-pilot,vqe_twolocal_5,VQE,5,LBL,phase2a,24,24,0.0,1.0,76557859921679802768a3ad785773f46a65b381ffb19fe673410233562bd404,76557859921679802768a3ad785773f46a65b381ffb19fe673410233562bd404,"{""algorithm"": ""commutation_rewriter"", ""improvements"": 0, ""window_size"": 10}"
E31-pilot,vqe_twolocal_5,VQE,5,LBL,phase2b,24,24,0.0,1.0,76557859921679802768a3ad785773f46a65b381ffb19fe673410233562bd404,76557859921679802768a3ad785773f46a65b381ffb19fe673410233562bd404,"{""algorithm"": ""phase2b_template_matcher_full_pipeline"", ""cz_conversions"": 0, ""h_reorders"": 0, ""hh_cancellations"": 0, ""local_cancellations"": 0, ""mcz_conversions"": 0, ""pair_gathers"": 0, ""phase_merges"": 0, ""pipeline"": ""full"", ""template_library"": {""conjugation_templates"": 6, ""inverse_pairs"": [[""s"", ""sdg""], [""sx"", ""sxdg""], [""t"", ""tdg""]], ""parametric_inverse_gates"": [""p"", ""rx"", ""ry"", ""rz"", ""u1""], ""phase_merge_gates"": [""s"", ""sdg"", ""t"", ""tdg"", ""z"", ""p"", ""u1""], ""rotation_merge_gates"": [""rx"", ""ry"", ""rz""], ""self_inverse_gates"": [""ccx"", ""ch"", ""cswap"", ""cx"", ""cy"", ""cz"", ""h"", ""mcx"", ""swap"", ""x"", ""y"", ""z""]}, ""template_rewrites"": 0, ""theorem_target"": ""Thm 9 (BV oracle)"", ""version"": ""2.0.0""}"
E31-pilot,vqe_twolocal_5,VQE,5,WCL,phase1,24,24,0.0,1.0,76557859921679802768a3ad785773f46a65b381ffb19fe673410233562bd404,76557859921679802768a3ad785773f46a65b381ffb19fe673410233562bd404,"{""algorithm"": ""greedy"", ""improvements"": 0, ""version"": ""3.2.0"", ""wire_traversal"": false}"
E31-pilot,vqe_twolocal_5,VQE,5,WCL,phase2a,24,24,0.0,1.0,76557859921679802768a3ad785773f46a65b381ffb19fe673410233562bd404,76557859921679802768a3ad785773f46a65b381ffb19fe673410233562bd404,"{""algorithm"": ""commutation_rewriter"", ""improvements"": 0, ""window_size"": 10}"
E31-pilot,vqe_twolocal_5,VQE,5,WCL,phase2b,24,24,0.0,1.0,76557859921679802768a3ad785773f46a65b381ffb19fe673410233562bd404,76557859921679802768a3ad785773f46a65b381ffb19fe673410233562bd404,"{""algorithm"": ""phase2b_template_matcher_full_pipeline"", ""cz_conversions"": 0, ""h_reorders"": 0, ""hh_cancellations"": 0, ""local_cancellations"": 0, ""mcz_conversions"": 0, ""pair_gathers"": 0, ""phase_merges"": 0, ""pipeline"": ""full"", ""template_library"": {""conjugation_templates"": 6, ""inverse_pairs"": [[""s"", ""sdg""], [""sx"", ""sxdg""], [""t"", ""tdg""]], ""parametric_inverse_gates"": [""p"", ""rx"", ""ry"", ""rz"", ""u1""], ""phase_merge_gates"": [""s"", ""sdg"", ""t"", ""tdg"", ""z"", ""p"", ""u1""], ""rotation_merge_gates"": [""rx"", ""ry"", ""rz""], ""self_inverse_gates"": [""ccx"", ""ch"", ""cswap"", ""cx"", ""cy"", ""cz"", ""h"", ""mcx"", ""swap"", ""x"", ""y"", ""z""]}, ""template_rewrites"": 0, ""theorem_target"": ""Thm 9 (BV oracle)"", ""version"": ""2.0.0""}"
E31-pilot,vqe_twolocal_5,VQE,5,SHUFFLE,phase1,24,24,0.0,1.0,76557859921679802768a3ad785773f46a65b381ffb19fe673410233562bd404,fdd88d40512b0da35af42a9761faf499b9618e3e5f9ff684638490e72c6326c3,"{""algorithm"": ""greedy"", ""improvements"": 0, ""version"": ""3.2.0"", ""wire_traversal"": false}"
E31-pilot,vqe_twolocal_5,VQE,5,SHUFFLE,phase2a,24,24,0.0,1.0,76557859921679802768a3ad785773f46a65b381ffb19fe673410233562bd404,fdd88d40512b0da35af42a9761faf499b9618e3e5f9ff684638490e72c6326c3,"{""algorithm"": ""commutation_rewriter"", ""improvements"": 0, ""window_size"": 10}"
E31-pilot,vqe_twolocal_5,VQE,5,SHUFFLE,phase2b,24,24,0.0,1.0,76557859921679802768a3ad785773f46a65b381ffb19fe673410233562bd404,fdd88d40512b0da35af42a9761faf499b9618e3e5f9ff684638490e72c6326c3,"{""algorithm"": ""phase2b_template_matcher_full_pipeline"", ""cz_conversions"": 0, ""h_reorders"": 0, ""hh_cancellations"": 0, ""local_cancellations"": 0, ""mcz_conversions"": 0, ""pair_gathers"": 0, ""phase_merges"": 0, ""pipeline"": ""full"", ""template_library"": {""conjugation_templates"": 6, ""inverse_pairs"": [[""s"", ""sdg""], [""sx"", ""sxdg""], [""t"", ""tdg""]], ""parametric_inverse_gates"": [""p"", ""rx"", ""ry"", ""rz"", ""u1""], ""phase_merge_gates"": [""s"", ""sdg"", ""t"", ""tdg"", ""z"", ""p"", ""u1""], ""rotation_merge_gates"": [""rx"", ""ry"", ""rz""], ""self_inverse_gates"": [""ccx"", ""ch"", ""cswap"", ""cx"", ""cy"", ""cz"", ""h"", ""mcx"", ""swap"", ""x"", ""y"", ""z""]}, ""template_rewrites"": 0, ""theorem_target"": ""Thm 9 (BV oracle)"", ""version"": ""2.0.0""}"
E31-pilot,hardware_eff_5,HardwareEfficient,5,LBL,phase1,14,14,0.0,1.0,6cea11f02d8829c6f9d2bddf83ec3985e51e9ccecbb355be269d7c7c84256d5c,6cea11f02d8829c6f9d2bddf83ec3985e51e9ccecbb355be269d7c7c84256d5c,"{""algorithm"": ""greedy"", ""improvements"": 0, ""version"": ""3.2.0"", ""wire_traversal"": false}"
E31-pilot,hardware_eff_5,HardwareEfficient,5,LBL,phase2a,14,14,0.0,1.0,6cea11f02d8829c6f9d2bddf83ec3985e51e9ccecbb355be269d7c7c84256d5c,6cea11f02d8829c6f9d2bddf83ec3985e51e9ccecbb355be269d7c7c84256d5c,"{""algorithm"": ""commutation_rewriter"", ""improvements"": 0, ""window_size"": 10}"
E31-pilot,hardware_eff_5,HardwareEfficient,5,LBL,phase2b,14,14,0.0,1.0,6cea11f02d8829c6f9d2bddf83ec3985e51e9ccecbb355be269d7c7c84256d5c,6cea11f02d8829c6f9d2bddf83ec3985e51e9ccecbb355be269d7c7c84256d5c,"{""algorithm"": ""phase2b_template_matcher_full_pipeline"", ""cz_conversions"": 0, ""h_reorders"": 0, ""hh_cancellations"": 0, ""local_cancellations"": 0, ""mcz_conversions"": 0, ""pair_gathers"": 0, ""phase_merges"": 0, ""pipeline"": ""full"", ""template_library"": {""conjugation_templates"": 6, ""inverse_pairs"": [[""s"", ""sdg""], [""sx"", ""sxdg""], [""t"", ""tdg""]], ""parametric_inverse_gates"": [""p"", ""rx"", ""ry"", ""rz"", ""u1""], ""phase_merge_gates"": [""s"", ""sdg"", ""t"", ""tdg"", ""z"", ""p"", ""u1""], ""rotation_merge_gates"": [""rx"", ""ry"", ""rz""], ""self_inverse_gates"": [""ccx"", ""ch"", ""cswap"", ""cx"", ""cy"", ""cz"", ""h"", ""mcx"", ""swap"", ""x"", ""y"", ""z""]}, ""template_rewrites"": 0, ""theorem_target"": ""Thm 9 (BV oracle)"", ""version"": ""2.0.0""}"
E31-pilot,hardware_eff_5,HardwareEfficient,5,WCL,phase1,14,14,0.0,1.0,6cea11f02d8829c6f9d2bddf83ec3985e51e9ccecbb355be269d7c7c84256d5c,55f14f203a6ff6be0d76835c386eca77aea68cdecb50de66e1ce878fa4c32101,"{""algorithm"": ""greedy"", ""improvements"": 0, ""version"": ""3.2.0"", ""wire_traversal"": false}"
E31-pilot,hardware_eff_5,HardwareEfficient,5,WCL,phase2a,14,14,0.0,1.0,6cea11f02d8829c6f9d2bddf83ec3985e51e9ccecbb355be269d7c7c84256d5c,55f14f203a6ff6be0d76835c386eca77aea68cdecb50de66e1ce878fa4c32101,"{""algorithm"": ""commutation_rewriter"", ""improvements"": 0, ""window_size"": 10}"
E31-pilot,hardware_eff_5,HardwareEfficient,5,WCL,phase2b,14,14,0.0,1.0,6cea11f02d8829c6f9d2bddf83ec3985e51e9ccecbb355be269d7c7c84256d5c,55f14f203a6ff6be0d76835c386eca77aea68cdecb50de66e1ce878fa4c32101,"{""algorithm"": ""phase2b_template_matcher_full_pipeline"", ""cz_conversions"": 0, ""h_reorders"": 0, ""hh_cancellations"": 0, ""local_cancellations"": 0, ""mcz_conversions"": 0, ""pair_gathers"": 0, ""phase_merges"": 0, ""pipeline"": ""full"", ""template_library"": {""conjugation_templates"": 6, ""inverse_pairs"": [[""s"", ""sdg""], [""sx"", ""sxdg""], [""t"", ""tdg""]], ""parametric_inverse_gates"": [""p"", ""rx"", ""ry"", ""rz"", ""u1""], ""phase_merge_gates"": [""s"", ""sdg"", ""t"", ""tdg"", ""z"", ""p"", ""u1""], ""rotation_merge_gates"": [""rx"", ""ry"", ""rz""], ""self_inverse_gates"": [""ccx"", ""ch"", ""cswap"", ""cx"", ""cy"", ""cz"", ""h"", ""mcx"", ""swap"", ""x"", ""y"", ""z""]}, ""template_rewrites"": 0, ""theorem_target"": ""Thm 9 (BV oracle)"", ""version"": ""2.0.0""}"
E31-pilot,hardware_eff_5,HardwareEfficient,5,SHUFFLE,phase1,14,14,0.0,1.0,6cea11f02d8829c6f9d2bddf83ec3985e51e9ccecbb355be269d7c7c84256d5c,2195970df8768f499df6b705d285c1d33b858acd863a199e54840cfcf1556c42,"{""algorithm"": ""greedy"", ""improvements"": 0, ""version"": ""3.2.0"", ""wire_traversal"": false}"
E31-pilot,hardware_eff_5,HardwareEfficient,5,SHUFFLE,phase2a,14,14,0.0,1.0,6cea11f02d8829c6f9d2bddf83ec3985e51e9ccecbb355be269d7c7c84256d5c,2195970df8768f499df6b705d285c1d33b858acd863a199e54840cfcf1556c42,"{""algorithm"": ""commutation_rewriter"", ""improvements"": 0, ""window_size"": 10}"
E31-pilot,hardware_eff_5,HardwareEfficient,5,SHUFFLE,phase2b,14,14,0.0,1.0,6cea11f02d8829c6f9d2bddf83ec3985e51e9ccecbb355be269d7c7c84256d5c,2195970df8768f499df6b705d285c1d33b858acd863a199e54840cfcf1556c42,"{""algorithm"": ""phase2b_template_matcher_full_pipeline"", ""cz_conversions"": 0, ""h_reorders"": 0, ""hh_cancellations"": 0, ""local_cancellations"": 0, ""mcz_conversions"": 0, ""pair_gathers"": 0, ""phase_merges"": 0, ""pipeline"": ""full"", ""template_library"": {""conjugation_templates"": 6, ""inverse_pairs"": [[""s"", ""sdg""], [""sx"", ""sxdg""], [""t"", ""tdg""]], ""parametric_inverse_gates"": [""p"", ""rx"", ""ry"", ""rz"", ""u1""], ""phase_merge_gates"": [""s"", ""sdg"", ""t"", ""tdg"", ""z"", ""p"", ""u1""], ""rotation_merge_gates"": [""rx"", ""ry"", ""rz""], ""self_inverse_gates"": [""ccx"", ""ch"", ""cswap"", ""cx"", ""cy"", ""cz"", ""h"", ""mcx"", ""swap"", ""x"", ""y"", ""z""]}, ""template_rewrites"": 0, ""theorem_target"": ""Thm 9 (BV oracle)"", ""version"": ""2.0.0""}"
E31-pilot,grover_5,Grover,5,LBL,phase1,39,39,0.0,0.9999999999999714,0e839763a3181629607938d596ac26da99338a49d06ac77fdb30a5353bd30e4f,0e839763a3181629607938d596ac26da99338a49d06ac77fdb30a5353bd30e4f,"{""algorithm"": ""greedy"", ""improvements"": 0, ""version"": ""3.2.0"", ""wire_traversal"": false}"
E31-pilot,grover_5,Grover,5,LBL,phase2a,39,37,0.05128205128205132,0.9999999999999714,0e839763a3181629607938d596ac26da99338a49d06ac77fdb30a5353bd30e4f,0e839763a3181629607938d596ac26da99338a49d06ac77fdb30a5353bd30e4f,"{""algorithm"": ""commutation_rewriter"", ""improvements"": 1, ""window_size"": 10}"
E31-pilot,grover_5,Grover,5,LBL,phase2b,39,33,0.15384615384615385,0.9999999999999714,0e839763a3181629607938d596ac26da99338a49d06ac77fdb30a5353bd30e4f,0e839763a3181629607938d596ac26da99338a49d06ac77fdb30a5353bd30e4f,"{""algorithm"": ""phase2b_template_matcher_full_pipeline"", ""cz_conversions"": 0, ""h_reorders"": 0, ""hh_cancellations"": 2, ""local_cancellations"": 0, ""mcz_conversions"": 1, ""pair_gathers"": 16, ""phase_merges"": 0, ""pipeline"": ""full"", ""template_library"": {""conjugation_templates"": 6, ""inverse_pairs"": [[""s"", ""sdg""], [""sx"", ""sxdg""], [""t"", ""tdg""]], ""parametric_inverse_gates"": [""p"", ""rx"", ""ry"", ""rz"", ""u1""], ""phase_merge_gates"": [""s"", ""sdg"", ""t"", ""tdg"", ""z"", ""p"", ""u1""], ""rotation_merge_gates"": [""rx"", ""ry"", ""rz""], ""self_inverse_gates"": [""ccx"", ""ch"", ""cswap"", ""cx"", ""cy"", ""cz"", ""h"", ""mcx"", ""swap"", ""x"", ""y"", ""z""]}, ""template_rewrites"": 0, ""theorem_target"": ""Thm 9 (BV oracle)"", ""version"": ""2.0.0""}"
E31-pilot,grover_5,Grover,5,WCL,phase1,39,35,0.10256410256410253,0.9999999999999711,0e839763a3181629607938d596ac26da99338a49d06ac77fdb30a5353bd30e4f,64bf4cfe63596deaa9ded9710acd44f140fafa4e1a4b35ea58383c5a2bab9688,"{""algorithm"": ""greedy"", ""improvements"": 2, ""version"": ""3.2.0"", ""wire_traversal"": false}"
E31-pilot,grover_5,Grover,5,WCL,phase2a,39,39,0.0,0.9999999999999711,0e839763a3181629607938d596ac26da99338a49d06ac77fdb30a5353bd30e4f,64bf4cfe63596deaa9ded9710acd44f140fafa4e1a4b35ea58383c5a2bab9688,"{""algorithm"": ""commutation_rewriter"", ""improvements"": 0, ""window_size"": 10}"
E31-pilot,grover_5,Grover,5,WCL,phase2b,39,35,0.10256410256410253,0.9999999999999711,0e839763a3181629607938d596ac26da99338a49d06ac77fdb30a5353bd30e4f,64bf4cfe63596deaa9ded9710acd44f140fafa4e1a4b35ea58383c5a2bab9688,"{""algorithm"": ""phase2b_template_matcher_full_pipeline"", ""cz_conversions"": 0, ""h_reorders"": 20, ""hh_cancellations"": 0, ""local_cancellations"": 0, ""mcz_conversions"": 2, ""pair_gathers"": 12, ""phase_merges"": 0, ""pipeline"": ""full"", ""template_library"": {""conjugation_templates"": 6, ""inverse_pairs"": [[""s"", ""sdg""], [""sx"", ""sxdg""], [""t"", ""tdg""]], ""parametric_inverse_gates"": [""p"", ""rx"", ""ry"", ""rz"", ""u1""], ""phase_merge_gates"": [""s"", ""sdg"", ""t"", ""tdg"", ""z"", ""p"", ""u1""], ""rotation_merge_gates"": [""rx"", ""ry"", ""rz""], ""self_inverse_gates"": [""ccx"", ""ch"", ""cswap"", ""cx"", ""cy"", ""cz"", ""h"", ""mcx"", ""swap"", ""x"", ""y"", ""z""]}, ""template_rewrites"": 0, ""theorem_target"": ""Thm 9 (BV oracle)"", ""version"": ""2.0.0""}"
E31-pilot,grover_5,Grover,5,SHUFFLE,phase1,39,39,0.0,0.9999999999999711,0e839763a3181629607938d596ac26da99338a49d06ac77fdb30a5353bd30e4f,8c0d5110b6bd6f29f3f1533b0081be69b970d357e244ae893de65d82d493d008,"{""algorithm"": ""greedy"", ""improvements"": 0, ""version"": ""3.2.0"", ""wire_traversal"": false}"
E31-pilot,grover_5,Grover,5,SHUFFLE,phase2a,39,35,0.10256410256410253,0.9999999999999711,0e839763a3181629607938d596ac26da99338a49d06ac77fdb30a5353bd30e4f,8c0d5110b6bd6f29f3f1533b0081be69b970d357e244ae893de65d82d493d008,"{""algorithm"": ""commutation_rewriter"", ""improvements"": 2, ""window_size"": 10}"
E31-pilot,grover_5,Grover,5,SHUFFLE,phase2b,39,33,0.15384615384615385,0.9999999999999711,0e839763a3181629607938d596ac26da99338a49d06ac77fdb30a5353bd30e4f,8c0d5110b6bd6f29f3f1533b0081be69b970d357e244ae893de65d82d493d008,"{""algorithm"": ""phase2b_template_matcher_full_pipeline"", ""cz_conversions"": 0, ""h_reorders"": 7, ""hh_cancellations"": 2, ""local_cancellations"": 0, ""mcz_conversions"": 1, ""pair_gathers"": 6, ""phase_merges"": 0, ""pipeline"": ""full"", ""template_library"": {""conjugation_templates"": 6, ""inverse_pairs"": [[""s"", ""sdg""], [""sx"", ""sxdg""], [""t"", ""tdg""]], ""parametric_inverse_gates"": [""p"", ""rx"", ""ry"", ""rz"", ""u1""], ""phase_merge_gates"": [""s"", ""sdg"", ""t"", ""tdg"", ""z"", ""p"", ""u1""], ""rotation_merge_gates"": [""rx"", ""ry"", ""rz""], ""self_inverse_gates"": [""ccx"", ""ch"", ""cswap"", ""cx"", ""cy"", ""cz"", ""h"", ""mcx"", ""swap"", ""x"", ""y"", ""z""]}, ""template_rewrites"": 0, ""theorem_target"": ""Thm 9 (BV oracle)"", ""version"": ""2.0.0""}"
E31-pilot,adder_5,Adder,7,LBL,phase1,14,14,0.0,1.0,b79269fb3472b9940c82abb537a4c9e0f8d12bf42c05600b2d87af818d56c1e5,b79269fb3472b9940c82abb537a4c9e0f8d12bf42c05600b2d87af818d56c1e5,"{""algorithm"": ""greedy"", ""improvements"": 0, ""version"": ""3.2.0"", ""wire_traversal"": false}"
E31-pilot,adder_5,Adder,7,LBL,phase2a,14,14,0.0,1.0,b79269fb3472b9940c82abb537a4c9e0f8d12bf42c05600b2d87af818d56c1e5,b79269fb3472b9940c82abb537a4c9e0f8d12bf42c05600b2d87af818d56c1e5,"{""algorithm"": ""commutation_rewriter"", ""improvements"": 0, ""window_size"": 10}"
E31-pilot,adder_5,Adder,7,LBL,phase2b,14,14,0.0,1.0,b79269fb3472b9940c82abb537a4c9e0f8d12bf42c05600b2d87af818d56c1e5,b79269fb3472b9940c82abb537a4c9e0f8d12bf42c05600b2d87af818d56c1e5,"{""algorithm"": ""phase2b_template_matcher_full_pipeline"", ""cz_conversions"": 0, ""h_reorders"": 0, ""hh_cancellations"": 0, ""local_cancellations"": 0, ""mcz_conversions"": 0, ""pair_gathers"": 0, ""phase_merges"": 0, ""pipeline"": ""full"", ""template_library"": {""conjugation_templates"": 6, ""inverse_pairs"": [[""s"", ""sdg""], [""sx"", ""sxdg""], [""t"", ""tdg""]], ""parametric_inverse_gates"": [""p"", ""rx"", ""ry"", ""rz"", ""u1""], ""phase_merge_gates"": [""s"", ""sdg"", ""t"", ""tdg"", ""z"", ""p"", ""u1""], ""rotation_merge_gates"": [""rx"", ""ry"", ""rz""], ""self_inverse_gates"": [""ccx"", ""ch"", ""cswap"", ""cx"", ""cy"", ""cz"", ""h"", ""mcx"", ""swap"", ""x"", ""y"", ""z""]}, ""template_rewrites"": 0, ""theorem_target"": ""Thm 9 (BV oracle)"", ""version"": ""2.0.0""}"
E31-pilot,adder_5,Adder,7,WCL,phase1,14,14,0.0,1.0,b79269fb3472b9940c82abb537a4c9e0f8d12bf42c05600b2d87af818d56c1e5,9e4f5a96f943adfabab5360ce746daf1dd0e323c0d5774fd571b646e2c0de4de,"{""algorithm"": ""greedy"", ""improvements"": 0, ""version"": ""3.2.0"", ""wire_traversal"": false}"
E31-pilot,adder_5,Adder,7,WCL,phase2a,14,14,0.0,1.0,b79269fb3472b9940c82abb537a4c9e0f8d12bf42c05600b2d87af818d56c1e5,9e4f5a96f943adfabab5360ce746daf1dd0e323c0d5774fd571b646e2c0de4de,"{""algorithm"": ""commutation_rewriter"", ""improvements"": 0, ""window_size"": 10}"
E31-pilot,adder_5,Adder,7,WCL,phase2b,14,14,0.0,1.0,b79269fb3472b9940c82abb537a4c9e0f8d12bf42c05600b2d87af818d56c1e5,9e4f5a96f943adfabab5360ce746daf1dd0e323c0d5774fd571b646e2c0de4de,"{""algorithm"": ""phase2b_template_matcher_full_pipeline"", ""cz_conversions"": 0, ""h_reorders"": 0, ""hh_cancellations"": 0, ""local_cancellations"": 0, ""mcz_conversions"": 0, ""pair_gathers"": 0, ""phase_merges"": 0, ""pipeline"": ""full"", ""template_library"": {""conjugation_templates"": 6, ""inverse_pairs"": [[""s"", ""sdg""], [""sx"", ""sxdg""], [""t"", ""tdg""]], ""parametric_inverse_gates"": [""p"", ""rx"", ""ry"", ""rz"", ""u1""], ""phase_merge_gates"": [""s"", ""sdg"", ""t"", ""tdg"", ""z"", ""p"", ""u1""], ""rotation_merge_gates"": [""rx"", ""ry"", ""rz""], ""self_inverse_gates"": [""ccx"", ""ch"", ""cswap"", ""cx"", ""cy"", ""cz"", ""h"", ""mcx"", ""swap"", ""x"", ""y"", ""z""]}, ""template_rewrites"": 0, ""theorem_target"": ""Thm 9 (BV oracle)"", ""version"": ""2.0.0""}"
E31-pilot,adder_5,Adder,7,SHUFFLE,phase1,14,14,0.0,1.0,b79269fb3472b9940c82abb537a4c9e0f8d12bf42c05600b2d87af818d56c1e5,79c36df9b431ffae9512fecb59bb3bb8eba88225619381232ab810d2e83ec26a,"{""algorithm"": ""greedy"", ""improvements"": 0, ""version"": ""3.2.0"", ""wire_traversal"": false}"
E31-pilot,adder_5,Adder,7,SHUFFLE,phase2a,14,14,0.0,1.0,b79269fb3472b9940c82abb537a4c9e0f8d12bf42c05600b2d87af818d56c1e5,79c36df9b431ffae9512fecb59bb3bb8eba88225619381232ab810d2e83ec26a,"{""algorithm"": ""commutation_rewriter"", ""improvements"": 0, ""window_size"": 10}"
E31-pilot,adder_5,Adder,7,SHUFFLE,phase2b,14,14,0.0,1.0,b79269fb3472b9940c82abb537a4c9e0f8d12bf42c05600b2d87af818d56c1e5,79c36df9b431ffae9512fecb59bb3bb8eba88225619381232ab810d2e83ec26a,"{""algorithm"": ""phase2b_template_matcher_full_pipeline"", ""cz_conversions"": 0, ""h_reorders"": 0, ""hh_cancellations"": 0, ""local_cancellations"": 0, ""mcz_conversions"": 0, ""pair_gathers"": 0, ""phase_merges"": 0, ""pipeline"": ""full"", ""template_library"": {""conjugation_templates"": 6, ""inverse_pairs"": [[""s"", ""sdg""], [""sx"", ""sxdg""], [""t"", ""tdg""]], ""parametric_inverse_gates"": [""p"", ""rx"", ""ry"", ""rz"", ""u1""], ""phase_merge_gates"": [""s"", ""sdg"", ""t"", ""tdg"", ""z"", ""p"", ""u1""], ""rotation_merge_gates"": [""rx"", ""ry"", ""rz""], ""self_inverse_gates"": [""ccx"", ""ch"", ""cswap"", ""cx"", ""cy"", ""cz"", ""h"", ""mcx"", ""swap"", ""x"", ""y"", ""z""]}, ""template_rewrites"": 0, ""theorem_target"": ""Thm 9 (BV oracle)"", ""version"": ""2.0.0""}"
E31-pilot,qwalk_5,QuantumWalk,6,LBL,phase1,70,70,0.0,0.9999999999998184,5a55da0fb19b4cb3fdee4cbfe4637c7eb334119666d7dec457c29f1e566a37d2,5a55da0fb19b4cb3fdee4cbfe4637c7eb334119666d7dec457c29f1e566a37d2,"{""algorithm"": ""greedy"", ""improvements"": 0, ""version"": ""3.2.0"", ""wire_traversal"": false}"
E31-pilot,qwalk_5,QuantumWalk,6,LBL,phase2a,70,70,0.0,0.9999999999998184,5a55da0fb19b4cb3fdee4cbfe4637c7eb334119666d7dec457c29f1e566a37d2,5a55da0fb19b4cb3fdee4cbfe4637c7eb334119666d7dec457c29f1e566a37d2,"{""algorithm"": ""commutation_rewriter"", ""improvements"": 0, ""window_size"": 10}"
E31-pilot,qwalk_5,QuantumWalk,6,LBL,phase2b,70,70,0.0,0.9999999999998184,5a55da0fb19b4cb3fdee4cbfe4637c7eb334119666d7dec457c29f1e566a37d2,5a55da0fb19b4cb3fdee4cbfe4637c7eb334119666d7dec457c29f1e566a37d2,"{""algorithm"": ""phase2b_template_matcher_full_pipeline"", ""cz_conversions"": 0, ""h_reorders"": 10, ""hh_cancellations"": 0, ""local_cancellations"": 0, ""mcz_conversions"": 0, ""pair_gathers"": 0, ""phase_merges"": 0, ""pipeline"": ""full"", ""template_library"": {""conjugation_templates"": 6, ""inverse_pairs"": [[""s"", ""sdg""], [""sx"", ""sxdg""], [""t"", ""tdg""]], ""parametric_inverse_gates"": [""p"", ""rx"", ""ry"", ""rz"", ""u1""], ""phase_merge_gates"": [""s"", ""sdg"", ""t"", ""tdg"", ""z"", ""p"", ""u1""], ""rotation_merge_gates"": [""rx"", ""ry"", ""rz""], ""self_inverse_gates"": [""ccx"", ""ch"", ""cswap"", ""cx"", ""cy"", ""cz"", ""h"", ""mcx"", ""swap"", ""x"", ""y"", ""z""]}, ""template_rewrites"": 0, ""theorem_target"": ""Thm 9 (BV oracle)"", ""version"": ""2.0.0""}"
E31-pilot,qwalk_5,QuantumWalk,6,WCL,phase1,70,70,0.0,0.9999999999998184,5a55da0fb19b4cb3fdee4cbfe4637c7eb334119666d7dec457c29f1e566a37d2,e99bb95c6514b36bce23fd08f97a945618ef3f1349b5177ede16274519af36c9,"{""algorithm"": ""greedy"", ""improvements"": 0, ""version"": ""3.2.0"", ""wire_traversal"": false}"
E31-pilot,qwalk_5,QuantumWalk,6,WCL,phase2a,70,70,0.0,0.9999999999998184,5a55da0fb19b4cb3fdee4cbfe4637c7eb334119666d7dec457c29f1e566a37d2,e99bb95c6514b36bce23fd08f97a945618ef3f1349b5177ede16274519af36c9,"{""algorithm"": ""commutation_rewriter"", ""improvements"": 0, ""window_size"": 10}"
E31-pilot,qwalk_5,QuantumWalk,6,WCL,phase2b,70,70,0.0,0.9999999999998184,5a55da0fb19b4cb3fdee4cbfe4637c7eb334119666d7dec457c29f1e566a37d2,e99bb95c6514b36bce23fd08f97a945618ef3f1349b5177ede16274519af36c9,"{""algorithm"": ""phase2b_template_matcher_full_pipeline"", ""cz_conversions"": 0, ""h_reorders"": 10, ""hh_cancellations"": 0, ""local_cancellations"": 0, ""mcz_conversions"": 0, ""pair_gathers"": 0, ""phase_merges"": 0, ""pipeline"": ""full"", ""template_library"": {""conjugation_templates"": 6, ""inverse_pairs"": [[""s"", ""sdg""], [""sx"", ""sxdg""], [""t"", ""tdg""]], ""parametric_inverse_gates"": [""p"", ""rx"", ""ry"", ""rz"", ""u1""], ""phase_merge_gates"": [""s"", ""sdg"", ""t"", ""tdg"", ""z"", ""p"", ""u1""], ""rotation_merge_gates"": [""rx"", ""ry"", ""rz""], ""self_inverse_gates"": [""ccx"", ""ch"", ""cswap"", ""cx"", ""cy"", ""cz"", ""h"", ""mcx"", ""swap"", ""x"", ""y"", ""z""]}, ""template_rewrites"": 0, ""theorem_target"": ""Thm 9 (BV oracle)"", ""version"": ""2.0.0""}"
E31-pilot,qwalk_5,QuantumWalk,6,SHUFFLE,phase1,70,70,0.0,0.9999999999998184,5a55da0fb19b4cb3fdee4cbfe4637c7eb334119666d7dec457c29f1e566a37d2,409ec5ec62bd416bfc70098474356014ab6b0f0c4e0f0d9ed86d9bd76e5dd681,"{""algorithm"": ""greedy"", ""improvements"": 0, ""version"": ""3.2.0"", ""wire_traversal"": false}"
E31-pilot,qwalk_5,QuantumWalk,6,SHUFFLE,phase2a,70,70,0.0,0.9999999999998184,5a55da0fb19b4cb3fdee4cbfe4637c7eb334119666d7dec457c29f1e566a37d2,409ec5ec62bd416bfc70098474356014ab6b0f0c4e0f0d9ed86d9bd76e5dd681,"{""algorithm"": ""commutation_rewriter"", ""improvements"": 0, ""window_size"": 10}"
E31-pilot,qwalk_5,QuantumWalk,6,SHUFFLE,phase2b,70,70,0.0,0.9999999999998184,5a55da0fb19b4cb3fdee4cbfe4637c7eb334119666d7dec457c29f1e566a37d2,409ec5ec62bd416bfc70098474356014ab6b0f0c4e0f0d9ed86d9bd76e5dd681,"{""algorithm"": ""phase2b_template_matcher_full_pipeline"", ""cz_conversions"": 0, ""h_reorders"": 1, ""hh_cancellations"": 0, ""local_cancellations"": 0, ""mcz_conversions"": 0, ""pair_gathers"": 0, ""phase_merges"": 0, ""pipeline"": ""full"", ""template_library"": {""conjugation_templates"": 6, ""inverse_pairs"": [[""s"", ""sdg""], [""sx"", ""sxdg""], [""t"", ""tdg""]], ""parametric_inverse_gates"": [""p"", ""rx"", ""ry"", ""rz"", ""u1""], ""phase_merge_gates"": [""s"", ""sdg"", ""t"", ""tdg"", ""z"", ""p"", ""u1""], ""rotation_merge_gates"": [""rx"", ""ry"", ""rz""], ""self_inverse_gates"": [""ccx"", ""ch"", ""cswap"", ""cx"", ""cy"", ""cz"", ""h"", ""mcx"", ""swap"", ""x"", ""y"", ""z""]}, ""template_rewrites"": 0, ""theorem_target"": ""Thm 9 (BV oracle)"", ""version"": ""2.0.0""}"
E31-pilot,iqp_5,IQP,5,LBL,phase1,24,24,0.0,0.9999999999999981,d531176152dc240c8175391f34c551c25aab72033be1d73430559eceafe883bf,d531176152dc240c8175391f34c551c25aab72033be1d73430559eceafe883bf,"{""algorithm"": ""greedy"", ""improvements"": 0, ""version"": ""3.2.0"", ""wire_traversal"": false}"
E31-pilot,iqp_5,IQP,5,LBL,phase2a,24,22,0.08333333333333337,0.9999999999999981,d531176152dc240c8175391f34c551c25aab72033be1d73430559eceafe883bf,d531176152dc240c8175391f34c551c25aab72033be1d73430559eceafe883bf,"{""algorithm"": ""commutation_rewriter"", ""improvements"": 1, ""window_size"": 10}"
E31-pilot,iqp_5,IQP,5,LBL,phase2b,24,17,0.29166666666666663,0.9999999999999981,d531176152dc240c8175391f34c551c25aab72033be1d73430559eceafe883bf,d531176152dc240c8175391f34c551c25aab72033be1d73430559eceafe883bf,"{""algorithm"": ""phase2b_template_matcher_full_pipeline"", ""cz_conversions"": 0, ""h_reorders"": 40, ""hh_cancellations"": 0, ""local_cancellations"": 1, ""mcz_conversions"": 0, ""pair_gathers"": 35, ""phase_merges"": 4, ""pipeline"": ""full"", ""template_library"": {""conjugation_templates"": 6, ""inverse_pairs"": [[""s"", ""sdg""], [""sx"", ""sxdg""], [""t"", ""tdg""]], ""parametric_inverse_gates"": [""p"", ""rx"", ""ry"", ""rz"", ""u1""], ""phase_merge_gates"": [""s"", ""sdg"", ""t"", ""tdg"", ""z"", ""p"", ""u1""], ""rotation_merge_gates"": [""rx"", ""ry"", ""rz""], ""self_inverse_gates"": [""ccx"", ""ch"", ""cswap"", ""cx"", ""cy"", ""cz"", ""h"", ""mcx"", ""swap"", ""x"", ""y"", ""z""]}, ""template_rewrites"": 0, ""theorem_target"": ""Thm 9 (BV oracle)"", ""version"": ""2.0.0""}"
E31-pilot,iqp_5,IQP,5,WCL,phase1,24,23,0.04166666666666663,0.9999999999999981,d531176152dc240c8175391f34c551c25aab72033be1d73430559eceafe883bf,9ba54051c2ba1c63598f037c83cca0ec14f00411bbe59c3951e34a78eece3610,"{""algorithm"": ""greedy"", ""improvements"": 0, ""version"": ""3.2.0"", ""wire_traversal"": false}"
E31-pilot,iqp_5,IQP,5,WCL,phase2a,24,22,0.08333333333333337,0.9999999999999981,d531176152dc240c8175391f34c551c25aab72033be1d73430559eceafe883bf,9ba54051c2ba1c63598f037c83cca0ec14f00411bbe59c3951e34a78eece3610,"{""algorithm"": ""commutation_rewriter"", ""improvements"": 1, ""window_size"": 10}"
E31-pilot,iqp_5,IQP,5,WCL,phase2b,24,17,0.29166666666666663,0.9999999999999981,d531176152dc240c8175391f34c551c25aab72033be1d73430559eceafe883bf,9ba54051c2ba1c63598f037c83cca0ec14f00411bbe59c3951e34a78eece3610,"{""algorithm"": ""phase2b_template_matcher_full_pipeline"", ""cz_conversions"": 0, ""h_reorders"": 12, ""hh_cancellations"": 0, ""local_cancellations"": 1, ""mcz_conversions"": 0, ""pair_gathers"": 20, ""phase_merges"": 4, ""pipeline"": ""full"", ""template_library"": {""conjugation_templates"": 6, ""inverse_pairs"": [[""s"", ""sdg""], [""sx"", ""sxdg""], [""t"", ""tdg""]], ""parametric_inverse_gates"": [""p"", ""rx"", ""ry"", ""rz"", ""u1""], ""phase_merge_gates"": [""s"", ""sdg"", ""t"", ""tdg"", ""z"", ""p"", ""u1""], ""rotation_merge_gates"": [""rx"", ""ry"", ""rz""], ""self_inverse_gates"": [""ccx"", ""ch"", ""cswap"", ""cx"", ""cy"", ""cz"", ""h"", ""mcx"", ""swap"", ""x"", ""y"", ""z""]}, ""template_rewrites"": 0, ""theorem_target"": ""Thm 9 (BV oracle)"", ""version"": ""2.0.0""}"
E31-pilot,iqp_5,IQP,5,SHUFFLE,phase1,24,24,0.0,0.999999999999997,d531176152dc240c8175391f34c551c25aab72033be1d73430559eceafe883bf,2c737cd5ddbc10806293f6caae6593f20c356a09e2c6d2e30f6686c125a5bd97,"{""algorithm"": ""greedy"", ""improvements"": 0, ""version"": ""3.2.0"", ""wire_traversal"": false}"
E31-pilot,iqp_5,IQP,5,SHUFFLE,phase2a,24,22,0.08333333333333337,0.999999999999997,d531176152dc240c8175391f34c551c25aab72033be1d73430559eceafe883bf,2c737cd5ddbc10806293f6caae6593f20c356a09e2c6d2e30f6686c125a5bd97,"{""algorithm"": ""commutation_rewriter"", ""improvements"": 1, ""window_size"": 10}"
E31-pilot,iqp_5,IQP,5,SHUFFLE,phase2b,24,17,0.29166666666666663,0.999999999999997,d531176152dc240c8175391f34c551c25aab72033be1d73430559eceafe883bf,2c737cd5ddbc10806293f6caae6593f20c356a09e2c6d2e30f6686c125a5bd97,"{""algorithm"": ""phase2b_template_matcher_full_pipeline"", ""cz_conversions"": 0, ""h_reorders"": 25, ""hh_cancellations"": 0, ""local_cancellations"": 1, ""mcz_conversions"": 0, ""pair_gathers"": 44, ""phase_merges"": 4, ""pipeline"": ""full"", ""template_library"": {""conjugation_templates"": 6, ""inverse_pairs"": [[""s"", ""sdg""], [""sx"", ""sxdg""], [""t"", ""tdg""]], ""parametric_inverse_gates"": [""p"", ""rx"", ""ry"", ""rz"", ""u1""], ""phase_merge_gates"": [""s"", ""sdg"", ""t"", ""tdg"", ""z"", ""p"", ""u1""], ""rotation_merge_gates"": [""rx"", ""ry"", ""rz""], ""self_inverse_gates"": [""ccx"", ""ch"", ""cswap"", ""cx"", ""cy"", ""cz"", ""h"", ""mcx"", ""swap"", ""x"", ""y"", ""z""]}, ""template_rewrites"": 0, ""theorem_target"": ""Thm 9 (BV oracle)"", ""version"": ""2.0.0""}"
E31-pilot,clifford_5,RandomClifford,5,LBL,phase1,44,44,0.0,0.9999999999999929,9d015aecc765745ccf91e9de61333a5c41bc91178dd2692cb177c06b70be9a68,9d015aecc765745ccf91e9de61333a5c41bc91178dd2692cb177c06b70be9a68,"{""algorithm"": ""greedy"", ""improvements"": 0, ""version"": ""3.2.0"", ""wire_traversal"": false}"
E31-pilot,clifford_5,RandomClifford,5,LBL,phase2a,44,32,0.2727272727272727,0.9999999999999929,9d015aecc765745ccf91e9de61333a5c41bc91178dd2692cb177c06b70be9a68,9d015aecc765745ccf91e9de61333a5c41bc91178dd2692cb177c06b70be9a68,"{""algorithm"": ""commutation_rewriter"", ""improvements"": 6, ""window_size"": 10}"
E31-pilot,clifford_5,RandomClifford,5,LBL,phase2b,44,26,0.40909090909090906,0.9999999999999929,9d015aecc765745ccf91e9de61333a5c41bc91178dd2692cb177c06b70be9a68,9d015aecc765745ccf91e9de61333a5c41bc91178dd2692cb177c06b70be9a68,"{""algorithm"": ""phase2b_template_matcher_full_pipeline"", ""cz_conversions"": 0, ""h_reorders"": 24, ""hh_cancellations"": 6, ""local_cancellations"": 0, ""mcz_conversions"": 0, ""pair_gathers"": 48, ""phase_merges"": 5, ""pipeline"": ""full"", ""template_library"": {""conjugation_templates"": 6, ""inverse_pairs"": [[""s"", ""sdg""], [""sx"", ""sxdg""], [""t"", ""tdg""]], ""parametric_inverse_gates"": [""p"", ""rx"", ""ry"", ""rz"", ""u1""], ""phase_merge_gates"": [""s"", ""sdg"", ""t"", ""tdg"", ""z"", ""p"", ""u1""], ""rotation_merge_gates"": [""rx"", ""ry"", ""rz""], ""self_inverse_gates"": [""ccx"", ""ch"", ""cswap"", ""cx"", ""cy"", ""cz"", ""h"", ""mcx"", ""swap"", ""x"", ""y"", ""z""]}, ""template_rewrites"": 2, ""theorem_target"": ""Thm 9 (BV oracle)"", ""version"": ""2.0.0""}"
E31-pilot,clifford_5,RandomClifford,5,WCL,phase1,44,32,0.2727272727272727,0.9999999999999929,9d015aecc765745ccf91e9de61333a5c41bc91178dd2692cb177c06b70be9a68,5d75ed4d3c75c9fdbdd04a3c806790d5276d07e34883582fab61f0f4739a1b4f,"{""algorithm"": ""greedy"", ""improvements"": 6, ""version"": ""3.2.0"", ""wire_traversal"": false}"
E31-pilot,clifford_5,RandomClifford,5,WCL,phase2a,44,42,0.045454545454545414,0.9999999999999929,9d015aecc765745ccf91e9de61333a5c41bc91178dd2692cb177c06b70be9a68,5d75ed4d3c75c9fdbdd04a3c806790d5276d07e34883582fab61f0f4739a1b4f,"{""algorithm"": ""commutation_rewriter"", ""improvements"": 1, ""window_size"": 10}"
E31-pilot,clifford_5,RandomClifford,5,WCL,phase2b,44,26,0.40909090909090906,0.9999999999999929,9d015aecc765745ccf91e9de61333a5c41bc91178dd2692cb177c06b70be9a68,5d75ed4d3c75c9fdbdd04a3c806790d5276d07e34883582fab61f0f4739a1b4f,"{""algorithm"": ""phase2b_template_matcher_full_pipeline"", ""cz_conversions"": 0, ""h_reorders"": 20, ""hh_cancellations"": 6, ""local_cancellations"": 0, ""mcz_conversions"": 0, ""pair_gathers"": 4, ""phase_merges"": 5, ""pipeline"": ""full"", ""template_library"": {""conjugation_templates"": 6, ""inverse_pairs"": [[""s"", ""sdg""], [""sx"", ""sxdg""], [""t"", ""tdg""]], ""parametric_inverse_gates"": [""p"", ""rx"", ""ry"", ""rz"", ""u1""], ""phase_merge_gates"": [""s"", ""sdg"", ""t"", ""tdg"", ""z"", ""p"", ""u1""], ""rotation_merge_gates"": [""rx"", ""ry"", ""rz""], ""self_inverse_gates"": [""ccx"", ""ch"", ""cswap"", ""cx"", ""cy"", ""cz"", ""h"", ""mcx"", ""swap"", ""x"", ""y"", ""z""]}, ""template_rewrites"": 2, ""theorem_target"": ""Thm 9 (BV oracle)"", ""version"": ""2.0.0""}"
E31-pilot,clifford_5,RandomClifford,5,SHUFFLE,phase1,44,36,0.18181818181818177,0.9999999999999929,9d015aecc765745ccf91e9de61333a5c41bc91178dd2692cb177c06b70be9a68,9822c7c25b903288ba81a3c249e170b3eaff901ff7237f9e343b546fc433913b,"{""algorithm"": ""greedy"", ""improvements"": 4, ""version"": ""3.2.0"", ""wire_traversal"": false}"
E31-pilot,clifford_5,RandomClifford,5,SHUFFLE,phase2a,44,38,0.13636363636363635,0.9999999999999929,9d015aecc765745ccf91e9de61333a5c41bc91178dd2692cb177c06b70be9a68,9822c7c25b903288ba81a3c249e170b3eaff901ff7237f9e343b546fc433913b,"{""algorithm"": ""commutation_rewriter"", ""improvements"": 3, ""window_size"": 10}"
E31-pilot,clifford_5,RandomClifford,5,SHUFFLE,phase2b,44,26,0.40909090909090906,0.9999999999999929,9d015aecc765745ccf91e9de61333a5c41bc91178dd2692cb177c06b70be9a68,9822c7c25b903288ba81a3c249e170b3eaff901ff7237f9e343b546fc433913b,"{""algorithm"": ""phase2b_template_matcher_full_pipeline"", ""cz_conversions"": 0, ""h_reorders"": 34, ""hh_cancellations"": 6, ""local_cancellations"": 0, ""mcz_conversions"": 0, ""pair_gathers"": 65, ""phase_merges"": 5, ""pipeline"": ""full"", ""template_library"": {""conjugation_templates"": 6, ""inverse_pairs"": [[""s"", ""sdg""], [""sx"", ""sxdg""], [""t"", ""tdg""]], ""parametric_inverse_gates"": [""p"", ""rx"", ""ry"", ""rz"", ""u1""], ""phase_merge_gates"": [""s"", ""sdg"", ""t"", ""tdg"", ""z"", ""p"", ""u1""], ""rotation_merge_gates"": [""rx"", ""ry"", ""rz""], ""self_inverse_gates"": [""ccx"", ""ch"", ""cswap"", ""cx"", ""cy"", ""cz"", ""h"", ""mcx"", ""swap"", ""x"", ""y"", ""z""]}, ""template_rewrites"": 2, ""theorem_target"": ""Thm 9 (BV oracle)"", ""version"": ""2.0.0""}"
E31-pilot,surface_code_5,SurfaceCode,6,LBL,phase1,8,8,0.0,0.9999999999999998,06c44d32c85d1c06864d6f9775908c5d875e7b32ddcad6ee5dfed8d86c27ca6f,06c44d32c85d1c06864d6f9775908c5d875e7b32ddcad6ee5dfed8d86c27ca6f,"{""algorithm"": ""greedy"", ""improvements"": 0, ""version"": ""3.2.0"", ""wire_traversal"": false}"
E31-pilot,surface_code_5,SurfaceCode,6,LBL,phase2a,8,8,0.0,0.9999999999999998,06c44d32c85d1c06864d6f9775908c5d875e7b32ddcad6ee5dfed8d86c27ca6f,06c44d32c85d1c06864d6f9775908c5d875e7b32ddcad6ee5dfed8d86c27ca6f,"{""algorithm"": ""commutation_rewriter"", ""improvements"": 0, ""window_size"": 10}"
E31-pilot,surface_code_5,SurfaceCode,6,LBL,phase2b,8,8,0.0,0.9999999999999998,06c44d32c85d1c06864d6f9775908c5d875e7b32ddcad6ee5dfed8d86c27ca6f,06c44d32c85d1c06864d6f9775908c5d875e7b32ddcad6ee5dfed8d86c27ca6f,"{""algorithm"": ""phase2b_template_matcher_full_pipeline"", ""cz_conversions"": 0, ""h_reorders"": 0, ""hh_cancellations"": 0, ""local_cancellations"": 0, ""mcz_conversions"": 0, ""pair_gathers"": 0, ""phase_merges"": 0, ""pipeline"": ""full"", ""template_library"": {""conjugation_templates"": 6, ""inverse_pairs"": [[""s"", ""sdg""], [""sx"", ""sxdg""], [""t"", ""tdg""]], ""parametric_inverse_gates"": [""p"", ""rx"", ""ry"", ""rz"", ""u1""], ""phase_merge_gates"": [""s"", ""sdg"", ""t"", ""tdg"", ""z"", ""p"", ""u1""], ""rotation_merge_gates"": [""rx"", ""ry"", ""rz""], ""self_inverse_gates"": [""ccx"", ""ch"", ""cswap"", ""cx"", ""cy"", ""cz"", ""h"", ""mcx"", ""swap"", ""x"", ""y"", ""z""]}, ""template_rewrites"": 0, ""theorem_target"": ""Thm 9 (BV oracle)"", ""version"": ""2.0.0""}"
E31-pilot,surface_code_5,SurfaceCode,6,WCL,phase1,8,8,0.0,0.9999999999999998,06c44d32c85d1c06864d6f9775908c5d875e7b32ddcad6ee5dfed8d86c27ca6f,06c44d32c85d1c06864d6f9775908c5d875e7b32ddcad6ee5dfed8d86c27ca6f,"{""algorithm"": ""greedy"", ""improvements"": 0, ""version"": ""3.2.0"", ""wire_traversal"": false}"
E31-pilot,surface_code_5,SurfaceCode,6,WCL,phase2a,8,8,0.0,0.9999999999999998,06c44d32c85d1c06864d6f9775908c5d875e7b32ddcad6ee5dfed8d86c27ca6f,06c44d32c85d1c06864d6f9775908c5d875e7b32ddcad6ee5dfed8d86c27ca6f,"{""algorithm"": ""commutation_rewriter"", ""improvements"": 0, ""window_size"": 10}"
E31-pilot,surface_code_5,SurfaceCode,6,WCL,phase2b,8,8,0.0,0.9999999999999998,06c44d32c85d1c06864d6f9775908c5d875e7b32ddcad6ee5dfed8d86c27ca6f,06c44d32c85d1c06864d6f9775908c5d875e7b32ddcad6ee5dfed8d86c27ca6f,"{""algorithm"": ""phase2b_template_matcher_full_pipeline"", ""cz_conversions"": 0, ""h_reorders"": 0, ""hh_cancellations"": 0, ""local_cancellations"": 0, ""mcz_conversions"": 0, ""pair_gathers"": 0, ""phase_merges"": 0, ""pipeline"": ""full"", ""template_library"": {""conjugation_templates"": 6, ""inverse_pairs"": [[""s"", ""sdg""], [""sx"", ""sxdg""], [""t"", ""tdg""]], ""parametric_inverse_gates"": [""p"", ""rx"", ""ry"", ""rz"", ""u1""], ""phase_merge_gates"": [""s"", ""sdg"", ""t"", ""tdg"", ""z"", ""p"", ""u1""], ""rotation_merge_gates"": [""rx"", ""ry"", ""rz""], ""self_inverse_gates"": [""ccx"", ""ch"", ""cswap"", ""cx"", ""cy"", ""cz"", ""h"", ""mcx"", ""swap"", ""x"", ""y"", ""z""]}, ""template_rewrites"": 0, ""theorem_target"": ""Thm 9 (BV oracle)"", ""version"": ""2.0.0""}"
E31-pilot,surface_code_5,SurfaceCode,6,SHUFFLE,phase1,8,8,0.0,0.9999999999999998,06c44d32c85d1c06864d6f9775908c5d875e7b32ddcad6ee5dfed8d86c27ca6f,06c44d32c85d1c06864d6f9775908c5d875e7b32ddcad6ee5dfed8d86c27ca6f,"{""algorithm"": ""greedy"", ""improvements"": 0, ""version"": ""3.2.0"", ""wire_traversal"": false}"
E31-pilot,surface_code_5,SurfaceCode,6,SHUFFLE,phase2a,8,8,0.0,0.9999999999999998,06c44d32c85d1c06864d6f9775908c5d875e7b32ddcad6ee5dfed8d86c27ca6f,06c44d32c85d1c06864d6f9775908c5d875e7b32ddcad6ee5dfed8d86c27ca6f,"{""algorithm"": ""commutation_rewriter"", ""improvements"": 0, ""window_size"": 10}"
E31-pilot,surface_code_5,SurfaceCode,6,SHUFFLE,phase2b,8,8,0.0,0.9999999999999998,06c44d32c85d1c06864d6f9775908c5d875e7b32ddcad6ee5dfed8d86c27ca6f,06c44d32c85d1c06864d6f9775908c5d875e7b32ddcad6ee5dfed8d86c27ca6f,"{""algorithm"": ""phase2b_template_matcher_full_pipeline"", ""cz_conversions"": 0, ""h_reorders"": 0, ""hh_cancellations"": 0, ""local_cancellations"": 0, ""mcz_conversions"": 0, ""pair_gathers"": 0, ""phase_merges"": 0, ""pipeline"": ""full"", ""template_library"": {""conjugation_templates"": 6, ""inverse_pairs"": [[""s"", ""sdg""], [""sx"", ""sxdg""], [""t"", ""tdg""]], ""parametric_inverse_gates"": [""p"", ""rx"", ""ry"", ""rz"", ""u1""], ""phase_merge_gates"": [""s"", ""sdg"", ""t"", ""tdg"", ""z"", ""p"", ""u1""], ""rotation_merge_gates"": [""rx"", ""ry"", ""rz""], ""self_inverse_gates"": [""ccx"", ""ch"", ""cswap"", ""cx"", ""cy"", ""cz"", ""h"", ""mcx"", ""swap"", ""x"", ""y"", ""z""]}, ""template_rewrites"": 0, ""theorem_target"": ""Thm 9 (BV oracle)"", ""version"": ""2.0.0""}"
E31-pilot,uccsd_5,UCCSD_inspired,5,LBL,phase1,48,48,0.0,1.0000000000000009,a7d77f4993bb0186f53e254a999e5d6e09f6d7aed13deea830da9d45662a55be,a7d77f4993bb0186f53e254a999e5d6e09f6d7aed13deea830da9d45662a55be,"{""algorithm"": ""greedy"", ""improvements"": 0, ""version"": ""3.2.0"", ""wire_traversal"": false}"
E31-pilot,uccsd_5,UCCSD_inspired,5,LBL,phase2a,48,46,0.04166666666666663,1.0000000000000009,a7d77f4993bb0186f53e254a999e5d6e09f6d7aed13deea830da9d45662a55be,a7d77f4993bb0186f53e254a999e5d6e09f6d7aed13deea830da9d45662a55be,"{""algorithm"": ""commutation_rewriter"", ""improvements"": 1, ""window_size"": 10}"
E31-pilot,uccsd_5,UCCSD_inspired,5,LBL,phase2b,48,43,0.10416666666666663,1.0000000000000009,a7d77f4993bb0186f53e254a999e5d6e09f6d7aed13deea830da9d45662a55be,a7d77f4993bb0186f53e254a999e5d6e09f6d7aed13deea830da9d45662a55be,"{""algorithm"": ""phase2b_template_matcher_full_pipeline"", ""cz_conversions"": 0, ""h_reorders"": 0, ""hh_cancellations"": 0, ""local_cancellations"": 1, ""mcz_conversions"": 0, ""pair_gathers"": 17, ""phase_merges"": 3, ""pipeline"": ""full"", ""template_library"": {""conjugation_templates"": 6, ""inverse_pairs"": [[""s"", ""sdg""], [""sx"", ""sxdg""], [""t"", ""tdg""]], ""parametric_inverse_gates"": [""p"", ""rx"", ""ry"", ""rz"", ""u1""], ""phase_merge_gates"": [""s"", ""sdg"", ""t"", ""tdg"", ""z"", ""p"", ""u1""], ""rotation_merge_gates"": [""rx"", ""ry"", ""rz""], ""self_inverse_gates"": [""ccx"", ""ch"", ""cswap"", ""cx"", ""cy"", ""cz"", ""h"", ""mcx"", ""swap"", ""x"", ""y"", ""z""]}, ""template_rewrites"": 0, ""theorem_target"": ""Thm 9 (BV oracle)"", ""version"": ""2.0.0""}"
E31-pilot,uccsd_5,UCCSD_inspired,5,WCL,phase1,48,43,0.10416666666666663,1.0000000000000009,a7d77f4993bb0186f53e254a999e5d6e09f6d7aed13deea830da9d45662a55be,bf20596fb358d8816da91ec69fb98dd9943155e18c8065e1b84898b09059f8b5,"{""algorithm"": ""greedy"", ""improvements"": 1, ""version"": ""3.2.0"", ""wire_traversal"": false}"
E31-pilot,uccsd_5,UCCSD_inspired,5,WCL,phase2a,48,48,0.0,1.0000000000000009,a7d77f4993bb0186f53e254a999e5d6e09f6d7aed13deea830da9d45662a55be,bf20596fb358d8816da91ec69fb98dd9943155e18c8065e1b84898b09059f8b5,"{""algorithm"": ""commutation_rewriter"", ""improvements"": 0, ""window_size"": 10}"
E31-pilot,uccsd_5,UCCSD_inspired,5,WCL,phase2b,48,43,0.10416666666666663,1.0000000000000009,a7d77f4993bb0186f53e254a999e5d6e09f6d7aed13deea830da9d45662a55be,bf20596fb358d8816da91ec69fb98dd9943155e18c8065e1b84898b09059f8b5,"{""algorithm"": ""phase2b_template_matcher_full_pipeline"", ""cz_conversions"": 0, ""h_reorders"": 0, ""hh_cancellations"": 0, ""local_cancellations"": 1, ""mcz_conversions"": 0, ""pair_gathers"": 0, ""phase_merges"": 3, ""pipeline"": ""full"", ""template_library"": {""conjugation_templates"": 6, ""inverse_pairs"": [[""s"", ""sdg""], [""sx"", ""sxdg""], [""t"", ""tdg""]], ""parametric_inverse_gates"": [""p"", ""rx"", ""ry"", ""rz"", ""u1""], ""phase_merge_gates"": [""s"", ""sdg"", ""t"", ""tdg"", ""z"", ""p"", ""u1""], ""rotation_merge_gates"": [""rx"", ""ry"", ""rz""], ""self_inverse_gates"": [""ccx"", ""ch"", ""cswap"", ""cx"", ""cy"", ""cz"", ""h"", ""mcx"", ""swap"", ""x"", ""y"", ""z""]}, ""template_rewrites"": 0, ""theorem_target"": ""Thm 9 (BV oracle)"", ""version"": ""2.0.0""}"
E31-pilot,uccsd_5,UCCSD_inspired,5,SHUFFLE,phase1,48,46,0.04166666666666663,1.0000000000000009,a7d77f4993bb0186f53e254a999e5d6e09f6d7aed13deea830da9d45662a55be,40a8ce38a83f9f095e14aa93d05e31f049ae07955ef25c738aaf9e2d252e3f59,"{""algorithm"": ""greedy"", ""improvements"": 1, ""version"": ""3.2.0"", ""wire_traversal"": false}"
E31-pilot,uccsd_5,UCCSD_inspired,5,SHUFFLE,phase2a,48,48,0.0,1.0000000000000009,a7d77f4993bb0186f53e254a999e5d6e09f6d7aed13deea830da9d45662a55be,40a8ce38a83f9f095e14aa93d05e31f049ae07955ef25c738aaf9e2d252e3f59,"{""algorithm"": ""commutation_rewriter"", ""improvements"": 0, ""window_size"": 10}"
E31-pilot,uccsd_5,UCCSD_inspired,5,SHUFFLE,phase2b,48,43,0.10416666666666663,1.0000000000000009,a7d77f4993bb0186f53e254a999e5d6e09f6d7aed13deea830da9d45662a55be,40a8ce38a83f9f095e14aa93d05e31f049ae07955ef25c738aaf9e2d252e3f59,"{""algorithm"": ""phase2b_template_matcher_full_pipeline"", ""cz_conversions"": 0, ""h_reorders"": 0, ""hh_cancellations"": 0, ""local_cancellations"": 1, ""mcz_conversions"": 0, ""pair_gathers"": 6, ""phase_merges"": 3, ""pipeline"": ""full"", ""template_library"": {""conjugation_templates"": 6, ""inverse_pairs"": [[""s"", ""sdg""], [""sx"", ""sxdg""], [""t"", ""tdg""]], ""parametric_inverse_gates"": [""p"", ""rx"", ""ry"", ""rz"", ""u1""], ""phase_merge_gates"": [""s"", ""sdg"", ""t"", ""tdg"", ""z"", ""p"", ""u1""], ""rotation_merge_gates"": [""rx"", ""ry"", ""rz""], ""self_inverse_gates"": [""ccx"", ""ch"", ""cswap"", ""cx"", ""cy"", ""cz"", ""h"", ""mcx"", ""swap"", ""x"", ""y"", ""z""]}, ""template_rewrites"": 0, ""theorem_target"": ""Thm 9 (BV oracle)"", ""version"": ""2.0.0""}"
E31-pilot,haar_3,HaarRandom,3,LBL,phase1,59,59,0.0,0.9999999999999998,8b4f102e9cfcf052d5d4eecd7d7d9d6515c635625fc0b7c43bb2341e26e10d96,8b4f102e9cfcf052d5d4eecd7d7d9d6515c635625fc0b7c43bb2341e26e10d96,"{""algorithm"": ""greedy"", ""improvements"": 0, ""version"": ""3.2.0"", ""wire_traversal"": false}"
E31-pilot,haar_3,HaarRandom,3,LBL,phase2a,59,59,0.0,0.9999999999999998,8b4f102e9cfcf052d5d4eecd7d7d9d6515c635625fc0b7c43bb2341e26e10d96,8b4f102e9cfcf052d5d4eecd7d7d9d6515c635625fc0b7c43bb2341e26e10d96,"{""algorithm"": ""commutation_rewriter"", ""improvements"": 0, ""window_size"": 10}"
E31-pilot,haar_3,HaarRandom,3,LBL,phase2b,59,59,0.0,0.9999999999999998,8b4f102e9cfcf052d5d4eecd7d7d9d6515c635625fc0b7c43bb2341e26e10d96,8b4f102e9cfcf052d5d4eecd7d7d9d6515c635625fc0b7c43bb2341e26e10d96,"{""algorithm"": ""phase2b_template_matcher_full_pipeline"", ""cz_conversions"": 0, ""h_reorders"": 7, ""hh_cancellations"": 0, ""local_cancellations"": 0, ""mcz_conversions"": 0, ""pair_gathers"": 0, ""phase_merges"": 0, ""pipeline"": ""full"", ""template_library"": {""conjugation_templates"": 6, ""inverse_pairs"": [[""s"", ""sdg""], [""sx"", ""sxdg""], [""t"", ""tdg""]], ""parametric_inverse_gates"": [""p"", ""rx"", ""ry"", ""rz"", ""u1""], ""phase_merge_gates"": [""s"", ""sdg"", ""t"", ""tdg"", ""z"", ""p"", ""u1""], ""rotation_merge_gates"": [""rx"", ""ry"", ""rz""], ""self_inverse_gates"": [""ccx"", ""ch"", ""cswap"", ""cx"", ""cy"", ""cz"", ""h"", ""mcx"", ""swap"", ""x"", ""y"", ""z""]}, ""template_rewrites"": 0, ""theorem_target"": ""Thm 9 (BV oracle)"", ""version"": ""2.0.0""}"
E31-pilot,haar_3,HaarRandom,3,WCL,phase1,59,59,0.0,0.9999999999999998,8b4f102e9cfcf052d5d4eecd7d7d9d6515c635625fc0b7c43bb2341e26e10d96,8b4f102e9cfcf052d5d4eecd7d7d9d6515c635625fc0b7c43bb2341e26e10d96,"{""algorithm"": ""greedy"", ""improvements"": 0, ""version"": ""3.2.0"", ""wire_traversal"": false}"
E31-pilot,haar_3,HaarRandom,3,WCL,phase2a,59,59,0.0,0.9999999999999998,8b4f102e9cfcf052d5d4eecd7d7d9d6515c635625fc0b7c43bb2341e26e10d96,8b4f102e9cfcf052d5d4eecd7d7d9d6515c635625fc0b7c43bb2341e26e10d96,"{""algorithm"": ""commutation_rewriter"", ""improvements"": 0, ""window_size"": 10}"
E31-pilot,haar_3,HaarRandom,3,WCL,phase2b,59,59,0.0,0.9999999999999998,8b4f102e9cfcf052d5d4eecd7d7d9d6515c635625fc0b7c43bb2341e26e10d96,8b4f102e9cfcf052d5d4eecd7d7d9d6515c635625fc0b7c43bb2341e26e10d96,"{""algorithm"": ""phase2b_template_matcher_full_pipeline"", ""cz_conversions"": 0, ""h_reorders"": 7, ""hh_cancellations"": 0, ""local_cancellations"": 0, ""mcz_conversions"": 0, ""pair_gathers"": 0, ""phase_merges"": 0, ""pipeline"": ""full"", ""template_library"": {""conjugation_templates"": 6, ""inverse_pairs"": [[""s"", ""sdg""], [""sx"", ""sxdg""], [""t"", ""tdg""]], ""parametric_inverse_gates"": [""p"", ""rx"", ""ry"", ""rz"", ""u1""], ""phase_merge_gates"": [""s"", ""sdg"", ""t"", ""tdg"", ""z"", ""p"", ""u1""], ""rotation_merge_gates"": [""rx"", ""ry"", ""rz""], ""self_inverse_gates"": [""ccx"", ""ch"", ""cswap"", ""cx"", ""cy"", ""cz"", ""h"", ""mcx"", ""swap"", ""x"", ""y"", ""z""]}, ""template_rewrites"": 0, ""theorem_target"": ""Thm 9 (BV oracle)"", ""version"": ""2.0.0""}"
E31-pilot,haar_3,HaarRandom,3,SHUFFLE,phase1,59,59,0.0,0.9999999999999996,8b4f102e9cfcf052d5d4eecd7d7d9d6515c635625fc0b7c43bb2341e26e10d96,e359d51ce363f68c51199e7d1b8fcd0d087d2a8a8559a2cbf5da5032dc2616fe,"{""algorithm"": ""greedy"", ""improvements"": 0, ""version"": ""3.2.0"", ""wire_traversal"": false}"
E31-pilot,haar_3,HaarRandom,3,SHUFFLE,phase2a,59,59,0.0,0.9999999999999996,8b4f102e9cfcf052d5d4eecd7d7d9d6515c635625fc0b7c43bb2341e26e10d96,e359d51ce363f68c51199e7d1b8fcd0d087d2a8a8559a2cbf5da5032dc2616fe,"{""algorithm"": ""commutation_rewriter"", ""improvements"": 0, ""window_size"": 10}"
E31-pilot,haar_3,HaarRandom,3,SHUFFLE,phase2b,59,59,0.0,0.9999999999999996,8b4f102e9cfcf052d5d4eecd7d7d9d6515c635625fc0b7c43bb2341e26e10d96,e359d51ce363f68c51199e7d1b8fcd0d087d2a8a8559a2cbf5da5032dc2616fe,"{""algorithm"": ""phase2b_template_matcher_full_pipeline"", ""cz_conversions"": 0, ""h_reorders"": 3, ""hh_cancellations"": 0, ""local_cancellations"": 0, ""mcz_conversions"": 0, ""pair_gathers"": 0, ""phase_merges"": 0, ""pipeline"": ""full"", ""template_library"": {""conjugation_templates"": 6, ""inverse_pairs"": [[""s"", ""sdg""], [""sx"", ""sxdg""], [""t"", ""tdg""]], ""parametric_inverse_gates"": [""p"", ""rx"", ""ry"", ""rz"", ""u1""], ""phase_merge_gates"": [""s"", ""sdg"", ""t"", ""tdg"", ""z"", ""p"", ""u1""], ""rotation_merge_gates"": [""rx"", ""ry"", ""rz""], ""self_inverse_gates"": [""ccx"", ""ch"", ""cswap"", ""cx"", ""cy"", ""cz"", ""h"", ""mcx"", ""swap"", ""x"", ""y"", ""z""]}, ""template_rewrites"": 0, ""theorem_target"": ""Thm 9 (BV oracle)"", ""version"": ""2.0.0""}"
E31-pilot,haar_4,HaarRandom,4,LBL,phase1,275,275,0.0,0.9999999999999958,e3adab92c21c196187f532884a3df148d0a31b733a6a8e5a838d602438d54f2d,e3adab92c21c196187f532884a3df148d0a31b733a6a8e5a838d602438d54f2d,"{""algorithm"": ""greedy"", ""improvements"": 0, ""version"": ""3.2.0"", ""wire_traversal"": false}"
E31-pilot,haar_4,HaarRandom,4,LBL,phase2a,275,275,0.0,0.9999999999999958,e3adab92c21c196187f532884a3df148d0a31b733a6a8e5a838d602438d54f2d,e3adab92c21c196187f532884a3df148d0a31b733a6a8e5a838d602438d54f2d,"{""algorithm"": ""commutation_rewriter"", ""improvements"": 0, ""window_size"": 10}"
E31-pilot,haar_4,HaarRandom,4,LBL,phase2b,275,272,0.010909090909090868,0.9999999999999958,e3adab92c21c196187f532884a3df148d0a31b733a6a8e5a838d602438d54f2d,e3adab92c21c196187f532884a3df148d0a31b733a6a8e5a838d602438d54f2d,"{""algorithm"": ""phase2b_template_matcher_full_pipeline"", ""cz_conversions"": 0, ""h_reorders"": 76, ""hh_cancellations"": 0, ""local_cancellations"": 0, ""mcz_conversions"": 0, ""pair_gathers"": 43, ""phase_merges"": 3, ""pipeline"": ""full"", ""template_library"": {""conjugation_templates"": 6, ""inverse_pairs"": [[""s"", ""sdg""], [""sx"", ""sxdg""], [""t"", ""tdg""]], ""parametric_inverse_gates"": [""p"", ""rx"", ""ry"", ""rz"", ""u1""], ""phase_merge_gates"": [""s"", ""sdg"", ""t"", ""tdg"", ""z"", ""p"", ""u1""], ""rotation_merge_gates"": [""rx"", ""ry"", ""rz""], ""self_inverse_gates"": [""ccx"", ""ch"", ""cswap"", ""cx"", ""cy"", ""cz"", ""h"", ""mcx"", ""swap"", ""x"", ""y"", ""z""]}, ""template_rewrites"": 0, ""theorem_target"": ""Thm 9 (BV oracle)"", ""version"": ""2.0.0""}"
E31-pilot,haar_4,HaarRandom,4,WCL,phase1,275,275,0.0,0.9999999999999958,e3adab92c21c196187f532884a3df148d0a31b733a6a8e5a838d602438d54f2d,e3adab92c21c196187f532884a3df148d0a31b733a6a8e5a838d602438d54f2d,"{""algorithm"": ""greedy"", ""improvements"": 0, ""version"": ""3.2.0"", ""wire_traversal"": false}"
E31-pilot,haar_4,HaarRandom,4,WCL,phase2a,275,275,0.0,0.9999999999999958,e3adab92c21c196187f532884a3df148d0a31b733a6a8e5a838d602438d54f2d,e3adab92c21c196187f532884a3df148d0a31b733a6a8e5a838d602438d54f2d,"{""algorithm"": ""commutation_rewriter"", ""improvements"": 0, ""window_size"": 10}"
E31-pilot,haar_4,HaarRandom,4,WCL,phase2b,275,272,0.010909090909090868,0.9999999999999958,e3adab92c21c196187f532884a3df148d0a31b733a6a8e5a838d602438d54f2d,e3adab92c21c196187f532884a3df148d0a31b733a6a8e5a838d602438d54f2d,"{""algorithm"": ""phase2b_template_matcher_full_pipeline"", ""cz_conversions"": 0, ""h_reorders"": 76, ""hh_cancellations"": 0, ""local_cancellations"": 0, ""mcz_conversions"": 0, ""pair_gathers"": 43, ""phase_merges"": 3, ""pipeline"": ""full"", ""template_library"": {""conjugation_templates"": 6, ""inverse_pairs"": [[""s"", ""sdg""], [""sx"", ""sxdg""], [""t"", ""tdg""]], ""parametric_inverse_gates"": [""p"", ""rx"", ""ry"", ""rz"", ""u1""], ""phase_merge_gates"": [""s"", ""sdg"", ""t"", ""tdg"", ""z"", ""p"", ""u1""], ""rotation_merge_gates"": [""rx"", ""ry"", ""rz""], ""self_inverse_gates"": [""ccx"", ""ch"", ""cswap"", ""cx"", ""cy"", ""cz"", ""h"", ""mcx"", ""swap"", ""x"", ""y"", ""z""]}, ""template_rewrites"": 0, ""theorem_target"": ""Thm 9 (BV oracle)"", ""version"": ""2.0.0""}"
E31-pilot,haar_4,HaarRandom,4,SHUFFLE,phase1,275,275,0.0,0.9999999999999958,e3adab92c21c196187f532884a3df148d0a31b733a6a8e5a838d602438d54f2d,b2c396b9f76fde36b2d3e71386092811d491633051f2faa9fd3a6759e3b19cef,"{""algorithm"": ""greedy"", ""improvements"": 0, ""version"": ""3.2.0"", ""wire_traversal"": false}"
E31-pilot,haar_4,HaarRandom,4,SHUFFLE,phase2a,275,275,0.0,0.9999999999999958,e3adab92c21c196187f532884a3df148d0a31b733a6a8e5a838d602438d54f2d,b2c396b9f76fde36b2d3e71386092811d491633051f2faa9fd3a6759e3b19cef,"{""algorithm"": ""commutation_rewriter"", ""improvements"": 0, ""window_size"": 10}"
E31-pilot,haar_4,HaarRandom,4,SHUFFLE,phase2b,275,272,0.010909090909090868,0.9999999999999958,e3adab92c21c196187f532884a3df148d0a31b733a6a8e5a838d602438d54f2d,b2c396b9f76fde36b2d3e71386092811d491633051f2faa9fd3a6759e3b19cef,"{""algorithm"": ""phase2b_template_matcher_full_pipeline"", ""cz_conversions"": 0, ""h_reorders"": 9, ""hh_cancellations"": 0, ""local_cancellations"": 0, ""mcz_conversions"": 0, ""pair_gathers"": 57, ""phase_merges"": 3, ""pipeline"": ""full"", ""template_library"": {""conjugation_templates"": 6, ""inverse_pairs"": [[""s"", ""sdg""], [""sx"", ""sxdg""], [""t"", ""tdg""]], ""parametric_inverse_gates"": [""p"", ""rx"", ""ry"", ""rz"", ""u1""], ""phase_merge_gates"": [""s"", ""sdg"", ""t"", ""tdg"", ""z"", ""p"", ""u1""], ""rotation_merge_gates"": [""rx"", ""ry"", ""rz""], ""self_inverse_gates"": [""ccx"", ""ch"", ""cswap"", ""cx"", ""cy"", ""cz"", ""h"", ""mcx"", ""swap"", ""x"", ""y"", ""z""]}, ""template_rewrites"": 0, ""theorem_target"": ""Thm 9 (BV oracle)"", ""version"": ""2.0.0""}"
