schema_version,experiment_id,run_id,timestamp_utc,circuit_id,circuit_family,n_qubits,original_gate_count,optimized_gate_count,gate_reduction,gate_reduction_pct,original_depth,optimized_depth,depth_reduction,original_2q_gates,optimized_2q_gates,two_qubit_reduction,original_cnot,optimized_cnot,cnot_reduction,original_t_count,optimized_t_count,t_count_reduction,fidelity,compilation_time_seconds,compiler_name,compiler_backend,compiler_version,optimization_level,compiler_status,seed,trial,source_file,source_sha256,input_circuit_sha256,output_circuit_sha256,notes
2.1.0,MC-E20,e20_full_20260807_074417,2026-08-07T07:44:21.031382+00:00,qft_4,QFT,4,10,10,0.0,0.0,7,7,0.0,6,6,0.0,0,0,0.0,0,0,0.0,0.9999999999999988,0.10414361953735352,qiskit,transpiler,2.4.1,3,ok,42,0,experiments/e20_multi_compiler_full/run.py,359d4060c67ca5d924d143122aab556b53579c5255965144a009fa0a7759908c,ec754f7e3892ee8ca405ace36ffa2cf3d8489863d2f83852f623de773dd94b1e,001408f6c8b62c5aa1e72c56729dcc2520332ae2954b17daf86162a5a4f46ac6,
2.1.0,MC-E20,e20_full_20260807_074417,2026-08-07T07:44:21.103565+00:00,qft_4,QFT,4,10,34,-2.4,-240.0,7,20,-1.8571428571428572,6,12,-1.0,0,0,0.0,0,0,0.0,0.9999999999999981,0.06805253028869629,cirq,optimize_for_target_gateset+eject_z+merge_1q,1.6.1,default,ok,42,0,experiments/e20_multi_compiler_full/run.py,359d4060c67ca5d924d143122aab556b53579c5255965144a009fa0a7759908c,ec754f7e3892ee8ca405ace36ffa2cf3d8489863d2f83852f623de773dd94b1e,e7250dce10bcf0582287ec690b02c1ded37b1a4d82d911c36bee292143ba0f8c,
2.1.0,MC-E20,e20_full_20260807_074417,2026-08-07T07:44:21.300578+00:00,qft_4,QFT,4,10,31,-2.1,-210.0,7,19,-1.7142857142857144,6,12,-1.0,0,12,0.0,0,0,0.0,1.0,0.19598126411437988,tket,FullPeepholeOptimise,2.18.0,default,ok,42,0,experiments/e20_multi_compiler_full/run.py,359d4060c67ca5d924d143122aab556b53579c5255965144a009fa0a7759908c,ec754f7e3892ee8ca405ace36ffa2cf3d8489863d2f83852f623de773dd94b1e,1c29c769144f94e13e3a392f195ebc1c6cfc77bad3bffa3aa293760f9e7c4679,
2.1.0,MC-E20,e20_full_20260807_074417,2026-08-07T07:44:21.310703+00:00,ghz_4,GHZ,4,4,4,0.0,0.0,4,4,0.0,3,3,0.0,3,3,0.0,0,0,0.0,0.9999999999999996,0.0,qiskit,transpiler,2.4.1,3,ok,42,0,experiments/e20_multi_compiler_full/run.py,359d4060c67ca5d924d143122aab556b53579c5255965144a009fa0a7759908c,632a65a86fd9bfab17ccedbd10b32b45490cc33030a23af0d675ad3e8ad7a445,632a65a86fd9bfab17ccedbd10b32b45490cc33030a23af0d675ad3e8ad7a445,
2.1.0,MC-E20,e20_full_20260807_074417,2026-08-07T07:44:21.333933+00:00,ghz_4,GHZ,4,4,11,-1.75,-175.0,4,7,-0.75,3,3,0.0,3,0,1.0,0,0,0.0,0.9999999999999988,0.02322983741760254,cirq,optimize_for_target_gateset+eject_z+merge_1q,1.6.1,default,ok,42,0,experiments/e20_multi_compiler_full/run.py,359d4060c67ca5d924d143122aab556b53579c5255965144a009fa0a7759908c,632a65a86fd9bfab17ccedbd10b32b45490cc33030a23af0d675ad3e8ad7a445,5ca7a53f4dbc7c75daa820a5c5948f68bebd5a9db5a6a058678c009a27a48441,
2.1.0,MC-E20,e20_full_20260807_074417,2026-08-07T07:44:21.401937+00:00,ghz_4,GHZ,4,4,4,0.0,0.0,4,4,0.0,3,3,0.0,3,3,0.0,0,0,0.0,1.0,0.06800460815429688,tket,FullPeepholeOptimise,2.18.0,default,ok,42,0,experiments/e20_multi_compiler_full/run.py,359d4060c67ca5d924d143122aab556b53579c5255965144a009fa0a7759908c,632a65a86fd9bfab17ccedbd10b32b45490cc33030a23af0d675ad3e8ad7a445,0ca2e20394ef52eecba8c72454ae73e952a311d06ff639876717b3ceaa156322,
2.1.0,MC-E20,e20_full_20260807_074417,2026-08-07T07:44:21.401937+00:00,cnot_chain_4,CNOT,4,24,0,1.0,100.0,18,0,1.0,24,0,1.0,24,0,1.0,0,0,0.0,1.0,0.0,qiskit,transpiler,2.4.1,3,ok,42,0,experiments/e20_multi_compiler_full/run.py,359d4060c67ca5d924d143122aab556b53579c5255965144a009fa0a7759908c,c15ccd1efbe0b71c21464e888a978afbe6b6cf006bd895873c7d9b8e51efbaf0,80cb67051feabb1a835727fede3367602f1e692e3ec9d1d7247266c73803bd7d,
2.1.0,MC-E20,e20_full_20260807_074417,2026-08-07T07:44:21.432359+00:00,cnot_chain_4,CNOT,4,24,0,1.0,100.0,18,0,1.0,24,0,1.0,24,0,1.0,0,0,0.0,,0.030421733856201172,cirq,optimize_for_target_gateset+eject_z+merge_1q,1.6.1,default,ok,42,0,experiments/e20_multi_compiler_full/run.py,359d4060c67ca5d924d143122aab556b53579c5255965144a009fa0a7759908c,c15ccd1efbe0b71c21464e888a978afbe6b6cf006bd895873c7d9b8e51efbaf0,6f8e18c5611960a199a59d79e4d4e52c427ac524f6c9f379d05c73dc41c9fc91,
2.1.0,MC-E20,e20_full_20260807_074417,2026-08-07T07:44:21.432359+00:00,cnot_chain_4,CNOT,4,24,0,1.0,100.0,18,0,1.0,24,0,1.0,24,0,1.0,0,0,0.0,1.0,0.0,tket,FullPeepholeOptimise,2.18.0,default,ok,42,0,experiments/e20_multi_compiler_full/run.py,359d4060c67ca5d924d143122aab556b53579c5255965144a009fa0a7759908c,c15ccd1efbe0b71c21464e888a978afbe6b6cf006bd895873c7d9b8e51efbaf0,80cb67051feabb1a835727fede3367602f1e692e3ec9d1d7247266c73803bd7d,
2.1.0,MC-E20,e20_full_20260807_074417,2026-08-07T07:44:21.447605+00:00,bv_4,Oracle,5,14,8,0.4285714285714286,42.85714285714286,6,4,0.33333333333333337,2,2,0.0,2,2,0.0,0,0,0.0,0.9999999999999979,0.015245914459228516,qiskit,transpiler,2.4.1,3,ok,42,0,experiments/e20_multi_compiler_full/run.py,359d4060c67ca5d924d143122aab556b53579c5255965144a009fa0a7759908c,f82545ab8dd2e124bb20b12a2943a1f6d29666837c03c9275f4c803dc1929c72,f89645b6f4d2dca8cffede4181211e446c1c7a1b8c4c5c656670a7231e0b2690,
2.1.0,MC-E20,e20_full_20260807_074417,2026-08-07T07:44:21.467287+00:00,bv_4,Oracle,5,14,9,0.3571428571428571,35.71428571428571,6,5,0.16666666666666663,2,2,0.0,2,0,1.0,0,0,0.0,,0.019681453704833984,cirq,optimize_for_target_gateset+eject_z+merge_1q,1.6.1,default,ok,42,0,experiments/e20_multi_compiler_full/run.py,359d4060c67ca5d924d143122aab556b53579c5255965144a009fa0a7759908c,f82545ab8dd2e124bb20b12a2943a1f6d29666837c03c9275f4c803dc1929c72,0982069dfcff4efe2118be2a3bd5bd2cbea87a03389b25d506a06184617e25ec,
2.1.0,MC-E20,e20_full_20260807_074417,2026-08-07T07:44:21.546450+00:00,bv_4,Oracle,5,14,8,0.4285714285714286,42.85714285714286,6,4,0.33333333333333337,2,2,0.0,2,2,0.0,0,0,0.0,0.9999999999999987,0.0791630744934082,tket,FullPeepholeOptimise,2.18.0,default,ok,42,0,experiments/e20_multi_compiler_full/run.py,359d4060c67ca5d924d143122aab556b53579c5255965144a009fa0a7759908c,f82545ab8dd2e124bb20b12a2943a1f6d29666837c03c9275f4c803dc1929c72,710f6f865f1a99d94861ab7754cdcbf4a06125e5e95a0339b1330acdebca81f1,
2.1.0,MC-E20,e20_full_20260807_074417,2026-08-07T07:44:21.558925+00:00,qaoa_line_4,QAOA,4,30,30,0.0,0.0,18,18,0.0,12,12,0.0,12,12,0.0,0,0,0.0,1.0000000000000009,0.006639957427978516,qiskit,transpiler,2.4.1,3,ok,42,0,experiments/e20_multi_compiler_full/run.py,359d4060c67ca5d924d143122aab556b53579c5255965144a009fa0a7759908c,4089615b62e2dc0c0b1b7723660abedb66020a4036e6d847a938a772d0d6172b,4089615b62e2dc0c0b1b7723660abedb66020a4036e6d847a938a772d0d6172b,
2.1.0,MC-E20,e20_full_20260807_074417,2026-08-07T07:44:21.614167+00:00,qaoa_line_4,QAOA,4,30,39,-0.30000000000000004,-30.000000000000004,18,22,-0.22222222222222232,12,12,0.0,12,0,1.0,0,0,0.0,0.999999999999999,0.055242061614990234,cirq,optimize_for_target_gateset+eject_z+merge_1q,1.6.1,default,ok,42,0,experiments/e20_multi_compiler_full/run.py,359d4060c67ca5d924d143122aab556b53579c5255965144a009fa0a7759908c,4089615b62e2dc0c0b1b7723660abedb66020a4036e6d847a938a772d0d6172b,54f4f69985480550ac6fb2234baa36b9bbf8dd41588eb03ba9371d4688693675,
2.1.0,MC-E20,e20_full_20260807_074417,2026-08-07T07:44:21.835870+00:00,qaoa_line_4,QAOA,4,30,28,0.06666666666666665,6.666666666666665,18,18,0.0,12,12,0.0,12,12,0.0,0,0,0.0,1.0000000000000009,0.21596813201904297,tket,FullPeepholeOptimise,2.18.0,default,ok,42,0,experiments/e20_multi_compiler_full/run.py,359d4060c67ca5d924d143122aab556b53579c5255965144a009fa0a7759908c,4089615b62e2dc0c0b1b7723660abedb66020a4036e6d847a938a772d0d6172b,5ff593dd396043847d001d49f53ee09a40bf1611d98b98713b5e31e537eade9f,
2.1.0,MC-E20,e20_full_20260807_074417,2026-08-07T07:44:21.843557+00:00,vqe_twolocal_4,VQE,4,30,18,0.4,40.0,11,8,0.2727272727272727,6,6,0.0,6,6,0.0,0,0,0.0,1.0000000000000004,0.005158662796020508,qiskit,transpiler,2.4.1,3,ok,42,0,experiments/e20_multi_compiler_full/run.py,359d4060c67ca5d924d143122aab556b53579c5255965144a009fa0a7759908c,70b3227aa366959beb169867fe2663d93e7dab4649ec7c28a6fdea50e5dc7a63,9e270417f6984fe07f55f939699f2c473a3028884e01e9331281490e0d45c820,
2.1.0,MC-E20,e20_full_20260807_074417,2026-08-07T07:44:21.904545+00:00,vqe_twolocal_4,VQE,4,30,29,0.033333333333333326,3.3333333333333326,11,13,-0.18181818181818188,6,6,0.0,6,0,1.0,0,0,0.0,0.9999999999999993,0.0577092170715332,cirq,optimize_for_target_gateset+eject_z+merge_1q,1.6.1,default,ok,42,0,experiments/e20_multi_compiler_full/run.py,359d4060c67ca5d924d143122aab556b53579c5255965144a009fa0a7759908c,70b3227aa366959beb169867fe2663d93e7dab4649ec7c28a6fdea50e5dc7a63,cc0b50484fab171d0d6eef1bd9ba0ebe92f0061df1e22e55d41ad2a30369a25c,
2.1.0,MC-E20,e20_full_20260807_074417,2026-08-07T07:44:22.101839+00:00,vqe_twolocal_4,VQE,4,30,18,0.4,40.0,11,8,0.2727272727272727,6,6,0.0,6,6,0.0,0,0,0.0,1.0000000000000004,0.19337797164916992,tket,FullPeepholeOptimise,2.18.0,default,ok,42,0,experiments/e20_multi_compiler_full/run.py,359d4060c67ca5d924d143122aab556b53579c5255965144a009fa0a7759908c,70b3227aa366959beb169867fe2663d93e7dab4649ec7c28a6fdea50e5dc7a63,ade02886217ddeedd35759847bd9215ce361bba7f9f18b996b5623165f918e49,
2.1.0,MC-E20,e20_full_20260807_074417,2026-08-07T07:44:22.101839+00:00,hardware_eff_4,HardwareEfficient,4,22,14,0.36363636363636365,36.36363636363637,8,6,0.25,6,6,0.0,6,6,0.0,0,0,0.0,1.0,0.0,qiskit,transpiler,2.4.1,3,ok,42,0,experiments/e20_multi_compiler_full/run.py,359d4060c67ca5d924d143122aab556b53579c5255965144a009fa0a7759908c,32c9e772774deff17d4b957250f4893cf8bc7cbe5983475de6b326cdc1ece616,313a3be11604476aa53c23e7924a9a3f589a99b3108cce7a0e6ba5f02f8abaee,
2.1.0,MC-E20,e20_full_20260807_074417,2026-08-07T07:44:22.157747+00:00,hardware_eff_4,HardwareEfficient,4,22,25,-0.13636363636363646,-13.636363636363647,8,10,-0.25,6,6,0.0,6,0,1.0,0,0,0.0,0.9999999999999991,0.05391526222229004,cirq,optimize_for_target_gateset+eject_z+merge_1q,1.6.1,default,ok,42,0,experiments/e20_multi_compiler_full/run.py,359d4060c67ca5d924d143122aab556b53579c5255965144a009fa0a7759908c,32c9e772774deff17d4b957250f4893cf8bc7cbe5983475de6b326cdc1ece616,7e0c37c69ab5e883040e2c432ae6571b30ee069602ad50aba56809aae88ac583,
2.1.0,MC-E20,e20_full_20260807_074417,2026-08-07T07:44:22.351892+00:00,hardware_eff_4,HardwareEfficient,4,22,14,0.36363636363636365,36.36363636363637,8,6,0.25,6,6,0.0,6,6,0.0,0,0,0.0,1.0,0.19022846221923828,tket,FullPeepholeOptimise,2.18.0,default,ok,42,0,experiments/e20_multi_compiler_full/run.py,359d4060c67ca5d924d143122aab556b53579c5255965144a009fa0a7759908c,32c9e772774deff17d4b957250f4893cf8bc7cbe5983475de6b326cdc1ece616,b3339e8f9324e98c6c68f65cc3a0a603f0ac2b03298c83db32bc6496bd4b83b4,
2.1.0,MC-E20,e20_full_20260807_074417,2026-08-07T07:44:22.366780+00:00,grover_4,Grover,4,26,62,-1.3846153846153846,-138.46153846153845,11,53,-3.8181818181818183,0,28,0.0,0,28,0.0,0,0,0.0,0.9999999999999941,0.004790782928466797,qiskit,transpiler,2.4.1,3,ok,42,0,experiments/e20_multi_compiler_full/run.py,359d4060c67ca5d924d143122aab556b53579c5255965144a009fa0a7759908c,4fc984c9fc66dcb6b9dc0fdd66788f8b980e178607adfe44a28f04863de6ebdc,cf11fc1e3ffc81d278ea20c83e7efd431de8b254ac6ffd312cfeb31a7ffcbc5d,"Single Grover iteration, random marked state"
2.1.0,MC-E20,e20_full_20260807_074417,2026-08-07T07:44:22.536359+00:00,grover_4,Grover,4,26,71,-1.7307692307692308,-173.0769230769231,11,57,-4.181818181818182,0,28,0.0,0,0,0.0,0,0,0.0,0.9999999999999933,0.16140508651733398,cirq,optimize_for_target_gateset+eject_z+merge_1q,1.6.1,default,ok,42,0,experiments/e20_multi_compiler_full/run.py,359d4060c67ca5d924d143122aab556b53579c5255965144a009fa0a7759908c,4fc984c9fc66dcb6b9dc0fdd66788f8b980e178607adfe44a28f04863de6ebdc,6d1733aa3795ff2aa1d6f93e48ea05f0b3d5a24080e7ae6f38d68431a15754fc,"Single Grover iteration, random marked state"
2.1.0,MC-E20,e20_full_20260807_074417,2026-08-07T07:44:23.116852+00:00,grover_4,Grover,4,26,64,-1.4615384615384617,-146.15384615384616,11,55,-4.0,0,28,0.0,0,28,0.0,0,0,0.0,0.9999999999999962,0.569359540939331,tket,FullPeepholeOptimise,2.18.0,default,ok,42,0,experiments/e20_multi_compiler_full/run.py,359d4060c67ca5d924d143122aab556b53579c5255965144a009fa0a7759908c,4fc984c9fc66dcb6b9dc0fdd66788f8b980e178607adfe44a28f04863de6ebdc,2243db2dd1191bae400897b781a072c3842c6cb2daf363f6d5cf1c6bcb36e65a,"Single Grover iteration, random marked state"
2.1.0,MC-E20,e20_full_20260807_074417,2026-08-07T07:44:23.125006+00:00,adder_4,Adder,4,6,6,0.0,0.0,6,6,0.0,2,2,0.0,2,2,0.0,0,0,0.0,1.0,0.007146358489990234,qiskit,transpiler,2.4.1,3,ok,42,0,experiments/e20_multi_compiler_full/run.py,359d4060c67ca5d924d143122aab556b53579c5255965144a009fa0a7759908c,c2f59740e6b3e2a395683f9a2c34a12a350af985f437251f55c71e43bf23f1ab,c2f59740e6b3e2a395683f9a2c34a12a350af985f437251f55c71e43bf23f1ab,"Ripple-carry adder, random inputs"
2.1.0,MC-E20,e20_full_20260807_074417,2026-08-07T07:44:23.272225+00:00,adder_4,Adder,4,6,80,-12.333333333333334,-1233.3333333333335,6,52,-7.666666666666666,2,26,-12.0,2,0,1.0,0,2,0.0,0.999999999999996,0.14576196670532227,cirq,optimize_for_target_gateset+eject_z+merge_1q,1.6.1,default,ok,42,0,experiments/e20_multi_compiler_full/run.py,359d4060c67ca5d924d143122aab556b53579c5255965144a009fa0a7759908c,c2f59740e6b3e2a395683f9a2c34a12a350af985f437251f55c71e43bf23f1ab,1473e610e627cf43ab95626eb3799dcd024dc1894dfc8dcba3933d665989d923,"Ripple-carry adder, random inputs"
2.1.0,MC-E20,e20_full_20260807_074417,2026-08-07T07:44:23.514466+00:00,adder_4,Adder,4,6,38,-5.333333333333333,-533.3333333333333,6,29,-3.833333333333333,2,18,-8.0,2,18,-8.0,0,0,0.0,1.0000000000000009,0.23933076858520508,tket,FullPeepholeOptimise,2.18.0,default,ok,42,0,experiments/e20_multi_compiler_full/run.py,359d4060c67ca5d924d143122aab556b53579c5255965144a009fa0a7759908c,c2f59740e6b3e2a395683f9a2c34a12a350af985f437251f55c71e43bf23f1ab,4d1a51ea70d8111982f2622476f49700d61dcb1a230851cf7ca3bc4ba048dce9,"Ripple-carry adder, random inputs"
2.1.0,MC-E20,e20_full_20260807_074417,2026-08-07T07:44:23.603552+00:00,qwalk_4,QuantumWalk,5,58,453,-6.810344827586207,-681.0344827586207,35,387,-10.057142857142857,6,252,-41.0,6,198,-32.0,0,36,0.0,0.9999999999999505,0.0047168731689453125,qiskit,transpiler,2.4.1,3,ok,42,0,experiments/e20_multi_compiler_full/run.py,359d4060c67ca5d924d143122aab556b53579c5255965144a009fa0a7759908c,c95317c1934c184e40a57fa5dc213e1389b9abdeedc547f0b32129d4319a1e70,67f4e89e3b72cf7f7648617573cf443f1cc9b5a757c160d5cbf0612bc9e8e0e4,"DTQW on cycle, 3 steps"
2.1.0,MC-E20,e20_full_20260807_074417,2026-08-07T07:44:25.550453+00:00,qwalk_4,QuantumWalk,5,58,823,-13.189655172413794,-1318.9655172413793,35,638,-17.228571428571428,6,354,-58.0,6,0,1.0,0,0,0.0,0.9999999999999479,1.8378872871398926,cirq,optimize_for_target_gateset+eject_z+merge_1q,1.6.1,default,ok,42,0,experiments/e20_multi_compiler_full/run.py,359d4060c67ca5d924d143122aab556b53579c5255965144a009fa0a7759908c,c95317c1934c184e40a57fa5dc213e1389b9abdeedc547f0b32129d4319a1e70,f3469742e46be14ac649cb8b0e4939c491a584ca0fafdcaab143ead90ff63b9f,"DTQW on cycle, 3 steps"
2.1.0,MC-E20,e20_full_20260807_074417,2026-08-07T07:44:31.703918+00:00,qwalk_4,QuantumWalk,5,58,686,-10.827586206896552,-1082.7586206896551,35,534,-14.257142857142858,6,330,-54.0,6,330,-54.0,0,0,0.0,0.9999999999999716,6.059900522232056,tket,FullPeepholeOptimise,2.18.0,default,ok,42,0,experiments/e20_multi_compiler_full/run.py,359d4060c67ca5d924d143122aab556b53579c5255965144a009fa0a7759908c,c95317c1934c184e40a57fa5dc213e1389b9abdeedc547f0b32129d4319a1e70,0a870b7070fb927a92ec8e1d03d24df6344ac1fe44123446f46e37e3082e8eb8,"DTQW on cycle, 3 steps"
2.1.0,MC-E20,e20_full_20260807_074417,2026-08-07T07:44:31.712890+00:00,iqp_4,IQP,4,15,4,0.7333333333333334,73.33333333333334,4,1,0.75,0,0,0.0,0,0,0.0,0,0,0.0,0.9999999999999983,0.008971929550170898,qiskit,transpiler,2.4.1,3,ok,42,0,experiments/e20_multi_compiler_full/run.py,359d4060c67ca5d924d143122aab556b53579c5255965144a009fa0a7759908c,a184604fe8e9fff65d7fc4b04a0374176884155f49835fc64a3e78eeea2e3335,f714298b78b0769194aa96e1b4a61f4a0c7c7f9c64a0b1253689c3fd493e7c1c,"IQP circuit, 3 diagonal layers"
2.1.0,MC-E20,e20_full_20260807_074417,2026-08-07T07:44:31.733889+00:00,iqp_4,IQP,4,15,4,0.7333333333333334,73.33333333333334,4,1,0.75,0,0,0.0,0,0,0.0,0,0,0.0,0.9999999999999983,0.019986867904663086,cirq,optimize_for_target_gateset+eject_z+merge_1q,1.6.1,default,ok,42,0,experiments/e20_multi_compiler_full/run.py,359d4060c67ca5d924d143122aab556b53579c5255965144a009fa0a7759908c,a184604fe8e9fff65d7fc4b04a0374176884155f49835fc64a3e78eeea2e3335,2face0842fcf4c72ec8c8be4a51800abda0a2cb818a04516dd0d0ec93ab1508c,"IQP circuit, 3 diagonal layers"
2.1.0,MC-E20,e20_full_20260807_074417,2026-08-07T07:44:31.759384+00:00,iqp_4,IQP,4,15,4,0.7333333333333334,73.33333333333334,4,1,0.75,0,0,0.0,0,0,0.0,0,0,0.0,0.9999999999999983,0.025495290756225586,tket,FullPeepholeOptimise,2.18.0,default,ok,42,0,experiments/e20_multi_compiler_full/run.py,359d4060c67ca5d924d143122aab556b53579c5255965144a009fa0a7759908c,a184604fe8e9fff65d7fc4b04a0374176884155f49835fc64a3e78eeea2e3335,3c695df9e101df21bc64543972bb979cc0ee69198d913d0344bba78487853946,"IQP circuit, 3 diagonal layers"
2.1.0,MC-E20,e20_full_20260807_074417,2026-08-07T07:44:31.774952+00:00,clifford_4,RandomClifford,4,28,13,0.5357142857142857,53.57142857142857,10,8,0.19999999999999996,4,4,0.0,4,4,0.0,13,1,0.9230769230769231,0.9999999999999971,0.012604951858520508,qiskit,transpiler,2.4.1,3,ok,42,0,experiments/e20_multi_compiler_full/run.py,359d4060c67ca5d924d143122aab556b53579c5255965144a009fa0a7759908c,3ddeba643cb1262108f3aa16deb98fff7a1b48b89c7248b1fb063953fca055c7,b374f23a6044ccc539a77b6307a9a36ca4197b8de8e266f69211da70533e66a1,"Random Clifford, depth=10"
2.1.0,MC-E20,e20_full_20260807_074417,2026-08-07T07:44:31.818027+00:00,clifford_4,RandomClifford,4,28,16,0.4285714285714286,42.85714285714286,10,9,0.09999999999999998,4,4,0.0,4,0,1.0,13,2,0.8461538461538461,0.9999999999999971,0.03905749320983887,cirq,optimize_for_target_gateset+eject_z+merge_1q,1.6.1,default,ok,42,0,experiments/e20_multi_compiler_full/run.py,359d4060c67ca5d924d143122aab556b53579c5255965144a009fa0a7759908c,3ddeba643cb1262108f3aa16deb98fff7a1b48b89c7248b1fb063953fca055c7,53885b0bdd21240cc9a39c3e9bcb0e459f162c29cedb9c44216ae9c7a7b371dd,"Random Clifford, depth=10"
2.1.0,MC-E20,e20_full_20260807_074417,2026-08-07T07:44:31.925715+00:00,clifford_4,RandomClifford,4,28,11,0.6071428571428572,60.71428571428572,10,7,0.30000000000000004,4,3,0.25,4,3,0.25,13,0,1.0,0.9999999999999988,0.10464048385620117,tket,FullPeepholeOptimise,2.18.0,default,ok,42,0,experiments/e20_multi_compiler_full/run.py,359d4060c67ca5d924d143122aab556b53579c5255965144a009fa0a7759908c,3ddeba643cb1262108f3aa16deb98fff7a1b48b89c7248b1fb063953fca055c7,2352ac2cfa052bc1c38249c747adbea24ad8b33b5e4777d22d853afbc880fbce,"Random Clifford, depth=10"
2.1.0,MC-E20,e20_full_20260807_074417,2026-08-07T07:44:31.934549+00:00,surface_code_4,SurfaceCode,5,7,7,0.0,0.0,6,6,0.0,4,4,0.0,4,4,0.0,0,0,0.0,0.9999999999999996,0.006058216094970703,qiskit,transpiler,2.4.1,3,ok,42,0,experiments/e20_multi_compiler_full/run.py,359d4060c67ca5d924d143122aab556b53579c5255965144a009fa0a7759908c,7de15138171180eddd35e0f29e3e3ce11f0b20302daab2bc45c5be3302e9cf4d,7de15138171180eddd35e0f29e3e3ce11f0b20302daab2bc45c5be3302e9cf4d,X-stabilizer syndrome extraction
2.1.0,MC-E20,e20_full_20260807_074417,2026-08-07T07:44:31.968496+00:00,surface_code_4,SurfaceCode,5,7,7,0.0,0.0,6,6,0.0,4,4,0.0,4,0,1.0,0,0,0.0,0.9999999999999998,0.032222747802734375,cirq,optimize_for_target_gateset+eject_z+merge_1q,1.6.1,default,ok,42,0,experiments/e20_multi_compiler_full/run.py,359d4060c67ca5d924d143122aab556b53579c5255965144a009fa0a7759908c,7de15138171180eddd35e0f29e3e3ce11f0b20302daab2bc45c5be3302e9cf4d,eca8c67166fd28033193fd4725bd7f1198f7484bb769a99845b5ec141f6eaedc,X-stabilizer syndrome extraction
2.1.0,MC-E20,e20_full_20260807_074417,2026-08-07T07:44:32.077990+00:00,surface_code_4,SurfaceCode,5,7,7,0.0,0.0,6,6,0.0,4,4,0.0,4,4,0.0,0,0,0.0,1.0,0.10730838775634766,tket,FullPeepholeOptimise,2.18.0,default,ok,42,0,experiments/e20_multi_compiler_full/run.py,359d4060c67ca5d924d143122aab556b53579c5255965144a009fa0a7759908c,7de15138171180eddd35e0f29e3e3ce11f0b20302daab2bc45c5be3302e9cf4d,d1c716140d871a172b38d98a0dade474f4f03acf458ec16146c456268be3332f,X-stabilizer syndrome extraction
2.1.0,MC-E20,e20_full_20260807_074417,2026-08-07T07:44:32.086192+00:00,uccsd_4,UCCSD_inspired,4,28,22,0.2142857142857143,21.42857142857143,16,15,0.0625,14,10,0.2857142857142857,14,10,0.2857142857142857,0,0,0.0,1.0,0.005242347717285156,qiskit,transpiler,2.4.1,3,ok,42,0,experiments/e20_multi_compiler_full/run.py,359d4060c67ca5d924d143122aab556b53579c5255965144a009fa0a7759908c,5f5b6844177bd52e8c187fc996896ec6118d9e360e258d5f3707493673cae096,c63f180032003f639f20935f51436c858f1f18ee463fc308a636252cfa6c6873,Parameterized ansatz INSPIRED BY (not true) UCCSD; see make_parameterized_ansatz docstring. Renamed from 'UCCSD' to 'UCCSD_inspired' per review L3 to avoid false claim.
2.1.0,MC-E20,e20_full_20260807_074417,2026-08-07T07:44:32.175189+00:00,uccsd_4,UCCSD_inspired,4,28,37,-0.3214285714285714,-32.14285714285714,16,20,-0.25,14,14,0.0,14,0,1.0,0,1,0.0,0.9999999999999991,0.08382582664489746,cirq,optimize_for_target_gateset+eject_z+merge_1q,1.6.1,default,ok,42,0,experiments/e20_multi_compiler_full/run.py,359d4060c67ca5d924d143122aab556b53579c5255965144a009fa0a7759908c,5f5b6844177bd52e8c187fc996896ec6118d9e360e258d5f3707493673cae096,6b19a7964be4e7c078749179ad35f1a8235f2378f2cc7105ae91523243eb6293,Parameterized ansatz INSPIRED BY (not true) UCCSD; see make_parameterized_ansatz docstring. Renamed from 'UCCSD' to 'UCCSD_inspired' per review L3 to avoid false claim.
2.1.0,MC-E20,e20_full_20260807_074417,2026-08-07T07:44:32.470313+00:00,uccsd_4,UCCSD_inspired,4,28,22,0.2142857142857143,21.42857142857143,16,15,0.0625,14,10,0.2857142857142857,14,10,0.2857142857142857,0,0,0.0,1.0,0.2905600070953369,tket,FullPeepholeOptimise,2.18.0,default,ok,42,0,experiments/e20_multi_compiler_full/run.py,359d4060c67ca5d924d143122aab556b53579c5255965144a009fa0a7759908c,5f5b6844177bd52e8c187fc996896ec6118d9e360e258d5f3707493673cae096,96836d306c3e373319e6c0d4e11ab0f9d701f3bc609bf6dfa58d04c6c5675291,Parameterized ansatz INSPIRED BY (not true) UCCSD; see make_parameterized_ansatz docstring. Renamed from 'UCCSD' to 'UCCSD_inspired' per review L3 to avoid false claim.
2.1.0,MC-E20,e20_full_20260807_074417,2026-08-07T07:44:32.477118+00:00,qft_6,QFT,6,21,21,0.0,0.0,11,11,0.0,15,15,0.0,0,0,0.0,0,0,0.0,0.9999999999999996,0.0068051815032958984,qiskit,transpiler,2.4.1,3,ok,42,0,experiments/e20_multi_compiler_full/run.py,359d4060c67ca5d924d143122aab556b53579c5255965144a009fa0a7759908c,e761adf8efeac5c21762208c08429dd4686d16eb4cbc1582e6d4ebc809852f66,ce325feb7eafc0f7673a16bbc3b51544984abb6d137b6ba7752bea283600c12b,
2.1.0,MC-E20,e20_full_20260807_074417,2026-08-07T07:44:32.607758+00:00,qft_6,QFT,6,21,76,-2.619047619047619,-261.9047619047619,11,34,-2.090909090909091,15,30,-1.0,0,0,0.0,0,0,0.0,0.9999999999999976,0.13063979148864746,cirq,optimize_for_target_gateset+eject_z+merge_1q,1.6.1,default,ok,42,0,experiments/e20_multi_compiler_full/run.py,359d4060c67ca5d924d143122aab556b53579c5255965144a009fa0a7759908c,e761adf8efeac5c21762208c08429dd4686d16eb4cbc1582e6d4ebc809852f66,aa7317ad49e1ba6539551cea6f3f914671dec96f4f4e8bc50ade316d1bb9da09,
2.1.0,MC-E20,e20_full_20260807_074417,2026-08-07T07:44:33.171131+00:00,qft_6,QFT,6,21,71,-2.380952380952381,-238.0952380952381,11,33,-2.0,15,30,-1.0,0,30,0.0,0,0,0.0,1.0,0.5520641803741455,tket,FullPeepholeOptimise,2.18.0,default,ok,42,0,experiments/e20_multi_compiler_full/run.py,359d4060c67ca5d924d143122aab556b53579c5255965144a009fa0a7759908c,e761adf8efeac5c21762208c08429dd4686d16eb4cbc1582e6d4ebc809852f66,1e4c9ed3e36094a6271070b1f1ab2b30e856264476b0c22125357dc3af1d9cc7,
2.1.0,MC-E20,e20_full_20260807_074417,2026-08-07T07:44:33.178105+00:00,ghz_6,GHZ,6,6,6,0.0,0.0,6,6,0.0,5,5,0.0,5,5,0.0,0,0,0.0,0.9999999999999998,0.006973981857299805,qiskit,transpiler,2.4.1,3,ok,42,0,experiments/e20_multi_compiler_full/run.py,359d4060c67ca5d924d143122aab556b53579c5255965144a009fa0a7759908c,df499dded1e0518f2f6266b9f0e35d3c81e6057b5ba6e6decbb0f26370e5bb03,df499dded1e0518f2f6266b9f0e35d3c81e6057b5ba6e6decbb0f26370e5bb03,
2.1.0,MC-E20,e20_full_20260807_074417,2026-08-07T07:44:33.220700+00:00,ghz_6,GHZ,6,6,17,-1.8333333333333335,-183.33333333333334,6,11,-0.8333333333333333,5,5,0.0,5,0,1.0,0,0,0.0,0.9999999999999973,0.034140825271606445,cirq,optimize_for_target_gateset+eject_z+merge_1q,1.6.1,default,ok,42,0,experiments/e20_multi_compiler_full/run.py,359d4060c67ca5d924d143122aab556b53579c5255965144a009fa0a7759908c,df499dded1e0518f2f6266b9f0e35d3c81e6057b5ba6e6decbb0f26370e5bb03,c50c1659240f976169f89857782a0a444ef9d6f07ecfed87fa6ae5bbbec4d547,
2.1.0,MC-E20,e20_full_20260807_074417,2026-08-07T07:44:33.345821+00:00,ghz_6,GHZ,6,6,6,0.0,0.0,6,6,0.0,5,5,0.0,5,5,0.0,0,0,0.0,1.0,0.12292957305908203,tket,FullPeepholeOptimise,2.18.0,default,ok,42,0,experiments/e20_multi_compiler_full/run.py,359d4060c67ca5d924d143122aab556b53579c5255965144a009fa0a7759908c,df499dded1e0518f2f6266b9f0e35d3c81e6057b5ba6e6decbb0f26370e5bb03,f5606110b4c9de2d9c41d6892ae7b8cd5a5d8a4dec34af69160c119d936ae28b,
2.1.0,MC-E20,e20_full_20260807_074417,2026-08-07T07:44:33.358267+00:00,cnot_chain_6,CNOT,6,40,0,1.0,100.0,22,0,1.0,40,0,1.0,40,0,1.0,0,0,0.0,1.0,0.007784366607666016,qiskit,transpiler,2.4.1,3,ok,42,0,experiments/e20_multi_compiler_full/run.py,359d4060c67ca5d924d143122aab556b53579c5255965144a009fa0a7759908c,a9cbe813352eb8bbddbb6de7feecde853f066b5cf29e96a7a2f84a6cd354761a,995ca4ef9eaba10dd58f1ab322947f30c40e0f095185660849ca98aed2848347,
2.1.0,MC-E20,e20_full_20260807_074417,2026-08-07T07:44:33.399699+00:00,cnot_chain_6,CNOT,6,40,0,1.0,100.0,22,0,1.0,40,0,1.0,40,0,1.0,0,0,0.0,,0.04036569595336914,cirq,optimize_for_target_gateset+eject_z+merge_1q,1.6.1,default,ok,42,0,experiments/e20_multi_compiler_full/run.py,359d4060c67ca5d924d143122aab556b53579c5255965144a009fa0a7759908c,a9cbe813352eb8bbddbb6de7feecde853f066b5cf29e96a7a2f84a6cd354761a,6f8e18c5611960a199a59d79e4d4e52c427ac524f6c9f379d05c73dc41c9fc91,
2.1.0,MC-E20,e20_full_20260807_074417,2026-08-07T07:44:33.410106+00:00,cnot_chain_6,CNOT,6,40,0,1.0,100.0,22,0,1.0,40,0,1.0,40,0,1.0,0,0,0.0,1.0,0.010407209396362305,tket,FullPeepholeOptimise,2.18.0,default,ok,42,0,experiments/e20_multi_compiler_full/run.py,359d4060c67ca5d924d143122aab556b53579c5255965144a009fa0a7759908c,a9cbe813352eb8bbddbb6de7feecde853f066b5cf29e96a7a2f84a6cd354761a,995ca4ef9eaba10dd58f1ab322947f30c40e0f095185660849ca98aed2848347,
2.1.0,MC-E20,e20_full_20260807_074417,2026-08-07T07:44:33.420728+00:00,bv_6,Oracle,7,19,11,0.42105263157894735,42.10526315789473,7,5,0.2857142857142857,3,3,0.0,3,3,0.0,0,0,0.0,0.9999999999999964,0.010621786117553711,qiskit,transpiler,2.4.1,3,ok,42,0,experiments/e20_multi_compiler_full/run.py,359d4060c67ca5d924d143122aab556b53579c5255965144a009fa0a7759908c,dbf410d1e5693402b537af90e7218374f0c429041426b90bd4d34500d64685d5,4579779321f9bf6c133567af734624dd5fcd1bcdbb3f351b9864c08f33e4635f,
2.1.0,MC-E20,e20_full_20260807_074417,2026-08-07T07:44:33.453599+00:00,bv_6,Oracle,7,19,13,0.3157894736842105,31.57894736842105,7,6,0.1428571428571429,3,3,0.0,3,0,1.0,0,0,0.0,,0.03287100791931152,cirq,optimize_for_target_gateset+eject_z+merge_1q,1.6.1,default,ok,42,0,experiments/e20_multi_compiler_full/run.py,359d4060c67ca5d924d143122aab556b53579c5255965144a009fa0a7759908c,dbf410d1e5693402b537af90e7218374f0c429041426b90bd4d34500d64685d5,2c9990377a734b4f3331bbfe3e6ebd8c533fb2e71fc0a4656edfd77fd2840040,
2.1.0,MC-E20,e20_full_20260807_074417,2026-08-07T07:44:33.475999+00:00,qaoa_line_6,QAOA,6,48,48,0.0,0.0,24,24,0.0,20,20,0.0,20,20,0.0,0,0,0.0,1.0000000000000013,0.011111974716186523,qiskit,transpiler,2.4.1,3,ok,42,0,experiments/e20_multi_compiler_full/run.py,359d4060c67ca5d924d143122aab556b53579c5255965144a009fa0a7759908c,3113b971b548c7ee4e78af92d32b392c5bfcc30e701ff59f7420abc819314785,3113b971b548c7ee4e78af92d32b392c5bfcc30e701ff59f7420abc819314785,
2.1.0,MC-E20,e20_full_20260807_074417,2026-08-07T07:44:33.593436+00:00,qaoa_line_6,QAOA,6,48,64,-0.33333333333333326,-33.33333333333333,24,32,-0.33333333333333326,20,20,0.0,20,0,1.0,0,0,0.0,0.9999999999999996,0.10283851623535156,cirq,optimize_for_target_gateset+eject_z+merge_1q,1.6.1,default,ok,42,0,experiments/e20_multi_compiler_full/run.py,359d4060c67ca5d924d143122aab556b53579c5255965144a009fa0a7759908c,3113b971b548c7ee4e78af92d32b392c5bfcc30e701ff59f7420abc819314785,7755363ea620d28700c24f7daaa3d71e938b541414b972c61bd3c0437b7af418,
2.1.0,MC-E20,e20_full_20260807_074417,2026-08-07T07:44:34.026628+00:00,qaoa_line_6,QAOA,6,48,46,0.04166666666666663,4.1666666666666625,24,24,0.0,20,20,0.0,20,20,0.0,0,0,0.0,1.0000000000000009,0.41930484771728516,tket,FullPeepholeOptimise,2.18.0,default,ok,42,0,experiments/e20_multi_compiler_full/run.py,359d4060c67ca5d924d143122aab556b53579c5255965144a009fa0a7759908c,3113b971b548c7ee4e78af92d32b392c5bfcc30e701ff59f7420abc819314785,39748d2792eaf5fc1906fc1741daa12beac1374a327406cce88b9cb2df97952a,
2.1.0,MC-E20,e20_full_20260807_074417,2026-08-07T07:44:34.042221+00:00,vqe_twolocal_6,VQE,6,46,28,0.3913043478260869,39.13043478260869,13,10,0.23076923076923073,10,10,0.0,10,10,0.0,0,0,0.0,0.9999999999999998,0.005605220794677734,qiskit,transpiler,2.4.1,3,ok,42,0,experiments/e20_multi_compiler_full/run.py,359d4060c67ca5d924d143122aab556b53579c5255965144a009fa0a7759908c,1354b2c415488af23f54ca83073915b0013ab763726db811a1958e2ad8b7ec46,33fb6f0c210c066384b7ec460da3792924018d14ae62e4a996d90a092efd445f,
2.1.0,MC-E20,e20_full_20260807_074417,2026-08-07T07:44:34.147800+00:00,vqe_twolocal_6,VQE,6,46,47,-0.021739130434782705,-2.1739130434782705,13,17,-0.3076923076923077,10,10,0.0,10,0,1.0,0,0,0.0,0.9999999999999991,0.09152364730834961,cirq,optimize_for_target_gateset+eject_z+merge_1q,1.6.1,default,ok,42,0,experiments/e20_multi_compiler_full/run.py,359d4060c67ca5d924d143122aab556b53579c5255965144a009fa0a7759908c,1354b2c415488af23f54ca83073915b0013ab763726db811a1958e2ad8b7ec46,4bf0ac7f5ade6f2766e999b380def012986ba85191b01e46119f2109a8ae792f,
2.1.0,MC-E20,e20_full_20260807_074417,2026-08-07T07:44:34.538292+00:00,vqe_twolocal_6,VQE,6,46,28,0.3913043478260869,39.13043478260869,13,10,0.23076923076923073,10,10,0.0,10,10,0.0,0,0,0.0,1.0,0.3808128833770752,tket,FullPeepholeOptimise,2.18.0,default,ok,42,0,experiments/e20_multi_compiler_full/run.py,359d4060c67ca5d924d143122aab556b53579c5255965144a009fa0a7759908c,1354b2c415488af23f54ca83073915b0013ab763726db811a1958e2ad8b7ec46,ad02301e45aa4862d69cef92347f5b388d395b2d944c30c862b41a6ec01e75b5,
2.1.0,MC-E20,e20_full_20260807_074417,2026-08-07T07:44:34.553260+00:00,hardware_eff_6,HardwareEfficient,6,34,22,0.3529411764705882,35.29411764705882,8,6,0.25,10,10,0.0,10,10,0.0,0,0,0.0,1.0,0.007020711898803711,qiskit,transpiler,2.4.1,3,ok,42,0,experiments/e20_multi_compiler_full/run.py,359d4060c67ca5d924d143122aab556b53579c5255965144a009fa0a7759908c,9122b5a207a4c0a8ffeedf35af10c42a747aa84296b789e02a6bac63a0970083,14cb8b4fa7390590531c35d66fa4b499d1ccebff7acbe4b1e7285d074a26b9b1,
2.1.0,MC-E20,e20_full_20260807_074417,2026-08-07T07:44:34.631362+00:00,hardware_eff_6,HardwareEfficient,6,34,40,-0.17647058823529416,-17.647058823529417,8,10,-0.25,10,10,0.0,10,0,1.0,0,0,0.0,0.9999999999999984,0.07246065139770508,cirq,optimize_for_target_gateset+eject_z+merge_1q,1.6.1,default,ok,42,0,experiments/e20_multi_compiler_full/run.py,359d4060c67ca5d924d143122aab556b53579c5255965144a009fa0a7759908c,9122b5a207a4c0a8ffeedf35af10c42a747aa84296b789e02a6bac63a0970083,605b46861c38ed933ddda7e764283c9d3f005b286679842a3f23b2ad77b81c99,
2.1.0,MC-E20,e20_full_20260807_074417,2026-08-07T07:44:34.945962+00:00,hardware_eff_6,HardwareEfficient,6,34,22,0.3529411764705882,35.29411764705882,8,6,0.25,10,10,0.0,10,10,0.0,0,0,0.0,1.0,0.3005096912384033,tket,FullPeepholeOptimise,2.18.0,default,ok,42,0,experiments/e20_multi_compiler_full/run.py,359d4060c67ca5d924d143122aab556b53579c5255965144a009fa0a7759908c,9122b5a207a4c0a8ffeedf35af10c42a747aa84296b789e02a6bac63a0970083,0b3056fbbf8a383184beb586ba46b54c0811967e4ac3ad50642a10f9deee3188,
2.1.0,MC-E20,e20_full_20260807_074417,2026-08-07T07:44:35.048594+00:00,grover_6,Grover,6,42,20,0.5238095238095238,52.38095238095239,13,5,0.6153846153846154,0,0,0.0,0,0,0.0,0,0,0.0,0.9999999999999589,0.01300048828125,qiskit,transpiler,2.4.1,3,ok,42,0,experiments/e20_multi_compiler_full/run.py,359d4060c67ca5d924d143122aab556b53579c5255965144a009fa0a7759908c,432c65b3831d02892a824cce13dc99d52fc8894c3d9346bb1d25179817432dfc,119742d529b9e6b7a0f25dd6124a1f17f780ea2a9403a95b297b1afccd3390a1,"Single Grover iteration, random marked state"
2.1.0,MC-E20,e20_full_20260807_074417,2026-08-07T07:44:36.042651+00:00,grover_6,Grover,6,42,402,-8.571428571428571,-857.1428571428571,13,284,-20.846153846153847,0,166,0.0,0,0,0.0,0,1,0.0,0.9999999999999661,0.91481614112854,cirq,optimize_for_target_gateset+eject_z+merge_1q,1.6.1,default,ok,42,0,experiments/e20_multi_compiler_full/run.py,359d4060c67ca5d924d143122aab556b53579c5255965144a009fa0a7759908c,432c65b3831d02892a824cce13dc99d52fc8894c3d9346bb1d25179817432dfc,ff756efc8a721b7988c44506e2ee86835fd95a7736671ac1bd3eb12a5b6a0099,"Single Grover iteration, random marked state"
2.1.0,MC-E20,e20_full_20260807_074417,2026-08-07T07:44:38.714223+00:00,grover_6,Grover,6,42,344,-7.19047619047619,-719.047619047619,13,233,-16.923076923076923,0,160,0.0,0,160,0.0,0,0,0.0,0.9999999999999817,2.5986950397491455,tket,FullPeepholeOptimise,2.18.0,default,ok,42,0,experiments/e20_multi_compiler_full/run.py,359d4060c67ca5d924d143122aab556b53579c5255965144a009fa0a7759908c,432c65b3831d02892a824cce13dc99d52fc8894c3d9346bb1d25179817432dfc,18bc792dddf7feaa960fe414141bea20ceddbeb06c52b9b3178366a9999986ea,"Single Grover iteration, random marked state"
2.1.0,MC-E20,e20_full_20260807_074417,2026-08-07T07:44:38.729272+00:00,adder_6,Adder,7,12,12,0.0,0.0,8,8,0.0,4,4,0.0,4,4,0.0,0,0,0.0,1.0,0.0,qiskit,transpiler,2.4.1,3,ok,42,0,experiments/e20_multi_compiler_full/run.py,359d4060c67ca5d924d143122aab556b53579c5255965144a009fa0a7759908c,ffbccff06f7f6ee0e5485c7374bbae521e513bf19f08f375c992f0d2c68d895c,3694e0b2c382cd7f323a3feeb3e23cb06b5e4720a169cde6f6dbeccd978b3b7a,"Ripple-carry adder, random inputs"
2.1.0,MC-E20,e20_full_20260807_074417,2026-08-07T07:44:39.019378+00:00,adder_6,Adder,7,12,160,-12.333333333333334,-1233.3333333333335,8,83,-9.375,4,52,-12.0,4,0,1.0,0,2,0.0,0.9999999999999915,0.2586801052093506,cirq,optimize_for_target_gateset+eject_z+merge_1q,1.6.1,default,ok,42,0,experiments/e20_multi_compiler_full/run.py,359d4060c67ca5d924d143122aab556b53579c5255965144a009fa0a7759908c,ffbccff06f7f6ee0e5485c7374bbae521e513bf19f08f375c992f0d2c68d895c,9f1f3782701aef0f625aede5e4ae2c9373e79910cbdc043f8800756a0df3069a,"Ripple-carry adder, random inputs"
2.1.0,MC-E20,e20_full_20260807_074417,2026-08-07T07:44:40.278335+00:00,qwalk_6,QuantumWalk,7,82,2300,-27.048780487804876,-2704.8780487804875,47,1695,-35.06382978723404,6,990,-164.0,6,990,-164.0,0,305,0.0,0.9999999999997854,0.04051995277404785,qiskit,transpiler,2.4.1,3,ok,42,0,experiments/e20_multi_compiler_full/run.py,359d4060c67ca5d924d143122aab556b53579c5255965144a009fa0a7759908c,eb7ec0d44716d6060eb6b655b7560863e69b308cc2d73d8ba2022a4f4d6524f9,b453ec1edf87cf8f9a00011ab034ee3e92ecfbecd89745f6845019d78cdff7ef,"DTQW on cycle, 3 steps"
2.1.0,MC-E20,e20_full_20260807_074417,2026-08-07T07:44:50.957776+00:00,qwalk_6,QuantumWalk,7,82,3878,-46.292682926829265,-4629.268292682927,47,2690,-56.234042553191486,6,1678,-278.6666666666667,6,0,1.0,0,8,0.0,0.9999999999997317,9.173429250717163,cirq,optimize_for_target_gateset+eject_z+merge_1q,1.6.1,default,ok,42,0,experiments/e20_multi_compiler_full/run.py,359d4060c67ca5d924d143122aab556b53579c5255965144a009fa0a7759908c,eb7ec0d44716d6060eb6b655b7560863e69b308cc2d73d8ba2022a4f4d6524f9,411ad87e8322477810cbc04e55e9fbae392ae1ab00528885f248d1ce85e21074,"DTQW on cycle, 3 steps"
2.1.0,MC-E20,e20_full_20260807_074417,2026-08-07T07:44:50.972809+00:00,iqp_6,IQP,6,34,12,0.6470588235294117,64.70588235294117,11,3,0.7272727272727273,8,2,0.75,0,0,0.0,0,0,0.0,0.9999999999999969,0.0,qiskit,transpiler,2.4.1,3,ok,42,0,experiments/e20_multi_compiler_full/run.py,359d4060c67ca5d924d143122aab556b53579c5255965144a009fa0a7759908c,3e53f339ce23bcd55c9745a7e473937d8df2b36146b0e3872cd78980fcbfe035,1a192795cf36bede321feb17f40908bc4f3e2b176f4d5af0cc78ec7c0f18d4cc,"IQP circuit, 3 diagonal layers"
2.1.0,MC-E20,e20_full_20260807_074417,2026-08-07T07:44:51.018419+00:00,iqp_6,IQP,6,34,18,0.47058823529411764,47.05882352941176,11,7,0.36363636363636365,8,4,0.5,0,0,0.0,0,2,0.0,0.9999999999999964,0.04561042785644531,cirq,optimize_for_target_gateset+eject_z+merge_1q,1.6.1,default,ok,42,0,experiments/e20_multi_compiler_full/run.py,359d4060c67ca5d924d143122aab556b53579c5255965144a009fa0a7759908c,3e53f339ce23bcd55c9745a7e473937d8df2b36146b0e3872cd78980fcbfe035,6b6694c43e77442d4f9637cbc9b299874fffcba1d7c8a562bc83f00a31d5c1c6,"IQP circuit, 3 diagonal layers"
2.1.0,MC-E20,e20_full_20260807_074417,2026-08-07T07:44:51.102407+00:00,iqp_6,IQP,6,34,10,0.7058823529411764,70.58823529411764,11,3,0.7272727272727273,8,2,0.75,0,2,0.0,0,0,0.0,0.9999999999999987,0.07708907127380371,tket,FullPeepholeOptimise,2.18.0,default,ok,42,0,experiments/e20_multi_compiler_full/run.py,359d4060c67ca5d924d143122aab556b53579c5255965144a009fa0a7759908c,3e53f339ce23bcd55c9745a7e473937d8df2b36146b0e3872cd78980fcbfe035,0acce3d93591a03b8abef1df415a248bfea2d51f9d8677b8bc1300bbff350d5c,"IQP circuit, 3 diagonal layers"
2.1.0,MC-E20,e20_full_20260807_074417,2026-08-07T07:44:51.110243+00:00,clifford_6,RandomClifford,6,45,7,0.8444444444444444,84.44444444444444,10,3,0.7,4,2,0.5,4,1,0.75,18,1,0.9444444444444444,0.9999999999999973,0.007835626602172852,qiskit,transpiler,2.4.1,3,ok,42,0,experiments/e20_multi_compiler_full/run.py,359d4060c67ca5d924d143122aab556b53579c5255965144a009fa0a7759908c,83c7c3f2143beb462726dd5669eb691fae0cabe693debd1cd6c9926ec8aac05b,e92e0578661b41462c6ee0dba9b396d2433707a0f49a3a42a7ce4fed8790d82a,"Random Clifford, depth=10"
2.1.0,MC-E20,e20_full_20260807_074417,2026-08-07T07:44:51.156223+00:00,clifford_6,RandomClifford,6,45,18,0.6,60.0,10,6,0.4,4,3,0.25,4,0,1.0,18,5,0.7222222222222222,0.9999999999999963,0.045980215072631836,cirq,optimize_for_target_gateset+eject_z+merge_1q,1.6.1,default,ok,42,0,experiments/e20_multi_compiler_full/run.py,359d4060c67ca5d924d143122aab556b53579c5255965144a009fa0a7759908c,83c7c3f2143beb462726dd5669eb691fae0cabe693debd1cd6c9926ec8aac05b,33b0f235e3d3b592201a891081312cd6490befd1e2440e509e1b1143c4d98742,"Random Clifford, depth=10"
2.1.0,MC-E20,e20_full_20260807_074417,2026-08-07T07:44:51.247108+00:00,clifford_6,RandomClifford,6,45,12,0.7333333333333334,73.33333333333334,10,3,0.7,4,2,0.5,4,2,0.5,18,0,1.0,0.2615384615384608,0.09088492393493652,tket,FullPeepholeOptimise,2.18.0,default,ok,42,0,experiments/e20_multi_compiler_full/run.py,359d4060c67ca5d924d143122aab556b53579c5255965144a009fa0a7759908c,83c7c3f2143beb462726dd5669eb691fae0cabe693debd1cd6c9926ec8aac05b,ef8cbe3e384b94a8d49d6a917008cf683c79e65334b0d3f70724999941859f7c,"Random Clifford, depth=10"
2.1.0,MC-E20,e20_full_20260807_074417,2026-08-07T07:44:51.266172+00:00,surface_code_6,SurfaceCode,7,10,10,0.0,0.0,8,8,0.0,6,6,0.0,6,6,0.0,0,0,0.0,0.9999999999999998,0.0,qiskit,transpiler,2.4.1,3,ok,42,0,experiments/e20_multi_compiler_full/run.py,359d4060c67ca5d924d143122aab556b53579c5255965144a009fa0a7759908c,50acc8cca2f23db161ca0e99de8435635242080dcd80d6ee45c483913667385d,50acc8cca2f23db161ca0e99de8435635242080dcd80d6ee45c483913667385d,X-stabilizer syndrome extraction
2.1.0,MC-E20,e20_full_20260807_074417,2026-08-07T07:44:51.299658+00:00,surface_code_6,SurfaceCode,7,10,10,0.0,0.0,8,9,-0.125,6,6,0.0,6,0,1.0,0,0,0.0,0.9999999999999998,0.033486366271972656,cirq,optimize_for_target_gateset+eject_z+merge_1q,1.6.1,default,ok,42,0,experiments/e20_multi_compiler_full/run.py,359d4060c67ca5d924d143122aab556b53579c5255965144a009fa0a7759908c,50acc8cca2f23db161ca0e99de8435635242080dcd80d6ee45c483913667385d,62012108bb2a880b1e8d67491eae951c0ba74a037897acb867c09293f241314b,X-stabilizer syndrome extraction
2.1.0,MC-E20,e20_full_20260807_074417,2026-08-07T07:44:51.327046+00:00,uccsd_6,UCCSD_inspired,6,58,44,0.24137931034482762,24.13793103448276,28,25,0.1071428571428571,29,21,0.27586206896551724,29,21,0.27586206896551724,0,0,0.0,0.9999999999999996,0.0,qiskit,transpiler,2.4.1,3,ok,42,0,experiments/e20_multi_compiler_full/run.py,359d4060c67ca5d924d143122aab556b53579c5255965144a009fa0a7759908c,e1e87948c1add56cf7276d71868a09a47fa9a3c181b86099ca4c0991612b1e44,10cde9ed0794252eea355e3c846c1f905ae7d07aa247ab32f16f093343719894,Parameterized ansatz INSPIRED BY (not true) UCCSD; see make_parameterized_ansatz docstring. Renamed from 'UCCSD' to 'UCCSD_inspired' per review L3 to avoid false claim.
2.1.0,MC-E20,e20_full_20260807_074417,2026-08-07T07:44:51.479838+00:00,uccsd_6,UCCSD_inspired,6,58,68,-0.17241379310344818,-17.24137931034482,28,33,-0.1785714285714286,29,29,0.0,29,0,1.0,0,0,0.0,0.9999999999999987,0.14919018745422363,cirq,optimize_for_target_gateset+eject_z+merge_1q,1.6.1,default,ok,42,0,experiments/e20_multi_compiler_full/run.py,359d4060c67ca5d924d143122aab556b53579c5255965144a009fa0a7759908c,e1e87948c1add56cf7276d71868a09a47fa9a3c181b86099ca4c0991612b1e44,94e5046df9533704a3928e51e752e4d413b035afeb6c0273ba071012d13c9589,Parameterized ansatz INSPIRED BY (not true) UCCSD; see make_parameterized_ansatz docstring. Renamed from 'UCCSD' to 'UCCSD_inspired' per review L3 to avoid false claim.
2.1.0,MC-E20,e20_full_20260807_074417,2026-08-07T07:44:52.000749+00:00,uccsd_6,UCCSD_inspired,6,58,44,0.24137931034482762,24.13793103448276,28,25,0.1071428571428571,29,21,0.27586206896551724,29,21,0.27586206896551724,0,0,0.0,0.9999999999999996,0.5058937072753906,tket,FullPeepholeOptimise,2.18.0,default,ok,42,0,experiments/e20_multi_compiler_full/run.py,359d4060c67ca5d924d143122aab556b53579c5255965144a009fa0a7759908c,e1e87948c1add56cf7276d71868a09a47fa9a3c181b86099ca4c0991612b1e44,5cfac0939e0f59f692dc65a8fdd6f98096f07bb780ed99858d48a57756aa2e10,Parameterized ansatz INSPIRED BY (not true) UCCSD; see make_parameterized_ansatz docstring. Renamed from 'UCCSD' to 'UCCSD_inspired' per review L3 to avoid false claim.
2.1.0,MC-E20,e20_full_20260807_074417,2026-08-07T07:44:52.092184+00:00,qft_8,QFT,8,36,36,0.0,0.0,15,15,0.0,28,28,0.0,0,0,0.0,0,0,0.0,0.9999999999999969,0.015232324600219727,qiskit,transpiler,2.4.1,3,ok,42,0,experiments/e20_multi_compiler_full/run.py,359d4060c67ca5d924d143122aab556b53579c5255965144a009fa0a7759908c,b2f83603b76f95e86e3b51898d6ea360adf3a62f51aa296baf0178913d4108b2,5e235910f0329f12c7dc3b126bc0da34cd22bcb22e80d7885306046eb1f2b62c,
2.1.0,MC-E20,e20_full_20260807_074417,2026-08-07T07:44:52.556718+00:00,qft_8,QFT,8,36,134,-2.7222222222222223,-272.22222222222223,15,48,-2.2,28,56,-1.0,0,0,0.0,0,0,0.0,0.9999999999999962,0.3170130252838135,cirq,optimize_for_target_gateset+eject_z+merge_1q,1.6.1,default,ok,42,0,experiments/e20_multi_compiler_full/run.py,359d4060c67ca5d924d143122aab556b53579c5255965144a009fa0a7759908c,b2f83603b76f95e86e3b51898d6ea360adf3a62f51aa296baf0178913d4108b2,f2003bd53d0d1c2c3df986457ae1336e33215aedb071156e8c9562fb9841837f,
2.1.0,MC-E20,e20_full_20260807_074417,2026-08-07T07:44:52.571897+00:00,ghz_8,GHZ,8,8,8,0.0,0.0,8,8,0.0,7,7,0.0,7,7,0.0,0,0,0.0,0.9999999999999998,0.0,qiskit,transpiler,2.4.1,3,ok,42,0,experiments/e20_multi_compiler_full/run.py,359d4060c67ca5d924d143122aab556b53579c5255965144a009fa0a7759908c,587577f385cf54a3edd3cc639b3ac8cc5aa139f2ef414827515ddc7be4c12104,587577f385cf54a3edd3cc639b3ac8cc5aa139f2ef414827515ddc7be4c12104,
2.1.0,MC-E20,e20_full_20260807_074417,2026-08-07T07:44:52.633634+00:00,ghz_8,GHZ,8,8,23,-1.875,-187.5,8,15,-0.875,7,7,0.0,7,0,1.0,0,0,0.0,0.9999999999999971,0.04585528373718262,cirq,optimize_for_target_gateset+eject_z+merge_1q,1.6.1,default,ok,42,0,experiments/e20_multi_compiler_full/run.py,359d4060c67ca5d924d143122aab556b53579c5255965144a009fa0a7759908c,587577f385cf54a3edd3cc639b3ac8cc5aa139f2ef414827515ddc7be4c12104,a2f2d04e71fa038bd3a71061f2357cee894af4692955787292458304cec3a3f6,
2.1.0,MC-E20,e20_full_20260807_074417,2026-08-07T07:44:52.698712+00:00,cnot_chain_8,CNOT,8,56,0,1.0,100.0,26,0,1.0,56,0,1.0,56,0,1.0,0,0,0.0,1.0,0.01472616195678711,qiskit,transpiler,2.4.1,3,ok,42,0,experiments/e20_multi_compiler_full/run.py,359d4060c67ca5d924d143122aab556b53579c5255965144a009fa0a7759908c,d3e8b51351e86caa6d8939fe0a903f48a089e7d220d46a14b52d6c94e6e43394,b9f67046a69160a09ec4f4fa9eb23036fff76352de4a4103d9d677b302f18c04,
2.1.0,MC-E20,e20_full_20260807_074417,2026-08-07T07:44:52.755473+00:00,cnot_chain_8,CNOT,8,56,0,1.0,100.0,26,0,1.0,56,0,1.0,56,0,1.0,0,0,0.0,,0.056760311126708984,cirq,optimize_for_target_gateset+eject_z+merge_1q,1.6.1,default,ok,42,0,experiments/e20_multi_compiler_full/run.py,359d4060c67ca5d924d143122aab556b53579c5255965144a009fa0a7759908c,d3e8b51351e86caa6d8939fe0a903f48a089e7d220d46a14b52d6c94e6e43394,6f8e18c5611960a199a59d79e4d4e52c427ac524f6c9f379d05c73dc41c9fc91,
2.1.0,MC-E20,e20_full_20260807_074417,2026-08-07T07:44:52.755473+00:00,bv_8,Oracle,9,23,11,0.5217391304347826,52.17391304347826,7,5,0.2857142857142857,3,3,0.0,3,3,0.0,0,0,0.0,,0.0,qiskit,transpiler,2.4.1,3,ok,42,0,experiments/e20_multi_compiler_full/run.py,359d4060c67ca5d924d143122aab556b53579c5255965144a009fa0a7759908c,27c1cdf3eda94e12894f67e152b42d888e3e26b135a7921a2ff59c204f99788d,d627c9a173e6546c526991982c44643da2eab85295b2fb7d22d3b7a5c3ec5d0f,
2.1.0,MC-E20,e20_full_20260807_074417,2026-08-07T07:44:52.876666+00:00,qaoa_line_8,QAOA,8,66,66,0.0,0.0,30,30,0.0,28,28,0.0,28,28,0.0,0,0,0.0,1.0000000000000036,0.00469660758972168,qiskit,transpiler,2.4.1,3,ok,42,0,experiments/e20_multi_compiler_full/run.py,359d4060c67ca5d924d143122aab556b53579c5255965144a009fa0a7759908c,ca386edd88164ffa11c481f7253c35755085ab3b89dc4a040baf53ef07db46b7,ca386edd88164ffa11c481f7253c35755085ab3b89dc4a040baf53ef07db46b7,
2.1.0,MC-E20,e20_full_20260807_074417,2026-08-07T07:44:53.129478+00:00,qaoa_line_8,QAOA,8,66,91,-0.3787878787878789,-37.87878787878789,30,42,-0.3999999999999999,28,28,0.0,28,0,1.0,0,0,0.0,0.9999999999999991,0.13122224807739258,cirq,optimize_for_target_gateset+eject_z+merge_1q,1.6.1,default,ok,42,0,experiments/e20_multi_compiler_full/run.py,359d4060c67ca5d924d143122aab556b53579c5255965144a009fa0a7759908c,ca386edd88164ffa11c481f7253c35755085ab3b89dc4a040baf53ef07db46b7,d87bba50e171987274f1cafe293fe1b1c21368bfdbbcc2da2a8909fdd1c1bc85,
2.1.0,MC-E20,e20_full_20260807_074417,2026-08-07T07:44:53.206436+00:00,vqe_twolocal_8,VQE,8,62,38,0.3870967741935484,38.70967741935484,15,12,0.19999999999999996,14,14,0.0,14,14,0.0,0,0,0.0,1.0,0.0,qiskit,transpiler,2.4.1,3,ok,42,0,experiments/e20_multi_compiler_full/run.py,359d4060c67ca5d924d143122aab556b53579c5255965144a009fa0a7759908c,2e7603cd238f1c4466d4f0e8566afa2b714fd83fb8ab436c7831b57c874b2ae0,e346215a4a9af45cd33ba3f883b0f60a15c84920c2f1048d96d328d79b8fcf5c,
2.1.0,MC-E20,e20_full_20260807_074417,2026-08-07T07:44:53.498692+00:00,vqe_twolocal_8,VQE,8,62,65,-0.048387096774193505,-4.8387096774193505,15,21,-0.3999999999999999,14,14,0.0,14,0,1.0,0,0,0.0,0.9999999999999973,0.18517613410949707,cirq,optimize_for_target_gateset+eject_z+merge_1q,1.6.1,default,ok,42,0,experiments/e20_multi_compiler_full/run.py,359d4060c67ca5d924d143122aab556b53579c5255965144a009fa0a7759908c,2e7603cd238f1c4466d4f0e8566afa2b714fd83fb8ab436c7831b57c874b2ae0,9cfed94cf81be4c9b9efc7c6dce07a2a26e33ce068d00b1e596c8b27e47cc428,
2.1.0,MC-E20,e20_full_20260807_074417,2026-08-07T07:44:53.582646+00:00,hardware_eff_8,HardwareEfficient,8,46,30,0.34782608695652173,34.78260869565217,8,6,0.25,14,14,0.0,14,14,0.0,0,0,0.0,1.0,0.013705968856811523,qiskit,transpiler,2.4.1,3,ok,42,0,experiments/e20_multi_compiler_full/run.py,359d4060c67ca5d924d143122aab556b53579c5255965144a009fa0a7759908c,146c3e821e8145d085eb90027904fa7f60f9de8430825fefc368f5c286fa991b,7422afa3a24ae60abe9b7a300038054d507d6e042ea3b4ded9379a4b78cef439,
2.1.0,MC-E20,e20_full_20260807_074417,2026-08-07T07:44:53.765459+00:00,hardware_eff_8,HardwareEfficient,8,46,55,-0.19565217391304346,-19.565217391304344,8,10,-0.25,14,14,0.0,14,0,1.0,0,0,0.0,0.9999999999999973,0.1065671443939209,cirq,optimize_for_target_gateset+eject_z+merge_1q,1.6.1,default,ok,42,0,experiments/e20_multi_compiler_full/run.py,359d4060c67ca5d924d143122aab556b53579c5255965144a009fa0a7759908c,146c3e821e8145d085eb90027904fa7f60f9de8430825fefc368f5c286fa991b,cfd138e560efd51f60736feddb694ecbef5bbf53d83cd513b0fad4a462c344d7,
2.1.0,MC-E20,e20_full_20260807_074417,2026-08-07T07:44:55.497805+00:00,grover_8,Grover,8,50,796,-14.92,-1492.0,11,503,-44.72727272727273,0,360,0.0,0,360,0.0,0,102,0.0,0.9999999999999309,0.0,qiskit,transpiler,2.4.1,3,ok,42,0,experiments/e20_multi_compiler_full/run.py,359d4060c67ca5d924d143122aab556b53579c5255965144a009fa0a7759908c,5d7e25c61558659bfec25da3a9815e5b308b70cddd365858f387f3042bf9782e,57d6e1ae5a5bb4de5e6c5b8d372225937fec8a1333a44a9f6752075464861c99,"Single Grover iteration, random marked state"
2.1.0,MC-E20,e20_full_20260807_074417,2026-08-07T07:45:00.044437+00:00,grover_8,Grover,8,50,1029,-19.58,-1957.9999999999998,11,698,-62.45454545454545,0,440,0.0,0,0,0.0,0,5,0.0,0.9999999999999246,2.5912437438964844,cirq,optimize_for_target_gateset+eject_z+merge_1q,1.6.1,default,ok,42,0,experiments/e20_multi_compiler_full/run.py,359d4060c67ca5d924d143122aab556b53579c5255965144a009fa0a7759908c,5d7e25c61558659bfec25da3a9815e5b308b70cddd365858f387f3042bf9782e,31ce1e777ddcc75196e6439e01e5ee21b1f8bc85ca91d79e31019f829aaa531b,"Single Grover iteration, random marked state"
2.1.0,MC-E20,e20_full_20260807_074417,2026-08-07T07:45:00.044437+00:00,adder_8,Adder,10,18,18,0.0,0.0,10,10,0.0,6,6,0.0,6,6,0.0,0,0,0.0,,0.0,qiskit,transpiler,2.4.1,3,ok,42,0,experiments/e20_multi_compiler_full/run.py,359d4060c67ca5d924d143122aab556b53579c5255965144a009fa0a7759908c,2164019ee5e79f18f2d1ccc22ecf54065aa0ae6d801bbde583c7eea6b58de838,d5c8566c3d12e28705dfce12294cea96fcac04ae89868f375e113f3b2d11e6f5,"Ripple-carry adder, random inputs"
2.1.0,MC-E20,e20_full_20260807_074417,2026-08-07T07:45:00.171589+00:00,qwalk_8,QuantumWalk,9,106,4551,-41.93396226415094,-4193.396226415094,59,3163,-52.610169491525426,6,1962,-326.0,6,1962,-326.0,0,539,0.0,,0.061135053634643555,qiskit,transpiler,2.4.1,3,ok,42,0,experiments/e20_multi_compiler_full/run.py,359d4060c67ca5d924d143122aab556b53579c5255965144a009fa0a7759908c,c87b9484c4beef472be5022d93d257f62405257791b4d59fe1f7dd44b598d8dc,fae07c57533da7bdd2425a548748a59fc462db14f1ebea3502d691062cdb9553,"DTQW on cycle, 3 steps"
2.1.0,MC-E20,e20_full_20260807_074417,2026-08-07T07:45:00.235916+00:00,iqp_8,IQP,8,41,20,0.5121951219512195,51.21951219512195,9,5,0.4444444444444444,7,5,0.2857142857142857,0,0,0.0,0,0,0.0,0.9999999999999967,0.010288238525390625,qiskit,transpiler,2.4.1,3,ok,42,0,experiments/e20_multi_compiler_full/run.py,359d4060c67ca5d924d143122aab556b53579c5255965144a009fa0a7759908c,2d71c39b26582071bf61dcf0fd75c33b46d5626b7983e36e786fa74e823155c6,3180fe050684ada61141fd6d69b619eb6ef97dfefe6bd254eee35970e9aea24f,"IQP circuit, 3 diagonal layers"
2.1.0,MC-E20,e20_full_20260807_074417,2026-08-07T07:45:00.369486+00:00,iqp_8,IQP,8,41,26,0.36585365853658536,36.58536585365854,9,6,0.33333333333333337,7,5,0.2857142857142857,0,0,0.0,0,2,0.0,0.9999999999999956,0.0663750171661377,cirq,optimize_for_target_gateset+eject_z+merge_1q,1.6.1,default,ok,42,0,experiments/e20_multi_compiler_full/run.py,359d4060c67ca5d924d143122aab556b53579c5255965144a009fa0a7759908c,2d71c39b26582071bf61dcf0fd75c33b46d5626b7983e36e786fa74e823155c6,095375c843dcf00eb8b5c7bc44f1828c6437627fb8a5e705a8e7069f94fa4eef,"IQP circuit, 3 diagonal layers"
2.1.0,MC-E20,e20_full_20260807_074417,2026-08-07T07:45:00.453770+00:00,clifford_8,RandomClifford,8,56,20,0.6428571428571428,64.28571428571428,12,7,0.41666666666666663,7,6,0.1428571428571429,7,5,0.2857142857142857,19,3,0.8421052631578947,0.9999999999999967,0.011011838912963867,qiskit,transpiler,2.4.1,3,ok,42,0,experiments/e20_multi_compiler_full/run.py,359d4060c67ca5d924d143122aab556b53579c5255965144a009fa0a7759908c,3cb9f2651afb8f2f779991fabaa51b5b5213c87aadc3075b406a14441a8d4cdd,341bbe687d492bb7b0e48c6a9b1a4972e9a710910d02a68f578e4fc354212097,"Random Clifford, depth=10"
2.1.0,MC-E20,e20_full_20260807_074417,2026-08-07T07:45:00.599271+00:00,clifford_8,RandomClifford,8,56,25,0.5535714285714286,55.35714285714286,12,7,0.41666666666666663,7,6,0.1428571428571429,7,0,1.0,19,0,1.0,0.9999999999999938,0.07258129119873047,cirq,optimize_for_target_gateset+eject_z+merge_1q,1.6.1,default,ok,42,0,experiments/e20_multi_compiler_full/run.py,359d4060c67ca5d924d143122aab556b53579c5255965144a009fa0a7759908c,3cb9f2651afb8f2f779991fabaa51b5b5213c87aadc3075b406a14441a8d4cdd,39868ae9dc44903caa4e31c3c3172ff4a782554edf9123cab1d43f2aecc952cb,"Random Clifford, depth=10"
2.1.0,MC-E20,e20_full_20260807_074417,2026-08-07T07:45:00.608160+00:00,surface_code_8,SurfaceCode,9,13,13,0.0,0.0,10,10,0.0,8,8,0.0,8,8,0.0,0,0,0.0,,0.008889198303222656,qiskit,transpiler,2.4.1,3,ok,42,0,experiments/e20_multi_compiler_full/run.py,359d4060c67ca5d924d143122aab556b53579c5255965144a009fa0a7759908c,15085463bb9acfc3d3c2fcc7416945689cf8dbdf38ee63960843c17c716d519e,15085463bb9acfc3d3c2fcc7416945689cf8dbdf38ee63960843c17c716d519e,X-stabilizer syndrome extraction
2.1.0,MC-E20,e20_full_20260807_074417,2026-08-07T07:45:00.764867+00:00,uccsd_8,UCCSD_inspired,8,80,60,0.25,25.0,31,27,0.12903225806451613,36,28,0.2222222222222222,36,28,0.2222222222222222,0,0,0.0,1.0,0.011342048645019531,qiskit,transpiler,2.4.1,3,ok,42,0,experiments/e20_multi_compiler_full/run.py,359d4060c67ca5d924d143122aab556b53579c5255965144a009fa0a7759908c,22551b784d24a75d9256bbd007b935019702d979f1a26edaef3c56d99546120b,54c74c2e6b157e0a7801275f5eb3307028b93a313c4bfd4a83eb76249043f02f,Parameterized ansatz INSPIRED BY (not true) UCCSD; see make_parameterized_ansatz docstring. Renamed from 'UCCSD' to 'UCCSD_inspired' per review L3 to avoid false claim.
2.1.0,MC-E20,e20_full_20260807_074417,2026-08-07T07:45:01.126992+00:00,uccsd_8,UCCSD_inspired,8,80,79,0.012499999999999956,1.2499999999999956,31,34,-0.09677419354838701,36,36,0.0,36,0,1.0,0,0,0.0,0.9999999999999996,0.20304107666015625,cirq,optimize_for_target_gateset+eject_z+merge_1q,1.6.1,default,ok,42,0,experiments/e20_multi_compiler_full/run.py,359d4060c67ca5d924d143122aab556b53579c5255965144a009fa0a7759908c,22551b784d24a75d9256bbd007b935019702d979f1a26edaef3c56d99546120b,14d5f03f5ca716014f48a1509d441dc9af4f07b4547a8f97558ab2953554d285,Parameterized ansatz INSPIRED BY (not true) UCCSD; see make_parameterized_ansatz docstring. Renamed from 'UCCSD' to 'UCCSD_inspired' per review L3 to avoid false claim.
2.1.0,MC-E20,e20_full_20260807_074417,2026-08-07T07:45:01.176802+00:00,haar_4,HaarRandom,4,275,257,0.06545454545454543,6.545454545454543,189,189,0.0,95,95,0.0,95,95,0.0,0,0,0.0,0.999999999999995,0.008505821228027344,qiskit,transpiler,2.4.1,3,ok,42,0,experiments/e20_multi_compiler_full/run.py,359d4060c67ca5d924d143122aab556b53579c5255965144a009fa0a7759908c,e3adab92c21c196187f532884a3df148d0a31b733a6a8e5a838d602438d54f2d,86551e945b908f7c56f6866ce1e86d4130a28d0f0979044cdf1d0d7e890928b8,"Haar-random unitary, exact synthesis"
2.1.0,MC-E20,e20_full_20260807_074417,2026-08-07T07:45:01.822357+00:00,haar_4,HaarRandom,4,275,285,-0.036363636363636376,-3.6363636363636376,189,190,-0.005291005291005346,95,95,0.0,95,0,1.0,0,0,0.0,0.9999999999999939,0.61385178565979,cirq,optimize_for_target_gateset+eject_z+merge_1q,1.6.1,default,ok,42,0,experiments/e20_multi_compiler_full/run.py,359d4060c67ca5d924d143122aab556b53579c5255965144a009fa0a7759908c,e3adab92c21c196187f532884a3df148d0a31b733a6a8e5a838d602438d54f2d,6f8ce5b2d489f456e480b88f0f613262b872eba3daf8261da6561410fe70f72d,"Haar-random unitary, exact synthesis"
2.1.0,MC-E20,e20_full_20260807_074417,2026-08-07T07:45:04.122612+00:00,haar_4,HaarRandom,4,275,257,0.06545454545454543,6.545454545454543,189,189,0.0,95,95,0.0,95,95,0.0,0,0,0.0,0.9999999999999991,2.258962869644165,tket,FullPeepholeOptimise,2.18.0,default,ok,42,0,experiments/e20_multi_compiler_full/run.py,359d4060c67ca5d924d143122aab556b53579c5255965144a009fa0a7759908c,e3adab92c21c196187f532884a3df148d0a31b733a6a8e5a838d602438d54f2d,4b3dadd86f3b08f9e0cce63d22b512f6138fecd859d31af01d4ecf898c42b2d3,"Haar-random unitary, exact synthesis"
2.1.0,MC-E20,e20_full_20260807_074417,2026-08-07T07:45:04.400588+00:00,qft_4,QFT,4,10,10,0.0,0.0,7,7,0.0,6,6,0.0,0,0,0.0,0,0,0.0,0.9999999999999988,0.009400367736816406,qiskit,transpiler,2.4.1,3,ok,43,1,experiments/e20_multi_compiler_full/run.py,359d4060c67ca5d924d143122aab556b53579c5255965144a009fa0a7759908c,ec754f7e3892ee8ca405ace36ffa2cf3d8489863d2f83852f623de773dd94b1e,001408f6c8b62c5aa1e72c56729dcc2520332ae2954b17daf86162a5a4f46ac6,
2.1.0,MC-E20,e20_full_20260807_074417,2026-08-07T07:45:04.472479+00:00,qft_4,QFT,4,10,34,-2.4,-240.0,7,20,-1.8571428571428572,6,12,-1.0,0,0,0.0,0,0,0.0,0.9999999999999981,0.06678557395935059,cirq,optimize_for_target_gateset+eject_z+merge_1q,1.6.1,default,ok,43,1,experiments/e20_multi_compiler_full/run.py,359d4060c67ca5d924d143122aab556b53579c5255965144a009fa0a7759908c,ec754f7e3892ee8ca405ace36ffa2cf3d8489863d2f83852f623de773dd94b1e,e7250dce10bcf0582287ec690b02c1ded37b1a4d82d911c36bee292143ba0f8c,
2.1.0,MC-E20,e20_full_20260807_074417,2026-08-07T07:45:04.682302+00:00,qft_4,QFT,4,10,31,-2.1,-210.0,7,19,-1.7142857142857144,6,12,-1.0,0,12,0.0,0,0,0.0,1.0,0.20692157745361328,tket,FullPeepholeOptimise,2.18.0,default,ok,43,1,experiments/e20_multi_compiler_full/run.py,359d4060c67ca5d924d143122aab556b53579c5255965144a009fa0a7759908c,ec754f7e3892ee8ca405ace36ffa2cf3d8489863d2f83852f623de773dd94b1e,1c29c769144f94e13e3a392f195ebc1c6cfc77bad3bffa3aa293760f9e7c4679,
2.1.0,MC-E20,e20_full_20260807_074417,2026-08-07T07:45:04.691322+00:00,ghz_4,GHZ,4,4,4,0.0,0.0,4,4,0.0,3,3,0.0,3,3,0.0,0,0,0.0,0.9999999999999996,0.007023811340332031,qiskit,transpiler,2.4.1,3,ok,43,1,experiments/e20_multi_compiler_full/run.py,359d4060c67ca5d924d143122aab556b53579c5255965144a009fa0a7759908c,632a65a86fd9bfab17ccedbd10b32b45490cc33030a23af0d675ad3e8ad7a445,632a65a86fd9bfab17ccedbd10b32b45490cc33030a23af0d675ad3e8ad7a445,
2.1.0,MC-E20,e20_full_20260807_074417,2026-08-07T07:45:04.719932+00:00,ghz_4,GHZ,4,4,11,-1.75,-175.0,4,7,-0.75,3,3,0.0,3,0,1.0,0,0,0.0,0.9999999999999988,0.026053667068481445,cirq,optimize_for_target_gateset+eject_z+merge_1q,1.6.1,default,ok,43,1,experiments/e20_multi_compiler_full/run.py,359d4060c67ca5d924d143122aab556b53579c5255965144a009fa0a7759908c,632a65a86fd9bfab17ccedbd10b32b45490cc33030a23af0d675ad3e8ad7a445,5ca7a53f4dbc7c75daa820a5c5948f68bebd5a9db5a6a058678c009a27a48441,
2.1.0,MC-E20,e20_full_20260807_074417,2026-08-07T07:45:04.775267+00:00,ghz_4,GHZ,4,4,4,0.0,0.0,4,4,0.0,3,3,0.0,3,3,0.0,0,0,0.0,1.0,0.054216623306274414,tket,FullPeepholeOptimise,2.18.0,default,ok,43,1,experiments/e20_multi_compiler_full/run.py,359d4060c67ca5d924d143122aab556b53579c5255965144a009fa0a7759908c,632a65a86fd9bfab17ccedbd10b32b45490cc33030a23af0d675ad3e8ad7a445,0ca2e20394ef52eecba8c72454ae73e952a311d06ff639876717b3ceaa156322,
2.1.0,MC-E20,e20_full_20260807_074417,2026-08-07T07:45:04.798037+00:00,cnot_chain_4,CNOT,4,24,0,1.0,100.0,18,0,1.0,24,0,1.0,24,0,1.0,0,0,0.0,1.0,0.022770404815673828,qiskit,transpiler,2.4.1,3,ok,43,1,experiments/e20_multi_compiler_full/run.py,359d4060c67ca5d924d143122aab556b53579c5255965144a009fa0a7759908c,c15ccd1efbe0b71c21464e888a978afbe6b6cf006bd895873c7d9b8e51efbaf0,80cb67051feabb1a835727fede3367602f1e692e3ec9d1d7247266c73803bd7d,
2.1.0,MC-E20,e20_full_20260807_074417,2026-08-07T07:45:04.820519+00:00,cnot_chain_4,CNOT,4,24,0,1.0,100.0,18,0,1.0,24,0,1.0,24,0,1.0,0,0,0.0,,0.022481679916381836,cirq,optimize_for_target_gateset+eject_z+merge_1q,1.6.1,default,ok,43,1,experiments/e20_multi_compiler_full/run.py,359d4060c67ca5d924d143122aab556b53579c5255965144a009fa0a7759908c,c15ccd1efbe0b71c21464e888a978afbe6b6cf006bd895873c7d9b8e51efbaf0,6f8e18c5611960a199a59d79e4d4e52c427ac524f6c9f379d05c73dc41c9fc91,
2.1.0,MC-E20,e20_full_20260807_074417,2026-08-07T07:45:04.832498+00:00,cnot_chain_4,CNOT,4,24,0,1.0,100.0,18,0,1.0,24,0,1.0,24,0,1.0,0,0,0.0,1.0,0.009817123413085938,tket,FullPeepholeOptimise,2.18.0,default,ok,43,1,experiments/e20_multi_compiler_full/run.py,359d4060c67ca5d924d143122aab556b53579c5255965144a009fa0a7759908c,c15ccd1efbe0b71c21464e888a978afbe6b6cf006bd895873c7d9b8e51efbaf0,80cb67051feabb1a835727fede3367602f1e692e3ec9d1d7247266c73803bd7d,
2.1.0,MC-E20,e20_full_20260807_074417,2026-08-07T07:45:04.839499+00:00,bv_4,Oracle,5,14,8,0.4285714285714286,42.85714285714286,6,4,0.33333333333333337,2,2,0.0,2,2,0.0,0,0,0.0,0.9999999999999979,0.0050013065338134766,qiskit,transpiler,2.4.1,3,ok,43,1,experiments/e20_multi_compiler_full/run.py,359d4060c67ca5d924d143122aab556b53579c5255965144a009fa0a7759908c,4ae8943f799faae7e1b0ea35ba0735dacc8733ca21e488e404fc3b8431d95cd9,9a125b2a21e9122766877d69900711a381e4c69e2f6a4c9aa4a3e9c498c0eb2e,
2.1.0,MC-E20,e20_full_20260807_074417,2026-08-07T07:45:04.864924+00:00,bv_4,Oracle,5,14,9,0.3571428571428571,35.71428571428571,6,5,0.16666666666666663,2,2,0.0,2,0,1.0,0,0,0.0,,0.024423599243164062,cirq,optimize_for_target_gateset+eject_z+merge_1q,1.6.1,default,ok,43,1,experiments/e20_multi_compiler_full/run.py,359d4060c67ca5d924d143122aab556b53579c5255965144a009fa0a7759908c,4ae8943f799faae7e1b0ea35ba0735dacc8733ca21e488e404fc3b8431d95cd9,0982069dfcff4efe2118be2a3bd5bd2cbea87a03389b25d506a06184617e25ec,
2.1.0,MC-E20,e20_full_20260807_074417,2026-08-07T07:45:04.942017+00:00,bv_4,Oracle,5,14,8,0.4285714285714286,42.85714285714286,6,4,0.33333333333333337,2,2,0.0,2,2,0.0,0,0,0.0,0.9999999999999987,0.07553839683532715,tket,FullPeepholeOptimise,2.18.0,default,ok,43,1,experiments/e20_multi_compiler_full/run.py,359d4060c67ca5d924d143122aab556b53579c5255965144a009fa0a7759908c,4ae8943f799faae7e1b0ea35ba0735dacc8733ca21e488e404fc3b8431d95cd9,ef7f938976573d552cd7213153f64c96c7979aff2940ae8bf9f2ec9d50ed6ede,
2.1.0,MC-E20,e20_full_20260807_074417,2026-08-07T07:45:04.953349+00:00,qaoa_line_4,QAOA,4,30,30,0.0,0.0,18,18,0.0,12,12,0.0,12,12,0.0,0,0,0.0,0.9999999999999996,0.0,qiskit,transpiler,2.4.1,3,ok,43,1,experiments/e20_multi_compiler_full/run.py,359d4060c67ca5d924d143122aab556b53579c5255965144a009fa0a7759908c,e2f84665e1cffa440a5e87894da8a7d5290b1ad37dd429ba5b2fde80de80dba3,e2f84665e1cffa440a5e87894da8a7d5290b1ad37dd429ba5b2fde80de80dba3,
2.1.0,MC-E20,e20_full_20260807_074417,2026-08-07T07:45:05.024591+00:00,qaoa_line_4,QAOA,4,30,38,-0.2666666666666666,-26.66666666666666,18,22,-0.22222222222222232,12,12,0.0,12,0,1.0,0,0,0.0,0.9999999999999991,0.06818461418151855,cirq,optimize_for_target_gateset+eject_z+merge_1q,1.6.1,default,ok,43,1,experiments/e20_multi_compiler_full/run.py,359d4060c67ca5d924d143122aab556b53579c5255965144a009fa0a7759908c,e2f84665e1cffa440a5e87894da8a7d5290b1ad37dd429ba5b2fde80de80dba3,293e30127b6a4ac1860fc4cfb4c9810070caf7072c73c73f01af68c45847e9e5,
2.1.0,MC-E20,e20_full_20260807_074417,2026-08-07T07:45:05.226284+00:00,qaoa_line_4,QAOA,4,30,28,0.06666666666666665,6.666666666666665,18,18,0.0,12,12,0.0,12,12,0.0,0,0,0.0,1.0000000000000009,0.20066618919372559,tket,FullPeepholeOptimise,2.18.0,default,ok,43,1,experiments/e20_multi_compiler_full/run.py,359d4060c67ca5d924d143122aab556b53579c5255965144a009fa0a7759908c,e2f84665e1cffa440a5e87894da8a7d5290b1ad37dd429ba5b2fde80de80dba3,f0e576f1b74f0f887306b75fc47d4269ad68a58852ce052e82ad4bf6ef0dd33e,
2.1.0,MC-E20,e20_full_20260807_074417,2026-08-07T07:45:05.245707+00:00,vqe_twolocal_4,VQE,4,30,18,0.4,40.0,11,8,0.2727272727272727,6,6,0.0,6,6,0.0,0,0,0.0,1.0,0.019423484802246094,qiskit,transpiler,2.4.1,3,ok,43,1,experiments/e20_multi_compiler_full/run.py,359d4060c67ca5d924d143122aab556b53579c5255965144a009fa0a7759908c,ad8804644e5e139c571b4ff37f9208490e3e696d99dd0b9a095fb9fa4beb9550,552df424118ef6dd17752ebfd28a03eb7dba209b1180b15732ce58ed9f299558,
2.1.0,MC-E20,e20_full_20260807_074417,2026-08-07T07:45:05.322272+00:00,vqe_twolocal_4,VQE,4,30,29,0.033333333333333326,3.3333333333333326,11,13,-0.18181818181818188,6,6,0.0,6,0,1.0,0,0,0.0,0.9999999999999996,0.07254552841186523,cirq,optimize_for_target_gateset+eject_z+merge_1q,1.6.1,default,ok,43,1,experiments/e20_multi_compiler_full/run.py,359d4060c67ca5d924d143122aab556b53579c5255965144a009fa0a7759908c,ad8804644e5e139c571b4ff37f9208490e3e696d99dd0b9a095fb9fa4beb9550,594b9cac4b86268ebadd2c366ab9e3a4163774e19cdcc9b51df49acbcedf3c0f,
2.1.0,MC-E20,e20_full_20260807_074417,2026-08-07T07:45:05.529643+00:00,vqe_twolocal_4,VQE,4,30,18,0.4,40.0,11,8,0.2727272727272727,6,6,0.0,6,6,0.0,0,0,0.0,1.0,0.2018871307373047,tket,FullPeepholeOptimise,2.18.0,default,ok,43,1,experiments/e20_multi_compiler_full/run.py,359d4060c67ca5d924d143122aab556b53579c5255965144a009fa0a7759908c,ad8804644e5e139c571b4ff37f9208490e3e696d99dd0b9a095fb9fa4beb9550,a29faa32d51d5596dec31cf2f8f5a1ae42956d7096d09d715a71e91fe5b88242,
2.1.0,MC-E20,e20_full_20260807_074417,2026-08-07T07:45:05.540443+00:00,hardware_eff_4,HardwareEfficient,4,22,14,0.36363636363636365,36.36363636363637,8,6,0.25,6,6,0.0,6,6,0.0,0,0,0.0,1.0,0.007329463958740234,qiskit,transpiler,2.4.1,3,ok,43,1,experiments/e20_multi_compiler_full/run.py,359d4060c67ca5d924d143122aab556b53579c5255965144a009fa0a7759908c,76bec993153e3bcf2e1f00640777a0af57c90391f8c9694009caad8f196d8e07,d475e437b07d078b41c43468f370b4612b839c20994622aeabe83048a939f464,
2.1.0,MC-E20,e20_full_20260807_074417,2026-08-07T07:45:05.594343+00:00,hardware_eff_4,HardwareEfficient,4,22,25,-0.13636363636363646,-13.636363636363647,8,10,-0.25,6,6,0.0,6,0,1.0,0,0,0.0,0.9999999999999996,0.04978466033935547,cirq,optimize_for_target_gateset+eject_z+merge_1q,1.6.1,default,ok,43,1,experiments/e20_multi_compiler_full/run.py,359d4060c67ca5d924d143122aab556b53579c5255965144a009fa0a7759908c,76bec993153e3bcf2e1f00640777a0af57c90391f8c9694009caad8f196d8e07,35118e8e86e6d0bfd1f776c9f2b7519f152c421506728754d5b3684350019a12,
2.1.0,MC-E20,e20_full_20260807_074417,2026-08-07T07:45:05.788058+00:00,hardware_eff_4,HardwareEfficient,4,22,14,0.36363636363636365,36.36363636363637,8,6,0.25,6,6,0.0,6,6,0.0,0,0,0.0,0.9999999999999998,0.19371509552001953,tket,FullPeepholeOptimise,2.18.0,default,ok,43,1,experiments/e20_multi_compiler_full/run.py,359d4060c67ca5d924d143122aab556b53579c5255965144a009fa0a7759908c,76bec993153e3bcf2e1f00640777a0af57c90391f8c9694009caad8f196d8e07,3e4aeabafea5bfdc021224766cc27c1ae2515fc9fd7704b4e28760cbdbdf1019,
2.1.0,MC-E20,e20_full_20260807_074417,2026-08-07T07:45:05.810666+00:00,grover_4,Grover,4,32,62,-0.9375,-93.75,11,53,-3.8181818181818183,0,28,0.0,0,28,0.0,0,0,0.0,0.9999999999999941,0.011908292770385742,qiskit,transpiler,2.4.1,3,ok,43,1,experiments/e20_multi_compiler_full/run.py,359d4060c67ca5d924d143122aab556b53579c5255965144a009fa0a7759908c,1c6c6ad4c9df8b50d448fc942a1b43a006f3721c5fe1f3e80840c2d37be363f7,dee801d4a10feec429b8d729ef90136d4be3c1b7b5732b86dbd46bb63ae6b577,"Single Grover iteration, random marked state"
2.1.0,MC-E20,e20_full_20260807_074417,2026-08-07T07:45:06.013267+00:00,grover_4,Grover,4,32,70,-1.1875,-118.75,11,56,-4.090909090909091,0,28,0.0,0,0,0.0,0,0,0.0,0.9999999999999933,0.18630552291870117,cirq,optimize_for_target_gateset+eject_z+merge_1q,1.6.1,default,ok,43,1,experiments/e20_multi_compiler_full/run.py,359d4060c67ca5d924d143122aab556b53579c5255965144a009fa0a7759908c,1c6c6ad4c9df8b50d448fc942a1b43a006f3721c5fe1f3e80840c2d37be363f7,0dcb95051cfe5cfc16d22c11289274fe5693932b358f7087bd217295a9ce9300,"Single Grover iteration, random marked state"
2.1.0,MC-E20,e20_full_20260807_074417,2026-08-07T07:45:06.594864+00:00,grover_4,Grover,4,32,64,-1.0,-100.0,11,55,-4.0,0,28,0.0,0,28,0.0,0,0,0.0,0.9999999999999967,0.5806341171264648,tket,FullPeepholeOptimise,2.18.0,default,ok,43,1,experiments/e20_multi_compiler_full/run.py,359d4060c67ca5d924d143122aab556b53579c5255965144a009fa0a7759908c,1c6c6ad4c9df8b50d448fc942a1b43a006f3721c5fe1f3e80840c2d37be363f7,125f78a317db6d7c92eb5c8c9f4d513f1312633b110867c737f7b4196f983743,"Single Grover iteration, random marked state"
2.1.0,MC-E20,e20_full_20260807_074417,2026-08-07T07:45:06.607728+00:00,adder_4,Adder,4,7,7,0.0,0.0,6,6,0.0,2,2,0.0,2,2,0.0,0,0,0.0,1.0,0.0,qiskit,transpiler,2.4.1,3,ok,43,1,experiments/e20_multi_compiler_full/run.py,359d4060c67ca5d924d143122aab556b53579c5255965144a009fa0a7759908c,0cdd5a16e73c23ba58925f4d39695d1266fd02932361888693ce1d5d922fd6ce,0cdd5a16e73c23ba58925f4d39695d1266fd02932361888693ce1d5d922fd6ce,"Ripple-carry adder, random inputs"
2.1.0,MC-E20,e20_full_20260807_074417,2026-08-07T07:45:06.752392+00:00,adder_4,Adder,4,7,80,-10.428571428571429,-1042.857142857143,6,52,-7.666666666666666,2,26,-12.0,2,0,1.0,0,2,0.0,0.9999999999999964,0.14466452598571777,cirq,optimize_for_target_gateset+eject_z+merge_1q,1.6.1,default,ok,43,1,experiments/e20_multi_compiler_full/run.py,359d4060c67ca5d924d143122aab556b53579c5255965144a009fa0a7759908c,0cdd5a16e73c23ba58925f4d39695d1266fd02932361888693ce1d5d922fd6ce,34d0193e0bb10d0334f463337eb13430ca81519c69c45cbff0f3870e71a307a5,"Ripple-carry adder, random inputs"
2.1.0,MC-E20,e20_full_20260807_074417,2026-08-07T07:45:07.016281+00:00,adder_4,Adder,4,7,38,-4.428571428571429,-442.8571428571429,6,29,-3.833333333333333,2,18,-8.0,2,18,-8.0,0,0,0.0,1.0000000000000009,0.2610325813293457,tket,FullPeepholeOptimise,2.18.0,default,ok,43,1,experiments/e20_multi_compiler_full/run.py,359d4060c67ca5d924d143122aab556b53579c5255965144a009fa0a7759908c,0cdd5a16e73c23ba58925f4d39695d1266fd02932361888693ce1d5d922fd6ce,63dd85d0b6eee332a21dec60068ec9f069e9c7453472dc52c5db7bf768a62137,"Ripple-carry adder, random inputs"
2.1.0,MC-E20,e20_full_20260807_074417,2026-08-07T07:45:07.109050+00:00,qwalk_4,QuantumWalk,5,58,453,-6.810344827586207,-681.0344827586207,35,387,-10.057142857142857,6,252,-41.0,6,198,-32.0,0,36,0.0,0.9999999999999498,0.015043973922729492,qiskit,transpiler,2.4.1,3,ok,43,1,experiments/e20_multi_compiler_full/run.py,359d4060c67ca5d924d143122aab556b53579c5255965144a009fa0a7759908c,906e999f0e432aaebaa22e21c190d2b9316cabc688cb62e738fbdac4bd966b93,d9868fc66f46a97588ae0392886a222e1d453efbff3b18fdad5525b0649b3c36,"DTQW on cycle, 3 steps"
2.1.0,MC-E20,e20_full_20260807_074417,2026-08-07T07:45:09.495504+00:00,qwalk_4,QuantumWalk,5,58,823,-13.189655172413794,-1318.9655172413793,35,638,-17.228571428571428,6,354,-58.0,6,0,1.0,0,0,0.0,0.9999999999999464,2.2827773094177246,cirq,optimize_for_target_gateset+eject_z+merge_1q,1.6.1,default,ok,43,1,experiments/e20_multi_compiler_full/run.py,359d4060c67ca5d924d143122aab556b53579c5255965144a009fa0a7759908c,906e999f0e432aaebaa22e21c190d2b9316cabc688cb62e738fbdac4bd966b93,4385c853b8941a04fcf10ca6cac93b2f3056e7052ae02e946a3c374f90a6c271,"DTQW on cycle, 3 steps"
2.1.0,MC-E20,e20_full_20260807_074417,2026-08-07T07:45:15.910284+00:00,qwalk_4,QuantumWalk,5,58,686,-10.827586206896552,-1082.7586206896551,35,534,-14.257142857142858,6,330,-54.0,6,330,-54.0,0,0,0.0,0.9999999999999707,6.3268797397613525,tket,FullPeepholeOptimise,2.18.0,default,ok,43,1,experiments/e20_multi_compiler_full/run.py,359d4060c67ca5d924d143122aab556b53579c5255965144a009fa0a7759908c,906e999f0e432aaebaa22e21c190d2b9316cabc688cb62e738fbdac4bd966b93,307fc16fd0e3e3634ef746dabf1b57a2a1c17a11b5ee42e67e07b9213f33978d,"DTQW on cycle, 3 steps"
2.1.0,MC-E20,e20_full_20260807_074417,2026-08-07T07:45:15.919329+00:00,iqp_4,IQP,4,17,8,0.5294117647058824,52.94117647058824,6,4,0.33333333333333337,4,2,0.5,0,0,0.0,0,0,0.0,0.9999999999999979,0.005980730056762695,qiskit,transpiler,2.4.1,3,ok,43,1,experiments/e20_multi_compiler_full/run.py,359d4060c67ca5d924d143122aab556b53579c5255965144a009fa0a7759908c,242a882f80ce5a6671bf925e18c08367fc93acd6d93c6a748ea327d9d0f88681,2c6bf340a3f3f126f6ebd4004d5692225c96c43a1277e1875f388b52ef544624,"IQP circuit, 3 diagonal layers"
2.1.0,MC-E20,e20_full_20260807_074417,2026-08-07T07:45:15.958273+00:00,iqp_4,IQP,4,17,15,0.11764705882352944,11.764705882352944,6,6,0.0,4,4,0.0,0,0,0.0,0,2,0.0,0.9999999999999981,0.03894376754760742,cirq,optimize_for_target_gateset+eject_z+merge_1q,1.6.1,default,ok,43,1,experiments/e20_multi_compiler_full/run.py,359d4060c67ca5d924d143122aab556b53579c5255965144a009fa0a7759908c,242a882f80ce5a6671bf925e18c08367fc93acd6d93c6a748ea327d9d0f88681,0d19b696f9f312375736958849b538e8b47811531ba62e879fd0867d7faf3c0c,"IQP circuit, 3 diagonal layers"
2.1.0,MC-E20,e20_full_20260807_074417,2026-08-07T07:45:16.060482+00:00,iqp_4,IQP,4,17,8,0.5294117647058824,52.94117647058824,6,5,0.16666666666666663,4,2,0.5,0,2,0.0,0,0,0.0,0.9999999999999996,0.0999150276184082,tket,FullPeepholeOptimise,2.18.0,default,ok,43,1,experiments/e20_multi_compiler_full/run.py,359d4060c67ca5d924d143122aab556b53579c5255965144a009fa0a7759908c,242a882f80ce5a6671bf925e18c08367fc93acd6d93c6a748ea327d9d0f88681,dfc2ce2a0bc74ca5d599ba113f0d148f9020a0cbcce73de44f4fd915b45f0903,"IQP circuit, 3 diagonal layers"
2.1.0,MC-E20,e20_full_20260807_074417,2026-08-07T07:45:16.069377+00:00,clifford_4,RandomClifford,4,40,2,0.95,95.0,14,1,0.9285714285714286,7,2,0.7142857142857143,7,0,1.0,14,0,1.0,1.0000000000000018,0.005988359451293945,qiskit,transpiler,2.4.1,3,ok,43,1,experiments/e20_multi_compiler_full/run.py,359d4060c67ca5d924d143122aab556b53579c5255965144a009fa0a7759908c,5d9918348c32a38ea086e50df5cd9bdc802382b4ec6eaadd904f9b6645782251,a49f15b95000bbcd7497c92fdccc1743139862d9b1f0d063ede3db105b018186,"Random Clifford, depth=10"
2.1.0,MC-E20,e20_full_20260807_074417,2026-08-07T07:45:16.109283+00:00,clifford_4,RandomClifford,4,40,15,0.625,62.5,14,6,0.5714285714285714,7,3,0.5714285714285714,7,0,1.0,14,2,0.8571428571428572,0.9999999999999967,0.03681540489196777,cirq,optimize_for_target_gateset+eject_z+merge_1q,1.6.1,default,ok,43,1,experiments/e20_multi_compiler_full/run.py,359d4060c67ca5d924d143122aab556b53579c5255965144a009fa0a7759908c,5d9918348c32a38ea086e50df5cd9bdc802382b4ec6eaadd904f9b6645782251,bfa45608f63eb528573616effda9dcbb6b171382e798385c912895d6145a6bc2,"Random Clifford, depth=10"
2.1.0,MC-E20,e20_full_20260807_074417,2026-08-07T07:45:16.178222+00:00,clifford_4,RandomClifford,4,40,9,0.775,77.5,14,3,0.7857142857142857,7,2,0.7142857142857143,7,2,0.7142857142857143,14,0,1.0,0.2941176470588228,0.06453275680541992,tket,FullPeepholeOptimise,2.18.0,default,ok,43,1,experiments/e20_multi_compiler_full/run.py,359d4060c67ca5d924d143122aab556b53579c5255965144a009fa0a7759908c,5d9918348c32a38ea086e50df5cd9bdc802382b4ec6eaadd904f9b6645782251,ae63612cccedebb2f58b6256e68bb777997b421444340fdf64ce8bbb53cd01b5,"Random Clifford, depth=10"
2.1.0,MC-E20,e20_full_20260807_074417,2026-08-07T07:45:16.188644+00:00,surface_code_4,SurfaceCode,5,7,7,0.0,0.0,6,6,0.0,4,4,0.0,4,4,0.0,0,0,0.0,0.9999999999999996,0.008686304092407227,qiskit,transpiler,2.4.1,3,ok,43,1,experiments/e20_multi_compiler_full/run.py,359d4060c67ca5d924d143122aab556b53579c5255965144a009fa0a7759908c,7de15138171180eddd35e0f29e3e3ce11f0b20302daab2bc45c5be3302e9cf4d,7de15138171180eddd35e0f29e3e3ce11f0b20302daab2bc45c5be3302e9cf4d,X-stabilizer syndrome extraction
2.1.0,MC-E20,e20_full_20260807_074417,2026-08-07T07:45:16.226529+00:00,surface_code_4,SurfaceCode,5,7,7,0.0,0.0,6,6,0.0,4,4,0.0,4,0,1.0,0,0,0.0,0.9999999999999998,0.03487849235534668,cirq,optimize_for_target_gateset+eject_z+merge_1q,1.6.1,default,ok,43,1,experiments/e20_multi_compiler_full/run.py,359d4060c67ca5d924d143122aab556b53579c5255965144a009fa0a7759908c,7de15138171180eddd35e0f29e3e3ce11f0b20302daab2bc45c5be3302e9cf4d,eca8c67166fd28033193fd4725bd7f1198f7484bb769a99845b5ec141f6eaedc,X-stabilizer syndrome extraction
2.1.0,MC-E20,e20_full_20260807_074417,2026-08-07T07:45:16.342746+00:00,surface_code_4,SurfaceCode,5,7,7,0.0,0.0,6,6,0.0,4,4,0.0,4,4,0.0,0,0,0.0,1.0,0.1063847541809082,tket,FullPeepholeOptimise,2.18.0,default,ok,43,1,experiments/e20_multi_compiler_full/run.py,359d4060c67ca5d924d143122aab556b53579c5255965144a009fa0a7759908c,7de15138171180eddd35e0f29e3e3ce11f0b20302daab2bc45c5be3302e9cf4d,d1c716140d871a172b38d98a0dade474f4f03acf458ec16146c456268be3332f,X-stabilizer syndrome extraction
2.1.0,MC-E20,e20_full_20260807_074417,2026-08-07T07:45:16.354414+00:00,uccsd_4,UCCSD_inspired,4,28,22,0.2142857142857143,21.42857142857143,16,15,0.0625,14,10,0.2857142857142857,14,10,0.2857142857142857,0,0,0.0,1.0000000000000004,0.0016014575958251953,qiskit,transpiler,2.4.1,3,ok,43,1,experiments/e20_multi_compiler_full/run.py,359d4060c67ca5d924d143122aab556b53579c5255965144a009fa0a7759908c,5039cf1747a154af6e7e0eed8ec637b7b7e8e10a5f8652ba8db1f8941e59274a,70c7c434788b4c32279a736bbffbe767b85ddc6a7fd4494585735e2174de1bfa,Parameterized ansatz INSPIRED BY (not true) UCCSD; see make_parameterized_ansatz docstring. Renamed from 'UCCSD' to 'UCCSD_inspired' per review L3 to avoid false claim.
2.1.0,MC-E20,e20_full_20260807_074417,2026-08-07T07:45:16.443220+00:00,uccsd_4,UCCSD_inspired,4,28,34,-0.2142857142857142,-21.42857142857142,16,20,-0.25,14,14,0.0,14,0,1.0,0,0,0.0,0.9999999999999991,0.08199143409729004,cirq,optimize_for_target_gateset+eject_z+merge_1q,1.6.1,default,ok,43,1,experiments/e20_multi_compiler_full/run.py,359d4060c67ca5d924d143122aab556b53579c5255965144a009fa0a7759908c,5039cf1747a154af6e7e0eed8ec637b7b7e8e10a5f8652ba8db1f8941e59274a,9f04a0196aa68341c2b123f43f0531f71500860448e01d71f842f585a211f30b,Parameterized ansatz INSPIRED BY (not true) UCCSD; see make_parameterized_ansatz docstring. Renamed from 'UCCSD' to 'UCCSD_inspired' per review L3 to avoid false claim.
2.1.0,MC-E20,e20_full_20260807_074417,2026-08-07T07:45:16.733936+00:00,uccsd_4,UCCSD_inspired,4,28,22,0.2142857142857143,21.42857142857143,16,15,0.0625,14,10,0.2857142857142857,14,10,0.2857142857142857,0,0,0.0,1.0,0.2767214775085449,tket,FullPeepholeOptimise,2.18.0,default,ok,43,1,experiments/e20_multi_compiler_full/run.py,359d4060c67ca5d924d143122aab556b53579c5255965144a009fa0a7759908c,5039cf1747a154af6e7e0eed8ec637b7b7e8e10a5f8652ba8db1f8941e59274a,cd17be4cafd8a70b9ca4af756d1004ff37127292166fb22c52ab33f5e56b3d9a,Parameterized ansatz INSPIRED BY (not true) UCCSD; see make_parameterized_ansatz docstring. Renamed from 'UCCSD' to 'UCCSD_inspired' per review L3 to avoid false claim.
2.1.0,MC-E20,e20_full_20260807_074417,2026-08-07T07:45:16.753388+00:00,qft_6,QFT,6,21,21,0.0,0.0,11,11,0.0,15,15,0.0,0,0,0.0,0,0,0.0,0.9999999999999996,0.010604143142700195,qiskit,transpiler,2.4.1,3,ok,43,1,experiments/e20_multi_compiler_full/run.py,359d4060c67ca5d924d143122aab556b53579c5255965144a009fa0a7759908c,e761adf8efeac5c21762208c08429dd4686d16eb4cbc1582e6d4ebc809852f66,ce325feb7eafc0f7673a16bbc3b51544984abb6d137b6ba7752bea283600c12b,
2.1.0,MC-E20,e20_full_20260807_074417,2026-08-07T07:45:16.882861+00:00,qft_6,QFT,6,21,76,-2.619047619047619,-261.9047619047619,11,34,-2.090909090909091,15,30,-1.0,0,0,0.0,0,0,0.0,0.9999999999999976,0.11956572532653809,cirq,optimize_for_target_gateset+eject_z+merge_1q,1.6.1,default,ok,43,1,experiments/e20_multi_compiler_full/run.py,359d4060c67ca5d924d143122aab556b53579c5255965144a009fa0a7759908c,e761adf8efeac5c21762208c08429dd4686d16eb4cbc1582e6d4ebc809852f66,aa7317ad49e1ba6539551cea6f3f914671dec96f4f4e8bc50ade316d1bb9da09,
2.1.0,MC-E20,e20_full_20260807_074417,2026-08-07T07:45:17.393979+00:00,qft_6,QFT,6,21,71,-2.380952380952381,-238.0952380952381,11,33,-2.0,15,30,-1.0,0,30,0.0,0,0,0.0,1.0,0.49889039993286133,tket,FullPeepholeOptimise,2.18.0,default,ok,43,1,experiments/e20_multi_compiler_full/run.py,359d4060c67ca5d924d143122aab556b53579c5255965144a009fa0a7759908c,e761adf8efeac5c21762208c08429dd4686d16eb4cbc1582e6d4ebc809852f66,1e4c9ed3e36094a6271070b1f1ab2b30e856264476b0c22125357dc3af1d9cc7,
2.1.0,MC-E20,e20_full_20260807_074417,2026-08-07T07:45:17.403604+00:00,ghz_6,GHZ,6,6,6,0.0,0.0,6,6,0.0,5,5,0.0,5,5,0.0,0,0,0.0,0.9999999999999998,0.006694793701171875,qiskit,transpiler,2.4.1,3,ok,43,1,experiments/e20_multi_compiler_full/run.py,359d4060c67ca5d924d143122aab556b53579c5255965144a009fa0a7759908c,df499dded1e0518f2f6266b9f0e35d3c81e6057b5ba6e6decbb0f26370e5bb03,df499dded1e0518f2f6266b9f0e35d3c81e6057b5ba6e6decbb0f26370e5bb03,
2.1.0,MC-E20,e20_full_20260807_074417,2026-08-07T07:45:17.440474+00:00,ghz_6,GHZ,6,6,17,-1.8333333333333335,-183.33333333333334,6,11,-0.8333333333333333,5,5,0.0,5,0,1.0,0,0,0.0,0.9999999999999973,0.033965110778808594,cirq,optimize_for_target_gateset+eject_z+merge_1q,1.6.1,default,ok,43,1,experiments/e20_multi_compiler_full/run.py,359d4060c67ca5d924d143122aab556b53579c5255965144a009fa0a7759908c,df499dded1e0518f2f6266b9f0e35d3c81e6057b5ba6e6decbb0f26370e5bb03,c50c1659240f976169f89857782a0a444ef9d6f07ecfed87fa6ae5bbbec4d547,
2.1.0,MC-E20,e20_full_20260807_074417,2026-08-07T07:45:17.554846+00:00,ghz_6,GHZ,6,6,6,0.0,0.0,6,6,0.0,5,5,0.0,5,5,0.0,0,0,0.0,1.0,0.10993409156799316,tket,FullPeepholeOptimise,2.18.0,default,ok,43,1,experiments/e20_multi_compiler_full/run.py,359d4060c67ca5d924d143122aab556b53579c5255965144a009fa0a7759908c,df499dded1e0518f2f6266b9f0e35d3c81e6057b5ba6e6decbb0f26370e5bb03,f5606110b4c9de2d9c41d6892ae7b8cd5a5d8a4dec34af69160c119d936ae28b,
2.1.0,MC-E20,e20_full_20260807_074417,2026-08-07T07:45:17.565626+00:00,cnot_chain_6,CNOT,6,40,0,1.0,100.0,22,0,1.0,40,0,1.0,40,0,1.0,0,0,0.0,1.0,0.005990743637084961,qiskit,transpiler,2.4.1,3,ok,43,1,experiments/e20_multi_compiler_full/run.py,359d4060c67ca5d924d143122aab556b53579c5255965144a009fa0a7759908c,a9cbe813352eb8bbddbb6de7feecde853f066b5cf29e96a7a2f84a6cd354761a,995ca4ef9eaba10dd58f1ab322947f30c40e0f095185660849ca98aed2848347,
2.1.0,MC-E20,e20_full_20260807_074417,2026-08-07T07:45:17.608830+00:00,cnot_chain_6,CNOT,6,40,0,1.0,100.0,22,0,1.0,40,0,1.0,40,0,1.0,0,0,0.0,,0.042725324630737305,cirq,optimize_for_target_gateset+eject_z+merge_1q,1.6.1,default,ok,43,1,experiments/e20_multi_compiler_full/run.py,359d4060c67ca5d924d143122aab556b53579c5255965144a009fa0a7759908c,a9cbe813352eb8bbddbb6de7feecde853f066b5cf29e96a7a2f84a6cd354761a,6f8e18c5611960a199a59d79e4d4e52c427ac524f6c9f379d05c73dc41c9fc91,
2.1.0,MC-E20,e20_full_20260807_074417,2026-08-07T07:45:17.615458+00:00,cnot_chain_6,CNOT,6,40,0,1.0,100.0,22,0,1.0,40,0,1.0,40,0,1.0,0,0,0.0,1.0,0.0020904541015625,tket,FullPeepholeOptimise,2.18.0,default,ok,43,1,experiments/e20_multi_compiler_full/run.py,359d4060c67ca5d924d143122aab556b53579c5255965144a009fa0a7759908c,a9cbe813352eb8bbddbb6de7feecde853f066b5cf29e96a7a2f84a6cd354761a,995ca4ef9eaba10dd58f1ab322947f30c40e0f095185660849ca98aed2848347,
2.1.0,MC-E20,e20_full_20260807_074417,2026-08-07T07:45:17.630409+00:00,bv_6,Oracle,7,18,8,0.5555555555555556,55.55555555555556,6,4,0.33333333333333337,2,2,0.0,2,2,0.0,0,0,0.0,0.9999999999999967,0.006108760833740234,qiskit,transpiler,2.4.1,3,ok,43,1,experiments/e20_multi_compiler_full/run.py,359d4060c67ca5d924d143122aab556b53579c5255965144a009fa0a7759908c,c86e0ee8e3940315112ab5b934d4e0ff15abe4e50502f7658f173fc4903a4dbf,0ca06926463c94766492e649007023e81b94035a973e7034d380d2df652cd744,
2.1.0,MC-E20,e20_full_20260807_074417,2026-08-07T07:45:17.656875+00:00,bv_6,Oracle,7,18,9,0.5,50.0,6,5,0.16666666666666663,2,2,0.0,2,0,1.0,0,0,0.0,,0.025577068328857422,cirq,optimize_for_target_gateset+eject_z+merge_1q,1.6.1,default,ok,43,1,experiments/e20_multi_compiler_full/run.py,359d4060c67ca5d924d143122aab556b53579c5255965144a009fa0a7759908c,c86e0ee8e3940315112ab5b934d4e0ff15abe4e50502f7658f173fc4903a4dbf,0982069dfcff4efe2118be2a3bd5bd2cbea87a03389b25d506a06184617e25ec,
2.1.0,MC-E20,e20_full_20260807_074417,2026-08-07T07:45:17.672913+00:00,qaoa_line_6,QAOA,6,48,48,0.0,0.0,24,24,0.0,20,20,0.0,20,20,0.0,0,0,0.0,1.0,0.00594782829284668,qiskit,transpiler,2.4.1,3,ok,43,1,experiments/e20_multi_compiler_full/run.py,359d4060c67ca5d924d143122aab556b53579c5255965144a009fa0a7759908c,e78db7c2aa050ff7702a127e40ec0a132e51d66d5b30b70866820ae627dbd45f,e78db7c2aa050ff7702a127e40ec0a132e51d66d5b30b70866820ae627dbd45f,
2.1.0,MC-E20,e20_full_20260807_074417,2026-08-07T07:45:17.799562+00:00,qaoa_line_6,QAOA,6,48,64,-0.33333333333333326,-33.33333333333333,24,32,-0.33333333333333326,20,20,0.0,20,0,1.0,0,0,0.0,0.9999999999999982,0.1145169734954834,cirq,optimize_for_target_gateset+eject_z+merge_1q,1.6.1,default,ok,43,1,experiments/e20_multi_compiler_full/run.py,359d4060c67ca5d924d143122aab556b53579c5255965144a009fa0a7759908c,e78db7c2aa050ff7702a127e40ec0a132e51d66d5b30b70866820ae627dbd45f,84040cda7a965feb4394b5b660fa6fc4235a3ba5a92dc47b32282194ae2c7d62,
2.1.0,MC-E20,e20_full_20260807_074417,2026-08-07T07:45:18.222910+00:00,qaoa_line_6,QAOA,6,48,46,0.04166666666666663,4.1666666666666625,24,24,0.0,20,20,0.0,20,20,0.0,0,0,0.0,1.0000000000000018,0.4146914482116699,tket,FullPeepholeOptimise,2.18.0,default,ok,43,1,experiments/e20_multi_compiler_full/run.py,359d4060c67ca5d924d143122aab556b53579c5255965144a009fa0a7759908c,e78db7c2aa050ff7702a127e40ec0a132e51d66d5b30b70866820ae627dbd45f,6faa3e9ff01512f2ad66f1599a6dced92c50e3386930181f46f53fdcf1ffb510,
2.1.0,MC-E20,e20_full_20260807_074417,2026-08-07T07:45:18.238796+00:00,vqe_twolocal_6,VQE,6,46,28,0.3913043478260869,39.13043478260869,13,10,0.23076923076923073,10,10,0.0,10,10,0.0,0,0,0.0,0.9999999999999996,0.007765769958496094,qiskit,transpiler,2.4.1,3,ok,43,1,experiments/e20_multi_compiler_full/run.py,359d4060c67ca5d924d143122aab556b53579c5255965144a009fa0a7759908c,390ecb80f3d3fe2e512fb9a5e4798e43b2e0e330280300cd1b69d4eee9d94b87,115d729ecfc0c19ee19c3420d8fa6cbcb4dcbdeadeb37f7fcb5eb1825596c99c,
2.1.0,MC-E20,e20_full_20260807_074417,2026-08-07T07:45:18.338319+00:00,vqe_twolocal_6,VQE,6,46,47,-0.021739130434782705,-2.1739130434782705,13,17,-0.3076923076923077,10,10,0.0,10,0,1.0,0,0,0.0,0.9999999999999973,0.0782921314239502,cirq,optimize_for_target_gateset+eject_z+merge_1q,1.6.1,default,ok,43,1,experiments/e20_multi_compiler_full/run.py,359d4060c67ca5d924d143122aab556b53579c5255965144a009fa0a7759908c,390ecb80f3d3fe2e512fb9a5e4798e43b2e0e330280300cd1b69d4eee9d94b87,c60463404f7ad4edb1a7dbce8018a72a90d69645858853bbc360cbf539b8316a,
2.1.0,MC-E20,e20_full_20260807_074417,2026-08-07T07:45:18.705631+00:00,vqe_twolocal_6,VQE,6,46,28,0.3913043478260869,39.13043478260869,13,10,0.23076923076923073,10,10,0.0,10,10,0.0,0,0,0.0,0.9999999999999996,0.3512880802154541,tket,FullPeepholeOptimise,2.18.0,default,ok,43,1,experiments/e20_multi_compiler_full/run.py,359d4060c67ca5d924d143122aab556b53579c5255965144a009fa0a7759908c,390ecb80f3d3fe2e512fb9a5e4798e43b2e0e330280300cd1b69d4eee9d94b87,4a054916147d983387d1cbb93d1dee55a0ec187c0ddbb2fb6bbca27e2eebef68,
2.1.0,MC-E20,e20_full_20260807_074417,2026-08-07T07:45:18.714235+00:00,hardware_eff_6,HardwareEfficient,6,34,22,0.3529411764705882,35.29411764705882,8,6,0.25,10,10,0.0,10,10,0.0,0,0,0.0,1.0,0.008604288101196289,qiskit,transpiler,2.4.1,3,ok,43,1,experiments/e20_multi_compiler_full/run.py,359d4060c67ca5d924d143122aab556b53579c5255965144a009fa0a7759908c,2614dace1db72748f6b98c602e010df4ee2788ae83bffb02290b2cc9a9b9767d,987761a5b6069663aed799f17a839a95ee7337cc9d79a4431b64fa2f0abc7cc4,
2.1.0,MC-E20,e20_full_20260807_074417,2026-08-07T07:45:18.786454+00:00,hardware_eff_6,HardwareEfficient,6,34,40,-0.17647058823529416,-17.647058823529417,8,10,-0.25,10,10,0.0,10,0,1.0,0,0,0.0,0.9999999999999991,0.0657806396484375,cirq,optimize_for_target_gateset+eject_z+merge_1q,1.6.1,default,ok,43,1,experiments/e20_multi_compiler_full/run.py,359d4060c67ca5d924d143122aab556b53579c5255965144a009fa0a7759908c,2614dace1db72748f6b98c602e010df4ee2788ae83bffb02290b2cc9a9b9767d,ec724564586f0c03be2b4af10af0c49e006be72fb6fc2965d7b76fbf71ff4154,
2.1.0,MC-E20,e20_full_20260807_074417,2026-08-07T07:45:19.088532+00:00,hardware_eff_6,HardwareEfficient,6,34,22,0.3529411764705882,35.29411764705882,8,6,0.25,10,10,0.0,10,10,0.0,0,0,0.0,1.0,0.28800058364868164,tket,FullPeepholeOptimise,2.18.0,default,ok,43,1,experiments/e20_multi_compiler_full/run.py,359d4060c67ca5d924d143122aab556b53579c5255965144a009fa0a7759908c,2614dace1db72748f6b98c602e010df4ee2788ae83bffb02290b2cc9a9b9767d,8d6d456528127b99ce7ec0863cfd0efb753f9ed365225db3a7da79809a7ff411,
2.1.0,MC-E20,e20_full_20260807_074417,2026-08-07T07:45:19.165331+00:00,grover_6,Grover,6,38,20,0.4736842105263158,47.36842105263158,11,5,0.5454545454545454,0,0,0.0,0,0,0.0,0,0,0.0,0.9999999999999585,0.0,qiskit,transpiler,2.4.1,3,ok,43,1,experiments/e20_multi_compiler_full/run.py,359d4060c67ca5d924d143122aab556b53579c5255965144a009fa0a7759908c,51638616d069b8e1894e20d8ccccf90d1ee81f20384bfe5915689dd6b107c879,ca5adfde7c509cf63e1d36876f0f68a275bbad0fe662849c881f52595d2fa9dc,"Single Grover iteration, random marked state"
2.1.0,MC-E20,e20_full_20260807_074417,2026-08-07T07:45:20.043040+00:00,grover_6,Grover,6,38,401,-9.552631578947368,-955.2631578947368,11,285,-24.90909090909091,0,166,0.0,0,0,0.0,0,1,0.0,0.9999999999999657,0.8007068634033203,cirq,optimize_for_target_gateset+eject_z+merge_1q,1.6.1,default,ok,43,1,experiments/e20_multi_compiler_full/run.py,359d4060c67ca5d924d143122aab556b53579c5255965144a009fa0a7759908c,51638616d069b8e1894e20d8ccccf90d1ee81f20384bfe5915689dd6b107c879,a87227d57aaa6d12a850e407cf95b8a026d43289793a46ee50e05a8387768142,"Single Grover iteration, random marked state"
2.1.0,MC-E20,e20_full_20260807_074417,2026-08-07T07:45:22.637126+00:00,grover_6,Grover,6,38,344,-8.052631578947368,-805.2631578947368,11,233,-20.181818181818183,0,160,0.0,0,160,0.0,0,0,0.0,0.9999999999999817,2.5264556407928467,tket,FullPeepholeOptimise,2.18.0,default,ok,43,1,experiments/e20_multi_compiler_full/run.py,359d4060c67ca5d924d143122aab556b53579c5255965144a009fa0a7759908c,51638616d069b8e1894e20d8ccccf90d1ee81f20384bfe5915689dd6b107c879,1b953c8c8ac238e27faed3ad4b4710e1a9215d9b0caba6bae2cc2ddfd185f8bc,"Single Grover iteration, random marked state"
2.1.0,MC-E20,e20_full_20260807_074417,2026-08-07T07:45:22.653149+00:00,adder_6,Adder,7,11,11,0.0,0.0,8,8,0.0,4,4,0.0,4,4,0.0,0,0,0.0,1.0,0.0,qiskit,transpiler,2.4.1,3,ok,43,1,experiments/e20_multi_compiler_full/run.py,359d4060c67ca5d924d143122aab556b53579c5255965144a009fa0a7759908c,2bc3bac3e16a924e0b659e514bdadb24402dd25bb43047e6292e84d6f96ed9cf,c583e679b5de71cffb09d9f1d712fa9ea57089808597a52a40f085e02c78080d,"Ripple-carry adder, random inputs"
2.1.0,MC-E20,e20_full_20260807_074417,2026-08-07T07:45:22.970416+00:00,adder_6,Adder,7,11,160,-13.545454545454545,-1354.5454545454545,8,83,-9.375,4,52,-12.0,4,0,1.0,0,2,0.0,0.9999999999999919,0.28038811683654785,cirq,optimize_for_target_gateset+eject_z+merge_1q,1.6.1,default,ok,43,1,experiments/e20_multi_compiler_full/run.py,359d4060c67ca5d924d143122aab556b53579c5255965144a009fa0a7759908c,2bc3bac3e16a924e0b659e514bdadb24402dd25bb43047e6292e84d6f96ed9cf,de00e0af90fe8a0020782f91b86fe90b63aaaa2c8ae02b66fad4e6c16d09d212,"Ripple-carry adder, random inputs"
2.1.0,MC-E20,e20_full_20260807_074417,2026-08-07T07:45:24.274249+00:00,qwalk_6,QuantumWalk,7,82,2300,-27.048780487804876,-2704.8780487804875,47,1695,-35.06382978723404,6,990,-164.0,6,990,-164.0,0,305,0.0,0.9999999999997907,0.035256385803222656,qiskit,transpiler,2.4.1,3,ok,43,1,experiments/e20_multi_compiler_full/run.py,359d4060c67ca5d924d143122aab556b53579c5255965144a009fa0a7759908c,1362ec13543c836ab5a19f60f55d5f8cd5a87adb647d5c782e386cc73c708718,850b1d5a8658f9698972e70cc3f500809fcf67fa10e61f7f023316b9b5d44909,"DTQW on cycle, 3 steps"
2.1.0,MC-E20,e20_full_20260807_074417,2026-08-07T07:45:35.938747+00:00,qwalk_6,QuantumWalk,7,82,3878,-46.292682926829265,-4629.268292682927,47,2690,-56.234042553191486,6,1678,-278.6666666666667,6,0,1.0,0,8,0.0,0.9999999999997354,10.14207124710083,cirq,optimize_for_target_gateset+eject_z+merge_1q,1.6.1,default,ok,43,1,experiments/e20_multi_compiler_full/run.py,359d4060c67ca5d924d143122aab556b53579c5255965144a009fa0a7759908c,1362ec13543c836ab5a19f60f55d5f8cd5a87adb647d5c782e386cc73c708718,a745f3d3ee8b42ab5071a88f56a66e0dcb476efbc62e0c6cba542ce890228368,"DTQW on cycle, 3 steps"
2.1.0,MC-E20,e20_full_20260807_074417,2026-08-07T07:45:35.950750+00:00,iqp_6,IQP,6,35,13,0.6285714285714286,62.857142857142854,10,4,0.6,9,3,0.6666666666666667,0,0,0.0,0,0,0.0,0.9999999999999967,0.0059967041015625,qiskit,transpiler,2.4.1,3,ok,43,1,experiments/e20_multi_compiler_full/run.py,359d4060c67ca5d924d143122aab556b53579c5255965144a009fa0a7759908c,7b1dd4010ae293594b412f99a752d6a8a640c35611426aa274d65fe08ef19fe6,547b0f736af727eceb34cd40b685e5744c4a021e55433ffbc018b307a6f856c6,"IQP circuit, 3 diagonal layers"
2.1.0,MC-E20,e20_full_20260807_074417,2026-08-07T07:45:36.000468+00:00,iqp_6,IQP,6,35,21,0.4,40.0,10,8,0.19999999999999996,9,7,0.2222222222222222,0,0,0.0,0,2,0.0,,0.04971790313720703,cirq,optimize_for_target_gateset+eject_z+merge_1q,1.6.1,default,ok,43,1,experiments/e20_multi_compiler_full/run.py,359d4060c67ca5d924d143122aab556b53579c5255965144a009fa0a7759908c,7b1dd4010ae293594b412f99a752d6a8a640c35611426aa274d65fe08ef19fe6,30284421816fe9d20fa22692c34aac32099ae4889b68534c737e4c03d12c21a4,"IQP circuit, 3 diagonal layers"
2.1.0,MC-E20,e20_full_20260807_074417,2026-08-07T07:45:36.137652+00:00,iqp_6,IQP,6,35,11,0.6857142857142857,68.57142857142857,10,5,0.5,9,3,0.6666666666666667,0,3,0.0,0,0,0.0,0.9999999999999996,0.13263869285583496,tket,FullPeepholeOptimise,2.18.0,default,ok,43,1,experiments/e20_multi_compiler_full/run.py,359d4060c67ca5d924d143122aab556b53579c5255965144a009fa0a7759908c,7b1dd4010ae293594b412f99a752d6a8a640c35611426aa274d65fe08ef19fe6,ca46433480d15a23897af97e1706a427910986ab710bbceec180650f0c626644,"IQP circuit, 3 diagonal layers"
2.1.0,MC-E20,e20_full_20260807_074417,2026-08-07T07:45:36.151512+00:00,clifford_6,RandomClifford,6,42,11,0.7380952380952381,73.80952380952381,10,5,0.5,3,3,0.0,3,3,0.0,24,1,0.9583333333333334,0.9999999999999964,0.003942012786865234,qiskit,transpiler,2.4.1,3,ok,43,1,experiments/e20_multi_compiler_full/run.py,359d4060c67ca5d924d143122aab556b53579c5255965144a009fa0a7759908c,44f2a52d5ff513c24b518a7a0eaa824645f9971f5f4362403a4037ca7c2f0af2,ab0020721bbd2259f01c74109cb970dbab46db5f010d19d5fc2f12edd8014a62,"Random Clifford, depth=10"
2.1.0,MC-E20,e20_full_20260807_074417,2026-08-07T07:45:36.199920+00:00,clifford_6,RandomClifford,6,42,16,0.6190476190476191,61.904761904761905,10,5,0.5,3,3,0.0,3,0,1.0,24,1,0.9583333333333334,0.9999999999999964,0.0439453125,cirq,optimize_for_target_gateset+eject_z+merge_1q,1.6.1,default,ok,43,1,experiments/e20_multi_compiler_full/run.py,359d4060c67ca5d924d143122aab556b53579c5255965144a009fa0a7759908c,44f2a52d5ff513c24b518a7a0eaa824645f9971f5f4362403a4037ca7c2f0af2,73d8a9d6b10229a5ba1e556ac20185fed8d3baa27030623256559d524a1dd1b9,"Random Clifford, depth=10"
2.1.0,MC-E20,e20_full_20260807_074417,2026-08-07T07:45:36.304390+00:00,clifford_6,RandomClifford,6,42,11,0.7380952380952381,73.80952380952381,10,5,0.5,3,3,0.0,3,3,0.0,24,0,1.0,0.9999999999999978,0.0994420051574707,tket,FullPeepholeOptimise,2.18.0,default,ok,43,1,experiments/e20_multi_compiler_full/run.py,359d4060c67ca5d924d143122aab556b53579c5255965144a009fa0a7759908c,44f2a52d5ff513c24b518a7a0eaa824645f9971f5f4362403a4037ca7c2f0af2,ab1f5be646b4fe0c2038db61e0ff5a7965feb5279626a181666f8b0546a9fe74,"Random Clifford, depth=10"
2.1.0,MC-E20,e20_full_20260807_074417,2026-08-07T07:45:36.315797+00:00,surface_code_6,SurfaceCode,7,10,10,0.0,0.0,8,8,0.0,6,6,0.0,6,6,0.0,0,0,0.0,0.9999999999999998,0.0010066032409667969,qiskit,transpiler,2.4.1,3,ok,43,1,experiments/e20_multi_compiler_full/run.py,359d4060c67ca5d924d143122aab556b53579c5255965144a009fa0a7759908c,11ca0a34ccfcff1362a4d080d776863708b5bb85227870100bccb7ea7d29a31f,11ca0a34ccfcff1362a4d080d776863708b5bb85227870100bccb7ea7d29a31f,X-stabilizer syndrome extraction
2.1.0,MC-E20,e20_full_20260807_074417,2026-08-07T07:45:36.359116+00:00,surface_code_6,SurfaceCode,7,10,11,-0.10000000000000009,-10.000000000000009,8,9,-0.125,6,6,0.0,6,0,1.0,0,0,0.0,0.9999999999999998,0.037180185317993164,cirq,optimize_for_target_gateset+eject_z+merge_1q,1.6.1,default,ok,43,1,experiments/e20_multi_compiler_full/run.py,359d4060c67ca5d924d143122aab556b53579c5255965144a009fa0a7759908c,11ca0a34ccfcff1362a4d080d776863708b5bb85227870100bccb7ea7d29a31f,0c374282b2a70cae55575c1f697a5749f7443d63ffe81597ab8c0eb50b630b64,X-stabilizer syndrome extraction
2.1.0,MC-E20,e20_full_20260807_074417,2026-08-07T07:45:36.373382+00:00,uccsd_6,UCCSD_inspired,6,58,44,0.24137931034482762,24.13793103448276,28,25,0.1071428571428571,29,21,0.27586206896551724,29,21,0.27586206896551724,0,0,0.0,1.0,0.006018638610839844,qiskit,transpiler,2.4.1,3,ok,43,1,experiments/e20_multi_compiler_full/run.py,359d4060c67ca5d924d143122aab556b53579c5255965144a009fa0a7759908c,08719d9106f113e98719ffbf23b7c5f191ec71b5a72c9582fdfc18db521db553,2dacbbc4ea52024b088c4e3d0cb3cd6039549ad8afdbfad55fc87c8033a8e0dd,Parameterized ansatz INSPIRED BY (not true) UCCSD; see make_parameterized_ansatz docstring. Renamed from 'UCCSD' to 'UCCSD_inspired' per review L3 to avoid false claim.
2.1.0,MC-E20,e20_full_20260807_074417,2026-08-07T07:45:36.524654+00:00,uccsd_6,UCCSD_inspired,6,58,63,-0.0862068965517242,-8.62068965517242,28,29,-0.03571428571428581,29,29,0.0,29,0,1.0,0,0,0.0,0.9999999999999996,0.1382155418395996,cirq,optimize_for_target_gateset+eject_z+merge_1q,1.6.1,default,ok,43,1,experiments/e20_multi_compiler_full/run.py,359d4060c67ca5d924d143122aab556b53579c5255965144a009fa0a7759908c,08719d9106f113e98719ffbf23b7c5f191ec71b5a72c9582fdfc18db521db553,224124b0cf195303ad85a078eec670e4f874a5ec4bed3844e0c2df56f20e572b,Parameterized ansatz INSPIRED BY (not true) UCCSD; see make_parameterized_ansatz docstring. Renamed from 'UCCSD' to 'UCCSD_inspired' per review L3 to avoid false claim.
2.1.0,MC-E20,e20_full_20260807_074417,2026-08-07T07:45:37.068600+00:00,uccsd_6,UCCSD_inspired,6,58,44,0.24137931034482762,24.13793103448276,28,25,0.1071428571428571,29,21,0.27586206896551724,29,21,0.27586206896551724,0,0,0.0,1.0,0.5284640789031982,tket,FullPeepholeOptimise,2.18.0,default,ok,43,1,experiments/e20_multi_compiler_full/run.py,359d4060c67ca5d924d143122aab556b53579c5255965144a009fa0a7759908c,08719d9106f113e98719ffbf23b7c5f191ec71b5a72c9582fdfc18db521db553,7835581ee580ff8e8a746f061ada9a28bc2ba0d652c22fdeead6b67b93fd2dcd,Parameterized ansatz INSPIRED BY (not true) UCCSD; see make_parameterized_ansatz docstring. Renamed from 'UCCSD' to 'UCCSD_inspired' per review L3 to avoid false claim.
2.1.0,MC-E20,e20_full_20260807_074417,2026-08-07T07:45:37.163359+00:00,qft_8,QFT,8,36,36,0.0,0.0,15,15,0.0,28,28,0.0,0,0,0.0,0,0,0.0,0.9999999999999969,0.0,qiskit,transpiler,2.4.1,3,ok,43,1,experiments/e20_multi_compiler_full/run.py,359d4060c67ca5d924d143122aab556b53579c5255965144a009fa0a7759908c,b2f83603b76f95e86e3b51898d6ea360adf3a62f51aa296baf0178913d4108b2,5e235910f0329f12c7dc3b126bc0da34cd22bcb22e80d7885306046eb1f2b62c,
2.1.0,MC-E20,e20_full_20260807_074417,2026-08-07T07:45:37.524033+00:00,qft_8,QFT,8,36,134,-2.7222222222222223,-272.22222222222223,15,48,-2.2,28,56,-1.0,0,0,0.0,0,0,0.0,0.9999999999999962,0.19325709342956543,cirq,optimize_for_target_gateset+eject_z+merge_1q,1.6.1,default,ok,43,1,experiments/e20_multi_compiler_full/run.py,359d4060c67ca5d924d143122aab556b53579c5255965144a009fa0a7759908c,b2f83603b76f95e86e3b51898d6ea360adf3a62f51aa296baf0178913d4108b2,f2003bd53d0d1c2c3df986457ae1336e33215aedb071156e8c9562fb9841837f,
2.1.0,MC-E20,e20_full_20260807_074417,2026-08-07T07:45:37.556566+00:00,ghz_8,GHZ,8,8,8,0.0,0.0,8,8,0.0,7,7,0.0,7,7,0.0,0,0,0.0,0.9999999999999998,0.0,qiskit,transpiler,2.4.1,3,ok,43,1,experiments/e20_multi_compiler_full/run.py,359d4060c67ca5d924d143122aab556b53579c5255965144a009fa0a7759908c,587577f385cf54a3edd3cc639b3ac8cc5aa139f2ef414827515ddc7be4c12104,587577f385cf54a3edd3cc639b3ac8cc5aa139f2ef414827515ddc7be4c12104,
2.1.0,MC-E20,e20_full_20260807_074417,2026-08-07T07:45:37.630171+00:00,ghz_8,GHZ,8,8,23,-1.875,-187.5,8,15,-0.875,7,7,0.0,7,0,1.0,0,0,0.0,0.9999999999999971,0.027068138122558594,cirq,optimize_for_target_gateset+eject_z+merge_1q,1.6.1,default,ok,43,1,experiments/e20_multi_compiler_full/run.py,359d4060c67ca5d924d143122aab556b53579c5255965144a009fa0a7759908c,587577f385cf54a3edd3cc639b3ac8cc5aa139f2ef414827515ddc7be4c12104,a2f2d04e71fa038bd3a71061f2357cee894af4692955787292458304cec3a3f6,
2.1.0,MC-E20,e20_full_20260807_074417,2026-08-07T07:45:37.676453+00:00,cnot_chain_8,CNOT,8,56,0,1.0,100.0,26,0,1.0,56,0,1.0,56,0,1.0,0,0,0.0,1.0,0.0,qiskit,transpiler,2.4.1,3,ok,43,1,experiments/e20_multi_compiler_full/run.py,359d4060c67ca5d924d143122aab556b53579c5255965144a009fa0a7759908c,d3e8b51351e86caa6d8939fe0a903f48a089e7d220d46a14b52d6c94e6e43394,b9f67046a69160a09ec4f4fa9eb23036fff76352de4a4103d9d677b302f18c04,
2.1.0,MC-E20,e20_full_20260807_074417,2026-08-07T07:45:37.743774+00:00,cnot_chain_8,CNOT,8,56,0,1.0,100.0,26,0,1.0,56,0,1.0,56,0,1.0,0,0,0.0,,0.0673215389251709,cirq,optimize_for_target_gateset+eject_z+merge_1q,1.6.1,default,ok,43,1,experiments/e20_multi_compiler_full/run.py,359d4060c67ca5d924d143122aab556b53579c5255965144a009fa0a7759908c,d3e8b51351e86caa6d8939fe0a903f48a089e7d220d46a14b52d6c94e6e43394,6f8e18c5611960a199a59d79e4d4e52c427ac524f6c9f379d05c73dc41c9fc91,
2.1.0,MC-E20,e20_full_20260807_074417,2026-08-07T07:45:37.752363+00:00,bv_8,Oracle,9,25,17,0.31999999999999995,31.999999999999996,9,7,0.2222222222222222,5,5,0.0,5,5,0.0,0,0,0.0,,0.007592201232910156,qiskit,transpiler,2.4.1,3,ok,43,1,experiments/e20_multi_compiler_full/run.py,359d4060c67ca5d924d143122aab556b53579c5255965144a009fa0a7759908c,5a9fa4f4080f3aca3c76993d3fba08f6b28f529cdc8d63aa16674e100c949acf,362d75b05bfe7c77f82b617f0051c401b6d48be6b5f543fe26f228390a8ae0a8,
2.1.0,MC-E20,e20_full_20260807_074417,2026-08-07T07:45:37.891765+00:00,qaoa_line_8,QAOA,8,66,66,0.0,0.0,30,30,0.0,28,28,0.0,28,28,0.0,0,0,0.0,1.0000000000000027,0.0035736560821533203,qiskit,transpiler,2.4.1,3,ok,43,1,experiments/e20_multi_compiler_full/run.py,359d4060c67ca5d924d143122aab556b53579c5255965144a009fa0a7759908c,68f6913a7d2ffa9e47f965da0080db38c80290e66118690a99738f4c5657fc30,68f6913a7d2ffa9e47f965da0080db38c80290e66118690a99738f4c5657fc30,
2.1.0,MC-E20,e20_full_20260807_074417,2026-08-07T07:45:38.153637+00:00,qaoa_line_8,QAOA,8,66,87,-0.3181818181818181,-31.818181818181813,30,38,-0.2666666666666666,28,28,0.0,28,0,1.0,0,0,0.0,0.9999999999999996,0.12866711616516113,cirq,optimize_for_target_gateset+eject_z+merge_1q,1.6.1,default,ok,43,1,experiments/e20_multi_compiler_full/run.py,359d4060c67ca5d924d143122aab556b53579c5255965144a009fa0a7759908c,68f6913a7d2ffa9e47f965da0080db38c80290e66118690a99738f4c5657fc30,2971aa7b4fff194927b513204023fa1adea93687d3229f855a07c990374ec259,
2.1.0,MC-E20,e20_full_20260807_074417,2026-08-07T07:45:38.251299+00:00,vqe_twolocal_8,VQE,8,62,38,0.3870967741935484,38.70967741935484,15,12,0.19999999999999996,14,14,0.0,14,14,0.0,0,0,0.0,1.0,0.011389732360839844,qiskit,transpiler,2.4.1,3,ok,43,1,experiments/e20_multi_compiler_full/run.py,359d4060c67ca5d924d143122aab556b53579c5255965144a009fa0a7759908c,aefeae7e53c7bc1e24dce6afbaef1079a2cdc42baf7189fffe2320b08643e3fb,de3131c658ec10195e413cf221ef18525072355109a015753b729c05236e8e21,
2.1.0,MC-E20,e20_full_20260807_074417,2026-08-07T07:45:38.464832+00:00,vqe_twolocal_8,VQE,8,62,65,-0.048387096774193505,-4.8387096774193505,15,21,-0.3999999999999999,14,14,0.0,14,0,1.0,0,0,0.0,0.9999999999999987,0.10632848739624023,cirq,optimize_for_target_gateset+eject_z+merge_1q,1.6.1,default,ok,43,1,experiments/e20_multi_compiler_full/run.py,359d4060c67ca5d924d143122aab556b53579c5255965144a009fa0a7759908c,aefeae7e53c7bc1e24dce6afbaef1079a2cdc42baf7189fffe2320b08643e3fb,437ce1ba5edfaa6ef4072ae82d4abd181db603a27fdf404e8e21e2ecf5f0be3e,
2.1.0,MC-E20,e20_full_20260807_074417,2026-08-07T07:45:38.544240+00:00,hardware_eff_8,HardwareEfficient,8,46,30,0.34782608695652173,34.78260869565217,8,6,0.25,14,14,0.0,14,14,0.0,0,0,0.0,1.0000000000000009,0.0,qiskit,transpiler,2.4.1,3,ok,43,1,experiments/e20_multi_compiler_full/run.py,359d4060c67ca5d924d143122aab556b53579c5255965144a009fa0a7759908c,11937c4ce49ec4167b274b4e4caf80f8dabb231b5c7825533ad020d6c34a3e16,1fbcabb56b80407c21925d17dd51d7237dab6daf06639fc3666d4dcdde1781ae,
2.1.0,MC-E20,e20_full_20260807_074417,2026-08-07T07:45:38.729520+00:00,hardware_eff_8,HardwareEfficient,8,46,55,-0.19565217391304346,-19.565217391304344,8,10,-0.25,14,14,0.0,14,0,1.0,0,0,0.0,0.9999999999999969,0.10231351852416992,cirq,optimize_for_target_gateset+eject_z+merge_1q,1.6.1,default,ok,43,1,experiments/e20_multi_compiler_full/run.py,359d4060c67ca5d924d143122aab556b53579c5255965144a009fa0a7759908c,11937c4ce49ec4167b274b4e4caf80f8dabb231b5c7825533ad020d6c34a3e16,bb2c7c129f348bbb629a29cf546be69e015ea4e2e5739bf0bcade8f817a3ae8a,
2.1.0,MC-E20,e20_full_20260807_074417,2026-08-07T07:45:40.576792+00:00,grover_8,Grover,8,52,796,-14.307692307692308,-1430.769230769231,11,503,-44.72727272727273,0,360,0.0,0,360,0.0,0,102,0.0,0.9999999999999314,0.012314796447753906,qiskit,transpiler,2.4.1,3,ok,43,1,experiments/e20_multi_compiler_full/run.py,359d4060c67ca5d924d143122aab556b53579c5255965144a009fa0a7759908c,32c4f82323cda0d6a401eafe8bc26107bb5681b6b18a89cefa0b02e5169d7e0c,3a4abc48b84818e50f77a4869688f5bc64802b17f175ce34431671a279755ae8,"Single Grover iteration, random marked state"
2.1.0,MC-E20,e20_full_20260807_074417,2026-08-07T07:45:45.829204+00:00,grover_8,Grover,8,52,1030,-18.807692307692307,-1880.7692307692307,11,698,-62.45454545454545,0,440,0.0,0,0,0.0,0,6,0.0,0.9999999999999244,3.1982154846191406,cirq,optimize_for_target_gateset+eject_z+merge_1q,1.6.1,default,ok,43,1,experiments/e20_multi_compiler_full/run.py,359d4060c67ca5d924d143122aab556b53579c5255965144a009fa0a7759908c,32c4f82323cda0d6a401eafe8bc26107bb5681b6b18a89cefa0b02e5169d7e0c,05057820e2146d947d23ea1e4b547e98c228ae9bd703f64e543515a9795f78b8,"Single Grover iteration, random marked state"
2.1.0,MC-E20,e20_full_20260807_074417,2026-08-07T07:45:45.837849+00:00,adder_8,Adder,10,18,18,0.0,0.0,10,10,0.0,6,6,0.0,6,6,0.0,0,0,0.0,,0.007646322250366211,qiskit,transpiler,2.4.1,3,ok,43,1,experiments/e20_multi_compiler_full/run.py,359d4060c67ca5d924d143122aab556b53579c5255965144a009fa0a7759908c,2164019ee5e79f18f2d1ccc22ecf54065aa0ae6d801bbde583c7eea6b58de838,d5c8566c3d12e28705dfce12294cea96fcac04ae89868f375e113f3b2d11e6f5,"Ripple-carry adder, random inputs"
2.1.0,MC-E20,e20_full_20260807_074417,2026-08-07T07:45:46.001998+00:00,qwalk_8,QuantumWalk,9,106,4551,-41.93396226415094,-4193.396226415094,59,3163,-52.610169491525426,6,1962,-326.0,6,1962,-326.0,0,539,0.0,,0.09111881256103516,qiskit,transpiler,2.4.1,3,ok,43,1,experiments/e20_multi_compiler_full/run.py,359d4060c67ca5d924d143122aab556b53579c5255965144a009fa0a7759908c,e5b7fdc86bb320e85f745ed35c8e3f910910d4381fed563f98e5b780f74c8046,92d3093c4d0ba479471a6bfa3a319b2769cbb9600ee728a4ea31950a96a58442,"DTQW on cycle, 3 steps"
2.1.0,MC-E20,e20_full_20260807_074417,2026-08-07T07:45:46.060527+00:00,iqp_8,IQP,8,39,14,0.641025641025641,64.1025641025641,9,3,0.6666666666666667,8,2,0.75,0,0,0.0,0,0,0.0,0.9999999999999964,0.007185935974121094,qiskit,transpiler,2.4.1,3,ok,43,1,experiments/e20_multi_compiler_full/run.py,359d4060c67ca5d924d143122aab556b53579c5255965144a009fa0a7759908c,ae898398ef080f14ffc988ed6401c091a771b1323947fe20777a6a7ef0785d43,cdf75cdc2acf301a8e0e55fc6223c3d95449d0e523462a92f200b5c4daf81423,"IQP circuit, 3 diagonal layers"
2.1.0,MC-E20,e20_full_20260807_074417,2026-08-07T07:45:46.179560+00:00,iqp_8,IQP,8,39,23,0.41025641025641024,41.02564102564102,9,7,0.2222222222222222,8,6,0.25,0,0,0.0,0,3,0.0,0.9999999999999953,0.05876803398132324,cirq,optimize_for_target_gateset+eject_z+merge_1q,1.6.1,default,ok,43,1,experiments/e20_multi_compiler_full/run.py,359d4060c67ca5d924d143122aab556b53579c5255965144a009fa0a7759908c,ae898398ef080f14ffc988ed6401c091a771b1323947fe20777a6a7ef0785d43,9c46d6af6a239ce47ceaeb3b0e197cbdac76a6d363b794dd3b393d2004c242d6,"IQP circuit, 3 diagonal layers"
2.1.0,MC-E20,e20_full_20260807_074417,2026-08-07T07:45:46.260739+00:00,clifford_8,RandomClifford,8,58,19,0.6724137931034483,67.24137931034483,10,6,0.4,5,5,0.0,5,5,0.0,28,4,0.8571428571428572,0.9999999999999991,0.009972810745239258,qiskit,transpiler,2.4.1,3,ok,43,1,experiments/e20_multi_compiler_full/run.py,359d4060c67ca5d924d143122aab556b53579c5255965144a009fa0a7759908c,f57481e607988a118c2dcecd6f922fde0b60c565cf82c6d66233045a06d494e1,bd4e2c9f16d78f69b3785006ec35b321765f3d9a7eb383df2066adfd3a5eaa37,"Random Clifford, depth=10"
2.1.0,MC-E20,e20_full_20260807_074417,2026-08-07T07:45:46.398547+00:00,clifford_8,RandomClifford,8,58,28,0.5172413793103448,51.72413793103448,10,8,0.19999999999999996,5,5,0.0,5,0,1.0,28,3,0.8928571428571429,0.9999999999999956,0.07236838340759277,cirq,optimize_for_target_gateset+eject_z+merge_1q,1.6.1,default,ok,43,1,experiments/e20_multi_compiler_full/run.py,359d4060c67ca5d924d143122aab556b53579c5255965144a009fa0a7759908c,f57481e607988a118c2dcecd6f922fde0b60c565cf82c6d66233045a06d494e1,9dd995d1ffe413922c3f018f6aa5aa9d816fea3eba35ba59c7b955f84bd3a70a,"Random Clifford, depth=10"
2.1.0,MC-E20,e20_full_20260807_074417,2026-08-07T07:45:46.405036+00:00,surface_code_8,SurfaceCode,9,12,12,0.0,0.0,10,10,0.0,8,8,0.0,8,8,0.0,0,0,0.0,,0.005483865737915039,qiskit,transpiler,2.4.1,3,ok,43,1,experiments/e20_multi_compiler_full/run.py,359d4060c67ca5d924d143122aab556b53579c5255965144a009fa0a7759908c,43cc3e9d011b7d2c329b8f3d7e0c3ad3ac41fdfcb0956237276354fadabc317e,43cc3e9d011b7d2c329b8f3d7e0c3ad3ac41fdfcb0956237276354fadabc317e,X-stabilizer syndrome extraction
2.1.0,MC-E20,e20_full_20260807_074417,2026-08-07T07:45:46.561440+00:00,uccsd_8,UCCSD_inspired,8,77,58,0.24675324675324672,24.675324675324674,30,25,0.16666666666666663,35,27,0.22857142857142854,35,27,0.22857142857142854,0,0,0.0,0.9999999999999993,0.0,qiskit,transpiler,2.4.1,3,ok,43,1,experiments/e20_multi_compiler_full/run.py,359d4060c67ca5d924d143122aab556b53579c5255965144a009fa0a7759908c,c3785a8cd0f78bde4b4690faabf295b242ed201120f8e7bb35947b2b93339d08,77bef63785bd6451574da1c81b2c0713fb9ec78b81f91ed273883d5732d14767,Parameterized ansatz INSPIRED BY (not true) UCCSD; see make_parameterized_ansatz docstring. Renamed from 'UCCSD' to 'UCCSD_inspired' per review L3 to avoid false claim.
2.1.0,MC-E20,e20_full_20260807_074417,2026-08-07T07:45:47.053023+00:00,uccsd_8,UCCSD_inspired,8,77,75,0.025974025974025983,2.5974025974025983,30,29,0.033333333333333326,35,35,0.0,35,0,1.0,0,0,0.0,0.9999999999999987,0.2817220687866211,cirq,optimize_for_target_gateset+eject_z+merge_1q,1.6.1,default,ok,43,1,experiments/e20_multi_compiler_full/run.py,359d4060c67ca5d924d143122aab556b53579c5255965144a009fa0a7759908c,c3785a8cd0f78bde4b4690faabf295b242ed201120f8e7bb35947b2b93339d08,b423c0f62069172e2486c7c9b8231de3f13cdb641612513877028466079b91c7,Parameterized ansatz INSPIRED BY (not true) UCCSD; see make_parameterized_ansatz docstring. Renamed from 'UCCSD' to 'UCCSD_inspired' per review L3 to avoid false claim.
2.1.0,MC-E20,e20_full_20260807_074417,2026-08-07T07:45:47.106521+00:00,haar_4,HaarRandom,4,275,257,0.06545454545454543,6.545454545454543,189,189,0.0,95,95,0.0,95,95,0.0,0,0,0.0,0.9999999999999973,0.01289057731628418,qiskit,transpiler,2.4.1,3,ok,43,1,experiments/e20_multi_compiler_full/run.py,359d4060c67ca5d924d143122aab556b53579c5255965144a009fa0a7759908c,4e5432258d14e58eec0ed35fbca800b2c6b1266fdefea1fd75c52a8ab0e7a73d,8e43d7e7192e83b92a3cfcbc54c628e3406a5fc7aa8cf0f23a6a97115aa19738,"Haar-random unitary, exact synthesis"
2.1.0,MC-E20,e20_full_20260807_074417,2026-08-07T07:45:48.145434+00:00,haar_4,HaarRandom,4,275,287,-0.043636363636363695,-4.3636363636363695,189,190,-0.005291005291005346,95,95,0.0,95,0,1.0,0,0,0.0,0.9999999999999943,1.0015411376953125,cirq,optimize_for_target_gateset+eject_z+merge_1q,1.6.1,default,ok,43,1,experiments/e20_multi_compiler_full/run.py,359d4060c67ca5d924d143122aab556b53579c5255965144a009fa0a7759908c,4e5432258d14e58eec0ed35fbca800b2c6b1266fdefea1fd75c52a8ab0e7a73d,d616264feedc7336b359d8342384174a94ecb3d9e2b345e6fbebc2d85cc5e275,"Haar-random unitary, exact synthesis"
2.1.0,MC-E20,e20_full_20260807_074417,2026-08-07T07:45:50.442109+00:00,haar_4,HaarRandom,4,275,257,0.06545454545454543,6.545454545454543,189,189,0.0,95,95,0.0,95,95,0.0,0,0,0.0,0.9999999999999996,2.263662576675415,tket,FullPeepholeOptimise,2.18.0,default,ok,43,1,experiments/e20_multi_compiler_full/run.py,359d4060c67ca5d924d143122aab556b53579c5255965144a009fa0a7759908c,4e5432258d14e58eec0ed35fbca800b2c6b1266fdefea1fd75c52a8ab0e7a73d,14227204474adc697bbad810b8a58d8ecef16907a0634070fe16eb112defc189,"Haar-random unitary, exact synthesis"
2.1.0,MC-E20,e20_full_20260807_074417,2026-08-07T07:45:50.656132+00:00,qft_4,QFT,4,10,10,0.0,0.0,7,7,0.0,6,6,0.0,0,0,0.0,0,0,0.0,0.9999999999999988,0.007011890411376953,qiskit,transpiler,2.4.1,3,ok,44,2,experiments/e20_multi_compiler_full/run.py,359d4060c67ca5d924d143122aab556b53579c5255965144a009fa0a7759908c,ec754f7e3892ee8ca405ace36ffa2cf3d8489863d2f83852f623de773dd94b1e,001408f6c8b62c5aa1e72c56729dcc2520332ae2954b17daf86162a5a4f46ac6,
2.1.0,MC-E20,e20_full_20260807_074417,2026-08-07T07:45:50.716364+00:00,qft_4,QFT,4,10,34,-2.4,-240.0,7,20,-1.8571428571428572,6,12,-1.0,0,0,0.0,0,0,0.0,0.9999999999999981,0.054465293884277344,cirq,optimize_for_target_gateset+eject_z+merge_1q,1.6.1,default,ok,44,2,experiments/e20_multi_compiler_full/run.py,359d4060c67ca5d924d143122aab556b53579c5255965144a009fa0a7759908c,ec754f7e3892ee8ca405ace36ffa2cf3d8489863d2f83852f623de773dd94b1e,e7250dce10bcf0582287ec690b02c1ded37b1a4d82d911c36bee292143ba0f8c,
2.1.0,MC-E20,e20_full_20260807_074417,2026-08-07T07:45:50.921471+00:00,qft_4,QFT,4,10,31,-2.1,-210.0,7,19,-1.7142857142857144,6,12,-1.0,0,12,0.0,0,0,0.0,1.0,0.20510601997375488,tket,FullPeepholeOptimise,2.18.0,default,ok,44,2,experiments/e20_multi_compiler_full/run.py,359d4060c67ca5d924d143122aab556b53579c5255965144a009fa0a7759908c,ec754f7e3892ee8ca405ace36ffa2cf3d8489863d2f83852f623de773dd94b1e,1c29c769144f94e13e3a392f195ebc1c6cfc77bad3bffa3aa293760f9e7c4679,
2.1.0,MC-E20,e20_full_20260807_074417,2026-08-07T07:45:50.921471+00:00,ghz_4,GHZ,4,4,4,0.0,0.0,4,4,0.0,3,3,0.0,3,3,0.0,0,0,0.0,0.9999999999999996,0.0,qiskit,transpiler,2.4.1,3,ok,44,2,experiments/e20_multi_compiler_full/run.py,359d4060c67ca5d924d143122aab556b53579c5255965144a009fa0a7759908c,632a65a86fd9bfab17ccedbd10b32b45490cc33030a23af0d675ad3e8ad7a445,632a65a86fd9bfab17ccedbd10b32b45490cc33030a23af0d675ad3e8ad7a445,
2.1.0,MC-E20,e20_full_20260807_074417,2026-08-07T07:45:50.951491+00:00,ghz_4,GHZ,4,4,11,-1.75,-175.0,4,7,-0.75,3,3,0.0,3,0,1.0,0,0,0.0,0.9999999999999988,0.030020713806152344,cirq,optimize_for_target_gateset+eject_z+merge_1q,1.6.1,default,ok,44,2,experiments/e20_multi_compiler_full/run.py,359d4060c67ca5d924d143122aab556b53579c5255965144a009fa0a7759908c,632a65a86fd9bfab17ccedbd10b32b45490cc33030a23af0d675ad3e8ad7a445,5ca7a53f4dbc7c75daa820a5c5948f68bebd5a9db5a6a058678c009a27a48441,
2.1.0,MC-E20,e20_full_20260807_074417,2026-08-07T07:45:51.026258+00:00,ghz_4,GHZ,4,4,4,0.0,0.0,4,4,0.0,3,3,0.0,3,3,0.0,0,0,0.0,1.0,0.0747673511505127,tket,FullPeepholeOptimise,2.18.0,default,ok,44,2,experiments/e20_multi_compiler_full/run.py,359d4060c67ca5d924d143122aab556b53579c5255965144a009fa0a7759908c,632a65a86fd9bfab17ccedbd10b32b45490cc33030a23af0d675ad3e8ad7a445,0ca2e20394ef52eecba8c72454ae73e952a311d06ff639876717b3ceaa156322,
2.1.0,MC-E20,e20_full_20260807_074417,2026-08-07T07:45:51.026258+00:00,cnot_chain_4,CNOT,4,24,0,1.0,100.0,18,0,1.0,24,0,1.0,24,0,1.0,0,0,0.0,1.0,0.0,qiskit,transpiler,2.4.1,3,ok,44,2,experiments/e20_multi_compiler_full/run.py,359d4060c67ca5d924d143122aab556b53579c5255965144a009fa0a7759908c,c15ccd1efbe0b71c21464e888a978afbe6b6cf006bd895873c7d9b8e51efbaf0,80cb67051feabb1a835727fede3367602f1e692e3ec9d1d7247266c73803bd7d,
2.1.0,MC-E20,e20_full_20260807_074417,2026-08-07T07:45:51.075780+00:00,cnot_chain_4,CNOT,4,24,0,1.0,100.0,18,0,1.0,24,0,1.0,24,0,1.0,0,0,0.0,,0.049521684646606445,cirq,optimize_for_target_gateset+eject_z+merge_1q,1.6.1,default,ok,44,2,experiments/e20_multi_compiler_full/run.py,359d4060c67ca5d924d143122aab556b53579c5255965144a009fa0a7759908c,c15ccd1efbe0b71c21464e888a978afbe6b6cf006bd895873c7d9b8e51efbaf0,6f8e18c5611960a199a59d79e4d4e52c427ac524f6c9f379d05c73dc41c9fc91,
2.1.0,MC-E20,e20_full_20260807_074417,2026-08-07T07:45:51.084782+00:00,cnot_chain_4,CNOT,4,24,0,1.0,100.0,18,0,1.0,24,0,1.0,24,0,1.0,0,0,0.0,1.0,0.005001068115234375,tket,FullPeepholeOptimise,2.18.0,default,ok,44,2,experiments/e20_multi_compiler_full/run.py,359d4060c67ca5d924d143122aab556b53579c5255965144a009fa0a7759908c,c15ccd1efbe0b71c21464e888a978afbe6b6cf006bd895873c7d9b8e51efbaf0,80cb67051feabb1a835727fede3367602f1e692e3ec9d1d7247266c73803bd7d,
2.1.0,MC-E20,e20_full_20260807_074417,2026-08-07T07:45:51.089420+00:00,bv_4,Oracle,5,14,8,0.4285714285714286,42.85714285714286,6,4,0.33333333333333337,2,2,0.0,2,2,0.0,0,0,0.0,0.9999999999999979,0.004637479782104492,qiskit,transpiler,2.4.1,3,ok,44,2,experiments/e20_multi_compiler_full/run.py,359d4060c67ca5d924d143122aab556b53579c5255965144a009fa0a7759908c,b81e1fce8a1444d85177c6bc7af38bad39960f4060e55d08611f399ee4619722,b2fca778aa1c9af1696f859bf3949cf4c9b9e57bfbf2b73eaffb599dc3c7630f,
2.1.0,MC-E20,e20_full_20260807_074417,2026-08-07T07:45:51.132650+00:00,bv_4,Oracle,5,14,9,0.3571428571428571,35.71428571428571,6,5,0.16666666666666663,2,2,0.0,2,0,1.0,0,0,0.0,,0.043230295181274414,cirq,optimize_for_target_gateset+eject_z+merge_1q,1.6.1,default,ok,44,2,experiments/e20_multi_compiler_full/run.py,359d4060c67ca5d924d143122aab556b53579c5255965144a009fa0a7759908c,b81e1fce8a1444d85177c6bc7af38bad39960f4060e55d08611f399ee4619722,0982069dfcff4efe2118be2a3bd5bd2cbea87a03389b25d506a06184617e25ec,
2.1.0,MC-E20,e20_full_20260807_074417,2026-08-07T07:45:51.205542+00:00,bv_4,Oracle,5,14,8,0.4285714285714286,42.85714285714286,6,4,0.33333333333333337,2,2,0.0,2,2,0.0,0,0,0.0,0.9999999999999987,0.07082176208496094,tket,FullPeepholeOptimise,2.18.0,default,ok,44,2,experiments/e20_multi_compiler_full/run.py,359d4060c67ca5d924d143122aab556b53579c5255965144a009fa0a7759908c,b81e1fce8a1444d85177c6bc7af38bad39960f4060e55d08611f399ee4619722,5f3bf77be599afdda6de275d7883f45a2f93ba6d6ea411d807dbdc8c6e44702a,
2.1.0,MC-E20,e20_full_20260807_074417,2026-08-07T07:45:51.216150+00:00,qaoa_line_4,QAOA,4,30,30,0.0,0.0,18,18,0.0,12,12,0.0,12,12,0.0,0,0,0.0,1.0000000000000009,0.006195545196533203,qiskit,transpiler,2.4.1,3,ok,44,2,experiments/e20_multi_compiler_full/run.py,359d4060c67ca5d924d143122aab556b53579c5255965144a009fa0a7759908c,11822262e92453bfe40fc264a7a9917b7389a3c5ce19c70a45166237de25daa1,11822262e92453bfe40fc264a7a9917b7389a3c5ce19c70a45166237de25daa1,
2.1.0,MC-E20,e20_full_20260807_074417,2026-08-07T07:45:51.295187+00:00,qaoa_line_4,QAOA,4,30,38,-0.2666666666666666,-26.66666666666666,18,22,-0.22222222222222232,12,12,0.0,12,0,1.0,0,0,0.0,0.9999999999999991,0.07330036163330078,cirq,optimize_for_target_gateset+eject_z+merge_1q,1.6.1,default,ok,44,2,experiments/e20_multi_compiler_full/run.py,359d4060c67ca5d924d143122aab556b53579c5255965144a009fa0a7759908c,11822262e92453bfe40fc264a7a9917b7389a3c5ce19c70a45166237de25daa1,5f88f258e7079d9a3b15c910e80767aacbbcf83a2345b3c6f9127df65e3f2fe4,
2.1.0,MC-E20,e20_full_20260807_074417,2026-08-07T07:45:51.513668+00:00,qaoa_line_4,QAOA,4,30,28,0.06666666666666665,6.666666666666665,18,18,0.0,12,12,0.0,12,12,0.0,0,0,0.0,1.0000000000000009,0.21848082542419434,tket,FullPeepholeOptimise,2.18.0,default,ok,44,2,experiments/e20_multi_compiler_full/run.py,359d4060c67ca5d924d143122aab556b53579c5255965144a009fa0a7759908c,11822262e92453bfe40fc264a7a9917b7389a3c5ce19c70a45166237de25daa1,a1fea3c6440ad90d6aeda8197c82e547330ac263c29a8370218e7fb7b8e53c99,
2.1.0,MC-E20,e20_full_20260807_074417,2026-08-07T07:45:51.522772+00:00,vqe_twolocal_4,VQE,4,30,18,0.4,40.0,11,8,0.2727272727272727,6,6,0.0,6,6,0.0,0,0,0.0,0.9999999999999993,0.009103775024414062,qiskit,transpiler,2.4.1,3,ok,44,2,experiments/e20_multi_compiler_full/run.py,359d4060c67ca5d924d143122aab556b53579c5255965144a009fa0a7759908c,9977453e2e10952e1576d928c28d33e5063d144e3783434bc31172273098d7c2,1f43878f723ae9d1591886730ffdb06eb37f7b359b09742dae62c47fb08f8b04,
2.1.0,MC-E20,e20_full_20260807_074417,2026-08-07T07:45:51.599640+00:00,vqe_twolocal_4,VQE,4,30,29,0.033333333333333326,3.3333333333333326,11,13,-0.18181818181818188,6,6,0.0,6,0,1.0,0,0,0.0,0.9999999999999998,0.07053518295288086,cirq,optimize_for_target_gateset+eject_z+merge_1q,1.6.1,default,ok,44,2,experiments/e20_multi_compiler_full/run.py,359d4060c67ca5d924d143122aab556b53579c5255965144a009fa0a7759908c,9977453e2e10952e1576d928c28d33e5063d144e3783434bc31172273098d7c2,4a708360647db94a1313b0c06676ee3565b70464ac08f1bfb5b342eba7917377,
2.1.0,MC-E20,e20_full_20260807_074417,2026-08-07T07:45:51.781313+00:00,vqe_twolocal_4,VQE,4,30,18,0.4,40.0,11,8,0.2727272727272727,6,6,0.0,6,6,0.0,0,0,0.0,0.9999999999999996,0.1816730499267578,tket,FullPeepholeOptimise,2.18.0,default,ok,44,2,experiments/e20_multi_compiler_full/run.py,359d4060c67ca5d924d143122aab556b53579c5255965144a009fa0a7759908c,9977453e2e10952e1576d928c28d33e5063d144e3783434bc31172273098d7c2,18c5559e5723b3b2abd815398d2b62811c602c4b5dd7e07143f95af5f87356cc,
2.1.0,MC-E20,e20_full_20260807_074417,2026-08-07T07:45:51.801223+00:00,hardware_eff_4,HardwareEfficient,4,22,14,0.36363636363636365,36.36363636363637,8,6,0.25,6,6,0.0,6,6,0.0,0,0,0.0,0.9999999999999996,0.01990962028503418,qiskit,transpiler,2.4.1,3,ok,44,2,experiments/e20_multi_compiler_full/run.py,359d4060c67ca5d924d143122aab556b53579c5255965144a009fa0a7759908c,1acad25cb03e4807b50917b859a7937e32fbc690e0167df65068563040267f4f,4917773807f55089e1835c11df8ea37b21859279285410fe92d431a041e7de99,
2.1.0,MC-E20,e20_full_20260807_074417,2026-08-07T07:45:51.848624+00:00,hardware_eff_4,HardwareEfficient,4,22,25,-0.13636363636363646,-13.636363636363647,8,10,-0.25,6,6,0.0,6,0,1.0,0,0,0.0,0.9999999999999986,0.047400712966918945,cirq,optimize_for_target_gateset+eject_z+merge_1q,1.6.1,default,ok,44,2,experiments/e20_multi_compiler_full/run.py,359d4060c67ca5d924d143122aab556b53579c5255965144a009fa0a7759908c,1acad25cb03e4807b50917b859a7937e32fbc690e0167df65068563040267f4f,2ae8e6027391a55246bd18af30dece190f9e74189b36daaab0de41c4565d3c0d,
2.1.0,MC-E20,e20_full_20260807_074417,2026-08-07T07:45:52.026534+00:00,hardware_eff_4,HardwareEfficient,4,22,14,0.36363636363636365,36.36363636363637,8,6,0.25,6,6,0.0,6,6,0.0,0,0,0.0,1.0,0.17427515983581543,tket,FullPeepholeOptimise,2.18.0,default,ok,44,2,experiments/e20_multi_compiler_full/run.py,359d4060c67ca5d924d143122aab556b53579c5255965144a009fa0a7759908c,1acad25cb03e4807b50917b859a7937e32fbc690e0167df65068563040267f4f,f08b87bb4b04f32c0e801323666bb7b00ff0a8430c6c94d58ffb3c2a020ac6d2,
2.1.0,MC-E20,e20_full_20260807_074417,2026-08-07T07:45:52.041836+00:00,grover_4,Grover,4,30,62,-1.0666666666666669,-106.66666666666669,13,53,-3.0769230769230766,0,28,0.0,0,28,0.0,0,0,0.0,0.9999999999999941,0.005636930465698242,qiskit,transpiler,2.4.1,3,ok,44,2,experiments/e20_multi_compiler_full/run.py,359d4060c67ca5d924d143122aab556b53579c5255965144a009fa0a7759908c,8efab01e533556e6f2a7b2ce4cfec282205fad4cd1df687450be720c41e4b302,161c181a3f67bd891168a75003dee8bfa164c0816dd3680c82ff71ee7d5f47b9,"Single Grover iteration, random marked state"
2.1.0,MC-E20,e20_full_20260807_074417,2026-08-07T07:45:52.202564+00:00,grover_4,Grover,4,30,71,-1.3666666666666667,-136.66666666666666,13,57,-3.384615384615385,0,28,0.0,0,0,0.0,0,0,0.0,0.9999999999999931,0.1455702781677246,cirq,optimize_for_target_gateset+eject_z+merge_1q,1.6.1,default,ok,44,2,experiments/e20_multi_compiler_full/run.py,359d4060c67ca5d924d143122aab556b53579c5255965144a009fa0a7759908c,8efab01e533556e6f2a7b2ce4cfec282205fad4cd1df687450be720c41e4b302,6fc0d4254222939abc53ea6151ed6fd70b2e3716f3fc19f98ecc8ef991c99cf9,"Single Grover iteration, random marked state"
2.1.0,MC-E20,e20_full_20260807_074417,2026-08-07T07:45:52.821344+00:00,grover_4,Grover,4,30,64,-1.1333333333333333,-113.33333333333333,13,55,-3.230769230769231,0,28,0.0,0,28,0.0,0,0,0.0,0.9999999999999964,0.6177866458892822,tket,FullPeepholeOptimise,2.18.0,default,ok,44,2,experiments/e20_multi_compiler_full/run.py,359d4060c67ca5d924d143122aab556b53579c5255965144a009fa0a7759908c,8efab01e533556e6f2a7b2ce4cfec282205fad4cd1df687450be720c41e4b302,03634001cd06dadc6fdfc62be9ab5017ad18ca17a99d32a9236aaa206ccd84d6,"Single Grover iteration, random marked state"
2.1.0,MC-E20,e20_full_20260807_074417,2026-08-07T07:45:52.837569+00:00,adder_4,Adder,4,6,6,0.0,0.0,6,6,0.0,2,2,0.0,2,2,0.0,0,0,0.0,1.0,0.015301942825317383,qiskit,transpiler,2.4.1,3,ok,44,2,experiments/e20_multi_compiler_full/run.py,359d4060c67ca5d924d143122aab556b53579c5255965144a009fa0a7759908c,376ceef4983731f7550ead348027cf64df326a3131ced4b5445918208feab683,376ceef4983731f7550ead348027cf64df326a3131ced4b5445918208feab683,"Ripple-carry adder, random inputs"
2.1.0,MC-E20,e20_full_20260807_074417,2026-08-07T07:45:52.988016+00:00,adder_4,Adder,4,6,79,-12.166666666666666,-1216.6666666666665,6,51,-7.5,2,26,-12.0,2,0,1.0,0,2,0.0,0.999999999999996,0.14686846733093262,cirq,optimize_for_target_gateset+eject_z+merge_1q,1.6.1,default,ok,44,2,experiments/e20_multi_compiler_full/run.py,359d4060c67ca5d924d143122aab556b53579c5255965144a009fa0a7759908c,376ceef4983731f7550ead348027cf64df326a3131ced4b5445918208feab683,b9876865b9d2e040ea9e61d100e3e9a4d91207e8c14714e317b2f9e67f7835ad,"Ripple-carry adder, random inputs"
2.1.0,MC-E20,e20_full_20260807_074417,2026-08-07T07:45:53.247255+00:00,adder_4,Adder,4,6,38,-5.333333333333333,-533.3333333333333,6,29,-3.833333333333333,2,18,-8.0,2,18,-8.0,0,0,0.0,1.0000000000000009,0.25923943519592285,tket,FullPeepholeOptimise,2.18.0,default,ok,44,2,experiments/e20_multi_compiler_full/run.py,359d4060c67ca5d924d143122aab556b53579c5255965144a009fa0a7759908c,376ceef4983731f7550ead348027cf64df326a3131ced4b5445918208feab683,08c52da0df20a0891132625e6a1f0e3318f2a8b67be15a2e2e1ee662c829b77c,"Ripple-carry adder, random inputs"
2.1.0,MC-E20,e20_full_20260807_074417,2026-08-07T07:45:53.347283+00:00,qwalk_4,QuantumWalk,5,58,453,-6.810344827586207,-681.0344827586207,35,387,-10.057142857142857,6,252,-41.0,6,198,-32.0,0,36,0.0,0.9999999999999509,0.017159461975097656,qiskit,transpiler,2.4.1,3,ok,44,2,experiments/e20_multi_compiler_full/run.py,359d4060c67ca5d924d143122aab556b53579c5255965144a009fa0a7759908c,67ab0a96ae0e61daab335306cfd472bf3ae535d1c6a5104350f1d1d453f67b38,c446bd7bd4439aa5c94820e270f0ac2a535fb885f86ef3b66ce1b190b7ec6889,"DTQW on cycle, 3 steps"
2.1.0,MC-E20,e20_full_20260807_074417,2026-08-07T07:45:55.351965+00:00,qwalk_4,QuantumWalk,5,58,824,-13.206896551724139,-1320.689655172414,35,638,-17.228571428571428,6,354,-58.0,6,0,1.0,0,0,0.0,0.9999999999999462,1.9046108722686768,cirq,optimize_for_target_gateset+eject_z+merge_1q,1.6.1,default,ok,44,2,experiments/e20_multi_compiler_full/run.py,359d4060c67ca5d924d143122aab556b53579c5255965144a009fa0a7759908c,67ab0a96ae0e61daab335306cfd472bf3ae535d1c6a5104350f1d1d453f67b38,d44eaf3e6203cce4116eaa3ffde9cf89e7844b8a5bc7a5352d26337e0b6a1430,"DTQW on cycle, 3 steps"
2.1.0,MC-E20,e20_full_20260807_074417,2026-08-07T07:46:02.440790+00:00,qwalk_4,QuantumWalk,5,58,686,-10.827586206896552,-1082.7586206896551,35,534,-14.257142857142858,6,330,-54.0,6,330,-54.0,0,0,0.0,0.9999999999999716,6.997496843338013,tket,FullPeepholeOptimise,2.18.0,default,ok,44,2,experiments/e20_multi_compiler_full/run.py,359d4060c67ca5d924d143122aab556b53579c5255965144a009fa0a7759908c,67ab0a96ae0e61daab335306cfd472bf3ae535d1c6a5104350f1d1d453f67b38,9b572548be9b23f41662f2ae5815bb11dca743a20e7778996b26429ffeecfe70,"DTQW on cycle, 3 steps"
2.1.0,MC-E20,e20_full_20260807_074417,2026-08-07T07:46:02.440790+00:00,iqp_4,IQP,4,20,9,0.55,55.00000000000001,8,4,0.5,4,2,0.5,0,0,0.0,0,0,0.0,0.9999999999999974,0.0,qiskit,transpiler,2.4.1,3,ok,44,2,experiments/e20_multi_compiler_full/run.py,359d4060c67ca5d924d143122aab556b53579c5255965144a009fa0a7759908c,b0524e27b4802fdb62189f700bd2f305167edadbb7dfd85ba065bf6385092476,6564771dd5e9f77955c759829da3bf760f09c3e952d34cd4a164f3a1183e173c,"IQP circuit, 3 diagonal layers"
2.1.0,MC-E20,e20_full_20260807_074417,2026-08-07T07:46:02.471531+00:00,iqp_4,IQP,4,20,12,0.4,40.0,8,5,0.375,4,2,0.5,0,0,0.0,0,0,0.0,0.9999999999999979,0.030740976333618164,cirq,optimize_for_target_gateset+eject_z+merge_1q,1.6.1,default,ok,44,2,experiments/e20_multi_compiler_full/run.py,359d4060c67ca5d924d143122aab556b53579c5255965144a009fa0a7759908c,b0524e27b4802fdb62189f700bd2f305167edadbb7dfd85ba065bf6385092476,0f21a096977f03972e8290485b4c83bbc12c457cf545777096bc4712610965a5,"IQP circuit, 3 diagonal layers"
2.1.0,MC-E20,e20_full_20260807_074417,2026-08-07T07:46:02.580315+00:00,iqp_4,IQP,4,20,9,0.55,55.00000000000001,8,5,0.375,4,2,0.5,0,2,0.0,0,0,0.0,0.9999999999999991,0.10878419876098633,tket,FullPeepholeOptimise,2.18.0,default,ok,44,2,experiments/e20_multi_compiler_full/run.py,359d4060c67ca5d924d143122aab556b53579c5255965144a009fa0a7759908c,b0524e27b4802fdb62189f700bd2f305167edadbb7dfd85ba065bf6385092476,745e8070471aa2700e178e61860dece10fbb717b19f7071bbc01df2a38ebbcf1,"IQP circuit, 3 diagonal layers"
2.1.0,MC-E20,e20_full_20260807_074417,2026-08-07T07:46:02.591968+00:00,clifford_4,RandomClifford,4,30,5,0.8333333333333334,83.33333333333334,9,3,0.6666666666666667,1,1,0.0,1,1,0.0,12,0,1.0,0.9999999999999971,0.011653423309326172,qiskit,transpiler,2.4.1,3,ok,44,2,experiments/e20_multi_compiler_full/run.py,359d4060c67ca5d924d143122aab556b53579c5255965144a009fa0a7759908c,f0df5b6aae8cce4bdfad97799ac3e48fd3c1dbc0536de1fd6f86497f8b23003a,18023f06e728a559dbf4ff9dfb38d2403da6ea804f2d3dfef57e299ae5ce6d74,"Random Clifford, depth=10"
2.1.0,MC-E20,e20_full_20260807_074417,2026-08-07T07:46:02.634715+00:00,clifford_4,RandomClifford,4,30,5,0.8333333333333334,83.33333333333334,9,3,0.6666666666666667,1,1,0.0,1,0,1.0,12,0,1.0,0.9999999999999971,0.042746782302856445,cirq,optimize_for_target_gateset+eject_z+merge_1q,1.6.1,default,ok,44,2,experiments/e20_multi_compiler_full/run.py,359d4060c67ca5d924d143122aab556b53579c5255965144a009fa0a7759908c,f0df5b6aae8cce4bdfad97799ac3e48fd3c1dbc0536de1fd6f86497f8b23003a,4f59938ffdd1b7d9509aa8713e5b5d260ddd29edb6155e293b897c043afd7fa9,"Random Clifford, depth=10"
2.1.0,MC-E20,e20_full_20260807_074417,2026-08-07T07:46:02.673492+00:00,clifford_4,RandomClifford,4,30,6,0.8,80.0,9,3,0.6666666666666667,1,1,0.0,1,1,0.0,12,0,1.0,0.9999999999999977,0.03877735137939453,tket,FullPeepholeOptimise,2.18.0,default,ok,44,2,experiments/e20_multi_compiler_full/run.py,359d4060c67ca5d924d143122aab556b53579c5255965144a009fa0a7759908c,f0df5b6aae8cce4bdfad97799ac3e48fd3c1dbc0536de1fd6f86497f8b23003a,d25fb862872fdaa77d9822a30a7069621bf6830748363a163ff9a2101db8d70a,"Random Clifford, depth=10"
2.1.0,MC-E20,e20_full_20260807_074417,2026-08-07T07:46:02.684908+00:00,surface_code_4,SurfaceCode,5,7,7,0.0,0.0,6,6,0.0,4,4,0.0,4,4,0.0,0,0,0.0,0.9999999999999996,0.0,qiskit,transpiler,2.4.1,3,ok,44,2,experiments/e20_multi_compiler_full/run.py,359d4060c67ca5d924d143122aab556b53579c5255965144a009fa0a7759908c,855a0c983e32593c047881a558688a6cd01c8e842acf4ad4a67c53342b71e274,855a0c983e32593c047881a558688a6cd01c8e842acf4ad4a67c53342b71e274,X-stabilizer syndrome extraction
2.1.0,MC-E20,e20_full_20260807_074417,2026-08-07T07:46:02.724943+00:00,surface_code_4,SurfaceCode,5,7,8,-0.1428571428571428,-14.28571428571428,6,7,-0.16666666666666674,4,4,0.0,4,0,1.0,0,0,0.0,0.9999999999999998,0.030574560165405273,cirq,optimize_for_target_gateset+eject_z+merge_1q,1.6.1,default,ok,44,2,experiments/e20_multi_compiler_full/run.py,359d4060c67ca5d924d143122aab556b53579c5255965144a009fa0a7759908c,855a0c983e32593c047881a558688a6cd01c8e842acf4ad4a67c53342b71e274,662b6590a2802a2a3572ffec980780b946a11c847ef10159e4e1a45c5bd99b41,X-stabilizer syndrome extraction
2.1.0,MC-E20,e20_full_20260807_074417,2026-08-07T07:46:02.881780+00:00,surface_code_4,SurfaceCode,5,7,7,0.0,0.0,6,6,0.0,4,4,0.0,4,4,0.0,0,0,0.0,1.0,0.15435123443603516,tket,FullPeepholeOptimise,2.18.0,default,ok,44,2,experiments/e20_multi_compiler_full/run.py,359d4060c67ca5d924d143122aab556b53579c5255965144a009fa0a7759908c,855a0c983e32593c047881a558688a6cd01c8e842acf4ad4a67c53342b71e274,d3561a74fff0cebbbb7bc0c124afdd8ac01c1526fb20f80503237b322e6e9f6d,X-stabilizer syndrome extraction
2.1.0,MC-E20,e20_full_20260807_074417,2026-08-07T07:46:02.893838+00:00,uccsd_4,UCCSD_inspired,4,28,22,0.2142857142857143,21.42857142857143,16,15,0.0625,14,10,0.2857142857142857,14,10,0.2857142857142857,0,0,0.0,1.0,0.00761723518371582,qiskit,transpiler,2.4.1,3,ok,44,2,experiments/e20_multi_compiler_full/run.py,359d4060c67ca5d924d143122aab556b53579c5255965144a009fa0a7759908c,b34f9908d5e03fab1aa9ef6b6659231b51547c6e1ce2e5596ea98599b8316edf,81340aebeeb9d9f269acc28511675cae740e58577c96e3ae2da5390ba184a05d,Parameterized ansatz INSPIRED BY (not true) UCCSD; see make_parameterized_ansatz docstring. Renamed from 'UCCSD' to 'UCCSD_inspired' per review L3 to avoid false claim.
2.1.0,MC-E20,e20_full_20260807_074417,2026-08-07T07:46:02.991272+00:00,uccsd_4,UCCSD_inspired,4,28,34,-0.2142857142857142,-21.42857142857142,16,20,-0.25,14,14,0.0,14,0,1.0,0,1,0.0,0.9999999999999993,0.09075546264648438,cirq,optimize_for_target_gateset+eject_z+merge_1q,1.6.1,default,ok,44,2,experiments/e20_multi_compiler_full/run.py,359d4060c67ca5d924d143122aab556b53579c5255965144a009fa0a7759908c,b34f9908d5e03fab1aa9ef6b6659231b51547c6e1ce2e5596ea98599b8316edf,d24df5ad2043ab1c1eeecb8159c3e259c73283af3950489eb032af80862e60b8,Parameterized ansatz INSPIRED BY (not true) UCCSD; see make_parameterized_ansatz docstring. Renamed from 'UCCSD' to 'UCCSD_inspired' per review L3 to avoid false claim.
2.1.0,MC-E20,e20_full_20260807_074417,2026-08-07T07:46:03.335121+00:00,uccsd_4,UCCSD_inspired,4,28,22,0.2142857142857143,21.42857142857143,16,15,0.0625,14,10,0.2857142857142857,14,10,0.2857142857142857,0,0,0.0,1.0,0.34032440185546875,tket,FullPeepholeOptimise,2.18.0,default,ok,44,2,experiments/e20_multi_compiler_full/run.py,359d4060c67ca5d924d143122aab556b53579c5255965144a009fa0a7759908c,b34f9908d5e03fab1aa9ef6b6659231b51547c6e1ce2e5596ea98599b8316edf,fce7daa29f3a7d4802846bc3396a333e7aab7643573b4238b9b63bc975b16065,Parameterized ansatz INSPIRED BY (not true) UCCSD; see make_parameterized_ansatz docstring. Renamed from 'UCCSD' to 'UCCSD_inspired' per review L3 to avoid false claim.
2.1.0,MC-E20,e20_full_20260807_074417,2026-08-07T07:46:03.356304+00:00,qft_6,QFT,6,21,21,0.0,0.0,11,11,0.0,15,15,0.0,0,0,0.0,0,0,0.0,0.9999999999999996,0.010189533233642578,qiskit,transpiler,2.4.1,3,ok,44,2,experiments/e20_multi_compiler_full/run.py,359d4060c67ca5d924d143122aab556b53579c5255965144a009fa0a7759908c,e761adf8efeac5c21762208c08429dd4686d16eb4cbc1582e6d4ebc809852f66,ce325feb7eafc0f7673a16bbc3b51544984abb6d137b6ba7752bea283600c12b,
2.1.0,MC-E20,e20_full_20260807_074417,2026-08-07T07:46:03.539651+00:00,qft_6,QFT,6,21,76,-2.619047619047619,-261.9047619047619,11,34,-2.090909090909091,15,30,-1.0,0,0,0.0,0,0,0.0,0.9999999999999976,0.1681225299835205,cirq,optimize_for_target_gateset+eject_z+merge_1q,1.6.1,default,ok,44,2,experiments/e20_multi_compiler_full/run.py,359d4060c67ca5d924d143122aab556b53579c5255965144a009fa0a7759908c,e761adf8efeac5c21762208c08429dd4686d16eb4cbc1582e6d4ebc809852f66,aa7317ad49e1ba6539551cea6f3f914671dec96f4f4e8bc50ade316d1bb9da09,
2.1.0,MC-E20,e20_full_20260807_074417,2026-08-07T07:46:04.317228+00:00,qft_6,QFT,6,21,71,-2.380952380952381,-238.0952380952381,11,33,-2.0,15,30,-1.0,0,30,0.0,0,0,0.0,1.0,0.7597794532775879,tket,FullPeepholeOptimise,2.18.0,default,ok,44,2,experiments/e20_multi_compiler_full/run.py,359d4060c67ca5d924d143122aab556b53579c5255965144a009fa0a7759908c,e761adf8efeac5c21762208c08429dd4686d16eb4cbc1582e6d4ebc809852f66,1e4c9ed3e36094a6271070b1f1ab2b30e856264476b0c22125357dc3af1d9cc7,
2.1.0,MC-E20,e20_full_20260807_074417,2026-08-07T07:46:04.328951+00:00,ghz_6,GHZ,6,6,6,0.0,0.0,6,6,0.0,5,5,0.0,5,5,0.0,0,0,0.0,0.9999999999999998,0.007721662521362305,qiskit,transpiler,2.4.1,3,ok,44,2,experiments/e20_multi_compiler_full/run.py,359d4060c67ca5d924d143122aab556b53579c5255965144a009fa0a7759908c,df499dded1e0518f2f6266b9f0e35d3c81e6057b5ba6e6decbb0f26370e5bb03,df499dded1e0518f2f6266b9f0e35d3c81e6057b5ba6e6decbb0f26370e5bb03,
2.1.0,MC-E20,e20_full_20260807_074417,2026-08-07T07:46:04.394419+00:00,ghz_6,GHZ,6,6,17,-1.8333333333333335,-183.33333333333334,6,11,-0.8333333333333333,5,5,0.0,5,0,1.0,0,0,0.0,0.9999999999999973,0.0644683837890625,cirq,optimize_for_target_gateset+eject_z+merge_1q,1.6.1,default,ok,44,2,experiments/e20_multi_compiler_full/run.py,359d4060c67ca5d924d143122aab556b53579c5255965144a009fa0a7759908c,df499dded1e0518f2f6266b9f0e35d3c81e6057b5ba6e6decbb0f26370e5bb03,c50c1659240f976169f89857782a0a444ef9d6f07ecfed87fa6ae5bbbec4d547,
2.1.0,MC-E20,e20_full_20260807_074417,2026-08-07T07:46:04.617154+00:00,ghz_6,GHZ,6,6,6,0.0,0.0,6,6,0.0,5,5,0.0,5,5,0.0,0,0,0.0,1.0,0.2194831371307373,tket,FullPeepholeOptimise,2.18.0,default,ok,44,2,experiments/e20_multi_compiler_full/run.py,359d4060c67ca5d924d143122aab556b53579c5255965144a009fa0a7759908c,df499dded1e0518f2f6266b9f0e35d3c81e6057b5ba6e6decbb0f26370e5bb03,f5606110b4c9de2d9c41d6892ae7b8cd5a5d8a4dec34af69160c119d936ae28b,
2.1.0,MC-E20,e20_full_20260807_074417,2026-08-07T07:46:04.634914+00:00,cnot_chain_6,CNOT,6,40,0,1.0,100.0,22,0,1.0,40,0,1.0,40,0,1.0,0,0,0.0,1.0,0.01185750961303711,qiskit,transpiler,2.4.1,3,ok,44,2,experiments/e20_multi_compiler_full/run.py,359d4060c67ca5d924d143122aab556b53579c5255965144a009fa0a7759908c,a9cbe813352eb8bbddbb6de7feecde853f066b5cf29e96a7a2f84a6cd354761a,995ca4ef9eaba10dd58f1ab322947f30c40e0f095185660849ca98aed2848347,
2.1.0,MC-E20,e20_full_20260807_074417,2026-08-07T07:46:04.710066+00:00,cnot_chain_6,CNOT,6,40,0,1.0,100.0,22,0,1.0,40,0,1.0,40,0,1.0,0,0,0.0,,0.07515096664428711,cirq,optimize_for_target_gateset+eject_z+merge_1q,1.6.1,default,ok,44,2,experiments/e20_multi_compiler_full/run.py,359d4060c67ca5d924d143122aab556b53579c5255965144a009fa0a7759908c,a9cbe813352eb8bbddbb6de7feecde853f066b5cf29e96a7a2f84a6cd354761a,6f8e18c5611960a199a59d79e4d4e52c427ac524f6c9f379d05c73dc41c9fc91,
2.1.0,MC-E20,e20_full_20260807_074417,2026-08-07T07:46:04.720189+00:00,cnot_chain_6,CNOT,6,40,0,1.0,100.0,22,0,1.0,40,0,1.0,40,0,1.0,0,0,0.0,1.0,0.0052337646484375,tket,FullPeepholeOptimise,2.18.0,default,ok,44,2,experiments/e20_multi_compiler_full/run.py,359d4060c67ca5d924d143122aab556b53579c5255965144a009fa0a7759908c,a9cbe813352eb8bbddbb6de7feecde853f066b5cf29e96a7a2f84a6cd354761a,995ca4ef9eaba10dd58f1ab322947f30c40e0f095185660849ca98aed2848347,
2.1.0,MC-E20,e20_full_20260807_074417,2026-08-07T07:46:04.740115+00:00,bv_6,Oracle,7,19,11,0.42105263157894735,42.10526315789473,7,5,0.2857142857142857,3,3,0.0,3,3,0.0,0,0,0.0,0.9999999999999964,0.008935213088989258,qiskit,transpiler,2.4.1,3,ok,44,2,experiments/e20_multi_compiler_full/run.py,359d4060c67ca5d924d143122aab556b53579c5255965144a009fa0a7759908c,7e908ca0e7f41f66748ac66b70ce7100a634439e03f0c473468434a177435503,c1e1ae46353702bd1c6c33dea3a199e0a7c7a2821826cab88616322525a38363,
2.1.0,MC-E20,e20_full_20260807_074417,2026-08-07T07:46:04.789333+00:00,bv_6,Oracle,7,19,13,0.3157894736842105,31.57894736842105,7,6,0.1428571428571429,3,3,0.0,3,0,1.0,0,0,0.0,,0.049218177795410156,cirq,optimize_for_target_gateset+eject_z+merge_1q,1.6.1,default,ok,44,2,experiments/e20_multi_compiler_full/run.py,359d4060c67ca5d924d143122aab556b53579c5255965144a009fa0a7759908c,7e908ca0e7f41f66748ac66b70ce7100a634439e03f0c473468434a177435503,2c9990377a734b4f3331bbfe3e6ebd8c533fb2e71fc0a4656edfd77fd2840040,
2.1.0,MC-E20,e20_full_20260807_074417,2026-08-07T07:46:04.812213+00:00,qaoa_line_6,QAOA,6,48,48,0.0,0.0,24,24,0.0,20,20,0.0,20,20,0.0,0,0,0.0,1.0000000000000027,0.007187604904174805,qiskit,transpiler,2.4.1,3,ok,44,2,experiments/e20_multi_compiler_full/run.py,359d4060c67ca5d924d143122aab556b53579c5255965144a009fa0a7759908c,18943383040924c600c10e5fc53ee47daad87ed7d23dfef4708492ae5194c1a6,18943383040924c600c10e5fc53ee47daad87ed7d23dfef4708492ae5194c1a6,
2.1.0,MC-E20,e20_full_20260807_074417,2026-08-07T07:46:04.943881+00:00,qaoa_line_6,QAOA,6,48,65,-0.35416666666666674,-35.41666666666667,24,32,-0.33333333333333326,20,20,0.0,20,0,1.0,0,0,0.0,0.9999999999999996,0.11764049530029297,cirq,optimize_for_target_gateset+eject_z+merge_1q,1.6.1,default,ok,44,2,experiments/e20_multi_compiler_full/run.py,359d4060c67ca5d924d143122aab556b53579c5255965144a009fa0a7759908c,18943383040924c600c10e5fc53ee47daad87ed7d23dfef4708492ae5194c1a6,4ffd009f1d46453696ff32ae44a40ed6c3bf97d9ca4c386e2a614214de35d872,
2.1.0,MC-E20,e20_full_20260807_074417,2026-08-07T07:46:05.434984+00:00,qaoa_line_6,QAOA,6,48,46,0.04166666666666663,4.1666666666666625,24,24,0.0,20,20,0.0,20,20,0.0,0,0,0.0,1.0000000000000036,0.4609394073486328,tket,FullPeepholeOptimise,2.18.0,default,ok,44,2,experiments/e20_multi_compiler_full/run.py,359d4060c67ca5d924d143122aab556b53579c5255965144a009fa0a7759908c,18943383040924c600c10e5fc53ee47daad87ed7d23dfef4708492ae5194c1a6,77a5b1dc3b775d71f9e366b162d5c16da144c5a538b6a4ae67897559f3fa1e01,
2.1.0,MC-E20,e20_full_20260807_074417,2026-08-07T07:46:05.455559+00:00,vqe_twolocal_6,VQE,6,46,28,0.3913043478260869,39.13043478260869,13,10,0.23076923076923073,10,10,0.0,10,10,0.0,0,0,0.0,1.0,0.009741783142089844,qiskit,transpiler,2.4.1,3,ok,44,2,experiments/e20_multi_compiler_full/run.py,359d4060c67ca5d924d143122aab556b53579c5255965144a009fa0a7759908c,ab1c50554765797b86d1a8f0003930cc6f940a80ed35b7391c85219b028acf04,e1a4e22e68b50e784613063908fe81f92a4c1916f688f43daaa3c7133588e11a,
2.1.0,MC-E20,e20_full_20260807_074417,2026-08-07T07:46:05.607437+00:00,vqe_twolocal_6,VQE,6,46,47,-0.021739130434782705,-2.1739130434782705,13,17,-0.3076923076923077,10,10,0.0,10,0,1.0,0,0,0.0,0.9999999999999969,0.1378777027130127,cirq,optimize_for_target_gateset+eject_z+merge_1q,1.6.1,default,ok,44,2,experiments/e20_multi_compiler_full/run.py,359d4060c67ca5d924d143122aab556b53579c5255965144a009fa0a7759908c,ab1c50554765797b86d1a8f0003930cc6f940a80ed35b7391c85219b028acf04,aef5d3fea943bbe562d8798ec8d830d2f1a391d71960181bc7e5484ced38e0f4,
2.1.0,MC-E20,e20_full_20260807_074417,2026-08-07T07:46:06.065064+00:00,vqe_twolocal_6,VQE,6,46,28,0.3913043478260869,39.13043478260869,13,10,0.23076923076923073,10,10,0.0,10,10,0.0,0,0,0.0,1.0,0.4495511054992676,tket,FullPeepholeOptimise,2.18.0,default,ok,44,2,experiments/e20_multi_compiler_full/run.py,359d4060c67ca5d924d143122aab556b53579c5255965144a009fa0a7759908c,ab1c50554765797b86d1a8f0003930cc6f940a80ed35b7391c85219b028acf04,2c63012ed9db6b5fd27a7997dd21e3308d0d11ad8d4b400a44e84304d41bb717,
2.1.0,MC-E20,e20_full_20260807_074417,2026-08-07T07:46:06.088425+00:00,hardware_eff_6,HardwareEfficient,6,34,22,0.3529411764705882,35.29411764705882,8,6,0.25,10,10,0.0,10,10,0.0,0,0,0.0,1.0000000000000004,0.011138677597045898,qiskit,transpiler,2.4.1,3,ok,44,2,experiments/e20_multi_compiler_full/run.py,359d4060c67ca5d924d143122aab556b53579c5255965144a009fa0a7759908c,59d4e0d2d41d9ef68298ebbd3c115c44372446940d0e062308994059c7346928,8edd89adb180589ed4a65da72257fd0849b6c009546b31dba7ac521385678080,
2.1.0,MC-E20,e20_full_20260807_074417,2026-08-07T07:46:06.192438+00:00,hardware_eff_6,HardwareEfficient,6,34,40,-0.17647058823529416,-17.647058823529417,8,10,-0.25,10,10,0.0,10,0,1.0,0,0,0.0,0.9999999999999982,0.09141063690185547,cirq,optimize_for_target_gateset+eject_z+merge_1q,1.6.1,default,ok,44,2,experiments/e20_multi_compiler_full/run.py,359d4060c67ca5d924d143122aab556b53579c5255965144a009fa0a7759908c,59d4e0d2d41d9ef68298ebbd3c115c44372446940d0e062308994059c7346928,80979eafea53611452b9692f6173dc49d4ef4d4d952278f35a65aa1ba63b57ef,
2.1.0,MC-E20,e20_full_20260807_074417,2026-08-07T07:46:06.544271+00:00,hardware_eff_6,HardwareEfficient,6,34,22,0.3529411764705882,35.29411764705882,8,6,0.25,10,10,0.0,10,10,0.0,0,0,0.0,1.0000000000000004,0.3367784023284912,tket,FullPeepholeOptimise,2.18.0,default,ok,44,2,experiments/e20_multi_compiler_full/run.py,359d4060c67ca5d924d143122aab556b53579c5255965144a009fa0a7759908c,59d4e0d2d41d9ef68298ebbd3c115c44372446940d0e062308994059c7346928,2c66a365f623285499d0bc29fd57b6b181fecd7d49d7692843aaa7eca2d0ddbb,
2.1.0,MC-E20,e20_full_20260807_074417,2026-08-07T07:46:06.668453+00:00,grover_6,Grover,6,36,20,0.4444444444444444,44.44444444444444,11,5,0.5454545454545454,0,0,0.0,0,0,0.0,0,0,0.0,0.9999999999999585,0.012521505355834961,qiskit,transpiler,2.4.1,3,ok,44,2,experiments/e20_multi_compiler_full/run.py,359d4060c67ca5d924d143122aab556b53579c5255965144a009fa0a7759908c,4a8262673ad455732bb2d327a211a80f09e0d63603e85d01ff5b9a0d25b94fd1,d267a4a110999ade60d7bfd0d576e3427b2a219925dd3164b74f68a786dc85c2,"Single Grover iteration, random marked state"
2.1.0,MC-E20,e20_full_20260807_074417,2026-08-07T07:46:07.704034+00:00,grover_6,Grover,6,36,402,-10.166666666666666,-1016.6666666666666,11,285,-24.90909090909091,0,166,0.0,0,0,0.0,0,1,0.0,0.9999999999999653,0.9338793754577637,cirq,optimize_for_target_gateset+eject_z+merge_1q,1.6.1,default,ok,44,2,experiments/e20_multi_compiler_full/run.py,359d4060c67ca5d924d143122aab556b53579c5255965144a009fa0a7759908c,4a8262673ad455732bb2d327a211a80f09e0d63603e85d01ff5b9a0d25b94fd1,4fc8107b18e5d51357838e9ace8228d6e6d2adfafdfa3e2c875404e555d983a4,"Single Grover iteration, random marked state"
2.1.0,MC-E20,e20_full_20260807_074417,2026-08-07T07:46:11.323764+00:00,grover_6,Grover,6,36,344,-8.555555555555555,-855.5555555555555,11,233,-20.181818181818183,0,160,0.0,0,160,0.0,0,0,0.0,0.9999999999999815,3.5272762775421143,tket,FullPeepholeOptimise,2.18.0,default,ok,44,2,experiments/e20_multi_compiler_full/run.py,359d4060c67ca5d924d143122aab556b53579c5255965144a009fa0a7759908c,4a8262673ad455732bb2d327a211a80f09e0d63603e85d01ff5b9a0d25b94fd1,8721e1b9f41ac2c0b97743657ef80afaf70babb5f40a41fb91db54489f5d0d4b,"Single Grover iteration, random marked state"
2.1.0,MC-E20,e20_full_20260807_074417,2026-08-07T07:46:11.339968+00:00,adder_6,Adder,7,12,12,0.0,0.0,8,8,0.0,4,4,0.0,4,4,0.0,0,0,0.0,1.0,0.006603240966796875,qiskit,transpiler,2.4.1,3,ok,44,2,experiments/e20_multi_compiler_full/run.py,359d4060c67ca5d924d143122aab556b53579c5255965144a009fa0a7759908c,ffbccff06f7f6ee0e5485c7374bbae521e513bf19f08f375c992f0d2c68d895c,3694e0b2c382cd7f323a3feeb3e23cb06b5e4720a169cde6f6dbeccd978b3b7a,"Ripple-carry adder, random inputs"
2.1.0,MC-E20,e20_full_20260807_074417,2026-08-07T07:46:11.826898+00:00,adder_6,Adder,7,12,160,-12.333333333333334,-1233.3333333333335,8,83,-9.375,4,52,-12.0,4,0,1.0,0,2,0.0,0.9999999999999915,0.4082682132720947,cirq,optimize_for_target_gateset+eject_z+merge_1q,1.6.1,default,ok,44,2,experiments/e20_multi_compiler_full/run.py,359d4060c67ca5d924d143122aab556b53579c5255965144a009fa0a7759908c,ffbccff06f7f6ee0e5485c7374bbae521e513bf19f08f375c992f0d2c68d895c,9f1f3782701aef0f625aede5e4ae2c9373e79910cbdc043f8800756a0df3069a,"Ripple-carry adder, random inputs"
2.1.0,MC-E20,e20_full_20260807_074417,2026-08-07T07:46:13.686333+00:00,qwalk_6,QuantumWalk,7,82,2300,-27.048780487804876,-2704.8780487804875,47,1695,-35.06382978723404,6,990,-164.0,6,990,-164.0,0,305,0.0,0.9999999999997878,0.05561017990112305,qiskit,transpiler,2.4.1,3,ok,44,2,experiments/e20_multi_compiler_full/run.py,359d4060c67ca5d924d143122aab556b53579c5255965144a009fa0a7759908c,5cf7a7f7e41a5a150daf969cf7c510e14ecfa06e3d94e6565290346785ceb4eb,e0cfe6d145d666a8745ea99942b9477bee69eb5c251ea6ed2713235c67665c74,"DTQW on cycle, 3 steps"
2.1.0,MC-E20,e20_full_20260807_074417,2026-08-07T07:46:24.264403+00:00,qwalk_6,QuantumWalk,7,82,3878,-46.292682926829265,-4629.268292682927,47,2690,-56.234042553191486,6,1678,-278.6666666666667,6,0,1.0,0,8,0.0,0.9999999999997332,8.954280853271484,cirq,optimize_for_target_gateset+eject_z+merge_1q,1.6.1,default,ok,44,2,experiments/e20_multi_compiler_full/run.py,359d4060c67ca5d924d143122aab556b53579c5255965144a009fa0a7759908c,5cf7a7f7e41a5a150daf969cf7c510e14ecfa06e3d94e6565290346785ceb4eb,283b31a916c73479df2612bd921b898c7c2639e28926fe5ec3cdbd31ca1c9081,"DTQW on cycle, 3 steps"
2.1.0,MC-E20,e20_full_20260807_074417,2026-08-07T07:46:24.278508+00:00,iqp_6,IQP,6,28,12,0.5714285714285714,57.14285714285714,8,4,0.5,5,3,0.4,0,0,0.0,0,0,0.0,0.9999999999999969,0.009107351303100586,qiskit,transpiler,2.4.1,3,ok,44,2,experiments/e20_multi_compiler_full/run.py,359d4060c67ca5d924d143122aab556b53579c5255965144a009fa0a7759908c,23f32c7821f3cd9b4b794c1de87166930b877adb53d180d72c9b39700f8ca44c,f5e66909cec5c665c9ab16bb0fd90ccf5f5703ead051840f311d85e4202b8387,"IQP circuit, 3 diagonal layers"
2.1.0,MC-E20,e20_full_20260807_074417,2026-08-07T07:46:24.309957+00:00,iqp_6,IQP,6,28,16,0.4285714285714286,42.85714285714286,8,5,0.375,5,3,0.4,0,0,0.0,0,1,0.0,,0.030444622039794922,cirq,optimize_for_target_gateset+eject_z+merge_1q,1.6.1,default,ok,44,2,experiments/e20_multi_compiler_full/run.py,359d4060c67ca5d924d143122aab556b53579c5255965144a009fa0a7759908c,23f32c7821f3cd9b4b794c1de87166930b877adb53d180d72c9b39700f8ca44c,8fa64590a9f634d21e58573b32b6adb5abcc5960f0355fafb8f5d51d3429e694,"IQP circuit, 3 diagonal layers"
2.1.0,MC-E20,e20_full_20260807_074417,2026-08-07T07:46:24.457277+00:00,iqp_6,IQP,6,28,12,0.5714285714285714,57.14285714285714,8,5,0.375,5,3,0.4,0,3,0.0,0,0,0.0,0.9999999999999991,0.1424086093902588,tket,FullPeepholeOptimise,2.18.0,default,ok,44,2,experiments/e20_multi_compiler_full/run.py,359d4060c67ca5d924d143122aab556b53579c5255965144a009fa0a7759908c,23f32c7821f3cd9b4b794c1de87166930b877adb53d180d72c9b39700f8ca44c,0814300814c1613e3b883452c231163e4397a87b62796d551ab22cb29ecec6a8,"IQP circuit, 3 diagonal layers"
2.1.0,MC-E20,e20_full_20260807_074417,2026-08-07T07:46:24.472661+00:00,clifford_6,RandomClifford,6,42,17,0.5952380952380952,59.523809523809526,11,6,0.4545454545454546,7,5,0.2857142857142857,7,5,0.2857142857142857,12,3,0.75,0.9999999999999957,0.003905057907104492,qiskit,transpiler,2.4.1,3,ok,44,2,experiments/e20_multi_compiler_full/run.py,359d4060c67ca5d924d143122aab556b53579c5255965144a009fa0a7759908c,9bbdd2db4a42a7527d6b334630eadbf22510c08fe92d4119553baf4325a71fc0,2122776bc9a7147f9f6d6926f3e44f9445a5200d8e386adef6c2bd14830cc2ed,"Random Clifford, depth=10"
2.1.0,MC-E20,e20_full_20260807_074417,2026-08-07T07:46:24.551120+00:00,clifford_6,RandomClifford,6,42,21,0.5,50.0,11,7,0.36363636363636365,7,5,0.2857142857142857,7,0,1.0,12,3,0.75,0.9999999999999957,0.07745242118835449,cirq,optimize_for_target_gateset+eject_z+merge_1q,1.6.1,default,ok,44,2,experiments/e20_multi_compiler_full/run.py,359d4060c67ca5d924d143122aab556b53579c5255965144a009fa0a7759908c,9bbdd2db4a42a7527d6b334630eadbf22510c08fe92d4119553baf4325a71fc0,95a9dd4b2a32e245040a980a2c30e72307615236ed8626af67dadcdeb648d030,"Random Clifford, depth=10"
2.1.0,MC-E20,e20_full_20260807_074417,2026-08-07T07:46:24.732093+00:00,clifford_6,RandomClifford,6,42,16,0.6190476190476191,61.904761904761905,11,5,0.5454545454545454,7,4,0.4285714285714286,7,4,0.4285714285714286,12,0,1.0,0.26153846153846105,0.17083477973937988,tket,FullPeepholeOptimise,2.18.0,default,ok,44,2,experiments/e20_multi_compiler_full/run.py,359d4060c67ca5d924d143122aab556b53579c5255965144a009fa0a7759908c,9bbdd2db4a42a7527d6b334630eadbf22510c08fe92d4119553baf4325a71fc0,175cbb70e4fd6af5a9cef4758687091e9fc5211d8906a0098f184ec183c2d144,"Random Clifford, depth=10"
2.1.0,MC-E20,e20_full_20260807_074417,2026-08-07T07:46:24.752587+00:00,surface_code_6,SurfaceCode,7,10,10,0.0,0.0,8,8,0.0,6,6,0.0,6,6,0.0,0,0,0.0,0.9999999999999998,0.011355876922607422,qiskit,transpiler,2.4.1,3,ok,44,2,experiments/e20_multi_compiler_full/run.py,359d4060c67ca5d924d143122aab556b53579c5255965144a009fa0a7759908c,500c175147f77088130e4c3efb8ddc53fa1469b89d42bc8bb4b33bd8b64b5db8,500c175147f77088130e4c3efb8ddc53fa1469b89d42bc8bb4b33bd8b64b5db8,X-stabilizer syndrome extraction
2.1.0,MC-E20,e20_full_20260807_074417,2026-08-07T07:46:24.805803+00:00,surface_code_6,SurfaceCode,7,10,10,0.0,0.0,8,8,0.0,6,6,0.0,6,0,1.0,0,0,0.0,0.9999999999999998,0.046302080154418945,cirq,optimize_for_target_gateset+eject_z+merge_1q,1.6.1,default,ok,44,2,experiments/e20_multi_compiler_full/run.py,359d4060c67ca5d924d143122aab556b53579c5255965144a009fa0a7759908c,500c175147f77088130e4c3efb8ddc53fa1469b89d42bc8bb4b33bd8b64b5db8,eca9e5770027daee1241ca04a940f08bb5f9ef32166c203973616ac467497945,X-stabilizer syndrome extraction
2.1.0,MC-E20,e20_full_20260807_074417,2026-08-07T07:46:24.821032+00:00,uccsd_6,UCCSD_inspired,6,58,44,0.24137931034482762,24.13793103448276,28,25,0.1071428571428571,29,21,0.27586206896551724,29,21,0.27586206896551724,0,0,0.0,1.0,0.0,qiskit,transpiler,2.4.1,3,ok,44,2,experiments/e20_multi_compiler_full/run.py,359d4060c67ca5d924d143122aab556b53579c5255965144a009fa0a7759908c,c78f21ff03b951c2f491ff7624990d0a75515fff8af6d796b71f03529f82e196,7c575fe9de2b5cfb9304428dd9ef3555a33f6d1d67e5b04eb322f9d5b78e5dc7,Parameterized ansatz INSPIRED BY (not true) UCCSD; see make_parameterized_ansatz docstring. Renamed from 'UCCSD' to 'UCCSD_inspired' per review L3 to avoid false claim.
2.1.0,MC-E20,e20_full_20260807_074417,2026-08-07T07:46:25.005758+00:00,uccsd_6,UCCSD_inspired,6,58,64,-0.10344827586206895,-10.344827586206895,28,30,-0.0714285714285714,29,29,0.0,29,0,1.0,0,0,0.0,0.9999999999999996,0.16713166236877441,cirq,optimize_for_target_gateset+eject_z+merge_1q,1.6.1,default,ok,44,2,experiments/e20_multi_compiler_full/run.py,359d4060c67ca5d924d143122aab556b53579c5255965144a009fa0a7759908c,c78f21ff03b951c2f491ff7624990d0a75515fff8af6d796b71f03529f82e196,a3cc8d60e5010eecdc9ced049c677d11a501876fa235796e1655ee0aa448dbf7,Parameterized ansatz INSPIRED BY (not true) UCCSD; see make_parameterized_ansatz docstring. Renamed from 'UCCSD' to 'UCCSD_inspired' per review L3 to avoid false claim.
2.1.0,MC-E20,e20_full_20260807_074417,2026-08-07T07:46:25.580126+00:00,uccsd_6,UCCSD_inspired,6,58,44,0.24137931034482762,24.13793103448276,28,25,0.1071428571428571,29,21,0.27586206896551724,29,21,0.27586206896551724,0,0,0.0,1.0,0.5583312511444092,tket,FullPeepholeOptimise,2.18.0,default,ok,44,2,experiments/e20_multi_compiler_full/run.py,359d4060c67ca5d924d143122aab556b53579c5255965144a009fa0a7759908c,c78f21ff03b951c2f491ff7624990d0a75515fff8af6d796b71f03529f82e196,d146bb0ea9204c3b3bc9b70452780e4cb1fe0c210185b2ffea7c3580500ff786,Parameterized ansatz INSPIRED BY (not true) UCCSD; see make_parameterized_ansatz docstring. Renamed from 'UCCSD' to 'UCCSD_inspired' per review L3 to avoid false claim.
2.1.0,MC-E20,e20_full_20260807_074417,2026-08-07T07:46:25.686542+00:00,qft_8,QFT,8,36,36,0.0,0.0,15,15,0.0,28,28,0.0,0,0,0.0,0,0,0.0,0.9999999999999969,0.017576217651367188,qiskit,transpiler,2.4.1,3,ok,44,2,experiments/e20_multi_compiler_full/run.py,359d4060c67ca5d924d143122aab556b53579c5255965144a009fa0a7759908c,b2f83603b76f95e86e3b51898d6ea360adf3a62f51aa296baf0178913d4108b2,5e235910f0329f12c7dc3b126bc0da34cd22bcb22e80d7885306046eb1f2b62c,
2.1.0,MC-E20,e20_full_20260807_074417,2026-08-07T07:46:26.056172+00:00,qft_8,QFT,8,36,134,-2.7222222222222223,-272.22222222222223,15,48,-2.2,28,56,-1.0,0,0,0.0,0,0,0.0,0.9999999999999962,0.22321271896362305,cirq,optimize_for_target_gateset+eject_z+merge_1q,1.6.1,default,ok,44,2,experiments/e20_multi_compiler_full/run.py,359d4060c67ca5d924d143122aab556b53579c5255965144a009fa0a7759908c,b2f83603b76f95e86e3b51898d6ea360adf3a62f51aa296baf0178913d4108b2,f2003bd53d0d1c2c3df986457ae1336e33215aedb071156e8c9562fb9841837f,
2.1.0,MC-E20,e20_full_20260807_074417,2026-08-07T07:46:26.093626+00:00,ghz_8,GHZ,8,8,8,0.0,0.0,8,8,0.0,7,7,0.0,7,7,0.0,0,0,0.0,0.9999999999999998,0.015445709228515625,qiskit,transpiler,2.4.1,3,ok,44,2,experiments/e20_multi_compiler_full/run.py,359d4060c67ca5d924d143122aab556b53579c5255965144a009fa0a7759908c,587577f385cf54a3edd3cc639b3ac8cc5aa139f2ef414827515ddc7be4c12104,587577f385cf54a3edd3cc639b3ac8cc5aa139f2ef414827515ddc7be4c12104,
2.1.0,MC-E20,e20_full_20260807_074417,2026-08-07T07:46:26.172265+00:00,ghz_8,GHZ,8,8,23,-1.875,-187.5,8,15,-0.875,7,7,0.0,7,0,1.0,0,0,0.0,0.9999999999999971,0.045412302017211914,cirq,optimize_for_target_gateset+eject_z+merge_1q,1.6.1,default,ok,44,2,experiments/e20_multi_compiler_full/run.py,359d4060c67ca5d924d143122aab556b53579c5255965144a009fa0a7759908c,587577f385cf54a3edd3cc639b3ac8cc5aa139f2ef414827515ddc7be4c12104,a2f2d04e71fa038bd3a71061f2357cee894af4692955787292458304cec3a3f6,
2.1.0,MC-E20,e20_full_20260807_074417,2026-08-07T07:46:26.234436+00:00,cnot_chain_8,CNOT,8,56,0,1.0,100.0,26,0,1.0,56,0,1.0,56,0,1.0,0,0,0.0,1.0,0.0037190914154052734,qiskit,transpiler,2.4.1,3,ok,44,2,experiments/e20_multi_compiler_full/run.py,359d4060c67ca5d924d143122aab556b53579c5255965144a009fa0a7759908c,d3e8b51351e86caa6d8939fe0a903f48a089e7d220d46a14b52d6c94e6e43394,b9f67046a69160a09ec4f4fa9eb23036fff76352de4a4103d9d677b302f18c04,
2.1.0,MC-E20,e20_full_20260807_074417,2026-08-07T07:46:26.397449+00:00,cnot_chain_8,CNOT,8,56,0,1.0,100.0,26,0,1.0,56,0,1.0,56,0,1.0,0,0,0.0,,0.16301274299621582,cirq,optimize_for_target_gateset+eject_z+merge_1q,1.6.1,default,ok,44,2,experiments/e20_multi_compiler_full/run.py,359d4060c67ca5d924d143122aab556b53579c5255965144a009fa0a7759908c,d3e8b51351e86caa6d8939fe0a903f48a089e7d220d46a14b52d6c94e6e43394,6f8e18c5611960a199a59d79e4d4e52c427ac524f6c9f379d05c73dc41c9fc91,
2.1.0,MC-E20,e20_full_20260807_074417,2026-08-07T07:46:26.404453+00:00,bv_8,Oracle,9,25,17,0.31999999999999995,31.999999999999996,9,7,0.2222222222222222,5,5,0.0,5,5,0.0,0,0,0.0,,0.006003856658935547,qiskit,transpiler,2.4.1,3,ok,44,2,experiments/e20_multi_compiler_full/run.py,359d4060c67ca5d924d143122aab556b53579c5255965144a009fa0a7759908c,a1f43182cace5db9dd71f9b95f27823142b0375cb732f7429f51325a29e81c06,b013b25b02ec0c4608e871c971dfe2f33094d399207c5166a135e24fa3dcf8f9,
2.1.0,MC-E20,e20_full_20260807_074417,2026-08-07T07:46:26.513967+00:00,qaoa_line_8,QAOA,8,66,66,0.0,0.0,30,30,0.0,28,28,0.0,28,28,0.0,0,0,0.0,1.0,0.0010018348693847656,qiskit,transpiler,2.4.1,3,ok,44,2,experiments/e20_multi_compiler_full/run.py,359d4060c67ca5d924d143122aab556b53579c5255965144a009fa0a7759908c,10be9d115920a3e1d4e900f34930e7fb1dd8fad26e578ce77525d20fc369184a,10be9d115920a3e1d4e900f34930e7fb1dd8fad26e578ce77525d20fc369184a,
2.1.0,MC-E20,e20_full_20260807_074417,2026-08-07T07:46:26.796783+00:00,qaoa_line_8,QAOA,8,66,90,-0.36363636363636354,-36.36363636363635,30,42,-0.3999999999999999,28,28,0.0,28,0,1.0,0,0,0.0,0.9999999999999973,0.13625431060791016,cirq,optimize_for_target_gateset+eject_z+merge_1q,1.6.1,default,ok,44,2,experiments/e20_multi_compiler_full/run.py,359d4060c67ca5d924d143122aab556b53579c5255965144a009fa0a7759908c,10be9d115920a3e1d4e900f34930e7fb1dd8fad26e578ce77525d20fc369184a,b539144dce572474411b2b23d57974061d1553a06edc4c07dce1c9e36893ae91,
2.1.0,MC-E20,e20_full_20260807_074417,2026-08-07T07:46:26.900459+00:00,vqe_twolocal_8,VQE,8,62,38,0.3870967741935484,38.70967741935484,15,12,0.19999999999999996,14,14,0.0,14,14,0.0,0,0,0.0,1.0,0.005387544631958008,qiskit,transpiler,2.4.1,3,ok,44,2,experiments/e20_multi_compiler_full/run.py,359d4060c67ca5d924d143122aab556b53579c5255965144a009fa0a7759908c,00dbe95dfaac326fbd963ca0a9ca27cdd81bb2aa52e8b5f6077b72cbe677122c,8a53fc7a56f94c86e745b37428718591841fca88d8769ae486b08986ebf58f0f,
2.1.0,MC-E20,e20_full_20260807_074417,2026-08-07T07:46:27.138437+00:00,vqe_twolocal_8,VQE,8,62,65,-0.048387096774193505,-4.8387096774193505,15,21,-0.3999999999999999,14,14,0.0,14,0,1.0,0,0,0.0,0.9999999999999969,0.1324443817138672,cirq,optimize_for_target_gateset+eject_z+merge_1q,1.6.1,default,ok,44,2,experiments/e20_multi_compiler_full/run.py,359d4060c67ca5d924d143122aab556b53579c5255965144a009fa0a7759908c,00dbe95dfaac326fbd963ca0a9ca27cdd81bb2aa52e8b5f6077b72cbe677122c,49ce2843a19ca6bb42e1c152b8dfc9cfc4a6d3ca2b62d3a4ab77e681d61873d5,
2.1.0,MC-E20,e20_full_20260807_074417,2026-08-07T07:46:27.206285+00:00,hardware_eff_8,HardwareEfficient,8,46,30,0.34782608695652173,34.78260869565217,8,6,0.25,14,14,0.0,14,14,0.0,0,0,0.0,1.0,0.003040790557861328,qiskit,transpiler,2.4.1,3,ok,44,2,experiments/e20_multi_compiler_full/run.py,359d4060c67ca5d924d143122aab556b53579c5255965144a009fa0a7759908c,d6e2e471aedfa01cc7f410e903f8751ca05d72b7e3cc943e16158f0688be4fba,b6afccf57fded8db15269abc24b8cd536fcde31c09ee2e1f5805827db0853960,
2.1.0,MC-E20,e20_full_20260807_074417,2026-08-07T07:46:27.401333+00:00,hardware_eff_8,HardwareEfficient,8,46,55,-0.19565217391304346,-19.565217391304344,8,10,-0.25,14,14,0.0,14,0,1.0,0,0,0.0,0.9999999999999969,0.09926795959472656,cirq,optimize_for_target_gateset+eject_z+merge_1q,1.6.1,default,ok,44,2,experiments/e20_multi_compiler_full/run.py,359d4060c67ca5d924d143122aab556b53579c5255965144a009fa0a7759908c,d6e2e471aedfa01cc7f410e903f8751ca05d72b7e3cc943e16158f0688be4fba,0ddce0cadd4f5250371d6ba1a3580192c4da702d1a0e86558498e38f4eb4feb3,
2.1.0,MC-E20,e20_full_20260807_074417,2026-08-07T07:46:29.349159+00:00,grover_8,Grover,8,56,798,-13.25,-1325.0,13,503,-37.69230769230769,0,360,0.0,0,360,0.0,0,102,0.0,0.9999999999999312,0.01979684829711914,qiskit,transpiler,2.4.1,3,ok,44,2,experiments/e20_multi_compiler_full/run.py,359d4060c67ca5d924d143122aab556b53579c5255965144a009fa0a7759908c,b70ea3ed2227dc69d01d7c00e5d7041cbf041829b48fe8641856d8003719b177,65d8b5acd66b0f4e5eb4b739f482709f340d1fbcb31801bfd688d99ec4725463,"Single Grover iteration, random marked state"
2.1.0,MC-E20,e20_full_20260807_074417,2026-08-07T07:46:34.444255+00:00,grover_8,Grover,8,56,1030,-17.392857142857142,-1739.2857142857142,13,698,-52.69230769230769,0,440,0.0,0,0,0.0,0,4,0.0,0.9999999999999248,3.069065570831299,cirq,optimize_for_target_gateset+eject_z+merge_1q,1.6.1,default,ok,44,2,experiments/e20_multi_compiler_full/run.py,359d4060c67ca5d924d143122aab556b53579c5255965144a009fa0a7759908c,b70ea3ed2227dc69d01d7c00e5d7041cbf041829b48fe8641856d8003719b177,4c7c785025560d3ef2da833a2f6dd442d031a96cd71a582da7d17261d40e07ed,"Single Grover iteration, random marked state"
2.1.0,MC-E20,e20_full_20260807_074417,2026-08-07T07:46:34.444255+00:00,adder_8,Adder,10,17,17,0.0,0.0,9,9,0.0,6,6,0.0,6,6,0.0,0,0,0.0,,0.0,qiskit,transpiler,2.4.1,3,ok,44,2,experiments/e20_multi_compiler_full/run.py,359d4060c67ca5d924d143122aab556b53579c5255965144a009fa0a7759908c,34663017952c551b481c1ca772a6768db82061e5de03e74b4207a25633d4375d,a07b7ce7fd9bda5132a040c700c8d2676b8a68a44a9343fc909ba6609f27902e,"Ripple-carry adder, random inputs"
2.1.0,MC-E20,e20_full_20260807_074417,2026-08-07T07:46:34.551409+00:00,qwalk_8,QuantumWalk,9,106,4551,-41.93396226415094,-4193.396226415094,59,3163,-52.610169491525426,6,1962,-326.0,6,1962,-326.0,0,539,0.0,,0.05112099647521973,qiskit,transpiler,2.4.1,3,ok,44,2,experiments/e20_multi_compiler_full/run.py,359d4060c67ca5d924d143122aab556b53579c5255965144a009fa0a7759908c,18841d485625e149a98044129a34152fcd75df65580a7b9a5a9e2a047e4da607,1e8396b047e4bbd985a7ee2a1a29f1ad9267e741ad2cbdd22d85767e2ee2e625,"DTQW on cycle, 3 steps"
2.1.0,MC-E20,e20_full_20260807_074417,2026-08-07T07:46:34.611781+00:00,iqp_8,IQP,8,50,14,0.72,72.0,10,3,0.7,12,2,0.8333333333333334,0,0,0.0,0,0,0.0,0.999999999999996,0.015367507934570312,qiskit,transpiler,2.4.1,3,ok,44,2,experiments/e20_multi_compiler_full/run.py,359d4060c67ca5d924d143122aab556b53579c5255965144a009fa0a7759908c,b05c3dbc96b55aaa2594f9930049da02fd730dc8a5cf6498bdc220a18c004cf1,1d9bc7cc5a25ff2167e6c76af5e122f284c63d0a60b4c9fd455206325d4afd4d,"IQP circuit, 3 diagonal layers"
2.1.0,MC-E20,e20_full_20260807_074417,2026-08-07T07:46:34.752493+00:00,iqp_8,IQP,8,50,25,0.5,50.0,10,7,0.30000000000000004,12,6,0.5,0,0,0.0,0,2,0.0,0.9999999999999956,0.0609283447265625,cirq,optimize_for_target_gateset+eject_z+merge_1q,1.6.1,default,ok,44,2,experiments/e20_multi_compiler_full/run.py,359d4060c67ca5d924d143122aab556b53579c5255965144a009fa0a7759908c,b05c3dbc96b55aaa2594f9930049da02fd730dc8a5cf6498bdc220a18c004cf1,ff6b206bb0e1e7c3dc36b0877da3a219ea60bd1f5c2de35cacf2e0b12a8d37c6,"IQP circuit, 3 diagonal layers"
2.1.0,MC-E20,e20_full_20260807_074417,2026-08-07T07:46:34.826013+00:00,clifford_8,RandomClifford,8,58,15,0.7413793103448276,74.13793103448276,13,4,0.6923076923076923,7,5,0.2857142857142857,7,3,0.5714285714285714,32,1,0.96875,0.9999999999999991,0.0074694156646728516,qiskit,transpiler,2.4.1,3,ok,44,2,experiments/e20_multi_compiler_full/run.py,359d4060c67ca5d924d143122aab556b53579c5255965144a009fa0a7759908c,7d1bf8f83fd2fb24650ee1fe4da49c15be24ffba7150bdbd742379eab951ba6b,9fcd0064d7d285fa8de16ff40461e7cab3528928f487f54da316986f970f2768,"Random Clifford, depth=10"
2.1.0,MC-E20,e20_full_20260807_074417,2026-08-07T07:46:34.944325+00:00,clifford_8,RandomClifford,8,58,19,0.6724137931034483,67.24137931034483,13,6,0.5384615384615384,7,5,0.2857142857142857,7,0,1.0,32,2,0.9375,0.9999999999999938,0.04576563835144043,cirq,optimize_for_target_gateset+eject_z+merge_1q,1.6.1,default,ok,44,2,experiments/e20_multi_compiler_full/run.py,359d4060c67ca5d924d143122aab556b53579c5255965144a009fa0a7759908c,7d1bf8f83fd2fb24650ee1fe4da49c15be24ffba7150bdbd742379eab951ba6b,d4364b44be6aadd51c83047e09645280dd1a9f1fe271e85477e9bbc3eaef7ee6,"Random Clifford, depth=10"
2.1.0,MC-E20,e20_full_20260807_074417,2026-08-07T07:46:34.948408+00:00,surface_code_8,SurfaceCode,9,10,10,0.0,0.0,10,10,0.0,8,8,0.0,8,8,0.0,0,0,0.0,,0.004083156585693359,qiskit,transpiler,2.4.1,3,ok,44,2,experiments/e20_multi_compiler_full/run.py,359d4060c67ca5d924d143122aab556b53579c5255965144a009fa0a7759908c,1c82b236ba06c15d01c63ef7f002938983d64d0466097126e6dd69be4a8ec39b,1c82b236ba06c15d01c63ef7f002938983d64d0466097126e6dd69be4a8ec39b,X-stabilizer syndrome extraction
2.1.0,MC-E20,e20_full_20260807_074417,2026-08-07T07:46:35.096638+00:00,uccsd_8,UCCSD_inspired,8,73,55,0.2465753424657534,24.65753424657534,27,23,0.14814814814814814,31,25,0.19354838709677424,31,25,0.19354838709677424,0,0,0.0,1.0,0.015126943588256836,qiskit,transpiler,2.4.1,3,ok,44,2,experiments/e20_multi_compiler_full/run.py,359d4060c67ca5d924d143122aab556b53579c5255965144a009fa0a7759908c,df98cf9a802fcd16b01c86fc0764c083ab9d32668cb2881c8e84cfd4db5c985a,785e59be8bd3345efaaec4b55635b13d26c2c1c5345a041d932d384357e8bafd,Parameterized ansatz INSPIRED BY (not true) UCCSD; see make_parameterized_ansatz docstring. Renamed from 'UCCSD' to 'UCCSD_inspired' per review L3 to avoid false claim.
2.1.0,MC-E20,e20_full_20260807_074417,2026-08-07T07:46:35.428521+00:00,uccsd_8,UCCSD_inspired,8,73,67,0.0821917808219178,8.21917808219178,27,29,-0.07407407407407418,31,31,0.0,31,0,1.0,0,0,0.0,0.9999999999999998,0.16815686225891113,cirq,optimize_for_target_gateset+eject_z+merge_1q,1.6.1,default,ok,44,2,experiments/e20_multi_compiler_full/run.py,359d4060c67ca5d924d143122aab556b53579c5255965144a009fa0a7759908c,df98cf9a802fcd16b01c86fc0764c083ab9d32668cb2881c8e84cfd4db5c985a,765e571551de02ae3a1e5edd7c8de068cb7004ad7f15a6637372b4848bb26449,Parameterized ansatz INSPIRED BY (not true) UCCSD; see make_parameterized_ansatz docstring. Renamed from 'UCCSD' to 'UCCSD_inspired' per review L3 to avoid false claim.
2.1.0,MC-E20,e20_full_20260807_074417,2026-08-07T07:46:35.472785+00:00,haar_4,HaarRandom,4,275,257,0.06545454545454543,6.545454545454543,189,189,0.0,95,95,0.0,95,95,0.0,0,0,0.0,0.9999999999999931,0.0025377273559570312,qiskit,transpiler,2.4.1,3,ok,44,2,experiments/e20_multi_compiler_full/run.py,359d4060c67ca5d924d143122aab556b53579c5255965144a009fa0a7759908c,0fa7b7e6eebdab917e302d23ef348f90d19d3fd3f8b7b48101701f506eac064b,36860b01568986e8ecbc3f3fd8ea7626fa989a60583adda1dec8a3122d94da88,"Haar-random unitary, exact synthesis"
2.1.0,MC-E20,e20_full_20260807_074417,2026-08-07T07:46:36.123118+00:00,haar_4,HaarRandom,4,275,285,-0.036363636363636376,-3.6363636363636376,189,190,-0.005291005291005346,95,95,0.0,95,0,1.0,0,0,0.0,0.9999999999999922,0.6011812686920166,cirq,optimize_for_target_gateset+eject_z+merge_1q,1.6.1,default,ok,44,2,experiments/e20_multi_compiler_full/run.py,359d4060c67ca5d924d143122aab556b53579c5255965144a009fa0a7759908c,0fa7b7e6eebdab917e302d23ef348f90d19d3fd3f8b7b48101701f506eac064b,5f50ba56da8fa19636fea1b6a55d6846d205ef5e8a75c977d98582491a0453db,"Haar-random unitary, exact synthesis"
2.1.0,MC-E20,e20_full_20260807_074417,2026-08-07T07:46:38.142474+00:00,haar_4,HaarRandom,4,275,257,0.06545454545454543,6.545454545454543,189,189,0.0,95,95,0.0,95,95,0.0,0,0,0.0,0.9999999999999983,2.003058433532715,tket,FullPeepholeOptimise,2.18.0,default,ok,44,2,experiments/e20_multi_compiler_full/run.py,359d4060c67ca5d924d143122aab556b53579c5255965144a009fa0a7759908c,0fa7b7e6eebdab917e302d23ef348f90d19d3fd3f8b7b48101701f506eac064b,c91d90a7db63166e129bc4e0c829cf61d1f9d71bfd41674788c4d42982d1389c,"Haar-random unitary, exact synthesis"
2.1.0,MC-E20,e20_full_20260807_074417,2026-08-07T07:46:38.350043+00:00,qft_4,QFT,4,10,10,0.0,0.0,7,7,0.0,6,6,0.0,0,0,0.0,0,0,0.0,0.9999999999999988,0.006007671356201172,qiskit,transpiler,2.4.1,3,ok,45,3,experiments/e20_multi_compiler_full/run.py,359d4060c67ca5d924d143122aab556b53579c5255965144a009fa0a7759908c,ec754f7e3892ee8ca405ace36ffa2cf3d8489863d2f83852f623de773dd94b1e,001408f6c8b62c5aa1e72c56729dcc2520332ae2954b17daf86162a5a4f46ac6,
2.1.0,MC-E20,e20_full_20260807_074417,2026-08-07T07:46:38.409977+00:00,qft_4,QFT,4,10,34,-2.4,-240.0,7,20,-1.8571428571428572,6,12,-1.0,0,0,0.0,0,0,0.0,0.9999999999999981,0.0569150447845459,cirq,optimize_for_target_gateset+eject_z+merge_1q,1.6.1,default,ok,45,3,experiments/e20_multi_compiler_full/run.py,359d4060c67ca5d924d143122aab556b53579c5255965144a009fa0a7759908c,ec754f7e3892ee8ca405ace36ffa2cf3d8489863d2f83852f623de773dd94b1e,e7250dce10bcf0582287ec690b02c1ded37b1a4d82d911c36bee292143ba0f8c,
2.1.0,MC-E20,e20_full_20260807_074417,2026-08-07T07:46:38.583505+00:00,qft_4,QFT,4,10,31,-2.1,-210.0,7,19,-1.7142857142857144,6,12,-1.0,0,12,0.0,0,0,0.0,1.0,0.17352795600891113,tket,FullPeepholeOptimise,2.18.0,default,ok,45,3,experiments/e20_multi_compiler_full/run.py,359d4060c67ca5d924d143122aab556b53579c5255965144a009fa0a7759908c,ec754f7e3892ee8ca405ace36ffa2cf3d8489863d2f83852f623de773dd94b1e,1c29c769144f94e13e3a392f195ebc1c6cfc77bad3bffa3aa293760f9e7c4679,
2.1.0,MC-E20,e20_full_20260807_074417,2026-08-07T07:46:38.599349+00:00,ghz_4,GHZ,4,4,4,0.0,0.0,4,4,0.0,3,3,0.0,3,3,0.0,0,0,0.0,0.9999999999999996,0.014940738677978516,qiskit,transpiler,2.4.1,3,ok,45,3,experiments/e20_multi_compiler_full/run.py,359d4060c67ca5d924d143122aab556b53579c5255965144a009fa0a7759908c,632a65a86fd9bfab17ccedbd10b32b45490cc33030a23af0d675ad3e8ad7a445,632a65a86fd9bfab17ccedbd10b32b45490cc33030a23af0d675ad3e8ad7a445,
2.1.0,MC-E20,e20_full_20260807_074417,2026-08-07T07:46:38.628395+00:00,ghz_4,GHZ,4,4,11,-1.75,-175.0,4,7,-0.75,3,3,0.0,3,0,1.0,0,0,0.0,0.9999999999999988,0.027742385864257812,cirq,optimize_for_target_gateset+eject_z+merge_1q,1.6.1,default,ok,45,3,experiments/e20_multi_compiler_full/run.py,359d4060c67ca5d924d143122aab556b53579c5255965144a009fa0a7759908c,632a65a86fd9bfab17ccedbd10b32b45490cc33030a23af0d675ad3e8ad7a445,5ca7a53f4dbc7c75daa820a5c5948f68bebd5a9db5a6a058678c009a27a48441,
2.1.0,MC-E20,e20_full_20260807_074417,2026-08-07T07:46:38.700243+00:00,ghz_4,GHZ,4,4,4,0.0,0.0,4,4,0.0,3,3,0.0,3,3,0.0,0,0,0.0,1.0,0.07060670852661133,tket,FullPeepholeOptimise,2.18.0,default,ok,45,3,experiments/e20_multi_compiler_full/run.py,359d4060c67ca5d924d143122aab556b53579c5255965144a009fa0a7759908c,632a65a86fd9bfab17ccedbd10b32b45490cc33030a23af0d675ad3e8ad7a445,0ca2e20394ef52eecba8c72454ae73e952a311d06ff639876717b3ceaa156322,
2.1.0,MC-E20,e20_full_20260807_074417,2026-08-07T07:46:38.709382+00:00,cnot_chain_4,CNOT,4,24,0,1.0,100.0,18,0,1.0,24,0,1.0,24,0,1.0,0,0,0.0,1.0,0.005983114242553711,qiskit,transpiler,2.4.1,3,ok,45,3,experiments/e20_multi_compiler_full/run.py,359d4060c67ca5d924d143122aab556b53579c5255965144a009fa0a7759908c,c15ccd1efbe0b71c21464e888a978afbe6b6cf006bd895873c7d9b8e51efbaf0,80cb67051feabb1a835727fede3367602f1e692e3ec9d1d7247266c73803bd7d,
2.1.0,MC-E20,e20_full_20260807_074417,2026-08-07T07:46:38.746094+00:00,cnot_chain_4,CNOT,4,24,0,1.0,100.0,18,0,1.0,24,0,1.0,24,0,1.0,0,0,0.0,,0.03671097755432129,cirq,optimize_for_target_gateset+eject_z+merge_1q,1.6.1,default,ok,45,3,experiments/e20_multi_compiler_full/run.py,359d4060c67ca5d924d143122aab556b53579c5255965144a009fa0a7759908c,c15ccd1efbe0b71c21464e888a978afbe6b6cf006bd895873c7d9b8e51efbaf0,6f8e18c5611960a199a59d79e4d4e52c427ac524f6c9f379d05c73dc41c9fc91,
2.1.0,MC-E20,e20_full_20260807_074417,2026-08-07T07:46:38.751976+00:00,cnot_chain_4,CNOT,4,24,0,1.0,100.0,18,0,1.0,24,0,1.0,24,0,1.0,0,0,0.0,1.0,0.0037097930908203125,tket,FullPeepholeOptimise,2.18.0,default,ok,45,3,experiments/e20_multi_compiler_full/run.py,359d4060c67ca5d924d143122aab556b53579c5255965144a009fa0a7759908c,c15ccd1efbe0b71c21464e888a978afbe6b6cf006bd895873c7d9b8e51efbaf0,80cb67051feabb1a835727fede3367602f1e692e3ec9d1d7247266c73803bd7d,
2.1.0,MC-E20,e20_full_20260807_074417,2026-08-07T07:46:38.761761+00:00,bv_4,Oracle,5,14,8,0.4285714285714286,42.85714285714286,6,4,0.33333333333333337,2,2,0.0,2,2,0.0,0,0,0.0,0.9999999999999979,0.006115913391113281,qiskit,transpiler,2.4.1,3,ok,45,3,experiments/e20_multi_compiler_full/run.py,359d4060c67ca5d924d143122aab556b53579c5255965144a009fa0a7759908c,d666adb13ce66e444e16398e08fd2d7d2169fcc728eb154e78b91f40918df82c,c749fd41626a367611dd52c77154dca751ce54d6bbe77f6e7d63e68457e1a791,
2.1.0,MC-E20,e20_full_20260807_074417,2026-08-07T07:46:38.796551+00:00,bv_4,Oracle,5,14,9,0.3571428571428571,35.71428571428571,6,5,0.16666666666666663,2,2,0.0,2,0,1.0,0,0,0.0,,0.034790754318237305,cirq,optimize_for_target_gateset+eject_z+merge_1q,1.6.1,default,ok,45,3,experiments/e20_multi_compiler_full/run.py,359d4060c67ca5d924d143122aab556b53579c5255965144a009fa0a7759908c,d666adb13ce66e444e16398e08fd2d7d2169fcc728eb154e78b91f40918df82c,0982069dfcff4efe2118be2a3bd5bd2cbea87a03389b25d506a06184617e25ec,
2.1.0,MC-E20,e20_full_20260807_074417,2026-08-07T07:46:38.896494+00:00,bv_4,Oracle,5,14,8,0.4285714285714286,42.85714285714286,6,4,0.33333333333333337,2,2,0.0,2,2,0.0,0,0,0.0,0.9999999999999987,0.09809255599975586,tket,FullPeepholeOptimise,2.18.0,default,ok,45,3,experiments/e20_multi_compiler_full/run.py,359d4060c67ca5d924d143122aab556b53579c5255965144a009fa0a7759908c,d666adb13ce66e444e16398e08fd2d7d2169fcc728eb154e78b91f40918df82c,53b6a91a2ab29b60831c5761795907be4c4c39a161de92a6d7b3aff4eb793a7a,
2.1.0,MC-E20,e20_full_20260807_074417,2026-08-07T07:46:38.913331+00:00,qaoa_line_4,QAOA,4,30,30,0.0,0.0,18,18,0.0,12,12,0.0,12,12,0.0,0,0,0.0,1.0,0.013225317001342773,qiskit,transpiler,2.4.1,3,ok,45,3,experiments/e20_multi_compiler_full/run.py,359d4060c67ca5d924d143122aab556b53579c5255965144a009fa0a7759908c,65d6c96d4e0517920fd9655db17d5ac37b5a428c41652a801bfaf3148234c751,65d6c96d4e0517920fd9655db17d5ac37b5a428c41652a801bfaf3148234c751,
2.1.0,MC-E20,e20_full_20260807_074417,2026-08-07T07:46:38.992485+00:00,qaoa_line_4,QAOA,4,30,38,-0.2666666666666666,-26.66666666666666,18,22,-0.22222222222222232,12,12,0.0,12,0,1.0,0,0,0.0,0.999999999999999,0.0751497745513916,cirq,optimize_for_target_gateset+eject_z+merge_1q,1.6.1,default,ok,45,3,experiments/e20_multi_compiler_full/run.py,359d4060c67ca5d924d143122aab556b53579c5255965144a009fa0a7759908c,65d6c96d4e0517920fd9655db17d5ac37b5a428c41652a801bfaf3148234c751,8dbdb9f3662cbfc5153a1d1f1128a422676117c72dfe9a26899849e8c2a2ed93,
2.1.0,MC-E20,e20_full_20260807_074417,2026-08-07T07:46:39.228151+00:00,qaoa_line_4,QAOA,4,30,28,0.06666666666666665,6.666666666666665,18,18,0.0,12,12,0.0,12,12,0.0,0,0,0.0,1.0000000000000009,0.22623467445373535,tket,FullPeepholeOptimise,2.18.0,default,ok,45,3,experiments/e20_multi_compiler_full/run.py,359d4060c67ca5d924d143122aab556b53579c5255965144a009fa0a7759908c,65d6c96d4e0517920fd9655db17d5ac37b5a428c41652a801bfaf3148234c751,c43d9e6c0f66b6e804aa1897f99745cf16e6325da38a3b3edadbc1af8ff12968,
2.1.0,MC-E20,e20_full_20260807_074417,2026-08-07T07:46:39.240854+00:00,vqe_twolocal_4,VQE,4,30,18,0.4,40.0,11,8,0.2727272727272727,6,6,0.0,6,6,0.0,0,0,0.0,0.9999999999999993,0.0013184547424316406,qiskit,transpiler,2.4.1,3,ok,45,3,experiments/e20_multi_compiler_full/run.py,359d4060c67ca5d924d143122aab556b53579c5255965144a009fa0a7759908c,4a58f82c3ee3a7d7def6e1de43edb6572e5848cb344e4304cc0bedf37608e0e1,5243a787698ba4814e5d10a40844e1c4a949eabcf8b67455f26517147444c0b5,
2.1.0,MC-E20,e20_full_20260807_074417,2026-08-07T07:46:39.311066+00:00,vqe_twolocal_4,VQE,4,30,29,0.033333333333333326,3.3333333333333326,11,13,-0.18181818181818188,6,6,0.0,6,0,1.0,0,0,0.0,0.9999999999999988,0.06622052192687988,cirq,optimize_for_target_gateset+eject_z+merge_1q,1.6.1,default,ok,45,3,experiments/e20_multi_compiler_full/run.py,359d4060c67ca5d924d143122aab556b53579c5255965144a009fa0a7759908c,4a58f82c3ee3a7d7def6e1de43edb6572e5848cb344e4304cc0bedf37608e0e1,97f8dd8c3407debfa7bb2f4abd80f9b01ea3a34e84353e2fb4feb0ec9c7178d3,
2.1.0,MC-E20,e20_full_20260807_074417,2026-08-07T07:46:39.524043+00:00,vqe_twolocal_4,VQE,4,30,18,0.4,40.0,11,8,0.2727272727272727,6,6,0.0,6,6,0.0,0,0,0.0,1.0,0.20997333526611328,tket,FullPeepholeOptimise,2.18.0,default,ok,45,3,experiments/e20_multi_compiler_full/run.py,359d4060c67ca5d924d143122aab556b53579c5255965144a009fa0a7759908c,4a58f82c3ee3a7d7def6e1de43edb6572e5848cb344e4304cc0bedf37608e0e1,83a35d0f547f5719ff8726489d3c6f86fb8e212623de4bed6c77f11b6d78b877,
2.1.0,MC-E20,e20_full_20260807_074417,2026-08-07T07:46:39.533733+00:00,hardware_eff_4,HardwareEfficient,4,22,14,0.36363636363636365,36.36363636363637,8,6,0.25,6,6,0.0,6,6,0.0,0,0,0.0,1.0,0.006849527359008789,qiskit,transpiler,2.4.1,3,ok,45,3,experiments/e20_multi_compiler_full/run.py,359d4060c67ca5d924d143122aab556b53579c5255965144a009fa0a7759908c,1edaf192bef0f084a7d5a483449afdc9d81861a58a25978265fdfd3e5eaa8394,6256052b6181e5ac8fc094543a87a933ffd5f9dd9e3e50789b92b267738677c0,
2.1.0,MC-E20,e20_full_20260807_074417,2026-08-07T07:46:39.586566+00:00,hardware_eff_4,HardwareEfficient,4,22,25,-0.13636363636363646,-13.636363636363647,8,10,-0.25,6,6,0.0,6,0,1.0,0,0,0.0,0.9999999999999991,0.04878950119018555,cirq,optimize_for_target_gateset+eject_z+merge_1q,1.6.1,default,ok,45,3,experiments/e20_multi_compiler_full/run.py,359d4060c67ca5d924d143122aab556b53579c5255965144a009fa0a7759908c,1edaf192bef0f084a7d5a483449afdc9d81861a58a25978265fdfd3e5eaa8394,f5323570b97c37d958f6e80eef1bc7bb0f020059d6f54de1d39343d8838c9a74,
2.1.0,MC-E20,e20_full_20260807_074417,2026-08-07T07:46:39.758293+00:00,hardware_eff_4,HardwareEfficient,4,22,14,0.36363636363636365,36.36363636363637,8,6,0.25,6,6,0.0,6,6,0.0,0,0,0.0,1.0,0.17172670364379883,tket,FullPeepholeOptimise,2.18.0,default,ok,45,3,experiments/e20_multi_compiler_full/run.py,359d4060c67ca5d924d143122aab556b53579c5255965144a009fa0a7759908c,1edaf192bef0f084a7d5a483449afdc9d81861a58a25978265fdfd3e5eaa8394,b95480000addca743d7c5e7e8e32bb71b73708834fe74d9bd7508b4359daf69b,
2.1.0,MC-E20,e20_full_20260807_074417,2026-08-07T07:46:39.773199+00:00,grover_4,Grover,4,28,62,-1.2142857142857144,-121.42857142857144,11,53,-3.8181818181818183,0,28,0.0,0,28,0.0,0,0,0.0,0.9999999999999938,0.0,qiskit,transpiler,2.4.1,3,ok,45,3,experiments/e20_multi_compiler_full/run.py,359d4060c67ca5d924d143122aab556b53579c5255965144a009fa0a7759908c,6cfa21f822f778047a719c7ecfcd738f9abcfcb833e61c6d08c94a4496f58596,f5fa20d28a6067106b8d88025468f45ca013288189d576afef354dc92a7b178b,"Single Grover iteration, random marked state"
2.1.0,MC-E20,e20_full_20260807_074417,2026-08-07T07:46:39.940407+00:00,grover_4,Grover,4,28,70,-1.5,-150.0,11,56,-4.090909090909091,0,28,0.0,0,0,0.0,0,0,0.0,0.9999999999999941,0.15202617645263672,cirq,optimize_for_target_gateset+eject_z+merge_1q,1.6.1,default,ok,45,3,experiments/e20_multi_compiler_full/run.py,359d4060c67ca5d924d143122aab556b53579c5255965144a009fa0a7759908c,6cfa21f822f778047a719c7ecfcd738f9abcfcb833e61c6d08c94a4496f58596,dff937ce7a7973374659b806c5fc976a28be3d76c135725844ddb72238eaee1a,"Single Grover iteration, random marked state"
2.1.0,MC-E20,e20_full_20260807_074417,2026-08-07T07:46:40.540995+00:00,grover_4,Grover,4,28,64,-1.2857142857142856,-128.57142857142856,11,55,-4.0,0,28,0.0,0,28,0.0,0,0,0.0,0.9999999999999962,0.5914890766143799,tket,FullPeepholeOptimise,2.18.0,default,ok,45,3,experiments/e20_multi_compiler_full/run.py,359d4060c67ca5d924d143122aab556b53579c5255965144a009fa0a7759908c,6cfa21f822f778047a719c7ecfcd738f9abcfcb833e61c6d08c94a4496f58596,5787200a6ad1d57c571f66639a453d209e77790296ba338730e010c1613c41fc,"Single Grover iteration, random marked state"
2.1.0,MC-E20,e20_full_20260807_074417,2026-08-07T07:46:40.548993+00:00,adder_4,Adder,4,6,6,0.0,0.0,6,6,0.0,2,2,0.0,2,2,0.0,0,0,0.0,1.0,0.0069997310638427734,qiskit,transpiler,2.4.1,3,ok,45,3,experiments/e20_multi_compiler_full/run.py,359d4060c67ca5d924d143122aab556b53579c5255965144a009fa0a7759908c,c2f59740e6b3e2a395683f9a2c34a12a350af985f437251f55c71e43bf23f1ab,c2f59740e6b3e2a395683f9a2c34a12a350af985f437251f55c71e43bf23f1ab,"Ripple-carry adder, random inputs"
2.1.0,MC-E20,e20_full_20260807_074417,2026-08-07T07:46:40.701026+00:00,adder_4,Adder,4,6,80,-12.333333333333334,-1233.3333333333335,6,52,-7.666666666666666,2,26,-12.0,2,0,1.0,0,2,0.0,0.999999999999996,0.1446516513824463,cirq,optimize_for_target_gateset+eject_z+merge_1q,1.6.1,default,ok,45,3,experiments/e20_multi_compiler_full/run.py,359d4060c67ca5d924d143122aab556b53579c5255965144a009fa0a7759908c,c2f59740e6b3e2a395683f9a2c34a12a350af985f437251f55c71e43bf23f1ab,1473e610e627cf43ab95626eb3799dcd024dc1894dfc8dcba3933d665989d923,"Ripple-carry adder, random inputs"
2.1.0,MC-E20,e20_full_20260807_074417,2026-08-07T07:46:40.965324+00:00,adder_4,Adder,4,6,38,-5.333333333333333,-533.3333333333333,6,29,-3.833333333333333,2,18,-8.0,2,18,-8.0,0,0,0.0,1.0000000000000009,0.2601125240325928,tket,FullPeepholeOptimise,2.18.0,default,ok,45,3,experiments/e20_multi_compiler_full/run.py,359d4060c67ca5d924d143122aab556b53579c5255965144a009fa0a7759908c,c2f59740e6b3e2a395683f9a2c34a12a350af985f437251f55c71e43bf23f1ab,4d1a51ea70d8111982f2622476f49700d61dcb1a230851cf7ca3bc4ba048dce9,"Ripple-carry adder, random inputs"
2.1.0,MC-E20,e20_full_20260807_074417,2026-08-07T07:46:41.065411+00:00,qwalk_4,QuantumWalk,5,58,453,-6.810344827586207,-681.0344827586207,35,387,-10.057142857142857,6,252,-41.0,6,198,-32.0,0,36,0.0,0.9999999999999505,0.018182992935180664,qiskit,transpiler,2.4.1,3,ok,45,3,experiments/e20_multi_compiler_full/run.py,359d4060c67ca5d924d143122aab556b53579c5255965144a009fa0a7759908c,b64b9f595663b058a60f8705fc72babca34f36f87f62b47677e59ee26674afb4,531a87d57045e07a146a37492ef042048024e893bea89d0407e2685343eda221,"DTQW on cycle, 3 steps"
2.1.0,MC-E20,e20_full_20260807_074417,2026-08-07T07:46:42.971519+00:00,qwalk_4,QuantumWalk,5,58,823,-13.189655172413794,-1318.9655172413793,35,638,-17.228571428571428,6,354,-58.0,6,0,1.0,0,0,0.0,0.9999999999999464,1.8141908645629883,cirq,optimize_for_target_gateset+eject_z+merge_1q,1.6.1,default,ok,45,3,experiments/e20_multi_compiler_full/run.py,359d4060c67ca5d924d143122aab556b53579c5255965144a009fa0a7759908c,b64b9f595663b058a60f8705fc72babca34f36f87f62b47677e59ee26674afb4,e2f1c450abcaf53199a714b25e70aa5831a8543eeea88a92aaee63e2506914f7,"DTQW on cycle, 3 steps"
2.1.0,MC-E20,e20_full_20260807_074417,2026-08-07T07:46:49.037721+00:00,qwalk_4,QuantumWalk,5,58,686,-10.827586206896552,-1082.7586206896551,35,534,-14.257142857142858,6,330,-54.0,6,330,-54.0,0,0,0.0,0.9999999999999716,5.964354753494263,tket,FullPeepholeOptimise,2.18.0,default,ok,45,3,experiments/e20_multi_compiler_full/run.py,359d4060c67ca5d924d143122aab556b53579c5255965144a009fa0a7759908c,b64b9f595663b058a60f8705fc72babca34f36f87f62b47677e59ee26674afb4,a8a295042c50fe1edc6a779e30866b3dec6058deb67c4617c8bbc77057d60993,"DTQW on cycle, 3 steps"
2.1.0,MC-E20,e20_full_20260807_074417,2026-08-07T07:46:49.049876+00:00,iqp_4,IQP,4,22,11,0.5,50.0,10,5,0.5,5,3,0.4,0,0,0.0,0,0,0.0,0.9999999999999983,0.00814962387084961,qiskit,transpiler,2.4.1,3,ok,45,3,experiments/e20_multi_compiler_full/run.py,359d4060c67ca5d924d143122aab556b53579c5255965144a009fa0a7759908c,abf304fbc01a0943a11b2dc36c665f3182398617e7f00d0f35029a5492faa9f2,0bb4397f09bc6e42f6cae63fb9b9046958e08892f3fe28d41bd130a6db8984b1,"IQP circuit, 3 diagonal layers"
2.1.0,MC-E20,e20_full_20260807_074417,2026-08-07T07:46:49.086138+00:00,iqp_4,IQP,4,22,15,0.31818181818181823,31.818181818181824,10,6,0.4,5,3,0.4,0,0,0.0,0,1,0.0,0.9999999999999981,0.034212589263916016,cirq,optimize_for_target_gateset+eject_z+merge_1q,1.6.1,default,ok,45,3,experiments/e20_multi_compiler_full/run.py,359d4060c67ca5d924d143122aab556b53579c5255965144a009fa0a7759908c,abf304fbc01a0943a11b2dc36c665f3182398617e7f00d0f35029a5492faa9f2,c78d6e4f6e8e5cf52b2fe67229b3dea1c209842003281cd00de322b2a04ca0e6,"IQP circuit, 3 diagonal layers"
2.1.0,MC-E20,e20_full_20260807_074417,2026-08-07T07:46:49.190021+00:00,iqp_4,IQP,4,22,12,0.4545454545454546,45.45454545454546,10,7,0.30000000000000004,5,3,0.4,0,3,0.0,0,0,0.0,1.0,0.1038827896118164,tket,FullPeepholeOptimise,2.18.0,default,ok,45,3,experiments/e20_multi_compiler_full/run.py,359d4060c67ca5d924d143122aab556b53579c5255965144a009fa0a7759908c,abf304fbc01a0943a11b2dc36c665f3182398617e7f00d0f35029a5492faa9f2,da244d22d4f768a7e5c9a71bc75b75105afd716110ded04878dff34490c4809f,"IQP circuit, 3 diagonal layers"
2.1.0,MC-E20,e20_full_20260807_074417,2026-08-07T07:46:49.202600+00:00,clifford_4,RandomClifford,4,38,8,0.7894736842105263,78.94736842105263,13,5,0.6153846153846154,8,4,0.5,8,3,0.625,22,2,0.9090909090909091,0.9999999999999993,0.012578964233398438,qiskit,transpiler,2.4.1,3,ok,45,3,experiments/e20_multi_compiler_full/run.py,359d4060c67ca5d924d143122aab556b53579c5255965144a009fa0a7759908c,fd48ffc1dd0166bc5a1e6617b1817d23dc742592362e5775544e0a32aa0797fd,322d3f76c877cdb8d69f24f241df175c3f23781a8af1a1e38da537cd3be91cfe,"Random Clifford, depth=10"
2.1.0,MC-E20,e20_full_20260807_074417,2026-08-07T07:46:49.248745+00:00,clifford_4,RandomClifford,4,38,15,0.6052631578947368,60.526315789473685,13,9,0.3076923076923077,8,4,0.5,8,0,1.0,22,2,0.9090909090909091,0.9999999999999979,0.04614520072937012,cirq,optimize_for_target_gateset+eject_z+merge_1q,1.6.1,default,ok,45,3,experiments/e20_multi_compiler_full/run.py,359d4060c67ca5d924d143122aab556b53579c5255965144a009fa0a7759908c,fd48ffc1dd0166bc5a1e6617b1817d23dc742592362e5775544e0a32aa0797fd,b430629596dbb1e5fc4de2a311b62da2ff56bd64d2b62a41feb8933d641556c9,"Random Clifford, depth=10"
2.1.0,MC-E20,e20_full_20260807_074417,2026-08-07T07:46:49.355835+00:00,clifford_4,RandomClifford,4,38,9,0.7631578947368421,76.31578947368422,13,4,0.6923076923076923,8,3,0.625,8,3,0.625,22,0,1.0,0.9999999999999991,0.10709047317504883,tket,FullPeepholeOptimise,2.18.0,default,ok,45,3,experiments/e20_multi_compiler_full/run.py,359d4060c67ca5d924d143122aab556b53579c5255965144a009fa0a7759908c,fd48ffc1dd0166bc5a1e6617b1817d23dc742592362e5775544e0a32aa0797fd,55ec3785e44975a535c89d854ac770b2d315daff29f3cfb6609e66f0f425bd81,"Random Clifford, depth=10"
2.1.0,MC-E20,e20_full_20260807_074417,2026-08-07T07:46:49.371133+00:00,surface_code_4,SurfaceCode,5,8,8,0.0,0.0,6,6,0.0,4,4,0.0,4,4,0.0,0,0,0.0,0.9999999999999996,0.0,qiskit,transpiler,2.4.1,3,ok,45,3,experiments/e20_multi_compiler_full/run.py,359d4060c67ca5d924d143122aab556b53579c5255965144a009fa0a7759908c,381b5f93d25fcf0c29292a09f2cdd2b99826e27f79b06f6e0050bd5909bc392d,381b5f93d25fcf0c29292a09f2cdd2b99826e27f79b06f6e0050bd5909bc392d,X-stabilizer syndrome extraction
2.1.0,MC-E20,e20_full_20260807_074417,2026-08-07T07:46:49.386372+00:00,surface_code_4,SurfaceCode,5,8,6,0.25,25.0,6,5,0.16666666666666663,4,4,0.0,4,0,1.0,0,0,0.0,0.9999999999999998,0.015238761901855469,cirq,optimize_for_target_gateset+eject_z+merge_1q,1.6.1,default,ok,45,3,experiments/e20_multi_compiler_full/run.py,359d4060c67ca5d924d143122aab556b53579c5255965144a009fa0a7759908c,381b5f93d25fcf0c29292a09f2cdd2b99826e27f79b06f6e0050bd5909bc392d,c36aa1b8c2932ea04e5cdefd46ce3f752e8a194a81de1b586cb21e3eefebfd87,X-stabilizer syndrome extraction
2.1.0,MC-E20,e20_full_20260807_074417,2026-08-07T07:46:49.493362+00:00,surface_code_4,SurfaceCode,5,8,8,0.0,0.0,6,6,0.0,4,4,0.0,4,4,0.0,0,0,0.0,1.0,0.10698986053466797,tket,FullPeepholeOptimise,2.18.0,default,ok,45,3,experiments/e20_multi_compiler_full/run.py,359d4060c67ca5d924d143122aab556b53579c5255965144a009fa0a7759908c,381b5f93d25fcf0c29292a09f2cdd2b99826e27f79b06f6e0050bd5909bc392d,39f9eaca141eb321736429fda23855f421501f0f336d5b6527e2fcfdcdaee648,X-stabilizer syndrome extraction
2.1.0,MC-E20,e20_full_20260807_074417,2026-08-07T07:46:49.508562+00:00,uccsd_4,UCCSD_inspired,4,28,22,0.2142857142857143,21.42857142857143,16,15,0.0625,14,10,0.2857142857142857,14,10,0.2857142857142857,0,0,0.0,1.0,0.015199661254882812,qiskit,transpiler,2.4.1,3,ok,45,3,experiments/e20_multi_compiler_full/run.py,359d4060c67ca5d924d143122aab556b53579c5255965144a009fa0a7759908c,82cb804f6ce1f3deb41f529cb998b8723ec548ca67fe5bf23da68ce3da85c0c9,15334ea34ec84196c456aae9c540bb8069f7a3fb1714db361da9215f3235fd04,Parameterized ansatz INSPIRED BY (not true) UCCSD; see make_parameterized_ansatz docstring. Renamed from 'UCCSD' to 'UCCSD_inspired' per review L3 to avoid false claim.
2.1.0,MC-E20,e20_full_20260807_074417,2026-08-07T07:46:49.569965+00:00,uccsd_4,UCCSD_inspired,4,28,34,-0.2142857142857142,-21.42857142857142,16,20,-0.25,14,14,0.0,14,0,1.0,0,1,0.0,0.9999999999999988,0.06140327453613281,cirq,optimize_for_target_gateset+eject_z+merge_1q,1.6.1,default,ok,45,3,experiments/e20_multi_compiler_full/run.py,359d4060c67ca5d924d143122aab556b53579c5255965144a009fa0a7759908c,82cb804f6ce1f3deb41f529cb998b8723ec548ca67fe5bf23da68ce3da85c0c9,fd1c0f18c2677f171d27c6d244ce17c57ed89ec8fa5b466345e0a9ae96b30277,Parameterized ansatz INSPIRED BY (not true) UCCSD; see make_parameterized_ansatz docstring. Renamed from 'UCCSD' to 'UCCSD_inspired' per review L3 to avoid false claim.
2.1.0,MC-E20,e20_full_20260807_074417,2026-08-07T07:46:49.859631+00:00,uccsd_4,UCCSD_inspired,4,28,22,0.2142857142857143,21.42857142857143,16,15,0.0625,14,10,0.2857142857142857,14,10,0.2857142857142857,0,0,0.0,1.0,0.26283931732177734,tket,FullPeepholeOptimise,2.18.0,default,ok,45,3,experiments/e20_multi_compiler_full/run.py,359d4060c67ca5d924d143122aab556b53579c5255965144a009fa0a7759908c,82cb804f6ce1f3deb41f529cb998b8723ec548ca67fe5bf23da68ce3da85c0c9,fdd2167a76c69f07f8eedd22bc8738957cd6fb350d370c471fbfd8606ac0a544,Parameterized ansatz INSPIRED BY (not true) UCCSD; see make_parameterized_ansatz docstring. Renamed from 'UCCSD' to 'UCCSD_inspired' per review L3 to avoid false claim.
2.1.0,MC-E20,e20_full_20260807_074417,2026-08-07T07:46:49.871610+00:00,qft_6,QFT,6,21,21,0.0,0.0,11,11,0.0,15,15,0.0,0,0,0.0,0,0,0.0,0.9999999999999996,0.0,qiskit,transpiler,2.4.1,3,ok,45,3,experiments/e20_multi_compiler_full/run.py,359d4060c67ca5d924d143122aab556b53579c5255965144a009fa0a7759908c,e761adf8efeac5c21762208c08429dd4686d16eb4cbc1582e6d4ebc809852f66,ce325feb7eafc0f7673a16bbc3b51544984abb6d137b6ba7752bea283600c12b,
2.1.0,MC-E20,e20_full_20260807_074417,2026-08-07T07:46:50.010099+00:00,qft_6,QFT,6,21,76,-2.619047619047619,-261.9047619047619,11,34,-2.090909090909091,15,30,-1.0,0,0,0.0,0,0,0.0,0.9999999999999976,0.1284945011138916,cirq,optimize_for_target_gateset+eject_z+merge_1q,1.6.1,default,ok,45,3,experiments/e20_multi_compiler_full/run.py,359d4060c67ca5d924d143122aab556b53579c5255965144a009fa0a7759908c,e761adf8efeac5c21762208c08429dd4686d16eb4cbc1582e6d4ebc809852f66,aa7317ad49e1ba6539551cea6f3f914671dec96f4f4e8bc50ade316d1bb9da09,
2.1.0,MC-E20,e20_full_20260807_074417,2026-08-07T07:46:50.538002+00:00,qft_6,QFT,6,21,71,-2.380952380952381,-238.0952380952381,11,33,-2.0,15,30,-1.0,0,30,0.0,0,0,0.0,1.0,0.5126664638519287,tket,FullPeepholeOptimise,2.18.0,default,ok,45,3,experiments/e20_multi_compiler_full/run.py,359d4060c67ca5d924d143122aab556b53579c5255965144a009fa0a7759908c,e761adf8efeac5c21762208c08429dd4686d16eb4cbc1582e6d4ebc809852f66,1e4c9ed3e36094a6271070b1f1ab2b30e856264476b0c22125357dc3af1d9cc7,
2.1.0,MC-E20,e20_full_20260807_074417,2026-08-07T07:46:50.538002+00:00,ghz_6,GHZ,6,6,6,0.0,0.0,6,6,0.0,5,5,0.0,5,5,0.0,0,0,0.0,0.9999999999999998,0.0,qiskit,transpiler,2.4.1,3,ok,45,3,experiments/e20_multi_compiler_full/run.py,359d4060c67ca5d924d143122aab556b53579c5255965144a009fa0a7759908c,df499dded1e0518f2f6266b9f0e35d3c81e6057b5ba6e6decbb0f26370e5bb03,df499dded1e0518f2f6266b9f0e35d3c81e6057b5ba6e6decbb0f26370e5bb03,
2.1.0,MC-E20,e20_full_20260807_074417,2026-08-07T07:46:50.583840+00:00,ghz_6,GHZ,6,6,17,-1.8333333333333335,-183.33333333333334,6,11,-0.8333333333333333,5,5,0.0,5,0,1.0,0,0,0.0,0.9999999999999973,0.04342985153198242,cirq,optimize_for_target_gateset+eject_z+merge_1q,1.6.1,default,ok,45,3,experiments/e20_multi_compiler_full/run.py,359d4060c67ca5d924d143122aab556b53579c5255965144a009fa0a7759908c,df499dded1e0518f2f6266b9f0e35d3c81e6057b5ba6e6decbb0f26370e5bb03,c50c1659240f976169f89857782a0a444ef9d6f07ecfed87fa6ae5bbbec4d547,
2.1.0,MC-E20,e20_full_20260807_074417,2026-08-07T07:46:50.686073+00:00,ghz_6,GHZ,6,6,6,0.0,0.0,6,6,0.0,5,5,0.0,5,5,0.0,0,0,0.0,1.0,0.10122394561767578,tket,FullPeepholeOptimise,2.18.0,default,ok,45,3,experiments/e20_multi_compiler_full/run.py,359d4060c67ca5d924d143122aab556b53579c5255965144a009fa0a7759908c,df499dded1e0518f2f6266b9f0e35d3c81e6057b5ba6e6decbb0f26370e5bb03,f5606110b4c9de2d9c41d6892ae7b8cd5a5d8a4dec34af69160c119d936ae28b,
2.1.0,MC-E20,e20_full_20260807_074417,2026-08-07T07:46:50.701364+00:00,cnot_chain_6,CNOT,6,40,0,1.0,100.0,22,0,1.0,40,0,1.0,40,0,1.0,0,0,0.0,1.0,0.015290975570678711,qiskit,transpiler,2.4.1,3,ok,45,3,experiments/e20_multi_compiler_full/run.py,359d4060c67ca5d924d143122aab556b53579c5255965144a009fa0a7759908c,a9cbe813352eb8bbddbb6de7feecde853f066b5cf29e96a7a2f84a6cd354761a,995ca4ef9eaba10dd58f1ab322947f30c40e0f095185660849ca98aed2848347,
2.1.0,MC-E20,e20_full_20260807_074417,2026-08-07T07:46:50.747739+00:00,cnot_chain_6,CNOT,6,40,0,1.0,100.0,22,0,1.0,40,0,1.0,40,0,1.0,0,0,0.0,,0.04637455940246582,cirq,optimize_for_target_gateset+eject_z+merge_1q,1.6.1,default,ok,45,3,experiments/e20_multi_compiler_full/run.py,359d4060c67ca5d924d143122aab556b53579c5255965144a009fa0a7759908c,a9cbe813352eb8bbddbb6de7feecde853f066b5cf29e96a7a2f84a6cd354761a,6f8e18c5611960a199a59d79e4d4e52c427ac524f6c9f379d05c73dc41c9fc91,
2.1.0,MC-E20,e20_full_20260807_074417,2026-08-07T07:46:50.752327+00:00,cnot_chain_6,CNOT,6,40,0,1.0,100.0,22,0,1.0,40,0,1.0,40,0,1.0,0,0,0.0,1.0,0.0,tket,FullPeepholeOptimise,2.18.0,default,ok,45,3,experiments/e20_multi_compiler_full/run.py,359d4060c67ca5d924d143122aab556b53579c5255965144a009fa0a7759908c,a9cbe813352eb8bbddbb6de7feecde853f066b5cf29e96a7a2f84a6cd354761a,995ca4ef9eaba10dd58f1ab322947f30c40e0f095185660849ca98aed2848347,
2.1.0,MC-E20,e20_full_20260807_074417,2026-08-07T07:46:50.763901+00:00,bv_6,Oracle,7,20,14,0.30000000000000004,30.000000000000004,8,6,0.25,4,4,0.0,4,4,0.0,0,0,0.0,0.9999999999999962,0.0,qiskit,transpiler,2.4.1,3,ok,45,3,experiments/e20_multi_compiler_full/run.py,359d4060c67ca5d924d143122aab556b53579c5255965144a009fa0a7759908c,aba982688e3ba6d41127c457bab5ab5b9569526b7191ea8d05efd4e957d93de3,00ab3acc5eb10405a72d7ce7a27e23b33f68f31aadc2da9367cb61aa163dce17,
2.1.0,MC-E20,e20_full_20260807_074417,2026-08-07T07:46:50.806673+00:00,bv_6,Oracle,7,20,17,0.15000000000000002,15.000000000000002,8,7,0.125,4,4,0.0,4,0,1.0,0,0,0.0,,0.04277229309082031,cirq,optimize_for_target_gateset+eject_z+merge_1q,1.6.1,default,ok,45,3,experiments/e20_multi_compiler_full/run.py,359d4060c67ca5d924d143122aab556b53579c5255965144a009fa0a7759908c,aba982688e3ba6d41127c457bab5ab5b9569526b7191ea8d05efd4e957d93de3,8dae5fbe05eaf2512a4054cecaa3ad8ce1c4c849238c622e73a6963f7424c953,
2.1.0,MC-E20,e20_full_20260807_074417,2026-08-07T07:46:50.825004+00:00,qaoa_line_6,QAOA,6,48,48,0.0,0.0,24,24,0.0,20,20,0.0,20,20,0.0,0,0,0.0,1.0000000000000009,0.0054416656494140625,qiskit,transpiler,2.4.1,3,ok,45,3,experiments/e20_multi_compiler_full/run.py,359d4060c67ca5d924d143122aab556b53579c5255965144a009fa0a7759908c,32d7bcf18381d9f1c65e1933e3b92d3ecf51cd7bb497ffc73caa4ac4678baf90,32d7bcf18381d9f1c65e1933e3b92d3ecf51cd7bb497ffc73caa4ac4678baf90,
2.1.0,MC-E20,e20_full_20260807_074417,2026-08-07T07:46:50.951398+00:00,qaoa_line_6,QAOA,6,48,63,-0.3125,-31.25,24,30,-0.25,20,20,0.0,20,0,1.0,0,0,0.0,1.0,0.1154642105102539,cirq,optimize_for_target_gateset+eject_z+merge_1q,1.6.1,default,ok,45,3,experiments/e20_multi_compiler_full/run.py,359d4060c67ca5d924d143122aab556b53579c5255965144a009fa0a7759908c,32d7bcf18381d9f1c65e1933e3b92d3ecf51cd7bb497ffc73caa4ac4678baf90,89fa18aeab59d76239901b7af47778a97cd850e693c32884af820b322845c398,
2.1.0,MC-E20,e20_full_20260807_074417,2026-08-07T07:46:51.402948+00:00,qaoa_line_6,QAOA,6,48,46,0.04166666666666663,4.1666666666666625,24,24,0.0,20,20,0.0,20,20,0.0,0,0,0.0,1.0000000000000013,0.44149017333984375,tket,FullPeepholeOptimise,2.18.0,default,ok,45,3,experiments/e20_multi_compiler_full/run.py,359d4060c67ca5d924d143122aab556b53579c5255965144a009fa0a7759908c,32d7bcf18381d9f1c65e1933e3b92d3ecf51cd7bb497ffc73caa4ac4678baf90,146f3eee4f99adb15d7e580691ba61b676992ef1aa866e3d9dc5a724cd9e4622,
2.1.0,MC-E20,e20_full_20260807_074417,2026-08-07T07:46:51.420048+00:00,vqe_twolocal_6,VQE,6,46,28,0.3913043478260869,39.13043478260869,13,10,0.23076923076923073,10,10,0.0,10,10,0.0,0,0,0.0,1.0,0.007158756256103516,qiskit,transpiler,2.4.1,3,ok,45,3,experiments/e20_multi_compiler_full/run.py,359d4060c67ca5d924d143122aab556b53579c5255965144a009fa0a7759908c,c46afbf28fbe124f0374f5358bdc9de3f8e7781d2b70ca511f82f3f864758eb8,b1711943a352ba99f01d856f730230b731e5bc93d008bcb1b824d70c28cab8da,
2.1.0,MC-E20,e20_full_20260807_074417,2026-08-07T07:46:51.529093+00:00,vqe_twolocal_6,VQE,6,46,47,-0.021739130434782705,-2.1739130434782705,13,17,-0.3076923076923077,10,10,0.0,10,0,1.0,0,0,0.0,0.999999999999998,0.09797167778015137,cirq,optimize_for_target_gateset+eject_z+merge_1q,1.6.1,default,ok,45,3,experiments/e20_multi_compiler_full/run.py,359d4060c67ca5d924d143122aab556b53579c5255965144a009fa0a7759908c,c46afbf28fbe124f0374f5358bdc9de3f8e7781d2b70ca511f82f3f864758eb8,e5fc31ccbef9d481c6d1145f1317e40dc7f5da62fc758636f6d05e02dbffa0cd,
2.1.0,MC-E20,e20_full_20260807_074417,2026-08-07T07:46:51.868727+00:00,vqe_twolocal_6,VQE,6,46,28,0.3913043478260869,39.13043478260869,13,10,0.23076923076923073,10,10,0.0,10,10,0.0,0,0,0.0,1.0,0.3396329879760742,tket,FullPeepholeOptimise,2.18.0,default,ok,45,3,experiments/e20_multi_compiler_full/run.py,359d4060c67ca5d924d143122aab556b53579c5255965144a009fa0a7759908c,c46afbf28fbe124f0374f5358bdc9de3f8e7781d2b70ca511f82f3f864758eb8,8682f711dca39b267f327da9dce17cb22d07d3101c252a1267f20372c38df169,
2.1.0,MC-E20,e20_full_20260807_074417,2026-08-07T07:46:51.898535+00:00,hardware_eff_6,HardwareEfficient,6,34,22,0.3529411764705882,35.29411764705882,8,6,0.25,10,10,0.0,10,10,0.0,0,0,0.0,1.0000000000000009,0.024997234344482422,qiskit,transpiler,2.4.1,3,ok,45,3,experiments/e20_multi_compiler_full/run.py,359d4060c67ca5d924d143122aab556b53579c5255965144a009fa0a7759908c,527eb683bd1809e8286af5c2509a6827b84fe91343265c8182e2573d36d47c75,ecb306d4a2921e68afab4e2073d640336c14ad6001ea6a5f4ba08d68b702e203,
2.1.0,MC-E20,e20_full_20260807_074417,2026-08-07T07:46:51.983012+00:00,hardware_eff_6,HardwareEfficient,6,34,40,-0.17647058823529416,-17.647058823529417,8,10,-0.25,10,10,0.0,10,0,1.0,0,0,0.0,0.9999999999999984,0.07387590408325195,cirq,optimize_for_target_gateset+eject_z+merge_1q,1.6.1,default,ok,45,3,experiments/e20_multi_compiler_full/run.py,359d4060c67ca5d924d143122aab556b53579c5255965144a009fa0a7759908c,527eb683bd1809e8286af5c2509a6827b84fe91343265c8182e2573d36d47c75,f4c385932c32c4a0d204bc6da618cb48141c90406f50ec16111d9d88dd3011aa,
2.1.0,MC-E20,e20_full_20260807_074417,2026-08-07T07:46:52.324141+00:00,hardware_eff_6,HardwareEfficient,6,34,22,0.3529411764705882,35.29411764705882,8,6,0.25,10,10,0.0,10,10,0.0,0,0,0.0,1.0,0.33400821685791016,tket,FullPeepholeOptimise,2.18.0,default,ok,45,3,experiments/e20_multi_compiler_full/run.py,359d4060c67ca5d924d143122aab556b53579c5255965144a009fa0a7759908c,527eb683bd1809e8286af5c2509a6827b84fe91343265c8182e2573d36d47c75,9363ed17cc61ca1e68ea52b588abaf4b254be5dd5cf06c1a1df439cd680f3745,
2.1.0,MC-E20,e20_full_20260807_074417,2026-08-07T07:46:52.409945+00:00,grover_6,Grover,6,38,20,0.4736842105263158,47.36842105263158,11,5,0.5454545454545454,0,0,0.0,0,0,0.0,0,0,0.0,0.9999999999999585,0.007504701614379883,qiskit,transpiler,2.4.1,3,ok,45,3,experiments/e20_multi_compiler_full/run.py,359d4060c67ca5d924d143122aab556b53579c5255965144a009fa0a7759908c,9fc171140a03ee9f244356e86208dba87bf6d38eeff4eccdf95b151d88236128,715ff27b68027f8c120864c51d44fe0587eeb1c4389160bd3b97b619d6d0ca59,"Single Grover iteration, random marked state"
2.1.0,MC-E20,e20_full_20260807_074417,2026-08-07T07:46:53.341399+00:00,grover_6,Grover,6,38,401,-9.552631578947368,-955.2631578947368,11,284,-24.818181818181817,0,166,0.0,0,0,0.0,0,1,0.0,0.9999999999999655,0.8542306423187256,cirq,optimize_for_target_gateset+eject_z+merge_1q,1.6.1,default,ok,45,3,experiments/e20_multi_compiler_full/run.py,359d4060c67ca5d924d143122aab556b53579c5255965144a009fa0a7759908c,9fc171140a03ee9f244356e86208dba87bf6d38eeff4eccdf95b151d88236128,0a18669641d40788ce1105de2042cd42eb3fda3c9eb8c1df2297f3b372d9ef61,"Single Grover iteration, random marked state"
2.1.0,MC-E20,e20_full_20260807_074417,2026-08-07T07:46:56.146266+00:00,grover_6,Grover,6,38,344,-8.052631578947368,-805.2631578947368,11,233,-20.181818181818183,0,160,0.0,0,160,0.0,0,0,0.0,0.9999999999999817,2.720958948135376,tket,FullPeepholeOptimise,2.18.0,default,ok,45,3,experiments/e20_multi_compiler_full/run.py,359d4060c67ca5d924d143122aab556b53579c5255965144a009fa0a7759908c,9fc171140a03ee9f244356e86208dba87bf6d38eeff4eccdf95b151d88236128,5ebc0172c7dffbe2f89be94fe3e685cf496abf67c4ada6711596f1e9de3b8959,"Single Grover iteration, random marked state"
2.1.0,MC-E20,e20_full_20260807_074417,2026-08-07T07:46:56.161587+00:00,adder_6,Adder,7,12,12,0.0,0.0,8,8,0.0,4,4,0.0,4,4,0.0,0,0,0.0,1.0,0.006214618682861328,qiskit,transpiler,2.4.1,3,ok,45,3,experiments/e20_multi_compiler_full/run.py,359d4060c67ca5d924d143122aab556b53579c5255965144a009fa0a7759908c,ffbccff06f7f6ee0e5485c7374bbae521e513bf19f08f375c992f0d2c68d895c,3694e0b2c382cd7f323a3feeb3e23cb06b5e4720a169cde6f6dbeccd978b3b7a,"Ripple-carry adder, random inputs"
2.1.0,MC-E20,e20_full_20260807_074417,2026-08-07T07:46:56.463444+00:00,adder_6,Adder,7,12,160,-12.333333333333334,-1233.3333333333335,8,83,-9.375,4,52,-12.0,4,0,1.0,0,2,0.0,0.9999999999999915,0.2634127140045166,cirq,optimize_for_target_gateset+eject_z+merge_1q,1.6.1,default,ok,45,3,experiments/e20_multi_compiler_full/run.py,359d4060c67ca5d924d143122aab556b53579c5255965144a009fa0a7759908c,ffbccff06f7f6ee0e5485c7374bbae521e513bf19f08f375c992f0d2c68d895c,9f1f3782701aef0f625aede5e4ae2c9373e79910cbdc043f8800756a0df3069a,"Ripple-carry adder, random inputs"
2.1.0,MC-E20,e20_full_20260807_074417,2026-08-07T07:46:57.811907+00:00,qwalk_6,QuantumWalk,7,82,2300,-27.048780487804876,-2704.8780487804875,47,1695,-35.06382978723404,6,990,-164.0,6,990,-164.0,0,305,0.0,0.9999999999997861,0.03778648376464844,qiskit,transpiler,2.4.1,3,ok,45,3,experiments/e20_multi_compiler_full/run.py,359d4060c67ca5d924d143122aab556b53579c5255965144a009fa0a7759908c,c73f6cdb8f200c463beec0c7fbb496f9a74c4116042e33417fa9eda0a2e3060b,ba7f4620aef16e0748f91ab555c96b52eec77b5536d2f5290a594eea1c7b1d91,"DTQW on cycle, 3 steps"
2.1.0,MC-E20,e20_full_20260807_074417,2026-08-07T07:47:09.014317+00:00,qwalk_6,QuantumWalk,7,82,3879,-46.30487804878049,-4630.487804878048,47,2690,-56.234042553191486,6,1678,-278.6666666666667,6,0,1.0,0,8,0.0,0.9999999999997328,9.204674482345581,cirq,optimize_for_target_gateset+eject_z+merge_1q,1.6.1,default,ok,45,3,experiments/e20_multi_compiler_full/run.py,359d4060c67ca5d924d143122aab556b53579c5255965144a009fa0a7759908c,c73f6cdb8f200c463beec0c7fbb496f9a74c4116042e33417fa9eda0a2e3060b,e17a0fbd007b5cc5e84ecc646f1f65877f7e9be59d9a4b3f5b1d8db9bd9a7a0c,"DTQW on cycle, 3 steps"
2.1.0,MC-E20,e20_full_20260807_074417,2026-08-07T07:47:09.029792+00:00,iqp_6,IQP,6,28,14,0.5,50.0,7,4,0.4285714285714286,3,3,0.0,0,0,0.0,0,0,0.0,0.9999999999999964,0.009545564651489258,qiskit,transpiler,2.4.1,3,ok,45,3,experiments/e20_multi_compiler_full/run.py,359d4060c67ca5d924d143122aab556b53579c5255965144a009fa0a7759908c,26c21453833a1b1e3b7c4dc700f7e6255db38d4f4e4f25d8e160c7b405b37b05,0c268c0ecb0ccc5699e660c9d32fb60202274ec679f54b039c7cd6193e475294,"IQP circuit, 3 diagonal layers"
2.1.0,MC-E20,e20_full_20260807_074417,2026-08-07T07:47:09.081201+00:00,iqp_6,IQP,6,28,19,0.3214285714285714,32.14285714285714,7,5,0.2857142857142857,3,3,0.0,0,0,0.0,0,3,0.0,0.9999999999999963,0.04636049270629883,cirq,optimize_for_target_gateset+eject_z+merge_1q,1.6.1,default,ok,45,3,experiments/e20_multi_compiler_full/run.py,359d4060c67ca5d924d143122aab556b53579c5255965144a009fa0a7759908c,26c21453833a1b1e3b7c4dc700f7e6255db38d4f4e4f25d8e160c7b405b37b05,a4a22898a7b8405f13fdbfda115103f555fd96154aca47771901852504f8d86d,"IQP circuit, 3 diagonal layers"
2.1.0,MC-E20,e20_full_20260807_074417,2026-08-07T07:47:09.217795+00:00,iqp_6,IQP,6,28,13,0.5357142857142857,53.57142857142857,7,5,0.2857142857142857,3,3,0.0,0,3,0.0,0,0,0.0,0.9999999999999996,0.13167643547058105,tket,FullPeepholeOptimise,2.18.0,default,ok,45,3,experiments/e20_multi_compiler_full/run.py,359d4060c67ca5d924d143122aab556b53579c5255965144a009fa0a7759908c,26c21453833a1b1e3b7c4dc700f7e6255db38d4f4e4f25d8e160c7b405b37b05,66c9c9ed21591b561c37e3add6ed793ed670e2c57f4073f4e5258f38c60cc60f,"IQP circuit, 3 diagonal layers"
2.1.0,MC-E20,e20_full_20260807_074417,2026-08-07T07:47:09.227725+00:00,clifford_6,RandomClifford,6,48,17,0.6458333333333333,64.58333333333333,13,9,0.3076923076923077,4,4,0.0,4,4,0.0,24,4,0.8333333333333334,0.9999999999999961,0.00872945785522461,qiskit,transpiler,2.4.1,3,ok,45,3,experiments/e20_multi_compiler_full/run.py,359d4060c67ca5d924d143122aab556b53579c5255965144a009fa0a7759908c,e0eb70c5389571192ebdd08937ff0b94cf5bfa5c00a5b3544bc59a35045e182a,8ed08755f9a70c3ae1f9a45b52df2e9008f2d634c5b2497bd5b0d2ccd3a6047a,"Random Clifford, depth=10"
2.1.0,MC-E20,e20_full_20260807_074417,2026-08-07T07:47:09.293670+00:00,clifford_6,RandomClifford,6,48,22,0.5416666666666667,54.16666666666667,13,10,0.23076923076923073,4,4,0.0,4,0,1.0,24,2,0.9166666666666666,0.9999999999999957,0.05808210372924805,cirq,optimize_for_target_gateset+eject_z+merge_1q,1.6.1,default,ok,45,3,experiments/e20_multi_compiler_full/run.py,359d4060c67ca5d924d143122aab556b53579c5255965144a009fa0a7759908c,e0eb70c5389571192ebdd08937ff0b94cf5bfa5c00a5b3544bc59a35045e182a,fc92beeeb57b823478680286adabc834f6cd0fb07e6088435ded57aaf3cddcdf,"Random Clifford, depth=10"
2.1.0,MC-E20,e20_full_20260807_074417,2026-08-07T07:47:09.411814+00:00,clifford_6,RandomClifford,6,48,11,0.7708333333333334,77.08333333333334,13,5,0.6153846153846154,4,2,0.5,4,2,0.5,24,0,1.0,0.07692307692307677,0.11113762855529785,tket,FullPeepholeOptimise,2.18.0,default,ok,45,3,experiments/e20_multi_compiler_full/run.py,359d4060c67ca5d924d143122aab556b53579c5255965144a009fa0a7759908c,e0eb70c5389571192ebdd08937ff0b94cf5bfa5c00a5b3544bc59a35045e182a,d35af69d0ab7467e839bbd3f904c243e5abf1c918cf0e21936f1ee3908279df4,"Random Clifford, depth=10"
2.1.0,MC-E20,e20_full_20260807_074417,2026-08-07T07:47:09.430031+00:00,surface_code_6,SurfaceCode,7,10,10,0.0,0.0,8,8,0.0,6,6,0.0,6,6,0.0,0,0,0.0,0.9999999999999998,0.010565996170043945,qiskit,transpiler,2.4.1,3,ok,45,3,experiments/e20_multi_compiler_full/run.py,359d4060c67ca5d924d143122aab556b53579c5255965144a009fa0a7759908c,500c175147f77088130e4c3efb8ddc53fa1469b89d42bc8bb4b33bd8b64b5db8,500c175147f77088130e4c3efb8ddc53fa1469b89d42bc8bb4b33bd8b64b5db8,X-stabilizer syndrome extraction
2.1.0,MC-E20,e20_full_20260807_074417,2026-08-07T07:47:09.502071+00:00,surface_code_6,SurfaceCode,7,10,10,0.0,0.0,8,8,0.0,6,6,0.0,6,0,1.0,0,0,0.0,0.9999999999999998,0.06288290023803711,cirq,optimize_for_target_gateset+eject_z+merge_1q,1.6.1,default,ok,45,3,experiments/e20_multi_compiler_full/run.py,359d4060c67ca5d924d143122aab556b53579c5255965144a009fa0a7759908c,500c175147f77088130e4c3efb8ddc53fa1469b89d42bc8bb4b33bd8b64b5db8,eca9e5770027daee1241ca04a940f08bb5f9ef32166c203973616ac467497945,X-stabilizer syndrome extraction
2.1.0,MC-E20,e20_full_20260807_074417,2026-08-07T07:47:09.530154+00:00,uccsd_6,UCCSD_inspired,6,55,42,0.23636363636363633,23.636363636363633,27,23,0.14814814814814814,28,20,0.2857142857142857,28,20,0.2857142857142857,0,0,0.0,1.0,0.012939453125,qiskit,transpiler,2.4.1,3,ok,45,3,experiments/e20_multi_compiler_full/run.py,359d4060c67ca5d924d143122aab556b53579c5255965144a009fa0a7759908c,cc46ee088c9ce6d94641468aa8e6e8839accab9c5d936176193dea45808dc686,15ea7a7953dc8b2f9071a90d79f6bf2a3109d1174ea2e3d85f00d85e784dff8f,Parameterized ansatz INSPIRED BY (not true) UCCSD; see make_parameterized_ansatz docstring. Renamed from 'UCCSD' to 'UCCSD_inspired' per review L3 to avoid false claim.
2.1.0,MC-E20,e20_full_20260807_074417,2026-08-07T07:47:09.761917+00:00,uccsd_6,UCCSD_inspired,6,55,58,-0.05454545454545445,-5.454545454545445,27,27,0.0,28,28,0.0,28,0,1.0,0,0,0.0,0.9999999999999989,0.2104647159576416,cirq,optimize_for_target_gateset+eject_z+merge_1q,1.6.1,default,ok,45,3,experiments/e20_multi_compiler_full/run.py,359d4060c67ca5d924d143122aab556b53579c5255965144a009fa0a7759908c,cc46ee088c9ce6d94641468aa8e6e8839accab9c5d936176193dea45808dc686,f2638a4950c0220d615f8e79944f961797f8fed4d01e63f446ddeddc1ff78904,Parameterized ansatz INSPIRED BY (not true) UCCSD; see make_parameterized_ansatz docstring. Renamed from 'UCCSD' to 'UCCSD_inspired' per review L3 to avoid false claim.
2.1.0,MC-E20,e20_full_20260807_074417,2026-08-07T07:47:10.401419+00:00,uccsd_6,UCCSD_inspired,6,55,42,0.23636363636363633,23.636363636363633,27,23,0.14814814814814814,28,20,0.2857142857142857,28,20,0.2857142857142857,0,0,0.0,0.9999999999999998,0.6206011772155762,tket,FullPeepholeOptimise,2.18.0,default,ok,45,3,experiments/e20_multi_compiler_full/run.py,359d4060c67ca5d924d143122aab556b53579c5255965144a009fa0a7759908c,cc46ee088c9ce6d94641468aa8e6e8839accab9c5d936176193dea45808dc686,9fdd8e311bf330977caf22fcf1fa5a50c6112defb270a20451e60647e7939ead,Parameterized ansatz INSPIRED BY (not true) UCCSD; see make_parameterized_ansatz docstring. Renamed from 'UCCSD' to 'UCCSD_inspired' per review L3 to avoid false claim.
2.1.0,MC-E20,e20_full_20260807_074417,2026-08-07T07:47:10.548803+00:00,qft_8,QFT,8,36,36,0.0,0.0,15,15,0.0,28,28,0.0,0,0,0.0,0,0,0.0,0.9999999999999969,0.013356685638427734,qiskit,transpiler,2.4.1,3,ok,45,3,experiments/e20_multi_compiler_full/run.py,359d4060c67ca5d924d143122aab556b53579c5255965144a009fa0a7759908c,b2f83603b76f95e86e3b51898d6ea360adf3a62f51aa296baf0178913d4108b2,5e235910f0329f12c7dc3b126bc0da34cd22bcb22e80d7885306046eb1f2b62c,
2.1.0,MC-E20,e20_full_20260807_074417,2026-08-07T07:47:11.063243+00:00,qft_8,QFT,8,36,134,-2.7222222222222223,-272.22222222222223,15,48,-2.2,28,56,-1.0,0,0,0.0,0,0,0.0,0.9999999999999962,0.2916901111602783,cirq,optimize_for_target_gateset+eject_z+merge_1q,1.6.1,default,ok,45,3,experiments/e20_multi_compiler_full/run.py,359d4060c67ca5d924d143122aab556b53579c5255965144a009fa0a7759908c,b2f83603b76f95e86e3b51898d6ea360adf3a62f51aa296baf0178913d4108b2,f2003bd53d0d1c2c3df986457ae1336e33215aedb071156e8c9562fb9841837f,
2.1.0,MC-E20,e20_full_20260807_074417,2026-08-07T07:47:11.082599+00:00,ghz_8,GHZ,8,8,8,0.0,0.0,8,8,0.0,7,7,0.0,7,7,0.0,0,0,0.0,0.9999999999999998,0.0060002803802490234,qiskit,transpiler,2.4.1,3,ok,45,3,experiments/e20_multi_compiler_full/run.py,359d4060c67ca5d924d143122aab556b53579c5255965144a009fa0a7759908c,587577f385cf54a3edd3cc639b3ac8cc5aa139f2ef414827515ddc7be4c12104,587577f385cf54a3edd3cc639b3ac8cc5aa139f2ef414827515ddc7be4c12104,
2.1.0,MC-E20,e20_full_20260807_074417,2026-08-07T07:47:11.163278+00:00,ghz_8,GHZ,8,8,23,-1.875,-187.5,8,15,-0.875,7,7,0.0,7,0,1.0,0,0,0.0,0.9999999999999971,0.049501895904541016,cirq,optimize_for_target_gateset+eject_z+merge_1q,1.6.1,default,ok,45,3,experiments/e20_multi_compiler_full/run.py,359d4060c67ca5d924d143122aab556b53579c5255965144a009fa0a7759908c,587577f385cf54a3edd3cc639b3ac8cc5aa139f2ef414827515ddc7be4c12104,a2f2d04e71fa038bd3a71061f2357cee894af4692955787292458304cec3a3f6,
2.1.0,MC-E20,e20_full_20260807_074417,2026-08-07T07:47:11.226921+00:00,cnot_chain_8,CNOT,8,56,0,1.0,100.0,26,0,1.0,56,0,1.0,56,0,1.0,0,0,0.0,1.0,0.0060007572174072266,qiskit,transpiler,2.4.1,3,ok,45,3,experiments/e20_multi_compiler_full/run.py,359d4060c67ca5d924d143122aab556b53579c5255965144a009fa0a7759908c,d3e8b51351e86caa6d8939fe0a903f48a089e7d220d46a14b52d6c94e6e43394,b9f67046a69160a09ec4f4fa9eb23036fff76352de4a4103d9d677b302f18c04,
2.1.0,MC-E20,e20_full_20260807_074417,2026-08-07T07:47:11.395773+00:00,cnot_chain_8,CNOT,8,56,0,1.0,100.0,26,0,1.0,56,0,1.0,56,0,1.0,0,0,0.0,,0.1688523292541504,cirq,optimize_for_target_gateset+eject_z+merge_1q,1.6.1,default,ok,45,3,experiments/e20_multi_compiler_full/run.py,359d4060c67ca5d924d143122aab556b53579c5255965144a009fa0a7759908c,d3e8b51351e86caa6d8939fe0a903f48a089e7d220d46a14b52d6c94e6e43394,6f8e18c5611960a199a59d79e4d4e52c427ac524f6c9f379d05c73dc41c9fc91,
2.1.0,MC-E20,e20_full_20260807_074417,2026-08-07T07:47:11.406512+00:00,bv_8,Oracle,9,26,20,0.23076923076923073,23.076923076923073,10,8,0.19999999999999996,6,6,0.0,6,6,0.0,0,0,0.0,,0.00805974006652832,qiskit,transpiler,2.4.1,3,ok,45,3,experiments/e20_multi_compiler_full/run.py,359d4060c67ca5d924d143122aab556b53579c5255965144a009fa0a7759908c,88731a23c3863cb1654e193ad3837b5162fa68ab391b7e8ab7b77a324f7481d5,f7a0b6e07b1fc35946d057bf886f47632006dfec860d3a08007da690887a1cd4,
2.1.0,MC-E20,e20_full_20260807_074417,2026-08-07T07:47:11.522496+00:00,qaoa_line_8,QAOA,8,66,66,0.0,0.0,30,30,0.0,28,28,0.0,28,28,0.0,0,0,0.0,1.0000000000000009,0.005997419357299805,qiskit,transpiler,2.4.1,3,ok,45,3,experiments/e20_multi_compiler_full/run.py,359d4060c67ca5d924d143122aab556b53579c5255965144a009fa0a7759908c,4809486afd204540f2cdafb6d609b54ad021dbf2b99f43a4ecec706faa70c906,4809486afd204540f2cdafb6d609b54ad021dbf2b99f43a4ecec706faa70c906,
2.1.0,MC-E20,e20_full_20260807_074417,2026-08-07T07:47:11.821728+00:00,qaoa_line_8,QAOA,8,66,87,-0.3181818181818181,-31.818181818181813,30,38,-0.2666666666666666,28,28,0.0,28,0,1.0,0,0,0.0,0.9999999999999969,0.15239644050598145,cirq,optimize_for_target_gateset+eject_z+merge_1q,1.6.1,default,ok,45,3,experiments/e20_multi_compiler_full/run.py,359d4060c67ca5d924d143122aab556b53579c5255965144a009fa0a7759908c,4809486afd204540f2cdafb6d609b54ad021dbf2b99f43a4ecec706faa70c906,dae38ebda7c7f66ebfd7f6903dcfe4bad01d7552169a73b045d2f5e4264b6913,
2.1.0,MC-E20,e20_full_20260807_074417,2026-08-07T07:47:11.928955+00:00,vqe_twolocal_8,VQE,8,62,38,0.3870967741935484,38.70967741935484,15,12,0.19999999999999996,14,14,0.0,14,14,0.0,0,0,0.0,1.0,0.00963735580444336,qiskit,transpiler,2.4.1,3,ok,45,3,experiments/e20_multi_compiler_full/run.py,359d4060c67ca5d924d143122aab556b53579c5255965144a009fa0a7759908c,70cd659a7350f6cc7087bde5233dd07dd8b5618ed5d5947c4421d8f783a0e2a1,807d63ed988f00b91516872653c12628b1b367cf27e6334d5e93799e24c1107a,
2.1.0,MC-E20,e20_full_20260807_074417,2026-08-07T07:47:12.267884+00:00,vqe_twolocal_8,VQE,8,62,65,-0.048387096774193505,-4.8387096774193505,15,21,-0.3999999999999999,14,14,0.0,14,0,1.0,0,0,0.0,0.9999999999999973,0.17700552940368652,cirq,optimize_for_target_gateset+eject_z+merge_1q,1.6.1,default,ok,45,3,experiments/e20_multi_compiler_full/run.py,359d4060c67ca5d924d143122aab556b53579c5255965144a009fa0a7759908c,70cd659a7350f6cc7087bde5233dd07dd8b5618ed5d5947c4421d8f783a0e2a1,82ad72fe539ae48c030cbbd96d6eb63f23c29c5b025130df60a1e78212f884bb,
2.1.0,MC-E20,e20_full_20260807_074417,2026-08-07T07:47:12.353553+00:00,hardware_eff_8,HardwareEfficient,8,46,30,0.34782608695652173,34.78260869565217,8,6,0.25,14,14,0.0,14,14,0.0,0,0,0.0,0.9999999999999991,0.008735895156860352,qiskit,transpiler,2.4.1,3,ok,45,3,experiments/e20_multi_compiler_full/run.py,359d4060c67ca5d924d143122aab556b53579c5255965144a009fa0a7759908c,4cb0ee8c207e5657bad48e15875bbf5d48a502ea415ecd8f8314c81e5399a738,179e064f84bd4b9836b9bdd3b50fca1d8b8e5e7d159e077fc8df505614b55481,
2.1.0,MC-E20,e20_full_20260807_074417,2026-08-07T07:47:12.538865+00:00,hardware_eff_8,HardwareEfficient,8,46,55,-0.19565217391304346,-19.565217391304344,8,10,-0.25,14,14,0.0,14,0,1.0,0,0,0.0,0.9999999999999964,0.10065245628356934,cirq,optimize_for_target_gateset+eject_z+merge_1q,1.6.1,default,ok,45,3,experiments/e20_multi_compiler_full/run.py,359d4060c67ca5d924d143122aab556b53579c5255965144a009fa0a7759908c,4cb0ee8c207e5657bad48e15875bbf5d48a502ea415ecd8f8314c81e5399a738,318e3e9dfd3f0c144867587cdaeab0ecf032ae10d4c8004036d2afdd1f2cb855,
2.1.0,MC-E20,e20_full_20260807_074417,2026-08-07T07:47:14.606019+00:00,grover_8,Grover,8,56,798,-13.25,-1325.0,13,503,-37.69230769230769,0,360,0.0,0,360,0.0,0,102,0.0,0.9999999999999309,0.015334129333496094,qiskit,transpiler,2.4.1,3,ok,45,3,experiments/e20_multi_compiler_full/run.py,359d4060c67ca5d924d143122aab556b53579c5255965144a009fa0a7759908c,85a89bd92780739ef5eaff2e82c4cc9e2bb0de3443b942fdbd0858cbad2bae01,3485403e39870448360141e347d4648140b0af20743bd06b6ec880fccee70b78,"Single Grover iteration, random marked state"
2.1.0,MC-E20,e20_full_20260807_074417,2026-08-07T07:47:19.180658+00:00,grover_8,Grover,8,56,1029,-17.375,-1737.5,13,698,-52.69230769230769,0,440,0.0,0,0,0.0,0,4,0.0,0.9999999999999248,2.5363364219665527,cirq,optimize_for_target_gateset+eject_z+merge_1q,1.6.1,default,ok,45,3,experiments/e20_multi_compiler_full/run.py,359d4060c67ca5d924d143122aab556b53579c5255965144a009fa0a7759908c,85a89bd92780739ef5eaff2e82c4cc9e2bb0de3443b942fdbd0858cbad2bae01,b20d0ba33a4c01e178bd3e7f501412df394776391384c908589759101438c6c3,"Single Grover iteration, random marked state"
2.1.0,MC-E20,e20_full_20260807_074417,2026-08-07T07:47:19.196448+00:00,adder_8,Adder,10,18,18,0.0,0.0,10,10,0.0,6,6,0.0,6,6,0.0,0,0,0.0,,0.015789508819580078,qiskit,transpiler,2.4.1,3,ok,45,3,experiments/e20_multi_compiler_full/run.py,359d4060c67ca5d924d143122aab556b53579c5255965144a009fa0a7759908c,11770238f7dbea37d54f0e243d01ba2d5d51a53f7060927b3f1d6b377c077ec7,9c7e16d769152f96fdb1715439c02df7d10d78187b5fc52daa1607eec54b9d74,"Ripple-carry adder, random inputs"
2.1.0,MC-E20,e20_full_20260807_074417,2026-08-07T07:47:19.315931+00:00,qwalk_8,QuantumWalk,9,106,4551,-41.93396226415094,-4193.396226415094,59,3163,-52.610169491525426,6,1962,-326.0,6,1962,-326.0,0,539,0.0,,0.06485843658447266,qiskit,transpiler,2.4.1,3,ok,45,3,experiments/e20_multi_compiler_full/run.py,359d4060c67ca5d924d143122aab556b53579c5255965144a009fa0a7759908c,a73273626191156f7cabac6ec40805558478fec6f9c5996809603a960abf850c,b2efcd4863688f6dd6d7905ba701bcbebf35f8823667935c8082b0b129e82493,"DTQW on cycle, 3 steps"
2.1.0,MC-E20,e20_full_20260807_074417,2026-08-07T07:47:19.386554+00:00,iqp_8,IQP,8,47,21,0.5531914893617021,55.319148936170215,14,5,0.6428571428571428,14,6,0.5714285714285714,0,0,0.0,0,0,0.0,0.9999999999999973,0.005475282669067383,qiskit,transpiler,2.4.1,3,ok,45,3,experiments/e20_multi_compiler_full/run.py,359d4060c67ca5d924d143122aab556b53579c5255965144a009fa0a7759908c,970a02ab31b50dad88c8f790f424ac5ccee03a1277432e0e16d8912dbcd659d2,19148a61b35fa2980234f5d649d59c7d0cf1fbc0f2aa28bc7c5e48856c57fe57,"IQP circuit, 3 diagonal layers"
2.1.0,MC-E20,e20_full_20260807_074417,2026-08-07T07:47:19.534018+00:00,iqp_8,IQP,8,47,35,0.25531914893617025,25.531914893617024,14,13,0.0714285714285714,14,14,0.0,0,0,0.0,0,4,0.0,0.9999999999999951,0.07722854614257812,cirq,optimize_for_target_gateset+eject_z+merge_1q,1.6.1,default,ok,45,3,experiments/e20_multi_compiler_full/run.py,359d4060c67ca5d924d143122aab556b53579c5255965144a009fa0a7759908c,970a02ab31b50dad88c8f790f424ac5ccee03a1277432e0e16d8912dbcd659d2,9779e89d87e78f7f3f57d0b74af23402107ee3011643676dab3eaaeae005a150,"IQP circuit, 3 diagonal layers"
2.1.0,MC-E20,e20_full_20260807_074417,2026-08-07T07:47:19.602759+00:00,clifford_8,RandomClifford,8,66,21,0.6818181818181819,68.18181818181819,11,5,0.5454545454545454,5,5,0.0,5,5,0.0,29,3,0.896551724137931,0.9999999999999931,0.004422903060913086,qiskit,transpiler,2.4.1,3,ok,45,3,experiments/e20_multi_compiler_full/run.py,359d4060c67ca5d924d143122aab556b53579c5255965144a009fa0a7759908c,3d3a6ef9c6f29f24b5fcfe0c39b5e94250c10b077604ea4efa326fa61c65cf3a,eaf5568b89202380be1cf7499e65bc54fbbc0b4ce5e5e1adfa3e53bc25314aad,"Random Clifford, depth=10"
2.1.0,MC-E20,e20_full_20260807_074417,2026-08-07T07:47:19.740726+00:00,clifford_8,RandomClifford,8,66,25,0.6212121212121212,62.121212121212125,11,7,0.36363636363636365,5,5,0.0,5,0,1.0,29,2,0.9310344827586207,0.9999999999999927,0.06269311904907227,cirq,optimize_for_target_gateset+eject_z+merge_1q,1.6.1,default,ok,45,3,experiments/e20_multi_compiler_full/run.py,359d4060c67ca5d924d143122aab556b53579c5255965144a009fa0a7759908c,3d3a6ef9c6f29f24b5fcfe0c39b5e94250c10b077604ea4efa326fa61c65cf3a,23eec320b5ac6ed6df26b9b3fed0e40317f1ffc8120b122400357c0ae69e9965,"Random Clifford, depth=10"
2.1.0,MC-E20,e20_full_20260807_074417,2026-08-07T07:47:19.752873+00:00,surface_code_8,SurfaceCode,9,11,11,0.0,0.0,10,10,0.0,8,8,0.0,8,8,0.0,0,0,0.0,,0.012146949768066406,qiskit,transpiler,2.4.1,3,ok,45,3,experiments/e20_multi_compiler_full/run.py,359d4060c67ca5d924d143122aab556b53579c5255965144a009fa0a7759908c,f91dacc7e38b7fa5f4732d7510a33dfef09b3ad09344a8ce48e9a9fc7d9dae28,f91dacc7e38b7fa5f4732d7510a33dfef09b3ad09344a8ce48e9a9fc7d9dae28,X-stabilizer syndrome extraction
2.1.0,MC-E20,e20_full_20260807_074417,2026-08-07T07:47:19.918962+00:00,uccsd_8,UCCSD_inspired,8,80,60,0.25,25.0,31,27,0.12903225806451613,36,28,0.2222222222222222,36,28,0.2222222222222222,0,0,0.0,1.0,0.0075647830963134766,qiskit,transpiler,2.4.1,3,ok,45,3,experiments/e20_multi_compiler_full/run.py,359d4060c67ca5d924d143122aab556b53579c5255965144a009fa0a7759908c,83ad8c8c1e905dfe13663f1336e639957a7a02938e1af82f1320e5bbdb63da38,a182ac91ef46f5ee551124dffbad4a3feb6387d144f7f496a5e48e5d357f0950,Parameterized ansatz INSPIRED BY (not true) UCCSD; see make_parameterized_ansatz docstring. Renamed from 'UCCSD' to 'UCCSD_inspired' per review L3 to avoid false claim.
2.1.0,MC-E20,e20_full_20260807_074417,2026-08-07T07:47:20.267525+00:00,uccsd_8,UCCSD_inspired,8,80,78,0.025000000000000022,2.500000000000002,31,32,-0.032258064516129004,36,36,0.0,36,0,1.0,0,0,0.0,1.0,0.19996190071105957,cirq,optimize_for_target_gateset+eject_z+merge_1q,1.6.1,default,ok,45,3,experiments/e20_multi_compiler_full/run.py,359d4060c67ca5d924d143122aab556b53579c5255965144a009fa0a7759908c,83ad8c8c1e905dfe13663f1336e639957a7a02938e1af82f1320e5bbdb63da38,fc4ce57e015a5379f51bf481462f2fdca7f3386bd43a87df7e1a0157242e7c05,Parameterized ansatz INSPIRED BY (not true) UCCSD; see make_parameterized_ansatz docstring. Renamed from 'UCCSD' to 'UCCSD_inspired' per review L3 to avoid false claim.
2.1.0,MC-E20,e20_full_20260807_074417,2026-08-07T07:47:20.307009+00:00,haar_4,HaarRandom,4,275,257,0.06545454545454543,6.545454545454543,189,189,0.0,95,95,0.0,95,95,0.0,0,0,0.0,0.9999999999999954,0.007975339889526367,qiskit,transpiler,2.4.1,3,ok,45,3,experiments/e20_multi_compiler_full/run.py,359d4060c67ca5d924d143122aab556b53579c5255965144a009fa0a7759908c,ce998453893bf6c4ca5dce428b7e9a808950fd3ca2556e5bec531be49c730b53,53eb85e7f7ca73cbe1cdf4e075317f6fe285b10bf0434bcb5d8d56cded95e631,"Haar-random unitary, exact synthesis"
2.1.0,MC-E20,e20_full_20260807_074417,2026-08-07T07:47:20.943866+00:00,haar_4,HaarRandom,4,275,287,-0.043636363636363695,-4.3636363636363695,189,190,-0.005291005291005346,95,95,0.0,95,0,1.0,0,0,0.0,0.9999999999999941,0.6018631458282471,cirq,optimize_for_target_gateset+eject_z+merge_1q,1.6.1,default,ok,45,3,experiments/e20_multi_compiler_full/run.py,359d4060c67ca5d924d143122aab556b53579c5255965144a009fa0a7759908c,ce998453893bf6c4ca5dce428b7e9a808950fd3ca2556e5bec531be49c730b53,56b2279dc96b25ebaf8a38f45fceb9bc339d8ff6bd259f6455e25fce22a46fad,"Haar-random unitary, exact synthesis"
2.1.0,MC-E20,e20_full_20260807_074417,2026-08-07T07:47:22.908955+00:00,haar_4,HaarRandom,4,275,257,0.06545454545454543,6.545454545454543,189,189,0.0,95,95,0.0,95,95,0.0,0,0,0.0,0.9999999999999964,1.9355370998382568,tket,FullPeepholeOptimise,2.18.0,default,ok,45,3,experiments/e20_multi_compiler_full/run.py,359d4060c67ca5d924d143122aab556b53579c5255965144a009fa0a7759908c,ce998453893bf6c4ca5dce428b7e9a808950fd3ca2556e5bec531be49c730b53,5b16ef1f426a715ea1e1671af7bc02be7d2e658eccceb8803f1f2f04b139bc3d,"Haar-random unitary, exact synthesis"
2.1.0,MC-E20,e20_full_20260807_074417,2026-08-07T07:47:23.097933+00:00,qft_4,QFT,4,10,10,0.0,0.0,7,7,0.0,6,6,0.0,0,0,0.0,0,0,0.0,0.9999999999999988,0.0064694881439208984,qiskit,transpiler,2.4.1,3,ok,46,4,experiments/e20_multi_compiler_full/run.py,359d4060c67ca5d924d143122aab556b53579c5255965144a009fa0a7759908c,ec754f7e3892ee8ca405ace36ffa2cf3d8489863d2f83852f623de773dd94b1e,001408f6c8b62c5aa1e72c56729dcc2520332ae2954b17daf86162a5a4f46ac6,
2.1.0,MC-E20,e20_full_20260807_074417,2026-08-07T07:47:23.157491+00:00,qft_4,QFT,4,10,34,-2.4,-240.0,7,20,-1.8571428571428572,6,12,-1.0,0,0,0.0,0,0,0.0,0.9999999999999981,0.05171990394592285,cirq,optimize_for_target_gateset+eject_z+merge_1q,1.6.1,default,ok,46,4,experiments/e20_multi_compiler_full/run.py,359d4060c67ca5d924d143122aab556b53579c5255965144a009fa0a7759908c,ec754f7e3892ee8ca405ace36ffa2cf3d8489863d2f83852f623de773dd94b1e,e7250dce10bcf0582287ec690b02c1ded37b1a4d82d911c36bee292143ba0f8c,
2.1.0,MC-E20,e20_full_20260807_074417,2026-08-07T07:47:23.331056+00:00,qft_4,QFT,4,10,31,-2.1,-210.0,7,19,-1.7142857142857144,6,12,-1.0,0,12,0.0,0,0,0.0,1.0,0.17356538772583008,tket,FullPeepholeOptimise,2.18.0,default,ok,46,4,experiments/e20_multi_compiler_full/run.py,359d4060c67ca5d924d143122aab556b53579c5255965144a009fa0a7759908c,ec754f7e3892ee8ca405ace36ffa2cf3d8489863d2f83852f623de773dd94b1e,1c29c769144f94e13e3a392f195ebc1c6cfc77bad3bffa3aa293760f9e7c4679,
2.1.0,MC-E20,e20_full_20260807_074417,2026-08-07T07:47:23.341240+00:00,ghz_4,GHZ,4,4,4,0.0,0.0,4,4,0.0,3,3,0.0,3,3,0.0,0,0,0.0,0.9999999999999996,0.009266138076782227,qiskit,transpiler,2.4.1,3,ok,46,4,experiments/e20_multi_compiler_full/run.py,359d4060c67ca5d924d143122aab556b53579c5255965144a009fa0a7759908c,632a65a86fd9bfab17ccedbd10b32b45490cc33030a23af0d675ad3e8ad7a445,632a65a86fd9bfab17ccedbd10b32b45490cc33030a23af0d675ad3e8ad7a445,
2.1.0,MC-E20,e20_full_20260807_074417,2026-08-07T07:47:23.364456+00:00,ghz_4,GHZ,4,4,11,-1.75,-175.0,4,7,-0.75,3,3,0.0,3,0,1.0,0,0,0.0,0.9999999999999988,0.023215770721435547,cirq,optimize_for_target_gateset+eject_z+merge_1q,1.6.1,default,ok,46,4,experiments/e20_multi_compiler_full/run.py,359d4060c67ca5d924d143122aab556b53579c5255965144a009fa0a7759908c,632a65a86fd9bfab17ccedbd10b32b45490cc33030a23af0d675ad3e8ad7a445,5ca7a53f4dbc7c75daa820a5c5948f68bebd5a9db5a6a058678c009a27a48441,
2.1.0,MC-E20,e20_full_20260807_074417,2026-08-07T07:47:23.439230+00:00,ghz_4,GHZ,4,4,4,0.0,0.0,4,4,0.0,3,3,0.0,3,3,0.0,0,0,0.0,1.0,0.07367658615112305,tket,FullPeepholeOptimise,2.18.0,default,ok,46,4,experiments/e20_multi_compiler_full/run.py,359d4060c67ca5d924d143122aab556b53579c5255965144a009fa0a7759908c,632a65a86fd9bfab17ccedbd10b32b45490cc33030a23af0d675ad3e8ad7a445,0ca2e20394ef52eecba8c72454ae73e952a311d06ff639876717b3ceaa156322,
2.1.0,MC-E20,e20_full_20260807_074417,2026-08-07T07:47:23.447498+00:00,cnot_chain_4,CNOT,4,24,0,1.0,100.0,18,0,1.0,24,0,1.0,24,0,1.0,0,0,0.0,1.0,0.0059735774993896484,qiskit,transpiler,2.4.1,3,ok,46,4,experiments/e20_multi_compiler_full/run.py,359d4060c67ca5d924d143122aab556b53579c5255965144a009fa0a7759908c,c15ccd1efbe0b71c21464e888a978afbe6b6cf006bd895873c7d9b8e51efbaf0,80cb67051feabb1a835727fede3367602f1e692e3ec9d1d7247266c73803bd7d,
2.1.0,MC-E20,e20_full_20260807_074417,2026-08-07T07:47:23.478519+00:00,cnot_chain_4,CNOT,4,24,0,1.0,100.0,18,0,1.0,24,0,1.0,24,0,1.0,0,0,0.0,,0.029538393020629883,cirq,optimize_for_target_gateset+eject_z+merge_1q,1.6.1,default,ok,46,4,experiments/e20_multi_compiler_full/run.py,359d4060c67ca5d924d143122aab556b53579c5255965144a009fa0a7759908c,c15ccd1efbe0b71c21464e888a978afbe6b6cf006bd895873c7d9b8e51efbaf0,6f8e18c5611960a199a59d79e4d4e52c427ac524f6c9f379d05c73dc41c9fc91,
2.1.0,MC-E20,e20_full_20260807_074417,2026-08-07T07:47:23.483533+00:00,cnot_chain_4,CNOT,4,24,0,1.0,100.0,18,0,1.0,24,0,1.0,24,0,1.0,0,0,0.0,1.0,0.0019724369049072266,tket,FullPeepholeOptimise,2.18.0,default,ok,46,4,experiments/e20_multi_compiler_full/run.py,359d4060c67ca5d924d143122aab556b53579c5255965144a009fa0a7759908c,c15ccd1efbe0b71c21464e888a978afbe6b6cf006bd895873c7d9b8e51efbaf0,80cb67051feabb1a835727fede3367602f1e692e3ec9d1d7247266c73803bd7d,
2.1.0,MC-E20,e20_full_20260807_074417,2026-08-07T07:47:23.491633+00:00,bv_4,Oracle,5,14,8,0.4285714285714286,42.85714285714286,6,4,0.33333333333333337,2,2,0.0,2,2,0.0,0,0,0.0,0.9999999999999979,0.005999326705932617,qiskit,transpiler,2.4.1,3,ok,46,4,experiments/e20_multi_compiler_full/run.py,359d4060c67ca5d924d143122aab556b53579c5255965144a009fa0a7759908c,9d77864e2e4a0d42b52c73e55234db679d6e1573c366b4f96c2fbc69e97a49c0,7ecfb897699df9e6a2acb01d6e2e9836a7fb77a1ce4128151eab60090ecaed11,
2.1.0,MC-E20,e20_full_20260807_074417,2026-08-07T07:47:23.520702+00:00,bv_4,Oracle,5,14,9,0.3571428571428571,35.71428571428571,6,5,0.16666666666666663,2,2,0.0,2,0,1.0,0,0,0.0,,0.027714252471923828,cirq,optimize_for_target_gateset+eject_z+merge_1q,1.6.1,default,ok,46,4,experiments/e20_multi_compiler_full/run.py,359d4060c67ca5d924d143122aab556b53579c5255965144a009fa0a7759908c,9d77864e2e4a0d42b52c73e55234db679d6e1573c366b4f96c2fbc69e97a49c0,0982069dfcff4efe2118be2a3bd5bd2cbea87a03389b25d506a06184617e25ec,
2.1.0,MC-E20,e20_full_20260807_074417,2026-08-07T07:47:23.582568+00:00,bv_4,Oracle,5,14,8,0.4285714285714286,42.85714285714286,6,4,0.33333333333333337,2,2,0.0,2,2,0.0,0,0,0.0,0.9999999999999987,0.060843467712402344,tket,FullPeepholeOptimise,2.18.0,default,ok,46,4,experiments/e20_multi_compiler_full/run.py,359d4060c67ca5d924d143122aab556b53579c5255965144a009fa0a7759908c,9d77864e2e4a0d42b52c73e55234db679d6e1573c366b4f96c2fbc69e97a49c0,25e0359de6ce639aad61fb7cde005d5d485667b3088d79dfab571dba144ee630,
2.1.0,MC-E20,e20_full_20260807_074417,2026-08-07T07:47:23.599102+00:00,qaoa_line_4,QAOA,4,30,30,0.0,0.0,18,18,0.0,12,12,0.0,12,12,0.0,0,0,0.0,1.0000000000000018,0.014147281646728516,qiskit,transpiler,2.4.1,3,ok,46,4,experiments/e20_multi_compiler_full/run.py,359d4060c67ca5d924d143122aab556b53579c5255965144a009fa0a7759908c,0dd61f11a648d66ee0b5d329aad225eaa6f5906748ed91cfaebbd70688fe676b,0dd61f11a648d66ee0b5d329aad225eaa6f5906748ed91cfaebbd70688fe676b,
2.1.0,MC-E20,e20_full_20260807_074417,2026-08-07T07:47:23.673625+00:00,qaoa_line_4,QAOA,4,30,39,-0.30000000000000004,-30.000000000000004,18,22,-0.22222222222222232,12,12,0.0,12,0,1.0,0,0,0.0,0.9999999999999998,0.0629734992980957,cirq,optimize_for_target_gateset+eject_z+merge_1q,1.6.1,default,ok,46,4,experiments/e20_multi_compiler_full/run.py,359d4060c67ca5d924d143122aab556b53579c5255965144a009fa0a7759908c,0dd61f11a648d66ee0b5d329aad225eaa6f5906748ed91cfaebbd70688fe676b,af78280f8ac3e0172f5ebb5aa62fbc26e8d7d4e8866c064a45a1fb0277f695d0,
2.1.0,MC-E20,e20_full_20260807_074417,2026-08-07T07:47:23.895656+00:00,qaoa_line_4,QAOA,4,30,28,0.06666666666666665,6.666666666666665,18,18,0.0,12,12,0.0,12,12,0.0,0,0,0.0,1.0000000000000018,0.21895360946655273,tket,FullPeepholeOptimise,2.18.0,default,ok,46,4,experiments/e20_multi_compiler_full/run.py,359d4060c67ca5d924d143122aab556b53579c5255965144a009fa0a7759908c,0dd61f11a648d66ee0b5d329aad225eaa6f5906748ed91cfaebbd70688fe676b,c8d8dbce552c97b03275aad991e22b37eb8052d658c54b4458c822f46a98c6a6,
2.1.0,MC-E20,e20_full_20260807_074417,2026-08-07T07:47:23.906702+00:00,vqe_twolocal_4,VQE,4,30,18,0.4,40.0,11,8,0.2727272727272727,6,6,0.0,6,6,0.0,0,0,0.0,1.0,0.007128000259399414,qiskit,transpiler,2.4.1,3,ok,46,4,experiments/e20_multi_compiler_full/run.py,359d4060c67ca5d924d143122aab556b53579c5255965144a009fa0a7759908c,ac21e2eaa8a24cdf3f34f2f4a2718f2f87ee9ad78b02cb67f68f891a19d9a00b,f7b9bd9ffa6a84a9357fd01b6b50980c71e4b7cd5109e2057989aab21c8ce400,
2.1.0,MC-E20,e20_full_20260807_074417,2026-08-07T07:47:23.978669+00:00,vqe_twolocal_4,VQE,4,30,29,0.033333333333333326,3.3333333333333326,11,13,-0.18181818181818188,6,6,0.0,6,0,1.0,0,0,0.0,0.9999999999999993,0.06807160377502441,cirq,optimize_for_target_gateset+eject_z+merge_1q,1.6.1,default,ok,46,4,experiments/e20_multi_compiler_full/run.py,359d4060c67ca5d924d143122aab556b53579c5255965144a009fa0a7759908c,ac21e2eaa8a24cdf3f34f2f4a2718f2f87ee9ad78b02cb67f68f891a19d9a00b,454172100b75ef4bde13c3a202914ab0674bf5983688cf6f9a67f77ac56efc7b,
2.1.0,MC-E20,e20_full_20260807_074417,2026-08-07T07:47:24.363410+00:00,vqe_twolocal_4,VQE,4,30,18,0.4,40.0,11,8,0.2727272727272727,6,6,0.0,6,6,0.0,0,0,0.0,1.0,0.37699151039123535,tket,FullPeepholeOptimise,2.18.0,default,ok,46,4,experiments/e20_multi_compiler_full/run.py,359d4060c67ca5d924d143122aab556b53579c5255965144a009fa0a7759908c,ac21e2eaa8a24cdf3f34f2f4a2718f2f87ee9ad78b02cb67f68f891a19d9a00b,640c53a6f867c03771f6e10839a90b9dd69df1b0fc678184a82512c4b54b37d5,
2.1.0,MC-E20,e20_full_20260807_074417,2026-08-07T07:47:24.382703+00:00,hardware_eff_4,HardwareEfficient,4,22,14,0.36363636363636365,36.36363636363637,8,6,0.25,6,6,0.0,6,6,0.0,0,0,0.0,1.0,0.013128995895385742,qiskit,transpiler,2.4.1,3,ok,46,4,experiments/e20_multi_compiler_full/run.py,359d4060c67ca5d924d143122aab556b53579c5255965144a009fa0a7759908c,1acf702d709949cb5318f7dfe6908169b8d63569ab675c39901ea58b6d3d7f70,6352929220b10d0177b5b51d0291042c650e898844540f717975bd7880dc508f,
2.1.0,MC-E20,e20_full_20260807_074417,2026-08-07T07:47:24.459198+00:00,hardware_eff_4,HardwareEfficient,4,22,25,-0.13636363636363646,-13.636363636363647,8,10,-0.25,6,6,0.0,6,0,1.0,0,0,0.0,0.999999999999999,0.0759735107421875,cirq,optimize_for_target_gateset+eject_z+merge_1q,1.6.1,default,ok,46,4,experiments/e20_multi_compiler_full/run.py,359d4060c67ca5d924d143122aab556b53579c5255965144a009fa0a7759908c,1acf702d709949cb5318f7dfe6908169b8d63569ab675c39901ea58b6d3d7f70,b771c796d14cef98df7230e2f61e821d186ed86228856dafd8543d313ef940be,
2.1.0,MC-E20,e20_full_20260807_074417,2026-08-07T07:47:24.722454+00:00,hardware_eff_4,HardwareEfficient,4,22,14,0.36363636363636365,36.36363636363637,8,6,0.25,6,6,0.0,6,6,0.0,0,0,0.0,0.9999999999999998,0.25948596000671387,tket,FullPeepholeOptimise,2.18.0,default,ok,46,4,experiments/e20_multi_compiler_full/run.py,359d4060c67ca5d924d143122aab556b53579c5255965144a009fa0a7759908c,1acf702d709949cb5318f7dfe6908169b8d63569ab675c39901ea58b6d3d7f70,2aa9bbe1a564aca8af261e80891711d13c7e256cac49c1612ae50155ddb15ae2,
2.1.0,MC-E20,e20_full_20260807_074417,2026-08-07T07:47:24.746453+00:00,grover_4,Grover,4,26,62,-1.3846153846153846,-138.46153846153845,11,53,-3.8181818181818183,0,28,0.0,0,28,0.0,0,0,0.0,0.9999999999999941,0.009984016418457031,qiskit,transpiler,2.4.1,3,ok,46,4,experiments/e20_multi_compiler_full/run.py,359d4060c67ca5d924d143122aab556b53579c5255965144a009fa0a7759908c,4fc984c9fc66dcb6b9dc0fdd66788f8b980e178607adfe44a28f04863de6ebdc,cf11fc1e3ffc81d278ea20c83e7efd431de8b254ac6ffd312cfeb31a7ffcbc5d,"Single Grover iteration, random marked state"
2.1.0,MC-E20,e20_full_20260807_074417,2026-08-07T07:47:24.927387+00:00,grover_4,Grover,4,26,71,-1.7307692307692308,-173.0769230769231,11,57,-4.181818181818182,0,28,0.0,0,0,0.0,0,0,0.0,0.9999999999999933,0.17743372917175293,cirq,optimize_for_target_gateset+eject_z+merge_1q,1.6.1,default,ok,46,4,experiments/e20_multi_compiler_full/run.py,359d4060c67ca5d924d143122aab556b53579c5255965144a009fa0a7759908c,4fc984c9fc66dcb6b9dc0fdd66788f8b980e178607adfe44a28f04863de6ebdc,6d1733aa3795ff2aa1d6f93e48ea05f0b3d5a24080e7ae6f38d68431a15754fc,"Single Grover iteration, random marked state"
2.1.0,MC-E20,e20_full_20260807_074417,2026-08-07T07:47:25.524877+00:00,grover_4,Grover,4,26,64,-1.4615384615384617,-146.15384615384616,11,55,-4.0,0,28,0.0,0,28,0.0,0,0,0.0,0.9999999999999962,0.5965774059295654,tket,FullPeepholeOptimise,2.18.0,default,ok,46,4,experiments/e20_multi_compiler_full/run.py,359d4060c67ca5d924d143122aab556b53579c5255965144a009fa0a7759908c,4fc984c9fc66dcb6b9dc0fdd66788f8b980e178607adfe44a28f04863de6ebdc,2243db2dd1191bae400897b781a072c3842c6cb2daf363f6d5cf1c6bcb36e65a,"Single Grover iteration, random marked state"
2.1.0,MC-E20,e20_full_20260807_074417,2026-08-07T07:47:25.535658+00:00,adder_4,Adder,4,6,6,0.0,0.0,6,6,0.0,2,2,0.0,2,2,0.0,0,0,0.0,1.0,0.010781526565551758,qiskit,transpiler,2.4.1,3,ok,46,4,experiments/e20_multi_compiler_full/run.py,359d4060c67ca5d924d143122aab556b53579c5255965144a009fa0a7759908c,376ceef4983731f7550ead348027cf64df326a3131ced4b5445918208feab683,376ceef4983731f7550ead348027cf64df326a3131ced4b5445918208feab683,"Ripple-carry adder, random inputs"
2.1.0,MC-E20,e20_full_20260807_074417,2026-08-07T07:47:25.682207+00:00,adder_4,Adder,4,6,79,-12.166666666666666,-1216.6666666666665,6,51,-7.5,2,26,-12.0,2,0,1.0,0,2,0.0,0.999999999999996,0.13810467720031738,cirq,optimize_for_target_gateset+eject_z+merge_1q,1.6.1,default,ok,46,4,experiments/e20_multi_compiler_full/run.py,359d4060c67ca5d924d143122aab556b53579c5255965144a009fa0a7759908c,376ceef4983731f7550ead348027cf64df326a3131ced4b5445918208feab683,b9876865b9d2e040ea9e61d100e3e9a4d91207e8c14714e317b2f9e67f7835ad,"Ripple-carry adder, random inputs"
2.1.0,MC-E20,e20_full_20260807_074417,2026-08-07T07:47:25.955290+00:00,adder_4,Adder,4,6,38,-5.333333333333333,-533.3333333333333,6,29,-3.833333333333333,2,18,-8.0,2,18,-8.0,0,0,0.0,1.0000000000000009,0.2699921131134033,tket,FullPeepholeOptimise,2.18.0,default,ok,46,4,experiments/e20_multi_compiler_full/run.py,359d4060c67ca5d924d143122aab556b53579c5255965144a009fa0a7759908c,376ceef4983731f7550ead348027cf64df326a3131ced4b5445918208feab683,08c52da0df20a0891132625e6a1f0e3318f2a8b67be15a2e2e1ee662c829b77c,"Ripple-carry adder, random inputs"
2.1.0,MC-E20,e20_full_20260807_074417,2026-08-07T07:47:26.063097+00:00,qwalk_4,QuantumWalk,5,58,453,-6.810344827586207,-681.0344827586207,35,387,-10.057142857142857,6,252,-41.0,6,198,-32.0,0,36,0.0,0.9999999999999505,0.014507770538330078,qiskit,transpiler,2.4.1,3,ok,46,4,experiments/e20_multi_compiler_full/run.py,359d4060c67ca5d924d143122aab556b53579c5255965144a009fa0a7759908c,cf62e1fcc8cef53cef2558af69e2ee8fb1c313044ecbedd256955ff9e06e28b4,de719407143d3a3e72be3e5448a84b4124f8c633d4d17cf1322fbd2c06053200,"DTQW on cycle, 3 steps"
2.1.0,MC-E20,e20_full_20260807_074417,2026-08-07T07:47:27.947224+00:00,qwalk_4,QuantumWalk,5,58,823,-13.189655172413794,-1318.9655172413793,35,638,-17.228571428571428,6,354,-58.0,6,0,1.0,0,0,0.0,0.9999999999999475,1.7820007801055908,cirq,optimize_for_target_gateset+eject_z+merge_1q,1.6.1,default,ok,46,4,experiments/e20_multi_compiler_full/run.py,359d4060c67ca5d924d143122aab556b53579c5255965144a009fa0a7759908c,cf62e1fcc8cef53cef2558af69e2ee8fb1c313044ecbedd256955ff9e06e28b4,668cd57708c70200b7e381cb7ae556e5881acd104d92c6cfa7f0ac91483b58ee,"DTQW on cycle, 3 steps"
2.1.0,MC-E20,e20_full_20260807_074417,2026-08-07T07:47:34.665286+00:00,qwalk_4,QuantumWalk,5,58,686,-10.827586206896552,-1082.7586206896551,35,534,-14.257142857142858,6,330,-54.0,6,330,-54.0,0,0,0.0,0.9999999999999716,6.625269412994385,tket,FullPeepholeOptimise,2.18.0,default,ok,46,4,experiments/e20_multi_compiler_full/run.py,359d4060c67ca5d924d143122aab556b53579c5255965144a009fa0a7759908c,cf62e1fcc8cef53cef2558af69e2ee8fb1c313044ecbedd256955ff9e06e28b4,f4ce3cdc291dc3dea2a1e0548d89245008e417789f3f25e81aa83c7c469562f9,"DTQW on cycle, 3 steps"
2.1.0,MC-E20,e20_full_20260807_074417,2026-08-07T07:47:34.665286+00:00,iqp_4,IQP,4,21,7,0.6666666666666667,66.66666666666667,9,3,0.6666666666666667,5,1,0.8,0,0,0.0,0,0,0.0,0.9999999999999988,0.0,qiskit,transpiler,2.4.1,3,ok,46,4,experiments/e20_multi_compiler_full/run.py,359d4060c67ca5d924d143122aab556b53579c5255965144a009fa0a7759908c,6012d58546bfc11b87537b7665cbdd49642dd17bf2cb0646ffe84b60aa6dafa6,da46fddf1272e3868af925d442e4d9077d418ca8798ce9e98d9f085c4d25ede6,"IQP circuit, 3 diagonal layers"
2.1.0,MC-E20,e20_full_20260807_074417,2026-08-07T07:47:34.704211+00:00,iqp_4,IQP,4,21,9,0.5714285714285714,57.14285714285714,9,4,0.5555555555555556,5,1,0.8,0,0,0.0,0,0,0.0,0.9999999999999988,0.0389256477355957,cirq,optimize_for_target_gateset+eject_z+merge_1q,1.6.1,default,ok,46,4,experiments/e20_multi_compiler_full/run.py,359d4060c67ca5d924d143122aab556b53579c5255965144a009fa0a7759908c,6012d58546bfc11b87537b7665cbdd49642dd17bf2cb0646ffe84b60aa6dafa6,2a918e7ba922fbc7df020590bc4f36343ab964a52ee0837cc8d03879ae947c86,"IQP circuit, 3 diagonal layers"
2.1.0,MC-E20,e20_full_20260807_074417,2026-08-07T07:47:34.743692+00:00,iqp_4,IQP,4,21,6,0.7142857142857143,71.42857142857143,9,3,0.6666666666666667,5,1,0.8,0,1,0.0,0,0,0.0,0.9999999999999996,0.036812782287597656,tket,FullPeepholeOptimise,2.18.0,default,ok,46,4,experiments/e20_multi_compiler_full/run.py,359d4060c67ca5d924d143122aab556b53579c5255965144a009fa0a7759908c,6012d58546bfc11b87537b7665cbdd49642dd17bf2cb0646ffe84b60aa6dafa6,363dd93bccbdc91c0acdaa7e318077c028ea75dee4cf424db6de90fef6102745,"IQP circuit, 3 diagonal layers"
2.1.0,MC-E20,e20_full_20260807_074417,2026-08-07T07:47:34.752713+00:00,clifford_4,RandomClifford,4,27,3,0.8888888888888888,88.88888888888889,12,1,0.9166666666666666,4,1,0.75,4,0,1.0,6,0,1.0,1.0,0.006514549255371094,qiskit,transpiler,2.4.1,3,ok,46,4,experiments/e20_multi_compiler_full/run.py,359d4060c67ca5d924d143122aab556b53579c5255965144a009fa0a7759908c,622ebb1f5bb7f1c8533f95977837c5889e26166a287e8efea3e3f072123d05c4,bede17468011d2c3ba691b0ef3e780e4e55ed8c9bd1c7c44b968044f44a6272d,"Random Clifford, depth=10"
2.1.0,MC-E20,e20_full_20260807_074417,2026-08-07T07:47:34.771848+00:00,clifford_4,RandomClifford,4,27,7,0.7407407407407407,74.07407407407408,12,4,0.6666666666666667,4,1,0.75,4,0,1.0,6,0,1.0,0.9999999999999971,0.019135475158691406,cirq,optimize_for_target_gateset+eject_z+merge_1q,1.6.1,default,ok,46,4,experiments/e20_multi_compiler_full/run.py,359d4060c67ca5d924d143122aab556b53579c5255965144a009fa0a7759908c,622ebb1f5bb7f1c8533f95977837c5889e26166a287e8efea3e3f072123d05c4,2d47212bcc5b010328fcc9a2c99d4388ee09d5eb4c1024c8369c1d066098f53a,"Random Clifford, depth=10"
2.1.0,MC-E20,e20_full_20260807_074417,2026-08-07T07:47:34.814851+00:00,clifford_4,RandomClifford,4,27,5,0.8148148148148149,81.4814814814815,12,3,0.75,4,1,0.75,4,1,0.75,6,0,1.0,0.9999999999999974,0.0396878719329834,tket,FullPeepholeOptimise,2.18.0,default,ok,46,4,experiments/e20_multi_compiler_full/run.py,359d4060c67ca5d924d143122aab556b53579c5255965144a009fa0a7759908c,622ebb1f5bb7f1c8533f95977837c5889e26166a287e8efea3e3f072123d05c4,75e494a9a8738b13a4a126bbfbf88dc2b4efa15305ad96726e836267bbe13fe0,"Random Clifford, depth=10"
2.1.0,MC-E20,e20_full_20260807_074417,2026-08-07T07:47:34.814851+00:00,surface_code_4,SurfaceCode,5,8,8,0.0,0.0,6,6,0.0,4,4,0.0,4,4,0.0,0,0,0.0,0.9999999999999996,0.0,qiskit,transpiler,2.4.1,3,ok,46,4,experiments/e20_multi_compiler_full/run.py,359d4060c67ca5d924d143122aab556b53579c5255965144a009fa0a7759908c,53512946277a42301fa68f686c9c171828fb0d28518fc4a09de7421a08f04155,53512946277a42301fa68f686c9c171828fb0d28518fc4a09de7421a08f04155,X-stabilizer syndrome extraction
2.1.0,MC-E20,e20_full_20260807_074417,2026-08-07T07:47:34.848256+00:00,surface_code_4,SurfaceCode,5,8,8,0.0,0.0,6,6,0.0,4,4,0.0,4,0,1.0,0,0,0.0,0.9999999999999998,0.03340506553649902,cirq,optimize_for_target_gateset+eject_z+merge_1q,1.6.1,default,ok,46,4,experiments/e20_multi_compiler_full/run.py,359d4060c67ca5d924d143122aab556b53579c5255965144a009fa0a7759908c,53512946277a42301fa68f686c9c171828fb0d28518fc4a09de7421a08f04155,fc4ad4e25b1c01c201828f72cb955b4a897ea387d977421750b69a91ad3be8d0,X-stabilizer syndrome extraction
2.1.0,MC-E20,e20_full_20260807_074417,2026-08-07T07:47:34.961240+00:00,surface_code_4,SurfaceCode,5,8,8,0.0,0.0,6,6,0.0,4,4,0.0,4,4,0.0,0,0,0.0,1.0,0.1108558177947998,tket,FullPeepholeOptimise,2.18.0,default,ok,46,4,experiments/e20_multi_compiler_full/run.py,359d4060c67ca5d924d143122aab556b53579c5255965144a009fa0a7759908c,53512946277a42301fa68f686c9c171828fb0d28518fc4a09de7421a08f04155,a12928549e1ba2a3f20ae2f92a15fda6999d96705ff5fa36eb26b1be89dc701f,X-stabilizer syndrome extraction
2.1.0,MC-E20,e20_full_20260807_074417,2026-08-07T07:47:34.969238+00:00,uccsd_4,UCCSD_inspired,4,28,22,0.2142857142857143,21.42857142857143,16,15,0.0625,14,10,0.2857142857142857,14,10,0.2857142857142857,0,0,0.0,0.9999999999999996,0.006998777389526367,qiskit,transpiler,2.4.1,3,ok,46,4,experiments/e20_multi_compiler_full/run.py,359d4060c67ca5d924d143122aab556b53579c5255965144a009fa0a7759908c,bc26da1fae0e76f1d048a07dcda5130c0d423fe364fb044ae749cc4b4354e0c5,359c760bf044d505440bc53f17f6ff7c899b9b14d91cb8d486c25e9405b42217,Parameterized ansatz INSPIRED BY (not true) UCCSD; see make_parameterized_ansatz docstring. Renamed from 'UCCSD' to 'UCCSD_inspired' per review L3 to avoid false claim.
2.1.0,MC-E20,e20_full_20260807_074417,2026-08-07T07:47:35.051336+00:00,uccsd_4,UCCSD_inspired,4,28,35,-0.25,-25.0,16,21,-0.3125,14,14,0.0,14,0,1.0,0,1,0.0,0.9999999999999986,0.07799983024597168,cirq,optimize_for_target_gateset+eject_z+merge_1q,1.6.1,default,ok,46,4,experiments/e20_multi_compiler_full/run.py,359d4060c67ca5d924d143122aab556b53579c5255965144a009fa0a7759908c,bc26da1fae0e76f1d048a07dcda5130c0d423fe364fb044ae749cc4b4354e0c5,0aa0e2b1a6f50a99bee7f10897f4475b230c3759f2e5e26037d08e702aee3a88,Parameterized ansatz INSPIRED BY (not true) UCCSD; see make_parameterized_ansatz docstring. Renamed from 'UCCSD' to 'UCCSD_inspired' per review L3 to avoid false claim.
2.1.0,MC-E20,e20_full_20260807_074417,2026-08-07T07:47:35.322839+00:00,uccsd_4,UCCSD_inspired,4,28,22,0.2142857142857143,21.42857142857143,16,15,0.0625,14,10,0.2857142857142857,14,10,0.2857142857142857,0,0,0.0,0.9999999999999996,0.2678189277648926,tket,FullPeepholeOptimise,2.18.0,default,ok,46,4,experiments/e20_multi_compiler_full/run.py,359d4060c67ca5d924d143122aab556b53579c5255965144a009fa0a7759908c,bc26da1fae0e76f1d048a07dcda5130c0d423fe364fb044ae749cc4b4354e0c5,6d93a93283358c68dcbd13abf7790009d482e19ffcd24967ea03e3472e2437ac,Parameterized ansatz INSPIRED BY (not true) UCCSD; see make_parameterized_ansatz docstring. Renamed from 'UCCSD' to 'UCCSD_inspired' per review L3 to avoid false claim.
2.1.0,MC-E20,e20_full_20260807_074417,2026-08-07T07:47:35.335331+00:00,qft_6,QFT,6,21,21,0.0,0.0,11,11,0.0,15,15,0.0,0,0,0.0,0,0,0.0,0.9999999999999996,0.0,qiskit,transpiler,2.4.1,3,ok,46,4,experiments/e20_multi_compiler_full/run.py,359d4060c67ca5d924d143122aab556b53579c5255965144a009fa0a7759908c,e761adf8efeac5c21762208c08429dd4686d16eb4cbc1582e6d4ebc809852f66,ce325feb7eafc0f7673a16bbc3b51544984abb6d137b6ba7752bea283600c12b,
2.1.0,MC-E20,e20_full_20260807_074417,2026-08-07T07:47:35.451118+00:00,qft_6,QFT,6,21,76,-2.619047619047619,-261.9047619047619,11,34,-2.090909090909091,15,30,-1.0,0,0,0.0,0,0,0.0,0.9999999999999976,0.11034226417541504,cirq,optimize_for_target_gateset+eject_z+merge_1q,1.6.1,default,ok,46,4,experiments/e20_multi_compiler_full/run.py,359d4060c67ca5d924d143122aab556b53579c5255965144a009fa0a7759908c,e761adf8efeac5c21762208c08429dd4686d16eb4cbc1582e6d4ebc809852f66,aa7317ad49e1ba6539551cea6f3f914671dec96f4f4e8bc50ade316d1bb9da09,
2.1.0,MC-E20,e20_full_20260807_074417,2026-08-07T07:47:35.949958+00:00,qft_6,QFT,6,21,71,-2.380952380952381,-238.0952380952381,11,33,-2.0,15,30,-1.0,0,30,0.0,0,0,0.0,1.0,0.4884176254272461,tket,FullPeepholeOptimise,2.18.0,default,ok,46,4,experiments/e20_multi_compiler_full/run.py,359d4060c67ca5d924d143122aab556b53579c5255965144a009fa0a7759908c,e761adf8efeac5c21762208c08429dd4686d16eb4cbc1582e6d4ebc809852f66,1e4c9ed3e36094a6271070b1f1ab2b30e856264476b0c22125357dc3af1d9cc7,
2.1.0,MC-E20,e20_full_20260807_074417,2026-08-07T07:47:35.956772+00:00,ghz_6,GHZ,6,6,6,0.0,0.0,6,6,0.0,5,5,0.0,5,5,0.0,0,0,0.0,0.9999999999999998,0.006814479827880859,qiskit,transpiler,2.4.1,3,ok,46,4,experiments/e20_multi_compiler_full/run.py,359d4060c67ca5d924d143122aab556b53579c5255965144a009fa0a7759908c,df499dded1e0518f2f6266b9f0e35d3c81e6057b5ba6e6decbb0f26370e5bb03,df499dded1e0518f2f6266b9f0e35d3c81e6057b5ba6e6decbb0f26370e5bb03,
2.1.0,MC-E20,e20_full_20260807_074417,2026-08-07T07:47:35.991692+00:00,ghz_6,GHZ,6,6,17,-1.8333333333333335,-183.33333333333334,6,11,-0.8333333333333333,5,5,0.0,5,0,1.0,0,0,0.0,0.9999999999999973,0.028286457061767578,cirq,optimize_for_target_gateset+eject_z+merge_1q,1.6.1,default,ok,46,4,experiments/e20_multi_compiler_full/run.py,359d4060c67ca5d924d143122aab556b53579c5255965144a009fa0a7759908c,df499dded1e0518f2f6266b9f0e35d3c81e6057b5ba6e6decbb0f26370e5bb03,c50c1659240f976169f89857782a0a444ef9d6f07ecfed87fa6ae5bbbec4d547,
2.1.0,MC-E20,e20_full_20260807_074417,2026-08-07T07:47:36.100393+00:00,ghz_6,GHZ,6,6,6,0.0,0.0,6,6,0.0,5,5,0.0,5,5,0.0,0,0,0.0,1.0,0.10870099067687988,tket,FullPeepholeOptimise,2.18.0,default,ok,46,4,experiments/e20_multi_compiler_full/run.py,359d4060c67ca5d924d143122aab556b53579c5255965144a009fa0a7759908c,df499dded1e0518f2f6266b9f0e35d3c81e6057b5ba6e6decbb0f26370e5bb03,f5606110b4c9de2d9c41d6892ae7b8cd5a5d8a4dec34af69160c119d936ae28b,
2.1.0,MC-E20,e20_full_20260807_074417,2026-08-07T07:47:36.114149+00:00,cnot_chain_6,CNOT,6,40,0,1.0,100.0,22,0,1.0,40,0,1.0,40,0,1.0,0,0,0.0,1.0,0.0070590972900390625,qiskit,transpiler,2.4.1,3,ok,46,4,experiments/e20_multi_compiler_full/run.py,359d4060c67ca5d924d143122aab556b53579c5255965144a009fa0a7759908c,a9cbe813352eb8bbddbb6de7feecde853f066b5cf29e96a7a2f84a6cd354761a,995ca4ef9eaba10dd58f1ab322947f30c40e0f095185660849ca98aed2848347,
2.1.0,MC-E20,e20_full_20260807_074417,2026-08-07T07:47:36.157307+00:00,cnot_chain_6,CNOT,6,40,0,1.0,100.0,22,0,1.0,40,0,1.0,40,0,1.0,0,0,0.0,,0.04315781593322754,cirq,optimize_for_target_gateset+eject_z+merge_1q,1.6.1,default,ok,46,4,experiments/e20_multi_compiler_full/run.py,359d4060c67ca5d924d143122aab556b53579c5255965144a009fa0a7759908c,a9cbe813352eb8bbddbb6de7feecde853f066b5cf29e96a7a2f84a6cd354761a,6f8e18c5611960a199a59d79e4d4e52c427ac524f6c9f379d05c73dc41c9fc91,
2.1.0,MC-E20,e20_full_20260807_074417,2026-08-07T07:47:36.165817+00:00,cnot_chain_6,CNOT,6,40,0,1.0,100.0,22,0,1.0,40,0,1.0,40,0,1.0,0,0,0.0,1.0,0.003981590270996094,tket,FullPeepholeOptimise,2.18.0,default,ok,46,4,experiments/e20_multi_compiler_full/run.py,359d4060c67ca5d924d143122aab556b53579c5255965144a009fa0a7759908c,a9cbe813352eb8bbddbb6de7feecde853f066b5cf29e96a7a2f84a6cd354761a,995ca4ef9eaba10dd58f1ab322947f30c40e0f095185660849ca98aed2848347,
2.1.0,MC-E20,e20_full_20260807_074417,2026-08-07T07:47:36.178907+00:00,bv_6,Oracle,7,20,14,0.30000000000000004,30.000000000000004,8,6,0.25,4,4,0.0,4,4,0.0,0,0,0.0,0.9999999999999962,0.006616115570068359,qiskit,transpiler,2.4.1,3,ok,46,4,experiments/e20_multi_compiler_full/run.py,359d4060c67ca5d924d143122aab556b53579c5255965144a009fa0a7759908c,c34cc0fd3135a3cfe1299fa741a94744c16b14b6a16915485b948cd686c10bb4,10181e3c7794c6cef7a7b961cf78c62c878dfe41e1c5025489accd97268df303,
2.1.0,MC-E20,e20_full_20260807_074417,2026-08-07T07:47:36.215761+00:00,bv_6,Oracle,7,20,17,0.15000000000000002,15.000000000000002,8,7,0.125,4,4,0.0,4,0,1.0,0,0,0.0,,0.03685402870178223,cirq,optimize_for_target_gateset+eject_z+merge_1q,1.6.1,default,ok,46,4,experiments/e20_multi_compiler_full/run.py,359d4060c67ca5d924d143122aab556b53579c5255965144a009fa0a7759908c,c34cc0fd3135a3cfe1299fa741a94744c16b14b6a16915485b948cd686c10bb4,8dae5fbe05eaf2512a4054cecaa3ad8ce1c4c849238c622e73a6963f7424c953,
2.1.0,MC-E20,e20_full_20260807_074417,2026-08-07T07:47:36.234361+00:00,qaoa_line_6,QAOA,6,48,48,0.0,0.0,24,24,0.0,20,20,0.0,20,20,0.0,0,0,0.0,1.0,0.0035321712493896484,qiskit,transpiler,2.4.1,3,ok,46,4,experiments/e20_multi_compiler_full/run.py,359d4060c67ca5d924d143122aab556b53579c5255965144a009fa0a7759908c,7f685a2fc4889d3e2c53c2e9d4e9143a648398c1eca4f617758361423502d4ae,7f685a2fc4889d3e2c53c2e9d4e9143a648398c1eca4f617758361423502d4ae,
2.1.0,MC-E20,e20_full_20260807_074417,2026-08-07T07:47:36.344682+00:00,qaoa_line_6,QAOA,6,48,64,-0.33333333333333326,-33.33333333333333,24,32,-0.33333333333333326,20,20,0.0,20,0,1.0,0,0,0.0,0.9999999999999978,0.09934115409851074,cirq,optimize_for_target_gateset+eject_z+merge_1q,1.6.1,default,ok,46,4,experiments/e20_multi_compiler_full/run.py,359d4060c67ca5d924d143122aab556b53579c5255965144a009fa0a7759908c,7f685a2fc4889d3e2c53c2e9d4e9143a648398c1eca4f617758361423502d4ae,9cea02d54d1474b755c2813470d11f18f043b5f39bc78af313fe5d34daafe0f5,
2.1.0,MC-E20,e20_full_20260807_074417,2026-08-07T07:47:36.733348+00:00,qaoa_line_6,QAOA,6,48,46,0.04166666666666663,4.1666666666666625,24,24,0.0,20,20,0.0,20,20,0.0,0,0,0.0,1.0000000000000004,0.3731539249420166,tket,FullPeepholeOptimise,2.18.0,default,ok,46,4,experiments/e20_multi_compiler_full/run.py,359d4060c67ca5d924d143122aab556b53579c5255965144a009fa0a7759908c,7f685a2fc4889d3e2c53c2e9d4e9143a648398c1eca4f617758361423502d4ae,2f0c7b101d63b2e067ace8168ed541e921b342ef9e80ec3dc15f6eb5fe1b2625,
2.1.0,MC-E20,e20_full_20260807_074417,2026-08-07T07:47:36.752609+00:00,vqe_twolocal_6,VQE,6,46,28,0.3913043478260869,39.13043478260869,13,10,0.23076923076923073,10,10,0.0,10,10,0.0,0,0,0.0,1.0000000000000009,0.0,qiskit,transpiler,2.4.1,3,ok,46,4,experiments/e20_multi_compiler_full/run.py,359d4060c67ca5d924d143122aab556b53579c5255965144a009fa0a7759908c,d5e0fc59eb39f0074f09db4d0f556429f8d268af8338f645db3bafbb51e6d697,d42e68b87aabe82604e9db1340a2f63a600631e1443ac8c591fd6028f8771ce2,
2.1.0,MC-E20,e20_full_20260807_074417,2026-08-07T07:47:36.840965+00:00,vqe_twolocal_6,VQE,6,46,47,-0.021739130434782705,-2.1739130434782705,13,17,-0.3076923076923077,10,10,0.0,10,0,1.0,0,0,0.0,0.9999999999999991,0.08835601806640625,cirq,optimize_for_target_gateset+eject_z+merge_1q,1.6.1,default,ok,46,4,experiments/e20_multi_compiler_full/run.py,359d4060c67ca5d924d143122aab556b53579c5255965144a009fa0a7759908c,d5e0fc59eb39f0074f09db4d0f556429f8d268af8338f645db3bafbb51e6d697,d883ddc2d68036d6b0e86d4bc5f818588cf7b0edc8fedff048d5f62e57ed5ca2,
2.1.0,MC-E20,e20_full_20260807_074417,2026-08-07T07:47:37.194230+00:00,vqe_twolocal_6,VQE,6,46,28,0.3913043478260869,39.13043478260869,13,10,0.23076923076923073,10,10,0.0,10,10,0.0,0,0,0.0,1.0,0.3359367847442627,tket,FullPeepholeOptimise,2.18.0,default,ok,46,4,experiments/e20_multi_compiler_full/run.py,359d4060c67ca5d924d143122aab556b53579c5255965144a009fa0a7759908c,d5e0fc59eb39f0074f09db4d0f556429f8d268af8338f645db3bafbb51e6d697,46881112aabb9293af6e8d4ba1022e80a00fdc87422f8529e4c04675e6f64147,
2.1.0,MC-E20,e20_full_20260807_074417,2026-08-07T07:47:37.207449+00:00,hardware_eff_6,HardwareEfficient,6,34,22,0.3529411764705882,35.29411764705882,8,6,0.25,10,10,0.0,10,10,0.0,0,0,0.0,1.0,0.0,qiskit,transpiler,2.4.1,3,ok,46,4,experiments/e20_multi_compiler_full/run.py,359d4060c67ca5d924d143122aab556b53579c5255965144a009fa0a7759908c,48ce8ffadb440ba55a20fdc8b5040a978e100e3651eeed0d420034c1fb5e77d4,41deb6478f4ebaec960646d220afd617cbf13f1b63f67258d6ad8cdf0926222b,
2.1.0,MC-E20,e20_full_20260807_074417,2026-08-07T07:47:37.280847+00:00,hardware_eff_6,HardwareEfficient,6,34,40,-0.17647058823529416,-17.647058823529417,8,10,-0.25,10,10,0.0,10,0,1.0,0,0,0.0,0.9999999999999978,0.06738138198852539,cirq,optimize_for_target_gateset+eject_z+merge_1q,1.6.1,default,ok,46,4,experiments/e20_multi_compiler_full/run.py,359d4060c67ca5d924d143122aab556b53579c5255965144a009fa0a7759908c,48ce8ffadb440ba55a20fdc8b5040a978e100e3651eeed0d420034c1fb5e77d4,320a17f211223ca2a8d87b26b43e41667367e38d3027632c310389cec4d344b3,
2.1.0,MC-E20,e20_full_20260807_074417,2026-08-07T07:47:37.570257+00:00,hardware_eff_6,HardwareEfficient,6,34,22,0.3529411764705882,35.29411764705882,8,6,0.25,10,10,0.0,10,10,0.0,0,0,0.0,1.0,0.2785310745239258,tket,FullPeepholeOptimise,2.18.0,default,ok,46,4,experiments/e20_multi_compiler_full/run.py,359d4060c67ca5d924d143122aab556b53579c5255965144a009fa0a7759908c,48ce8ffadb440ba55a20fdc8b5040a978e100e3651eeed0d420034c1fb5e77d4,a24146e44cba9baff969ecc5c27e9815728082cd0fc6acbb2e7bdfddc906cf00,
2.1.0,MC-E20,e20_full_20260807_074417,2026-08-07T07:47:37.659429+00:00,grover_6,Grover,6,44,20,0.5454545454545454,54.54545454545454,13,5,0.6153846153846154,0,0,0.0,0,0,0.0,0,0,0.0,0.9999999999999589,0.0,qiskit,transpiler,2.4.1,3,ok,46,4,experiments/e20_multi_compiler_full/run.py,359d4060c67ca5d924d143122aab556b53579c5255965144a009fa0a7759908c,1411e4a1cd14f8179124d507c1fc845ba1c6987a4989ac2b0ab34fa78bd73521,9ae79d0c06401db4cdd23b94f2f2aca70786c871a7111e907617c33db1ec1e85,"Single Grover iteration, random marked state"
2.1.0,MC-E20,e20_full_20260807_074417,2026-08-07T07:47:38.576605+00:00,grover_6,Grover,6,44,399,-8.068181818181818,-806.8181818181819,13,283,-20.76923076923077,0,166,0.0,0,0,0.0,0,1,0.0,0.9999999999999655,0.8325252532958984,cirq,optimize_for_target_gateset+eject_z+merge_1q,1.6.1,default,ok,46,4,experiments/e20_multi_compiler_full/run.py,359d4060c67ca5d924d143122aab556b53579c5255965144a009fa0a7759908c,1411e4a1cd14f8179124d507c1fc845ba1c6987a4989ac2b0ab34fa78bd73521,4e6fbc1b01e5007902ef526bdeaf36974d9a2200e6a09dd3556bd86ea793eca9,"Single Grover iteration, random marked state"
2.1.0,MC-E20,e20_full_20260807_074417,2026-08-07T07:47:41.142964+00:00,grover_6,Grover,6,44,344,-6.818181818181818,-681.8181818181819,13,233,-16.923076923076923,0,160,0.0,0,160,0.0,0,0,0.0,0.9999999999999819,2.4875550270080566,tket,FullPeepholeOptimise,2.18.0,default,ok,46,4,experiments/e20_multi_compiler_full/run.py,359d4060c67ca5d924d143122aab556b53579c5255965144a009fa0a7759908c,1411e4a1cd14f8179124d507c1fc845ba1c6987a4989ac2b0ab34fa78bd73521,d8d05bac0eb5634121c0e3d34a105d39df766640c4cda12f9868906311e1c5a9,"Single Grover iteration, random marked state"
2.1.0,MC-E20,e20_full_20260807_074417,2026-08-07T07:47:41.171381+00:00,adder_6,Adder,7,11,11,0.0,0.0,7,7,0.0,4,4,0.0,4,4,0.0,0,0,0.0,1.0,0.0,qiskit,transpiler,2.4.1,3,ok,46,4,experiments/e20_multi_compiler_full/run.py,359d4060c67ca5d924d143122aab556b53579c5255965144a009fa0a7759908c,a175069321f6c700bbb75fa1b9b60889b398a2b0054aa6db7074c0e3e7ed9ec9,dd7724fc65c04c54bca9b9432c3ea7dba77be217f47faff4b50f265dec0f0e77,"Ripple-carry adder, random inputs"
2.1.0,MC-E20,e20_full_20260807_074417,2026-08-07T07:47:41.479058+00:00,adder_6,Adder,7,11,158,-13.363636363636363,-1336.3636363636363,7,82,-10.714285714285714,4,52,-12.0,4,0,1.0,0,2,0.0,0.9999999999999919,0.2656233310699463,cirq,optimize_for_target_gateset+eject_z+merge_1q,1.6.1,default,ok,46,4,experiments/e20_multi_compiler_full/run.py,359d4060c67ca5d924d143122aab556b53579c5255965144a009fa0a7759908c,a175069321f6c700bbb75fa1b9b60889b398a2b0054aa6db7074c0e3e7ed9ec9,2853187668b778e08daf443c54fd823158cd3a7a42cfc3b51347c226f9d8c9c0,"Ripple-carry adder, random inputs"
2.1.0,MC-E20,e20_full_20260807_074417,2026-08-07T07:47:42.814940+00:00,qwalk_6,QuantumWalk,7,82,2300,-27.048780487804876,-2704.8780487804875,47,1695,-35.06382978723404,6,990,-164.0,6,990,-164.0,0,305,0.0,0.9999999999997894,0.029742002487182617,qiskit,transpiler,2.4.1,3,ok,46,4,experiments/e20_multi_compiler_full/run.py,359d4060c67ca5d924d143122aab556b53579c5255965144a009fa0a7759908c,6e4c7306156a78e5fa2e5b403013bdfedd8f4a88165408f9209f27ad592df37e,06fa02e8e7df73118e7cec7662655d9ddadef06cd4df802f355aade40b88f552,"DTQW on cycle, 3 steps"
2.1.0,MC-E20,e20_full_20260807_074417,2026-08-07T07:47:52.415061+00:00,qwalk_6,QuantumWalk,7,82,3878,-46.292682926829265,-4629.268292682927,47,2690,-56.234042553191486,6,1678,-278.6666666666667,6,0,1.0,0,8,0.0,0.9999999999997339,8.222913026809692,cirq,optimize_for_target_gateset+eject_z+merge_1q,1.6.1,default,ok,46,4,experiments/e20_multi_compiler_full/run.py,359d4060c67ca5d924d143122aab556b53579c5255965144a009fa0a7759908c,6e4c7306156a78e5fa2e5b403013bdfedd8f4a88165408f9209f27ad592df37e,8bb0f5f6fddadf5b090426332cca6aaa8f1249e3f7a50ab1aea4d13aae4880eb,"DTQW on cycle, 3 steps"
2.1.0,MC-E20,e20_full_20260807_074417,2026-08-07T07:47:52.425992+00:00,iqp_6,IQP,6,33,12,0.6363636363636364,63.63636363636363,10,3,0.7,8,2,0.75,0,0,0.0,0,0,0.0,0.9999999999999964,0.010930776596069336,qiskit,transpiler,2.4.1,3,ok,46,4,experiments/e20_multi_compiler_full/run.py,359d4060c67ca5d924d143122aab556b53579c5255965144a009fa0a7759908c,dd145884bf8dab1ba04a54aa9f77fb009e213ce54f27284c574133441fa96de8,f671eca248715b19aeab7e6158bdb0ee003f213552f92af5f0437c7cd03ffa6f,"IQP circuit, 3 diagonal layers"
2.1.0,MC-E20,e20_full_20260807_074417,2026-08-07T07:47:52.473474+00:00,iqp_6,IQP,6,33,19,0.4242424242424242,42.42424242424242,10,8,0.19999999999999996,8,6,0.25,0,0,0.0,0,2,0.0,0.9999999999999964,0.04748201370239258,cirq,optimize_for_target_gateset+eject_z+merge_1q,1.6.1,default,ok,46,4,experiments/e20_multi_compiler_full/run.py,359d4060c67ca5d924d143122aab556b53579c5255965144a009fa0a7759908c,dd145884bf8dab1ba04a54aa9f77fb009e213ce54f27284c574133441fa96de8,ff0889be3f5d90ee527d52d433fed1722c9684fc139a581612c1cc5e52912cea,"IQP circuit, 3 diagonal layers"
2.1.0,MC-E20,e20_full_20260807_074417,2026-08-07T07:47:52.549763+00:00,iqp_6,IQP,6,33,9,0.7272727272727273,72.72727272727273,10,3,0.7,8,2,0.75,0,2,0.0,0,0,0.0,0.9999999999999991,0.07063579559326172,tket,FullPeepholeOptimise,2.18.0,default,ok,46,4,experiments/e20_multi_compiler_full/run.py,359d4060c67ca5d924d143122aab556b53579c5255965144a009fa0a7759908c,dd145884bf8dab1ba04a54aa9f77fb009e213ce54f27284c574133441fa96de8,007eacf47bf71bd542282965c93eaa553c9d7911cf85486a68e312e4e51bbb11,"IQP circuit, 3 diagonal layers"
2.1.0,MC-E20,e20_full_20260807_074417,2026-08-07T07:47:52.549763+00:00,clifford_6,RandomClifford,6,45,11,0.7555555555555555,75.55555555555556,12,4,0.6666666666666667,6,4,0.33333333333333337,6,3,0.5,26,2,0.9230769230769231,0.9999999999999998,0.0,qiskit,transpiler,2.4.1,3,ok,46,4,experiments/e20_multi_compiler_full/run.py,359d4060c67ca5d924d143122aab556b53579c5255965144a009fa0a7759908c,dc1fcf27253d3948ad916c18d58b6049bb8e3fd5614ed14e3827df38e05f5a6f,4167a2d7409258fe8b193fc62e9398bc4b8884d795a596987716bb86d140dd6a,"Random Clifford, depth=10"
2.1.0,MC-E20,e20_full_20260807_074417,2026-08-07T07:47:52.612322+00:00,clifford_6,RandomClifford,6,45,22,0.5111111111111111,51.11111111111111,12,6,0.5,6,5,0.16666666666666663,6,0,1.0,26,0,1.0,0.9999999999999963,0.045356035232543945,cirq,optimize_for_target_gateset+eject_z+merge_1q,1.6.1,default,ok,46,4,experiments/e20_multi_compiler_full/run.py,359d4060c67ca5d924d143122aab556b53579c5255965144a009fa0a7759908c,dc1fcf27253d3948ad916c18d58b6049bb8e3fd5614ed14e3827df38e05f5a6f,9b58de8d18c007f45d752841daa9b8c9c6ff040873bca3f7eaa99ba802510835,"Random Clifford, depth=10"
2.1.0,MC-E20,e20_full_20260807_074417,2026-08-07T07:47:52.717051+00:00,clifford_6,RandomClifford,6,45,14,0.6888888888888889,68.88888888888889,12,5,0.5833333333333333,6,4,0.33333333333333337,6,4,0.33333333333333337,26,0,1.0,0.26153846153846133,0.08946990966796875,tket,FullPeepholeOptimise,2.18.0,default,ok,46,4,experiments/e20_multi_compiler_full/run.py,359d4060c67ca5d924d143122aab556b53579c5255965144a009fa0a7759908c,dc1fcf27253d3948ad916c18d58b6049bb8e3fd5614ed14e3827df38e05f5a6f,ff8fab489511d1eee0adeb78400dbb8291668d2bab758bd86d830f878ccb06ba,"Random Clifford, depth=10"
2.1.0,MC-E20,e20_full_20260807_074417,2026-08-07T07:47:52.725095+00:00,surface_code_6,SurfaceCode,7,8,8,0.0,0.0,8,8,0.0,6,6,0.0,6,6,0.0,0,0,0.0,0.9999999999999998,0.006036520004272461,qiskit,transpiler,2.4.1,3,ok,46,4,experiments/e20_multi_compiler_full/run.py,359d4060c67ca5d924d143122aab556b53579c5255965144a009fa0a7759908c,c79699bc553ba266feca0cc48d12346c9fa31633f6c158d26ee08f6599c9d82f,c79699bc553ba266feca0cc48d12346c9fa31633f6c158d26ee08f6599c9d82f,X-stabilizer syndrome extraction
2.1.0,MC-E20,e20_full_20260807_074417,2026-08-07T07:47:52.763722+00:00,surface_code_6,SurfaceCode,7,8,6,0.25,25.0,8,6,0.25,6,6,0.0,6,0,1.0,0,0,0.0,0.9999999999999998,0.03535342216491699,cirq,optimize_for_target_gateset+eject_z+merge_1q,1.6.1,default,ok,46,4,experiments/e20_multi_compiler_full/run.py,359d4060c67ca5d924d143122aab556b53579c5255965144a009fa0a7759908c,c79699bc553ba266feca0cc48d12346c9fa31633f6c158d26ee08f6599c9d82f,6696020bd4933e6d44d153ef81124f2dc62c93bb2afac6e66efffd5a069f5ea1,X-stabilizer syndrome extraction
2.1.0,MC-E20,e20_full_20260807_074417,2026-08-07T07:47:52.870797+00:00,uccsd_6,UCCSD_inspired,6,58,44,0.24137931034482762,24.13793103448276,28,25,0.1071428571428571,29,21,0.27586206896551724,29,21,0.27586206896551724,0,0,0.0,1.0,0.09164071083068848,qiskit,transpiler,2.4.1,3,ok,46,4,experiments/e20_multi_compiler_full/run.py,359d4060c67ca5d924d143122aab556b53579c5255965144a009fa0a7759908c,a25b9587c1d51710985770253733f71fd712b173812b9e416f26241675e0633f,0587ecfdcf697295879275d5ff07c9f859e1e4a0dd86f2aab0637c65a9bf2d58,Parameterized ansatz INSPIRED BY (not true) UCCSD; see make_parameterized_ansatz docstring. Renamed from 'UCCSD' to 'UCCSD_inspired' per review L3 to avoid false claim.
2.1.0,MC-E20,e20_full_20260807_074417,2026-08-07T07:47:53.025459+00:00,uccsd_6,UCCSD_inspired,6,58,67,-0.15517241379310343,-15.517241379310342,28,31,-0.1071428571428572,29,29,0.0,29,0,1.0,0,0,0.0,0.9999999999999996,0.1478731632232666,cirq,optimize_for_target_gateset+eject_z+merge_1q,1.6.1,default,ok,46,4,experiments/e20_multi_compiler_full/run.py,359d4060c67ca5d924d143122aab556b53579c5255965144a009fa0a7759908c,a25b9587c1d51710985770253733f71fd712b173812b9e416f26241675e0633f,99fc8cebdb8edd23e27af231a8dbc2f5dfe94093beab317e8ef73aca244d8224,Parameterized ansatz INSPIRED BY (not true) UCCSD; see make_parameterized_ansatz docstring. Renamed from 'UCCSD' to 'UCCSD_inspired' per review L3 to avoid false claim.
2.1.0,MC-E20,e20_full_20260807_074417,2026-08-07T07:47:53.533322+00:00,uccsd_6,UCCSD_inspired,6,58,44,0.24137931034482762,24.13793103448276,28,25,0.1071428571428571,29,21,0.27586206896551724,29,21,0.27586206896551724,0,0,0.0,1.0000000000000004,0.49256062507629395,tket,FullPeepholeOptimise,2.18.0,default,ok,46,4,experiments/e20_multi_compiler_full/run.py,359d4060c67ca5d924d143122aab556b53579c5255965144a009fa0a7759908c,a25b9587c1d51710985770253733f71fd712b173812b9e416f26241675e0633f,e2d4860d5183e297793c70495f84f3c7825594a4379906a1a5cb8568c2e2a4dd,Parameterized ansatz INSPIRED BY (not true) UCCSD; see make_parameterized_ansatz docstring. Renamed from 'UCCSD' to 'UCCSD_inspired' per review L3 to avoid false claim.
2.1.0,MC-E20,e20_full_20260807_074417,2026-08-07T07:47:53.609843+00:00,qft_8,QFT,8,36,36,0.0,0.0,15,15,0.0,28,28,0.0,0,0,0.0,0,0,0.0,0.9999999999999969,0.006014585494995117,qiskit,transpiler,2.4.1,3,ok,46,4,experiments/e20_multi_compiler_full/run.py,359d4060c67ca5d924d143122aab556b53579c5255965144a009fa0a7759908c,b2f83603b76f95e86e3b51898d6ea360adf3a62f51aa296baf0178913d4108b2,5e235910f0329f12c7dc3b126bc0da34cd22bcb22e80d7885306046eb1f2b62c,
2.1.0,MC-E20,e20_full_20260807_074417,2026-08-07T07:47:53.935059+00:00,qft_8,QFT,8,36,134,-2.7222222222222223,-272.22222222222223,15,48,-2.2,28,56,-1.0,0,0,0.0,0,0,0.0,0.9999999999999962,0.18685317039489746,cirq,optimize_for_target_gateset+eject_z+merge_1q,1.6.1,default,ok,46,4,experiments/e20_multi_compiler_full/run.py,359d4060c67ca5d924d143122aab556b53579c5255965144a009fa0a7759908c,b2f83603b76f95e86e3b51898d6ea360adf3a62f51aa296baf0178913d4108b2,f2003bd53d0d1c2c3df986457ae1336e33215aedb071156e8c9562fb9841837f,
2.1.0,MC-E20,e20_full_20260807_074417,2026-08-07T07:47:53.953900+00:00,ghz_8,GHZ,8,8,8,0.0,0.0,8,8,0.0,7,7,0.0,7,7,0.0,0,0,0.0,0.9999999999999998,0.006190776824951172,qiskit,transpiler,2.4.1,3,ok,46,4,experiments/e20_multi_compiler_full/run.py,359d4060c67ca5d924d143122aab556b53579c5255965144a009fa0a7759908c,587577f385cf54a3edd3cc639b3ac8cc5aa139f2ef414827515ddc7be4c12104,587577f385cf54a3edd3cc639b3ac8cc5aa139f2ef414827515ddc7be4c12104,
2.1.0,MC-E20,e20_full_20260807_074417,2026-08-07T07:47:54.006142+00:00,ghz_8,GHZ,8,8,23,-1.875,-187.5,8,15,-0.875,7,7,0.0,7,0,1.0,0,0,0.0,0.9999999999999971,0.03892970085144043,cirq,optimize_for_target_gateset+eject_z+merge_1q,1.6.1,default,ok,46,4,experiments/e20_multi_compiler_full/run.py,359d4060c67ca5d924d143122aab556b53579c5255965144a009fa0a7759908c,587577f385cf54a3edd3cc639b3ac8cc5aa139f2ef414827515ddc7be4c12104,a2f2d04e71fa038bd3a71061f2357cee894af4692955787292458304cec3a3f6,
2.1.0,MC-E20,e20_full_20260807_074417,2026-08-07T07:47:54.071761+00:00,cnot_chain_8,CNOT,8,56,0,1.0,100.0,26,0,1.0,56,0,1.0,56,0,1.0,0,0,0.0,1.0,0.016146421432495117,qiskit,transpiler,2.4.1,3,ok,46,4,experiments/e20_multi_compiler_full/run.py,359d4060c67ca5d924d143122aab556b53579c5255965144a009fa0a7759908c,d3e8b51351e86caa6d8939fe0a903f48a089e7d220d46a14b52d6c94e6e43394,b9f67046a69160a09ec4f4fa9eb23036fff76352de4a4103d9d677b302f18c04,
2.1.0,MC-E20,e20_full_20260807_074417,2026-08-07T07:47:54.113778+00:00,cnot_chain_8,CNOT,8,56,0,1.0,100.0,26,0,1.0,56,0,1.0,56,0,1.0,0,0,0.0,,0.04201650619506836,cirq,optimize_for_target_gateset+eject_z+merge_1q,1.6.1,default,ok,46,4,experiments/e20_multi_compiler_full/run.py,359d4060c67ca5d924d143122aab556b53579c5255965144a009fa0a7759908c,d3e8b51351e86caa6d8939fe0a903f48a089e7d220d46a14b52d6c94e6e43394,6f8e18c5611960a199a59d79e4d4e52c427ac524f6c9f379d05c73dc41c9fc91,
2.1.0,MC-E20,e20_full_20260807_074417,2026-08-07T07:47:54.129279+00:00,bv_8,Oracle,9,25,17,0.31999999999999995,31.999999999999996,9,7,0.2222222222222222,5,5,0.0,5,5,0.0,0,0,0.0,,0.0,qiskit,transpiler,2.4.1,3,ok,46,4,experiments/e20_multi_compiler_full/run.py,359d4060c67ca5d924d143122aab556b53579c5255965144a009fa0a7759908c,19c5b2186c115bf922ed99c2429e9c5614e4a543342a774587c34256cc921319,afe9ad8893f66ecb8d3fead7941420416e2c1421693543e6f7727cfaf9783527,
2.1.0,MC-E20,e20_full_20260807_074417,2026-08-07T07:47:54.235445+00:00,qaoa_line_8,QAOA,8,66,66,0.0,0.0,30,30,0.0,28,28,0.0,28,28,0.0,0,0,0.0,1.0000000000000013,0.0,qiskit,transpiler,2.4.1,3,ok,46,4,experiments/e20_multi_compiler_full/run.py,359d4060c67ca5d924d143122aab556b53579c5255965144a009fa0a7759908c,482fc3029ae6952015b626a63490b7d75c87c90e60603103850df0fd27549851,482fc3029ae6952015b626a63490b7d75c87c90e60603103850df0fd27549851,
2.1.0,MC-E20,e20_full_20260807_074417,2026-08-07T07:47:54.464770+00:00,qaoa_line_8,QAOA,8,66,86,-0.303030303030303,-30.303030303030297,30,38,-0.2666666666666666,28,28,0.0,28,0,1.0,0,0,0.0,0.9999999999999964,0.12279391288757324,cirq,optimize_for_target_gateset+eject_z+merge_1q,1.6.1,default,ok,46,4,experiments/e20_multi_compiler_full/run.py,359d4060c67ca5d924d143122aab556b53579c5255965144a009fa0a7759908c,482fc3029ae6952015b626a63490b7d75c87c90e60603103850df0fd27549851,31e48fc7f76d7297daf5533c07437e107355b4349dc5d900ff34ea028a55f3ef,
2.1.0,MC-E20,e20_full_20260807_074417,2026-08-07T07:47:54.557625+00:00,vqe_twolocal_8,VQE,8,62,38,0.3870967741935484,38.70967741935484,15,12,0.19999999999999996,14,14,0.0,14,14,0.0,0,0,0.0,0.9999999999999989,0.015366077423095703,qiskit,transpiler,2.4.1,3,ok,46,4,experiments/e20_multi_compiler_full/run.py,359d4060c67ca5d924d143122aab556b53579c5255965144a009fa0a7759908c,546a84006513fd5b595f0575fcc9e26b33805e3fa8c05bd31a6203d2776050f2,3fe1fa5b0a36b75b0b916502d28226e6bc661bf012611c66792ec3be3805c1a3,
2.1.0,MC-E20,e20_full_20260807_074417,2026-08-07T07:47:54.755496+00:00,vqe_twolocal_8,VQE,8,62,65,-0.048387096774193505,-4.8387096774193505,15,21,-0.3999999999999999,14,14,0.0,14,0,1.0,0,0,0.0,0.9999999999999969,0.10491418838500977,cirq,optimize_for_target_gateset+eject_z+merge_1q,1.6.1,default,ok,46,4,experiments/e20_multi_compiler_full/run.py,359d4060c67ca5d924d143122aab556b53579c5255965144a009fa0a7759908c,546a84006513fd5b595f0575fcc9e26b33805e3fa8c05bd31a6203d2776050f2,991b28cb3e1638c2ea35510961d53a8ad6bcac2b285bdb26ec60b91da4795b26,
2.1.0,MC-E20,e20_full_20260807_074417,2026-08-07T07:47:54.816328+00:00,hardware_eff_8,HardwareEfficient,8,46,30,0.34782608695652173,34.78260869565217,8,6,0.25,14,14,0.0,14,14,0.0,0,0,0.0,1.0,0.0,qiskit,transpiler,2.4.1,3,ok,46,4,experiments/e20_multi_compiler_full/run.py,359d4060c67ca5d924d143122aab556b53579c5255965144a009fa0a7759908c,bfa3e918792e8c94d0cc03fc82242f25b10b6227834900dcea38892bff9bc4f4,df44720947d4a11091837f345acf4beff3f6c552e2d0547137d102685359283a,
2.1.0,MC-E20,e20_full_20260807_074417,2026-08-07T07:47:54.975415+00:00,hardware_eff_8,HardwareEfficient,8,46,55,-0.19565217391304346,-19.565217391304344,8,10,-0.25,14,14,0.0,14,0,1.0,0,0,0.0,0.9999999999999973,0.07656311988830566,cirq,optimize_for_target_gateset+eject_z+merge_1q,1.6.1,default,ok,46,4,experiments/e20_multi_compiler_full/run.py,359d4060c67ca5d924d143122aab556b53579c5255965144a009fa0a7759908c,bfa3e918792e8c94d0cc03fc82242f25b10b6227834900dcea38892bff9bc4f4,7b86a486014e79cbd7d4e5d9963d9ce3764234bcbaf24f0141fa70d74b7673ec,
2.1.0,MC-E20,e20_full_20260807_074417,2026-08-07T07:47:56.456866+00:00,grover_8,Grover,8,50,798,-14.96,-1496.0,11,503,-44.72727272727273,0,360,0.0,0,360,0.0,0,102,0.0,0.9999999999999316,0.014001131057739258,qiskit,transpiler,2.4.1,3,ok,46,4,experiments/e20_multi_compiler_full/run.py,359d4060c67ca5d924d143122aab556b53579c5255965144a009fa0a7759908c,ae74ed0ae4f581130a94271817f7feaf2fe84419eb52d905a16ae7514b689efc,f46fad29db1543c2f978a2d4891aa85192c41a6b7ef45898e1f21d4035ee3af9,"Single Grover iteration, random marked state"
2.1.0,MC-E20,e20_full_20260807_074417,2026-08-07T07:48:00.346508+00:00,grover_8,Grover,8,50,1031,-19.62,-1962.0,11,698,-62.45454545454545,0,440,0.0,0,0,0.0,0,6,0.0,0.9999999999999246,2.2367489337921143,cirq,optimize_for_target_gateset+eject_z+merge_1q,1.6.1,default,ok,46,4,experiments/e20_multi_compiler_full/run.py,359d4060c67ca5d924d143122aab556b53579c5255965144a009fa0a7759908c,ae74ed0ae4f581130a94271817f7feaf2fe84419eb52d905a16ae7514b689efc,767fbe2320b3df6988070167d50107a5877e657e74967c2a143d7d10631dd53e,"Single Grover iteration, random marked state"
2.1.0,MC-E20,e20_full_20260807_074417,2026-08-07T07:48:00.348253+00:00,adder_8,Adder,10,21,21,0.0,0.0,10,10,0.0,6,6,0.0,6,6,0.0,0,0,0.0,,0.0017457008361816406,qiskit,transpiler,2.4.1,3,ok,46,4,experiments/e20_multi_compiler_full/run.py,359d4060c67ca5d924d143122aab556b53579c5255965144a009fa0a7759908c,ed6b864f6a5e45f51d006d1b32224d7177e70f63c758f5906c61ef7e5676f2fc,3108a6f20bbb6b885ee624ceda6d2f9f05290d00e5c99e2497109eb47affc47b,"Ripple-carry adder, random inputs"
2.1.0,MC-E20,e20_full_20260807_074417,2026-08-07T07:48:00.455694+00:00,qwalk_8,QuantumWalk,9,106,4551,-41.93396226415094,-4193.396226415094,59,3163,-52.610169491525426,6,1962,-326.0,6,1962,-326.0,0,539,0.0,,0.0615384578704834,qiskit,transpiler,2.4.1,3,ok,46,4,experiments/e20_multi_compiler_full/run.py,359d4060c67ca5d924d143122aab556b53579c5255965144a009fa0a7759908c,435394b529be24960910b0b8a4b5270bf7d3928143d969dbc7f38c7fc72f6233,5cac1f8e275a1dda4dfd915c4ccabdf045200701b6e5e9bc8f7a81ae7267d961,"DTQW on cycle, 3 steps"
2.1.0,MC-E20,e20_full_20260807_074417,2026-08-07T07:48:00.502618+00:00,iqp_8,IQP,8,41,22,0.46341463414634143,46.34146341463414,9,6,0.33333333333333337,8,6,0.25,0,0,0.0,0,0,0.0,0.9999999999999936,0.0,qiskit,transpiler,2.4.1,3,ok,46,4,experiments/e20_multi_compiler_full/run.py,359d4060c67ca5d924d143122aab556b53579c5255965144a009fa0a7759908c,620dcf06a91c1fad2153c32f3889168adf20e07b6fd05bbfcdf4655d5823fa69,4d2ce9cd0523116a5d4e934510ff2a2cb6bec1c67a4780584d4f6c9fc5354576,"IQP circuit, 3 diagonal layers"
2.1.0,MC-E20,e20_full_20260807_074417,2026-08-07T07:48:00.610047+00:00,iqp_8,IQP,8,41,28,0.31707317073170727,31.707317073170728,9,7,0.2222222222222222,8,6,0.25,0,0,0.0,0,3,0.0,0.9999999999999956,0.06097292900085449,cirq,optimize_for_target_gateset+eject_z+merge_1q,1.6.1,default,ok,46,4,experiments/e20_multi_compiler_full/run.py,359d4060c67ca5d924d143122aab556b53579c5255965144a009fa0a7759908c,620dcf06a91c1fad2153c32f3889168adf20e07b6fd05bbfcdf4655d5823fa69,0029dc2f76c4ab992b7db8749062193be77b667b5f5195313a29d2a691e01fad,"IQP circuit, 3 diagonal layers"
2.1.0,MC-E20,e20_full_20260807_074417,2026-08-07T07:48:00.686418+00:00,clifford_8,RandomClifford,8,61,17,0.7213114754098361,72.1311475409836,10,5,0.5,4,4,0.0,4,4,0.0,31,0,1.0,0.9999999999999967,0.019794225692749023,qiskit,transpiler,2.4.1,3,ok,46,4,experiments/e20_multi_compiler_full/run.py,359d4060c67ca5d924d143122aab556b53579c5255965144a009fa0a7759908c,d8f02e9b6a4f5c5f2ae9fd4aace609b688fee3356cfb87def3d4ce57ab21ac50,7670b2248044fa74924034d16193c28adb98a475f3d0618d0b18ef99bbcfecdb,"Random Clifford, depth=10"
2.1.0,MC-E20,e20_full_20260807_074417,2026-08-07T07:48:00.798476+00:00,clifford_8,RandomClifford,8,61,23,0.6229508196721312,62.295081967213115,10,6,0.4,4,4,0.0,4,0,1.0,31,6,0.8064516129032258,0.9999999999999956,0.04597783088684082,cirq,optimize_for_target_gateset+eject_z+merge_1q,1.6.1,default,ok,46,4,experiments/e20_multi_compiler_full/run.py,359d4060c67ca5d924d143122aab556b53579c5255965144a009fa0a7759908c,d8f02e9b6a4f5c5f2ae9fd4aace609b688fee3356cfb87def3d4ce57ab21ac50,c80a53de91edd656f01e31cc70afaf16de4710d0eb36554f3a43f8740438b55b,"Random Clifford, depth=10"
2.1.0,MC-E20,e20_full_20260807_074417,2026-08-07T07:48:00.798476+00:00,surface_code_8,SurfaceCode,9,12,12,0.0,0.0,10,10,0.0,8,8,0.0,8,8,0.0,0,0,0.0,,0.0,qiskit,transpiler,2.4.1,3,ok,46,4,experiments/e20_multi_compiler_full/run.py,359d4060c67ca5d924d143122aab556b53579c5255965144a009fa0a7759908c,abfcb3a54b62278f81e135a835927cb5373c385e64477d16d91c54e375388c26,abfcb3a54b62278f81e135a835927cb5373c385e64477d16d91c54e375388c26,X-stabilizer syndrome extraction
2.1.0,MC-E20,e20_full_20260807_074417,2026-08-07T07:48:00.922368+00:00,uccsd_8,UCCSD_inspired,8,73,55,0.2465753424657534,24.65753424657534,27,24,0.11111111111111116,31,25,0.19354838709677424,31,25,0.19354838709677424,0,0,0.0,0.9999999999999998,0.004742860794067383,qiskit,transpiler,2.4.1,3,ok,46,4,experiments/e20_multi_compiler_full/run.py,359d4060c67ca5d924d143122aab556b53579c5255965144a009fa0a7759908c,8cfb6a6aac58c73e0120847c1fc0361d6d8e65daa77a1394c49d7c6fec9f7025,0229dcd56a9b148451c45d2672f8d3cfb63384c076394f2c4a6cb6fae1a24aa6,Parameterized ansatz INSPIRED BY (not true) UCCSD; see make_parameterized_ansatz docstring. Renamed from 'UCCSD' to 'UCCSD_inspired' per review L3 to avoid false claim.
2.1.0,MC-E20,e20_full_20260807_074417,2026-08-07T07:48:01.174029+00:00,uccsd_8,UCCSD_inspired,8,73,70,0.04109589041095896,4.109589041095896,27,29,-0.07407407407407418,31,31,0.0,31,0,1.0,0,0,0.0,0.9999999999999991,0.14474773406982422,cirq,optimize_for_target_gateset+eject_z+merge_1q,1.6.1,default,ok,46,4,experiments/e20_multi_compiler_full/run.py,359d4060c67ca5d924d143122aab556b53579c5255965144a009fa0a7759908c,8cfb6a6aac58c73e0120847c1fc0361d6d8e65daa77a1394c49d7c6fec9f7025,863a0265cecc90ba2a336640576afe96b10a81fdc982a409eade4e9a4970539d,Parameterized ansatz INSPIRED BY (not true) UCCSD; see make_parameterized_ansatz docstring. Renamed from 'UCCSD' to 'UCCSD_inspired' per review L3 to avoid false claim.
2.1.0,MC-E20,e20_full_20260807_074417,2026-08-07T07:48:01.219752+00:00,haar_4,HaarRandom,4,275,257,0.06545454545454543,6.545454545454543,189,189,0.0,95,95,0.0,95,95,0.0,0,0,0.0,0.9999999999999979,0.0,qiskit,transpiler,2.4.1,3,ok,46,4,experiments/e20_multi_compiler_full/run.py,359d4060c67ca5d924d143122aab556b53579c5255965144a009fa0a7759908c,f9adb54efb1d2a9d9fb89215b80d0b6c4df6ce1534bde284478bca96de2c611f,abedb19cd1029f2cecb442bc74ea90e810b01fea916a31da1dd4c444aa609c4f,"Haar-random unitary, exact synthesis"
2.1.0,MC-E20,e20_full_20260807_074417,2026-08-07T07:48:01.755281+00:00,haar_4,HaarRandom,4,275,286,-0.040000000000000036,-4.0000000000000036,189,190,-0.005291005291005346,95,95,0.0,95,0,1.0,0,0,0.0,0.9999999999999971,0.5042953491210938,cirq,optimize_for_target_gateset+eject_z+merge_1q,1.6.1,default,ok,46,4,experiments/e20_multi_compiler_full/run.py,359d4060c67ca5d924d143122aab556b53579c5255965144a009fa0a7759908c,f9adb54efb1d2a9d9fb89215b80d0b6c4df6ce1534bde284478bca96de2c611f,58c368a5545e35b760129961ebf56a882fa7422f08ebf714803f58033ad12c35,"Haar-random unitary, exact synthesis"
2.1.0,MC-E20,e20_full_20260807_074417,2026-08-07T07:48:03.560371+00:00,haar_4,HaarRandom,4,275,257,0.06545454545454543,6.545454545454543,189,189,0.0,95,95,0.0,95,95,0.0,0,0,0.0,0.9999999999999991,1.7841150760650635,tket,FullPeepholeOptimise,2.18.0,default,ok,46,4,experiments/e20_multi_compiler_full/run.py,359d4060c67ca5d924d143122aab556b53579c5255965144a009fa0a7759908c,f9adb54efb1d2a9d9fb89215b80d0b6c4df6ce1534bde284478bca96de2c611f,ac3d1eb7a189f32e7cb7869a1284c2e95ba80d6c5368526fad6a31aea36da09a,"Haar-random unitary, exact synthesis"
2.1.0,MC-E20,e20_full_20260807_074417,2026-08-07T07:48:03.763453+00:00,qft_4,QFT,4,10,10,0.0,0.0,7,7,0.0,6,6,0.0,0,0,0.0,0,0,0.0,0.9999999999999988,0.007605552673339844,qiskit,transpiler,2.4.1,3,ok,47,5,experiments/e20_multi_compiler_full/run.py,359d4060c67ca5d924d143122aab556b53579c5255965144a009fa0a7759908c,ec754f7e3892ee8ca405ace36ffa2cf3d8489863d2f83852f623de773dd94b1e,001408f6c8b62c5aa1e72c56729dcc2520332ae2954b17daf86162a5a4f46ac6,
2.1.0,MC-E20,e20_full_20260807_074417,2026-08-07T07:48:03.812951+00:00,qft_4,QFT,4,10,34,-2.4,-240.0,7,20,-1.8571428571428572,6,12,-1.0,0,0,0.0,0,0,0.0,0.9999999999999981,0.049498558044433594,cirq,optimize_for_target_gateset+eject_z+merge_1q,1.6.1,default,ok,47,5,experiments/e20_multi_compiler_full/run.py,359d4060c67ca5d924d143122aab556b53579c5255965144a009fa0a7759908c,ec754f7e3892ee8ca405ace36ffa2cf3d8489863d2f83852f623de773dd94b1e,e7250dce10bcf0582287ec690b02c1ded37b1a4d82d911c36bee292143ba0f8c,
2.1.0,MC-E20,e20_full_20260807_074417,2026-08-07T07:48:03.997829+00:00,qft_4,QFT,4,10,31,-2.1,-210.0,7,19,-1.7142857142857144,6,12,-1.0,0,12,0.0,0,0,0.0,1.0,0.18487763404846191,tket,FullPeepholeOptimise,2.18.0,default,ok,47,5,experiments/e20_multi_compiler_full/run.py,359d4060c67ca5d924d143122aab556b53579c5255965144a009fa0a7759908c,ec754f7e3892ee8ca405ace36ffa2cf3d8489863d2f83852f623de773dd94b1e,1c29c769144f94e13e3a392f195ebc1c6cfc77bad3bffa3aa293760f9e7c4679,
2.1.0,MC-E20,e20_full_20260807_074417,2026-08-07T07:48:04.004971+00:00,ghz_4,GHZ,4,4,4,0.0,0.0,4,4,0.0,3,3,0.0,3,3,0.0,0,0,0.0,0.9999999999999996,0.007142305374145508,qiskit,transpiler,2.4.1,3,ok,47,5,experiments/e20_multi_compiler_full/run.py,359d4060c67ca5d924d143122aab556b53579c5255965144a009fa0a7759908c,632a65a86fd9bfab17ccedbd10b32b45490cc33030a23af0d675ad3e8ad7a445,632a65a86fd9bfab17ccedbd10b32b45490cc33030a23af0d675ad3e8ad7a445,
2.1.0,MC-E20,e20_full_20260807_074417,2026-08-07T07:48:04.031196+00:00,ghz_4,GHZ,4,4,11,-1.75,-175.0,4,7,-0.75,3,3,0.0,3,0,1.0,0,0,0.0,0.9999999999999988,0.02622509002685547,cirq,optimize_for_target_gateset+eject_z+merge_1q,1.6.1,default,ok,47,5,experiments/e20_multi_compiler_full/run.py,359d4060c67ca5d924d143122aab556b53579c5255965144a009fa0a7759908c,632a65a86fd9bfab17ccedbd10b32b45490cc33030a23af0d675ad3e8ad7a445,5ca7a53f4dbc7c75daa820a5c5948f68bebd5a9db5a6a058678c009a27a48441,
2.1.0,MC-E20,e20_full_20260807_074417,2026-08-07T07:48:04.080899+00:00,ghz_4,GHZ,4,4,4,0.0,0.0,4,4,0.0,3,3,0.0,3,3,0.0,0,0,0.0,1.0,0.049703359603881836,tket,FullPeepholeOptimise,2.18.0,default,ok,47,5,experiments/e20_multi_compiler_full/run.py,359d4060c67ca5d924d143122aab556b53579c5255965144a009fa0a7759908c,632a65a86fd9bfab17ccedbd10b32b45490cc33030a23af0d675ad3e8ad7a445,0ca2e20394ef52eecba8c72454ae73e952a311d06ff639876717b3ceaa156322,
2.1.0,MC-E20,e20_full_20260807_074417,2026-08-07T07:48:04.096223+00:00,cnot_chain_4,CNOT,4,24,0,1.0,100.0,18,0,1.0,24,0,1.0,24,0,1.0,0,0,0.0,1.0,0.0,qiskit,transpiler,2.4.1,3,ok,47,5,experiments/e20_multi_compiler_full/run.py,359d4060c67ca5d924d143122aab556b53579c5255965144a009fa0a7759908c,c15ccd1efbe0b71c21464e888a978afbe6b6cf006bd895873c7d9b8e51efbaf0,80cb67051feabb1a835727fede3367602f1e692e3ec9d1d7247266c73803bd7d,
2.1.0,MC-E20,e20_full_20260807_074417,2026-08-07T07:48:04.126318+00:00,cnot_chain_4,CNOT,4,24,0,1.0,100.0,18,0,1.0,24,0,1.0,24,0,1.0,0,0,0.0,,0.02139115333557129,cirq,optimize_for_target_gateset+eject_z+merge_1q,1.6.1,default,ok,47,5,experiments/e20_multi_compiler_full/run.py,359d4060c67ca5d924d143122aab556b53579c5255965144a009fa0a7759908c,c15ccd1efbe0b71c21464e888a978afbe6b6cf006bd895873c7d9b8e51efbaf0,6f8e18c5611960a199a59d79e4d4e52c427ac524f6c9f379d05c73dc41c9fc91,
2.1.0,MC-E20,e20_full_20260807_074417,2026-08-07T07:48:04.126318+00:00,cnot_chain_4,CNOT,4,24,0,1.0,100.0,18,0,1.0,24,0,1.0,24,0,1.0,0,0,0.0,1.0,0.0,tket,FullPeepholeOptimise,2.18.0,default,ok,47,5,experiments/e20_multi_compiler_full/run.py,359d4060c67ca5d924d143122aab556b53579c5255965144a009fa0a7759908c,c15ccd1efbe0b71c21464e888a978afbe6b6cf006bd895873c7d9b8e51efbaf0,80cb67051feabb1a835727fede3367602f1e692e3ec9d1d7247266c73803bd7d,
2.1.0,MC-E20,e20_full_20260807_074417,2026-08-07T07:48:04.144432+00:00,bv_4,Oracle,5,14,8,0.4285714285714286,42.85714285714286,6,4,0.33333333333333337,2,2,0.0,2,2,0.0,0,0,0.0,0.9999999999999979,0.015449285507202148,qiskit,transpiler,2.4.1,3,ok,47,5,experiments/e20_multi_compiler_full/run.py,359d4060c67ca5d924d143122aab556b53579c5255965144a009fa0a7759908c,b81e1fce8a1444d85177c6bc7af38bad39960f4060e55d08611f399ee4619722,b2fca778aa1c9af1696f859bf3949cf4c9b9e57bfbf2b73eaffb599dc3c7630f,
2.1.0,MC-E20,e20_full_20260807_074417,2026-08-07T07:48:04.156877+00:00,bv_4,Oracle,5,14,9,0.3571428571428571,35.71428571428571,6,5,0.16666666666666663,2,2,0.0,2,0,1.0,0,0,0.0,,0.011826515197753906,cirq,optimize_for_target_gateset+eject_z+merge_1q,1.6.1,default,ok,47,5,experiments/e20_multi_compiler_full/run.py,359d4060c67ca5d924d143122aab556b53579c5255965144a009fa0a7759908c,b81e1fce8a1444d85177c6bc7af38bad39960f4060e55d08611f399ee4619722,0982069dfcff4efe2118be2a3bd5bd2cbea87a03389b25d506a06184617e25ec,
2.1.0,MC-E20,e20_full_20260807_074417,2026-08-07T07:48:04.218180+00:00,bv_4,Oracle,5,14,8,0.4285714285714286,42.85714285714286,6,4,0.33333333333333337,2,2,0.0,2,2,0.0,0,0,0.0,0.9999999999999987,0.061302900314331055,tket,FullPeepholeOptimise,2.18.0,default,ok,47,5,experiments/e20_multi_compiler_full/run.py,359d4060c67ca5d924d143122aab556b53579c5255965144a009fa0a7759908c,b81e1fce8a1444d85177c6bc7af38bad39960f4060e55d08611f399ee4619722,5f3bf77be599afdda6de275d7883f45a2f93ba6d6ea411d807dbdc8c6e44702a,
2.1.0,MC-E20,e20_full_20260807_074417,2026-08-07T07:48:04.233739+00:00,qaoa_line_4,QAOA,4,30,30,0.0,0.0,18,18,0.0,12,12,0.0,12,12,0.0,0,0,0.0,1.0000000000000018,0.015559196472167969,qiskit,transpiler,2.4.1,3,ok,47,5,experiments/e20_multi_compiler_full/run.py,359d4060c67ca5d924d143122aab556b53579c5255965144a009fa0a7759908c,df932ce8773e3951a4d7c01c21cd3184abd4077223fb7d4ba53ffb6c83f69066,df932ce8773e3951a4d7c01c21cd3184abd4077223fb7d4ba53ffb6c83f69066,
2.1.0,MC-E20,e20_full_20260807_074417,2026-08-07T07:48:04.303483+00:00,qaoa_line_4,QAOA,4,30,39,-0.30000000000000004,-30.000000000000004,18,22,-0.22222222222222232,12,12,0.0,12,0,1.0,0,0,0.0,1.0,0.06974411010742188,cirq,optimize_for_target_gateset+eject_z+merge_1q,1.6.1,default,ok,47,5,experiments/e20_multi_compiler_full/run.py,359d4060c67ca5d924d143122aab556b53579c5255965144a009fa0a7759908c,df932ce8773e3951a4d7c01c21cd3184abd4077223fb7d4ba53ffb6c83f69066,07fc0c1ff2d658ce382109610ac00a74faefc444f74688776f9dc0970045040b,
2.1.0,MC-E20,e20_full_20260807_074417,2026-08-07T07:48:04.520518+00:00,qaoa_line_4,QAOA,4,30,28,0.06666666666666665,6.666666666666665,18,18,0.0,12,12,0.0,12,12,0.0,0,0,0.0,1.0000000000000013,0.2130722999572754,tket,FullPeepholeOptimise,2.18.0,default,ok,47,5,experiments/e20_multi_compiler_full/run.py,359d4060c67ca5d924d143122aab556b53579c5255965144a009fa0a7759908c,df932ce8773e3951a4d7c01c21cd3184abd4077223fb7d4ba53ffb6c83f69066,9e6b784fbdb3f3ab8a950965c3346e01bdec5f26e2b50fa11840191810de1b1d,
2.1.0,MC-E20,e20_full_20260807_074417,2026-08-07T07:48:04.529811+00:00,vqe_twolocal_4,VQE,4,30,18,0.4,40.0,11,8,0.2727272727272727,6,6,0.0,6,6,0.0,0,0,0.0,0.9999999999999993,0.006279468536376953,qiskit,transpiler,2.4.1,3,ok,47,5,experiments/e20_multi_compiler_full/run.py,359d4060c67ca5d924d143122aab556b53579c5255965144a009fa0a7759908c,6ff912e73cf3bb0b7d9782387d5c90084b1deb1f5f96ae7b24c587de7da69827,3c2c958382b8dcb298d04be2aaa04ab62752a7b2c5d496fe85f1e0ecfcf3b76a,
2.1.0,MC-E20,e20_full_20260807_074417,2026-08-07T07:48:04.578273+00:00,vqe_twolocal_4,VQE,4,30,29,0.033333333333333326,3.3333333333333326,11,13,-0.18181818181818188,6,6,0.0,6,0,1.0,0,0,0.0,0.9999999999999986,0.0484616756439209,cirq,optimize_for_target_gateset+eject_z+merge_1q,1.6.1,default,ok,47,5,experiments/e20_multi_compiler_full/run.py,359d4060c67ca5d924d143122aab556b53579c5255965144a009fa0a7759908c,6ff912e73cf3bb0b7d9782387d5c90084b1deb1f5f96ae7b24c587de7da69827,61232567611e46d84a770031cdffcbac9089d6d9c09739ff218ad7d7eaa403dc,
2.1.0,MC-E20,e20_full_20260807_074417,2026-08-07T07:48:04.763177+00:00,vqe_twolocal_4,VQE,4,30,18,0.4,40.0,11,8,0.2727272727272727,6,6,0.0,6,6,0.0,0,0,0.0,0.9999999999999998,0.1849043369293213,tket,FullPeepholeOptimise,2.18.0,default,ok,47,5,experiments/e20_multi_compiler_full/run.py,359d4060c67ca5d924d143122aab556b53579c5255965144a009fa0a7759908c,6ff912e73cf3bb0b7d9782387d5c90084b1deb1f5f96ae7b24c587de7da69827,7e4d444da974cd1bf2610d924434011f39ae3a59d7e6c478cad864b374c52d34,
2.1.0,MC-E20,e20_full_20260807_074417,2026-08-07T07:48:04.777724+00:00,hardware_eff_4,HardwareEfficient,4,22,14,0.36363636363636365,36.36363636363637,8,6,0.25,6,6,0.0,6,6,0.0,0,0,0.0,1.0000000000000009,0.014546632766723633,qiskit,transpiler,2.4.1,3,ok,47,5,experiments/e20_multi_compiler_full/run.py,359d4060c67ca5d924d143122aab556b53579c5255965144a009fa0a7759908c,e18b466c53bd76dee6e7c99737544ff729459112ed5583615c63b6f0e7f89f99,c5c8f59076c0af90326846bc2f8aa6d05301399c4ce5153f20e3fb8c74abf6b1,
2.1.0,MC-E20,e20_full_20260807_074417,2026-08-07T07:48:04.826731+00:00,hardware_eff_4,HardwareEfficient,4,22,25,-0.13636363636363646,-13.636363636363647,8,10,-0.25,6,6,0.0,6,0,1.0,0,0,0.0,0.9999999999999991,0.04900717735290527,cirq,optimize_for_target_gateset+eject_z+merge_1q,1.6.1,default,ok,47,5,experiments/e20_multi_compiler_full/run.py,359d4060c67ca5d924d143122aab556b53579c5255965144a009fa0a7759908c,e18b466c53bd76dee6e7c99737544ff729459112ed5583615c63b6f0e7f89f99,3e72c1e4f7be0e8b11f0537bbe061758f5bc84306a070eafbeb1b39e5912a2b2,
2.1.0,MC-E20,e20_full_20260807_074417,2026-08-07T07:48:04.998320+00:00,hardware_eff_4,HardwareEfficient,4,22,14,0.36363636363636365,36.36363636363637,8,6,0.25,6,6,0.0,6,6,0.0,0,0,0.0,1.0,0.17158913612365723,tket,FullPeepholeOptimise,2.18.0,default,ok,47,5,experiments/e20_multi_compiler_full/run.py,359d4060c67ca5d924d143122aab556b53579c5255965144a009fa0a7759908c,e18b466c53bd76dee6e7c99737544ff729459112ed5583615c63b6f0e7f89f99,4db2cbcb16a459ce70018cb380e9999f1b913f220d373c03558c249409d4048d,
2.1.0,MC-E20,e20_full_20260807_074417,2026-08-07T07:48:05.015154+00:00,grover_4,Grover,4,26,62,-1.3846153846153846,-138.46153846153845,11,53,-3.8181818181818183,0,28,0.0,0,28,0.0,0,0,0.0,0.9999999999999941,0.007248878479003906,qiskit,transpiler,2.4.1,3,ok,47,5,experiments/e20_multi_compiler_full/run.py,359d4060c67ca5d924d143122aab556b53579c5255965144a009fa0a7759908c,4fc984c9fc66dcb6b9dc0fdd66788f8b980e178607adfe44a28f04863de6ebdc,cf11fc1e3ffc81d278ea20c83e7efd431de8b254ac6ffd312cfeb31a7ffcbc5d,"Single Grover iteration, random marked state"
2.1.0,MC-E20,e20_full_20260807_074417,2026-08-07T07:48:05.158769+00:00,grover_4,Grover,4,26,71,-1.7307692307692308,-173.0769230769231,11,57,-4.181818181818182,0,28,0.0,0,0,0.0,0,0,0.0,0.9999999999999933,0.14160990715026855,cirq,optimize_for_target_gateset+eject_z+merge_1q,1.6.1,default,ok,47,5,experiments/e20_multi_compiler_full/run.py,359d4060c67ca5d924d143122aab556b53579c5255965144a009fa0a7759908c,4fc984c9fc66dcb6b9dc0fdd66788f8b980e178607adfe44a28f04863de6ebdc,6d1733aa3795ff2aa1d6f93e48ea05f0b3d5a24080e7ae6f38d68431a15754fc,"Single Grover iteration, random marked state"
2.1.0,MC-E20,e20_full_20260807_074417,2026-08-07T07:48:05.713419+00:00,grover_4,Grover,4,26,64,-1.4615384615384617,-146.15384615384616,11,55,-4.0,0,28,0.0,0,28,0.0,0,0,0.0,0.9999999999999962,0.554649829864502,tket,FullPeepholeOptimise,2.18.0,default,ok,47,5,experiments/e20_multi_compiler_full/run.py,359d4060c67ca5d924d143122aab556b53579c5255965144a009fa0a7759908c,4fc984c9fc66dcb6b9dc0fdd66788f8b980e178607adfe44a28f04863de6ebdc,2243db2dd1191bae400897b781a072c3842c6cb2daf363f6d5cf1c6bcb36e65a,"Single Grover iteration, random marked state"
2.1.0,MC-E20,e20_full_20260807_074417,2026-08-07T07:48:05.728486+00:00,adder_4,Adder,4,6,6,0.0,0.0,6,6,0.0,2,2,0.0,2,2,0.0,0,0,0.0,1.0,0.013060808181762695,qiskit,transpiler,2.4.1,3,ok,47,5,experiments/e20_multi_compiler_full/run.py,359d4060c67ca5d924d143122aab556b53579c5255965144a009fa0a7759908c,376ceef4983731f7550ead348027cf64df326a3131ced4b5445918208feab683,376ceef4983731f7550ead348027cf64df326a3131ced4b5445918208feab683,"Ripple-carry adder, random inputs"
2.1.0,MC-E20,e20_full_20260807_074417,2026-08-07T07:48:05.848791+00:00,adder_4,Adder,4,6,79,-12.166666666666666,-1216.6666666666665,6,51,-7.5,2,26,-12.0,2,0,1.0,0,2,0.0,0.999999999999996,0.12030529975891113,cirq,optimize_for_target_gateset+eject_z+merge_1q,1.6.1,default,ok,47,5,experiments/e20_multi_compiler_full/run.py,359d4060c67ca5d924d143122aab556b53579c5255965144a009fa0a7759908c,376ceef4983731f7550ead348027cf64df326a3131ced4b5445918208feab683,b9876865b9d2e040ea9e61d100e3e9a4d91207e8c14714e317b2f9e67f7835ad,"Ripple-carry adder, random inputs"
2.1.0,MC-E20,e20_full_20260807_074417,2026-08-07T07:48:06.093136+00:00,adder_4,Adder,4,6,38,-5.333333333333333,-533.3333333333333,6,29,-3.833333333333333,2,18,-8.0,2,18,-8.0,0,0,0.0,1.0000000000000009,0.24434423446655273,tket,FullPeepholeOptimise,2.18.0,default,ok,47,5,experiments/e20_multi_compiler_full/run.py,359d4060c67ca5d924d143122aab556b53579c5255965144a009fa0a7759908c,376ceef4983731f7550ead348027cf64df326a3131ced4b5445918208feab683,08c52da0df20a0891132625e6a1f0e3318f2a8b67be15a2e2e1ee662c829b77c,"Ripple-carry adder, random inputs"
2.1.0,MC-E20,e20_full_20260807_074417,2026-08-07T07:48:06.169123+00:00,qwalk_4,QuantumWalk,5,58,453,-6.810344827586207,-681.0344827586207,35,387,-10.057142857142857,6,252,-41.0,6,198,-32.0,0,36,0.0,0.99999999999995,0.014393091201782227,qiskit,transpiler,2.4.1,3,ok,47,5,experiments/e20_multi_compiler_full/run.py,359d4060c67ca5d924d143122aab556b53579c5255965144a009fa0a7759908c,a3a99de6a571b9f2e6d26ef428800e2fcc9d4ecf9dc6e6ed7ab76e689fbde78e,1317011770ab71be30b656deec2878b22dc1c000e22a109ba9143d383555242d,"DTQW on cycle, 3 steps"
2.1.0,MC-E20,e20_full_20260807_074417,2026-08-07T07:48:07.939585+00:00,qwalk_4,QuantumWalk,5,58,824,-13.206896551724139,-1320.689655172414,35,638,-17.228571428571428,6,354,-58.0,6,0,1.0,0,0,0.0,0.9999999999999462,1.658348798751831,cirq,optimize_for_target_gateset+eject_z+merge_1q,1.6.1,default,ok,47,5,experiments/e20_multi_compiler_full/run.py,359d4060c67ca5d924d143122aab556b53579c5255965144a009fa0a7759908c,a3a99de6a571b9f2e6d26ef428800e2fcc9d4ecf9dc6e6ed7ab76e689fbde78e,6ef08f0319174376f0298f15ea0481d243e943a54967bcbf2a2e067706594aeb,"DTQW on cycle, 3 steps"
2.1.0,MC-E20,e20_full_20260807_074417,2026-08-07T07:48:14.032266+00:00,qwalk_4,QuantumWalk,5,58,686,-10.827586206896552,-1082.7586206896551,35,534,-14.257142857142858,6,330,-54.0,6,330,-54.0,0,0,0.0,0.9999999999999711,6.015133857727051,tket,FullPeepholeOptimise,2.18.0,default,ok,47,5,experiments/e20_multi_compiler_full/run.py,359d4060c67ca5d924d143122aab556b53579c5255965144a009fa0a7759908c,a3a99de6a571b9f2e6d26ef428800e2fcc9d4ecf9dc6e6ed7ab76e689fbde78e,c60efbc87dbdeba0c2f950e572c42650e8574cbfbaf879aa48018c053b2d9058,"DTQW on cycle, 3 steps"
2.1.0,MC-E20,e20_full_20260807_074417,2026-08-07T07:48:14.042788+00:00,iqp_4,IQP,4,19,9,0.5263157894736843,52.63157894736843,7,4,0.4285714285714286,2,2,0.0,0,0,0.0,0,0,0.0,0.9999999999999983,0.0,qiskit,transpiler,2.4.1,3,ok,47,5,experiments/e20_multi_compiler_full/run.py,359d4060c67ca5d924d143122aab556b53579c5255965144a009fa0a7759908c,5d4c4d90fe4bd13c63d56fcf56261d614249fe9e15261019ca9fc5db7b11959a,252b8aa033210a638407778039380fca25530965de1b8d63927fcdf5a8775284,"IQP circuit, 3 diagonal layers"
2.1.0,MC-E20,e20_full_20260807_074417,2026-08-07T07:48:14.071681+00:00,iqp_4,IQP,4,19,12,0.368421052631579,36.8421052631579,7,5,0.2857142857142857,2,2,0.0,0,0,0.0,0,0,0.0,0.9999999999999983,0.028280019760131836,cirq,optimize_for_target_gateset+eject_z+merge_1q,1.6.1,default,ok,47,5,experiments/e20_multi_compiler_full/run.py,359d4060c67ca5d924d143122aab556b53579c5255965144a009fa0a7759908c,5d4c4d90fe4bd13c63d56fcf56261d614249fe9e15261019ca9fc5db7b11959a,feedbc28e227730e0887d3e6c5f5531bd58b8d5aa0b8f3eb3d2b0d754caa7a0f,"IQP circuit, 3 diagonal layers"
2.1.0,MC-E20,e20_full_20260807_074417,2026-08-07T07:48:14.162518+00:00,iqp_4,IQP,4,19,9,0.5263157894736843,52.63157894736843,7,5,0.2857142857142857,2,2,0.0,0,2,0.0,0,0,0.0,1.0,0.08883261680603027,tket,FullPeepholeOptimise,2.18.0,default,ok,47,5,experiments/e20_multi_compiler_full/run.py,359d4060c67ca5d924d143122aab556b53579c5255965144a009fa0a7759908c,5d4c4d90fe4bd13c63d56fcf56261d614249fe9e15261019ca9fc5db7b11959a,19d458147ab94f37797c68e05e781b99897d90d9e262b8be3ef0163541a79494,"IQP circuit, 3 diagonal layers"
2.1.0,MC-E20,e20_full_20260807_074417,2026-08-07T07:48:14.162518+00:00,clifford_4,RandomClifford,4,33,10,0.696969696969697,69.6969696969697,13,6,0.5384615384615384,6,4,0.33333333333333337,6,2,0.6666666666666667,16,2,0.875,1.0,0.0,qiskit,transpiler,2.4.1,3,ok,47,5,experiments/e20_multi_compiler_full/run.py,359d4060c67ca5d924d143122aab556b53579c5255965144a009fa0a7759908c,8d9018749bad67eeed7c374fbfebb1219ef1ee12ba5f6ddee84b262ad0b14e2e,3b150815c39e4cb60f234472076f9fa3fc84b9fadebe10f75fd29c204fde131a,"Random Clifford, depth=10"
2.1.0,MC-E20,e20_full_20260807_074417,2026-08-07T07:48:14.215128+00:00,clifford_4,RandomClifford,4,33,15,0.5454545454545454,54.54545454545454,13,8,0.3846153846153846,6,4,0.33333333333333337,6,0,1.0,16,2,0.875,0.9999999999999971,0.039160966873168945,cirq,optimize_for_target_gateset+eject_z+merge_1q,1.6.1,default,ok,47,5,experiments/e20_multi_compiler_full/run.py,359d4060c67ca5d924d143122aab556b53579c5255965144a009fa0a7759908c,8d9018749bad67eeed7c374fbfebb1219ef1ee12ba5f6ddee84b262ad0b14e2e,f6f5e9b2805b9d9a8d53f4a45266622e3d145050c051af6d3077e1a216279dd5,"Random Clifford, depth=10"
2.1.0,MC-E20,e20_full_20260807_074417,2026-08-07T07:48:14.328091+00:00,clifford_4,RandomClifford,4,33,12,0.6363636363636364,63.63636363636363,13,5,0.6153846153846154,6,4,0.33333333333333337,6,4,0.33333333333333337,16,0,1.0,0.999999999999999,0.11296272277832031,tket,FullPeepholeOptimise,2.18.0,default,ok,47,5,experiments/e20_multi_compiler_full/run.py,359d4060c67ca5d924d143122aab556b53579c5255965144a009fa0a7759908c,8d9018749bad67eeed7c374fbfebb1219ef1ee12ba5f6ddee84b262ad0b14e2e,9fa1e3763f89a1bc72ad8f4c7d63996df5c2d0c534104d9e300da5cf9d3584d9,"Random Clifford, depth=10"
2.1.0,MC-E20,e20_full_20260807_074417,2026-08-07T07:48:14.335648+00:00,surface_code_4,SurfaceCode,5,8,8,0.0,0.0,6,6,0.0,4,4,0.0,4,4,0.0,0,0,0.0,0.9999999999999996,0.0075571537017822266,qiskit,transpiler,2.4.1,3,ok,47,5,experiments/e20_multi_compiler_full/run.py,359d4060c67ca5d924d143122aab556b53579c5255965144a009fa0a7759908c,53512946277a42301fa68f686c9c171828fb0d28518fc4a09de7421a08f04155,53512946277a42301fa68f686c9c171828fb0d28518fc4a09de7421a08f04155,X-stabilizer syndrome extraction
2.1.0,MC-E20,e20_full_20260807_074417,2026-08-07T07:48:14.365645+00:00,surface_code_4,SurfaceCode,5,8,8,0.0,0.0,6,6,0.0,4,4,0.0,4,0,1.0,0,0,0.0,0.9999999999999998,0.02999734878540039,cirq,optimize_for_target_gateset+eject_z+merge_1q,1.6.1,default,ok,47,5,experiments/e20_multi_compiler_full/run.py,359d4060c67ca5d924d143122aab556b53579c5255965144a009fa0a7759908c,53512946277a42301fa68f686c9c171828fb0d28518fc4a09de7421a08f04155,fc4ad4e25b1c01c201828f72cb955b4a897ea387d977421750b69a91ad3be8d0,X-stabilizer syndrome extraction
2.1.0,MC-E20,e20_full_20260807_074417,2026-08-07T07:48:14.473569+00:00,surface_code_4,SurfaceCode,5,8,8,0.0,0.0,6,6,0.0,4,4,0.0,4,4,0.0,0,0,0.0,1.0,0.1063532829284668,tket,FullPeepholeOptimise,2.18.0,default,ok,47,5,experiments/e20_multi_compiler_full/run.py,359d4060c67ca5d924d143122aab556b53579c5255965144a009fa0a7759908c,53512946277a42301fa68f686c9c171828fb0d28518fc4a09de7421a08f04155,a12928549e1ba2a3f20ae2f92a15fda6999d96705ff5fa36eb26b1be89dc701f,X-stabilizer syndrome extraction
2.1.0,MC-E20,e20_full_20260807_074417,2026-08-07T07:48:14.481604+00:00,uccsd_4,UCCSD_inspired,4,18,15,0.16666666666666663,16.666666666666664,10,9,0.09999999999999998,8,6,0.25,8,6,0.25,0,0,0.0,1.0,0.008034467697143555,qiskit,transpiler,2.4.1,3,ok,47,5,experiments/e20_multi_compiler_full/run.py,359d4060c67ca5d924d143122aab556b53579c5255965144a009fa0a7759908c,49f424ab1174af6fe97ce6de7dd742f7bc72473bfe8e3d4c2d3bf2066e88e36b,145fde2cbe351ee8d2a6f2779d0bef11ffe43c958b78be28d62b8549963b78a5,Parameterized ansatz INSPIRED BY (not true) UCCSD; see make_parameterized_ansatz docstring. Renamed from 'UCCSD' to 'UCCSD_inspired' per review L3 to avoid false claim.
2.1.0,MC-E20,e20_full_20260807_074417,2026-08-07T07:48:14.531066+00:00,uccsd_4,UCCSD_inspired,4,18,21,-0.16666666666666674,-16.666666666666675,10,11,-0.10000000000000009,8,8,0.0,8,0,1.0,0,0,0.0,0.9999999999999993,0.04845118522644043,cirq,optimize_for_target_gateset+eject_z+merge_1q,1.6.1,default,ok,47,5,experiments/e20_multi_compiler_full/run.py,359d4060c67ca5d924d143122aab556b53579c5255965144a009fa0a7759908c,49f424ab1174af6fe97ce6de7dd742f7bc72473bfe8e3d4c2d3bf2066e88e36b,1e52101c009c04aba52140160a901a8008c6fbe6d2e9f09ca32a309938e81735,Parameterized ansatz INSPIRED BY (not true) UCCSD; see make_parameterized_ansatz docstring. Renamed from 'UCCSD' to 'UCCSD_inspired' per review L3 to avoid false claim.
2.1.0,MC-E20,e20_full_20260807_074417,2026-08-07T07:48:14.632682+00:00,uccsd_4,UCCSD_inspired,4,18,15,0.16666666666666663,16.666666666666664,10,9,0.09999999999999998,8,6,0.25,8,6,0.25,0,0,0.0,1.0,0.09961080551147461,tket,FullPeepholeOptimise,2.18.0,default,ok,47,5,experiments/e20_multi_compiler_full/run.py,359d4060c67ca5d924d143122aab556b53579c5255965144a009fa0a7759908c,49f424ab1174af6fe97ce6de7dd742f7bc72473bfe8e3d4c2d3bf2066e88e36b,caf0549cf6e5b9fa25b49ed2aca72370c77eced008bf2471d12a3a06e3377589,Parameterized ansatz INSPIRED BY (not true) UCCSD; see make_parameterized_ansatz docstring. Renamed from 'UCCSD' to 'UCCSD_inspired' per review L3 to avoid false claim.
2.1.0,MC-E20,e20_full_20260807_074417,2026-08-07T07:48:14.647706+00:00,qft_6,QFT,6,21,21,0.0,0.0,11,11,0.0,15,15,0.0,0,0,0.0,0,0,0.0,0.9999999999999996,0.00888371467590332,qiskit,transpiler,2.4.1,3,ok,47,5,experiments/e20_multi_compiler_full/run.py,359d4060c67ca5d924d143122aab556b53579c5255965144a009fa0a7759908c,e761adf8efeac5c21762208c08429dd4686d16eb4cbc1582e6d4ebc809852f66,ce325feb7eafc0f7673a16bbc3b51544984abb6d137b6ba7752bea283600c12b,
2.1.0,MC-E20,e20_full_20260807_074417,2026-08-07T07:48:14.765811+00:00,qft_6,QFT,6,21,76,-2.619047619047619,-261.9047619047619,11,34,-2.090909090909091,15,30,-1.0,0,0,0.0,0,0,0.0,0.9999999999999976,0.10486507415771484,cirq,optimize_for_target_gateset+eject_z+merge_1q,1.6.1,default,ok,47,5,experiments/e20_multi_compiler_full/run.py,359d4060c67ca5d924d143122aab556b53579c5255965144a009fa0a7759908c,e761adf8efeac5c21762208c08429dd4686d16eb4cbc1582e6d4ebc809852f66,aa7317ad49e1ba6539551cea6f3f914671dec96f4f4e8bc50ade316d1bb9da09,
2.1.0,MC-E20,e20_full_20260807_074417,2026-08-07T07:48:15.266733+00:00,qft_6,QFT,6,21,71,-2.380952380952381,-238.0952380952381,11,33,-2.0,15,30,-1.0,0,30,0.0,0,0,0.0,1.0,0.491549015045166,tket,FullPeepholeOptimise,2.18.0,default,ok,47,5,experiments/e20_multi_compiler_full/run.py,359d4060c67ca5d924d143122aab556b53579c5255965144a009fa0a7759908c,e761adf8efeac5c21762208c08429dd4686d16eb4cbc1582e6d4ebc809852f66,1e4c9ed3e36094a6271070b1f1ab2b30e856264476b0c22125357dc3af1d9cc7,
2.1.0,MC-E20,e20_full_20260807_074417,2026-08-07T07:48:15.273449+00:00,ghz_6,GHZ,6,6,6,0.0,0.0,6,6,0.0,5,5,0.0,5,5,0.0,0,0,0.0,0.9999999999999998,0.0067157745361328125,qiskit,transpiler,2.4.1,3,ok,47,5,experiments/e20_multi_compiler_full/run.py,359d4060c67ca5d924d143122aab556b53579c5255965144a009fa0a7759908c,df499dded1e0518f2f6266b9f0e35d3c81e6057b5ba6e6decbb0f26370e5bb03,df499dded1e0518f2f6266b9f0e35d3c81e6057b5ba6e6decbb0f26370e5bb03,
2.1.0,MC-E20,e20_full_20260807_074417,2026-08-07T07:48:15.307576+00:00,ghz_6,GHZ,6,6,17,-1.8333333333333335,-183.33333333333334,6,11,-0.8333333333333333,5,5,0.0,5,0,1.0,0,0,0.0,0.9999999999999973,0.034126996994018555,cirq,optimize_for_target_gateset+eject_z+merge_1q,1.6.1,default,ok,47,5,experiments/e20_multi_compiler_full/run.py,359d4060c67ca5d924d143122aab556b53579c5255965144a009fa0a7759908c,df499dded1e0518f2f6266b9f0e35d3c81e6057b5ba6e6decbb0f26370e5bb03,c50c1659240f976169f89857782a0a444ef9d6f07ecfed87fa6ae5bbbec4d547,
2.1.0,MC-E20,e20_full_20260807_074417,2026-08-07T07:48:15.418121+00:00,ghz_6,GHZ,6,6,6,0.0,0.0,6,6,0.0,5,5,0.0,5,5,0.0,0,0,0.0,1.0,0.11054587364196777,tket,FullPeepholeOptimise,2.18.0,default,ok,47,5,experiments/e20_multi_compiler_full/run.py,359d4060c67ca5d924d143122aab556b53579c5255965144a009fa0a7759908c,df499dded1e0518f2f6266b9f0e35d3c81e6057b5ba6e6decbb0f26370e5bb03,f5606110b4c9de2d9c41d6892ae7b8cd5a5d8a4dec34af69160c119d936ae28b,
2.1.0,MC-E20,e20_full_20260807_074417,2026-08-07T07:48:15.428737+00:00,cnot_chain_6,CNOT,6,40,0,1.0,100.0,22,0,1.0,40,0,1.0,40,0,1.0,0,0,0.0,1.0,0.007512807846069336,qiskit,transpiler,2.4.1,3,ok,47,5,experiments/e20_multi_compiler_full/run.py,359d4060c67ca5d924d143122aab556b53579c5255965144a009fa0a7759908c,a9cbe813352eb8bbddbb6de7feecde853f066b5cf29e96a7a2f84a6cd354761a,995ca4ef9eaba10dd58f1ab322947f30c40e0f095185660849ca98aed2848347,
2.1.0,MC-E20,e20_full_20260807_074417,2026-08-07T07:48:15.469865+00:00,cnot_chain_6,CNOT,6,40,0,1.0,100.0,22,0,1.0,40,0,1.0,40,0,1.0,0,0,0.0,,0.04112815856933594,cirq,optimize_for_target_gateset+eject_z+merge_1q,1.6.1,default,ok,47,5,experiments/e20_multi_compiler_full/run.py,359d4060c67ca5d924d143122aab556b53579c5255965144a009fa0a7759908c,a9cbe813352eb8bbddbb6de7feecde853f066b5cf29e96a7a2f84a6cd354761a,6f8e18c5611960a199a59d79e4d4e52c427ac524f6c9f379d05c73dc41c9fc91,
2.1.0,MC-E20,e20_full_20260807_074417,2026-08-07T07:48:15.476579+00:00,cnot_chain_6,CNOT,6,40,0,1.0,100.0,22,0,1.0,40,0,1.0,40,0,1.0,0,0,0.0,1.0,0.0,tket,FullPeepholeOptimise,2.18.0,default,ok,47,5,experiments/e20_multi_compiler_full/run.py,359d4060c67ca5d924d143122aab556b53579c5255965144a009fa0a7759908c,a9cbe813352eb8bbddbb6de7feecde853f066b5cf29e96a7a2f84a6cd354761a,995ca4ef9eaba10dd58f1ab322947f30c40e0f095185660849ca98aed2848347,
2.1.0,MC-E20,e20_full_20260807_074417,2026-08-07T07:48:15.489815+00:00,bv_6,Oracle,7,22,20,0.09090909090909094,9.090909090909093,10,8,0.19999999999999996,6,6,0.0,6,6,0.0,0,0,0.0,0.9999999999999962,0.005768537521362305,qiskit,transpiler,2.4.1,3,ok,47,5,experiments/e20_multi_compiler_full/run.py,359d4060c67ca5d924d143122aab556b53579c5255965144a009fa0a7759908c,d04588e1994ce6aaede6ac10c948a5ca60e43472723d7de081a6df4ec037d73d,70870b4891039a1e1268b028621ec1e1af2baaa274ea6b8547c14b378a8f5afb,
2.1.0,MC-E20,e20_full_20260807_074417,2026-08-07T07:48:15.535712+00:00,bv_6,Oracle,7,22,25,-0.13636363636363646,-13.636363636363647,10,9,0.09999999999999998,6,6,0.0,6,0,1.0,0,0,0.0,0.9999999999999962,0.045897483825683594,cirq,optimize_for_target_gateset+eject_z+merge_1q,1.6.1,default,ok,47,5,experiments/e20_multi_compiler_full/run.py,359d4060c67ca5d924d143122aab556b53579c5255965144a009fa0a7759908c,d04588e1994ce6aaede6ac10c948a5ca60e43472723d7de081a6df4ec037d73d,0a9f76611610c9e89019eea07f04cb206492ccfd90208462578f3bcfbd4ca466,
2.1.0,MC-E20,e20_full_20260807_074417,2026-08-07T07:48:15.553880+00:00,qaoa_line_6,QAOA,6,48,48,0.0,0.0,24,24,0.0,20,20,0.0,20,20,0.0,0,0,0.0,1.0000000000000009,0.018167495727539062,qiskit,transpiler,2.4.1,3,ok,47,5,experiments/e20_multi_compiler_full/run.py,359d4060c67ca5d924d143122aab556b53579c5255965144a009fa0a7759908c,4c641a80154082db0ac9624008da94e73ee9cf9702cf70f956a62c21efaf408f,4c641a80154082db0ac9624008da94e73ee9cf9702cf70f956a62c21efaf408f,
2.1.0,MC-E20,e20_full_20260807_074417,2026-08-07T07:48:15.667632+00:00,qaoa_line_6,QAOA,6,48,63,-0.3125,-31.25,24,30,-0.25,20,20,0.0,20,0,1.0,0,0,0.0,0.9999999999999987,0.09685277938842773,cirq,optimize_for_target_gateset+eject_z+merge_1q,1.6.1,default,ok,47,5,experiments/e20_multi_compiler_full/run.py,359d4060c67ca5d924d143122aab556b53579c5255965144a009fa0a7759908c,4c641a80154082db0ac9624008da94e73ee9cf9702cf70f956a62c21efaf408f,459c381d9ecdaa757a45b1209be5743745d0e0a0a009691751788738ed061f70,
2.1.0,MC-E20,e20_full_20260807_074417,2026-08-07T07:48:16.031993+00:00,qaoa_line_6,QAOA,6,48,46,0.04166666666666663,4.1666666666666625,24,24,0.0,20,20,0.0,20,20,0.0,0,0,0.0,1.0000000000000009,0.3493180274963379,tket,FullPeepholeOptimise,2.18.0,default,ok,47,5,experiments/e20_multi_compiler_full/run.py,359d4060c67ca5d924d143122aab556b53579c5255965144a009fa0a7759908c,4c641a80154082db0ac9624008da94e73ee9cf9702cf70f956a62c21efaf408f,a27dc1b926c79f2562328b61d412f3b5565b51ea96999ea5c02e1d81fecce110,
2.1.0,MC-E20,e20_full_20260807_074417,2026-08-07T07:48:16.049412+00:00,vqe_twolocal_6,VQE,6,46,28,0.3913043478260869,39.13043478260869,13,10,0.23076923076923073,10,10,0.0,10,10,0.0,0,0,0.0,0.9999999999999996,0.0,qiskit,transpiler,2.4.1,3,ok,47,5,experiments/e20_multi_compiler_full/run.py,359d4060c67ca5d924d143122aab556b53579c5255965144a009fa0a7759908c,529eaa1d872fd2d7abb82df951890a6bb13d5c95d5463165e3e2fda13f2b7d2a,1c49f79103d64f7f231bb54588ec80471c3f6d88cf2e1503d64d3038f2bdc65f,
2.1.0,MC-E20,e20_full_20260807_074417,2026-08-07T07:48:16.144726+00:00,vqe_twolocal_6,VQE,6,46,47,-0.021739130434782705,-2.1739130434782705,13,17,-0.3076923076923077,10,10,0.0,10,0,1.0,0,0,0.0,0.9999999999999978,0.0746452808380127,cirq,optimize_for_target_gateset+eject_z+merge_1q,1.6.1,default,ok,47,5,experiments/e20_multi_compiler_full/run.py,359d4060c67ca5d924d143122aab556b53579c5255965144a009fa0a7759908c,529eaa1d872fd2d7abb82df951890a6bb13d5c95d5463165e3e2fda13f2b7d2a,29ee4eb2c7002b659baff4a8f7ab2ca33cd34290e860a7ac06f3237ffbb717db,
2.1.0,MC-E20,e20_full_20260807_074417,2026-08-07T07:48:16.477900+00:00,vqe_twolocal_6,VQE,6,46,28,0.3913043478260869,39.13043478260869,13,10,0.23076923076923073,10,10,0.0,10,10,0.0,0,0,0.0,0.9999999999999998,0.3308234214782715,tket,FullPeepholeOptimise,2.18.0,default,ok,47,5,experiments/e20_multi_compiler_full/run.py,359d4060c67ca5d924d143122aab556b53579c5255965144a009fa0a7759908c,529eaa1d872fd2d7abb82df951890a6bb13d5c95d5463165e3e2fda13f2b7d2a,f7cd90ee963a290afea4939f6360472cd71ce791b434a00f4873f4fd8eea8a5d,
2.1.0,MC-E20,e20_full_20260807_074417,2026-08-07T07:48:16.493440+00:00,hardware_eff_6,HardwareEfficient,6,34,22,0.3529411764705882,35.29411764705882,8,6,0.25,10,10,0.0,10,10,0.0,0,0,0.0,0.9999999999999996,0.0,qiskit,transpiler,2.4.1,3,ok,47,5,experiments/e20_multi_compiler_full/run.py,359d4060c67ca5d924d143122aab556b53579c5255965144a009fa0a7759908c,a4c80304f4769cfb245c89916d62f0afb73004a860ade7d3ddc114f1a7129471,81e69029e8e080f7d6519f0ae864bad3ec8c1040cc39b8a7c9b936a25229fadc,
2.1.0,MC-E20,e20_full_20260807_074417,2026-08-07T07:48:16.558603+00:00,hardware_eff_6,HardwareEfficient,6,34,40,-0.17647058823529416,-17.647058823529417,8,10,-0.25,10,10,0.0,10,0,1.0,0,0,0.0,0.9999999999999964,0.06516242027282715,cirq,optimize_for_target_gateset+eject_z+merge_1q,1.6.1,default,ok,47,5,experiments/e20_multi_compiler_full/run.py,359d4060c67ca5d924d143122aab556b53579c5255965144a009fa0a7759908c,a4c80304f4769cfb245c89916d62f0afb73004a860ade7d3ddc114f1a7129471,168dfccfcce91c07f00bae0dc9dcc587f75d947202335d254831ea432d5aae13,
2.1.0,MC-E20,e20_full_20260807_074417,2026-08-07T07:48:16.843132+00:00,hardware_eff_6,HardwareEfficient,6,34,22,0.3529411764705882,35.29411764705882,8,6,0.25,10,10,0.0,10,10,0.0,0,0,0.0,1.0,0.2845292091369629,tket,FullPeepholeOptimise,2.18.0,default,ok,47,5,experiments/e20_multi_compiler_full/run.py,359d4060c67ca5d924d143122aab556b53579c5255965144a009fa0a7759908c,a4c80304f4769cfb245c89916d62f0afb73004a860ade7d3ddc114f1a7129471,a9bd44c8170bd56b951aea4027e82c91257d2b34d919dfb4b9861145b7f3c616,
2.1.0,MC-E20,e20_full_20260807_074417,2026-08-07T07:48:16.933967+00:00,grover_6,Grover,6,44,20,0.5454545454545454,54.54545454545454,13,5,0.6153846153846154,0,0,0.0,0,0,0.0,0,0,0.0,0.9999999999999587,0.0,qiskit,transpiler,2.4.1,3,ok,47,5,experiments/e20_multi_compiler_full/run.py,359d4060c67ca5d924d143122aab556b53579c5255965144a009fa0a7759908c,96f6e3a5ae461158a785d8ff81fbe91f198114ea3a1fb65583d640ddd7edadcd,b5b4036cb036279959266ba21779f3c951426615824592ad99797ed8063d415b,"Single Grover iteration, random marked state"
2.1.0,MC-E20,e20_full_20260807_074417,2026-08-07T07:48:17.795715+00:00,grover_6,Grover,6,44,400,-8.090909090909092,-809.0909090909091,13,284,-20.846153846153847,0,166,0.0,0,0,0.0,0,1,0.0,0.9999999999999661,0.787431001663208,cirq,optimize_for_target_gateset+eject_z+merge_1q,1.6.1,default,ok,47,5,experiments/e20_multi_compiler_full/run.py,359d4060c67ca5d924d143122aab556b53579c5255965144a009fa0a7759908c,96f6e3a5ae461158a785d8ff81fbe91f198114ea3a1fb65583d640ddd7edadcd,51104a02d54ff81ed2f0cbcb853119382e55ca1cf0f038f3fb521ed4be325c39,"Single Grover iteration, random marked state"
2.1.0,MC-E20,e20_full_20260807_074417,2026-08-07T07:48:20.324579+00:00,grover_6,Grover,6,44,344,-6.818181818181818,-681.8181818181819,13,233,-16.923076923076923,0,160,0.0,0,160,0.0,0,0,0.0,0.9999999999999817,2.4633562564849854,tket,FullPeepholeOptimise,2.18.0,default,ok,47,5,experiments/e20_multi_compiler_full/run.py,359d4060c67ca5d924d143122aab556b53579c5255965144a009fa0a7759908c,96f6e3a5ae461158a785d8ff81fbe91f198114ea3a1fb65583d640ddd7edadcd,84dbb2381973888d1009bad91c21072bfb3fc0ff414826b200ceb40dc8d7c96c,"Single Grover iteration, random marked state"
2.1.0,MC-E20,e20_full_20260807_074417,2026-08-07T07:48:20.339702+00:00,adder_6,Adder,7,12,12,0.0,0.0,8,8,0.0,4,4,0.0,4,4,0.0,0,0,0.0,1.0,0.013282299041748047,qiskit,transpiler,2.4.1,3,ok,47,5,experiments/e20_multi_compiler_full/run.py,359d4060c67ca5d924d143122aab556b53579c5255965144a009fa0a7759908c,12aba0a55cc5324f1f86a4be0a6e11b63595a323c727cbf9b31cd9615f0e057d,1650160de48362b9e2e42af59f8f69d97fd9b6c2f14788b96e8513176e4e358f,"Ripple-carry adder, random inputs"
2.1.0,MC-E20,e20_full_20260807_074417,2026-08-07T07:48:20.634313+00:00,adder_6,Adder,7,12,159,-12.25,-1225.0,8,82,-9.25,4,52,-12.0,4,0,1.0,0,2,0.0,0.9999999999999915,0.25962281227111816,cirq,optimize_for_target_gateset+eject_z+merge_1q,1.6.1,default,ok,47,5,experiments/e20_multi_compiler_full/run.py,359d4060c67ca5d924d143122aab556b53579c5255965144a009fa0a7759908c,12aba0a55cc5324f1f86a4be0a6e11b63595a323c727cbf9b31cd9615f0e057d,a2461d3dcaafae8ba9b06ae75858869627b5d8def6b13a278b7d5778c7e3b4c1,"Ripple-carry adder, random inputs"
2.1.0,MC-E20,e20_full_20260807_074417,2026-08-07T07:48:21.814165+00:00,qwalk_6,QuantumWalk,7,82,2300,-27.048780487804876,-2704.8780487804875,47,1695,-35.06382978723404,6,990,-164.0,6,990,-164.0,0,305,0.0,0.9999999999997832,0.032918691635131836,qiskit,transpiler,2.4.1,3,ok,47,5,experiments/e20_multi_compiler_full/run.py,359d4060c67ca5d924d143122aab556b53579c5255965144a009fa0a7759908c,0e7ae4c411f630486a0163f055735b79dec622df02de2a6bcf5503ed7fefae7b,d967312ee4ec96823b38dd1d8fce35cb059bb7642b3fd48d11a04eaf8664ad14,"DTQW on cycle, 3 steps"
2.1.0,MC-E20,e20_full_20260807_074417,2026-08-07T07:48:31.069987+00:00,qwalk_6,QuantumWalk,7,82,3879,-46.30487804878049,-4630.487804878048,47,2690,-56.234042553191486,6,1678,-278.6666666666667,6,0,1.0,0,8,0.0,0.9999999999997303,7.823270320892334,cirq,optimize_for_target_gateset+eject_z+merge_1q,1.6.1,default,ok,47,5,experiments/e20_multi_compiler_full/run.py,359d4060c67ca5d924d143122aab556b53579c5255965144a009fa0a7759908c,0e7ae4c411f630486a0163f055735b79dec622df02de2a6bcf5503ed7fefae7b,607b77de7605c63d4bf46023627e9433c484cff2b5aa0beb11fe43da8db6cdab,"DTQW on cycle, 3 steps"
2.1.0,MC-E20,e20_full_20260807_074417,2026-08-07T07:48:31.085309+00:00,iqp_6,IQP,6,37,7,0.8108108108108107,81.08108108108108,12,3,0.75,11,1,0.9090909090909091,0,0,0.0,0,0,0.0,0.9999999999999969,0.015321731567382812,qiskit,transpiler,2.4.1,3,ok,47,5,experiments/e20_multi_compiler_full/run.py,359d4060c67ca5d924d143122aab556b53579c5255965144a009fa0a7759908c,9f912b26b1b65ef19a29f612997fc74134a99c509c9fc7d24dc53f99865be83c,e4f318cf774949b00dffb9635b3725f596af827d0f28f926be09af0c79248290,"IQP circuit, 3 diagonal layers"
2.1.0,MC-E20,e20_full_20260807_074417,2026-08-07T07:48:31.151176+00:00,iqp_6,IQP,6,37,27,0.2702702702702703,27.027027027027028,12,10,0.16666666666666663,11,11,0.0,0,0,0.0,0,3,0.0,0.9999999999999964,0.06586694717407227,cirq,optimize_for_target_gateset+eject_z+merge_1q,1.6.1,default,ok,47,5,experiments/e20_multi_compiler_full/run.py,359d4060c67ca5d924d143122aab556b53579c5255965144a009fa0a7759908c,9f912b26b1b65ef19a29f612997fc74134a99c509c9fc7d24dc53f99865be83c,e851470fa2458d196a647c0b2fecf749949f4c7bd678c6b40090a31e7ba0b13f,"IQP circuit, 3 diagonal layers"
2.1.0,MC-E20,e20_full_20260807_074417,2026-08-07T07:48:31.236243+00:00,iqp_6,IQP,6,37,6,0.8378378378378378,83.78378378378379,12,3,0.75,11,1,0.9090909090909091,0,1,0.0,0,0,0.0,0.9999999999999996,0.06980776786804199,tket,FullPeepholeOptimise,2.18.0,default,ok,47,5,experiments/e20_multi_compiler_full/run.py,359d4060c67ca5d924d143122aab556b53579c5255965144a009fa0a7759908c,9f912b26b1b65ef19a29f612997fc74134a99c509c9fc7d24dc53f99865be83c,4af4757e2e3c0f54a0dd2ddd629c6235b23f720396b0c2bf1051b78a0e52c6b2,"IQP circuit, 3 diagonal layers"
2.1.0,MC-E20,e20_full_20260807_074417,2026-08-07T07:48:31.256963+00:00,clifford_6,RandomClifford,6,48,8,0.8333333333333334,83.33333333333334,11,3,0.7272727272727273,5,2,0.6,5,1,0.8,17,1,0.9411764705882353,0.9999999999999964,0.015198230743408203,qiskit,transpiler,2.4.1,3,ok,47,5,experiments/e20_multi_compiler_full/run.py,359d4060c67ca5d924d143122aab556b53579c5255965144a009fa0a7759908c,b44cb7fdb34a0d4292978a7c04a2f645b370bdf86d65295f37f3535bed189fe1,28ba4e7b9af441f59c029f9538219a1b8e3c05fd861a96089ddd0f8e4634653c,"Random Clifford, depth=10"
2.1.0,MC-E20,e20_full_20260807_074417,2026-08-07T07:48:31.297584+00:00,clifford_6,RandomClifford,6,48,12,0.75,75.0,11,4,0.6363636363636364,5,2,0.6,5,0,1.0,17,1,0.9411764705882353,0.9999999999999957,0.03659629821777344,cirq,optimize_for_target_gateset+eject_z+merge_1q,1.6.1,default,ok,47,5,experiments/e20_multi_compiler_full/run.py,359d4060c67ca5d924d143122aab556b53579c5255965144a009fa0a7759908c,b44cb7fdb34a0d4292978a7c04a2f645b370bdf86d65295f37f3535bed189fe1,c5465b0234e9a7dd985f2d4446bf2f93a9192922523ac73eee89d7c3d1e4bb64,"Random Clifford, depth=10"
2.1.0,MC-E20,e20_full_20260807_074417,2026-08-07T07:48:31.358296+00:00,clifford_6,RandomClifford,6,48,11,0.7708333333333334,77.08333333333334,11,3,0.7272727272727273,5,2,0.6,5,2,0.6,17,0,1.0,0.9999999999999963,0.05576491355895996,tket,FullPeepholeOptimise,2.18.0,default,ok,47,5,experiments/e20_multi_compiler_full/run.py,359d4060c67ca5d924d143122aab556b53579c5255965144a009fa0a7759908c,b44cb7fdb34a0d4292978a7c04a2f645b370bdf86d65295f37f3535bed189fe1,8f5ea9c59e41d8c93eeb5287cb2e8bc3a71b568c3ee321808947a26099b49d54,"Random Clifford, depth=10"
2.1.0,MC-E20,e20_full_20260807_074417,2026-08-07T07:48:31.369276+00:00,surface_code_6,SurfaceCode,7,8,8,0.0,0.0,8,8,0.0,6,6,0.0,6,6,0.0,0,0,0.0,0.9999999999999998,0.0037174224853515625,qiskit,transpiler,2.4.1,3,ok,47,5,experiments/e20_multi_compiler_full/run.py,359d4060c67ca5d924d143122aab556b53579c5255965144a009fa0a7759908c,c79699bc553ba266feca0cc48d12346c9fa31633f6c158d26ee08f6599c9d82f,c79699bc553ba266feca0cc48d12346c9fa31633f6c158d26ee08f6599c9d82f,X-stabilizer syndrome extraction
2.1.0,MC-E20,e20_full_20260807_074417,2026-08-07T07:48:31.398718+00:00,surface_code_6,SurfaceCode,7,8,6,0.25,25.0,8,6,0.25,6,6,0.0,6,0,1.0,0,0,0.0,0.9999999999999998,0.029442310333251953,cirq,optimize_for_target_gateset+eject_z+merge_1q,1.6.1,default,ok,47,5,experiments/e20_multi_compiler_full/run.py,359d4060c67ca5d924d143122aab556b53579c5255965144a009fa0a7759908c,c79699bc553ba266feca0cc48d12346c9fa31633f6c158d26ee08f6599c9d82f,6696020bd4933e6d44d153ef81124f2dc62c93bb2afac6e66efffd5a069f5ea1,X-stabilizer syndrome extraction
2.1.0,MC-E20,e20_full_20260807_074417,2026-08-07T07:48:31.496761+00:00,uccsd_6,UCCSD_inspired,6,58,44,0.24137931034482762,24.13793103448276,28,25,0.1071428571428571,29,21,0.27586206896551724,29,21,0.27586206896551724,0,0,0.0,0.9999999999999993,0.09804272651672363,qiskit,transpiler,2.4.1,3,ok,47,5,experiments/e20_multi_compiler_full/run.py,359d4060c67ca5d924d143122aab556b53579c5255965144a009fa0a7759908c,4c1a720c5ef10d3efaec52071bad21514876a5f77de8e9e4460067b7fa891159,f0f317c7d66b22f15c0b121f65bad2238cc2f36bd95086d23706bea31784491e,Parameterized ansatz INSPIRED BY (not true) UCCSD; see make_parameterized_ansatz docstring. Renamed from 'UCCSD' to 'UCCSD_inspired' per review L3 to avoid false claim.
2.1.0,MC-E20,e20_full_20260807_074417,2026-08-07T07:48:31.650544+00:00,uccsd_6,UCCSD_inspired,6,58,67,-0.15517241379310343,-15.517241379310342,28,32,-0.1428571428571428,29,29,0.0,29,0,1.0,0,0,0.0,0.9999999999999991,0.15378260612487793,cirq,optimize_for_target_gateset+eject_z+merge_1q,1.6.1,default,ok,47,5,experiments/e20_multi_compiler_full/run.py,359d4060c67ca5d924d143122aab556b53579c5255965144a009fa0a7759908c,4c1a720c5ef10d3efaec52071bad21514876a5f77de8e9e4460067b7fa891159,d9fde79b40586da862c99e46eedcc9377b82d1b8570a8de19fe32c591f4bc7ee,Parameterized ansatz INSPIRED BY (not true) UCCSD; see make_parameterized_ansatz docstring. Renamed from 'UCCSD' to 'UCCSD_inspired' per review L3 to avoid false claim.
2.1.0,MC-E20,e20_full_20260807_074417,2026-08-07T07:48:32.177399+00:00,uccsd_6,UCCSD_inspired,6,58,44,0.24137931034482762,24.13793103448276,28,25,0.1071428571428571,29,21,0.27586206896551724,29,21,0.27586206896551724,0,0,0.0,0.9999999999999996,0.5174229145050049,tket,FullPeepholeOptimise,2.18.0,default,ok,47,5,experiments/e20_multi_compiler_full/run.py,359d4060c67ca5d924d143122aab556b53579c5255965144a009fa0a7759908c,4c1a720c5ef10d3efaec52071bad21514876a5f77de8e9e4460067b7fa891159,8d26f016f29257039f8227b6a4481ecef9eaae0f8d398b793f8495c9638d4ab3,Parameterized ansatz INSPIRED BY (not true) UCCSD; see make_parameterized_ansatz docstring. Renamed from 'UCCSD' to 'UCCSD_inspired' per review L3 to avoid false claim.
2.1.0,MC-E20,e20_full_20260807_074417,2026-08-07T07:48:32.267451+00:00,qft_8,QFT,8,36,36,0.0,0.0,15,15,0.0,28,28,0.0,0,0,0.0,0,0,0.0,0.9999999999999969,0.0,qiskit,transpiler,2.4.1,3,ok,47,5,experiments/e20_multi_compiler_full/run.py,359d4060c67ca5d924d143122aab556b53579c5255965144a009fa0a7759908c,b2f83603b76f95e86e3b51898d6ea360adf3a62f51aa296baf0178913d4108b2,5e235910f0329f12c7dc3b126bc0da34cd22bcb22e80d7885306046eb1f2b62c,
2.1.0,MC-E20,e20_full_20260807_074417,2026-08-07T07:48:32.581669+00:00,qft_8,QFT,8,36,134,-2.7222222222222223,-272.22222222222223,15,48,-2.2,28,56,-1.0,0,0,0.0,0,0,0.0,0.9999999999999962,0.16880226135253906,cirq,optimize_for_target_gateset+eject_z+merge_1q,1.6.1,default,ok,47,5,experiments/e20_multi_compiler_full/run.py,359d4060c67ca5d924d143122aab556b53579c5255965144a009fa0a7759908c,b2f83603b76f95e86e3b51898d6ea360adf3a62f51aa296baf0178913d4108b2,f2003bd53d0d1c2c3df986457ae1336e33215aedb071156e8c9562fb9841837f,
2.1.0,MC-E20,e20_full_20260807_074417,2026-08-07T07:48:32.604538+00:00,ghz_8,GHZ,8,8,8,0.0,0.0,8,8,0.0,7,7,0.0,7,7,0.0,0,0,0.0,0.9999999999999998,0.0,qiskit,transpiler,2.4.1,3,ok,47,5,experiments/e20_multi_compiler_full/run.py,359d4060c67ca5d924d143122aab556b53579c5255965144a009fa0a7759908c,587577f385cf54a3edd3cc639b3ac8cc5aa139f2ef414827515ddc7be4c12104,587577f385cf54a3edd3cc639b3ac8cc5aa139f2ef414827515ddc7be4c12104,
2.1.0,MC-E20,e20_full_20260807_074417,2026-08-07T07:48:32.666101+00:00,ghz_8,GHZ,8,8,23,-1.875,-187.5,8,15,-0.875,7,7,0.0,7,0,1.0,0,0,0.0,0.9999999999999971,0.03490400314331055,cirq,optimize_for_target_gateset+eject_z+merge_1q,1.6.1,default,ok,47,5,experiments/e20_multi_compiler_full/run.py,359d4060c67ca5d924d143122aab556b53579c5255965144a009fa0a7759908c,587577f385cf54a3edd3cc639b3ac8cc5aa139f2ef414827515ddc7be4c12104,a2f2d04e71fa038bd3a71061f2357cee894af4692955787292458304cec3a3f6,
2.1.0,MC-E20,e20_full_20260807_074417,2026-08-07T07:48:32.723898+00:00,cnot_chain_8,CNOT,8,56,0,1.0,100.0,26,0,1.0,56,0,1.0,56,0,1.0,0,0,0.0,1.0,0.0040094852447509766,qiskit,transpiler,2.4.1,3,ok,47,5,experiments/e20_multi_compiler_full/run.py,359d4060c67ca5d924d143122aab556b53579c5255965144a009fa0a7759908c,d3e8b51351e86caa6d8939fe0a903f48a089e7d220d46a14b52d6c94e6e43394,b9f67046a69160a09ec4f4fa9eb23036fff76352de4a4103d9d677b302f18c04,
2.1.0,MC-E20,e20_full_20260807_074417,2026-08-07T07:48:32.760664+00:00,cnot_chain_8,CNOT,8,56,0,1.0,100.0,26,0,1.0,56,0,1.0,56,0,1.0,0,0,0.0,,0.03676581382751465,cirq,optimize_for_target_gateset+eject_z+merge_1q,1.6.1,default,ok,47,5,experiments/e20_multi_compiler_full/run.py,359d4060c67ca5d924d143122aab556b53579c5255965144a009fa0a7759908c,d3e8b51351e86caa6d8939fe0a903f48a089e7d220d46a14b52d6c94e6e43394,6f8e18c5611960a199a59d79e4d4e52c427ac524f6c9f379d05c73dc41c9fc91,
2.1.0,MC-E20,e20_full_20260807_074417,2026-08-07T07:48:32.775520+00:00,bv_8,Oracle,9,26,20,0.23076923076923073,23.076923076923073,10,8,0.19999999999999996,6,6,0.0,6,6,0.0,0,0,0.0,,0.01485586166381836,qiskit,transpiler,2.4.1,3,ok,47,5,experiments/e20_multi_compiler_full/run.py,359d4060c67ca5d924d143122aab556b53579c5255965144a009fa0a7759908c,bf533e4c5d9b22ad50244767ee4e6a06ce85da8ea504cba53b288578d371a8ea,925f54f08d88a728beaf13f2ff1c561a8e893130d0a2fb38de59faf5d8028746,
2.1.0,MC-E20,e20_full_20260807_074417,2026-08-07T07:48:32.883097+00:00,qaoa_line_8,QAOA,8,66,66,0.0,0.0,30,30,0.0,28,28,0.0,28,28,0.0,0,0,0.0,1.0000000000000044,0.010932445526123047,qiskit,transpiler,2.4.1,3,ok,47,5,experiments/e20_multi_compiler_full/run.py,359d4060c67ca5d924d143122aab556b53579c5255965144a009fa0a7759908c,1a2ea2aced22fa2734bd1186979d6e182f7649895d373d8a53ed4e437f2cecaf,1a2ea2aced22fa2734bd1186979d6e182f7649895d373d8a53ed4e437f2cecaf,
2.1.0,MC-E20,e20_full_20260807_074417,2026-08-07T07:48:33.116822+00:00,qaoa_line_8,QAOA,8,66,90,-0.36363636363636354,-36.36363636363635,30,42,-0.3999999999999999,28,28,0.0,28,0,1.0,0,0,0.0,0.9999999999999996,0.12212753295898438,cirq,optimize_for_target_gateset+eject_z+merge_1q,1.6.1,default,ok,47,5,experiments/e20_multi_compiler_full/run.py,359d4060c67ca5d924d143122aab556b53579c5255965144a009fa0a7759908c,1a2ea2aced22fa2734bd1186979d6e182f7649895d373d8a53ed4e437f2cecaf,bd09529b3b19ba64ecbbd10384cdde11c4741a369e41ad4924f0522fc289b81a,
2.1.0,MC-E20,e20_full_20260807_074417,2026-08-07T07:48:33.189273+00:00,vqe_twolocal_8,VQE,8,62,38,0.3870967741935484,38.70967741935484,15,12,0.19999999999999996,14,14,0.0,14,14,0.0,0,0,0.0,1.0,0.007626771926879883,qiskit,transpiler,2.4.1,3,ok,47,5,experiments/e20_multi_compiler_full/run.py,359d4060c67ca5d924d143122aab556b53579c5255965144a009fa0a7759908c,43d87f231de2f92a789a143207c25bb85187cf6c55c9a9e87aa16be9afdb6661,283259e52abcd585b3608dd741192b9e6b468852bc2e379124f02392c2b2bd04,
2.1.0,MC-E20,e20_full_20260807_074417,2026-08-07T07:48:33.393881+00:00,vqe_twolocal_8,VQE,8,62,65,-0.048387096774193505,-4.8387096774193505,15,21,-0.3999999999999999,14,14,0.0,14,0,1.0,0,0,0.0,0.9999999999999964,0.10651159286499023,cirq,optimize_for_target_gateset+eject_z+merge_1q,1.6.1,default,ok,47,5,experiments/e20_multi_compiler_full/run.py,359d4060c67ca5d924d143122aab556b53579c5255965144a009fa0a7759908c,43d87f231de2f92a789a143207c25bb85187cf6c55c9a9e87aa16be9afdb6661,eab5816efd2830fe9b09d74cfc7e05996d9659c44c63496fdc68c1860e867bec,
2.1.0,MC-E20,e20_full_20260807_074417,2026-08-07T07:48:33.448925+00:00,hardware_eff_8,HardwareEfficient,8,46,30,0.34782608695652173,34.78260869565217,8,6,0.25,14,14,0.0,14,14,0.0,0,0,0.0,1.0,0.005756855010986328,qiskit,transpiler,2.4.1,3,ok,47,5,experiments/e20_multi_compiler_full/run.py,359d4060c67ca5d924d143122aab556b53579c5255965144a009fa0a7759908c,809d7a3425a899c5dee0f41f2d2e40c5b04e762cfc9258c5cd55b818084c720a,4c79500e7dc03cb892c68c1bb8aa17cadc1968a3207f2621f383e4126019f360,
2.1.0,MC-E20,e20_full_20260807_074417,2026-08-07T07:48:33.607432+00:00,hardware_eff_8,HardwareEfficient,8,46,55,-0.19565217391304346,-19.565217391304344,8,10,-0.25,14,14,0.0,14,0,1.0,0,0,0.0,0.9999999999999969,0.08227419853210449,cirq,optimize_for_target_gateset+eject_z+merge_1q,1.6.1,default,ok,47,5,experiments/e20_multi_compiler_full/run.py,359d4060c67ca5d924d143122aab556b53579c5255965144a009fa0a7759908c,809d7a3425a899c5dee0f41f2d2e40c5b04e762cfc9258c5cd55b818084c720a,58d32af243597b82bcdbfbbceeb21db976b5bd7e405bdc80f4396fb4892b5beb,
2.1.0,MC-E20,e20_full_20260807_074417,2026-08-07T07:48:35.086175+00:00,grover_8,Grover,8,56,796,-13.214285714285714,-1321.4285714285713,11,503,-44.72727272727273,0,360,0.0,0,360,0.0,0,102,0.0,0.9999999999999318,0.009167194366455078,qiskit,transpiler,2.4.1,3,ok,47,5,experiments/e20_multi_compiler_full/run.py,359d4060c67ca5d924d143122aab556b53579c5255965144a009fa0a7759908c,9002c07431d883927be6786a3d5bc66c352f202a8691f41dcc4cb8de51a83971,1f666ab19de617f2154b50f73284635d8598942ea30a1e44e086b007b24d5197,"Single Grover iteration, random marked state"
2.1.0,MC-E20,e20_full_20260807_074417,2026-08-07T07:48:38.919326+00:00,grover_8,Grover,8,56,1029,-17.375,-1737.5,11,698,-62.45454545454545,0,440,0.0,0,0,0.0,0,6,0.0,0.9999999999999242,2.2103965282440186,cirq,optimize_for_target_gateset+eject_z+merge_1q,1.6.1,default,ok,47,5,experiments/e20_multi_compiler_full/run.py,359d4060c67ca5d924d143122aab556b53579c5255965144a009fa0a7759908c,9002c07431d883927be6786a3d5bc66c352f202a8691f41dcc4cb8de51a83971,53974ee07f72468b03d3f8ab886ee7c31cb96fe0fbc0a8edf8d2ddc9b2c041a4,"Single Grover iteration, random marked state"
2.1.0,MC-E20,e20_full_20260807_074417,2026-08-07T07:48:38.939383+00:00,adder_8,Adder,10,18,18,0.0,0.0,9,9,0.0,6,6,0.0,6,6,0.0,0,0,0.0,,0.020057201385498047,qiskit,transpiler,2.4.1,3,ok,47,5,experiments/e20_multi_compiler_full/run.py,359d4060c67ca5d924d143122aab556b53579c5255965144a009fa0a7759908c,08824540c17b7e5551c4fed38e25fb7c445eb88bc2adf305e2ac828fad4d56a8,12c8fc831571da46b31213d8cfed2b55047b5fddf06baed4674aa500d4efbccf,"Ripple-carry adder, random inputs"
2.1.0,MC-E20,e20_full_20260807_074417,2026-08-07T07:48:39.045863+00:00,qwalk_8,QuantumWalk,9,106,4551,-41.93396226415094,-4193.396226415094,59,3163,-52.610169491525426,6,1962,-326.0,6,1962,-326.0,0,539,0.0,,0.04169487953186035,qiskit,transpiler,2.4.1,3,ok,47,5,experiments/e20_multi_compiler_full/run.py,359d4060c67ca5d924d143122aab556b53579c5255965144a009fa0a7759908c,e501b242f252ee07b72261792d5c96332d648f2179ff6d1e056ef7f1c797578b,2305e5aacadf455ab2e07bee85093ed4b4ab70ceb0361e325e6178fe012cbb23,"DTQW on cycle, 3 steps"
2.1.0,MC-E20,e20_full_20260807_074417,2026-08-07T07:48:39.087747+00:00,iqp_8,IQP,8,40,20,0.5,50.0,8,6,0.25,5,5,0.0,0,0,0.0,0,0,0.0,0.9999999999999949,0.0,qiskit,transpiler,2.4.1,3,ok,47,5,experiments/e20_multi_compiler_full/run.py,359d4060c67ca5d924d143122aab556b53579c5255965144a009fa0a7759908c,33c302171fcc44c8d5c547915e7b610af4605ec1088a210d2fe36f6604969c98,4c8eed0b9307833f0df362e3ee956bf0b6ae0e00f167f6d240e00035314eccbe,"IQP circuit, 3 diagonal layers"
2.1.0,MC-E20,e20_full_20260807_074417,2026-08-07T07:48:39.189294+00:00,iqp_8,IQP,8,40,26,0.35,35.0,8,7,0.125,5,5,0.0,0,0,0.0,0,3,0.0,0.9999999999999962,0.05496644973754883,cirq,optimize_for_target_gateset+eject_z+merge_1q,1.6.1,default,ok,47,5,experiments/e20_multi_compiler_full/run.py,359d4060c67ca5d924d143122aab556b53579c5255965144a009fa0a7759908c,33c302171fcc44c8d5c547915e7b610af4605ec1088a210d2fe36f6604969c98,f9c780701e3751c2a083586bd8ff08ee227a8a9cb654119fbfc3ef32325d18bf,"IQP circuit, 3 diagonal layers"
2.1.0,MC-E20,e20_full_20260807_074417,2026-08-07T07:48:39.241361+00:00,clifford_8,RandomClifford,8,57,12,0.7894736842105263,78.94736842105263,12,5,0.5833333333333333,4,3,0.25,4,2,0.5,29,0,1.0,0.9999999999999962,0.00575566291809082,qiskit,transpiler,2.4.1,3,ok,47,5,experiments/e20_multi_compiler_full/run.py,359d4060c67ca5d924d143122aab556b53579c5255965144a009fa0a7759908c,b157113fb44ad5d44bb46415fd42fd5a5ddf6e6e0356e0856eef6d4c34458721,f6484a9fe6a77e87e41a70c4bb82eb77eb947214b6c55ddb25da191811a856e9,"Random Clifford, depth=10"
2.1.0,MC-E20,e20_full_20260807_074417,2026-08-07T07:48:39.318590+00:00,clifford_8,RandomClifford,8,57,17,0.7017543859649122,70.17543859649122,12,5,0.5833333333333333,4,3,0.25,4,0,1.0,29,4,0.8620689655172413,0.9999999999999962,0.039131879806518555,cirq,optimize_for_target_gateset+eject_z+merge_1q,1.6.1,default,ok,47,5,experiments/e20_multi_compiler_full/run.py,359d4060c67ca5d924d143122aab556b53579c5255965144a009fa0a7759908c,b157113fb44ad5d44bb46415fd42fd5a5ddf6e6e0356e0856eef6d4c34458721,5ab86a04bc1aebd8921f7c6353e71fd1a4ec3723af3d7d33c40c209cef6b2aea,"Random Clifford, depth=10"
2.1.0,MC-E20,e20_full_20260807_074417,2026-08-07T07:48:39.334081+00:00,surface_code_8,SurfaceCode,9,10,10,0.0,0.0,10,10,0.0,8,8,0.0,8,8,0.0,0,0,0.0,,0.015491247177124023,qiskit,transpiler,2.4.1,3,ok,47,5,experiments/e20_multi_compiler_full/run.py,359d4060c67ca5d924d143122aab556b53579c5255965144a009fa0a7759908c,1c82b236ba06c15d01c63ef7f002938983d64d0466097126e6dd69be4a8ec39b,1c82b236ba06c15d01c63ef7f002938983d64d0466097126e6dd69be4a8ec39b,X-stabilizer syndrome extraction
2.1.0,MC-E20,e20_full_20260807_074417,2026-08-07T07:48:39.454806+00:00,uccsd_8,UCCSD_inspired,8,77,58,0.24675324675324672,24.675324675324674,31,27,0.12903225806451613,35,27,0.22857142857142854,35,27,0.22857142857142854,0,0,0.0,0.9999999999999991,0.0,qiskit,transpiler,2.4.1,3,ok,47,5,experiments/e20_multi_compiler_full/run.py,359d4060c67ca5d924d143122aab556b53579c5255965144a009fa0a7759908c,23eeb51feebb86c63c1e7f9fa6392df099bd2a774275963270c981e6967c05dc,ebd276a713025f7876bb292c56823881121ba206b7d83b5f27912a5f18d81a87,Parameterized ansatz INSPIRED BY (not true) UCCSD; see make_parameterized_ansatz docstring. Renamed from 'UCCSD' to 'UCCSD_inspired' per review L3 to avoid false claim.
2.1.0,MC-E20,e20_full_20260807_074417,2026-08-07T07:48:39.752572+00:00,uccsd_8,UCCSD_inspired,8,77,78,-0.01298701298701288,-1.298701298701288,31,34,-0.09677419354838701,35,35,0.0,35,0,1.0,0,0,0.0,0.9999999999999991,0.16858983039855957,cirq,optimize_for_target_gateset+eject_z+merge_1q,1.6.1,default,ok,47,5,experiments/e20_multi_compiler_full/run.py,359d4060c67ca5d924d143122aab556b53579c5255965144a009fa0a7759908c,23eeb51feebb86c63c1e7f9fa6392df099bd2a774275963270c981e6967c05dc,d3921128b0fa6301af971fbf276a3fc22ccd2b278483e6f0538ac685a0c46eac,Parameterized ansatz INSPIRED BY (not true) UCCSD; see make_parameterized_ansatz docstring. Renamed from 'UCCSD' to 'UCCSD_inspired' per review L3 to avoid false claim.
2.1.0,MC-E20,e20_full_20260807_074417,2026-08-07T07:48:39.782137+00:00,haar_4,HaarRandom,4,275,257,0.06545454545454543,6.545454545454543,189,189,0.0,95,95,0.0,95,95,0.0,0,0,0.0,0.9999999999999981,0.014301061630249023,qiskit,transpiler,2.4.1,3,ok,47,5,experiments/e20_multi_compiler_full/run.py,359d4060c67ca5d924d143122aab556b53579c5255965144a009fa0a7759908c,2503ff53e97dfb8265daaf124538aba30260eaeaac16e8843bb0b4ba2ecf72f6,1fd414a17619632c3862e265ebc8c05bb9eef31dfc05f6cacb7f0c1ac11c2f3e,"Haar-random unitary, exact synthesis"
2.1.0,MC-E20,e20_full_20260807_074417,2026-08-07T07:48:40.333731+00:00,haar_4,HaarRandom,4,275,288,-0.047272727272727355,-4.7272727272727355,189,190,-0.005291005291005346,95,95,0.0,95,0,1.0,0,0,0.0,0.9999999999999962,0.5210165977478027,cirq,optimize_for_target_gateset+eject_z+merge_1q,1.6.1,default,ok,47,5,experiments/e20_multi_compiler_full/run.py,359d4060c67ca5d924d143122aab556b53579c5255965144a009fa0a7759908c,2503ff53e97dfb8265daaf124538aba30260eaeaac16e8843bb0b4ba2ecf72f6,881392e85660da730799e55b4e1ae59222e0f8260ebd5ae3deec6fb2e9978a61,"Haar-random unitary, exact synthesis"
2.1.0,MC-E20,e20_full_20260807_074417,2026-08-07T07:48:42.086557+00:00,haar_4,HaarRandom,4,275,257,0.06545454545454543,6.545454545454543,189,189,0.0,95,95,0.0,95,95,0.0,0,0,0.0,0.9999999999999998,1.7206261157989502,tket,FullPeepholeOptimise,2.18.0,default,ok,47,5,experiments/e20_multi_compiler_full/run.py,359d4060c67ca5d924d143122aab556b53579c5255965144a009fa0a7759908c,2503ff53e97dfb8265daaf124538aba30260eaeaac16e8843bb0b4ba2ecf72f6,5670c50c2df657ad83540c86c33c8118d4868395e006578cf5d9dde30e01708a,"Haar-random unitary, exact synthesis"
2.1.0,MC-E20,e20_full_20260807_074417,2026-08-07T07:48:42.267050+00:00,qft_4,QFT,4,10,10,0.0,0.0,7,7,0.0,6,6,0.0,0,0,0.0,0,0,0.0,0.9999999999999988,0.015167474746704102,qiskit,transpiler,2.4.1,3,ok,48,6,experiments/e20_multi_compiler_full/run.py,359d4060c67ca5d924d143122aab556b53579c5255965144a009fa0a7759908c,ec754f7e3892ee8ca405ace36ffa2cf3d8489863d2f83852f623de773dd94b1e,001408f6c8b62c5aa1e72c56729dcc2520332ae2954b17daf86162a5a4f46ac6,
2.1.0,MC-E20,e20_full_20260807_074417,2026-08-07T07:48:42.324384+00:00,qft_4,QFT,4,10,34,-2.4,-240.0,7,20,-1.8571428571428572,6,12,-1.0,0,0,0.0,0,0,0.0,0.9999999999999981,0.057333946228027344,cirq,optimize_for_target_gateset+eject_z+merge_1q,1.6.1,default,ok,48,6,experiments/e20_multi_compiler_full/run.py,359d4060c67ca5d924d143122aab556b53579c5255965144a009fa0a7759908c,ec754f7e3892ee8ca405ace36ffa2cf3d8489863d2f83852f623de773dd94b1e,e7250dce10bcf0582287ec690b02c1ded37b1a4d82d911c36bee292143ba0f8c,
2.1.0,MC-E20,e20_full_20260807_074417,2026-08-07T07:48:42.497287+00:00,qft_4,QFT,4,10,31,-2.1,-210.0,7,19,-1.7142857142857144,6,12,-1.0,0,12,0.0,0,0,0.0,1.0,0.17290329933166504,tket,FullPeepholeOptimise,2.18.0,default,ok,48,6,experiments/e20_multi_compiler_full/run.py,359d4060c67ca5d924d143122aab556b53579c5255965144a009fa0a7759908c,ec754f7e3892ee8ca405ace36ffa2cf3d8489863d2f83852f623de773dd94b1e,1c29c769144f94e13e3a392f195ebc1c6cfc77bad3bffa3aa293760f9e7c4679,
2.1.0,MC-E20,e20_full_20260807_074417,2026-08-07T07:48:42.497287+00:00,ghz_4,GHZ,4,4,4,0.0,0.0,4,4,0.0,3,3,0.0,3,3,0.0,0,0,0.0,0.9999999999999996,0.0,qiskit,transpiler,2.4.1,3,ok,48,6,experiments/e20_multi_compiler_full/run.py,359d4060c67ca5d924d143122aab556b53579c5255965144a009fa0a7759908c,632a65a86fd9bfab17ccedbd10b32b45490cc33030a23af0d675ad3e8ad7a445,632a65a86fd9bfab17ccedbd10b32b45490cc33030a23af0d675ad3e8ad7a445,
2.1.0,MC-E20,e20_full_20260807_074417,2026-08-07T07:48:42.535556+00:00,ghz_4,GHZ,4,4,11,-1.75,-175.0,4,7,-0.75,3,3,0.0,3,0,1.0,0,0,0.0,0.9999999999999988,0.038268327713012695,cirq,optimize_for_target_gateset+eject_z+merge_1q,1.6.1,default,ok,48,6,experiments/e20_multi_compiler_full/run.py,359d4060c67ca5d924d143122aab556b53579c5255965144a009fa0a7759908c,632a65a86fd9bfab17ccedbd10b32b45490cc33030a23af0d675ad3e8ad7a445,5ca7a53f4dbc7c75daa820a5c5948f68bebd5a9db5a6a058678c009a27a48441,
2.1.0,MC-E20,e20_full_20260807_074417,2026-08-07T07:48:42.598146+00:00,ghz_4,GHZ,4,4,4,0.0,0.0,4,4,0.0,3,3,0.0,3,3,0.0,0,0,0.0,1.0,0.06259012222290039,tket,FullPeepholeOptimise,2.18.0,default,ok,48,6,experiments/e20_multi_compiler_full/run.py,359d4060c67ca5d924d143122aab556b53579c5255965144a009fa0a7759908c,632a65a86fd9bfab17ccedbd10b32b45490cc33030a23af0d675ad3e8ad7a445,0ca2e20394ef52eecba8c72454ae73e952a311d06ff639876717b3ceaa156322,
2.1.0,MC-E20,e20_full_20260807_074417,2026-08-07T07:48:42.604189+00:00,cnot_chain_4,CNOT,4,24,0,1.0,100.0,18,0,1.0,24,0,1.0,24,0,1.0,0,0,0.0,1.0,0.006043434143066406,qiskit,transpiler,2.4.1,3,ok,48,6,experiments/e20_multi_compiler_full/run.py,359d4060c67ca5d924d143122aab556b53579c5255965144a009fa0a7759908c,c15ccd1efbe0b71c21464e888a978afbe6b6cf006bd895873c7d9b8e51efbaf0,80cb67051feabb1a835727fede3367602f1e692e3ec9d1d7247266c73803bd7d,
2.1.0,MC-E20,e20_full_20260807_074417,2026-08-07T07:48:42.635007+00:00,cnot_chain_4,CNOT,4,24,0,1.0,100.0,18,0,1.0,24,0,1.0,24,0,1.0,0,0,0.0,,0.030817270278930664,cirq,optimize_for_target_gateset+eject_z+merge_1q,1.6.1,default,ok,48,6,experiments/e20_multi_compiler_full/run.py,359d4060c67ca5d924d143122aab556b53579c5255965144a009fa0a7759908c,c15ccd1efbe0b71c21464e888a978afbe6b6cf006bd895873c7d9b8e51efbaf0,6f8e18c5611960a199a59d79e4d4e52c427ac524f6c9f379d05c73dc41c9fc91,
2.1.0,MC-E20,e20_full_20260807_074417,2026-08-07T07:48:42.635007+00:00,cnot_chain_4,CNOT,4,24,0,1.0,100.0,18,0,1.0,24,0,1.0,24,0,1.0,0,0,0.0,1.0,0.0,tket,FullPeepholeOptimise,2.18.0,default,ok,48,6,experiments/e20_multi_compiler_full/run.py,359d4060c67ca5d924d143122aab556b53579c5255965144a009fa0a7759908c,c15ccd1efbe0b71c21464e888a978afbe6b6cf006bd895873c7d9b8e51efbaf0,80cb67051feabb1a835727fede3367602f1e692e3ec9d1d7247266c73803bd7d,
2.1.0,MC-E20,e20_full_20260807_074417,2026-08-07T07:48:42.635007+00:00,bv_4,Oracle,5,15,11,0.2666666666666667,26.66666666666667,7,5,0.2857142857142857,3,3,0.0,3,3,0.0,0,0,0.0,0.999999999999997,0.0,qiskit,transpiler,2.4.1,3,ok,48,6,experiments/e20_multi_compiler_full/run.py,359d4060c67ca5d924d143122aab556b53579c5255965144a009fa0a7759908c,e4d691f8c012af76095e7a10ad56544d75b24ab2672cd278233741ac8ea1250f,aa74194402b27c217573798f3a2b2d9a919997ec817cd75d494b8e98f4b8dc01,
2.1.0,MC-E20,e20_full_20260807_074417,2026-08-07T07:48:42.665602+00:00,bv_4,Oracle,5,15,13,0.1333333333333333,13.33333333333333,7,6,0.1428571428571429,3,3,0.0,3,0,1.0,0,0,0.0,,0.030596017837524414,cirq,optimize_for_target_gateset+eject_z+merge_1q,1.6.1,default,ok,48,6,experiments/e20_multi_compiler_full/run.py,359d4060c67ca5d924d143122aab556b53579c5255965144a009fa0a7759908c,e4d691f8c012af76095e7a10ad56544d75b24ab2672cd278233741ac8ea1250f,2c9990377a734b4f3331bbfe3e6ebd8c533fb2e71fc0a4656edfd77fd2840040,
2.1.0,MC-E20,e20_full_20260807_074417,2026-08-07T07:48:42.748318+00:00,bv_4,Oracle,5,15,11,0.2666666666666667,26.66666666666667,7,5,0.2857142857142857,3,3,0.0,3,3,0.0,0,0,0.0,0.9999999999999987,0.08115077018737793,tket,FullPeepholeOptimise,2.18.0,default,ok,48,6,experiments/e20_multi_compiler_full/run.py,359d4060c67ca5d924d143122aab556b53579c5255965144a009fa0a7759908c,e4d691f8c012af76095e7a10ad56544d75b24ab2672cd278233741ac8ea1250f,34b7415b85eee814f9f161fa5f2fc5117718586dcc907ad341bd502226d1535d,
2.1.0,MC-E20,e20_full_20260807_074417,2026-08-07T07:48:42.757857+00:00,qaoa_line_4,QAOA,4,30,30,0.0,0.0,18,18,0.0,12,12,0.0,12,12,0.0,0,0,0.0,1.0,0.0054264068603515625,qiskit,transpiler,2.4.1,3,ok,48,6,experiments/e20_multi_compiler_full/run.py,359d4060c67ca5d924d143122aab556b53579c5255965144a009fa0a7759908c,65f592344b8acc554c3a00e55cb68cb2b4a25995558e519d73c1ff30b0ba7c28,65f592344b8acc554c3a00e55cb68cb2b4a25995558e519d73c1ff30b0ba7c28,
2.1.0,MC-E20,e20_full_20260807_074417,2026-08-07T07:48:42.823585+00:00,qaoa_line_4,QAOA,4,30,38,-0.2666666666666666,-26.66666666666666,18,22,-0.22222222222222232,12,12,0.0,12,0,1.0,0,0,0.0,0.9999999999999991,0.04543662071228027,cirq,optimize_for_target_gateset+eject_z+merge_1q,1.6.1,default,ok,48,6,experiments/e20_multi_compiler_full/run.py,359d4060c67ca5d924d143122aab556b53579c5255965144a009fa0a7759908c,65f592344b8acc554c3a00e55cb68cb2b4a25995558e519d73c1ff30b0ba7c28,20ffc0034252c9981e3974b1f815b7d7de23be4be4f9e140348cfa5344e75a54,
2.1.0,MC-E20,e20_full_20260807_074417,2026-08-07T07:48:43.026276+00:00,qaoa_line_4,QAOA,4,30,28,0.06666666666666665,6.666666666666665,18,18,0.0,12,12,0.0,12,12,0.0,0,0,0.0,1.0000000000000009,0.20269107818603516,tket,FullPeepholeOptimise,2.18.0,default,ok,48,6,experiments/e20_multi_compiler_full/run.py,359d4060c67ca5d924d143122aab556b53579c5255965144a009fa0a7759908c,65f592344b8acc554c3a00e55cb68cb2b4a25995558e519d73c1ff30b0ba7c28,9054feaafbbe1d9ca4c632d1a3c32137526d0ba1d14f1733e64dc290304709a1,
2.1.0,MC-E20,e20_full_20260807_074417,2026-08-07T07:48:43.036297+00:00,vqe_twolocal_4,VQE,4,30,18,0.4,40.0,11,8,0.2727272727272727,6,6,0.0,6,6,0.0,0,0,0.0,0.9999999999999998,0.010021209716796875,qiskit,transpiler,2.4.1,3,ok,48,6,experiments/e20_multi_compiler_full/run.py,359d4060c67ca5d924d143122aab556b53579c5255965144a009fa0a7759908c,ad7bbce60c83892a7cbd764369a0ec4acd59db70b4d27fcfe489675cfa715e0b,f233c4d3f9ef25d36e1835054e2a71db3963ead0ca47b86ca642497d0415619b,
2.1.0,MC-E20,e20_full_20260807_074417,2026-08-07T07:48:43.094792+00:00,vqe_twolocal_4,VQE,4,30,29,0.033333333333333326,3.3333333333333326,11,13,-0.18181818181818188,6,6,0.0,6,0,1.0,0,0,0.0,0.9999999999999991,0.05849480628967285,cirq,optimize_for_target_gateset+eject_z+merge_1q,1.6.1,default,ok,48,6,experiments/e20_multi_compiler_full/run.py,359d4060c67ca5d924d143122aab556b53579c5255965144a009fa0a7759908c,ad7bbce60c83892a7cbd764369a0ec4acd59db70b4d27fcfe489675cfa715e0b,fe1e0894c3d0ce4134c35ac98c43ab1a36da78a99130dd8f03b03a85a7f1a29e,
2.1.0,MC-E20,e20_full_20260807_074417,2026-08-07T07:48:43.277105+00:00,vqe_twolocal_4,VQE,4,30,18,0.4,40.0,11,8,0.2727272727272727,6,6,0.0,6,6,0.0,0,0,0.0,1.0,0.18049025535583496,tket,FullPeepholeOptimise,2.18.0,default,ok,48,6,experiments/e20_multi_compiler_full/run.py,359d4060c67ca5d924d143122aab556b53579c5255965144a009fa0a7759908c,ad7bbce60c83892a7cbd764369a0ec4acd59db70b4d27fcfe489675cfa715e0b,d46ece12e6ca2d14131d60dacbef7a4db24fcfdba0843290921cbcd71a0b793a,
2.1.0,MC-E20,e20_full_20260807_074417,2026-08-07T07:48:43.277105+00:00,hardware_eff_4,HardwareEfficient,4,22,14,0.36363636363636365,36.36363636363637,8,6,0.25,6,6,0.0,6,6,0.0,0,0,0.0,0.9999999999999996,0.0,qiskit,transpiler,2.4.1,3,ok,48,6,experiments/e20_multi_compiler_full/run.py,359d4060c67ca5d924d143122aab556b53579c5255965144a009fa0a7759908c,60e8b0b33776144f50aae5be49911efa5b57dd35b08d25169e36b18aada3e5dd,cb20e9b1615f326a6b36f0f410020a13f326c1cd4af46f5e9d97302787028a26,
2.1.0,MC-E20,e20_full_20260807_074417,2026-08-07T07:48:43.322832+00:00,hardware_eff_4,HardwareEfficient,4,22,25,-0.13636363636363646,-13.636363636363647,8,10,-0.25,6,6,0.0,6,0,1.0,0,0,0.0,0.9999999999999988,0.04572701454162598,cirq,optimize_for_target_gateset+eject_z+merge_1q,1.6.1,default,ok,48,6,experiments/e20_multi_compiler_full/run.py,359d4060c67ca5d924d143122aab556b53579c5255965144a009fa0a7759908c,60e8b0b33776144f50aae5be49911efa5b57dd35b08d25169e36b18aada3e5dd,8393e69d525a9c27508fc6e686d09eec64c872248a17857633f5d0b92c083eaa,
2.1.0,MC-E20,e20_full_20260807_074417,2026-08-07T07:48:43.492551+00:00,hardware_eff_4,HardwareEfficient,4,22,14,0.36363636363636365,36.36363636363637,8,6,0.25,6,6,0.0,6,6,0.0,0,0,0.0,1.0,0.16971850395202637,tket,FullPeepholeOptimise,2.18.0,default,ok,48,6,experiments/e20_multi_compiler_full/run.py,359d4060c67ca5d924d143122aab556b53579c5255965144a009fa0a7759908c,60e8b0b33776144f50aae5be49911efa5b57dd35b08d25169e36b18aada3e5dd,a2a609cbb6140c703c5d88969e9a48202890ef88ae7382b720a548de200faceb,
2.1.0,MC-E20,e20_full_20260807_074417,2026-08-07T07:48:43.508055+00:00,grover_4,Grover,4,30,62,-1.0666666666666669,-106.66666666666669,13,53,-3.0769230769230766,0,28,0.0,0,28,0.0,0,0,0.0,0.9999999999999938,0.0,qiskit,transpiler,2.4.1,3,ok,48,6,experiments/e20_multi_compiler_full/run.py,359d4060c67ca5d924d143122aab556b53579c5255965144a009fa0a7759908c,f9a1cf8c2090b23b5aeb3d225584f01fe0175fc36c51b58e63ca433e71332397,54b786a28dca2f116fcb7dfc6762d5ed03184ab47c038301c3c7e14db2a1714e,"Single Grover iteration, random marked state"
2.1.0,MC-E20,e20_full_20260807_074417,2026-08-07T07:48:43.657751+00:00,grover_4,Grover,4,30,70,-1.3333333333333335,-133.33333333333334,13,56,-3.3076923076923075,0,28,0.0,0,0,0.0,0,0,0.0,0.9999999999999938,0.14313101768493652,cirq,optimize_for_target_gateset+eject_z+merge_1q,1.6.1,default,ok,48,6,experiments/e20_multi_compiler_full/run.py,359d4060c67ca5d924d143122aab556b53579c5255965144a009fa0a7759908c,f9a1cf8c2090b23b5aeb3d225584f01fe0175fc36c51b58e63ca433e71332397,18719a220a43760b03280f130d590a1b37bd6c33cac59fa0ea52f23b06db708e,"Single Grover iteration, random marked state"
2.1.0,MC-E20,e20_full_20260807_074417,2026-08-07T07:48:44.233832+00:00,grover_4,Grover,4,30,64,-1.1333333333333333,-113.33333333333333,13,55,-3.230769230769231,0,28,0.0,0,28,0.0,0,0,0.0,0.9999999999999967,0.5720570087432861,tket,FullPeepholeOptimise,2.18.0,default,ok,48,6,experiments/e20_multi_compiler_full/run.py,359d4060c67ca5d924d143122aab556b53579c5255965144a009fa0a7759908c,f9a1cf8c2090b23b5aeb3d225584f01fe0175fc36c51b58e63ca433e71332397,b994bd33542c3d426212c729e31f5b9c8fd34ca47daf9b661380772e379d00b2,"Single Grover iteration, random marked state"
2.1.0,MC-E20,e20_full_20260807_074417,2026-08-07T07:48:44.233832+00:00,adder_4,Adder,4,5,5,0.0,0.0,5,5,0.0,2,2,0.0,2,2,0.0,0,0,0.0,1.0,0.0,qiskit,transpiler,2.4.1,3,ok,48,6,experiments/e20_multi_compiler_full/run.py,359d4060c67ca5d924d143122aab556b53579c5255965144a009fa0a7759908c,f1385dea23b197291382303ec5ddac0c2b35748e3eb579fdc7cf835943215c47,f1385dea23b197291382303ec5ddac0c2b35748e3eb579fdc7cf835943215c47,"Ripple-carry adder, random inputs"
2.1.0,MC-E20,e20_full_20260807_074417,2026-08-07T07:48:44.371350+00:00,adder_4,Adder,4,5,80,-15.0,-1500.0,5,52,-9.4,2,26,-12.0,2,0,1.0,0,2,0.0,0.9999999999999964,0.13447213172912598,cirq,optimize_for_target_gateset+eject_z+merge_1q,1.6.1,default,ok,48,6,experiments/e20_multi_compiler_full/run.py,359d4060c67ca5d924d143122aab556b53579c5255965144a009fa0a7759908c,f1385dea23b197291382303ec5ddac0c2b35748e3eb579fdc7cf835943215c47,b94e94597b822108f1be49da27cda3fe151af926575f691d3ecdc7af2e3ff2a1,"Ripple-carry adder, random inputs"
2.1.0,MC-E20,e20_full_20260807_074417,2026-08-07T07:48:44.585071+00:00,adder_4,Adder,4,5,38,-6.6,-660.0,5,29,-4.8,2,18,-8.0,2,18,-8.0,0,0,0.0,1.0000000000000009,0.21372103691101074,tket,FullPeepholeOptimise,2.18.0,default,ok,48,6,experiments/e20_multi_compiler_full/run.py,359d4060c67ca5d924d143122aab556b53579c5255965144a009fa0a7759908c,f1385dea23b197291382303ec5ddac0c2b35748e3eb579fdc7cf835943215c47,5b1b261b21fc8e50a55f46a82af1e4fae9bedae445b292f4ea4a1bc615944d8a,"Ripple-carry adder, random inputs"
2.1.0,MC-E20,e20_full_20260807_074417,2026-08-07T07:48:44.660398+00:00,qwalk_4,QuantumWalk,5,58,453,-6.810344827586207,-681.0344827586207,35,387,-10.057142857142857,6,252,-41.0,6,198,-32.0,0,36,0.0,0.9999999999999496,0.015045642852783203,qiskit,transpiler,2.4.1,3,ok,48,6,experiments/e20_multi_compiler_full/run.py,359d4060c67ca5d924d143122aab556b53579c5255965144a009fa0a7759908c,7074e5550fd50d3e754cca442378867f8f4fc60229f4ff42222c5d6220930317,0ab0898649a066993c0bc76d813d0243b04fcf4cc7fa9af7a77e1cfbfc976697,"DTQW on cycle, 3 steps"
2.1.0,MC-E20,e20_full_20260807_074417,2026-08-07T07:48:46.336351+00:00,qwalk_4,QuantumWalk,5,58,824,-13.206896551724139,-1320.689655172414,35,638,-17.228571428571428,6,354,-58.0,6,0,1.0,0,0,0.0,0.9999999999999455,1.5883777141571045,cirq,optimize_for_target_gateset+eject_z+merge_1q,1.6.1,default,ok,48,6,experiments/e20_multi_compiler_full/run.py,359d4060c67ca5d924d143122aab556b53579c5255965144a009fa0a7759908c,7074e5550fd50d3e754cca442378867f8f4fc60229f4ff42222c5d6220930317,5d178882540a3cdfc93ef1fce672fa18bb7846ae7d68b90516cd58691a2d187c,"DTQW on cycle, 3 steps"
2.1.0,MC-E20,e20_full_20260807_074417,2026-08-07T07:48:51.907012+00:00,qwalk_4,QuantumWalk,5,58,686,-10.827586206896552,-1082.7586206896551,35,534,-14.257142857142858,6,330,-54.0,6,330,-54.0,0,0,0.0,0.9999999999999702,5.505642414093018,tket,FullPeepholeOptimise,2.18.0,default,ok,48,6,experiments/e20_multi_compiler_full/run.py,359d4060c67ca5d924d143122aab556b53579c5255965144a009fa0a7759908c,7074e5550fd50d3e754cca442378867f8f4fc60229f4ff42222c5d6220930317,f743b111fac8cbff73fd9022c7c3cd08ddd7b8413f63bb7a03640be2e2209e7d,"DTQW on cycle, 3 steps"
2.1.0,MC-E20,e20_full_20260807_074417,2026-08-07T07:48:51.922331+00:00,iqp_4,IQP,4,23,7,0.6956521739130435,69.56521739130434,9,3,0.6666666666666667,5,1,0.8,0,0,0.0,0,0,0.0,0.9999999999999983,0.015318870544433594,qiskit,transpiler,2.4.1,3,ok,48,6,experiments/e20_multi_compiler_full/run.py,359d4060c67ca5d924d143122aab556b53579c5255965144a009fa0a7759908c,ee32ea8d94aad06fdfebd433bb0a578c7ca0dd2af030752dc4cd8d2cc2494e73,a5544d036184f6fbdb2081b85b798f11ce217bdb7af18ec16a1431c7d1c7bd4e,"IQP circuit, 3 diagonal layers"
2.1.0,MC-E20,e20_full_20260807_074417,2026-08-07T07:48:51.967843+00:00,iqp_4,IQP,4,23,16,0.30434782608695654,30.434782608695656,9,7,0.2222222222222222,5,5,0.0,0,0,0.0,0,3,0.0,0.9999999999999977,0.030289888381958008,cirq,optimize_for_target_gateset+eject_z+merge_1q,1.6.1,default,ok,48,6,experiments/e20_multi_compiler_full/run.py,359d4060c67ca5d924d143122aab556b53579c5255965144a009fa0a7759908c,ee32ea8d94aad06fdfebd433bb0a578c7ca0dd2af030752dc4cd8d2cc2494e73,c8907c242cc45ed5d268ba3ee128a5eebf653e629bb740528f3433bfb05fe543,"IQP circuit, 3 diagonal layers"
2.1.0,MC-E20,e20_full_20260807_074417,2026-08-07T07:48:51.998595+00:00,iqp_4,IQP,4,23,5,0.782608695652174,78.26086956521739,9,3,0.6666666666666667,5,1,0.8,0,1,0.0,0,0,0.0,0.9999999999999991,0.03075242042541504,tket,FullPeepholeOptimise,2.18.0,default,ok,48,6,experiments/e20_multi_compiler_full/run.py,359d4060c67ca5d924d143122aab556b53579c5255965144a009fa0a7759908c,ee32ea8d94aad06fdfebd433bb0a578c7ca0dd2af030752dc4cd8d2cc2494e73,fd2c245fd02a56cca6cf65cb39eab4d038bb9c3aeae79e758fa509d4a83fb2d4,"IQP circuit, 3 diagonal layers"
2.1.0,MC-E20,e20_full_20260807_074417,2026-08-07T07:48:52.013700+00:00,clifford_4,RandomClifford,4,31,9,0.7096774193548387,70.96774193548387,14,4,0.7142857142857143,6,3,0.5,6,2,0.6666666666666667,15,0,1.0,0.9999999999999983,0.015105009078979492,qiskit,transpiler,2.4.1,3,ok,48,6,experiments/e20_multi_compiler_full/run.py,359d4060c67ca5d924d143122aab556b53579c5255965144a009fa0a7759908c,788680ffececa211a350ee717d4c70ddd57f5e6ae05a867105f86f18b4eac490,493eab1ff08a032b1e1ce935db0f4066c44fe9bddfa186df610a24c175198a35,"Random Clifford, depth=10"
2.1.0,MC-E20,e20_full_20260807_074417,2026-08-07T07:48:52.044370+00:00,clifford_4,RandomClifford,4,31,14,0.5483870967741935,54.83870967741935,14,6,0.5714285714285714,6,3,0.5,6,0,1.0,15,2,0.8666666666666667,0.9999999999999979,0.030669689178466797,cirq,optimize_for_target_gateset+eject_z+merge_1q,1.6.1,default,ok,48,6,experiments/e20_multi_compiler_full/run.py,359d4060c67ca5d924d143122aab556b53579c5255965144a009fa0a7759908c,788680ffececa211a350ee717d4c70ddd57f5e6ae05a867105f86f18b4eac490,b9499bd82d9073c53a9509507178be16d49ef2068909ef877a0c55e1a41849be,"Random Clifford, depth=10"
2.1.0,MC-E20,e20_full_20260807_074417,2026-08-07T07:48:52.136409+00:00,clifford_4,RandomClifford,4,31,10,0.6774193548387097,67.74193548387098,14,5,0.6428571428571428,6,3,0.5,6,3,0.5,15,0,1.0,0.9999999999999993,0.09203863143920898,tket,FullPeepholeOptimise,2.18.0,default,ok,48,6,experiments/e20_multi_compiler_full/run.py,359d4060c67ca5d924d143122aab556b53579c5255965144a009fa0a7759908c,788680ffececa211a350ee717d4c70ddd57f5e6ae05a867105f86f18b4eac490,e62b61efa3b5560d523330905c4400515c7fa504f409c7e61117c6fe684a6e4c,"Random Clifford, depth=10"
2.1.0,MC-E20,e20_full_20260807_074417,2026-08-07T07:48:52.155114+00:00,surface_code_4,SurfaceCode,5,6,6,0.0,0.0,6,6,0.0,4,4,0.0,4,4,0.0,0,0,0.0,0.9999999999999996,0.015383005142211914,qiskit,transpiler,2.4.1,3,ok,48,6,experiments/e20_multi_compiler_full/run.py,359d4060c67ca5d924d143122aab556b53579c5255965144a009fa0a7759908c,98123c419282ef8d7ead755526545f8d1b8e6129c506a92b5eb114e588eb0ab3,98123c419282ef8d7ead755526545f8d1b8e6129c506a92b5eb114e588eb0ab3,X-stabilizer syndrome extraction
2.1.0,MC-E20,e20_full_20260807_074417,2026-08-07T07:48:52.167287+00:00,surface_code_4,SurfaceCode,5,6,4,0.33333333333333337,33.333333333333336,6,4,0.33333333333333337,4,4,0.0,4,0,1.0,0,0,0.0,0.9999999999999998,0.01217341423034668,cirq,optimize_for_target_gateset+eject_z+merge_1q,1.6.1,default,ok,48,6,experiments/e20_multi_compiler_full/run.py,359d4060c67ca5d924d143122aab556b53579c5255965144a009fa0a7759908c,98123c419282ef8d7ead755526545f8d1b8e6129c506a92b5eb114e588eb0ab3,f58dc508f68aced6330b1d402c7b486bc7ad139ae24dd5136a11f162aafe1d5a,X-stabilizer syndrome extraction
2.1.0,MC-E20,e20_full_20260807_074417,2026-08-07T07:48:52.274516+00:00,surface_code_4,SurfaceCode,5,6,6,0.0,0.0,6,6,0.0,4,4,0.0,4,4,0.0,0,0,0.0,1.0,0.10722923278808594,tket,FullPeepholeOptimise,2.18.0,default,ok,48,6,experiments/e20_multi_compiler_full/run.py,359d4060c67ca5d924d143122aab556b53579c5255965144a009fa0a7759908c,98123c419282ef8d7ead755526545f8d1b8e6129c506a92b5eb114e588eb0ab3,e694cc95c19205cba6e40e73a6bfb0e277a3503f412895d9b4fc596b1716e5a2,X-stabilizer syndrome extraction
2.1.0,MC-E20,e20_full_20260807_074417,2026-08-07T07:48:52.274516+00:00,uccsd_4,UCCSD_inspired,4,28,22,0.2142857142857143,21.42857142857143,16,15,0.0625,14,10,0.2857142857142857,14,10,0.2857142857142857,0,0,0.0,1.0,0.0,qiskit,transpiler,2.4.1,3,ok,48,6,experiments/e20_multi_compiler_full/run.py,359d4060c67ca5d924d143122aab556b53579c5255965144a009fa0a7759908c,181e46c1039e33945da30e22afc697c85923333adf6fa8a48b7aace3776e66d4,610a429d46daa03e29adf98c7535f43af7b5b0a02a7b537f7cb57ab9530d4111,Parameterized ansatz INSPIRED BY (not true) UCCSD; see make_parameterized_ansatz docstring. Renamed from 'UCCSD' to 'UCCSD_inspired' per review L3 to avoid false claim.
2.1.0,MC-E20,e20_full_20260807_074417,2026-08-07T07:48:52.356831+00:00,uccsd_4,UCCSD_inspired,4,28,33,-0.1785714285714286,-17.85714285714286,16,20,-0.25,14,14,0.0,14,0,1.0,0,0,0.0,0.9999999999999996,0.08231401443481445,cirq,optimize_for_target_gateset+eject_z+merge_1q,1.6.1,default,ok,48,6,experiments/e20_multi_compiler_full/run.py,359d4060c67ca5d924d143122aab556b53579c5255965144a009fa0a7759908c,181e46c1039e33945da30e22afc697c85923333adf6fa8a48b7aace3776e66d4,fd2da12f84315109ad68cb89d48396587d0eb8a59bdd9dc61aa72908bac09500,Parameterized ansatz INSPIRED BY (not true) UCCSD; see make_parameterized_ansatz docstring. Renamed from 'UCCSD' to 'UCCSD_inspired' per review L3 to avoid false claim.
2.1.0,MC-E20,e20_full_20260807_074417,2026-08-07T07:48:52.600438+00:00,uccsd_4,UCCSD_inspired,4,28,22,0.2142857142857143,21.42857142857143,16,15,0.0625,14,10,0.2857142857142857,14,10,0.2857142857142857,0,0,0.0,1.0,0.2382051944732666,tket,FullPeepholeOptimise,2.18.0,default,ok,48,6,experiments/e20_multi_compiler_full/run.py,359d4060c67ca5d924d143122aab556b53579c5255965144a009fa0a7759908c,181e46c1039e33945da30e22afc697c85923333adf6fa8a48b7aace3776e66d4,cffc456e6426df72ced3d3e8ebf60cc0662f7a2c5cf2fdcefbeeb52f8198e74b,Parameterized ansatz INSPIRED BY (not true) UCCSD; see make_parameterized_ansatz docstring. Renamed from 'UCCSD' to 'UCCSD_inspired' per review L3 to avoid false claim.
2.1.0,MC-E20,e20_full_20260807_074417,2026-08-07T07:48:52.610286+00:00,qft_6,QFT,6,21,21,0.0,0.0,11,11,0.0,15,15,0.0,0,0,0.0,0,0,0.0,0.9999999999999996,0.0040094852447509766,qiskit,transpiler,2.4.1,3,ok,48,6,experiments/e20_multi_compiler_full/run.py,359d4060c67ca5d924d143122aab556b53579c5255965144a009fa0a7759908c,e761adf8efeac5c21762208c08429dd4686d16eb4cbc1582e6d4ebc809852f66,ce325feb7eafc0f7673a16bbc3b51544984abb6d137b6ba7752bea283600c12b,
2.1.0,MC-E20,e20_full_20260807_074417,2026-08-07T07:48:52.733090+00:00,qft_6,QFT,6,21,76,-2.619047619047619,-261.9047619047619,11,34,-2.090909090909091,15,30,-1.0,0,0,0.0,0,0,0.0,0.9999999999999976,0.11502814292907715,cirq,optimize_for_target_gateset+eject_z+merge_1q,1.6.1,default,ok,48,6,experiments/e20_multi_compiler_full/run.py,359d4060c67ca5d924d143122aab556b53579c5255965144a009fa0a7759908c,e761adf8efeac5c21762208c08429dd4686d16eb4cbc1582e6d4ebc809852f66,aa7317ad49e1ba6539551cea6f3f914671dec96f4f4e8bc50ade316d1bb9da09,
2.1.0,MC-E20,e20_full_20260807_074417,2026-08-07T07:48:53.212065+00:00,qft_6,QFT,6,21,71,-2.380952380952381,-238.0952380952381,11,33,-2.0,15,30,-1.0,0,30,0.0,0,0,0.0,1.0,0.46375203132629395,tket,FullPeepholeOptimise,2.18.0,default,ok,48,6,experiments/e20_multi_compiler_full/run.py,359d4060c67ca5d924d143122aab556b53579c5255965144a009fa0a7759908c,e761adf8efeac5c21762208c08429dd4686d16eb4cbc1582e6d4ebc809852f66,1e4c9ed3e36094a6271070b1f1ab2b30e856264476b0c22125357dc3af1d9cc7,
2.1.0,MC-E20,e20_full_20260807_074417,2026-08-07T07:48:53.212065+00:00,ghz_6,GHZ,6,6,6,0.0,0.0,6,6,0.0,5,5,0.0,5,5,0.0,0,0,0.0,0.9999999999999998,0.0,qiskit,transpiler,2.4.1,3,ok,48,6,experiments/e20_multi_compiler_full/run.py,359d4060c67ca5d924d143122aab556b53579c5255965144a009fa0a7759908c,df499dded1e0518f2f6266b9f0e35d3c81e6057b5ba6e6decbb0f26370e5bb03,df499dded1e0518f2f6266b9f0e35d3c81e6057b5ba6e6decbb0f26370e5bb03,
2.1.0,MC-E20,e20_full_20260807_074417,2026-08-07T07:48:53.242675+00:00,ghz_6,GHZ,6,6,17,-1.8333333333333335,-183.33333333333334,6,11,-0.8333333333333333,5,5,0.0,5,0,1.0,0,0,0.0,0.9999999999999973,0.030610084533691406,cirq,optimize_for_target_gateset+eject_z+merge_1q,1.6.1,default,ok,48,6,experiments/e20_multi_compiler_full/run.py,359d4060c67ca5d924d143122aab556b53579c5255965144a009fa0a7759908c,df499dded1e0518f2f6266b9f0e35d3c81e6057b5ba6e6decbb0f26370e5bb03,c50c1659240f976169f89857782a0a444ef9d6f07ecfed87fa6ae5bbbec4d547,
2.1.0,MC-E20,e20_full_20260807_074417,2026-08-07T07:48:53.358787+00:00,ghz_6,GHZ,6,6,6,0.0,0.0,6,6,0.0,5,5,0.0,5,5,0.0,0,0,0.0,1.0,0.11611223220825195,tket,FullPeepholeOptimise,2.18.0,default,ok,48,6,experiments/e20_multi_compiler_full/run.py,359d4060c67ca5d924d143122aab556b53579c5255965144a009fa0a7759908c,df499dded1e0518f2f6266b9f0e35d3c81e6057b5ba6e6decbb0f26370e5bb03,f5606110b4c9de2d9c41d6892ae7b8cd5a5d8a4dec34af69160c119d936ae28b,
2.1.0,MC-E20,e20_full_20260807_074417,2026-08-07T07:48:53.367120+00:00,cnot_chain_6,CNOT,6,40,0,1.0,100.0,22,0,1.0,40,0,1.0,40,0,1.0,0,0,0.0,1.0,0.00833272933959961,qiskit,transpiler,2.4.1,3,ok,48,6,experiments/e20_multi_compiler_full/run.py,359d4060c67ca5d924d143122aab556b53579c5255965144a009fa0a7759908c,a9cbe813352eb8bbddbb6de7feecde853f066b5cf29e96a7a2f84a6cd354761a,995ca4ef9eaba10dd58f1ab322947f30c40e0f095185660849ca98aed2848347,
2.1.0,MC-E20,e20_full_20260807_074417,2026-08-07T07:48:53.395748+00:00,cnot_chain_6,CNOT,6,40,0,1.0,100.0,22,0,1.0,40,0,1.0,40,0,1.0,0,0,0.0,,0.02862858772277832,cirq,optimize_for_target_gateset+eject_z+merge_1q,1.6.1,default,ok,48,6,experiments/e20_multi_compiler_full/run.py,359d4060c67ca5d924d143122aab556b53579c5255965144a009fa0a7759908c,a9cbe813352eb8bbddbb6de7feecde853f066b5cf29e96a7a2f84a6cd354761a,6f8e18c5611960a199a59d79e4d4e52c427ac524f6c9f379d05c73dc41c9fc91,
2.1.0,MC-E20,e20_full_20260807_074417,2026-08-07T07:48:53.416022+00:00,cnot_chain_6,CNOT,6,40,0,1.0,100.0,22,0,1.0,40,0,1.0,40,0,1.0,0,0,0.0,1.0,0.015460014343261719,tket,FullPeepholeOptimise,2.18.0,default,ok,48,6,experiments/e20_multi_compiler_full/run.py,359d4060c67ca5d924d143122aab556b53579c5255965144a009fa0a7759908c,a9cbe813352eb8bbddbb6de7feecde853f066b5cf29e96a7a2f84a6cd354761a,995ca4ef9eaba10dd58f1ab322947f30c40e0f095185660849ca98aed2848347,
2.1.0,MC-E20,e20_full_20260807_074417,2026-08-07T07:48:53.428973+00:00,bv_6,Oracle,7,21,17,0.19047619047619047,19.047619047619047,9,7,0.2222222222222222,5,5,0.0,5,5,0.0,0,0,0.0,0.9999999999999962,0.0,qiskit,transpiler,2.4.1,3,ok,48,6,experiments/e20_multi_compiler_full/run.py,359d4060c67ca5d924d143122aab556b53579c5255965144a009fa0a7759908c,ec5b75bb8fd562cbab0e85cb28232cf47c9f5e9ae4018207926c33a32e5eeee2,2eb238cd278dc7ede97cd3ebfe27b9b992f17d003c7e5928f25518fed4a68780,
2.1.0,MC-E20,e20_full_20260807_074417,2026-08-07T07:48:53.468191+00:00,bv_6,Oracle,7,21,21,0.0,0.0,9,8,0.11111111111111116,5,5,0.0,5,0,1.0,0,0,0.0,,0.038626670837402344,cirq,optimize_for_target_gateset+eject_z+merge_1q,1.6.1,default,ok,48,6,experiments/e20_multi_compiler_full/run.py,359d4060c67ca5d924d143122aab556b53579c5255965144a009fa0a7759908c,ec5b75bb8fd562cbab0e85cb28232cf47c9f5e9ae4018207926c33a32e5eeee2,2de1c5200b49cc3c455d63b0eab6c09c4e4033ce8752f28410fc3f9fd1880084,
2.1.0,MC-E20,e20_full_20260807_074417,2026-08-07T07:48:53.472543+00:00,qaoa_line_6,QAOA,6,48,48,0.0,0.0,24,24,0.0,20,20,0.0,20,20,0.0,0,0,0.0,1.0000000000000009,0.004351377487182617,qiskit,transpiler,2.4.1,3,ok,48,6,experiments/e20_multi_compiler_full/run.py,359d4060c67ca5d924d143122aab556b53579c5255965144a009fa0a7759908c,13e9f8976b98d51a8d80d5f25fd4790c38e9a3266c3d1ff362547df206704c22,13e9f8976b98d51a8d80d5f25fd4790c38e9a3266c3d1ff362547df206704c22,
2.1.0,MC-E20,e20_full_20260807_074417,2026-08-07T07:48:53.584913+00:00,qaoa_line_6,QAOA,6,48,62,-0.29166666666666674,-29.166666666666675,24,30,-0.25,20,20,0.0,20,0,1.0,0,0,0.0,0.9999999999999973,0.10602927207946777,cirq,optimize_for_target_gateset+eject_z+merge_1q,1.6.1,default,ok,48,6,experiments/e20_multi_compiler_full/run.py,359d4060c67ca5d924d143122aab556b53579c5255965144a009fa0a7759908c,13e9f8976b98d51a8d80d5f25fd4790c38e9a3266c3d1ff362547df206704c22,354f82c061b204ba7f3a950d9aea0c958c5047202679a0de5e5f62f2b4c8990b,
2.1.0,MC-E20,e20_full_20260807_074417,2026-08-07T07:48:53.947690+00:00,qaoa_line_6,QAOA,6,48,46,0.04166666666666663,4.1666666666666625,24,24,0.0,20,20,0.0,20,20,0.0,0,0,0.0,1.0000000000000027,0.3627774715423584,tket,FullPeepholeOptimise,2.18.0,default,ok,48,6,experiments/e20_multi_compiler_full/run.py,359d4060c67ca5d924d143122aab556b53579c5255965144a009fa0a7759908c,13e9f8976b98d51a8d80d5f25fd4790c38e9a3266c3d1ff362547df206704c22,7c63224308f20d35935672db7fd4583df685090743fccccc494af1f4fdbff8bc,
2.1.0,MC-E20,e20_full_20260807_074417,2026-08-07T07:48:53.963259+00:00,vqe_twolocal_6,VQE,6,46,28,0.3913043478260869,39.13043478260869,13,10,0.23076923076923073,10,10,0.0,10,10,0.0,0,0,0.0,0.9999999999999996,0.015568733215332031,qiskit,transpiler,2.4.1,3,ok,48,6,experiments/e20_multi_compiler_full/run.py,359d4060c67ca5d924d143122aab556b53579c5255965144a009fa0a7759908c,db532db8ed62ab97ca9628350f586bde066f1b7d1e971a80106d1fca3b1beb87,2e919b0c2ea6c260db3a0678632a473fe7ca943ac2e7ce5293c8277c0ca17065,
2.1.0,MC-E20,e20_full_20260807_074417,2026-08-07T07:48:54.067307+00:00,vqe_twolocal_6,VQE,6,46,47,-0.021739130434782705,-2.1739130434782705,13,17,-0.3076923076923077,10,10,0.0,10,0,1.0,0,0,0.0,0.9999999999999982,0.09408783912658691,cirq,optimize_for_target_gateset+eject_z+merge_1q,1.6.1,default,ok,48,6,experiments/e20_multi_compiler_full/run.py,359d4060c67ca5d924d143122aab556b53579c5255965144a009fa0a7759908c,db532db8ed62ab97ca9628350f586bde066f1b7d1e971a80106d1fca3b1beb87,c4e13427f8f6d676ebf6caae25b0b7b4cce1d98f607f8e69d243ca06ce55adbf,
2.1.0,MC-E20,e20_full_20260807_074417,2026-08-07T07:48:54.407293+00:00,vqe_twolocal_6,VQE,6,46,28,0.3913043478260869,39.13043478260869,13,10,0.23076923076923073,10,10,0.0,10,10,0.0,0,0,0.0,0.9999999999999998,0.33998584747314453,tket,FullPeepholeOptimise,2.18.0,default,ok,48,6,experiments/e20_multi_compiler_full/run.py,359d4060c67ca5d924d143122aab556b53579c5255965144a009fa0a7759908c,db532db8ed62ab97ca9628350f586bde066f1b7d1e971a80106d1fca3b1beb87,1cf9d6ff14955a4e54c30df2f9386eb6e228e487caca7408298161aec16772ac,
2.1.0,MC-E20,e20_full_20260807_074417,2026-08-07T07:48:54.420868+00:00,hardware_eff_6,HardwareEfficient,6,34,22,0.3529411764705882,35.29411764705882,8,6,0.25,10,10,0.0,10,10,0.0,0,0,0.0,1.0,0.013575077056884766,qiskit,transpiler,2.4.1,3,ok,48,6,experiments/e20_multi_compiler_full/run.py,359d4060c67ca5d924d143122aab556b53579c5255965144a009fa0a7759908c,77fd49938e5069da1015c2fd906f9d465391dd6b8363bfdc2fafd05a92744192,0b6d1acaadefba2749e025d90269f111867cd223560f4a3cd422a224460db9d0,
2.1.0,MC-E20,e20_full_20260807_074417,2026-08-07T07:48:54.497646+00:00,hardware_eff_6,HardwareEfficient,6,34,40,-0.17647058823529416,-17.647058823529417,8,10,-0.25,10,10,0.0,10,0,1.0,0,0,0.0,0.9999999999999982,0.06162238121032715,cirq,optimize_for_target_gateset+eject_z+merge_1q,1.6.1,default,ok,48,6,experiments/e20_multi_compiler_full/run.py,359d4060c67ca5d924d143122aab556b53579c5255965144a009fa0a7759908c,77fd49938e5069da1015c2fd906f9d465391dd6b8363bfdc2fafd05a92744192,2df474af2e1b5b0ca478d91a575ea2b8f86174152197959f9e9e7c5f498d9c30,
2.1.0,MC-E20,e20_full_20260807_074417,2026-08-07T07:48:54.814816+00:00,hardware_eff_6,HardwareEfficient,6,34,22,0.3529411764705882,35.29411764705882,8,6,0.25,10,10,0.0,10,10,0.0,0,0,0.0,1.0,0.311159610748291,tket,FullPeepholeOptimise,2.18.0,default,ok,48,6,experiments/e20_multi_compiler_full/run.py,359d4060c67ca5d924d143122aab556b53579c5255965144a009fa0a7759908c,77fd49938e5069da1015c2fd906f9d465391dd6b8363bfdc2fafd05a92744192,057c09b65593d48c43eccbb837be86edad366af0fb537800d6692fb3e4a60b93,
2.1.0,MC-E20,e20_full_20260807_074417,2026-08-07T07:48:54.909992+00:00,grover_6,Grover,6,38,20,0.4736842105263158,47.36842105263158,11,5,0.5454545454545454,0,0,0.0,0,0,0.0,0,0,0.0,0.9999999999999585,0.007155418395996094,qiskit,transpiler,2.4.1,3,ok,48,6,experiments/e20_multi_compiler_full/run.py,359d4060c67ca5d924d143122aab556b53579c5255965144a009fa0a7759908c,51638616d069b8e1894e20d8ccccf90d1ee81f20384bfe5915689dd6b107c879,ca5adfde7c509cf63e1d36876f0f68a275bbad0fe662849c881f52595d2fa9dc,"Single Grover iteration, random marked state"
2.1.0,MC-E20,e20_full_20260807_074417,2026-08-07T07:48:55.734503+00:00,grover_6,Grover,6,38,401,-9.552631578947368,-955.2631578947368,11,285,-24.90909090909091,0,166,0.0,0,0,0.0,0,1,0.0,0.9999999999999657,0.7630646228790283,cirq,optimize_for_target_gateset+eject_z+merge_1q,1.6.1,default,ok,48,6,experiments/e20_multi_compiler_full/run.py,359d4060c67ca5d924d143122aab556b53579c5255965144a009fa0a7759908c,51638616d069b8e1894e20d8ccccf90d1ee81f20384bfe5915689dd6b107c879,a87227d57aaa6d12a850e407cf95b8a026d43289793a46ee50e05a8387768142,"Single Grover iteration, random marked state"
2.1.0,MC-E20,e20_full_20260807_074417,2026-08-07T07:48:58.261601+00:00,grover_6,Grover,6,38,344,-8.052631578947368,-805.2631578947368,11,233,-20.181818181818183,0,160,0.0,0,160,0.0,0,0,0.0,0.9999999999999817,2.466486692428589,tket,FullPeepholeOptimise,2.18.0,default,ok,48,6,experiments/e20_multi_compiler_full/run.py,359d4060c67ca5d924d143122aab556b53579c5255965144a009fa0a7759908c,51638616d069b8e1894e20d8ccccf90d1ee81f20384bfe5915689dd6b107c879,1b953c8c8ac238e27faed3ad4b4710e1a9215d9b0caba6bae2cc2ddfd185f8bc,"Single Grover iteration, random marked state"
2.1.0,MC-E20,e20_full_20260807_074417,2026-08-07T07:48:58.277182+00:00,adder_6,Adder,7,14,14,0.0,0.0,8,8,0.0,4,4,0.0,4,4,0.0,0,0,0.0,1.0,0.0,qiskit,transpiler,2.4.1,3,ok,48,6,experiments/e20_multi_compiler_full/run.py,359d4060c67ca5d924d143122aab556b53579c5255965144a009fa0a7759908c,b79269fb3472b9940c82abb537a4c9e0f8d12bf42c05600b2d87af818d56c1e5,398a39c869275ee953e7c1429666eb7121936238d0cfeddf22d8f438eed3d5cb,"Ripple-carry adder, random inputs"
2.1.0,MC-E20,e20_full_20260807_074417,2026-08-07T07:48:58.553065+00:00,adder_6,Adder,7,14,160,-10.428571428571429,-1042.857142857143,8,83,-9.375,4,52,-12.0,4,0,1.0,0,2,0.0,0.9999999999999915,0.2453017234802246,cirq,optimize_for_target_gateset+eject_z+merge_1q,1.6.1,default,ok,48,6,experiments/e20_multi_compiler_full/run.py,359d4060c67ca5d924d143122aab556b53579c5255965144a009fa0a7759908c,b79269fb3472b9940c82abb537a4c9e0f8d12bf42c05600b2d87af818d56c1e5,9f4bf8482176189c07f6fbc1b1cbfcce63b39488fa2d26c454a7aa3422c5b78e,"Ripple-carry adder, random inputs"
2.1.0,MC-E20,e20_full_20260807_074417,2026-08-07T07:48:59.752346+00:00,qwalk_6,QuantumWalk,7,82,2300,-27.048780487804876,-2704.8780487804875,47,1695,-35.06382978723404,6,990,-164.0,6,990,-164.0,0,305,0.0,0.9999999999997867,0.030640363693237305,qiskit,transpiler,2.4.1,3,ok,48,6,experiments/e20_multi_compiler_full/run.py,359d4060c67ca5d924d143122aab556b53579c5255965144a009fa0a7759908c,e7cd74f58ab072a479a1d75dc20d775aedbdf99073d84ff24691d14041c24621,091c37ad4c5f32a557a8bab0fa0a0de23cbfb3de2c0e9652bfa21be24c447b43,"DTQW on cycle, 3 steps"
2.1.0,MC-E20,e20_full_20260807_074417,2026-08-07T07:49:09.276209+00:00,qwalk_6,QuantumWalk,7,82,3879,-46.30487804878049,-4630.487804878048,47,2690,-56.234042553191486,6,1678,-278.6666666666667,6,0,1.0,0,8,0.0,0.9999999999997317,7.895318984985352,cirq,optimize_for_target_gateset+eject_z+merge_1q,1.6.1,default,ok,48,6,experiments/e20_multi_compiler_full/run.py,359d4060c67ca5d924d143122aab556b53579c5255965144a009fa0a7759908c,e7cd74f58ab072a479a1d75dc20d775aedbdf99073d84ff24691d14041c24621,c87493d3343ae785f3e624d6f595ca887301fa529a5ee291c72c6d09c74fefdd,"DTQW on cycle, 3 steps"
2.1.0,MC-E20,e20_full_20260807_074417,2026-08-07T07:49:09.289028+00:00,iqp_6,IQP,6,30,11,0.6333333333333333,63.33333333333333,7,4,0.4285714285714286,4,2,0.5,0,0,0.0,0,0,0.0,0.9999999999999964,0.007406949996948242,qiskit,transpiler,2.4.1,3,ok,48,6,experiments/e20_multi_compiler_full/run.py,359d4060c67ca5d924d143122aab556b53579c5255965144a009fa0a7759908c,5565b489a4a34784338335397674915a2488e9493293ebcd571860226fd9f056,f18e3ad03f761c985d8057e7f82e26f45add5a17466cf4def62a6eceacd0897c,"IQP circuit, 3 diagonal layers"
2.1.0,MC-E20,e20_full_20260807_074417,2026-08-07T07:49:09.332114+00:00,iqp_6,IQP,6,30,13,0.5666666666666667,56.666666666666664,7,5,0.2857142857142857,4,2,0.5,0,0,0.0,0,0,0.0,0.9999999999999964,0.04003572463989258,cirq,optimize_for_target_gateset+eject_z+merge_1q,1.6.1,default,ok,48,6,experiments/e20_multi_compiler_full/run.py,359d4060c67ca5d924d143122aab556b53579c5255965144a009fa0a7759908c,5565b489a4a34784338335397674915a2488e9493293ebcd571860226fd9f056,bb48666bdf90ebee6df129f1efd48961d7af807db8f2ca5ec32a223ee204562f,"IQP circuit, 3 diagonal layers"
2.1.0,MC-E20,e20_full_20260807_074417,2026-08-07T07:49:09.443237+00:00,iqp_6,IQP,6,30,10,0.6666666666666667,66.66666666666667,7,5,0.2857142857142857,4,2,0.5,0,2,0.0,0,0,0.0,0.9999999999999991,0.10315561294555664,tket,FullPeepholeOptimise,2.18.0,default,ok,48,6,experiments/e20_multi_compiler_full/run.py,359d4060c67ca5d924d143122aab556b53579c5255965144a009fa0a7759908c,5565b489a4a34784338335397674915a2488e9493293ebcd571860226fd9f056,604dd0202749c23069910d538ec30029bd5243677f7e152825ce5dd67474accc,"IQP circuit, 3 diagonal layers"
2.1.0,MC-E20,e20_full_20260807_074417,2026-08-07T07:49:09.458053+00:00,clifford_6,RandomClifford,6,45,15,0.6666666666666667,66.66666666666667,11,7,0.36363636363636365,3,3,0.0,3,3,0.0,22,4,0.8181818181818181,0.9999999999999963,0.0074672698974609375,qiskit,transpiler,2.4.1,3,ok,48,6,experiments/e20_multi_compiler_full/run.py,359d4060c67ca5d924d143122aab556b53579c5255965144a009fa0a7759908c,c071f0d022a4384669f009e01fdcda4f7d198cd5d282e72676e1dceaa77073a5,3f8319462bdf35825b2d037e0dea4409467a67f1840968da640378a8227e8909,"Random Clifford, depth=10"
2.1.0,MC-E20,e20_full_20260807_074417,2026-08-07T07:49:09.514648+00:00,clifford_6,RandomClifford,6,45,15,0.6666666666666667,66.66666666666667,11,6,0.4545454545454546,3,3,0.0,3,0,1.0,22,2,0.9090909090909091,0.9999999999999964,0.04576539993286133,cirq,optimize_for_target_gateset+eject_z+merge_1q,1.6.1,default,ok,48,6,experiments/e20_multi_compiler_full/run.py,359d4060c67ca5d924d143122aab556b53579c5255965144a009fa0a7759908c,c071f0d022a4384669f009e01fdcda4f7d198cd5d282e72676e1dceaa77073a5,5a196e111ef9336ddec97210cbf9bf7d500181cfa5fb4986fa6ed4776ae03d2d,"Random Clifford, depth=10"
2.1.0,MC-E20,e20_full_20260807_074417,2026-08-07T07:49:09.634213+00:00,clifford_6,RandomClifford,6,45,10,0.7777777777777778,77.77777777777779,11,5,0.5454545454545454,3,2,0.33333333333333337,3,2,0.33333333333333337,22,0,1.0,0.2615384615384607,0.10469651222229004,tket,FullPeepholeOptimise,2.18.0,default,ok,48,6,experiments/e20_multi_compiler_full/run.py,359d4060c67ca5d924d143122aab556b53579c5255965144a009fa0a7759908c,c071f0d022a4384669f009e01fdcda4f7d198cd5d282e72676e1dceaa77073a5,982a47fff821dbac440e6d895b7617dd812ffcac3634fd30c11e4945f325f592,"Random Clifford, depth=10"
2.1.0,MC-E20,e20_full_20260807_074417,2026-08-07T07:49:09.653332+00:00,surface_code_6,SurfaceCode,7,9,9,0.0,0.0,8,8,0.0,6,6,0.0,6,6,0.0,0,0,0.0,0.9999999999999998,0.011197805404663086,qiskit,transpiler,2.4.1,3,ok,48,6,experiments/e20_multi_compiler_full/run.py,359d4060c67ca5d924d143122aab556b53579c5255965144a009fa0a7759908c,a16dbe89e98ec8eef49995c9edecf7e520b6fce018b74c0aa8248506ead433db,a16dbe89e98ec8eef49995c9edecf7e520b6fce018b74c0aa8248506ead433db,X-stabilizer syndrome extraction
2.1.0,MC-E20,e20_full_20260807_074417,2026-08-07T07:49:09.700378+00:00,surface_code_6,SurfaceCode,7,9,8,0.11111111111111116,11.111111111111116,8,7,0.125,6,6,0.0,6,0,1.0,0,0,0.0,0.9999999999999998,0.04704570770263672,cirq,optimize_for_target_gateset+eject_z+merge_1q,1.6.1,default,ok,48,6,experiments/e20_multi_compiler_full/run.py,359d4060c67ca5d924d143122aab556b53579c5255965144a009fa0a7759908c,a16dbe89e98ec8eef49995c9edecf7e520b6fce018b74c0aa8248506ead433db,61be57f4421ac2128f32cc18abc278c3708dc629d8aa5628a00a5da7810b2351,X-stabilizer syndrome extraction
2.1.0,MC-E20,e20_full_20260807_074417,2026-08-07T07:49:09.724953+00:00,uccsd_6,UCCSD_inspired,6,58,44,0.24137931034482762,24.13793103448276,28,25,0.1071428571428571,29,21,0.27586206896551724,29,21,0.27586206896551724,0,0,0.0,1.0,0.01684713363647461,qiskit,transpiler,2.4.1,3,ok,48,6,experiments/e20_multi_compiler_full/run.py,359d4060c67ca5d924d143122aab556b53579c5255965144a009fa0a7759908c,f0bdd46123091ba97fefd19676b93aade86e3d4136f4da3f9107d501b086597b,0442bbfcf1d6d4e8fc47f25ad1b5fde9e16b6aa01a6e77445ea246372ba447e7,Parameterized ansatz INSPIRED BY (not true) UCCSD; see make_parameterized_ansatz docstring. Renamed from 'UCCSD' to 'UCCSD_inspired' per review L3 to avoid false claim.
2.1.0,MC-E20,e20_full_20260807_074417,2026-08-07T07:49:09.884106+00:00,uccsd_6,UCCSD_inspired,6,58,63,-0.0862068965517242,-8.62068965517242,28,31,-0.1071428571428572,29,29,0.0,29,0,1.0,0,0,0.0,0.9999999999999996,0.14421844482421875,cirq,optimize_for_target_gateset+eject_z+merge_1q,1.6.1,default,ok,48,6,experiments/e20_multi_compiler_full/run.py,359d4060c67ca5d924d143122aab556b53579c5255965144a009fa0a7759908c,f0bdd46123091ba97fefd19676b93aade86e3d4136f4da3f9107d501b086597b,85dc16c44f923a345c8976f7f7a172ff5b1339c4b6079de1bb92a8849e2f49a0,Parameterized ansatz INSPIRED BY (not true) UCCSD; see make_parameterized_ansatz docstring. Renamed from 'UCCSD' to 'UCCSD_inspired' per review L3 to avoid false claim.
2.1.0,MC-E20,e20_full_20260807_074417,2026-08-07T07:49:10.443280+00:00,uccsd_6,UCCSD_inspired,6,58,44,0.24137931034482762,24.13793103448276,28,25,0.1071428571428571,29,21,0.27586206896551724,29,21,0.27586206896551724,0,0,0.0,1.0000000000000004,0.5487453937530518,tket,FullPeepholeOptimise,2.18.0,default,ok,48,6,experiments/e20_multi_compiler_full/run.py,359d4060c67ca5d924d143122aab556b53579c5255965144a009fa0a7759908c,f0bdd46123091ba97fefd19676b93aade86e3d4136f4da3f9107d501b086597b,dd3ba5a88fb77aa61779b04a939c0a33c28406f0ca2bc3525206f5392962cd23,Parameterized ansatz INSPIRED BY (not true) UCCSD; see make_parameterized_ansatz docstring. Renamed from 'UCCSD' to 'UCCSD_inspired' per review L3 to avoid false claim.
2.1.0,MC-E20,e20_full_20260807_074417,2026-08-07T07:49:10.529227+00:00,qft_8,QFT,8,36,36,0.0,0.0,15,15,0.0,28,28,0.0,0,0,0.0,0,0,0.0,0.9999999999999969,0.004641056060791016,qiskit,transpiler,2.4.1,3,ok,48,6,experiments/e20_multi_compiler_full/run.py,359d4060c67ca5d924d143122aab556b53579c5255965144a009fa0a7759908c,b2f83603b76f95e86e3b51898d6ea360adf3a62f51aa296baf0178913d4108b2,5e235910f0329f12c7dc3b126bc0da34cd22bcb22e80d7885306046eb1f2b62c,
2.1.0,MC-E20,e20_full_20260807_074417,2026-08-07T07:49:10.878050+00:00,qft_8,QFT,8,36,134,-2.7222222222222223,-272.22222222222223,15,48,-2.2,28,56,-1.0,0,0,0.0,0,0,0.0,0.9999999999999962,0.19694209098815918,cirq,optimize_for_target_gateset+eject_z+merge_1q,1.6.1,default,ok,48,6,experiments/e20_multi_compiler_full/run.py,359d4060c67ca5d924d143122aab556b53579c5255965144a009fa0a7759908c,b2f83603b76f95e86e3b51898d6ea360adf3a62f51aa296baf0178913d4108b2,f2003bd53d0d1c2c3df986457ae1336e33215aedb071156e8c9562fb9841837f,
2.1.0,MC-E20,e20_full_20260807_074417,2026-08-07T07:49:10.890316+00:00,ghz_8,GHZ,8,8,8,0.0,0.0,8,8,0.0,7,7,0.0,7,7,0.0,0,0,0.0,0.9999999999999998,0.0,qiskit,transpiler,2.4.1,3,ok,48,6,experiments/e20_multi_compiler_full/run.py,359d4060c67ca5d924d143122aab556b53579c5255965144a009fa0a7759908c,587577f385cf54a3edd3cc639b3ac8cc5aa139f2ef414827515ddc7be4c12104,587577f385cf54a3edd3cc639b3ac8cc5aa139f2ef414827515ddc7be4c12104,
2.1.0,MC-E20,e20_full_20260807_074417,2026-08-07T07:49:10.967511+00:00,ghz_8,GHZ,8,8,23,-1.875,-187.5,8,15,-0.875,7,7,0.0,7,0,1.0,0,0,0.0,0.9999999999999971,0.054535627365112305,cirq,optimize_for_target_gateset+eject_z+merge_1q,1.6.1,default,ok,48,6,experiments/e20_multi_compiler_full/run.py,359d4060c67ca5d924d143122aab556b53579c5255965144a009fa0a7759908c,587577f385cf54a3edd3cc639b3ac8cc5aa139f2ef414827515ddc7be4c12104,a2f2d04e71fa038bd3a71061f2357cee894af4692955787292458304cec3a3f6,
2.1.0,MC-E20,e20_full_20260807_074417,2026-08-07T07:49:11.023615+00:00,cnot_chain_8,CNOT,8,56,0,1.0,100.0,26,0,1.0,56,0,1.0,56,0,1.0,0,0,0.0,1.0,0.0,qiskit,transpiler,2.4.1,3,ok,48,6,experiments/e20_multi_compiler_full/run.py,359d4060c67ca5d924d143122aab556b53579c5255965144a009fa0a7759908c,d3e8b51351e86caa6d8939fe0a903f48a089e7d220d46a14b52d6c94e6e43394,b9f67046a69160a09ec4f4fa9eb23036fff76352de4a4103d9d677b302f18c04,
2.1.0,MC-E20,e20_full_20260807_074417,2026-08-07T07:49:11.076718+00:00,cnot_chain_8,CNOT,8,56,0,1.0,100.0,26,0,1.0,56,0,1.0,56,0,1.0,0,0,0.0,,0.05310225486755371,cirq,optimize_for_target_gateset+eject_z+merge_1q,1.6.1,default,ok,48,6,experiments/e20_multi_compiler_full/run.py,359d4060c67ca5d924d143122aab556b53579c5255965144a009fa0a7759908c,d3e8b51351e86caa6d8939fe0a903f48a089e7d220d46a14b52d6c94e6e43394,6f8e18c5611960a199a59d79e4d4e52c427ac524f6c9f379d05c73dc41c9fc91,
2.1.0,MC-E20,e20_full_20260807_074417,2026-08-07T07:49:11.076718+00:00,bv_8,Oracle,9,23,11,0.5217391304347826,52.17391304347826,7,5,0.2857142857142857,3,3,0.0,3,3,0.0,0,0,0.0,,0.0,qiskit,transpiler,2.4.1,3,ok,48,6,experiments/e20_multi_compiler_full/run.py,359d4060c67ca5d924d143122aab556b53579c5255965144a009fa0a7759908c,c2a00669305e9f9d674a8acebadc78bf4bc38f1442e28c349678854c5d7459e5,c064c1290e9342c4dde295ffb3ac2768b89430426903b5c741254c63b84ac120,
2.1.0,MC-E20,e20_full_20260807_074417,2026-08-07T07:49:11.189353+00:00,qaoa_line_8,QAOA,8,66,66,0.0,0.0,30,30,0.0,28,28,0.0,28,28,0.0,0,0,0.0,1.0000000000000027,0.012439250946044922,qiskit,transpiler,2.4.1,3,ok,48,6,experiments/e20_multi_compiler_full/run.py,359d4060c67ca5d924d143122aab556b53579c5255965144a009fa0a7759908c,167ef5ca3dd7c44905af483f39d8c2c1db8905f21fab02afb5dcd4f7a8661c4f,167ef5ca3dd7c44905af483f39d8c2c1db8905f21fab02afb5dcd4f7a8661c4f,
2.1.0,MC-E20,e20_full_20260807_074417,2026-08-07T07:49:11.412783+00:00,qaoa_line_8,QAOA,8,66,86,-0.303030303030303,-30.303030303030297,30,38,-0.2666666666666666,28,28,0.0,28,0,1.0,0,0,0.0,0.9999999999999964,0.11704111099243164,cirq,optimize_for_target_gateset+eject_z+merge_1q,1.6.1,default,ok,48,6,experiments/e20_multi_compiler_full/run.py,359d4060c67ca5d924d143122aab556b53579c5255965144a009fa0a7759908c,167ef5ca3dd7c44905af483f39d8c2c1db8905f21fab02afb5dcd4f7a8661c4f,efac4d968fa3ad52c93c7e953435555a0ced0de7397bc6f6da31676384592615,
2.1.0,MC-E20,e20_full_20260807_074417,2026-08-07T07:49:11.500993+00:00,vqe_twolocal_8,VQE,8,62,38,0.3870967741935484,38.70967741935484,15,12,0.19999999999999996,14,14,0.0,14,14,0.0,0,0,0.0,0.9999999999999996,0.01174616813659668,qiskit,transpiler,2.4.1,3,ok,48,6,experiments/e20_multi_compiler_full/run.py,359d4060c67ca5d924d143122aab556b53579c5255965144a009fa0a7759908c,58ba23cb2f5068b3e1abd2962b379bbbad13f3caae9da2d0fe884ad7d3915814,9406aedfb100896fa40cd4ab71f2abbd1c8ad2c39a5d42cd5fa103b43fcefe10,
2.1.0,MC-E20,e20_full_20260807_074417,2026-08-07T07:49:11.698903+00:00,vqe_twolocal_8,VQE,8,62,65,-0.048387096774193505,-4.8387096774193505,15,21,-0.3999999999999999,14,14,0.0,14,0,1.0,0,0,0.0,0.9999999999999987,0.11377573013305664,cirq,optimize_for_target_gateset+eject_z+merge_1q,1.6.1,default,ok,48,6,experiments/e20_multi_compiler_full/run.py,359d4060c67ca5d924d143122aab556b53579c5255965144a009fa0a7759908c,58ba23cb2f5068b3e1abd2962b379bbbad13f3caae9da2d0fe884ad7d3915814,bdec46793df1f42f6e7b5da717f83f5a6cd8e075b05b3f6b3201e8ad60309099,
2.1.0,MC-E20,e20_full_20260807_074417,2026-08-07T07:49:11.767235+00:00,hardware_eff_8,HardwareEfficient,8,46,30,0.34782608695652173,34.78260869565217,8,6,0.25,14,14,0.0,14,14,0.0,0,0,0.0,1.0,0.0,qiskit,transpiler,2.4.1,3,ok,48,6,experiments/e20_multi_compiler_full/run.py,359d4060c67ca5d924d143122aab556b53579c5255965144a009fa0a7759908c,0ee70967c747c7d2f7514af1d157c15f3ddfa88907610e5774d0fd087d56da87,9b0e55a5889f9d2c9eec1ca1a24c795032fcf5cf588f7412f051c6918e971efd,
2.1.0,MC-E20,e20_full_20260807_074417,2026-08-07T07:49:11.919284+00:00,hardware_eff_8,HardwareEfficient,8,46,55,-0.19565217391304346,-19.565217391304344,8,10,-0.25,14,14,0.0,14,0,1.0,0,0,0.0,0.9999999999999964,0.07546615600585938,cirq,optimize_for_target_gateset+eject_z+merge_1q,1.6.1,default,ok,48,6,experiments/e20_multi_compiler_full/run.py,359d4060c67ca5d924d143122aab556b53579c5255965144a009fa0a7759908c,0ee70967c747c7d2f7514af1d157c15f3ddfa88907610e5774d0fd087d56da87,252789d75c20bfaefca7f1f1b0afa129045115e4aa9c846e476b9f66eb3bb940,
2.1.0,MC-E20,e20_full_20260807_074417,2026-08-07T07:49:13.436228+00:00,grover_8,Grover,8,52,798,-14.346153846153847,-1434.6153846153848,11,503,-44.72727272727273,0,360,0.0,0,360,0.0,0,102,0.0,0.9999999999999309,0.014960289001464844,qiskit,transpiler,2.4.1,3,ok,48,6,experiments/e20_multi_compiler_full/run.py,359d4060c67ca5d924d143122aab556b53579c5255965144a009fa0a7759908c,1128d2353e139edcb391900c422ae63b28c2095785dad70a8513215ca6d45fa0,7cee5af67c433c550e0017fe8394c2296f7f703c8c4f6ffb19fe5f636814559b,"Single Grover iteration, random marked state"
2.1.0,MC-E20,e20_full_20260807_074417,2026-08-07T07:49:17.350290+00:00,grover_8,Grover,8,52,1032,-18.846153846153847,-1884.6153846153848,11,698,-62.45454545454545,0,440,0.0,0,0,0.0,0,5,0.0,0.9999999999999246,2.2345242500305176,cirq,optimize_for_target_gateset+eject_z+merge_1q,1.6.1,default,ok,48,6,experiments/e20_multi_compiler_full/run.py,359d4060c67ca5d924d143122aab556b53579c5255965144a009fa0a7759908c,1128d2353e139edcb391900c422ae63b28c2095785dad70a8513215ca6d45fa0,5d848e377c2dcbee3ec277cb1998069dfeaec764f03b49367fc181b177ef4d4b,"Single Grover iteration, random marked state"
2.1.0,MC-E20,e20_full_20260807_074417,2026-08-07T07:49:17.367821+00:00,adder_8,Adder,10,21,21,0.0,0.0,10,10,0.0,6,6,0.0,6,6,0.0,0,0,0.0,,0.01753091812133789,qiskit,transpiler,2.4.1,3,ok,48,6,experiments/e20_multi_compiler_full/run.py,359d4060c67ca5d924d143122aab556b53579c5255965144a009fa0a7759908c,ed6b864f6a5e45f51d006d1b32224d7177e70f63c758f5906c61ef7e5676f2fc,3108a6f20bbb6b885ee624ceda6d2f9f05290d00e5c99e2497109eb47affc47b,"Ripple-carry adder, random inputs"
2.1.0,MC-E20,e20_full_20260807_074417,2026-08-07T07:49:17.472491+00:00,qwalk_8,QuantumWalk,9,106,4551,-41.93396226415094,-4193.396226415094,59,3163,-52.610169491525426,6,1962,-326.0,6,1962,-326.0,0,539,0.0,,0.04313373565673828,qiskit,transpiler,2.4.1,3,ok,48,6,experiments/e20_multi_compiler_full/run.py,359d4060c67ca5d924d143122aab556b53579c5255965144a009fa0a7759908c,c5216a60ee4d4259df3c8705b84425ac75a30c5d766d41180db3495c6c41a042,4f212f928f621374615c92ca162ba62fb37f9f3164ab6e61f0008b169fb72e3d,"DTQW on cycle, 3 steps"
2.1.0,MC-E20,e20_full_20260807_074417,2026-08-07T07:49:17.518145+00:00,iqp_8,IQP,8,42,21,0.5,50.0,10,5,0.5,11,5,0.5454545454545454,0,0,0.0,0,0,0.0,0.9999999999999962,0.0,qiskit,transpiler,2.4.1,3,ok,48,6,experiments/e20_multi_compiler_full/run.py,359d4060c67ca5d924d143122aab556b53579c5255965144a009fa0a7759908c,726538ccff486bf407ad86885d240093364551b259e676bf4ee5bd85857c22f1,9c8cf614575a9d761ab2740d2b52792dfe92a210cdb634a99a89ffc95b0473a0,"IQP circuit, 3 diagonal layers"
2.1.0,MC-E20,e20_full_20260807_074417,2026-08-07T07:49:17.646455+00:00,iqp_8,IQP,8,42,33,0.2142857142857143,21.42857142857143,10,6,0.4,11,9,0.18181818181818177,0,0,0.0,0,3,0.0,0.9999999999999956,0.06142759323120117,cirq,optimize_for_target_gateset+eject_z+merge_1q,1.6.1,default,ok,48,6,experiments/e20_multi_compiler_full/run.py,359d4060c67ca5d924d143122aab556b53579c5255965144a009fa0a7759908c,726538ccff486bf407ad86885d240093364551b259e676bf4ee5bd85857c22f1,28094d2d23c15ff08e9660fc3f87116bb8e148c8905c90519194f15b56c5d96e,"IQP circuit, 3 diagonal layers"
2.1.0,MC-E20,e20_full_20260807_074417,2026-08-07T07:49:17.702282+00:00,clifford_8,RandomClifford,8,53,22,0.5849056603773585,58.490566037735846,11,8,0.2727272727272727,6,6,0.0,6,6,0.0,22,3,0.8636363636363636,0.9999999999999931,0.005755901336669922,qiskit,transpiler,2.4.1,3,ok,48,6,experiments/e20_multi_compiler_full/run.py,359d4060c67ca5d924d143122aab556b53579c5255965144a009fa0a7759908c,74800791e47dfb545bd65ea3d3536b3180ab00cb2c737e02003d2f804a72b240,d93d49922184d5c18c6a195af00674567efbe66d227983decd9034377023e781,"Random Clifford, depth=10"
2.1.0,MC-E20,e20_full_20260807_074417,2026-08-07T07:49:17.805181+00:00,clifford_8,RandomClifford,8,53,26,0.5094339622641509,50.943396226415096,11,9,0.18181818181818177,6,6,0.0,6,0,1.0,22,3,0.8636363636363636,0.9999999999999956,0.05704760551452637,cirq,optimize_for_target_gateset+eject_z+merge_1q,1.6.1,default,ok,48,6,experiments/e20_multi_compiler_full/run.py,359d4060c67ca5d924d143122aab556b53579c5255965144a009fa0a7759908c,74800791e47dfb545bd65ea3d3536b3180ab00cb2c737e02003d2f804a72b240,bf7c6a9bf1ab0189a5b670b2c53d8fb6977bf0c8787121c9ff665de835a9efaf,"Random Clifford, depth=10"
2.1.0,MC-E20,e20_full_20260807_074417,2026-08-07T07:49:17.805181+00:00,surface_code_8,SurfaceCode,9,12,12,0.0,0.0,10,10,0.0,8,8,0.0,8,8,0.0,0,0,0.0,,0.0,qiskit,transpiler,2.4.1,3,ok,48,6,experiments/e20_multi_compiler_full/run.py,359d4060c67ca5d924d143122aab556b53579c5255965144a009fa0a7759908c,d71e5f320e9c732508fcc8d8ed6492cde208abe541fa293e8e0784045aefed73,d71e5f320e9c732508fcc8d8ed6492cde208abe541fa293e8e0784045aefed73,X-stabilizer syndrome extraction
2.1.0,MC-E20,e20_full_20260807_074417,2026-08-07T07:49:17.952324+00:00,uccsd_8,UCCSD_inspired,8,80,60,0.25,25.0,31,27,0.12903225806451613,36,28,0.2222222222222222,36,28,0.2222222222222222,0,0,0.0,0.9999999999999991,0.015324592590332031,qiskit,transpiler,2.4.1,3,ok,48,6,experiments/e20_multi_compiler_full/run.py,359d4060c67ca5d924d143122aab556b53579c5255965144a009fa0a7759908c,20f02a565718f4290aa809ccf2d4d22904e0d5e71fb4add9f551241bc3038a0f,65b15a2f566877486764d27f4fd602c6727dfa5ff5725688f346c1e03fb5713b,Parameterized ansatz INSPIRED BY (not true) UCCSD; see make_parameterized_ansatz docstring. Renamed from 'UCCSD' to 'UCCSD_inspired' per review L3 to avoid false claim.
2.1.0,MC-E20,e20_full_20260807_074417,2026-08-07T07:49:18.246876+00:00,uccsd_8,UCCSD_inspired,8,80,78,0.025000000000000022,2.500000000000002,31,32,-0.032258064516129004,36,36,0.0,36,0,1.0,0,0,0.0,0.9999999999999996,0.16700029373168945,cirq,optimize_for_target_gateset+eject_z+merge_1q,1.6.1,default,ok,48,6,experiments/e20_multi_compiler_full/run.py,359d4060c67ca5d924d143122aab556b53579c5255965144a009fa0a7759908c,20f02a565718f4290aa809ccf2d4d22904e0d5e71fb4add9f551241bc3038a0f,1e6aa014fa4aaccb0e1d120d09b8d1cfa6d9e169deb1f1157f403c2d00861d91,Parameterized ansatz INSPIRED BY (not true) UCCSD; see make_parameterized_ansatz docstring. Renamed from 'UCCSD' to 'UCCSD_inspired' per review L3 to avoid false claim.
2.1.0,MC-E20,e20_full_20260807_074417,2026-08-07T07:49:18.292504+00:00,haar_4,HaarRandom,4,275,257,0.06545454545454543,6.545454545454543,189,189,0.0,95,95,0.0,95,95,0.0,0,0,0.0,0.9999999999999954,0.0024154186248779297,qiskit,transpiler,2.4.1,3,ok,48,6,experiments/e20_multi_compiler_full/run.py,359d4060c67ca5d924d143122aab556b53579c5255965144a009fa0a7759908c,efa7e006bed5173a7306f73cf5bd2560359fd031ae59bdcf9a9b09c1a1a2a2c5,0ad652b2d23da69a872de2c4e6f2fbb6477f9f478171ba985d00378bb92c9f97,"Haar-random unitary, exact synthesis"
2.1.0,MC-E20,e20_full_20260807_074417,2026-08-07T07:49:18.842786+00:00,haar_4,HaarRandom,4,275,287,-0.043636363636363695,-4.3636363636363695,189,190,-0.005291005291005346,95,95,0.0,95,0,1.0,0,0,0.0,0.9999999999999958,0.5271685123443604,cirq,optimize_for_target_gateset+eject_z+merge_1q,1.6.1,default,ok,48,6,experiments/e20_multi_compiler_full/run.py,359d4060c67ca5d924d143122aab556b53579c5255965144a009fa0a7759908c,efa7e006bed5173a7306f73cf5bd2560359fd031ae59bdcf9a9b09c1a1a2a2c5,f86838f9248f5764a6c8a22cde276d417502edb354ad6b3019d802e1dbcb6bd6,"Haar-random unitary, exact synthesis"
2.1.0,MC-E20,e20_full_20260807_074417,2026-08-07T07:49:20.608349+00:00,haar_4,HaarRandom,4,275,257,0.06545454545454543,6.545454545454543,189,189,0.0,95,95,0.0,95,95,0.0,0,0,0.0,0.9999999999999996,1.735227346420288,tket,FullPeepholeOptimise,2.18.0,default,ok,48,6,experiments/e20_multi_compiler_full/run.py,359d4060c67ca5d924d143122aab556b53579c5255965144a009fa0a7759908c,efa7e006bed5173a7306f73cf5bd2560359fd031ae59bdcf9a9b09c1a1a2a2c5,676a82bf6b26f780574efc004844d97f1332c752058b5ac727744f1514c8cf83,"Haar-random unitary, exact synthesis"
2.1.0,MC-E20,e20_full_20260807_074417,2026-08-07T07:49:20.798133+00:00,qft_4,QFT,4,10,10,0.0,0.0,7,7,0.0,6,6,0.0,0,0,0.0,0,0,0.0,0.9999999999999988,0.006012678146362305,qiskit,transpiler,2.4.1,3,ok,49,7,experiments/e20_multi_compiler_full/run.py,359d4060c67ca5d924d143122aab556b53579c5255965144a009fa0a7759908c,ec754f7e3892ee8ca405ace36ffa2cf3d8489863d2f83852f623de773dd94b1e,001408f6c8b62c5aa1e72c56729dcc2520332ae2954b17daf86162a5a4f46ac6,
2.1.0,MC-E20,e20_full_20260807_074417,2026-08-07T07:49:20.851977+00:00,qft_4,QFT,4,10,34,-2.4,-240.0,7,20,-1.8571428571428572,6,12,-1.0,0,0,0.0,0,0,0.0,0.9999999999999981,0.0527496337890625,cirq,optimize_for_target_gateset+eject_z+merge_1q,1.6.1,default,ok,49,7,experiments/e20_multi_compiler_full/run.py,359d4060c67ca5d924d143122aab556b53579c5255965144a009fa0a7759908c,ec754f7e3892ee8ca405ace36ffa2cf3d8489863d2f83852f623de773dd94b1e,e7250dce10bcf0582287ec690b02c1ded37b1a4d82d911c36bee292143ba0f8c,
2.1.0,MC-E20,e20_full_20260807_074417,2026-08-07T07:49:21.020429+00:00,qft_4,QFT,4,10,31,-2.1,-210.0,7,19,-1.7142857142857144,6,12,-1.0,0,12,0.0,0,0,0.0,1.0,0.16845154762268066,tket,FullPeepholeOptimise,2.18.0,default,ok,49,7,experiments/e20_multi_compiler_full/run.py,359d4060c67ca5d924d143122aab556b53579c5255965144a009fa0a7759908c,ec754f7e3892ee8ca405ace36ffa2cf3d8489863d2f83852f623de773dd94b1e,1c29c769144f94e13e3a392f195ebc1c6cfc77bad3bffa3aa293760f9e7c4679,
2.1.0,MC-E20,e20_full_20260807_074417,2026-08-07T07:49:21.020429+00:00,ghz_4,GHZ,4,4,4,0.0,0.0,4,4,0.0,3,3,0.0,3,3,0.0,0,0,0.0,0.9999999999999996,0.0,qiskit,transpiler,2.4.1,3,ok,49,7,experiments/e20_multi_compiler_full/run.py,359d4060c67ca5d924d143122aab556b53579c5255965144a009fa0a7759908c,632a65a86fd9bfab17ccedbd10b32b45490cc33030a23af0d675ad3e8ad7a445,632a65a86fd9bfab17ccedbd10b32b45490cc33030a23af0d675ad3e8ad7a445,
2.1.0,MC-E20,e20_full_20260807_074417,2026-08-07T07:49:21.057634+00:00,ghz_4,GHZ,4,4,11,-1.75,-175.0,4,7,-0.75,3,3,0.0,3,0,1.0,0,0,0.0,0.9999999999999988,0.03720498085021973,cirq,optimize_for_target_gateset+eject_z+merge_1q,1.6.1,default,ok,49,7,experiments/e20_multi_compiler_full/run.py,359d4060c67ca5d924d143122aab556b53579c5255965144a009fa0a7759908c,632a65a86fd9bfab17ccedbd10b32b45490cc33030a23af0d675ad3e8ad7a445,5ca7a53f4dbc7c75daa820a5c5948f68bebd5a9db5a6a058678c009a27a48441,
2.1.0,MC-E20,e20_full_20260807_074417,2026-08-07T07:49:21.123811+00:00,ghz_4,GHZ,4,4,4,0.0,0.0,4,4,0.0,3,3,0.0,3,3,0.0,0,0,0.0,1.0,0.0661773681640625,tket,FullPeepholeOptimise,2.18.0,default,ok,49,7,experiments/e20_multi_compiler_full/run.py,359d4060c67ca5d924d143122aab556b53579c5255965144a009fa0a7759908c,632a65a86fd9bfab17ccedbd10b32b45490cc33030a23af0d675ad3e8ad7a445,0ca2e20394ef52eecba8c72454ae73e952a311d06ff639876717b3ceaa156322,
2.1.0,MC-E20,e20_full_20260807_074417,2026-08-07T07:49:21.127365+00:00,cnot_chain_4,CNOT,4,24,0,1.0,100.0,18,0,1.0,24,0,1.0,24,0,1.0,0,0,0.0,1.0,0.0035538673400878906,qiskit,transpiler,2.4.1,3,ok,49,7,experiments/e20_multi_compiler_full/run.py,359d4060c67ca5d924d143122aab556b53579c5255965144a009fa0a7759908c,c15ccd1efbe0b71c21464e888a978afbe6b6cf006bd895873c7d9b8e51efbaf0,80cb67051feabb1a835727fede3367602f1e692e3ec9d1d7247266c73803bd7d,
2.1.0,MC-E20,e20_full_20260807_074417,2026-08-07T07:49:21.157791+00:00,cnot_chain_4,CNOT,4,24,0,1.0,100.0,18,0,1.0,24,0,1.0,24,0,1.0,0,0,0.0,,0.030425548553466797,cirq,optimize_for_target_gateset+eject_z+merge_1q,1.6.1,default,ok,49,7,experiments/e20_multi_compiler_full/run.py,359d4060c67ca5d924d143122aab556b53579c5255965144a009fa0a7759908c,c15ccd1efbe0b71c21464e888a978afbe6b6cf006bd895873c7d9b8e51efbaf0,6f8e18c5611960a199a59d79e4d4e52c427ac524f6c9f379d05c73dc41c9fc91,
2.1.0,MC-E20,e20_full_20260807_074417,2026-08-07T07:49:21.157791+00:00,cnot_chain_4,CNOT,4,24,0,1.0,100.0,18,0,1.0,24,0,1.0,24,0,1.0,0,0,0.0,1.0,0.0,tket,FullPeepholeOptimise,2.18.0,default,ok,49,7,experiments/e20_multi_compiler_full/run.py,359d4060c67ca5d924d143122aab556b53579c5255965144a009fa0a7759908c,c15ccd1efbe0b71c21464e888a978afbe6b6cf006bd895873c7d9b8e51efbaf0,80cb67051feabb1a835727fede3367602f1e692e3ec9d1d7247266c73803bd7d,
2.1.0,MC-E20,e20_full_20260807_074417,2026-08-07T07:49:21.157791+00:00,bv_4,Oracle,5,16,14,0.125,12.5,8,6,0.25,4,4,0.0,4,4,0.0,0,0,0.0,0.9999999999999968,0.0,qiskit,transpiler,2.4.1,3,ok,49,7,experiments/e20_multi_compiler_full/run.py,359d4060c67ca5d924d143122aab556b53579c5255965144a009fa0a7759908c,25bb732b8267846a89741ffa2e2c1308f89ba070e612d017781b48e017e8fdad,0fe38657e4db969ee1f21c811cafc0b8089fb0860aeea951f4079f8e43426a4a,
2.1.0,MC-E20,e20_full_20260807_074417,2026-08-07T07:49:21.206784+00:00,bv_4,Oracle,5,16,17,-0.0625,-6.25,8,7,0.125,4,4,0.0,4,0,1.0,0,0,0.0,0.999999999999997,0.030453920364379883,cirq,optimize_for_target_gateset+eject_z+merge_1q,1.6.1,default,ok,49,7,experiments/e20_multi_compiler_full/run.py,359d4060c67ca5d924d143122aab556b53579c5255965144a009fa0a7759908c,25bb732b8267846a89741ffa2e2c1308f89ba070e612d017781b48e017e8fdad,8dae5fbe05eaf2512a4054cecaa3ad8ce1c4c849238c622e73a6963f7424c953,
2.1.0,MC-E20,e20_full_20260807_074417,2026-08-07T07:49:21.340891+00:00,bv_4,Oracle,5,16,14,0.125,12.5,8,6,0.25,4,4,0.0,4,4,0.0,0,0,0.0,0.9999999999999987,0.11874246597290039,tket,FullPeepholeOptimise,2.18.0,default,ok,49,7,experiments/e20_multi_compiler_full/run.py,359d4060c67ca5d924d143122aab556b53579c5255965144a009fa0a7759908c,25bb732b8267846a89741ffa2e2c1308f89ba070e612d017781b48e017e8fdad,e1a7dd4f6913039ad2f03777a4329fd460a4ec26ae19ab0724004d8703661d40,
2.1.0,MC-E20,e20_full_20260807_074417,2026-08-07T07:49:21.340891+00:00,qaoa_line_4,QAOA,4,30,30,0.0,0.0,18,18,0.0,12,12,0.0,12,12,0.0,0,0,0.0,1.0000000000000009,0.0,qiskit,transpiler,2.4.1,3,ok,49,7,experiments/e20_multi_compiler_full/run.py,359d4060c67ca5d924d143122aab556b53579c5255965144a009fa0a7759908c,973e1c78751265decf13f3b11f7803c29537ca02c87246e2625b76cd61d71e8d,973e1c78751265decf13f3b11f7803c29537ca02c87246e2625b76cd61d71e8d,
2.1.0,MC-E20,e20_full_20260807_074417,2026-08-07T07:49:21.402360+00:00,qaoa_line_4,QAOA,4,30,39,-0.30000000000000004,-30.000000000000004,18,22,-0.22222222222222232,12,12,0.0,12,0,1.0,0,0,0.0,0.9999999999999991,0.06146883964538574,cirq,optimize_for_target_gateset+eject_z+merge_1q,1.6.1,default,ok,49,7,experiments/e20_multi_compiler_full/run.py,359d4060c67ca5d924d143122aab556b53579c5255965144a009fa0a7759908c,973e1c78751265decf13f3b11f7803c29537ca02c87246e2625b76cd61d71e8d,8264308c1ad8f301b250de70ae23ec4f8758dc79fe928f9fe7e414e5d7b5641a,
2.1.0,MC-E20,e20_full_20260807_074417,2026-08-07T07:49:21.616791+00:00,qaoa_line_4,QAOA,4,30,28,0.06666666666666665,6.666666666666665,18,18,0.0,12,12,0.0,12,12,0.0,0,0,0.0,1.0000000000000009,0.2144308090209961,tket,FullPeepholeOptimise,2.18.0,default,ok,49,7,experiments/e20_multi_compiler_full/run.py,359d4060c67ca5d924d143122aab556b53579c5255965144a009fa0a7759908c,973e1c78751265decf13f3b11f7803c29537ca02c87246e2625b76cd61d71e8d,b63876154d5c0dbf3276edec16e0e04a6acea1a68873f1d64d7acec5ba90fb45,
2.1.0,MC-E20,e20_full_20260807_074417,2026-08-07T07:49:21.616791+00:00,vqe_twolocal_4,VQE,4,30,18,0.4,40.0,11,8,0.2727272727272727,6,6,0.0,6,6,0.0,0,0,0.0,0.9999999999999996,0.0,qiskit,transpiler,2.4.1,3,ok,49,7,experiments/e20_multi_compiler_full/run.py,359d4060c67ca5d924d143122aab556b53579c5255965144a009fa0a7759908c,e25406b6cf5ff324e48e808670fb954522a342599b4cfd9f75d21537b9aaec0c,f39871f325dc5d8daab54ad00679aa2fe849a4ad9cd489f1d35cc564c7d525dc,
2.1.0,MC-E20,e20_full_20260807_074417,2026-08-07T07:49:21.685540+00:00,vqe_twolocal_4,VQE,4,30,29,0.033333333333333326,3.3333333333333326,11,13,-0.18181818181818188,6,6,0.0,6,0,1.0,0,0,0.0,0.9999999999999988,0.06874918937683105,cirq,optimize_for_target_gateset+eject_z+merge_1q,1.6.1,default,ok,49,7,experiments/e20_multi_compiler_full/run.py,359d4060c67ca5d924d143122aab556b53579c5255965144a009fa0a7759908c,e25406b6cf5ff324e48e808670fb954522a342599b4cfd9f75d21537b9aaec0c,40da2786b0432970c7cc6a4c46c958391e56fd29f2cf4404f5fa738489baee8b,
2.1.0,MC-E20,e20_full_20260807_074417,2026-08-07T07:49:21.871694+00:00,vqe_twolocal_4,VQE,4,30,18,0.4,40.0,11,8,0.2727272727272727,6,6,0.0,6,6,0.0,0,0,0.0,0.9999999999999988,0.18432044982910156,tket,FullPeepholeOptimise,2.18.0,default,ok,49,7,experiments/e20_multi_compiler_full/run.py,359d4060c67ca5d924d143122aab556b53579c5255965144a009fa0a7759908c,e25406b6cf5ff324e48e808670fb954522a342599b4cfd9f75d21537b9aaec0c,34379b590e3e40c324a6429f2437c7d0b193ecc89230e7a0703dd14021da39de,
2.1.0,MC-E20,e20_full_20260807_074417,2026-08-07T07:49:21.880139+00:00,hardware_eff_4,HardwareEfficient,4,22,14,0.36363636363636365,36.36363636363637,8,6,0.25,6,6,0.0,6,6,0.0,0,0,0.0,0.9999999999999996,0.004434347152709961,qiskit,transpiler,2.4.1,3,ok,49,7,experiments/e20_multi_compiler_full/run.py,359d4060c67ca5d924d143122aab556b53579c5255965144a009fa0a7759908c,1671998ca83dc2c5eea402b5098a7ae71206458e4ce54f952b4672a1c8d1994f,a3a6cffe212e27daaa93daeae3e35616308154537372f45d737f110b7f520143,
2.1.0,MC-E20,e20_full_20260807_074417,2026-08-07T07:49:21.923881+00:00,hardware_eff_4,HardwareEfficient,4,22,25,-0.13636363636363646,-13.636363636363647,8,10,-0.25,6,6,0.0,6,0,1.0,0,0,0.0,0.999999999999999,0.043741703033447266,cirq,optimize_for_target_gateset+eject_z+merge_1q,1.6.1,default,ok,49,7,experiments/e20_multi_compiler_full/run.py,359d4060c67ca5d924d143122aab556b53579c5255965144a009fa0a7759908c,1671998ca83dc2c5eea402b5098a7ae71206458e4ce54f952b4672a1c8d1994f,de631a190de5a6debe9cbd7b3498d9b9fa60d53c55d753822175aeda4d629a61,
2.1.0,MC-E20,e20_full_20260807_074417,2026-08-07T07:49:22.097767+00:00,hardware_eff_4,HardwareEfficient,4,22,14,0.36363636363636365,36.36363636363637,8,6,0.25,6,6,0.0,6,6,0.0,0,0,0.0,0.9999999999999996,0.17388606071472168,tket,FullPeepholeOptimise,2.18.0,default,ok,49,7,experiments/e20_multi_compiler_full/run.py,359d4060c67ca5d924d143122aab556b53579c5255965144a009fa0a7759908c,1671998ca83dc2c5eea402b5098a7ae71206458e4ce54f952b4672a1c8d1994f,d65ed3c3b7b6f0679c80ebc51b5d9fa94fc16fa3d554700af1b42bc4884100b3,
2.1.0,MC-E20,e20_full_20260807_074417,2026-08-07T07:49:22.114557+00:00,grover_4,Grover,4,32,62,-0.9375,-93.75,13,53,-3.0769230769230766,0,28,0.0,0,28,0.0,0,0,0.0,0.9999999999999938,0.005186557769775391,qiskit,transpiler,2.4.1,3,ok,49,7,experiments/e20_multi_compiler_full/run.py,359d4060c67ca5d924d143122aab556b53579c5255965144a009fa0a7759908c,4279978e7d01bc62986ce0c5f0b2f5d690edfa7bf2ae1f2afb69e0b5487bd10a,6106f9c761d28e6b662a705b84b56f08d00731a92cb7f75ddd1b422485559c98,"Single Grover iteration, random marked state"
2.1.0,MC-E20,e20_full_20260807_074417,2026-08-07T07:49:22.276745+00:00,grover_4,Grover,4,32,71,-1.21875,-121.875,13,56,-3.3076923076923075,0,28,0.0,0,0,0.0,0,0,0.0,0.9999999999999938,0.14044427871704102,cirq,optimize_for_target_gateset+eject_z+merge_1q,1.6.1,default,ok,49,7,experiments/e20_multi_compiler_full/run.py,359d4060c67ca5d924d143122aab556b53579c5255965144a009fa0a7759908c,4279978e7d01bc62986ce0c5f0b2f5d690edfa7bf2ae1f2afb69e0b5487bd10a,28ae24d08efceb2420eb5cff3f42739ca69e1b25f865119125c3b80cfe05e2a3,"Single Grover iteration, random marked state"
2.1.0,MC-E20,e20_full_20260807_074417,2026-08-07T07:49:22.849286+00:00,grover_4,Grover,4,32,64,-1.0,-100.0,13,55,-3.230769230769231,0,28,0.0,0,28,0.0,0,0,0.0,0.9999999999999969,0.5570931434631348,tket,FullPeepholeOptimise,2.18.0,default,ok,49,7,experiments/e20_multi_compiler_full/run.py,359d4060c67ca5d924d143122aab556b53579c5255965144a009fa0a7759908c,4279978e7d01bc62986ce0c5f0b2f5d690edfa7bf2ae1f2afb69e0b5487bd10a,8b42f067819f94d931026c13ec68182e9fdbe8f85d5307bee2fc6d2d983ad662,"Single Grover iteration, random marked state"
2.1.0,MC-E20,e20_full_20260807_074417,2026-08-07T07:49:22.849286+00:00,adder_4,Adder,4,6,6,0.0,0.0,6,6,0.0,2,2,0.0,2,2,0.0,0,0,0.0,1.0,0.0,qiskit,transpiler,2.4.1,3,ok,49,7,experiments/e20_multi_compiler_full/run.py,359d4060c67ca5d924d143122aab556b53579c5255965144a009fa0a7759908c,c2f59740e6b3e2a395683f9a2c34a12a350af985f437251f55c71e43bf23f1ab,c2f59740e6b3e2a395683f9a2c34a12a350af985f437251f55c71e43bf23f1ab,"Ripple-carry adder, random inputs"
2.1.0,MC-E20,e20_full_20260807_074417,2026-08-07T07:49:22.991160+00:00,adder_4,Adder,4,6,80,-12.333333333333334,-1233.3333333333335,6,52,-7.666666666666666,2,26,-12.0,2,0,1.0,0,2,0.0,0.999999999999996,0.13611626625061035,cirq,optimize_for_target_gateset+eject_z+merge_1q,1.6.1,default,ok,49,7,experiments/e20_multi_compiler_full/run.py,359d4060c67ca5d924d143122aab556b53579c5255965144a009fa0a7759908c,c2f59740e6b3e2a395683f9a2c34a12a350af985f437251f55c71e43bf23f1ab,1473e610e627cf43ab95626eb3799dcd024dc1894dfc8dcba3933d665989d923,"Ripple-carry adder, random inputs"
2.1.0,MC-E20,e20_full_20260807_074417,2026-08-07T07:49:23.216906+00:00,adder_4,Adder,4,6,38,-5.333333333333333,-533.3333333333333,6,29,-3.833333333333333,2,18,-8.0,2,18,-8.0,0,0,0.0,1.0000000000000009,0.22574567794799805,tket,FullPeepholeOptimise,2.18.0,default,ok,49,7,experiments/e20_multi_compiler_full/run.py,359d4060c67ca5d924d143122aab556b53579c5255965144a009fa0a7759908c,c2f59740e6b3e2a395683f9a2c34a12a350af985f437251f55c71e43bf23f1ab,4d1a51ea70d8111982f2622476f49700d61dcb1a230851cf7ca3bc4ba048dce9,"Ripple-carry adder, random inputs"
2.1.0,MC-E20,e20_full_20260807_074417,2026-08-07T07:49:23.293679+00:00,qwalk_4,QuantumWalk,5,58,453,-6.810344827586207,-681.0344827586207,35,387,-10.057142857142857,6,252,-41.0,6,198,-32.0,0,36,0.0,0.9999999999999494,0.0,qiskit,transpiler,2.4.1,3,ok,49,7,experiments/e20_multi_compiler_full/run.py,359d4060c67ca5d924d143122aab556b53579c5255965144a009fa0a7759908c,3c9237c89b7756064bac190a2ad0bd1369b9670062a779ddc9072980bdb01e37,cc8c9ba0f9beba3339ca22f4504e74250766cfc42522bd275f02ce1a7e2a52e1,"DTQW on cycle, 3 steps"
2.1.0,MC-E20,e20_full_20260807_074417,2026-08-07T07:49:24.987769+00:00,qwalk_4,QuantumWalk,5,58,824,-13.206896551724139,-1320.689655172414,35,638,-17.228571428571428,6,354,-58.0,6,0,1.0,0,0,0.0,0.9999999999999457,1.6033790111541748,cirq,optimize_for_target_gateset+eject_z+merge_1q,1.6.1,default,ok,49,7,experiments/e20_multi_compiler_full/run.py,359d4060c67ca5d924d143122aab556b53579c5255965144a009fa0a7759908c,3c9237c89b7756064bac190a2ad0bd1369b9670062a779ddc9072980bdb01e37,195b795569ba1586d9e68afc59f64ec11bb6c3fc9235d1a94ce0b95d083c3322,"DTQW on cycle, 3 steps"
2.1.0,MC-E20,e20_full_20260807_074417,2026-08-07T07:49:30.636220+00:00,qwalk_4,QuantumWalk,5,58,686,-10.827586206896552,-1082.7586206896551,35,534,-14.257142857142858,6,330,-54.0,6,330,-54.0,0,0,0.0,0.9999999999999709,5.572125673294067,tket,FullPeepholeOptimise,2.18.0,default,ok,49,7,experiments/e20_multi_compiler_full/run.py,359d4060c67ca5d924d143122aab556b53579c5255965144a009fa0a7759908c,3c9237c89b7756064bac190a2ad0bd1369b9670062a779ddc9072980bdb01e37,8328c57694824f4ba72e5144fc43ae8e4eccf4df5bfc5ce8876fb8979ac5e9f2,"DTQW on cycle, 3 steps"
2.1.0,MC-E20,e20_full_20260807_074417,2026-08-07T07:49:30.636220+00:00,iqp_4,IQP,4,19,7,0.631578947368421,63.1578947368421,9,3,0.6666666666666667,5,1,0.8,0,0,0.0,0,0,0.0,0.9999999999999979,0.0,qiskit,transpiler,2.4.1,3,ok,49,7,experiments/e20_multi_compiler_full/run.py,359d4060c67ca5d924d143122aab556b53579c5255965144a009fa0a7759908c,829c59777d2714ca6841a86a0b4d795d05230ffc1e67c2bc68c76f6998a28fba,41b7910fff7b807f8f770ff895725915ca5bf30591ed7c7289455e03287dd65c,"IQP circuit, 3 diagonal layers"
2.1.0,MC-E20,e20_full_20260807_074417,2026-08-07T07:49:30.666574+00:00,iqp_4,IQP,4,19,13,0.3157894736842105,31.57894736842105,9,6,0.33333333333333337,5,3,0.4,0,0,0.0,0,2,0.0,0.9999999999999977,0.030354022979736328,cirq,optimize_for_target_gateset+eject_z+merge_1q,1.6.1,default,ok,49,7,experiments/e20_multi_compiler_full/run.py,359d4060c67ca5d924d143122aab556b53579c5255965144a009fa0a7759908c,829c59777d2714ca6841a86a0b4d795d05230ffc1e67c2bc68c76f6998a28fba,6c6ebb052f8a555af57c6b2753ed96e8db1fdbf7d6ec9fc3b222cbf7be3f2403,"IQP circuit, 3 diagonal layers"
2.1.0,MC-E20,e20_full_20260807_074417,2026-08-07T07:49:30.715923+00:00,iqp_4,IQP,4,19,6,0.6842105263157895,68.42105263157895,9,3,0.6666666666666667,5,1,0.8,0,1,0.0,0,0,0.0,0.9999999999999988,0.049349069595336914,tket,FullPeepholeOptimise,2.18.0,default,ok,49,7,experiments/e20_multi_compiler_full/run.py,359d4060c67ca5d924d143122aab556b53579c5255965144a009fa0a7759908c,829c59777d2714ca6841a86a0b4d795d05230ffc1e67c2bc68c76f6998a28fba,da36c26728502d13cfacc9156088717ff8e854bea2d3a831d972fbac85958489,"IQP circuit, 3 diagonal layers"
2.1.0,MC-E20,e20_full_20260807_074417,2026-08-07T07:49:30.715923+00:00,clifford_4,RandomClifford,4,37,8,0.7837837837837838,78.37837837837837,13,4,0.6923076923076923,5,3,0.4,5,2,0.6,15,3,0.8,0.9999999999999991,0.0,qiskit,transpiler,2.4.1,3,ok,49,7,experiments/e20_multi_compiler_full/run.py,359d4060c67ca5d924d143122aab556b53579c5255965144a009fa0a7759908c,0022ffe9d13ecbfeb8351904362f18dc9c44762bb2f2b349e9bef5ccd44b6217,f69d96ae3aea574fbc1e0bea98700da139c8bf286f6ad8d595cb1b7f54f03b4d,"Random Clifford, depth=10"
2.1.0,MC-E20,e20_full_20260807_074417,2026-08-07T07:49:30.763707+00:00,clifford_4,RandomClifford,4,37,14,0.6216216216216216,62.16216216216216,13,6,0.5384615384615384,5,3,0.4,5,0,1.0,15,1,0.9333333333333333,0.9999999999999962,0.04296875,cirq,optimize_for_target_gateset+eject_z+merge_1q,1.6.1,default,ok,49,7,experiments/e20_multi_compiler_full/run.py,359d4060c67ca5d924d143122aab556b53579c5255965144a009fa0a7759908c,0022ffe9d13ecbfeb8351904362f18dc9c44762bb2f2b349e9bef5ccd44b6217,973aaac2de09ed59ecc8b7e47ca86c08e07710624456e1d92edd498c9b8958be,"Random Clifford, depth=10"
2.1.0,MC-E20,e20_full_20260807_074417,2026-08-07T07:49:30.855677+00:00,clifford_4,RandomClifford,4,37,10,0.7297297297297297,72.97297297297297,13,5,0.6153846153846154,5,3,0.4,5,3,0.4,15,0,1.0,0.9999999999999977,0.091461181640625,tket,FullPeepholeOptimise,2.18.0,default,ok,49,7,experiments/e20_multi_compiler_full/run.py,359d4060c67ca5d924d143122aab556b53579c5255965144a009fa0a7759908c,0022ffe9d13ecbfeb8351904362f18dc9c44762bb2f2b349e9bef5ccd44b6217,4e4330636aaa214117ab5178c6ebae639cc0d9dc0c71f4a3803ec6a6663c73d5,"Random Clifford, depth=10"
2.1.0,MC-E20,e20_full_20260807_074417,2026-08-07T07:49:30.862362+00:00,surface_code_4,SurfaceCode,5,6,6,0.0,0.0,6,6,0.0,4,4,0.0,4,4,0.0,0,0,0.0,0.9999999999999996,0.0066852569580078125,qiskit,transpiler,2.4.1,3,ok,49,7,experiments/e20_multi_compiler_full/run.py,359d4060c67ca5d924d143122aab556b53579c5255965144a009fa0a7759908c,98123c419282ef8d7ead755526545f8d1b8e6129c506a92b5eb114e588eb0ab3,98123c419282ef8d7ead755526545f8d1b8e6129c506a92b5eb114e588eb0ab3,X-stabilizer syndrome extraction
2.1.0,MC-E20,e20_full_20260807_074417,2026-08-07T07:49:30.881036+00:00,surface_code_4,SurfaceCode,5,6,4,0.33333333333333337,33.333333333333336,6,4,0.33333333333333337,4,4,0.0,4,0,1.0,0,0,0.0,0.9999999999999998,0.018674135208129883,cirq,optimize_for_target_gateset+eject_z+merge_1q,1.6.1,default,ok,49,7,experiments/e20_multi_compiler_full/run.py,359d4060c67ca5d924d143122aab556b53579c5255965144a009fa0a7759908c,98123c419282ef8d7ead755526545f8d1b8e6129c506a92b5eb114e588eb0ab3,f58dc508f68aced6330b1d402c7b486bc7ad139ae24dd5136a11f162aafe1d5a,X-stabilizer syndrome extraction
2.1.0,MC-E20,e20_full_20260807_074417,2026-08-07T07:49:30.984383+00:00,surface_code_4,SurfaceCode,5,6,6,0.0,0.0,6,6,0.0,4,4,0.0,4,4,0.0,0,0,0.0,1.0,0.1033470630645752,tket,FullPeepholeOptimise,2.18.0,default,ok,49,7,experiments/e20_multi_compiler_full/run.py,359d4060c67ca5d924d143122aab556b53579c5255965144a009fa0a7759908c,98123c419282ef8d7ead755526545f8d1b8e6129c506a92b5eb114e588eb0ab3,e694cc95c19205cba6e40e73a6bfb0e277a3503f412895d9b4fc596b1716e5a2,X-stabilizer syndrome extraction
2.1.0,MC-E20,e20_full_20260807_074417,2026-08-07T07:49:30.993575+00:00,uccsd_4,UCCSD_inspired,4,28,22,0.2142857142857143,21.42857142857143,16,15,0.0625,14,10,0.2857142857142857,14,10,0.2857142857142857,0,0,0.0,0.9999999999999991,0.004015684127807617,qiskit,transpiler,2.4.1,3,ok,49,7,experiments/e20_multi_compiler_full/run.py,359d4060c67ca5d924d143122aab556b53579c5255965144a009fa0a7759908c,c930f3220abe61127b1a28e598d5f184e5f5c69d2c8d1ad9e39effa0dbc65687,88e66ce837bdf8d1d802612d5661d154095713dd48e4c064c8db77711d5e41ad,Parameterized ansatz INSPIRED BY (not true) UCCSD; see make_parameterized_ansatz docstring. Renamed from 'UCCSD' to 'UCCSD_inspired' per review L3 to avoid false claim.
2.1.0,MC-E20,e20_full_20260807_074417,2026-08-07T07:49:31.071017+00:00,uccsd_4,UCCSD_inspired,4,28,37,-0.3214285714285714,-32.14285714285714,16,20,-0.25,14,14,0.0,14,0,1.0,0,0,0.0,0.9999999999999986,0.07744240760803223,cirq,optimize_for_target_gateset+eject_z+merge_1q,1.6.1,default,ok,49,7,experiments/e20_multi_compiler_full/run.py,359d4060c67ca5d924d143122aab556b53579c5255965144a009fa0a7759908c,c930f3220abe61127b1a28e598d5f184e5f5c69d2c8d1ad9e39effa0dbc65687,862157a703ff9c4ec1fe30674bd88ba4a998f4ca41031e21d59aef3a4f96dfca,Parameterized ansatz INSPIRED BY (not true) UCCSD; see make_parameterized_ansatz docstring. Renamed from 'UCCSD' to 'UCCSD_inspired' per review L3 to avoid false claim.
2.1.0,MC-E20,e20_full_20260807_074417,2026-08-07T07:49:31.315568+00:00,uccsd_4,UCCSD_inspired,4,28,22,0.2142857142857143,21.42857142857143,16,15,0.0625,14,10,0.2857142857142857,14,10,0.2857142857142857,0,0,0.0,0.9999999999999993,0.2380847930908203,tket,FullPeepholeOptimise,2.18.0,default,ok,49,7,experiments/e20_multi_compiler_full/run.py,359d4060c67ca5d924d143122aab556b53579c5255965144a009fa0a7759908c,c930f3220abe61127b1a28e598d5f184e5f5c69d2c8d1ad9e39effa0dbc65687,2a78da42df63972314437385a178dcf0833e7228a83a0e431f7b1d7ba5c03187,Parameterized ansatz INSPIRED BY (not true) UCCSD; see make_parameterized_ansatz docstring. Renamed from 'UCCSD' to 'UCCSD_inspired' per review L3 to avoid false claim.
2.1.0,MC-E20,e20_full_20260807_074417,2026-08-07T07:49:31.332595+00:00,qft_6,QFT,6,21,21,0.0,0.0,11,11,0.0,15,15,0.0,0,0,0.0,0,0,0.0,0.9999999999999996,0.017026185989379883,qiskit,transpiler,2.4.1,3,ok,49,7,experiments/e20_multi_compiler_full/run.py,359d4060c67ca5d924d143122aab556b53579c5255965144a009fa0a7759908c,e761adf8efeac5c21762208c08429dd4686d16eb4cbc1582e6d4ebc809852f66,ce325feb7eafc0f7673a16bbc3b51544984abb6d137b6ba7752bea283600c12b,
2.1.0,MC-E20,e20_full_20260807_074417,2026-08-07T07:49:31.452859+00:00,qft_6,QFT,6,21,76,-2.619047619047619,-261.9047619047619,11,34,-2.090909090909091,15,30,-1.0,0,0,0.0,0,0,0.0,0.9999999999999976,0.10671520233154297,cirq,optimize_for_target_gateset+eject_z+merge_1q,1.6.1,default,ok,49,7,experiments/e20_multi_compiler_full/run.py,359d4060c67ca5d924d143122aab556b53579c5255965144a009fa0a7759908c,e761adf8efeac5c21762208c08429dd4686d16eb4cbc1582e6d4ebc809852f66,aa7317ad49e1ba6539551cea6f3f914671dec96f4f4e8bc50ade316d1bb9da09,
2.1.0,MC-E20,e20_full_20260807_074417,2026-08-07T07:49:31.940368+00:00,qft_6,QFT,6,21,71,-2.380952380952381,-238.0952380952381,11,33,-2.0,15,30,-1.0,0,30,0.0,0,0,0.0,1.0,0.48285579681396484,tket,FullPeepholeOptimise,2.18.0,default,ok,49,7,experiments/e20_multi_compiler_full/run.py,359d4060c67ca5d924d143122aab556b53579c5255965144a009fa0a7759908c,e761adf8efeac5c21762208c08429dd4686d16eb4cbc1582e6d4ebc809852f66,1e4c9ed3e36094a6271070b1f1ab2b30e856264476b0c22125357dc3af1d9cc7,
2.1.0,MC-E20,e20_full_20260807_074417,2026-08-07T07:49:31.955944+00:00,ghz_6,GHZ,6,6,6,0.0,0.0,6,6,0.0,5,5,0.0,5,5,0.0,0,0,0.0,0.9999999999999998,0.0,qiskit,transpiler,2.4.1,3,ok,49,7,experiments/e20_multi_compiler_full/run.py,359d4060c67ca5d924d143122aab556b53579c5255965144a009fa0a7759908c,df499dded1e0518f2f6266b9f0e35d3c81e6057b5ba6e6decbb0f26370e5bb03,df499dded1e0518f2f6266b9f0e35d3c81e6057b5ba6e6decbb0f26370e5bb03,
2.1.0,MC-E20,e20_full_20260807_074417,2026-08-07T07:49:31.986325+00:00,ghz_6,GHZ,6,6,17,-1.8333333333333335,-183.33333333333334,6,11,-0.8333333333333333,5,5,0.0,5,0,1.0,0,0,0.0,0.9999999999999973,0.030380964279174805,cirq,optimize_for_target_gateset+eject_z+merge_1q,1.6.1,default,ok,49,7,experiments/e20_multi_compiler_full/run.py,359d4060c67ca5d924d143122aab556b53579c5255965144a009fa0a7759908c,df499dded1e0518f2f6266b9f0e35d3c81e6057b5ba6e6decbb0f26370e5bb03,c50c1659240f976169f89857782a0a444ef9d6f07ecfed87fa6ae5bbbec4d547,
2.1.0,MC-E20,e20_full_20260807_074417,2026-08-07T07:49:32.097447+00:00,ghz_6,GHZ,6,6,6,0.0,0.0,6,6,0.0,5,5,0.0,5,5,0.0,0,0,0.0,1.0,0.11112165451049805,tket,FullPeepholeOptimise,2.18.0,default,ok,49,7,experiments/e20_multi_compiler_full/run.py,359d4060c67ca5d924d143122aab556b53579c5255965144a009fa0a7759908c,df499dded1e0518f2f6266b9f0e35d3c81e6057b5ba6e6decbb0f26370e5bb03,f5606110b4c9de2d9c41d6892ae7b8cd5a5d8a4dec34af69160c119d936ae28b,
2.1.0,MC-E20,e20_full_20260807_074417,2026-08-07T07:49:32.097447+00:00,cnot_chain_6,CNOT,6,40,0,1.0,100.0,22,0,1.0,40,0,1.0,40,0,1.0,0,0,0.0,1.0,0.0,qiskit,transpiler,2.4.1,3,ok,49,7,experiments/e20_multi_compiler_full/run.py,359d4060c67ca5d924d143122aab556b53579c5255965144a009fa0a7759908c,a9cbe813352eb8bbddbb6de7feecde853f066b5cf29e96a7a2f84a6cd354761a,995ca4ef9eaba10dd58f1ab322947f30c40e0f095185660849ca98aed2848347,
2.1.0,MC-E20,e20_full_20260807_074417,2026-08-07T07:49:32.150597+00:00,cnot_chain_6,CNOT,6,40,0,1.0,100.0,22,0,1.0,40,0,1.0,40,0,1.0,0,0,0.0,,0.05314993858337402,cirq,optimize_for_target_gateset+eject_z+merge_1q,1.6.1,default,ok,49,7,experiments/e20_multi_compiler_full/run.py,359d4060c67ca5d924d143122aab556b53579c5255965144a009fa0a7759908c,a9cbe813352eb8bbddbb6de7feecde853f066b5cf29e96a7a2f84a6cd354761a,6f8e18c5611960a199a59d79e4d4e52c427ac524f6c9f379d05c73dc41c9fc91,
2.1.0,MC-E20,e20_full_20260807_074417,2026-08-07T07:49:32.154563+00:00,cnot_chain_6,CNOT,6,40,0,1.0,100.0,22,0,1.0,40,0,1.0,40,0,1.0,0,0,0.0,1.0,0.003966331481933594,tket,FullPeepholeOptimise,2.18.0,default,ok,49,7,experiments/e20_multi_compiler_full/run.py,359d4060c67ca5d924d143122aab556b53579c5255965144a009fa0a7759908c,a9cbe813352eb8bbddbb6de7feecde853f066b5cf29e96a7a2f84a6cd354761a,995ca4ef9eaba10dd58f1ab322947f30c40e0f095185660849ca98aed2848347,
2.1.0,MC-E20,e20_full_20260807_074417,2026-08-07T07:49:32.159314+00:00,bv_6,Oracle,7,20,14,0.30000000000000004,30.000000000000004,8,6,0.25,4,4,0.0,4,4,0.0,0,0,0.0,0.9999999999999962,0.004750967025756836,qiskit,transpiler,2.4.1,3,ok,49,7,experiments/e20_multi_compiler_full/run.py,359d4060c67ca5d924d143122aab556b53579c5255965144a009fa0a7759908c,10bccf5b9e9d410c40b6752daa0b258aaf6391f291402db7dd33288270bb5ac7,c0ffb717ad693d4b3d9102c7193ea27f76ff00cc01238a72c62b8e88b6bcbccf,
2.1.0,MC-E20,e20_full_20260807_074417,2026-08-07T07:49:32.204859+00:00,bv_6,Oracle,7,20,17,0.15000000000000002,15.000000000000002,8,7,0.125,4,4,0.0,4,0,1.0,0,0,0.0,,0.045545339584350586,cirq,optimize_for_target_gateset+eject_z+merge_1q,1.6.1,default,ok,49,7,experiments/e20_multi_compiler_full/run.py,359d4060c67ca5d924d143122aab556b53579c5255965144a009fa0a7759908c,10bccf5b9e9d410c40b6752daa0b258aaf6391f291402db7dd33288270bb5ac7,8dae5fbe05eaf2512a4054cecaa3ad8ce1c4c849238c622e73a6963f7424c953,
2.1.0,MC-E20,e20_full_20260807_074417,2026-08-07T07:49:32.219975+00:00,qaoa_line_6,QAOA,6,48,48,0.0,0.0,24,24,0.0,20,20,0.0,20,20,0.0,0,0,0.0,1.0000000000000036,0.0,qiskit,transpiler,2.4.1,3,ok,49,7,experiments/e20_multi_compiler_full/run.py,359d4060c67ca5d924d143122aab556b53579c5255965144a009fa0a7759908c,9a93de2a64092d45dbd089fa817fd92886c1128643ee610345c6b2b659e87953,9a93de2a64092d45dbd089fa817fd92886c1128643ee610345c6b2b659e87953,
2.1.0,MC-E20,e20_full_20260807_074417,2026-08-07T07:49:32.326229+00:00,qaoa_line_6,QAOA,6,48,64,-0.33333333333333326,-33.33333333333333,24,32,-0.33333333333333326,20,20,0.0,20,0,1.0,0,0,0.0,1.0,0.09156322479248047,cirq,optimize_for_target_gateset+eject_z+merge_1q,1.6.1,default,ok,49,7,experiments/e20_multi_compiler_full/run.py,359d4060c67ca5d924d143122aab556b53579c5255965144a009fa0a7759908c,9a93de2a64092d45dbd089fa817fd92886c1128643ee610345c6b2b659e87953,eeeaebc3fd07cae5a25f8e2ae08d4b9150dce289a278050f27d4c73f3597a880,
2.1.0,MC-E20,e20_full_20260807_074417,2026-08-07T07:49:32.692294+00:00,qaoa_line_6,QAOA,6,48,46,0.04166666666666663,4.1666666666666625,24,24,0.0,20,20,0.0,20,20,0.0,0,0,0.0,1.0000000000000036,0.36423492431640625,tket,FullPeepholeOptimise,2.18.0,default,ok,49,7,experiments/e20_multi_compiler_full/run.py,359d4060c67ca5d924d143122aab556b53579c5255965144a009fa0a7759908c,9a93de2a64092d45dbd089fa817fd92886c1128643ee610345c6b2b659e87953,822bef62f344884fb4e9ecadcbdccc4be4f4732ef986d044017385ff10471c24,
2.1.0,MC-E20,e20_full_20260807_074417,2026-08-07T07:49:32.710724+00:00,vqe_twolocal_6,VQE,6,46,28,0.3913043478260869,39.13043478260869,13,10,0.23076923076923073,10,10,0.0,10,10,0.0,0,0,0.0,1.0,0.015178203582763672,qiskit,transpiler,2.4.1,3,ok,49,7,experiments/e20_multi_compiler_full/run.py,359d4060c67ca5d924d143122aab556b53579c5255965144a009fa0a7759908c,d6f0fa7d10d887accda4e674d7530971090c8b2606748b4cb0a8138437d1b94d,60661d77168962fae33359c3936d6a92f0bc689f8f5547fa76a00b9d3ca247fc,
2.1.0,MC-E20,e20_full_20260807_074417,2026-08-07T07:49:32.801987+00:00,vqe_twolocal_6,VQE,6,46,47,-0.021739130434782705,-2.1739130434782705,13,17,-0.3076923076923077,10,10,0.0,10,0,1.0,0,0,0.0,0.9999999999999982,0.0912632942199707,cirq,optimize_for_target_gateset+eject_z+merge_1q,1.6.1,default,ok,49,7,experiments/e20_multi_compiler_full/run.py,359d4060c67ca5d924d143122aab556b53579c5255965144a009fa0a7759908c,d6f0fa7d10d887accda4e674d7530971090c8b2606748b4cb0a8138437d1b94d,c36eb048a40d8e0014514342bf385ec492ea6c8901c24d0b24e982e1b0d1bd77,
2.1.0,MC-E20,e20_full_20260807_074417,2026-08-07T07:49:33.134365+00:00,vqe_twolocal_6,VQE,6,46,28,0.3913043478260869,39.13043478260869,13,10,0.23076923076923073,10,10,0.0,10,10,0.0,0,0,0.0,1.0,0.3323783874511719,tket,FullPeepholeOptimise,2.18.0,default,ok,49,7,experiments/e20_multi_compiler_full/run.py,359d4060c67ca5d924d143122aab556b53579c5255965144a009fa0a7759908c,d6f0fa7d10d887accda4e674d7530971090c8b2606748b4cb0a8138437d1b94d,ae940f6793eb813d0d154b8f00fad2a3b10686bf53effe6670bf068e1fe7657b,
2.1.0,MC-E20,e20_full_20260807_074417,2026-08-07T07:49:33.153381+00:00,hardware_eff_6,HardwareEfficient,6,34,22,0.3529411764705882,35.29411764705882,8,6,0.25,10,10,0.0,10,10,0.0,0,0,0.0,1.0,0.0,qiskit,transpiler,2.4.1,3,ok,49,7,experiments/e20_multi_compiler_full/run.py,359d4060c67ca5d924d143122aab556b53579c5255965144a009fa0a7759908c,a58fd5d8669e0208c53a09ddbb6b606ddcef2acf829274dff44887931f4cf9e6,0f567da93a32f8480b0c75fc78a7e84cb10400464adf828a79a6b4ea812b448e,
2.1.0,MC-E20,e20_full_20260807_074417,2026-08-07T07:49:33.218649+00:00,hardware_eff_6,HardwareEfficient,6,34,40,-0.17647058823529416,-17.647058823529417,8,10,-0.25,10,10,0.0,10,0,1.0,0,0,0.0,0.9999999999999973,0.04988598823547363,cirq,optimize_for_target_gateset+eject_z+merge_1q,1.6.1,default,ok,49,7,experiments/e20_multi_compiler_full/run.py,359d4060c67ca5d924d143122aab556b53579c5255965144a009fa0a7759908c,a58fd5d8669e0208c53a09ddbb6b606ddcef2acf829274dff44887931f4cf9e6,7a9f30c9ae73b637c2b48dc3e20c63c3a5545bf8a7b9f62321a5b7520c6f18a3,
2.1.0,MC-E20,e20_full_20260807_074417,2026-08-07T07:49:33.492994+00:00,hardware_eff_6,HardwareEfficient,6,34,22,0.3529411764705882,35.29411764705882,8,6,0.25,10,10,0.0,10,10,0.0,0,0,0.0,0.9999999999999998,0.27434492111206055,tket,FullPeepholeOptimise,2.18.0,default,ok,49,7,experiments/e20_multi_compiler_full/run.py,359d4060c67ca5d924d143122aab556b53579c5255965144a009fa0a7759908c,a58fd5d8669e0208c53a09ddbb6b606ddcef2acf829274dff44887931f4cf9e6,b7aff710728e56fbc9518e82e871a9feec3dcccf00762d7a0fe6697c1646a52a,
2.1.0,MC-E20,e20_full_20260807_074417,2026-08-07T07:49:33.568972+00:00,grover_6,Grover,6,42,20,0.5238095238095238,52.38095238095239,11,5,0.5454545454545454,0,0,0.0,0,0,0.0,0,0,0.0,0.9999999999999589,0.0,qiskit,transpiler,2.4.1,3,ok,49,7,experiments/e20_multi_compiler_full/run.py,359d4060c67ca5d924d143122aab556b53579c5255965144a009fa0a7759908c,d41ce7903892101cb5d6d73545775831ecf53c4e1fa13f1c2241739745d9f999,2c0a6db83b0527236f88b054177d6cd3d423f2a0cd7e9d3268be2944c76ff592,"Single Grover iteration, random marked state"
2.1.0,MC-E20,e20_full_20260807_074417,2026-08-07T07:49:34.415070+00:00,grover_6,Grover,6,42,402,-8.571428571428571,-857.1428571428571,11,284,-24.818181818181817,0,166,0.0,0,0,0.0,0,1,0.0,0.9999999999999661,0.7730047702789307,cirq,optimize_for_target_gateset+eject_z+merge_1q,1.6.1,default,ok,49,7,experiments/e20_multi_compiler_full/run.py,359d4060c67ca5d924d143122aab556b53579c5255965144a009fa0a7759908c,d41ce7903892101cb5d6d73545775831ecf53c4e1fa13f1c2241739745d9f999,30e05f7f2e605bfc106ee133c06cf9c9e5131abb21b048126eef75c973aae697,"Single Grover iteration, random marked state"
2.1.0,MC-E20,e20_full_20260807_074417,2026-08-07T07:49:36.886000+00:00,grover_6,Grover,6,42,344,-7.19047619047619,-719.047619047619,11,233,-20.181818181818183,0,160,0.0,0,160,0.0,0,0,0.0,0.9999999999999819,2.4179134368896484,tket,FullPeepholeOptimise,2.18.0,default,ok,49,7,experiments/e20_multi_compiler_full/run.py,359d4060c67ca5d924d143122aab556b53579c5255965144a009fa0a7759908c,d41ce7903892101cb5d6d73545775831ecf53c4e1fa13f1c2241739745d9f999,4a3fd95b2ccdbc68e4273a60cbb197684f4bb7dc1ca05b4119ead3887516da8b,"Single Grover iteration, random marked state"
2.1.0,MC-E20,e20_full_20260807_074417,2026-08-07T07:49:36.913501+00:00,adder_6,Adder,7,12,12,0.0,0.0,7,7,0.0,4,4,0.0,4,4,0.0,0,0,0.0,1.0,0.019058942794799805,qiskit,transpiler,2.4.1,3,ok,49,7,experiments/e20_multi_compiler_full/run.py,359d4060c67ca5d924d143122aab556b53579c5255965144a009fa0a7759908c,84fde07bd40be8d7a95d24cc510e9db8ab0d019aaad3c30a43907f561b19ebb6,1d990539804c1ba4a6b3990592e23ff573274fc0760634336221dde3b21bda97,"Ripple-carry adder, random inputs"
2.1.0,MC-E20,e20_full_20260807_074417,2026-08-07T07:49:37.185697+00:00,adder_6,Adder,7,12,159,-12.25,-1225.0,7,83,-10.857142857142858,4,52,-12.0,4,0,1.0,0,2,0.0,0.9999999999999919,0.2415599822998047,cirq,optimize_for_target_gateset+eject_z+merge_1q,1.6.1,default,ok,49,7,experiments/e20_multi_compiler_full/run.py,359d4060c67ca5d924d143122aab556b53579c5255965144a009fa0a7759908c,84fde07bd40be8d7a95d24cc510e9db8ab0d019aaad3c30a43907f561b19ebb6,378a75906a5f311e7014e64bded4c8044c524df2ab62abf6f7c5da180a731ec9,"Ripple-carry adder, random inputs"
2.1.0,MC-E20,e20_full_20260807_074417,2026-08-07T07:49:38.348908+00:00,qwalk_6,QuantumWalk,7,82,2300,-27.048780487804876,-2704.8780487804875,47,1695,-35.06382978723404,6,990,-164.0,6,990,-164.0,0,305,0.0,0.999999999999785,0.03437542915344238,qiskit,transpiler,2.4.1,3,ok,49,7,experiments/e20_multi_compiler_full/run.py,359d4060c67ca5d924d143122aab556b53579c5255965144a009fa0a7759908c,53b4f3ffebbbcc72f7150f70046152e88fafe8f1f757d15136595f5e7d48c413,07263590076ee452819e622a93eb0662bfb2dbe2d5cc2c52512c5cf1483e003e,"DTQW on cycle, 3 steps"
2.1.0,MC-E20,e20_full_20260807_074417,2026-08-07T07:49:47.513390+00:00,qwalk_6,QuantumWalk,7,82,3878,-46.292682926829265,-4629.268292682927,47,2690,-56.234042553191486,6,1678,-278.6666666666667,6,0,1.0,0,8,0.0,0.9999999999997319,7.739121437072754,cirq,optimize_for_target_gateset+eject_z+merge_1q,1.6.1,default,ok,49,7,experiments/e20_multi_compiler_full/run.py,359d4060c67ca5d924d143122aab556b53579c5255965144a009fa0a7759908c,53b4f3ffebbbcc72f7150f70046152e88fafe8f1f757d15136595f5e7d48c413,33d66621a89f3ab9adb2635739ce22571913028e60acb8b2e2399e3249518603,"DTQW on cycle, 3 steps"
2.1.0,MC-E20,e20_full_20260807_074417,2026-08-07T07:49:47.522204+00:00,iqp_6,IQP,6,30,16,0.4666666666666667,46.666666666666664,9,4,0.5555555555555556,6,4,0.33333333333333337,0,0,0.0,0,0,0.0,0.9999999999999964,0.008814334869384766,qiskit,transpiler,2.4.1,3,ok,49,7,experiments/e20_multi_compiler_full/run.py,359d4060c67ca5d924d143122aab556b53579c5255965144a009fa0a7759908c,d7baf1316221c49044d9ba69fcb895bbe16fd49fed49607c0ee4c888fe35fd51,7920530dd12a3f3ee1e2245440f4b814bd25faa3b972b631df863e7e10a34f3c,"IQP circuit, 3 diagonal layers"
2.1.0,MC-E20,e20_full_20260807_074417,2026-08-07T07:49:47.568108+00:00,iqp_6,IQP,6,30,22,0.2666666666666667,26.66666666666667,9,5,0.4444444444444444,6,4,0.33333333333333337,0,0,0.0,0,2,0.0,0.9999999999999967,0.04338240623474121,cirq,optimize_for_target_gateset+eject_z+merge_1q,1.6.1,default,ok,49,7,experiments/e20_multi_compiler_full/run.py,359d4060c67ca5d924d143122aab556b53579c5255965144a009fa0a7759908c,d7baf1316221c49044d9ba69fcb895bbe16fd49fed49607c0ee4c888fe35fd51,70ad28025b266f48762c938662950fbc5556c1607be74843437ffa474d9e9500,"IQP circuit, 3 diagonal layers"
2.1.0,MC-E20,e20_full_20260807_074417,2026-08-07T07:49:47.735760+00:00,iqp_6,IQP,6,30,15,0.5,50.0,9,5,0.4444444444444444,6,4,0.33333333333333337,0,4,0.0,0,0,0.0,1.0,0.16765213012695312,tket,FullPeepholeOptimise,2.18.0,default,ok,49,7,experiments/e20_multi_compiler_full/run.py,359d4060c67ca5d924d143122aab556b53579c5255965144a009fa0a7759908c,d7baf1316221c49044d9ba69fcb895bbe16fd49fed49607c0ee4c888fe35fd51,6cfa92fa34585a369040bb4ab935ae3f8c8f56622d16889849eb49e1aacff051,"IQP circuit, 3 diagonal layers"
2.1.0,MC-E20,e20_full_20260807_074417,2026-08-07T07:49:47.757019+00:00,clifford_6,RandomClifford,6,44,18,0.5909090909090908,59.09090909090908,12,7,0.41666666666666663,6,5,0.16666666666666663,6,4,0.33333333333333337,26,4,0.8461538461538461,0.9999999999999969,0.0192413330078125,qiskit,transpiler,2.4.1,3,ok,49,7,experiments/e20_multi_compiler_full/run.py,359d4060c67ca5d924d143122aab556b53579c5255965144a009fa0a7759908c,5052043f4b27a8ad993d9d32fd092d8c809970e5c8ad49b6597eb46a937e2b27,88975e6eca3e4b49cb98e04e0f808632b8b9a0a421867ea2fdbd6718134556d3,"Random Clifford, depth=10"
2.1.0,MC-E20,e20_full_20260807_074417,2026-08-07T07:49:47.812200+00:00,clifford_6,RandomClifford,6,44,21,0.5227272727272727,52.27272727272727,12,8,0.33333333333333337,6,5,0.16666666666666663,6,0,1.0,26,1,0.9615384615384616,0.9999999999999967,0.0521242618560791,cirq,optimize_for_target_gateset+eject_z+merge_1q,1.6.1,default,ok,49,7,experiments/e20_multi_compiler_full/run.py,359d4060c67ca5d924d143122aab556b53579c5255965144a009fa0a7759908c,5052043f4b27a8ad993d9d32fd092d8c809970e5c8ad49b6597eb46a937e2b27,062699932732c637966e2315d9d48709f14e43fec4bdb154c2c736eb19a34233,"Random Clifford, depth=10"
2.1.0,MC-E20,e20_full_20260807_074417,2026-08-07T07:49:47.973618+00:00,clifford_6,RandomClifford,6,44,16,0.6363636363636364,63.63636363636363,12,9,0.25,6,4,0.33333333333333337,6,4,0.33333333333333337,26,0,1.0,0.26153846153846133,0.16141772270202637,tket,FullPeepholeOptimise,2.18.0,default,ok,49,7,experiments/e20_multi_compiler_full/run.py,359d4060c67ca5d924d143122aab556b53579c5255965144a009fa0a7759908c,5052043f4b27a8ad993d9d32fd092d8c809970e5c8ad49b6597eb46a937e2b27,bc149bd863e0aabfbaec4e0337c9e1476b3ed06648c71e227330b1d8f7377245,"Random Clifford, depth=10"
2.1.0,MC-E20,e20_full_20260807_074417,2026-08-07T07:49:47.989180+00:00,surface_code_6,SurfaceCode,7,8,8,0.0,0.0,8,8,0.0,6,6,0.0,6,6,0.0,0,0,0.0,0.9999999999999998,0.010450124740600586,qiskit,transpiler,2.4.1,3,ok,49,7,experiments/e20_multi_compiler_full/run.py,359d4060c67ca5d924d143122aab556b53579c5255965144a009fa0a7759908c,c79699bc553ba266feca0cc48d12346c9fa31633f6c158d26ee08f6599c9d82f,c79699bc553ba266feca0cc48d12346c9fa31633f6c158d26ee08f6599c9d82f,X-stabilizer syndrome extraction
2.1.0,MC-E20,e20_full_20260807_074417,2026-08-07T07:49:48.019859+00:00,surface_code_6,SurfaceCode,7,8,6,0.25,25.0,8,6,0.25,6,6,0.0,6,0,1.0,0,0,0.0,0.9999999999999998,0.030678510665893555,cirq,optimize_for_target_gateset+eject_z+merge_1q,1.6.1,default,ok,49,7,experiments/e20_multi_compiler_full/run.py,359d4060c67ca5d924d143122aab556b53579c5255965144a009fa0a7759908c,c79699bc553ba266feca0cc48d12346c9fa31633f6c158d26ee08f6599c9d82f,6696020bd4933e6d44d153ef81124f2dc62c93bb2afac6e66efffd5a069f5ea1,X-stabilizer syndrome extraction
2.1.0,MC-E20,e20_full_20260807_074417,2026-08-07T07:49:48.035275+00:00,uccsd_6,UCCSD_inspired,6,58,44,0.24137931034482762,24.13793103448276,28,25,0.1071428571428571,29,21,0.27586206896551724,29,21,0.27586206896551724,0,0,0.0,0.9999999999999993,0.0,qiskit,transpiler,2.4.1,3,ok,49,7,experiments/e20_multi_compiler_full/run.py,359d4060c67ca5d924d143122aab556b53579c5255965144a009fa0a7759908c,409d7ae5e94b475c2a7305f8a643659ad22969a376bfe8cf1d3e7a2831e784b0,5cfe531d0a7c15cd05d7b3e27608e8a49d38567763c6774aa0e824255f55f3bc,Parameterized ansatz INSPIRED BY (not true) UCCSD; see make_parameterized_ansatz docstring. Renamed from 'UCCSD' to 'UCCSD_inspired' per review L3 to avoid false claim.
2.1.0,MC-E20,e20_full_20260807_074417,2026-08-07T07:49:48.189109+00:00,uccsd_6,UCCSD_inspired,6,58,63,-0.0862068965517242,-8.62068965517242,28,29,-0.03571428571428581,29,29,0.0,29,0,1.0,0,0,0.0,0.9999999999999984,0.13828563690185547,cirq,optimize_for_target_gateset+eject_z+merge_1q,1.6.1,default,ok,49,7,experiments/e20_multi_compiler_full/run.py,359d4060c67ca5d924d143122aab556b53579c5255965144a009fa0a7759908c,409d7ae5e94b475c2a7305f8a643659ad22969a376bfe8cf1d3e7a2831e784b0,2a6fa98e4dda383d969e5c57f6bd6cf869036915a4e780c6377138318abbfa21,Parameterized ansatz INSPIRED BY (not true) UCCSD; see make_parameterized_ansatz docstring. Renamed from 'UCCSD' to 'UCCSD_inspired' per review L3 to avoid false claim.
2.1.0,MC-E20,e20_full_20260807_074417,2026-08-07T07:49:48.678071+00:00,uccsd_6,UCCSD_inspired,6,58,44,0.24137931034482762,24.13793103448276,28,25,0.1071428571428571,29,21,0.27586206896551724,29,21,0.27586206896551724,0,0,0.0,0.9999999999999996,0.4800684452056885,tket,FullPeepholeOptimise,2.18.0,default,ok,49,7,experiments/e20_multi_compiler_full/run.py,359d4060c67ca5d924d143122aab556b53579c5255965144a009fa0a7759908c,409d7ae5e94b475c2a7305f8a643659ad22969a376bfe8cf1d3e7a2831e784b0,43fb34d9d9ed1cd06f0d7fd4f7c93dcac2006cd5c8d7c12b380363e1e75960d6,Parameterized ansatz INSPIRED BY (not true) UCCSD; see make_parameterized_ansatz docstring. Renamed from 'UCCSD' to 'UCCSD_inspired' per review L3 to avoid false claim.
2.1.0,MC-E20,e20_full_20260807_074417,2026-08-07T07:49:48.769734+00:00,qft_8,QFT,8,36,36,0.0,0.0,15,15,0.0,28,28,0.0,0,0,0.0,0,0,0.0,0.9999999999999969,0.0,qiskit,transpiler,2.4.1,3,ok,49,7,experiments/e20_multi_compiler_full/run.py,359d4060c67ca5d924d143122aab556b53579c5255965144a009fa0a7759908c,b2f83603b76f95e86e3b51898d6ea360adf3a62f51aa296baf0178913d4108b2,5e235910f0329f12c7dc3b126bc0da34cd22bcb22e80d7885306046eb1f2b62c,
2.1.0,MC-E20,e20_full_20260807_074417,2026-08-07T07:49:49.098207+00:00,qft_8,QFT,8,36,134,-2.7222222222222223,-272.22222222222223,15,48,-2.2,28,56,-1.0,0,0,0.0,0,0,0.0,0.9999999999999962,0.1826486587524414,cirq,optimize_for_target_gateset+eject_z+merge_1q,1.6.1,default,ok,49,7,experiments/e20_multi_compiler_full/run.py,359d4060c67ca5d924d143122aab556b53579c5255965144a009fa0a7759908c,b2f83603b76f95e86e3b51898d6ea360adf3a62f51aa296baf0178913d4108b2,f2003bd53d0d1c2c3df986457ae1336e33215aedb071156e8c9562fb9841837f,
2.1.0,MC-E20,e20_full_20260807_074417,2026-08-07T07:49:49.120258+00:00,ghz_8,GHZ,8,8,8,0.0,0.0,8,8,0.0,7,7,0.0,7,7,0.0,0,0,0.0,0.9999999999999998,0.005904674530029297,qiskit,transpiler,2.4.1,3,ok,49,7,experiments/e20_multi_compiler_full/run.py,359d4060c67ca5d924d143122aab556b53579c5255965144a009fa0a7759908c,587577f385cf54a3edd3cc639b3ac8cc5aa139f2ef414827515ddc7be4c12104,587577f385cf54a3edd3cc639b3ac8cc5aa139f2ef414827515ddc7be4c12104,
2.1.0,MC-E20,e20_full_20260807_074417,2026-08-07T07:49:49.170286+00:00,ghz_8,GHZ,8,8,23,-1.875,-187.5,8,15,-0.875,7,7,0.0,7,0,1.0,0,0,0.0,0.9999999999999971,0.03901958465576172,cirq,optimize_for_target_gateset+eject_z+merge_1q,1.6.1,default,ok,49,7,experiments/e20_multi_compiler_full/run.py,359d4060c67ca5d924d143122aab556b53579c5255965144a009fa0a7759908c,587577f385cf54a3edd3cc639b3ac8cc5aa139f2ef414827515ddc7be4c12104,a2f2d04e71fa038bd3a71061f2357cee894af4692955787292458304cec3a3f6,
2.1.0,MC-E20,e20_full_20260807_074417,2026-08-07T07:49:49.237912+00:00,cnot_chain_8,CNOT,8,56,0,1.0,100.0,26,0,1.0,56,0,1.0,56,0,1.0,0,0,0.0,1.0,0.0,qiskit,transpiler,2.4.1,3,ok,49,7,experiments/e20_multi_compiler_full/run.py,359d4060c67ca5d924d143122aab556b53579c5255965144a009fa0a7759908c,d3e8b51351e86caa6d8939fe0a903f48a089e7d220d46a14b52d6c94e6e43394,b9f67046a69160a09ec4f4fa9eb23036fff76352de4a4103d9d677b302f18c04,
2.1.0,MC-E20,e20_full_20260807_074417,2026-08-07T07:49:49.277172+00:00,cnot_chain_8,CNOT,8,56,0,1.0,100.0,26,0,1.0,56,0,1.0,56,0,1.0,0,0,0.0,,0.039259910583496094,cirq,optimize_for_target_gateset+eject_z+merge_1q,1.6.1,default,ok,49,7,experiments/e20_multi_compiler_full/run.py,359d4060c67ca5d924d143122aab556b53579c5255965144a009fa0a7759908c,d3e8b51351e86caa6d8939fe0a903f48a089e7d220d46a14b52d6c94e6e43394,6f8e18c5611960a199a59d79e4d4e52c427ac524f6c9f379d05c73dc41c9fc91,
2.1.0,MC-E20,e20_full_20260807_074417,2026-08-07T07:49:49.292291+00:00,bv_8,Oracle,9,23,11,0.5217391304347826,52.17391304347826,7,5,0.2857142857142857,3,3,0.0,3,3,0.0,0,0,0.0,,0.015119314193725586,qiskit,transpiler,2.4.1,3,ok,49,7,experiments/e20_multi_compiler_full/run.py,359d4060c67ca5d924d143122aab556b53579c5255965144a009fa0a7759908c,3be28e2bf3864c90d3916643452ba62de50ecfdfc31ddaff2934bdb55eadc1cd,bfc9d210605382578a147f7a75ec3b89a1a3e9227518513e016d3dd06c664d21,
2.1.0,MC-E20,e20_full_20260807_074417,2026-08-07T07:49:49.399410+00:00,qaoa_line_8,QAOA,8,66,66,0.0,0.0,30,30,0.0,28,28,0.0,28,28,0.0,0,0,0.0,1.0000000000000027,0.010723352432250977,qiskit,transpiler,2.4.1,3,ok,49,7,experiments/e20_multi_compiler_full/run.py,359d4060c67ca5d924d143122aab556b53579c5255965144a009fa0a7759908c,16a4c44e5afa9e5afa36d69aedd3e2bc2da949f6928c16232f5cbf82bba224a2,16a4c44e5afa9e5afa36d69aedd3e2bc2da949f6928c16232f5cbf82bba224a2,
2.1.0,MC-E20,e20_full_20260807_074417,2026-08-07T07:49:49.642926+00:00,qaoa_line_8,QAOA,8,66,91,-0.3787878787878789,-37.87878787878789,30,42,-0.3999999999999999,28,28,0.0,28,0,1.0,0,0,0.0,0.9999999999999987,0.12905240058898926,cirq,optimize_for_target_gateset+eject_z+merge_1q,1.6.1,default,ok,49,7,experiments/e20_multi_compiler_full/run.py,359d4060c67ca5d924d143122aab556b53579c5255965144a009fa0a7759908c,16a4c44e5afa9e5afa36d69aedd3e2bc2da949f6928c16232f5cbf82bba224a2,78ef41eee04c060919ea1522bb3fd877df329ef1fa5e27ea447a359654c88a61,
2.1.0,MC-E20,e20_full_20260807_074417,2026-08-07T07:49:49.729912+00:00,vqe_twolocal_8,VQE,8,62,38,0.3870967741935484,38.70967741935484,15,12,0.19999999999999996,14,14,0.0,14,14,0.0,0,0,0.0,1.0,0.0,qiskit,transpiler,2.4.1,3,ok,49,7,experiments/e20_multi_compiler_full/run.py,359d4060c67ca5d924d143122aab556b53579c5255965144a009fa0a7759908c,692857b6fc5a154517c7cc68f524d60a7ae793900c1c72bc2210e86948383fa4,b399e9df2754ff60be64e44d663d6789d993677191bcf8002d313909c5dc67e7,
2.1.0,MC-E20,e20_full_20260807_074417,2026-08-07T07:49:49.934153+00:00,vqe_twolocal_8,VQE,8,62,65,-0.048387096774193505,-4.8387096774193505,15,21,-0.3999999999999999,14,14,0.0,14,0,1.0,0,0,0.0,0.9999999999999982,0.11200189590454102,cirq,optimize_for_target_gateset+eject_z+merge_1q,1.6.1,default,ok,49,7,experiments/e20_multi_compiler_full/run.py,359d4060c67ca5d924d143122aab556b53579c5255965144a009fa0a7759908c,692857b6fc5a154517c7cc68f524d60a7ae793900c1c72bc2210e86948383fa4,d8d59eb8f91bb74ee3cd36e55f595aae7bdb9f75a69691ba708660bce35b657c,
2.1.0,MC-E20,e20_full_20260807_074417,2026-08-07T07:49:49.994890+00:00,hardware_eff_8,HardwareEfficient,8,46,30,0.34782608695652173,34.78260869565217,8,6,0.25,14,14,0.0,14,14,0.0,0,0,0.0,1.0,0.0,qiskit,transpiler,2.4.1,3,ok,49,7,experiments/e20_multi_compiler_full/run.py,359d4060c67ca5d924d143122aab556b53579c5255965144a009fa0a7759908c,9386348eba6c2ec1f4ffad4e303ab5c64dc61e3373d25abe93b2bacd5ffcb4b2,b1ae4c0b41afaff2336c456ad2cb907b879a14d4752abb1156e5e8731407e309,
2.1.0,MC-E20,e20_full_20260807_074417,2026-08-07T07:49:50.151346+00:00,hardware_eff_8,HardwareEfficient,8,46,55,-0.19565217391304346,-19.565217391304344,8,10,-0.25,14,14,0.0,14,0,1.0,0,0,0.0,0.9999999999999969,0.08761763572692871,cirq,optimize_for_target_gateset+eject_z+merge_1q,1.6.1,default,ok,49,7,experiments/e20_multi_compiler_full/run.py,359d4060c67ca5d924d143122aab556b53579c5255965144a009fa0a7759908c,9386348eba6c2ec1f4ffad4e303ab5c64dc61e3373d25abe93b2bacd5ffcb4b2,b8f53a449cb32f9a1e8a65f01925a7f9e636ed6411796f452456bda6f8ee9198,
2.1.0,MC-E20,e20_full_20260807_074417,2026-08-07T07:49:51.655759+00:00,grover_8,Grover,8,56,798,-13.25,-1325.0,13,503,-37.69230769230769,0,360,0.0,0,360,0.0,0,102,0.0,0.9999999999999309,0.01527261734008789,qiskit,transpiler,2.4.1,3,ok,49,7,experiments/e20_multi_compiler_full/run.py,359d4060c67ca5d924d143122aab556b53579c5255965144a009fa0a7759908c,ae400b6ea5e5306091c660f24dfabc9e57dc776728200d04b707a0bb1803159e,0ef75ec486309c6d0e2d51872fab1e45c22aa5f81d814228904ac2c1b8922292,"Single Grover iteration, random marked state"
2.1.0,MC-E20,e20_full_20260807_074417,2026-08-07T07:49:55.540291+00:00,grover_8,Grover,8,56,1026,-17.321428571428573,-1732.1428571428573,13,698,-52.69230769230769,0,440,0.0,0,0,0.0,0,4,0.0,0.9999999999999237,2.209129810333252,cirq,optimize_for_target_gateset+eject_z+merge_1q,1.6.1,default,ok,49,7,experiments/e20_multi_compiler_full/run.py,359d4060c67ca5d924d143122aab556b53579c5255965144a009fa0a7759908c,ae400b6ea5e5306091c660f24dfabc9e57dc776728200d04b707a0bb1803159e,db1c3c5f832781f58cf4c185edfb6c37f279dec6325fc14d0c8b1d1eb6cf850c,"Single Grover iteration, random marked state"
2.1.0,MC-E20,e20_full_20260807_074417,2026-08-07T07:49:55.540291+00:00,adder_8,Adder,10,17,17,0.0,0.0,9,9,0.0,6,6,0.0,6,6,0.0,0,0,0.0,,0.0,qiskit,transpiler,2.4.1,3,ok,49,7,experiments/e20_multi_compiler_full/run.py,359d4060c67ca5d924d143122aab556b53579c5255965144a009fa0a7759908c,864c6ac57a331c58cef44aaa7fc96dfbb7b23dbc1bd283c72f5f7692e45b70b9,82365aa588c2222f82c9851f519f52c864ad02799a51b68f42f09fa43af60c8f,"Ripple-carry adder, random inputs"
2.1.0,MC-E20,e20_full_20260807_074417,2026-08-07T07:49:55.663222+00:00,qwalk_8,QuantumWalk,9,106,4551,-41.93396226415094,-4193.396226415094,59,3163,-52.610169491525426,6,1962,-326.0,6,1962,-326.0,0,539,0.0,,0.061542510986328125,qiskit,transpiler,2.4.1,3,ok,49,7,experiments/e20_multi_compiler_full/run.py,359d4060c67ca5d924d143122aab556b53579c5255965144a009fa0a7759908c,15806c95be87d4cb43cdf9faaa7b2f406e387e3bec24cc6a7a2bcf9873092c7d,a1557a891a2d53d5780fc1f114e4b01de72d506fd628028e7209bc7376d897e6,"DTQW on cycle, 3 steps"
2.1.0,MC-E20,e20_full_20260807_074417,2026-08-07T07:49:55.714389+00:00,iqp_8,IQP,8,45,13,0.7111111111111111,71.11111111111111,10,3,0.7,10,2,0.8,0,0,0.0,0,0,0.0,0.9999999999999964,0.0,qiskit,transpiler,2.4.1,3,ok,49,7,experiments/e20_multi_compiler_full/run.py,359d4060c67ca5d924d143122aab556b53579c5255965144a009fa0a7759908c,65c820c8d6b9bc1127f0cc5b7701471685d6d47f3e3d575519a56d635ac82b9d,0544a05de24b3123b7dfb8c4b292656f8ae44b6c05878f665a2479dd7112d10e,"IQP circuit, 3 diagonal layers"
2.1.0,MC-E20,e20_full_20260807_074417,2026-08-07T07:49:55.816253+00:00,iqp_8,IQP,8,45,31,0.3111111111111111,31.11111111111111,10,7,0.30000000000000004,10,8,0.19999999999999996,0,0,0.0,0,6,0.0,0.9999999999999947,0.05592632293701172,cirq,optimize_for_target_gateset+eject_z+merge_1q,1.6.1,default,ok,49,7,experiments/e20_multi_compiler_full/run.py,359d4060c67ca5d924d143122aab556b53579c5255965144a009fa0a7759908c,65c820c8d6b9bc1127f0cc5b7701471685d6d47f3e3d575519a56d635ac82b9d,26637c0c46244352eb84a33b81a9215ff1106f4dc22e81d14684ac135dce3fa5,"IQP circuit, 3 diagonal layers"
2.1.0,MC-E20,e20_full_20260807_074417,2026-08-07T07:49:55.880265+00:00,clifford_8,RandomClifford,8,50,18,0.64,64.0,11,6,0.4545454545454546,6,5,0.16666666666666663,6,4,0.33333333333333337,20,4,0.8,0.9999999999999967,0.01547384262084961,qiskit,transpiler,2.4.1,3,ok,49,7,experiments/e20_multi_compiler_full/run.py,359d4060c67ca5d924d143122aab556b53579c5255965144a009fa0a7759908c,3f10dadc23a5891a9f60495b405b96ccb8fe76662d2b6dddda48a32c1845e34e,7408123be685fb395c15cb4bd2b6fa701cbfdac848ab43061173eb33e9fefd9c,"Random Clifford, depth=10"
2.1.0,MC-E20,e20_full_20260807_074417,2026-08-07T07:49:55.969937+00:00,clifford_8,RandomClifford,8,50,25,0.5,50.0,11,7,0.36363636363636365,6,5,0.16666666666666663,6,0,1.0,20,3,0.85,0.9999999999999964,0.043442726135253906,cirq,optimize_for_target_gateset+eject_z+merge_1q,1.6.1,default,ok,49,7,experiments/e20_multi_compiler_full/run.py,359d4060c67ca5d924d143122aab556b53579c5255965144a009fa0a7759908c,3f10dadc23a5891a9f60495b405b96ccb8fe76662d2b6dddda48a32c1845e34e,0bb7f396ef20040b3af31ab64605b57a47bbd207e1ed01dfb71995d87d985401,"Random Clifford, depth=10"
2.1.0,MC-E20,e20_full_20260807_074417,2026-08-07T07:49:55.985151+00:00,surface_code_8,SurfaceCode,9,12,12,0.0,0.0,10,10,0.0,8,8,0.0,8,8,0.0,0,0,0.0,,0.015214681625366211,qiskit,transpiler,2.4.1,3,ok,49,7,experiments/e20_multi_compiler_full/run.py,359d4060c67ca5d924d143122aab556b53579c5255965144a009fa0a7759908c,097b2e1ef3466cdca83bc81923ad543937aff121f15c8ab5a67528a862f3668a,097b2e1ef3466cdca83bc81923ad543937aff121f15c8ab5a67528a862f3668a,X-stabilizer syndrome extraction
2.1.0,MC-E20,e20_full_20260807_074417,2026-08-07T07:49:56.112002+00:00,uccsd_8,UCCSD_inspired,8,80,60,0.25,25.0,31,27,0.12903225806451613,36,28,0.2222222222222222,36,28,0.2222222222222222,0,0,0.0,1.0000000000000004,0.0,qiskit,transpiler,2.4.1,3,ok,49,7,experiments/e20_multi_compiler_full/run.py,359d4060c67ca5d924d143122aab556b53579c5255965144a009fa0a7759908c,79e27c6fe6dd8fcaceb9b6d7f761b5d76cb24093bd4d3b8fcec869afe710d8fc,be60d3a12a1b15d001d010c0bc4ad880fcdcd7a3e44bc122dd10a0e50799c347,Parameterized ansatz INSPIRED BY (not true) UCCSD; see make_parameterized_ansatz docstring. Renamed from 'UCCSD' to 'UCCSD_inspired' per review L3 to avoid false claim.
2.1.0,MC-E20,e20_full_20260807_074417,2026-08-07T07:49:56.416700+00:00,uccsd_8,UCCSD_inspired,8,80,80,0.0,0.0,31,32,-0.032258064516129004,36,36,0.0,36,0,1.0,0,0,0.0,1.0,0.16490530967712402,cirq,optimize_for_target_gateset+eject_z+merge_1q,1.6.1,default,ok,49,7,experiments/e20_multi_compiler_full/run.py,359d4060c67ca5d924d143122aab556b53579c5255965144a009fa0a7759908c,79e27c6fe6dd8fcaceb9b6d7f761b5d76cb24093bd4d3b8fcec869afe710d8fc,c5a188d1cf68aa0ff6622f486875562c2e3f998157f2fd764f310cccb0c7c243,Parameterized ansatz INSPIRED BY (not true) UCCSD; see make_parameterized_ansatz docstring. Renamed from 'UCCSD' to 'UCCSD_inspired' per review L3 to avoid false claim.
2.1.0,MC-E20,e20_full_20260807_074417,2026-08-07T07:49:56.445500+00:00,haar_4,HaarRandom,4,275,257,0.06545454545454543,6.545454545454543,189,189,0.0,95,95,0.0,95,95,0.0,0,0,0.0,0.9999999999999964,0.01332998275756836,qiskit,transpiler,2.4.1,3,ok,49,7,experiments/e20_multi_compiler_full/run.py,359d4060c67ca5d924d143122aab556b53579c5255965144a009fa0a7759908c,04a15a23f7441b7c3d92db9d850f93daeffc1d2345a904729ae5d9187e97bf8d,c7d0591c7d8ac5cf10b2a36e7a2a8a989ce0c1ec96e9154da5b06d542b652fdd,"Haar-random unitary, exact synthesis"
2.1.0,MC-E20,e20_full_20260807_074417,2026-08-07T07:49:57.001179+00:00,haar_4,HaarRandom,4,275,287,-0.043636363636363695,-4.3636363636363695,189,190,-0.005291005291005346,95,95,0.0,95,0,1.0,0,0,0.0,0.9999999999999946,0.5185093879699707,cirq,optimize_for_target_gateset+eject_z+merge_1q,1.6.1,default,ok,49,7,experiments/e20_multi_compiler_full/run.py,359d4060c67ca5d924d143122aab556b53579c5255965144a009fa0a7759908c,04a15a23f7441b7c3d92db9d850f93daeffc1d2345a904729ae5d9187e97bf8d,fd0610bd155af03e1720409dfd83cbf98ef1d5c3c186cb4b68c8132624d106e1,"Haar-random unitary, exact synthesis"
2.1.0,MC-E20,e20_full_20260807_074417,2026-08-07T07:49:58.771643+00:00,haar_4,HaarRandom,4,275,257,0.06545454545454543,6.545454545454543,189,189,0.0,95,95,0.0,95,95,0.0,0,0,0.0,0.999999999999999,1.7397515773773193,tket,FullPeepholeOptimise,2.18.0,default,ok,49,7,experiments/e20_multi_compiler_full/run.py,359d4060c67ca5d924d143122aab556b53579c5255965144a009fa0a7759908c,04a15a23f7441b7c3d92db9d850f93daeffc1d2345a904729ae5d9187e97bf8d,0624eeb2a4f716c132bda14d6f04fe29ea739a0267ba8d2e2fed15422ddaeabe,"Haar-random unitary, exact synthesis"
2.1.0,MC-E20,e20_full_20260807_074417,2026-08-07T07:49:58.954955+00:00,qft_4,QFT,4,10,10,0.0,0.0,7,7,0.0,6,6,0.0,0,0,0.0,0,0,0.0,0.9999999999999988,0.0,qiskit,transpiler,2.4.1,3,ok,50,8,experiments/e20_multi_compiler_full/run.py,359d4060c67ca5d924d143122aab556b53579c5255965144a009fa0a7759908c,ec754f7e3892ee8ca405ace36ffa2cf3d8489863d2f83852f623de773dd94b1e,001408f6c8b62c5aa1e72c56729dcc2520332ae2954b17daf86162a5a4f46ac6,
2.1.0,MC-E20,e20_full_20260807_074417,2026-08-07T07:49:59.016902+00:00,qft_4,QFT,4,10,34,-2.4,-240.0,7,20,-1.8571428571428572,6,12,-1.0,0,0,0.0,0,0,0.0,0.9999999999999981,0.06194663047790527,cirq,optimize_for_target_gateset+eject_z+merge_1q,1.6.1,default,ok,50,8,experiments/e20_multi_compiler_full/run.py,359d4060c67ca5d924d143122aab556b53579c5255965144a009fa0a7759908c,ec754f7e3892ee8ca405ace36ffa2cf3d8489863d2f83852f623de773dd94b1e,e7250dce10bcf0582287ec690b02c1ded37b1a4d82d911c36bee292143ba0f8c,
2.1.0,MC-E20,e20_full_20260807_074417,2026-08-07T07:49:59.190660+00:00,qft_4,QFT,4,10,31,-2.1,-210.0,7,19,-1.7142857142857144,6,12,-1.0,0,12,0.0,0,0,0.0,1.0,0.17375779151916504,tket,FullPeepholeOptimise,2.18.0,default,ok,50,8,experiments/e20_multi_compiler_full/run.py,359d4060c67ca5d924d143122aab556b53579c5255965144a009fa0a7759908c,ec754f7e3892ee8ca405ace36ffa2cf3d8489863d2f83852f623de773dd94b1e,1c29c769144f94e13e3a392f195ebc1c6cfc77bad3bffa3aa293760f9e7c4679,
2.1.0,MC-E20,e20_full_20260807_074417,2026-08-07T07:49:59.199193+00:00,ghz_4,GHZ,4,4,4,0.0,0.0,4,4,0.0,3,3,0.0,3,3,0.0,0,0,0.0,0.9999999999999996,0.008533239364624023,qiskit,transpiler,2.4.1,3,ok,50,8,experiments/e20_multi_compiler_full/run.py,359d4060c67ca5d924d143122aab556b53579c5255965144a009fa0a7759908c,632a65a86fd9bfab17ccedbd10b32b45490cc33030a23af0d675ad3e8ad7a445,632a65a86fd9bfab17ccedbd10b32b45490cc33030a23af0d675ad3e8ad7a445,
2.1.0,MC-E20,e20_full_20260807_074417,2026-08-07T07:49:59.223069+00:00,ghz_4,GHZ,4,4,11,-1.75,-175.0,4,7,-0.75,3,3,0.0,3,0,1.0,0,0,0.0,0.9999999999999988,0.023876428604125977,cirq,optimize_for_target_gateset+eject_z+merge_1q,1.6.1,default,ok,50,8,experiments/e20_multi_compiler_full/run.py,359d4060c67ca5d924d143122aab556b53579c5255965144a009fa0a7759908c,632a65a86fd9bfab17ccedbd10b32b45490cc33030a23af0d675ad3e8ad7a445,5ca7a53f4dbc7c75daa820a5c5948f68bebd5a9db5a6a058678c009a27a48441,
2.1.0,MC-E20,e20_full_20260807_074417,2026-08-07T07:49:59.290628+00:00,ghz_4,GHZ,4,4,4,0.0,0.0,4,4,0.0,3,3,0.0,3,3,0.0,0,0,0.0,1.0,0.06755876541137695,tket,FullPeepholeOptimise,2.18.0,default,ok,50,8,experiments/e20_multi_compiler_full/run.py,359d4060c67ca5d924d143122aab556b53579c5255965144a009fa0a7759908c,632a65a86fd9bfab17ccedbd10b32b45490cc33030a23af0d675ad3e8ad7a445,0ca2e20394ef52eecba8c72454ae73e952a311d06ff639876717b3ceaa156322,
2.1.0,MC-E20,e20_full_20260807_074417,2026-08-07T07:49:59.296389+00:00,cnot_chain_4,CNOT,4,24,0,1.0,100.0,18,0,1.0,24,0,1.0,24,0,1.0,0,0,0.0,1.0,0.004010200500488281,qiskit,transpiler,2.4.1,3,ok,50,8,experiments/e20_multi_compiler_full/run.py,359d4060c67ca5d924d143122aab556b53579c5255965144a009fa0a7759908c,c15ccd1efbe0b71c21464e888a978afbe6b6cf006bd895873c7d9b8e51efbaf0,80cb67051feabb1a835727fede3367602f1e692e3ec9d1d7247266c73803bd7d,
2.1.0,MC-E20,e20_full_20260807_074417,2026-08-07T07:49:59.326012+00:00,cnot_chain_4,CNOT,4,24,0,1.0,100.0,18,0,1.0,24,0,1.0,24,0,1.0,0,0,0.0,,0.029623031616210938,cirq,optimize_for_target_gateset+eject_z+merge_1q,1.6.1,default,ok,50,8,experiments/e20_multi_compiler_full/run.py,359d4060c67ca5d924d143122aab556b53579c5255965144a009fa0a7759908c,c15ccd1efbe0b71c21464e888a978afbe6b6cf006bd895873c7d9b8e51efbaf0,6f8e18c5611960a199a59d79e4d4e52c427ac524f6c9f379d05c73dc41c9fc91,
2.1.0,MC-E20,e20_full_20260807_074417,2026-08-07T07:49:59.326012+00:00,cnot_chain_4,CNOT,4,24,0,1.0,100.0,18,0,1.0,24,0,1.0,24,0,1.0,0,0,0.0,1.0,0.0,tket,FullPeepholeOptimise,2.18.0,default,ok,50,8,experiments/e20_multi_compiler_full/run.py,359d4060c67ca5d924d143122aab556b53579c5255965144a009fa0a7759908c,c15ccd1efbe0b71c21464e888a978afbe6b6cf006bd895873c7d9b8e51efbaf0,80cb67051feabb1a835727fede3367602f1e692e3ec9d1d7247266c73803bd7d,
2.1.0,MC-E20,e20_full_20260807_074417,2026-08-07T07:49:59.335409+00:00,bv_4,Oracle,5,15,11,0.2666666666666667,26.66666666666667,7,5,0.2857142857142857,3,3,0.0,3,3,0.0,0,0,0.0,0.999999999999997,0.009396791458129883,qiskit,transpiler,2.4.1,3,ok,50,8,experiments/e20_multi_compiler_full/run.py,359d4060c67ca5d924d143122aab556b53579c5255965144a009fa0a7759908c,7a04363d9f353a5749c06747d397174fcc9ec60cc3822cbd5f984ded855ef66b,ff07abaf70cf686da2b8b2d203726d013f2b8467d174241e9642d898af7e319b,
2.1.0,MC-E20,e20_full_20260807_074417,2026-08-07T07:49:59.463385+00:00,bv_4,Oracle,5,15,13,0.1333333333333333,13.33333333333333,7,6,0.1428571428571429,3,3,0.0,3,0,1.0,0,0,0.0,,0.1279757022857666,cirq,optimize_for_target_gateset+eject_z+merge_1q,1.6.1,default,ok,50,8,experiments/e20_multi_compiler_full/run.py,359d4060c67ca5d924d143122aab556b53579c5255965144a009fa0a7759908c,7a04363d9f353a5749c06747d397174fcc9ec60cc3822cbd5f984ded855ef66b,2c9990377a734b4f3331bbfe3e6ebd8c533fb2e71fc0a4656edfd77fd2840040,
2.1.0,MC-E20,e20_full_20260807_074417,2026-08-07T07:49:59.534949+00:00,bv_4,Oracle,5,15,11,0.2666666666666667,26.66666666666667,7,5,0.2857142857142857,3,3,0.0,3,3,0.0,0,0,0.0,0.9999999999999987,0.0715641975402832,tket,FullPeepholeOptimise,2.18.0,default,ok,50,8,experiments/e20_multi_compiler_full/run.py,359d4060c67ca5d924d143122aab556b53579c5255965144a009fa0a7759908c,7a04363d9f353a5749c06747d397174fcc9ec60cc3822cbd5f984ded855ef66b,7f780295e44c993eeaef9684368aeb6eed0a50a16b4c034ccf59b7e8915ac82f,
2.1.0,MC-E20,e20_full_20260807_074417,2026-08-07T07:49:59.546261+00:00,qaoa_line_4,QAOA,4,30,30,0.0,0.0,18,18,0.0,12,12,0.0,12,12,0.0,0,0,0.0,1.0000000000000009,0.0,qiskit,transpiler,2.4.1,3,ok,50,8,experiments/e20_multi_compiler_full/run.py,359d4060c67ca5d924d143122aab556b53579c5255965144a009fa0a7759908c,02a0238dd0940a26c9eb8f09c0271b8aeb2beb96fcf0ca9799a5eaa0ec965397,02a0238dd0940a26c9eb8f09c0271b8aeb2beb96fcf0ca9799a5eaa0ec965397,
2.1.0,MC-E20,e20_full_20260807_074417,2026-08-07T07:49:59.609692+00:00,qaoa_line_4,QAOA,4,30,38,-0.2666666666666666,-26.66666666666666,18,22,-0.22222222222222232,12,12,0.0,12,0,1.0,0,0,0.0,0.9999999999999988,0.06033945083618164,cirq,optimize_for_target_gateset+eject_z+merge_1q,1.6.1,default,ok,50,8,experiments/e20_multi_compiler_full/run.py,359d4060c67ca5d924d143122aab556b53579c5255965144a009fa0a7759908c,02a0238dd0940a26c9eb8f09c0271b8aeb2beb96fcf0ca9799a5eaa0ec965397,496ed78b65e815dc807f48c93c4aac9f0977fcfc451d0558d750aefe516bc080,
2.1.0,MC-E20,e20_full_20260807_074417,2026-08-07T07:49:59.808980+00:00,qaoa_line_4,QAOA,4,30,28,0.06666666666666665,6.666666666666665,18,18,0.0,12,12,0.0,12,12,0.0,0,0,0.0,1.0000000000000013,0.19928884506225586,tket,FullPeepholeOptimise,2.18.0,default,ok,50,8,experiments/e20_multi_compiler_full/run.py,359d4060c67ca5d924d143122aab556b53579c5255965144a009fa0a7759908c,02a0238dd0940a26c9eb8f09c0271b8aeb2beb96fcf0ca9799a5eaa0ec965397,ca82c3c7c8c35498874732d416a40ee7628cda99e34f4cfd06d2d30030371a78,
2.1.0,MC-E20,e20_full_20260807_074417,2026-08-07T07:49:59.824129+00:00,vqe_twolocal_4,VQE,4,30,18,0.4,40.0,11,8,0.2727272727272727,6,6,0.0,6,6,0.0,0,0,0.0,0.9999999999999991,0.0,qiskit,transpiler,2.4.1,3,ok,50,8,experiments/e20_multi_compiler_full/run.py,359d4060c67ca5d924d143122aab556b53579c5255965144a009fa0a7759908c,fa4f6741d38fea4dc446690e467d3d8970abb111b57b7757a4017a6ab9a0a8d1,f7875e1235a30011e2ec6103c8722e8fe2b40d49205b76b5edf3237a13f65b78,
2.1.0,MC-E20,e20_full_20260807_074417,2026-08-07T07:49:59.885017+00:00,vqe_twolocal_4,VQE,4,30,29,0.033333333333333326,3.3333333333333326,11,13,-0.18181818181818188,6,6,0.0,6,0,1.0,0,0,0.0,0.9999999999999991,0.06088733673095703,cirq,optimize_for_target_gateset+eject_z+merge_1q,1.6.1,default,ok,50,8,experiments/e20_multi_compiler_full/run.py,359d4060c67ca5d924d143122aab556b53579c5255965144a009fa0a7759908c,fa4f6741d38fea4dc446690e467d3d8970abb111b57b7757a4017a6ab9a0a8d1,2b30e580f44c8961dee0f0a0e2a0b8b00db5d4c929f07c8755b50e7fdf32391d,
2.1.0,MC-E20,e20_full_20260807_074417,2026-08-07T07:50:00.070964+00:00,vqe_twolocal_4,VQE,4,30,18,0.4,40.0,11,8,0.2727272727272727,6,6,0.0,6,6,0.0,0,0,0.0,0.9999999999999998,0.1798250675201416,tket,FullPeepholeOptimise,2.18.0,default,ok,50,8,experiments/e20_multi_compiler_full/run.py,359d4060c67ca5d924d143122aab556b53579c5255965144a009fa0a7759908c,fa4f6741d38fea4dc446690e467d3d8970abb111b57b7757a4017a6ab9a0a8d1,3142d98ee4c7bc6e33703a5b7bef7efdebe4a0d9954806adda9d90d9927f9ed6,
2.1.0,MC-E20,e20_full_20260807_074417,2026-08-07T07:50:00.080103+00:00,hardware_eff_4,HardwareEfficient,4,22,14,0.36363636363636365,36.36363636363637,8,6,0.25,6,6,0.0,6,6,0.0,0,0,0.0,1.0,0.00601506233215332,qiskit,transpiler,2.4.1,3,ok,50,8,experiments/e20_multi_compiler_full/run.py,359d4060c67ca5d924d143122aab556b53579c5255965144a009fa0a7759908c,7220ab32a5efeeabed486b8a36d427ee9ad3ecebd37ed71d036c0cce510971ee,790ed3878a054ceef68b4d14cc99033c7292e402ed58fe08cbbe3cc661ebe026,
2.1.0,MC-E20,e20_full_20260807_074417,2026-08-07T07:50:00.125889+00:00,hardware_eff_4,HardwareEfficient,4,22,25,-0.13636363636363646,-13.636363636363647,8,10,-0.25,6,6,0.0,6,0,1.0,0,0,0.0,0.9999999999999988,0.04418540000915527,cirq,optimize_for_target_gateset+eject_z+merge_1q,1.6.1,default,ok,50,8,experiments/e20_multi_compiler_full/run.py,359d4060c67ca5d924d143122aab556b53579c5255965144a009fa0a7759908c,7220ab32a5efeeabed486b8a36d427ee9ad3ecebd37ed71d036c0cce510971ee,f94fa43bcd60936990bc1e5b2c29789dd631270d713b132cba43c39164fb7cf0,
2.1.0,MC-E20,e20_full_20260807_074417,2026-08-07T07:50:00.288398+00:00,hardware_eff_4,HardwareEfficient,4,22,14,0.36363636363636365,36.36363636363637,8,6,0.25,6,6,0.0,6,6,0.0,0,0,0.0,1.0,0.16250896453857422,tket,FullPeepholeOptimise,2.18.0,default,ok,50,8,experiments/e20_multi_compiler_full/run.py,359d4060c67ca5d924d143122aab556b53579c5255965144a009fa0a7759908c,7220ab32a5efeeabed486b8a36d427ee9ad3ecebd37ed71d036c0cce510971ee,f3fc01e3e7c188ab817ba6e63170a5f602c90bef9e71a242b0c9b8ba60b4cf6d,
2.1.0,MC-E20,e20_full_20260807_074417,2026-08-07T07:50:00.291291+00:00,grover_4,Grover,4,28,62,-1.2142857142857144,-121.42857142857144,11,53,-3.8181818181818183,0,28,0.0,0,28,0.0,0,0,0.0,0.9999999999999938,0.0,qiskit,transpiler,2.4.1,3,ok,50,8,experiments/e20_multi_compiler_full/run.py,359d4060c67ca5d924d143122aab556b53579c5255965144a009fa0a7759908c,6cfa21f822f778047a719c7ecfcd738f9abcfcb833e61c6d08c94a4496f58596,f5fa20d28a6067106b8d88025468f45ca013288189d576afef354dc92a7b178b,"Single Grover iteration, random marked state"
2.1.0,MC-E20,e20_full_20260807_074417,2026-08-07T07:50:00.458589+00:00,grover_4,Grover,4,28,70,-1.5,-150.0,11,56,-4.090909090909091,0,28,0.0,0,0,0.0,0,0,0.0,0.9999999999999941,0.15192127227783203,cirq,optimize_for_target_gateset+eject_z+merge_1q,1.6.1,default,ok,50,8,experiments/e20_multi_compiler_full/run.py,359d4060c67ca5d924d143122aab556b53579c5255965144a009fa0a7759908c,6cfa21f822f778047a719c7ecfcd738f9abcfcb833e61c6d08c94a4496f58596,dff937ce7a7973374659b806c5fc976a28be3d76c135725844ddb72238eaee1a,"Single Grover iteration, random marked state"
2.1.0,MC-E20,e20_full_20260807_074417,2026-08-07T07:50:01.007456+00:00,grover_4,Grover,4,28,64,-1.2857142857142856,-128.57142857142856,11,55,-4.0,0,28,0.0,0,28,0.0,0,0,0.0,0.9999999999999962,0.54886794090271,tket,FullPeepholeOptimise,2.18.0,default,ok,50,8,experiments/e20_multi_compiler_full/run.py,359d4060c67ca5d924d143122aab556b53579c5255965144a009fa0a7759908c,6cfa21f822f778047a719c7ecfcd738f9abcfcb833e61c6d08c94a4496f58596,5787200a6ad1d57c571f66639a453d209e77790296ba338730e010c1613c41fc,"Single Grover iteration, random marked state"
2.1.0,MC-E20,e20_full_20260807_074417,2026-08-07T07:50:01.023004+00:00,adder_4,Adder,4,7,7,0.0,0.0,6,6,0.0,2,2,0.0,2,2,0.0,0,0,0.0,1.0,0.015547513961791992,qiskit,transpiler,2.4.1,3,ok,50,8,experiments/e20_multi_compiler_full/run.py,359d4060c67ca5d924d143122aab556b53579c5255965144a009fa0a7759908c,0cdd5a16e73c23ba58925f4d39695d1266fd02932361888693ce1d5d922fd6ce,0cdd5a16e73c23ba58925f4d39695d1266fd02932361888693ce1d5d922fd6ce,"Ripple-carry adder, random inputs"
2.1.0,MC-E20,e20_full_20260807_074417,2026-08-07T07:50:01.144911+00:00,adder_4,Adder,4,7,80,-10.428571428571429,-1042.857142857143,6,52,-7.666666666666666,2,26,-12.0,2,0,1.0,0,2,0.0,0.9999999999999964,0.12190675735473633,cirq,optimize_for_target_gateset+eject_z+merge_1q,1.6.1,default,ok,50,8,experiments/e20_multi_compiler_full/run.py,359d4060c67ca5d924d143122aab556b53579c5255965144a009fa0a7759908c,0cdd5a16e73c23ba58925f4d39695d1266fd02932361888693ce1d5d922fd6ce,34d0193e0bb10d0334f463337eb13430ca81519c69c45cbff0f3870e71a307a5,"Ripple-carry adder, random inputs"
2.1.0,MC-E20,e20_full_20260807_074417,2026-08-07T07:50:01.389039+00:00,adder_4,Adder,4,7,38,-4.428571428571429,-442.8571428571429,6,29,-3.833333333333333,2,18,-8.0,2,18,-8.0,0,0,0.0,1.0000000000000009,0.24412846565246582,tket,FullPeepholeOptimise,2.18.0,default,ok,50,8,experiments/e20_multi_compiler_full/run.py,359d4060c67ca5d924d143122aab556b53579c5255965144a009fa0a7759908c,0cdd5a16e73c23ba58925f4d39695d1266fd02932361888693ce1d5d922fd6ce,63dd85d0b6eee332a21dec60068ec9f069e9c7453472dc52c5db7bf768a62137,"Ripple-carry adder, random inputs"
2.1.0,MC-E20,e20_full_20260807_074417,2026-08-07T07:50:01.475478+00:00,qwalk_4,QuantumWalk,5,58,453,-6.810344827586207,-681.0344827586207,35,387,-10.057142857142857,6,252,-41.0,6,198,-32.0,0,36,0.0,0.9999999999999496,0.015262603759765625,qiskit,transpiler,2.4.1,3,ok,50,8,experiments/e20_multi_compiler_full/run.py,359d4060c67ca5d924d143122aab556b53579c5255965144a009fa0a7759908c,3924ba144ba28be6117e8666a130902a71b78a090ed58d085047f8c81b20eae2,1c4d389c1c8dc4b15a861467b6a6710c0ade203795fd84358e6341958a047aca,"DTQW on cycle, 3 steps"
2.1.0,MC-E20,e20_full_20260807_074417,2026-08-07T07:50:03.051179+00:00,qwalk_4,QuantumWalk,5,58,824,-13.206896551724139,-1320.689655172414,35,638,-17.228571428571428,6,354,-58.0,6,0,1.0,0,0,0.0,0.9999999999999453,1.491288185119629,cirq,optimize_for_target_gateset+eject_z+merge_1q,1.6.1,default,ok,50,8,experiments/e20_multi_compiler_full/run.py,359d4060c67ca5d924d143122aab556b53579c5255965144a009fa0a7759908c,3924ba144ba28be6117e8666a130902a71b78a090ed58d085047f8c81b20eae2,737d2e1cf3a5e8287d864f1df8152a737e9b39c47625fb75f45b1d278d6f11ad,"DTQW on cycle, 3 steps"
2.1.0,MC-E20,e20_full_20260807_074417,2026-08-07T07:50:08.923266+00:00,qwalk_4,QuantumWalk,5,58,686,-10.827586206896552,-1082.7586206896551,35,534,-14.257142857142858,6,330,-54.0,6,330,-54.0,0,0,0.0,0.9999999999999702,5.757676839828491,tket,FullPeepholeOptimise,2.18.0,default,ok,50,8,experiments/e20_multi_compiler_full/run.py,359d4060c67ca5d924d143122aab556b53579c5255965144a009fa0a7759908c,3924ba144ba28be6117e8666a130902a71b78a090ed58d085047f8c81b20eae2,32e9fd9010524add75e8a01eddb4fab165d345453d3d24fd5f1258dc1ef93be2,"DTQW on cycle, 3 steps"
2.1.0,MC-E20,e20_full_20260807_074417,2026-08-07T07:50:08.932627+00:00,iqp_4,IQP,4,22,6,0.7272727272727273,72.72727272727273,8,3,0.625,3,1,0.6666666666666667,0,0,0.0,0,0,0.0,0.9999999999999983,0.00603485107421875,qiskit,transpiler,2.4.1,3,ok,50,8,experiments/e20_multi_compiler_full/run.py,359d4060c67ca5d924d143122aab556b53579c5255965144a009fa0a7759908c,a436cbada3d8576aa2e74943cc6304665561ac93b1cbd5067f829f2fcb14230a,3ecf7b64c962937e878faa517772298efe8906c391f4fcc37b3b557ca9f6b7f4,"IQP circuit, 3 diagonal layers"
2.1.0,MC-E20,e20_full_20260807_074417,2026-08-07T07:50:08.959526+00:00,iqp_4,IQP,4,22,7,0.6818181818181819,68.18181818181819,8,4,0.5,3,1,0.6666666666666667,0,0,0.0,0,0,0.0,,0.02639317512512207,cirq,optimize_for_target_gateset+eject_z+merge_1q,1.6.1,default,ok,50,8,experiments/e20_multi_compiler_full/run.py,359d4060c67ca5d924d143122aab556b53579c5255965144a009fa0a7759908c,a436cbada3d8576aa2e74943cc6304665561ac93b1cbd5067f829f2fcb14230a,53ae82bdac9bece760f64948c7fd80c6bcc5865567a3b2a272af26ad26c9b6f2,"IQP circuit, 3 diagonal layers"
2.1.0,MC-E20,e20_full_20260807_074417,2026-08-07T07:50:08.994600+00:00,iqp_4,IQP,4,22,5,0.7727272727272727,77.27272727272727,8,3,0.625,3,1,0.6666666666666667,0,1,0.0,0,0,0.0,0.9999999999999988,0.03137707710266113,tket,FullPeepholeOptimise,2.18.0,default,ok,50,8,experiments/e20_multi_compiler_full/run.py,359d4060c67ca5d924d143122aab556b53579c5255965144a009fa0a7759908c,a436cbada3d8576aa2e74943cc6304665561ac93b1cbd5067f829f2fcb14230a,6b529da1711646150976b8328ac540799cf263dd38009789a7b0bd7527b75372,"IQP circuit, 3 diagonal layers"
2.1.0,MC-E20,e20_full_20260807_074417,2026-08-07T07:50:09.005671+00:00,clifford_4,RandomClifford,4,32,15,0.53125,53.125,11,7,0.36363636363636365,5,5,0.0,5,5,0.0,15,0,1.0,0.9999999999999969,0.0005424022674560547,qiskit,transpiler,2.4.1,3,ok,50,8,experiments/e20_multi_compiler_full/run.py,359d4060c67ca5d924d143122aab556b53579c5255965144a009fa0a7759908c,017d70dd02a63071e46e68870a163a0920113e6b777e7bfc10533159ecb94035,67506f24aeacbdfc87110eeb910751b2d35cc2057cf6a4a61a92ca7d58d229b3,"Random Clifford, depth=10"
2.1.0,MC-E20,e20_full_20260807_074417,2026-08-07T07:50:09.046859+00:00,clifford_4,RandomClifford,4,32,20,0.375,37.5,11,10,0.09090909090909094,5,5,0.0,5,0,1.0,15,2,0.8666666666666667,0.9999999999999971,0.03700566291809082,cirq,optimize_for_target_gateset+eject_z+merge_1q,1.6.1,default,ok,50,8,experiments/e20_multi_compiler_full/run.py,359d4060c67ca5d924d143122aab556b53579c5255965144a009fa0a7759908c,017d70dd02a63071e46e68870a163a0920113e6b777e7bfc10533159ecb94035,b47abfb882ab12277e1a63cbead2c0176f8ed6c7b5e447f4bd29dcf045048770,"Random Clifford, depth=10"
2.1.0,MC-E20,e20_full_20260807_074417,2026-08-07T07:50:09.159763+00:00,clifford_4,RandomClifford,4,32,7,0.78125,78.125,11,3,0.7272727272727273,5,2,0.6,5,2,0.6,15,0,1.0,0.2941176470588231,0.10723447799682617,tket,FullPeepholeOptimise,2.18.0,default,ok,50,8,experiments/e20_multi_compiler_full/run.py,359d4060c67ca5d924d143122aab556b53579c5255965144a009fa0a7759908c,017d70dd02a63071e46e68870a163a0920113e6b777e7bfc10533159ecb94035,f56106440020d9185f09e1249d073c8b8ee7d095134659cfbba14047bd7218b6,"Random Clifford, depth=10"
2.1.0,MC-E20,e20_full_20260807_074417,2026-08-07T07:50:09.169396+00:00,surface_code_4,SurfaceCode,5,7,7,0.0,0.0,6,6,0.0,4,4,0.0,4,4,0.0,0,0,0.0,0.9999999999999996,0.007029056549072266,qiskit,transpiler,2.4.1,3,ok,50,8,experiments/e20_multi_compiler_full/run.py,359d4060c67ca5d924d143122aab556b53579c5255965144a009fa0a7759908c,fad3c5f191237ccefb3283566a70159b1baa6b56d18ce49a8add74141be307f5,fad3c5f191237ccefb3283566a70159b1baa6b56d18ce49a8add74141be307f5,X-stabilizer syndrome extraction
2.1.0,MC-E20,e20_full_20260807_074417,2026-08-07T07:50:09.210588+00:00,surface_code_4,SurfaceCode,5,7,6,0.1428571428571429,14.28571428571429,6,5,0.16666666666666663,4,4,0.0,4,0,1.0,0,0,0.0,0.9999999999999998,0.041192054748535156,cirq,optimize_for_target_gateset+eject_z+merge_1q,1.6.1,default,ok,50,8,experiments/e20_multi_compiler_full/run.py,359d4060c67ca5d924d143122aab556b53579c5255965144a009fa0a7759908c,fad3c5f191237ccefb3283566a70159b1baa6b56d18ce49a8add74141be307f5,2bcde10af28e053fbac818d47b97cfbbb47c431fb4e95fb666829a042a350273,X-stabilizer syndrome extraction
2.1.0,MC-E20,e20_full_20260807_074417,2026-08-07T07:50:09.349068+00:00,surface_code_4,SurfaceCode,5,7,7,0.0,0.0,6,6,0.0,4,4,0.0,4,4,0.0,0,0,0.0,1.0,0.13847994804382324,tket,FullPeepholeOptimise,2.18.0,default,ok,50,8,experiments/e20_multi_compiler_full/run.py,359d4060c67ca5d924d143122aab556b53579c5255965144a009fa0a7759908c,fad3c5f191237ccefb3283566a70159b1baa6b56d18ce49a8add74141be307f5,8951f3a59487ed58ad7266e51d5792a8285a77a01de168ef4c7a3839b5ff2fcf,X-stabilizer syndrome extraction
2.1.0,MC-E20,e20_full_20260807_074417,2026-08-07T07:50:09.368691+00:00,uccsd_4,UCCSD_inspired,4,28,22,0.2142857142857143,21.42857142857143,16,15,0.0625,14,10,0.2857142857142857,14,10,0.2857142857142857,0,0,0.0,0.9999999999999991,0.013603925704956055,qiskit,transpiler,2.4.1,3,ok,50,8,experiments/e20_multi_compiler_full/run.py,359d4060c67ca5d924d143122aab556b53579c5255965144a009fa0a7759908c,cb8bfef931ae647939e7d96c84b469f8462606a7ee5df614abe5a8ca0f92fd5e,a795b36bab4e30ad32c4008b859dacc5a50bb4a78c5e9ad1b1a27a0d8e9d97fc,Parameterized ansatz INSPIRED BY (not true) UCCSD; see make_parameterized_ansatz docstring. Renamed from 'UCCSD' to 'UCCSD_inspired' per review L3 to avoid false claim.
2.1.0,MC-E20,e20_full_20260807_074417,2026-08-07T07:50:09.452592+00:00,uccsd_4,UCCSD_inspired,4,28,35,-0.25,-25.0,16,21,-0.3125,14,14,0.0,14,0,1.0,0,1,0.0,0.9999999999999991,0.07980561256408691,cirq,optimize_for_target_gateset+eject_z+merge_1q,1.6.1,default,ok,50,8,experiments/e20_multi_compiler_full/run.py,359d4060c67ca5d924d143122aab556b53579c5255965144a009fa0a7759908c,cb8bfef931ae647939e7d96c84b469f8462606a7ee5df614abe5a8ca0f92fd5e,8eb519110bff57ef4477265e67d588edf998c5cf5c64d45819a78dcb45a90f58,Parameterized ansatz INSPIRED BY (not true) UCCSD; see make_parameterized_ansatz docstring. Renamed from 'UCCSD' to 'UCCSD_inspired' per review L3 to avoid false claim.
2.1.0,MC-E20,e20_full_20260807_074417,2026-08-07T07:50:09.771292+00:00,uccsd_4,UCCSD_inspired,4,28,22,0.2142857142857143,21.42857142857143,16,15,0.0625,14,10,0.2857142857142857,14,10,0.2857142857142857,0,0,0.0,0.9999999999999996,0.3166959285736084,tket,FullPeepholeOptimise,2.18.0,default,ok,50,8,experiments/e20_multi_compiler_full/run.py,359d4060c67ca5d924d143122aab556b53579c5255965144a009fa0a7759908c,cb8bfef931ae647939e7d96c84b469f8462606a7ee5df614abe5a8ca0f92fd5e,3939cb785dfd3c1921cbf1eff4745601c47dff9b2ad54a3a047654688cf7698f,Parameterized ansatz INSPIRED BY (not true) UCCSD; see make_parameterized_ansatz docstring. Renamed from 'UCCSD' to 'UCCSD_inspired' per review L3 to avoid false claim.
2.1.0,MC-E20,e20_full_20260807_074417,2026-08-07T07:50:09.782604+00:00,qft_6,QFT,6,21,21,0.0,0.0,11,11,0.0,15,15,0.0,0,0,0.0,0,0,0.0,0.9999999999999996,0.0055599212646484375,qiskit,transpiler,2.4.1,3,ok,50,8,experiments/e20_multi_compiler_full/run.py,359d4060c67ca5d924d143122aab556b53579c5255965144a009fa0a7759908c,e761adf8efeac5c21762208c08429dd4686d16eb4cbc1582e6d4ebc809852f66,ce325feb7eafc0f7673a16bbc3b51544984abb6d137b6ba7752bea283600c12b,
2.1.0,MC-E20,e20_full_20260807_074417,2026-08-07T07:50:09.913605+00:00,qft_6,QFT,6,21,76,-2.619047619047619,-261.9047619047619,11,34,-2.090909090909091,15,30,-1.0,0,0,0.0,0,0,0.0,0.9999999999999976,0.11818766593933105,cirq,optimize_for_target_gateset+eject_z+merge_1q,1.6.1,default,ok,50,8,experiments/e20_multi_compiler_full/run.py,359d4060c67ca5d924d143122aab556b53579c5255965144a009fa0a7759908c,e761adf8efeac5c21762208c08429dd4686d16eb4cbc1582e6d4ebc809852f66,aa7317ad49e1ba6539551cea6f3f914671dec96f4f4e8bc50ade316d1bb9da09,
2.1.0,MC-E20,e20_full_20260807_074417,2026-08-07T07:50:10.445009+00:00,qft_6,QFT,6,21,71,-2.380952380952381,-238.0952380952381,11,33,-2.0,15,30,-1.0,0,30,0.0,0,0,0.0,1.0,0.5197305679321289,tket,FullPeepholeOptimise,2.18.0,default,ok,50,8,experiments/e20_multi_compiler_full/run.py,359d4060c67ca5d924d143122aab556b53579c5255965144a009fa0a7759908c,e761adf8efeac5c21762208c08429dd4686d16eb4cbc1582e6d4ebc809852f66,1e4c9ed3e36094a6271070b1f1ab2b30e856264476b0c22125357dc3af1d9cc7,
2.1.0,MC-E20,e20_full_20260807_074417,2026-08-07T07:50:10.455175+00:00,ghz_6,GHZ,6,6,6,0.0,0.0,6,6,0.0,5,5,0.0,5,5,0.0,0,0,0.0,0.9999999999999998,0.006040334701538086,qiskit,transpiler,2.4.1,3,ok,50,8,experiments/e20_multi_compiler_full/run.py,359d4060c67ca5d924d143122aab556b53579c5255965144a009fa0a7759908c,df499dded1e0518f2f6266b9f0e35d3c81e6057b5ba6e6decbb0f26370e5bb03,df499dded1e0518f2f6266b9f0e35d3c81e6057b5ba6e6decbb0f26370e5bb03,
2.1.0,MC-E20,e20_full_20260807_074417,2026-08-07T07:50:10.486577+00:00,ghz_6,GHZ,6,6,17,-1.8333333333333335,-183.33333333333334,6,11,-0.8333333333333333,5,5,0.0,5,0,1.0,0,0,0.0,0.9999999999999973,0.0314023494720459,cirq,optimize_for_target_gateset+eject_z+merge_1q,1.6.1,default,ok,50,8,experiments/e20_multi_compiler_full/run.py,359d4060c67ca5d924d143122aab556b53579c5255965144a009fa0a7759908c,df499dded1e0518f2f6266b9f0e35d3c81e6057b5ba6e6decbb0f26370e5bb03,c50c1659240f976169f89857782a0a444ef9d6f07ecfed87fa6ae5bbbec4d547,
2.1.0,MC-E20,e20_full_20260807_074417,2026-08-07T07:50:10.603151+00:00,ghz_6,GHZ,6,6,6,0.0,0.0,6,6,0.0,5,5,0.0,5,5,0.0,0,0,0.0,1.0,0.11049866676330566,tket,FullPeepholeOptimise,2.18.0,default,ok,50,8,experiments/e20_multi_compiler_full/run.py,359d4060c67ca5d924d143122aab556b53579c5255965144a009fa0a7759908c,df499dded1e0518f2f6266b9f0e35d3c81e6057b5ba6e6decbb0f26370e5bb03,f5606110b4c9de2d9c41d6892ae7b8cd5a5d8a4dec34af69160c119d936ae28b,
2.1.0,MC-E20,e20_full_20260807_074417,2026-08-07T07:50:10.612212+00:00,cnot_chain_6,CNOT,6,40,0,1.0,100.0,22,0,1.0,40,0,1.0,40,0,1.0,0,0,0.0,1.0,0.0025413036346435547,qiskit,transpiler,2.4.1,3,ok,50,8,experiments/e20_multi_compiler_full/run.py,359d4060c67ca5d924d143122aab556b53579c5255965144a009fa0a7759908c,a9cbe813352eb8bbddbb6de7feecde853f066b5cf29e96a7a2f84a6cd354761a,995ca4ef9eaba10dd58f1ab322947f30c40e0f095185660849ca98aed2848347,
2.1.0,MC-E20,e20_full_20260807_074417,2026-08-07T07:50:10.656088+00:00,cnot_chain_6,CNOT,6,40,0,1.0,100.0,22,0,1.0,40,0,1.0,40,0,1.0,0,0,0.0,,0.04387640953063965,cirq,optimize_for_target_gateset+eject_z+merge_1q,1.6.1,default,ok,50,8,experiments/e20_multi_compiler_full/run.py,359d4060c67ca5d924d143122aab556b53579c5255965144a009fa0a7759908c,a9cbe813352eb8bbddbb6de7feecde853f066b5cf29e96a7a2f84a6cd354761a,6f8e18c5611960a199a59d79e4d4e52c427ac524f6c9f379d05c73dc41c9fc91,
2.1.0,MC-E20,e20_full_20260807_074417,2026-08-07T07:50:10.663530+00:00,cnot_chain_6,CNOT,6,40,0,1.0,100.0,22,0,1.0,40,0,1.0,40,0,1.0,0,0,0.0,1.0,0.0028145313262939453,tket,FullPeepholeOptimise,2.18.0,default,ok,50,8,experiments/e20_multi_compiler_full/run.py,359d4060c67ca5d924d143122aab556b53579c5255965144a009fa0a7759908c,a9cbe813352eb8bbddbb6de7feecde853f066b5cf29e96a7a2f84a6cd354761a,995ca4ef9eaba10dd58f1ab322947f30c40e0f095185660849ca98aed2848347,
2.1.0,MC-E20,e20_full_20260807_074417,2026-08-07T07:50:10.677301+00:00,bv_6,Oracle,7,19,11,0.42105263157894735,42.10526315789473,7,5,0.2857142857142857,3,3,0.0,3,3,0.0,0,0,0.0,0.9999999999999964,0.006125926971435547,qiskit,transpiler,2.4.1,3,ok,50,8,experiments/e20_multi_compiler_full/run.py,359d4060c67ca5d924d143122aab556b53579c5255965144a009fa0a7759908c,792ee7bedc4fa1ab33be119d77e98e98372d9b15665ccdce3dc2de6fb88a1539,b26f928c82915d27c1bb9a80613285b28fde3c9b5d343361205e6e38dd793c34,
2.1.0,MC-E20,e20_full_20260807_074417,2026-08-07T07:50:10.703307+00:00,bv_6,Oracle,7,19,13,0.3157894736842105,31.57894736842105,7,6,0.1428571428571429,3,3,0.0,3,0,1.0,0,0,0.0,,0.024753808975219727,cirq,optimize_for_target_gateset+eject_z+merge_1q,1.6.1,default,ok,50,8,experiments/e20_multi_compiler_full/run.py,359d4060c67ca5d924d143122aab556b53579c5255965144a009fa0a7759908c,792ee7bedc4fa1ab33be119d77e98e98372d9b15665ccdce3dc2de6fb88a1539,2c9990377a734b4f3331bbfe3e6ebd8c533fb2e71fc0a4656edfd77fd2840040,
2.1.0,MC-E20,e20_full_20260807_074417,2026-08-07T07:50:10.718403+00:00,qaoa_line_6,QAOA,6,48,48,0.0,0.0,24,24,0.0,20,20,0.0,20,20,0.0,0,0,0.0,1.0000000000000009,0.0,qiskit,transpiler,2.4.1,3,ok,50,8,experiments/e20_multi_compiler_full/run.py,359d4060c67ca5d924d143122aab556b53579c5255965144a009fa0a7759908c,e71be8b4f5394ad0471eacb0d92228a6e616bb8ae3a82ed0a9028536cca78c15,e71be8b4f5394ad0471eacb0d92228a6e616bb8ae3a82ed0a9028536cca78c15,
2.1.0,MC-E20,e20_full_20260807_074417,2026-08-07T07:50:10.826582+00:00,qaoa_line_6,QAOA,6,48,62,-0.29166666666666674,-29.166666666666675,24,30,-0.25,20,20,0.0,20,0,1.0,0,0,0.0,0.9999999999999971,0.10817933082580566,cirq,optimize_for_target_gateset+eject_z+merge_1q,1.6.1,default,ok,50,8,experiments/e20_multi_compiler_full/run.py,359d4060c67ca5d924d143122aab556b53579c5255965144a009fa0a7759908c,e71be8b4f5394ad0471eacb0d92228a6e616bb8ae3a82ed0a9028536cca78c15,39e93a54de0fef74b73baf67c4f07be0a661deb2b32373652f508c621f8b4b16,
2.1.0,MC-E20,e20_full_20260807_074417,2026-08-07T07:50:11.200785+00:00,qaoa_line_6,QAOA,6,48,46,0.04166666666666663,4.1666666666666625,24,24,0.0,20,20,0.0,20,20,0.0,0,0,0.0,1.0000000000000018,0.36466026306152344,tket,FullPeepholeOptimise,2.18.0,default,ok,50,8,experiments/e20_multi_compiler_full/run.py,359d4060c67ca5d924d143122aab556b53579c5255965144a009fa0a7759908c,e71be8b4f5394ad0471eacb0d92228a6e616bb8ae3a82ed0a9028536cca78c15,ca9622232f977139840dcc8d23123af0a4145c67f7ea8023e81bd9bddc934954,
2.1.0,MC-E20,e20_full_20260807_074417,2026-08-07T07:50:11.219016+00:00,vqe_twolocal_6,VQE,6,46,28,0.3913043478260869,39.13043478260869,13,10,0.23076923076923073,10,10,0.0,10,10,0.0,0,0,0.0,1.0000000000000004,0.0058116912841796875,qiskit,transpiler,2.4.1,3,ok,50,8,experiments/e20_multi_compiler_full/run.py,359d4060c67ca5d924d143122aab556b53579c5255965144a009fa0a7759908c,9e2b866c907c6752243e5fbb1aa4bf25fdb62b651d082ee1499ee39f10d9d631,ba2dded55781777ee6fae994757d7423edaa726e07a162e00ec757c223ad6a20,
2.1.0,MC-E20,e20_full_20260807_074417,2026-08-07T07:50:11.419366+00:00,vqe_twolocal_6,VQE,6,46,47,-0.021739130434782705,-2.1739130434782705,13,17,-0.3076923076923077,10,10,0.0,10,0,1.0,0,0,0.0,1.0,0.18487310409545898,cirq,optimize_for_target_gateset+eject_z+merge_1q,1.6.1,default,ok,50,8,experiments/e20_multi_compiler_full/run.py,359d4060c67ca5d924d143122aab556b53579c5255965144a009fa0a7759908c,9e2b866c907c6752243e5fbb1aa4bf25fdb62b651d082ee1499ee39f10d9d631,fe0878e8f293dbf3e09ecbd8f994188c476dad7e7765f94c6c9fab30957b52fc,
2.1.0,MC-E20,e20_full_20260807_074417,2026-08-07T07:50:11.756225+00:00,vqe_twolocal_6,VQE,6,46,28,0.3913043478260869,39.13043478260869,13,10,0.23076923076923073,10,10,0.0,10,10,0.0,0,0,0.0,1.0,0.3307034969329834,tket,FullPeepholeOptimise,2.18.0,default,ok,50,8,experiments/e20_multi_compiler_full/run.py,359d4060c67ca5d924d143122aab556b53579c5255965144a009fa0a7759908c,9e2b866c907c6752243e5fbb1aa4bf25fdb62b651d082ee1499ee39f10d9d631,86b2b6b5013c096af274a5a5537124ac6c645312c5825629be3949b098fdda96,
2.1.0,MC-E20,e20_full_20260807_074417,2026-08-07T07:50:11.770775+00:00,hardware_eff_6,HardwareEfficient,6,34,22,0.3529411764705882,35.29411764705882,8,6,0.25,10,10,0.0,10,10,0.0,0,0,0.0,1.0,0.0,qiskit,transpiler,2.4.1,3,ok,50,8,experiments/e20_multi_compiler_full/run.py,359d4060c67ca5d924d143122aab556b53579c5255965144a009fa0a7759908c,08f09765dd1eae82c04046ff02f6dcce073b33334dd08fac7756cf7a008c4c59,091248f71ba47cb4fead4f290d7711067454ba4783ad0a8200ffa7192cc759ee,
2.1.0,MC-E20,e20_full_20260807_074417,2026-08-07T07:50:11.841957+00:00,hardware_eff_6,HardwareEfficient,6,34,40,-0.17647058823529416,-17.647058823529417,8,10,-0.25,10,10,0.0,10,0,1.0,0,0,0.0,0.9999999999999973,0.06457734107971191,cirq,optimize_for_target_gateset+eject_z+merge_1q,1.6.1,default,ok,50,8,experiments/e20_multi_compiler_full/run.py,359d4060c67ca5d924d143122aab556b53579c5255965144a009fa0a7759908c,08f09765dd1eae82c04046ff02f6dcce073b33334dd08fac7756cf7a008c4c59,f21d5eacfee4ef4a2e9142ee8dc722f980a5c5f379b10c3d6ba1056caa170c39,
2.1.0,MC-E20,e20_full_20260807_074417,2026-08-07T07:50:12.115300+00:00,hardware_eff_6,HardwareEfficient,6,34,22,0.3529411764705882,35.29411764705882,8,6,0.25,10,10,0.0,10,10,0.0,0,0,0.0,1.0,0.2705988883972168,tket,FullPeepholeOptimise,2.18.0,default,ok,50,8,experiments/e20_multi_compiler_full/run.py,359d4060c67ca5d924d143122aab556b53579c5255965144a009fa0a7759908c,08f09765dd1eae82c04046ff02f6dcce073b33334dd08fac7756cf7a008c4c59,93f6b953edcbfe64adcd50101bd0a74ebf767a29b200a8d9313284da58a586f7,
2.1.0,MC-E20,e20_full_20260807_074417,2026-08-07T07:50:12.188142+00:00,grover_6,Grover,6,40,20,0.5,50.0,11,5,0.5454545454545454,0,0,0.0,0,0,0.0,0,0,0.0,0.9999999999999589,0.0,qiskit,transpiler,2.4.1,3,ok,50,8,experiments/e20_multi_compiler_full/run.py,359d4060c67ca5d924d143122aab556b53579c5255965144a009fa0a7759908c,24da6cd0fc545792ecaa3e51b5fc1b5c2129a24f4f036caf3736192786569dd6,0ea42a1b7a1e121087615fa80098b527194decafb7c9cf42411f6972d0519375,"Single Grover iteration, random marked state"
2.1.0,MC-E20,e20_full_20260807_074417,2026-08-07T07:50:13.045166+00:00,grover_6,Grover,6,40,400,-9.0,-900.0,11,284,-24.818181818181817,0,166,0.0,0,0,0.0,0,1,0.0,0.9999999999999661,0.7805554866790771,cirq,optimize_for_target_gateset+eject_z+merge_1q,1.6.1,default,ok,50,8,experiments/e20_multi_compiler_full/run.py,359d4060c67ca5d924d143122aab556b53579c5255965144a009fa0a7759908c,24da6cd0fc545792ecaa3e51b5fc1b5c2129a24f4f036caf3736192786569dd6,52fcd22dc12996d2abcb2befd2e01a040a9e811b38db2b2dfe9f8916fb9e92cb,"Single Grover iteration, random marked state"
2.1.0,MC-E20,e20_full_20260807_074417,2026-08-07T07:50:15.561962+00:00,grover_6,Grover,6,40,344,-7.6,-760.0,11,233,-20.181818181818183,0,160,0.0,0,160,0.0,0,0,0.0,0.9999999999999817,2.4438815116882324,tket,FullPeepholeOptimise,2.18.0,default,ok,50,8,experiments/e20_multi_compiler_full/run.py,359d4060c67ca5d924d143122aab556b53579c5255965144a009fa0a7759908c,24da6cd0fc545792ecaa3e51b5fc1b5c2129a24f4f036caf3736192786569dd6,19daa87b60236ba308cca23eb4144c5c0a719d15b93e113b01ce037941579275,"Single Grover iteration, random marked state"
2.1.0,MC-E20,e20_full_20260807_074417,2026-08-07T07:50:15.577069+00:00,adder_6,Adder,7,14,14,0.0,0.0,8,8,0.0,4,4,0.0,4,4,0.0,0,0,0.0,1.0,0.0,qiskit,transpiler,2.4.1,3,ok,50,8,experiments/e20_multi_compiler_full/run.py,359d4060c67ca5d924d143122aab556b53579c5255965144a009fa0a7759908c,b79269fb3472b9940c82abb537a4c9e0f8d12bf42c05600b2d87af818d56c1e5,398a39c869275ee953e7c1429666eb7121936238d0cfeddf22d8f438eed3d5cb,"Ripple-carry adder, random inputs"
2.1.0,MC-E20,e20_full_20260807_074417,2026-08-07T07:50:15.871725+00:00,adder_6,Adder,7,14,160,-10.428571428571429,-1042.857142857143,8,83,-9.375,4,52,-12.0,4,0,1.0,0,2,0.0,0.9999999999999915,0.26166534423828125,cirq,optimize_for_target_gateset+eject_z+merge_1q,1.6.1,default,ok,50,8,experiments/e20_multi_compiler_full/run.py,359d4060c67ca5d924d143122aab556b53579c5255965144a009fa0a7759908c,b79269fb3472b9940c82abb537a4c9e0f8d12bf42c05600b2d87af818d56c1e5,9f4bf8482176189c07f6fbc1b1cbfcce63b39488fa2d26c454a7aa3422c5b78e,"Ripple-carry adder, random inputs"
2.1.0,MC-E20,e20_full_20260807_074417,2026-08-07T07:50:17.086241+00:00,qwalk_6,QuantumWalk,7,82,2300,-27.048780487804876,-2704.8780487804875,47,1695,-35.06382978723404,6,990,-164.0,6,990,-164.0,0,305,0.0,0.9999999999997892,0.02653813362121582,qiskit,transpiler,2.4.1,3,ok,50,8,experiments/e20_multi_compiler_full/run.py,359d4060c67ca5d924d143122aab556b53579c5255965144a009fa0a7759908c,8296ec893914f95e820dd9cfcbc68c0fca7f64f0750708b34d389ec26a705756,b708ae9af5c04658dfc85338ddc8f72f1db3fe936286fd9f2c8a945a47106e74,"DTQW on cycle, 3 steps"
2.1.0,MC-E20,e20_full_20260807_074417,2026-08-07T07:50:26.372318+00:00,qwalk_6,QuantumWalk,7,82,3879,-46.30487804878049,-4630.487804878048,47,2690,-56.234042553191486,6,1678,-278.6666666666667,6,0,1.0,0,8,0.0,0.9999999999997341,7.832470655441284,cirq,optimize_for_target_gateset+eject_z+merge_1q,1.6.1,default,ok,50,8,experiments/e20_multi_compiler_full/run.py,359d4060c67ca5d924d143122aab556b53579c5255965144a009fa0a7759908c,8296ec893914f95e820dd9cfcbc68c0fca7f64f0750708b34d389ec26a705756,50d7acd4eba717c55b55e9645847c994096c46f4be8377ff0308e29424526bb8,"DTQW on cycle, 3 steps"
2.1.0,MC-E20,e20_full_20260807_074417,2026-08-07T07:50:26.385501+00:00,iqp_6,IQP,6,36,13,0.6388888888888888,63.888888888888886,9,4,0.5555555555555556,9,3,0.6666666666666667,0,0,0.0,0,0,0.0,0.9999999999999964,0.007414340972900391,qiskit,transpiler,2.4.1,3,ok,50,8,experiments/e20_multi_compiler_full/run.py,359d4060c67ca5d924d143122aab556b53579c5255965144a009fa0a7759908c,8eb1dd565105fa861c1969a4c239e569fdd2cfecc41d38c42b2d9d09b44c22b2,1433db0d08b67670d8659ea356fa788f7a9487bdbd60c42a9535f5c9934b7ff3,"IQP circuit, 3 diagonal layers"
2.1.0,MC-E20,e20_full_20260807_074417,2026-08-07T07:50:26.431193+00:00,iqp_6,IQP,6,36,21,0.41666666666666663,41.666666666666664,9,6,0.33333333333333337,9,5,0.4444444444444444,0,0,0.0,0,2,0.0,0.9999999999999963,0.04569220542907715,cirq,optimize_for_target_gateset+eject_z+merge_1q,1.6.1,default,ok,50,8,experiments/e20_multi_compiler_full/run.py,359d4060c67ca5d924d143122aab556b53579c5255965144a009fa0a7759908c,8eb1dd565105fa861c1969a4c239e569fdd2cfecc41d38c42b2d9d09b44c22b2,f7d79d10c1e690c2f1d535ee7fcec9a8690d7ff66f766216232005901b48f55d,"IQP circuit, 3 diagonal layers"
2.1.0,MC-E20,e20_full_20260807_074417,2026-08-07T07:50:26.569560+00:00,iqp_6,IQP,6,36,13,0.6388888888888888,63.888888888888886,9,5,0.4444444444444444,9,3,0.6666666666666667,0,3,0.0,0,0,0.0,0.9999999999999991,0.12114357948303223,tket,FullPeepholeOptimise,2.18.0,default,ok,50,8,experiments/e20_multi_compiler_full/run.py,359d4060c67ca5d924d143122aab556b53579c5255965144a009fa0a7759908c,8eb1dd565105fa861c1969a4c239e569fdd2cfecc41d38c42b2d9d09b44c22b2,7034529e9a01ddb16ea1adeada97a8dcc86058cc6429e01ba5ff1742806bc18d,"IQP circuit, 3 diagonal layers"
2.1.0,MC-E20,e20_full_20260807_074417,2026-08-07T07:50:26.582832+00:00,clifford_6,RandomClifford,6,44,7,0.8409090909090909,84.0909090909091,12,3,0.75,6,3,0.5,6,1,0.8333333333333334,15,1,0.9333333333333333,0.9999999999999998,0.0,qiskit,transpiler,2.4.1,3,ok,50,8,experiments/e20_multi_compiler_full/run.py,359d4060c67ca5d924d143122aab556b53579c5255965144a009fa0a7759908c,2d8b48bbef1508b8d0015fbb5e0ce127ec90b6c27c002349721ca2401b88b5e5,731d1f9b3890767e8295d3a208c9091921cb140eef283b97224fbc186cd0d055,"Random Clifford, depth=10"
2.1.0,MC-E20,e20_full_20260807_074417,2026-08-07T07:50:26.624423+00:00,clifford_6,RandomClifford,6,44,14,0.6818181818181819,68.18181818181819,12,6,0.5,6,3,0.5,6,0,1.0,15,3,0.8,0.9999999999999963,0.030660152435302734,cirq,optimize_for_target_gateset+eject_z+merge_1q,1.6.1,default,ok,50,8,experiments/e20_multi_compiler_full/run.py,359d4060c67ca5d924d143122aab556b53579c5255965144a009fa0a7759908c,2d8b48bbef1508b8d0015fbb5e0ce127ec90b6c27c002349721ca2401b88b5e5,9aacea3f71ec9bf25ccfc0bb3cc3a0ee2b721cd308976c72a98f3007ff8b1f8e,"Random Clifford, depth=10"
2.1.0,MC-E20,e20_full_20260807_074417,2026-08-07T07:50:26.734656+00:00,clifford_6,RandomClifford,6,44,12,0.7272727272727273,72.72727272727273,12,5,0.5833333333333333,6,3,0.5,6,3,0.5,15,0,1.0,0.9999999999999964,0.10198068618774414,tket,FullPeepholeOptimise,2.18.0,default,ok,50,8,experiments/e20_multi_compiler_full/run.py,359d4060c67ca5d924d143122aab556b53579c5255965144a009fa0a7759908c,2d8b48bbef1508b8d0015fbb5e0ce127ec90b6c27c002349721ca2401b88b5e5,f823c1a3fffbbc85c5e720b46b700dcf8d3ed09c75de9065ee612fce341d1573,"Random Clifford, depth=10"
2.1.0,MC-E20,e20_full_20260807_074417,2026-08-07T07:50:26.745442+00:00,surface_code_6,SurfaceCode,7,10,10,0.0,0.0,8,8,0.0,6,6,0.0,6,6,0.0,0,0,0.0,0.9999999999999998,0.0,qiskit,transpiler,2.4.1,3,ok,50,8,experiments/e20_multi_compiler_full/run.py,359d4060c67ca5d924d143122aab556b53579c5255965144a009fa0a7759908c,316166a9101e2c3bffefe333d631fa5654b7cd72915a1f65bafa6bd0f0b7017e,316166a9101e2c3bffefe333d631fa5654b7cd72915a1f65bafa6bd0f0b7017e,X-stabilizer syndrome extraction
2.1.0,MC-E20,e20_full_20260807_074417,2026-08-07T07:50:26.784044+00:00,surface_code_6,SurfaceCode,7,10,11,-0.10000000000000009,-10.000000000000009,8,9,-0.125,6,6,0.0,6,0,1.0,0,0,0.0,0.9999999999999998,0.03860139846801758,cirq,optimize_for_target_gateset+eject_z+merge_1q,1.6.1,default,ok,50,8,experiments/e20_multi_compiler_full/run.py,359d4060c67ca5d924d143122aab556b53579c5255965144a009fa0a7759908c,316166a9101e2c3bffefe333d631fa5654b7cd72915a1f65bafa6bd0f0b7017e,ff238f9b2364789219ed362c40388b8f896bf27a243c5af84ae6a9f206f56f61,X-stabilizer syndrome extraction
2.1.0,MC-E20,e20_full_20260807_074417,2026-08-07T07:50:26.800439+00:00,uccsd_6,UCCSD_inspired,6,58,44,0.24137931034482762,24.13793103448276,28,25,0.1071428571428571,29,21,0.27586206896551724,29,21,0.27586206896551724,0,0,0.0,1.0,0.011494636535644531,qiskit,transpiler,2.4.1,3,ok,50,8,experiments/e20_multi_compiler_full/run.py,359d4060c67ca5d924d143122aab556b53579c5255965144a009fa0a7759908c,fa32c35feef37a3791590e7d71c44d112f3a7e7e217b0afe18d9042627132021,ba02192cb323157decffb99b31c514c5fa3f219a2d22398bf8614b032f7acf38,Parameterized ansatz INSPIRED BY (not true) UCCSD; see make_parameterized_ansatz docstring. Renamed from 'UCCSD' to 'UCCSD_inspired' per review L3 to avoid false claim.
2.1.0,MC-E20,e20_full_20260807_074417,2026-08-07T07:50:26.957296+00:00,uccsd_6,UCCSD_inspired,6,58,67,-0.15517241379310343,-15.517241379310342,28,32,-0.1428571428571428,29,29,0.0,29,0,1.0,0,0,0.0,1.0,0.13536810874938965,cirq,optimize_for_target_gateset+eject_z+merge_1q,1.6.1,default,ok,50,8,experiments/e20_multi_compiler_full/run.py,359d4060c67ca5d924d143122aab556b53579c5255965144a009fa0a7759908c,fa32c35feef37a3791590e7d71c44d112f3a7e7e217b0afe18d9042627132021,8552bd7778a4236327c55fe53ea0da2852ddb2fe64413326163d393cee10ecf5,Parameterized ansatz INSPIRED BY (not true) UCCSD; see make_parameterized_ansatz docstring. Renamed from 'UCCSD' to 'UCCSD_inspired' per review L3 to avoid false claim.
2.1.0,MC-E20,e20_full_20260807_074417,2026-08-07T07:50:27.493223+00:00,uccsd_6,UCCSD_inspired,6,58,44,0.24137931034482762,24.13793103448276,28,25,0.1071428571428571,29,21,0.27586206896551724,29,21,0.27586206896551724,0,0,0.0,1.0,0.5201573371887207,tket,FullPeepholeOptimise,2.18.0,default,ok,50,8,experiments/e20_multi_compiler_full/run.py,359d4060c67ca5d924d143122aab556b53579c5255965144a009fa0a7759908c,fa32c35feef37a3791590e7d71c44d112f3a7e7e217b0afe18d9042627132021,f131f793b1fe4e42d80d6351e60c5f13c0ccf8fce442abaa74c6d49d2127768d,Parameterized ansatz INSPIRED BY (not true) UCCSD; see make_parameterized_ansatz docstring. Renamed from 'UCCSD' to 'UCCSD_inspired' per review L3 to avoid false claim.
2.1.0,MC-E20,e20_full_20260807_074417,2026-08-07T07:50:27.571992+00:00,qft_8,QFT,8,36,36,0.0,0.0,15,15,0.0,28,28,0.0,0,0,0.0,0,0,0.0,0.9999999999999969,0.0,qiskit,transpiler,2.4.1,3,ok,50,8,experiments/e20_multi_compiler_full/run.py,359d4060c67ca5d924d143122aab556b53579c5255965144a009fa0a7759908c,b2f83603b76f95e86e3b51898d6ea360adf3a62f51aa296baf0178913d4108b2,5e235910f0329f12c7dc3b126bc0da34cd22bcb22e80d7885306046eb1f2b62c,
2.1.0,MC-E20,e20_full_20260807_074417,2026-08-07T07:50:27.907960+00:00,qft_8,QFT,8,36,134,-2.7222222222222223,-272.22222222222223,15,48,-2.2,28,56,-1.0,0,0,0.0,0,0,0.0,0.9999999999999962,0.18127155303955078,cirq,optimize_for_target_gateset+eject_z+merge_1q,1.6.1,default,ok,50,8,experiments/e20_multi_compiler_full/run.py,359d4060c67ca5d924d143122aab556b53579c5255965144a009fa0a7759908c,b2f83603b76f95e86e3b51898d6ea360adf3a62f51aa296baf0178913d4108b2,f2003bd53d0d1c2c3df986457ae1336e33215aedb071156e8c9562fb9841837f,
2.1.0,MC-E20,e20_full_20260807_074417,2026-08-07T07:50:27.921017+00:00,ghz_8,GHZ,8,8,8,0.0,0.0,8,8,0.0,7,7,0.0,7,7,0.0,0,0,0.0,0.9999999999999998,0.0,qiskit,transpiler,2.4.1,3,ok,50,8,experiments/e20_multi_compiler_full/run.py,359d4060c67ca5d924d143122aab556b53579c5255965144a009fa0a7759908c,587577f385cf54a3edd3cc639b3ac8cc5aa139f2ef414827515ddc7be4c12104,587577f385cf54a3edd3cc639b3ac8cc5aa139f2ef414827515ddc7be4c12104,
2.1.0,MC-E20,e20_full_20260807_074417,2026-08-07T07:50:27.992185+00:00,ghz_8,GHZ,8,8,23,-1.875,-187.5,8,15,-0.875,7,7,0.0,7,0,1.0,0,0,0.0,0.9999999999999971,0.04605841636657715,cirq,optimize_for_target_gateset+eject_z+merge_1q,1.6.1,default,ok,50,8,experiments/e20_multi_compiler_full/run.py,359d4060c67ca5d924d143122aab556b53579c5255965144a009fa0a7759908c,587577f385cf54a3edd3cc639b3ac8cc5aa139f2ef414827515ddc7be4c12104,a2f2d04e71fa038bd3a71061f2357cee894af4692955787292458304cec3a3f6,
2.1.0,MC-E20,e20_full_20260807_074417,2026-08-07T07:50:28.049750+00:00,cnot_chain_8,CNOT,8,56,0,1.0,100.0,26,0,1.0,56,0,1.0,56,0,1.0,0,0,0.0,1.0,0.005544424057006836,qiskit,transpiler,2.4.1,3,ok,50,8,experiments/e20_multi_compiler_full/run.py,359d4060c67ca5d924d143122aab556b53579c5255965144a009fa0a7759908c,d3e8b51351e86caa6d8939fe0a903f48a089e7d220d46a14b52d6c94e6e43394,b9f67046a69160a09ec4f4fa9eb23036fff76352de4a4103d9d677b302f18c04,
2.1.0,MC-E20,e20_full_20260807_074417,2026-08-07T07:50:28.103134+00:00,cnot_chain_8,CNOT,8,56,0,1.0,100.0,26,0,1.0,56,0,1.0,56,0,1.0,0,0,0.0,,0.05338406562805176,cirq,optimize_for_target_gateset+eject_z+merge_1q,1.6.1,default,ok,50,8,experiments/e20_multi_compiler_full/run.py,359d4060c67ca5d924d143122aab556b53579c5255965144a009fa0a7759908c,d3e8b51351e86caa6d8939fe0a903f48a089e7d220d46a14b52d6c94e6e43394,6f8e18c5611960a199a59d79e4d4e52c427ac524f6c9f379d05c73dc41c9fc91,
2.1.0,MC-E20,e20_full_20260807_074417,2026-08-07T07:50:28.105413+00:00,bv_8,Oracle,9,25,17,0.31999999999999995,31.999999999999996,9,7,0.2222222222222222,5,5,0.0,5,5,0.0,0,0,0.0,,0.002278566360473633,qiskit,transpiler,2.4.1,3,ok,50,8,experiments/e20_multi_compiler_full/run.py,359d4060c67ca5d924d143122aab556b53579c5255965144a009fa0a7759908c,781ef4a33c0f7391fa4a2741b4c59d3d7fb3781ce2c07df23028850379bf8cb6,204ae653e17f1ef753d8cb6fec9c39230e2cd822fe7c8f8c5d879e488eee2f0f,
2.1.0,MC-E20,e20_full_20260807_074417,2026-08-07T07:50:28.215216+00:00,qaoa_line_8,QAOA,8,66,66,0.0,0.0,30,30,0.0,28,28,0.0,28,28,0.0,0,0,0.0,1.0000000000000036,0.0,qiskit,transpiler,2.4.1,3,ok,50,8,experiments/e20_multi_compiler_full/run.py,359d4060c67ca5d924d143122aab556b53579c5255965144a009fa0a7759908c,5f014de9d39d8da4377f39daad509c2c52f00796ee75e62f43f302183eb7ff7e,5f014de9d39d8da4377f39daad509c2c52f00796ee75e62f43f302183eb7ff7e,
2.1.0,MC-E20,e20_full_20260807_074417,2026-08-07T07:50:28.449465+00:00,qaoa_line_8,QAOA,8,66,87,-0.3181818181818181,-31.818181818181813,30,38,-0.2666666666666666,28,28,0.0,28,0,1.0,0,0,0.0,0.9999999999999991,0.1242227554321289,cirq,optimize_for_target_gateset+eject_z+merge_1q,1.6.1,default,ok,50,8,experiments/e20_multi_compiler_full/run.py,359d4060c67ca5d924d143122aab556b53579c5255965144a009fa0a7759908c,5f014de9d39d8da4377f39daad509c2c52f00796ee75e62f43f302183eb7ff7e,77623b2d82ac5af62a4f2a65e639dbece071b2f79e6849b05ef2599524a385a5,
2.1.0,MC-E20,e20_full_20260807_074417,2026-08-07T07:50:28.519571+00:00,vqe_twolocal_8,VQE,8,62,38,0.3870967741935484,38.70967741935484,15,12,0.19999999999999996,14,14,0.0,14,14,0.0,0,0,0.0,1.0,0.009600639343261719,qiskit,transpiler,2.4.1,3,ok,50,8,experiments/e20_multi_compiler_full/run.py,359d4060c67ca5d924d143122aab556b53579c5255965144a009fa0a7759908c,aed39f065cb841826d6bf8541d1cc7b112e86d54d9b9d38a4a8bd1b6a3e5e96b,b7067c43ee6e79809814864edc0d897c9037e566819b151a808740bd3580d2a3,
2.1.0,MC-E20,e20_full_20260807_074417,2026-08-07T07:50:28.733191+00:00,vqe_twolocal_8,VQE,8,62,65,-0.048387096774193505,-4.8387096774193505,15,21,-0.3999999999999999,14,14,0.0,14,0,1.0,0,0,0.0,0.9999999999999978,0.12839221954345703,cirq,optimize_for_target_gateset+eject_z+merge_1q,1.6.1,default,ok,50,8,experiments/e20_multi_compiler_full/run.py,359d4060c67ca5d924d143122aab556b53579c5255965144a009fa0a7759908c,aed39f065cb841826d6bf8541d1cc7b112e86d54d9b9d38a4a8bd1b6a3e5e96b,0dcaaf1d49344fb9831c019de2e63a816b8e43f6bacaafa6975009419c1a3f95,
2.1.0,MC-E20,e20_full_20260807_074417,2026-08-07T07:50:28.807909+00:00,hardware_eff_8,HardwareEfficient,8,46,30,0.34782608695652173,34.78260869565217,8,6,0.25,14,14,0.0,14,14,0.0,0,0,0.0,0.9999999999999998,0.01514124870300293,qiskit,transpiler,2.4.1,3,ok,50,8,experiments/e20_multi_compiler_full/run.py,359d4060c67ca5d924d143122aab556b53579c5255965144a009fa0a7759908c,341b97aa7ced30df12d7cc56f3fa04bea6db9f585c8b28b4cea688ac53d92e87,595b645134200ea7dda71093c2d5c5e09f8e19f74703b0c4230b85f171a8a2c8,
2.1.0,MC-E20,e20_full_20260807_074417,2026-08-07T07:50:28.961115+00:00,hardware_eff_8,HardwareEfficient,8,46,55,-0.19565217391304346,-19.565217391304344,8,10,-0.25,14,14,0.0,14,0,1.0,0,0,0.0,0.9999999999999969,0.0767059326171875,cirq,optimize_for_target_gateset+eject_z+merge_1q,1.6.1,default,ok,50,8,experiments/e20_multi_compiler_full/run.py,359d4060c67ca5d924d143122aab556b53579c5255965144a009fa0a7759908c,341b97aa7ced30df12d7cc56f3fa04bea6db9f585c8b28b4cea688ac53d92e87,d51abec1f3886f8e0d5979d23d1982e8cf110ea0afc52e1e054e43849d8cf1d0,
2.1.0,MC-E20,e20_full_20260807_074417,2026-08-07T07:50:30.472205+00:00,grover_8,Grover,8,50,796,-14.92,-1492.0,11,503,-44.72727272727273,0,360,0.0,0,360,0.0,0,102,0.0,0.9999999999999314,0.015140771865844727,qiskit,transpiler,2.4.1,3,ok,50,8,experiments/e20_multi_compiler_full/run.py,359d4060c67ca5d924d143122aab556b53579c5255965144a009fa0a7759908c,ca23956754b0fc56a56ef9424f005449a9d151c336139667b251db0c3436cbd2,37e39fb4aee332bd8c5606728f2b119e933cf1a5a7decd3b49ad8d63d2b61413,"Single Grover iteration, random marked state"
2.1.0,MC-E20,e20_full_20260807_074417,2026-08-07T07:50:34.379813+00:00,grover_8,Grover,8,50,1030,-19.6,-1960.0000000000002,11,698,-62.45454545454545,0,440,0.0,0,0,0.0,0,6,0.0,0.9999999999999248,2.287567377090454,cirq,optimize_for_target_gateset+eject_z+merge_1q,1.6.1,default,ok,50,8,experiments/e20_multi_compiler_full/run.py,359d4060c67ca5d924d143122aab556b53579c5255965144a009fa0a7759908c,ca23956754b0fc56a56ef9424f005449a9d151c336139667b251db0c3436cbd2,7f3c696e19d56bdb6dd63a61141fcdcb9998f0a791ea0c749189982473cf78bf,"Single Grover iteration, random marked state"
2.1.0,MC-E20,e20_full_20260807_074417,2026-08-07T07:50:34.395092+00:00,adder_8,Adder,10,17,17,0.0,0.0,10,10,0.0,6,6,0.0,6,6,0.0,0,0,0.0,,0.015279293060302734,qiskit,transpiler,2.4.1,3,ok,50,8,experiments/e20_multi_compiler_full/run.py,359d4060c67ca5d924d143122aab556b53579c5255965144a009fa0a7759908c,c5493ad84cb94f306303c99ff1a88e4e8bccae6664f54b5fee2ef5481c615763,f9e0379ad1df94a68025ccf3c9fb1203280f4e940f15b27c530a00a78a3b3062,"Ripple-carry adder, random inputs"
2.1.0,MC-E20,e20_full_20260807_074417,2026-08-07T07:50:34.505192+00:00,qwalk_8,QuantumWalk,9,106,4551,-41.93396226415094,-4193.396226415094,59,3163,-52.610169491525426,6,1962,-326.0,6,1962,-326.0,0,539,0.0,,0.046122074127197266,qiskit,transpiler,2.4.1,3,ok,50,8,experiments/e20_multi_compiler_full/run.py,359d4060c67ca5d924d143122aab556b53579c5255965144a009fa0a7759908c,8709ae947835c99573c08b7d3645ae17b8c5226c4f190bbafe95306d5719b9da,f1fb59925a327f3f26151e1f6b531bfa864ab5d33712347dcef977f67a804d17,"DTQW on cycle, 3 steps"
2.1.0,MC-E20,e20_full_20260807_074417,2026-08-07T07:50:34.564491+00:00,iqp_8,IQP,8,45,19,0.5777777777777777,57.77777777777777,11,7,0.36363636363636365,11,5,0.5454545454545454,0,0,0.0,0,0,0.0,0.999999999999996,0.013162612915039062,qiskit,transpiler,2.4.1,3,ok,50,8,experiments/e20_multi_compiler_full/run.py,359d4060c67ca5d924d143122aab556b53579c5255965144a009fa0a7759908c,75f77f40a013bf9ed07fe41eda8fd33ed8a48cf0ae6847350f7df994a4e786aa,ea1c6239bdad1dfeb2260b331ead853030184c173b2deb9b9a97fbb7d157168c,"IQP circuit, 3 diagonal layers"
2.1.0,MC-E20,e20_full_20260807_074417,2026-08-07T07:50:34.667610+00:00,iqp_8,IQP,8,45,25,0.4444444444444444,44.44444444444444,11,6,0.4545454545454546,11,5,0.5454545454545454,0,0,0.0,0,4,0.0,0.9999999999999947,0.05540275573730469,cirq,optimize_for_target_gateset+eject_z+merge_1q,1.6.1,default,ok,50,8,experiments/e20_multi_compiler_full/run.py,359d4060c67ca5d924d143122aab556b53579c5255965144a009fa0a7759908c,75f77f40a013bf9ed07fe41eda8fd33ed8a48cf0ae6847350f7df994a4e786aa,a69607dee26e7a962d1b3c8fe14e2eb8e85d20724a04e8de401c904c4e2b730f,"IQP circuit, 3 diagonal layers"
2.1.0,MC-E20,e20_full_20260807_074417,2026-08-07T07:50:34.717254+00:00,clifford_8,RandomClifford,8,55,8,0.8545454545454545,85.45454545454545,10,1,0.9,2,0,1.0,2,0,1.0,28,0,1.0,0.9999999999999938,0.011931657791137695,qiskit,transpiler,2.4.1,3,ok,50,8,experiments/e20_multi_compiler_full/run.py,359d4060c67ca5d924d143122aab556b53579c5255965144a009fa0a7759908c,d066b41fd1899a5b576c4267dbd402e7e33806cea1f2a8bbbf11b53f8f4ac578,f0cccae1c94681f3b482e398398641e26644393bd0b9c873da9dd76beff081bc,"Random Clifford, depth=10"
2.1.0,MC-E20,e20_full_20260807_074417,2026-08-07T07:50:34.801876+00:00,clifford_8,RandomClifford,8,55,13,0.7636363636363637,76.36363636363637,10,2,0.8,2,0,1.0,2,0,1.0,28,5,0.8214285714285714,0.9999999999999958,0.03527402877807617,cirq,optimize_for_target_gateset+eject_z+merge_1q,1.6.1,default,ok,50,8,experiments/e20_multi_compiler_full/run.py,359d4060c67ca5d924d143122aab556b53579c5255965144a009fa0a7759908c,d066b41fd1899a5b576c4267dbd402e7e33806cea1f2a8bbbf11b53f8f4ac578,b0ff54be19e1478fa2a8362b3c51fd0fb80e9e9a187c7cd20b01c9a2c19cfc36,"Random Clifford, depth=10"
2.1.0,MC-E20,e20_full_20260807_074417,2026-08-07T07:50:34.808493+00:00,surface_code_8,SurfaceCode,9,12,12,0.0,0.0,10,10,0.0,8,8,0.0,8,8,0.0,0,0,0.0,,0.006617307662963867,qiskit,transpiler,2.4.1,3,ok,50,8,experiments/e20_multi_compiler_full/run.py,359d4060c67ca5d924d143122aab556b53579c5255965144a009fa0a7759908c,cead5f601ffe9fa78452e64dfafa191505b97b054f77848ed6482da20ec2f43b,cead5f601ffe9fa78452e64dfafa191505b97b054f77848ed6482da20ec2f43b,X-stabilizer syndrome extraction
2.1.0,MC-E20,e20_full_20260807_074417,2026-08-07T07:50:34.930945+00:00,uccsd_8,UCCSD_inspired,8,80,60,0.25,25.0,31,27,0.12903225806451613,36,28,0.2222222222222222,36,28,0.2222222222222222,0,0,0.0,1.0,0.0,qiskit,transpiler,2.4.1,3,ok,50,8,experiments/e20_multi_compiler_full/run.py,359d4060c67ca5d924d143122aab556b53579c5255965144a009fa0a7759908c,131b0c59e219db6863331d776de228a89ca05310aefc19fa310b84e37cccb1e7,500d0934f4941ad9fcece750fa0b7b263ee358ff35680cf61ec9a28cc29ce73e,Parameterized ansatz INSPIRED BY (not true) UCCSD; see make_parameterized_ansatz docstring. Renamed from 'UCCSD' to 'UCCSD_inspired' per review L3 to avoid false claim.
2.1.0,MC-E20,e20_full_20260807_074417,2026-08-07T07:50:35.236806+00:00,uccsd_8,UCCSD_inspired,8,80,81,-0.012499999999999956,-1.2499999999999956,31,33,-0.06451612903225801,36,36,0.0,36,0,1.0,0,0,0.0,1.0,0.16819500923156738,cirq,optimize_for_target_gateset+eject_z+merge_1q,1.6.1,default,ok,50,8,experiments/e20_multi_compiler_full/run.py,359d4060c67ca5d924d143122aab556b53579c5255965144a009fa0a7759908c,131b0c59e219db6863331d776de228a89ca05310aefc19fa310b84e37cccb1e7,e15fd06c39b77a0b47f524af5069d877f2d16fac200ef9b9a1325bc0de326882,Parameterized ansatz INSPIRED BY (not true) UCCSD; see make_parameterized_ansatz docstring. Renamed from 'UCCSD' to 'UCCSD_inspired' per review L3 to avoid false claim.
2.1.0,MC-E20,e20_full_20260807_074417,2026-08-07T07:50:35.285586+00:00,haar_4,HaarRandom,4,275,257,0.06545454545454543,6.545454545454543,189,189,0.0,95,95,0.0,95,95,0.0,0,0,0.0,0.9999999999999954,0.015163421630859375,qiskit,transpiler,2.4.1,3,ok,50,8,experiments/e20_multi_compiler_full/run.py,359d4060c67ca5d924d143122aab556b53579c5255965144a009fa0a7759908c,ee7afd4af4505a115bf159b8cd2f554df18ee60684bafb27e6a55440ae7e1239,a03067168c25d62746a1d5d6c1f5089eecf235838470eaa670b0e9828e43ae6c,"Haar-random unitary, exact synthesis"
2.1.0,MC-E20,e20_full_20260807_074417,2026-08-07T07:50:35.845672+00:00,haar_4,HaarRandom,4,275,288,-0.047272727272727355,-4.7272727272727355,189,190,-0.005291005291005346,95,95,0.0,95,0,1.0,0,0,0.0,0.999999999999992,0.5352532863616943,cirq,optimize_for_target_gateset+eject_z+merge_1q,1.6.1,default,ok,50,8,experiments/e20_multi_compiler_full/run.py,359d4060c67ca5d924d143122aab556b53579c5255965144a009fa0a7759908c,ee7afd4af4505a115bf159b8cd2f554df18ee60684bafb27e6a55440ae7e1239,e433916c8b3671e8bb8c5618274217defe285d67be6c4d307692e06f7fa7f46f,"Haar-random unitary, exact synthesis"
2.1.0,MC-E20,e20_full_20260807_074417,2026-08-07T07:50:37.640941+00:00,haar_4,HaarRandom,4,275,257,0.06545454545454543,6.545454545454543,189,189,0.0,95,95,0.0,95,95,0.0,0,0,0.0,0.9999999999999988,1.769209623336792,tket,FullPeepholeOptimise,2.18.0,default,ok,50,8,experiments/e20_multi_compiler_full/run.py,359d4060c67ca5d924d143122aab556b53579c5255965144a009fa0a7759908c,ee7afd4af4505a115bf159b8cd2f554df18ee60684bafb27e6a55440ae7e1239,df4cf633a55d215928ab57d066f93c69fedc6d9d53f1c961675a577571cc69ec,"Haar-random unitary, exact synthesis"
2.1.0,MC-E20,e20_full_20260807_074417,2026-08-07T07:50:37.825320+00:00,qft_4,QFT,4,10,10,0.0,0.0,7,7,0.0,6,6,0.0,0,0,0.0,0,0,0.0,0.9999999999999988,0.0,qiskit,transpiler,2.4.1,3,ok,51,9,experiments/e20_multi_compiler_full/run.py,359d4060c67ca5d924d143122aab556b53579c5255965144a009fa0a7759908c,ec754f7e3892ee8ca405ace36ffa2cf3d8489863d2f83852f623de773dd94b1e,001408f6c8b62c5aa1e72c56729dcc2520332ae2954b17daf86162a5a4f46ac6,
2.1.0,MC-E20,e20_full_20260807_074417,2026-08-07T07:50:37.886095+00:00,qft_4,QFT,4,10,34,-2.4,-240.0,7,20,-1.8571428571428572,6,12,-1.0,0,0,0.0,0,0,0.0,0.9999999999999981,0.04548978805541992,cirq,optimize_for_target_gateset+eject_z+merge_1q,1.6.1,default,ok,51,9,experiments/e20_multi_compiler_full/run.py,359d4060c67ca5d924d143122aab556b53579c5255965144a009fa0a7759908c,ec754f7e3892ee8ca405ace36ffa2cf3d8489863d2f83852f623de773dd94b1e,e7250dce10bcf0582287ec690b02c1ded37b1a4d82d911c36bee292143ba0f8c,
2.1.0,MC-E20,e20_full_20260807_074417,2026-08-07T07:50:38.053345+00:00,qft_4,QFT,4,10,31,-2.1,-210.0,7,19,-1.7142857142857144,6,12,-1.0,0,12,0.0,0,0,0.0,1.0,0.1672496795654297,tket,FullPeepholeOptimise,2.18.0,default,ok,51,9,experiments/e20_multi_compiler_full/run.py,359d4060c67ca5d924d143122aab556b53579c5255965144a009fa0a7759908c,ec754f7e3892ee8ca405ace36ffa2cf3d8489863d2f83852f623de773dd94b1e,1c29c769144f94e13e3a392f195ebc1c6cfc77bad3bffa3aa293760f9e7c4679,
2.1.0,MC-E20,e20_full_20260807_074417,2026-08-07T07:50:38.068644+00:00,ghz_4,GHZ,4,4,4,0.0,0.0,4,4,0.0,3,3,0.0,3,3,0.0,0,0,0.0,0.9999999999999996,0.0,qiskit,transpiler,2.4.1,3,ok,51,9,experiments/e20_multi_compiler_full/run.py,359d4060c67ca5d924d143122aab556b53579c5255965144a009fa0a7759908c,632a65a86fd9bfab17ccedbd10b32b45490cc33030a23af0d675ad3e8ad7a445,632a65a86fd9bfab17ccedbd10b32b45490cc33030a23af0d675ad3e8ad7a445,
2.1.0,MC-E20,e20_full_20260807_074417,2026-08-07T07:50:38.099507+00:00,ghz_4,GHZ,4,4,11,-1.75,-175.0,4,7,-0.75,3,3,0.0,3,0,1.0,0,0,0.0,0.9999999999999988,0.015391349792480469,cirq,optimize_for_target_gateset+eject_z+merge_1q,1.6.1,default,ok,51,9,experiments/e20_multi_compiler_full/run.py,359d4060c67ca5d924d143122aab556b53579c5255965144a009fa0a7759908c,632a65a86fd9bfab17ccedbd10b32b45490cc33030a23af0d675ad3e8ad7a445,5ca7a53f4dbc7c75daa820a5c5948f68bebd5a9db5a6a058678c009a27a48441,
2.1.0,MC-E20,e20_full_20260807_074417,2026-08-07T07:50:38.159334+00:00,ghz_4,GHZ,4,4,4,0.0,0.0,4,4,0.0,3,3,0.0,3,3,0.0,0,0,0.0,1.0,0.05982780456542969,tket,FullPeepholeOptimise,2.18.0,default,ok,51,9,experiments/e20_multi_compiler_full/run.py,359d4060c67ca5d924d143122aab556b53579c5255965144a009fa0a7759908c,632a65a86fd9bfab17ccedbd10b32b45490cc33030a23af0d675ad3e8ad7a445,0ca2e20394ef52eecba8c72454ae73e952a311d06ff639876717b3ceaa156322,
2.1.0,MC-E20,e20_full_20260807_074417,2026-08-07T07:50:38.159334+00:00,cnot_chain_4,CNOT,4,24,0,1.0,100.0,18,0,1.0,24,0,1.0,24,0,1.0,0,0,0.0,1.0,0.0,qiskit,transpiler,2.4.1,3,ok,51,9,experiments/e20_multi_compiler_full/run.py,359d4060c67ca5d924d143122aab556b53579c5255965144a009fa0a7759908c,c15ccd1efbe0b71c21464e888a978afbe6b6cf006bd895873c7d9b8e51efbaf0,80cb67051feabb1a835727fede3367602f1e692e3ec9d1d7247266c73803bd7d,
2.1.0,MC-E20,e20_full_20260807_074417,2026-08-07T07:50:38.198778+00:00,cnot_chain_4,CNOT,4,24,0,1.0,100.0,18,0,1.0,24,0,1.0,24,0,1.0,0,0,0.0,,0.039443254470825195,cirq,optimize_for_target_gateset+eject_z+merge_1q,1.6.1,default,ok,51,9,experiments/e20_multi_compiler_full/run.py,359d4060c67ca5d924d143122aab556b53579c5255965144a009fa0a7759908c,c15ccd1efbe0b71c21464e888a978afbe6b6cf006bd895873c7d9b8e51efbaf0,6f8e18c5611960a199a59d79e4d4e52c427ac524f6c9f379d05c73dc41c9fc91,
2.1.0,MC-E20,e20_full_20260807_074417,2026-08-07T07:50:38.198778+00:00,cnot_chain_4,CNOT,4,24,0,1.0,100.0,18,0,1.0,24,0,1.0,24,0,1.0,0,0,0.0,1.0,0.0,tket,FullPeepholeOptimise,2.18.0,default,ok,51,9,experiments/e20_multi_compiler_full/run.py,359d4060c67ca5d924d143122aab556b53579c5255965144a009fa0a7759908c,c15ccd1efbe0b71c21464e888a978afbe6b6cf006bd895873c7d9b8e51efbaf0,80cb67051feabb1a835727fede3367602f1e692e3ec9d1d7247266c73803bd7d,
2.1.0,MC-E20,e20_full_20260807_074417,2026-08-07T07:50:38.204986+00:00,bv_4,Oracle,5,14,8,0.4285714285714286,42.85714285714286,6,4,0.33333333333333337,2,2,0.0,2,2,0.0,0,0,0.0,0.9999999999999979,0.006208658218383789,qiskit,transpiler,2.4.1,3,ok,51,9,experiments/e20_multi_compiler_full/run.py,359d4060c67ca5d924d143122aab556b53579c5255965144a009fa0a7759908c,4ae8943f799faae7e1b0ea35ba0735dacc8733ca21e488e404fc3b8431d95cd9,9a125b2a21e9122766877d69900711a381e4c69e2f6a4c9aa4a3e9c498c0eb2e,
2.1.0,MC-E20,e20_full_20260807_074417,2026-08-07T07:50:38.220469+00:00,bv_4,Oracle,5,14,9,0.3571428571428571,35.71428571428571,6,5,0.16666666666666663,2,2,0.0,2,0,1.0,0,0,0.0,,0.01548314094543457,cirq,optimize_for_target_gateset+eject_z+merge_1q,1.6.1,default,ok,51,9,experiments/e20_multi_compiler_full/run.py,359d4060c67ca5d924d143122aab556b53579c5255965144a009fa0a7759908c,4ae8943f799faae7e1b0ea35ba0735dacc8733ca21e488e404fc3b8431d95cd9,0982069dfcff4efe2118be2a3bd5bd2cbea87a03389b25d506a06184617e25ec,
2.1.0,MC-E20,e20_full_20260807_074417,2026-08-07T07:50:38.296730+00:00,bv_4,Oracle,5,14,8,0.4285714285714286,42.85714285714286,6,4,0.33333333333333337,2,2,0.0,2,2,0.0,0,0,0.0,0.9999999999999987,0.061026573181152344,tket,FullPeepholeOptimise,2.18.0,default,ok,51,9,experiments/e20_multi_compiler_full/run.py,359d4060c67ca5d924d143122aab556b53579c5255965144a009fa0a7759908c,4ae8943f799faae7e1b0ea35ba0735dacc8733ca21e488e404fc3b8431d95cd9,ef7f938976573d552cd7213153f64c96c7979aff2940ae8bf9f2ec9d50ed6ede,
2.1.0,MC-E20,e20_full_20260807_074417,2026-08-07T07:50:38.296730+00:00,qaoa_line_4,QAOA,4,30,30,0.0,0.0,18,18,0.0,12,12,0.0,12,12,0.0,0,0,0.0,1.0000000000000024,0.0,qiskit,transpiler,2.4.1,3,ok,51,9,experiments/e20_multi_compiler_full/run.py,359d4060c67ca5d924d143122aab556b53579c5255965144a009fa0a7759908c,00b0166b1a84ec009a69219becc629bd9e345346257babd87acde961d39c6c69,00b0166b1a84ec009a69219becc629bd9e345346257babd87acde961d39c6c69,
2.1.0,MC-E20,e20_full_20260807_074417,2026-08-07T07:50:38.456374+00:00,qaoa_line_4,QAOA,4,30,38,-0.2666666666666666,-26.66666666666666,18,22,-0.22222222222222232,12,12,0.0,12,0,1.0,0,0,0.0,1.0000000000000009,0.15964436531066895,cirq,optimize_for_target_gateset+eject_z+merge_1q,1.6.1,default,ok,51,9,experiments/e20_multi_compiler_full/run.py,359d4060c67ca5d924d143122aab556b53579c5255965144a009fa0a7759908c,00b0166b1a84ec009a69219becc629bd9e345346257babd87acde961d39c6c69,852df668779b565c3d88ef3596775253cd6b8ec69cd30f62a4d87c95afefb3a2,
2.1.0,MC-E20,e20_full_20260807_074417,2026-08-07T07:50:38.653911+00:00,qaoa_line_4,QAOA,4,30,28,0.06666666666666665,6.666666666666665,18,18,0.0,12,12,0.0,12,12,0.0,0,0,0.0,1.0000000000000024,0.19753694534301758,tket,FullPeepholeOptimise,2.18.0,default,ok,51,9,experiments/e20_multi_compiler_full/run.py,359d4060c67ca5d924d143122aab556b53579c5255965144a009fa0a7759908c,00b0166b1a84ec009a69219becc629bd9e345346257babd87acde961d39c6c69,2b1910083842cdb8fbcf2d7b753b007438eccc8c6c57ddb86691d464c4ae987c,
2.1.0,MC-E20,e20_full_20260807_074417,2026-08-07T07:50:38.669243+00:00,vqe_twolocal_4,VQE,4,30,18,0.4,40.0,11,8,0.2727272727272727,6,6,0.0,6,6,0.0,0,0,0.0,1.0,0.0,qiskit,transpiler,2.4.1,3,ok,51,9,experiments/e20_multi_compiler_full/run.py,359d4060c67ca5d924d143122aab556b53579c5255965144a009fa0a7759908c,285245a543ce3443a0713de4e6c53520a4c3302e0d2b3e44f2febee5fd6f52b9,02c44fc419e5626383098b6516ee544e5681a261d57561fedb2e68066a54a0f2,
2.1.0,MC-E20,e20_full_20260807_074417,2026-08-07T07:50:38.715345+00:00,vqe_twolocal_4,VQE,4,30,29,0.033333333333333326,3.3333333333333326,11,13,-0.18181818181818188,6,6,0.0,6,0,1.0,0,0,0.0,0.9999999999999996,0.04610252380371094,cirq,optimize_for_target_gateset+eject_z+merge_1q,1.6.1,default,ok,51,9,experiments/e20_multi_compiler_full/run.py,359d4060c67ca5d924d143122aab556b53579c5255965144a009fa0a7759908c,285245a543ce3443a0713de4e6c53520a4c3302e0d2b3e44f2febee5fd6f52b9,bc1d082a07bb0f91f93c9fa02fd96d5813f4d7286875cf9de9ec0761d47ecb70,
2.1.0,MC-E20,e20_full_20260807_074417,2026-08-07T07:50:38.913850+00:00,vqe_twolocal_4,VQE,4,30,18,0.4,40.0,11,8,0.2727272727272727,6,6,0.0,6,6,0.0,0,0,0.0,1.0,0.19850444793701172,tket,FullPeepholeOptimise,2.18.0,default,ok,51,9,experiments/e20_multi_compiler_full/run.py,359d4060c67ca5d924d143122aab556b53579c5255965144a009fa0a7759908c,285245a543ce3443a0713de4e6c53520a4c3302e0d2b3e44f2febee5fd6f52b9,5739cfeb9dc58340230153b136f0aaade2f8c408466500e5b23b0a5824ed7181,
2.1.0,MC-E20,e20_full_20260807_074417,2026-08-07T07:50:38.929006+00:00,hardware_eff_4,HardwareEfficient,4,22,14,0.36363636363636365,36.36363636363637,8,6,0.25,6,6,0.0,6,6,0.0,0,0,0.0,1.0,0.0,qiskit,transpiler,2.4.1,3,ok,51,9,experiments/e20_multi_compiler_full/run.py,359d4060c67ca5d924d143122aab556b53579c5255965144a009fa0a7759908c,f5a50bcdea11f566b325262913f071cd3eb6db484764aaa67dc8d51acc0cb642,1fb805740e663da14346045996385a19f0c1c2a2ada6a5b10a55f587d1e2bee3,
2.1.0,MC-E20,e20_full_20260807_074417,2026-08-07T07:50:38.974001+00:00,hardware_eff_4,HardwareEfficient,4,22,25,-0.13636363636363646,-13.636363636363647,8,10,-0.25,6,6,0.0,6,0,1.0,0,0,0.0,0.9999999999999988,0.044995784759521484,cirq,optimize_for_target_gateset+eject_z+merge_1q,1.6.1,default,ok,51,9,experiments/e20_multi_compiler_full/run.py,359d4060c67ca5d924d143122aab556b53579c5255965144a009fa0a7759908c,f5a50bcdea11f566b325262913f071cd3eb6db484764aaa67dc8d51acc0cb642,adb76d4d21f5bf1e21e891d9900c97188414b505ea1747d9d40005e384c5bb7e,
2.1.0,MC-E20,e20_full_20260807_074417,2026-08-07T07:50:39.143156+00:00,hardware_eff_4,HardwareEfficient,4,22,14,0.36363636363636365,36.36363636363637,8,6,0.25,6,6,0.0,6,6,0.0,0,0,0.0,0.9999999999999998,0.16915512084960938,tket,FullPeepholeOptimise,2.18.0,default,ok,51,9,experiments/e20_multi_compiler_full/run.py,359d4060c67ca5d924d143122aab556b53579c5255965144a009fa0a7759908c,f5a50bcdea11f566b325262913f071cd3eb6db484764aaa67dc8d51acc0cb642,75305843898cd8d2e9afc74265092674777b91abdfac8455cd547172d1144c58,
2.1.0,MC-E20,e20_full_20260807_074417,2026-08-07T07:50:39.160453+00:00,grover_4,Grover,4,30,62,-1.0666666666666669,-106.66666666666669,11,53,-3.8181818181818183,0,28,0.0,0,28,0.0,0,0,0.0,0.9999999999999941,0.0,qiskit,transpiler,2.4.1,3,ok,51,9,experiments/e20_multi_compiler_full/run.py,359d4060c67ca5d924d143122aab556b53579c5255965144a009fa0a7759908c,34e04aacbafa8fcfb32f8b060f8ca331651705b58bbf94899e6683415477a451,23bace1cda3286cc2e5d7b04c86fffee6f0741a093e536e8df69d8b57c49aabb,"Single Grover iteration, random marked state"
2.1.0,MC-E20,e20_full_20260807_074417,2026-08-07T07:50:39.310941+00:00,grover_4,Grover,4,30,70,-1.3333333333333335,-133.33333333333334,11,56,-4.090909090909091,0,28,0.0,0,0,0.0,0,0,0.0,0.9999999999999941,0.15048766136169434,cirq,optimize_for_target_gateset+eject_z+merge_1q,1.6.1,default,ok,51,9,experiments/e20_multi_compiler_full/run.py,359d4060c67ca5d924d143122aab556b53579c5255965144a009fa0a7759908c,34e04aacbafa8fcfb32f8b060f8ca331651705b58bbf94899e6683415477a451,1e612a618090921b4a1b0df7ea9feaf732b4ed58bc3e3c2b9d7408b76d12f950,"Single Grover iteration, random marked state"
2.1.0,MC-E20,e20_full_20260807_074417,2026-08-07T07:50:39.878207+00:00,grover_4,Grover,4,30,64,-1.1333333333333333,-113.33333333333333,11,55,-4.0,0,28,0.0,0,28,0.0,0,0,0.0,0.9999999999999967,0.5672667026519775,tket,FullPeepholeOptimise,2.18.0,default,ok,51,9,experiments/e20_multi_compiler_full/run.py,359d4060c67ca5d924d143122aab556b53579c5255965144a009fa0a7759908c,34e04aacbafa8fcfb32f8b060f8ca331651705b58bbf94899e6683415477a451,f7f18d0c779b25c3ea6bcf9c1b58945c0e87be8f0f78de0393a9bc1a1f7ea0ef,"Single Grover iteration, random marked state"
2.1.0,MC-E20,e20_full_20260807_074417,2026-08-07T07:50:39.886139+00:00,adder_4,Adder,4,5,5,0.0,0.0,5,5,0.0,2,2,0.0,2,2,0.0,0,0,0.0,1.0,0.0,qiskit,transpiler,2.4.1,3,ok,51,9,experiments/e20_multi_compiler_full/run.py,359d4060c67ca5d924d143122aab556b53579c5255965144a009fa0a7759908c,f1385dea23b197291382303ec5ddac0c2b35748e3eb579fdc7cf835943215c47,f1385dea23b197291382303ec5ddac0c2b35748e3eb579fdc7cf835943215c47,"Ripple-carry adder, random inputs"
2.1.0,MC-E20,e20_full_20260807_074417,2026-08-07T07:50:40.017521+00:00,adder_4,Adder,4,5,80,-15.0,-1500.0,5,52,-9.4,2,26,-12.0,2,0,1.0,0,2,0.0,0.9999999999999964,0.13138151168823242,cirq,optimize_for_target_gateset+eject_z+merge_1q,1.6.1,default,ok,51,9,experiments/e20_multi_compiler_full/run.py,359d4060c67ca5d924d143122aab556b53579c5255965144a009fa0a7759908c,f1385dea23b197291382303ec5ddac0c2b35748e3eb579fdc7cf835943215c47,b94e94597b822108f1be49da27cda3fe151af926575f691d3ecdc7af2e3ff2a1,"Ripple-carry adder, random inputs"
2.1.0,MC-E20,e20_full_20260807_074417,2026-08-07T07:50:40.237440+00:00,adder_4,Adder,4,5,38,-6.6,-660.0,5,29,-4.8,2,18,-8.0,2,18,-8.0,0,0,0.0,1.0000000000000009,0.21991944313049316,tket,FullPeepholeOptimise,2.18.0,default,ok,51,9,experiments/e20_multi_compiler_full/run.py,359d4060c67ca5d924d143122aab556b53579c5255965144a009fa0a7759908c,f1385dea23b197291382303ec5ddac0c2b35748e3eb579fdc7cf835943215c47,5b1b261b21fc8e50a55f46a82af1e4fae9bedae445b292f4ea4a1bc615944d8a,"Ripple-carry adder, random inputs"
2.1.0,MC-E20,e20_full_20260807_074417,2026-08-07T07:50:40.318215+00:00,qwalk_4,QuantumWalk,5,58,453,-6.810344827586207,-681.0344827586207,35,387,-10.057142857142857,6,252,-41.0,6,198,-32.0,0,36,0.0,0.99999999999995,0.015293598175048828,qiskit,transpiler,2.4.1,3,ok,51,9,experiments/e20_multi_compiler_full/run.py,359d4060c67ca5d924d143122aab556b53579c5255965144a009fa0a7759908c,750d7196d76329d36ba977e3481f182765e9382edf9e10d98e0451efbca3cd73,3ce47aee3a81fca9f9cc51fa0f5b43b28d4c5073c0d636f11be4b83fc4e2f75a,"DTQW on cycle, 3 steps"
2.1.0,MC-E20,e20_full_20260807_074417,2026-08-07T07:50:41.884524+00:00,qwalk_4,QuantumWalk,5,58,824,-13.206896551724139,-1320.689655172414,35,638,-17.228571428571428,6,354,-58.0,6,0,1.0,0,0,0.0,0.9999999999999457,1.4850192070007324,cirq,optimize_for_target_gateset+eject_z+merge_1q,1.6.1,default,ok,51,9,experiments/e20_multi_compiler_full/run.py,359d4060c67ca5d924d143122aab556b53579c5255965144a009fa0a7759908c,750d7196d76329d36ba977e3481f182765e9382edf9e10d98e0451efbca3cd73,a6be2451edbbee8e800f8bbbc399487b5ac91daff63adec2e6cae7cd6b9a8efd,"DTQW on cycle, 3 steps"
2.1.0,MC-E20,e20_full_20260807_074417,2026-08-07T07:50:47.539164+00:00,qwalk_4,QuantumWalk,5,58,686,-10.827586206896552,-1082.7586206896551,35,534,-14.257142857142858,6,330,-54.0,6,330,-54.0,0,0,0.0,0.9999999999999711,5.578007459640503,tket,FullPeepholeOptimise,2.18.0,default,ok,51,9,experiments/e20_multi_compiler_full/run.py,359d4060c67ca5d924d143122aab556b53579c5255965144a009fa0a7759908c,750d7196d76329d36ba977e3481f182765e9382edf9e10d98e0451efbca3cd73,e406b367bfb9c8b6b33df433c9ac23a7763b44aa12937486238a509e03103ae0,"DTQW on cycle, 3 steps"
2.1.0,MC-E20,e20_full_20260807_074417,2026-08-07T07:50:47.558540+00:00,iqp_4,IQP,4,21,9,0.5714285714285714,57.14285714285714,8,4,0.5,4,2,0.5,0,0,0.0,0,0,0.0,0.9999999999999983,0.019376039505004883,qiskit,transpiler,2.4.1,3,ok,51,9,experiments/e20_multi_compiler_full/run.py,359d4060c67ca5d924d143122aab556b53579c5255965144a009fa0a7759908c,0626d435df9e03fc62b3e4efe090477853be4e4251123914773b70b370d8b867,cd8967fd180f0591c1f7edcb291f19104fec62e4ebbc942bfd5b208d7f2d3ce6,"IQP circuit, 3 diagonal layers"
2.1.0,MC-E20,e20_full_20260807_074417,2026-08-07T07:50:47.586767+00:00,iqp_4,IQP,4,21,11,0.47619047619047616,47.61904761904761,8,5,0.375,4,2,0.5,0,0,0.0,0,1,0.0,0.9999999999999983,0.028227806091308594,cirq,optimize_for_target_gateset+eject_z+merge_1q,1.6.1,default,ok,51,9,experiments/e20_multi_compiler_full/run.py,359d4060c67ca5d924d143122aab556b53579c5255965144a009fa0a7759908c,0626d435df9e03fc62b3e4efe090477853be4e4251123914773b70b370d8b867,5391fbc6ceed6b597b061bae8ab7ce2a3f403c74dd281b601c5caf523dfc81d9,"IQP circuit, 3 diagonal layers"
2.1.0,MC-E20,e20_full_20260807_074417,2026-08-07T07:50:47.671514+00:00,iqp_4,IQP,4,21,9,0.5714285714285714,57.14285714285714,8,5,0.375,4,2,0.5,0,2,0.0,0,0,0.0,0.9999999999999996,0.0847463607788086,tket,FullPeepholeOptimise,2.18.0,default,ok,51,9,experiments/e20_multi_compiler_full/run.py,359d4060c67ca5d924d143122aab556b53579c5255965144a009fa0a7759908c,0626d435df9e03fc62b3e4efe090477853be4e4251123914773b70b370d8b867,1c503265b81a7d3f720dc35d8df4e8a777b0b7052f9886e96b8f38577091dcab,"IQP circuit, 3 diagonal layers"
2.1.0,MC-E20,e20_full_20260807_074417,2026-08-07T07:50:47.686233+00:00,clifford_4,RandomClifford,4,28,5,0.8214285714285714,82.14285714285714,10,3,0.7,3,1,0.6666666666666667,3,1,0.6666666666666667,14,1,0.9285714285714286,0.9999999999999979,0.014719486236572266,qiskit,transpiler,2.4.1,3,ok,51,9,experiments/e20_multi_compiler_full/run.py,359d4060c67ca5d924d143122aab556b53579c5255965144a009fa0a7759908c,b1bc277d5207ccf94e6c199a5efc542786c0232d2fdfc4fd47c640daccab2047,a4d67521b66859c9612ef578bf4a36c9a2ff1b5be68ce4898ee8a439234fcc82,"Random Clifford, depth=10"
2.1.0,MC-E20,e20_full_20260807_074417,2026-08-07T07:50:47.709400+00:00,clifford_4,RandomClifford,4,28,6,0.7857142857142857,78.57142857142857,10,4,0.6,3,1,0.6666666666666667,3,0,1.0,14,0,1.0,,0.023167133331298828,cirq,optimize_for_target_gateset+eject_z+merge_1q,1.6.1,default,ok,51,9,experiments/e20_multi_compiler_full/run.py,359d4060c67ca5d924d143122aab556b53579c5255965144a009fa0a7759908c,b1bc277d5207ccf94e6c199a5efc542786c0232d2fdfc4fd47c640daccab2047,3c656c5b5e69d4eed7ea460e76d9ffd94f22725695e222fadffc2fb5abaa2305,"Random Clifford, depth=10"
2.1.0,MC-E20,e20_full_20260807_074417,2026-08-07T07:50:47.743029+00:00,clifford_4,RandomClifford,4,28,6,0.7857142857142857,78.57142857142857,10,3,0.7,3,1,0.6666666666666667,3,1,0.6666666666666667,14,0,1.0,0.9999999999999983,0.03362917900085449,tket,FullPeepholeOptimise,2.18.0,default,ok,51,9,experiments/e20_multi_compiler_full/run.py,359d4060c67ca5d924d143122aab556b53579c5255965144a009fa0a7759908c,b1bc277d5207ccf94e6c199a5efc542786c0232d2fdfc4fd47c640daccab2047,eb9d161f443229502e6a7ff9cdcdcf98eaeea30a7e27a1627c1cdb539a93af8f,"Random Clifford, depth=10"
2.1.0,MC-E20,e20_full_20260807_074417,2026-08-07T07:50:47.743029+00:00,surface_code_4,SurfaceCode,5,6,6,0.0,0.0,6,6,0.0,4,4,0.0,4,4,0.0,0,0,0.0,0.9999999999999996,0.0,qiskit,transpiler,2.4.1,3,ok,51,9,experiments/e20_multi_compiler_full/run.py,359d4060c67ca5d924d143122aab556b53579c5255965144a009fa0a7759908c,98123c419282ef8d7ead755526545f8d1b8e6129c506a92b5eb114e588eb0ab3,98123c419282ef8d7ead755526545f8d1b8e6129c506a92b5eb114e588eb0ab3,X-stabilizer syndrome extraction
2.1.0,MC-E20,e20_full_20260807_074417,2026-08-07T07:50:47.768335+00:00,surface_code_4,SurfaceCode,5,6,4,0.33333333333333337,33.333333333333336,6,4,0.33333333333333337,4,4,0.0,4,0,1.0,0,0,0.0,0.9999999999999998,0.02530503273010254,cirq,optimize_for_target_gateset+eject_z+merge_1q,1.6.1,default,ok,51,9,experiments/e20_multi_compiler_full/run.py,359d4060c67ca5d924d143122aab556b53579c5255965144a009fa0a7759908c,98123c419282ef8d7ead755526545f8d1b8e6129c506a92b5eb114e588eb0ab3,f58dc508f68aced6330b1d402c7b486bc7ad139ae24dd5136a11f162aafe1d5a,X-stabilizer syndrome extraction
2.1.0,MC-E20,e20_full_20260807_074417,2026-08-07T07:50:47.875499+00:00,surface_code_4,SurfaceCode,5,6,6,0.0,0.0,6,6,0.0,4,4,0.0,4,4,0.0,0,0,0.0,1.0,0.10716462135314941,tket,FullPeepholeOptimise,2.18.0,default,ok,51,9,experiments/e20_multi_compiler_full/run.py,359d4060c67ca5d924d143122aab556b53579c5255965144a009fa0a7759908c,98123c419282ef8d7ead755526545f8d1b8e6129c506a92b5eb114e588eb0ab3,e694cc95c19205cba6e40e73a6bfb0e277a3503f412895d9b4fc596b1716e5a2,X-stabilizer syndrome extraction
2.1.0,MC-E20,e20_full_20260807_074417,2026-08-07T07:50:47.875499+00:00,uccsd_4,UCCSD_inspired,4,28,22,0.2142857142857143,21.42857142857143,16,15,0.0625,14,10,0.2857142857142857,14,10,0.2857142857142857,0,0,0.0,0.9999999999999988,0.0,qiskit,transpiler,2.4.1,3,ok,51,9,experiments/e20_multi_compiler_full/run.py,359d4060c67ca5d924d143122aab556b53579c5255965144a009fa0a7759908c,3fb90f324443ad41d64e1a9c54e975bd9170fcbedf57fd1a660309a2033ea0a8,06079865a9c92773fb5a817d6a98834cb1321e3d371c7095ae708b3ba68e1d79,Parameterized ansatz INSPIRED BY (not true) UCCSD; see make_parameterized_ansatz docstring. Renamed from 'UCCSD' to 'UCCSD_inspired' per review L3 to avoid false claim.
2.1.0,MC-E20,e20_full_20260807_074417,2026-08-07T07:50:47.952327+00:00,uccsd_4,UCCSD_inspired,4,28,35,-0.25,-25.0,16,21,-0.3125,14,14,0.0,14,0,1.0,0,1,0.0,0.9999999999999981,0.0768280029296875,cirq,optimize_for_target_gateset+eject_z+merge_1q,1.6.1,default,ok,51,9,experiments/e20_multi_compiler_full/run.py,359d4060c67ca5d924d143122aab556b53579c5255965144a009fa0a7759908c,3fb90f324443ad41d64e1a9c54e975bd9170fcbedf57fd1a660309a2033ea0a8,35b6fb7d54b8b43f1b6160b53b2b00bd6f3e50d79c57baabeaaf35098200e6f9,Parameterized ansatz INSPIRED BY (not true) UCCSD; see make_parameterized_ansatz docstring. Renamed from 'UCCSD' to 'UCCSD_inspired' per review L3 to avoid false claim.
2.1.0,MC-E20,e20_full_20260807_074417,2026-08-07T07:50:48.226175+00:00,uccsd_4,UCCSD_inspired,4,28,22,0.2142857142857143,21.42857142857143,16,15,0.0625,14,10,0.2857142857142857,14,10,0.2857142857142857,0,0,0.0,0.9999999999999993,0.25856804847717285,tket,FullPeepholeOptimise,2.18.0,default,ok,51,9,experiments/e20_multi_compiler_full/run.py,359d4060c67ca5d924d143122aab556b53579c5255965144a009fa0a7759908c,3fb90f324443ad41d64e1a9c54e975bd9170fcbedf57fd1a660309a2033ea0a8,bfe0adf7db26e170f65387c7ba5272ecf941b9777758bf31a7fb13d63bf9cf34,Parameterized ansatz INSPIRED BY (not true) UCCSD; see make_parameterized_ansatz docstring. Renamed from 'UCCSD' to 'UCCSD_inspired' per review L3 to avoid false claim.
2.1.0,MC-E20,e20_full_20260807_074417,2026-08-07T07:50:48.241241+00:00,qft_6,QFT,6,21,21,0.0,0.0,11,11,0.0,15,15,0.0,0,0,0.0,0,0,0.0,0.9999999999999996,0.0,qiskit,transpiler,2.4.1,3,ok,51,9,experiments/e20_multi_compiler_full/run.py,359d4060c67ca5d924d143122aab556b53579c5255965144a009fa0a7759908c,e761adf8efeac5c21762208c08429dd4686d16eb4cbc1582e6d4ebc809852f66,ce325feb7eafc0f7673a16bbc3b51544984abb6d137b6ba7752bea283600c12b,
2.1.0,MC-E20,e20_full_20260807_074417,2026-08-07T07:50:48.352297+00:00,qft_6,QFT,6,21,76,-2.619047619047619,-261.9047619047619,11,34,-2.090909090909091,15,30,-1.0,0,0,0.0,0,0,0.0,0.9999999999999976,0.09192824363708496,cirq,optimize_for_target_gateset+eject_z+merge_1q,1.6.1,default,ok,51,9,experiments/e20_multi_compiler_full/run.py,359d4060c67ca5d924d143122aab556b53579c5255965144a009fa0a7759908c,e761adf8efeac5c21762208c08429dd4686d16eb4cbc1582e6d4ebc809852f66,aa7317ad49e1ba6539551cea6f3f914671dec96f4f4e8bc50ade316d1bb9da09,
2.1.0,MC-E20,e20_full_20260807_074417,2026-08-07T07:50:48.831848+00:00,qft_6,QFT,6,21,71,-2.380952380952381,-238.0952380952381,11,33,-2.0,15,30,-1.0,0,30,0.0,0,0,0.0,1.0,0.465162992477417,tket,FullPeepholeOptimise,2.18.0,default,ok,51,9,experiments/e20_multi_compiler_full/run.py,359d4060c67ca5d924d143122aab556b53579c5255965144a009fa0a7759908c,e761adf8efeac5c21762208c08429dd4686d16eb4cbc1582e6d4ebc809852f66,1e4c9ed3e36094a6271070b1f1ab2b30e856264476b0c22125357dc3af1d9cc7,
2.1.0,MC-E20,e20_full_20260807_074417,2026-08-07T07:50:48.832853+00:00,ghz_6,GHZ,6,6,6,0.0,0.0,6,6,0.0,5,5,0.0,5,5,0.0,0,0,0.0,0.9999999999999998,0.0,qiskit,transpiler,2.4.1,3,ok,51,9,experiments/e20_multi_compiler_full/run.py,359d4060c67ca5d924d143122aab556b53579c5255965144a009fa0a7759908c,df499dded1e0518f2f6266b9f0e35d3c81e6057b5ba6e6decbb0f26370e5bb03,df499dded1e0518f2f6266b9f0e35d3c81e6057b5ba6e6decbb0f26370e5bb03,
2.1.0,MC-E20,e20_full_20260807_074417,2026-08-07T07:50:48.869958+00:00,ghz_6,GHZ,6,6,17,-1.8333333333333335,-183.33333333333334,6,11,-0.8333333333333333,5,5,0.0,5,0,1.0,0,0,0.0,0.9999999999999973,0.03710532188415527,cirq,optimize_for_target_gateset+eject_z+merge_1q,1.6.1,default,ok,51,9,experiments/e20_multi_compiler_full/run.py,359d4060c67ca5d924d143122aab556b53579c5255965144a009fa0a7759908c,df499dded1e0518f2f6266b9f0e35d3c81e6057b5ba6e6decbb0f26370e5bb03,c50c1659240f976169f89857782a0a444ef9d6f07ecfed87fa6ae5bbbec4d547,
2.1.0,MC-E20,e20_full_20260807_074417,2026-08-07T07:50:48.981782+00:00,ghz_6,GHZ,6,6,6,0.0,0.0,6,6,0.0,5,5,0.0,5,5,0.0,0,0,0.0,1.0,0.10945510864257812,tket,FullPeepholeOptimise,2.18.0,default,ok,51,9,experiments/e20_multi_compiler_full/run.py,359d4060c67ca5d924d143122aab556b53579c5255965144a009fa0a7759908c,df499dded1e0518f2f6266b9f0e35d3c81e6057b5ba6e6decbb0f26370e5bb03,f5606110b4c9de2d9c41d6892ae7b8cd5a5d8a4dec34af69160c119d936ae28b,
2.1.0,MC-E20,e20_full_20260807_074417,2026-08-07T07:50:48.985225+00:00,cnot_chain_6,CNOT,6,40,0,1.0,100.0,22,0,1.0,40,0,1.0,40,0,1.0,0,0,0.0,1.0,0.0034432411193847656,qiskit,transpiler,2.4.1,3,ok,51,9,experiments/e20_multi_compiler_full/run.py,359d4060c67ca5d924d143122aab556b53579c5255965144a009fa0a7759908c,a9cbe813352eb8bbddbb6de7feecde853f066b5cf29e96a7a2f84a6cd354761a,995ca4ef9eaba10dd58f1ab322947f30c40e0f095185660849ca98aed2848347,
2.1.0,MC-E20,e20_full_20260807_074417,2026-08-07T07:50:49.015990+00:00,cnot_chain_6,CNOT,6,40,0,1.0,100.0,22,0,1.0,40,0,1.0,40,0,1.0,0,0,0.0,,0.03076481819152832,cirq,optimize_for_target_gateset+eject_z+merge_1q,1.6.1,default,ok,51,9,experiments/e20_multi_compiler_full/run.py,359d4060c67ca5d924d143122aab556b53579c5255965144a009fa0a7759908c,a9cbe813352eb8bbddbb6de7feecde853f066b5cf29e96a7a2f84a6cd354761a,6f8e18c5611960a199a59d79e4d4e52c427ac524f6c9f379d05c73dc41c9fc91,
2.1.0,MC-E20,e20_full_20260807_074417,2026-08-07T07:50:49.031105+00:00,cnot_chain_6,CNOT,6,40,0,1.0,100.0,22,0,1.0,40,0,1.0,40,0,1.0,0,0,0.0,1.0,0.015114545822143555,tket,FullPeepholeOptimise,2.18.0,default,ok,51,9,experiments/e20_multi_compiler_full/run.py,359d4060c67ca5d924d143122aab556b53579c5255965144a009fa0a7759908c,a9cbe813352eb8bbddbb6de7feecde853f066b5cf29e96a7a2f84a6cd354761a,995ca4ef9eaba10dd58f1ab322947f30c40e0f095185660849ca98aed2848347,
2.1.0,MC-E20,e20_full_20260807_074417,2026-08-07T07:50:49.046280+00:00,bv_6,Oracle,7,19,11,0.42105263157894735,42.10526315789473,7,5,0.2857142857142857,3,3,0.0,3,3,0.0,0,0,0.0,0.9999999999999964,0.0,qiskit,transpiler,2.4.1,3,ok,51,9,experiments/e20_multi_compiler_full/run.py,359d4060c67ca5d924d143122aab556b53579c5255965144a009fa0a7759908c,61d3db47e8911d09113836e2645ad5fbe743f150b60e6a449be8aae024ac9d02,10d31e1a36cd2d5627ef4d8addf4c70e5f3366c7cd40228d2940853aa54f5755,
2.1.0,MC-E20,e20_full_20260807_074417,2026-08-07T07:50:49.077923+00:00,bv_6,Oracle,7,19,13,0.3157894736842105,31.57894736842105,7,6,0.1428571428571429,3,3,0.0,3,0,1.0,0,0,0.0,,0.03164243698120117,cirq,optimize_for_target_gateset+eject_z+merge_1q,1.6.1,default,ok,51,9,experiments/e20_multi_compiler_full/run.py,359d4060c67ca5d924d143122aab556b53579c5255965144a009fa0a7759908c,61d3db47e8911d09113836e2645ad5fbe743f150b60e6a449be8aae024ac9d02,2c9990377a734b4f3331bbfe3e6ebd8c533fb2e71fc0a4656edfd77fd2840040,
2.1.0,MC-E20,e20_full_20260807_074417,2026-08-07T07:50:49.092030+00:00,qaoa_line_6,QAOA,6,48,48,0.0,0.0,24,24,0.0,20,20,0.0,20,20,0.0,0,0,0.0,1.0000000000000018,0.0,qiskit,transpiler,2.4.1,3,ok,51,9,experiments/e20_multi_compiler_full/run.py,359d4060c67ca5d924d143122aab556b53579c5255965144a009fa0a7759908c,41cd5667fe2880c0263c1298cd2f0bbea17a9caf8b8a48f7ecceb872fea8018b,41cd5667fe2880c0263c1298cd2f0bbea17a9caf8b8a48f7ecceb872fea8018b,
2.1.0,MC-E20,e20_full_20260807_074417,2026-08-07T07:50:49.198760+00:00,qaoa_line_6,QAOA,6,48,65,-0.35416666666666674,-35.41666666666667,24,32,-0.33333333333333326,20,20,0.0,20,0,1.0,0,0,0.0,0.9999999999999991,0.09661579132080078,cirq,optimize_for_target_gateset+eject_z+merge_1q,1.6.1,default,ok,51,9,experiments/e20_multi_compiler_full/run.py,359d4060c67ca5d924d143122aab556b53579c5255965144a009fa0a7759908c,41cd5667fe2880c0263c1298cd2f0bbea17a9caf8b8a48f7ecceb872fea8018b,f38a81aaef1901ed1774ff773500ece0adb101682601f4c43cc691dedcbc7312,
2.1.0,MC-E20,e20_full_20260807_074417,2026-08-07T07:50:49.566267+00:00,qaoa_line_6,QAOA,6,48,46,0.04166666666666663,4.1666666666666625,24,24,0.0,20,20,0.0,20,20,0.0,0,0,0.0,1.0000000000000027,0.35214924812316895,tket,FullPeepholeOptimise,2.18.0,default,ok,51,9,experiments/e20_multi_compiler_full/run.py,359d4060c67ca5d924d143122aab556b53579c5255965144a009fa0a7759908c,41cd5667fe2880c0263c1298cd2f0bbea17a9caf8b8a48f7ecceb872fea8018b,b7361459af3578049599e72474cdf8d47afd221e899a678fe083bccb9879f5f9,
2.1.0,MC-E20,e20_full_20260807_074417,2026-08-07T07:50:49.589425+00:00,vqe_twolocal_6,VQE,6,46,28,0.3913043478260869,39.13043478260869,13,10,0.23076923076923073,10,10,0.0,10,10,0.0,0,0,0.0,1.0,0.014817237854003906,qiskit,transpiler,2.4.1,3,ok,51,9,experiments/e20_multi_compiler_full/run.py,359d4060c67ca5d924d143122aab556b53579c5255965144a009fa0a7759908c,fefebd29a441574960c3b08ec0d5711a88d388e4087ac4ac51fdb26eb5432fd0,e5bf922579db969f9d0ee6409e9524d1ba4dfd70e91cc0fc44a593c8f9829c80,
2.1.0,MC-E20,e20_full_20260807_074417,2026-08-07T07:50:49.680372+00:00,vqe_twolocal_6,VQE,6,46,47,-0.021739130434782705,-2.1739130434782705,13,17,-0.3076923076923077,10,10,0.0,10,0,1.0,0,0,0.0,0.9999999999999987,0.0689845085144043,cirq,optimize_for_target_gateset+eject_z+merge_1q,1.6.1,default,ok,51,9,experiments/e20_multi_compiler_full/run.py,359d4060c67ca5d924d143122aab556b53579c5255965144a009fa0a7759908c,fefebd29a441574960c3b08ec0d5711a88d388e4087ac4ac51fdb26eb5432fd0,8ca0ca509f19398fca75f31e20b0826f7b8c52b89d58838016b72709cea88a76,
2.1.0,MC-E20,e20_full_20260807_074417,2026-08-07T07:50:49.997482+00:00,vqe_twolocal_6,VQE,6,46,28,0.3913043478260869,39.13043478260869,13,10,0.23076923076923073,10,10,0.0,10,10,0.0,0,0,0.0,1.0,0.317110538482666,tket,FullPeepholeOptimise,2.18.0,default,ok,51,9,experiments/e20_multi_compiler_full/run.py,359d4060c67ca5d924d143122aab556b53579c5255965144a009fa0a7759908c,fefebd29a441574960c3b08ec0d5711a88d388e4087ac4ac51fdb26eb5432fd0,e637947b5e5da817c54b86872f2cd946c788c8dc44ee61ab473af33b0ad32fa4,
2.1.0,MC-E20,e20_full_20260807_074417,2026-08-07T07:50:50.009817+00:00,hardware_eff_6,HardwareEfficient,6,34,22,0.3529411764705882,35.29411764705882,8,6,0.25,10,10,0.0,10,10,0.0,0,0,0.0,1.0,0.012334585189819336,qiskit,transpiler,2.4.1,3,ok,51,9,experiments/e20_multi_compiler_full/run.py,359d4060c67ca5d924d143122aab556b53579c5255965144a009fa0a7759908c,9c0ec2a621d2c103e94b000ad019bcce86501af7c1389496312bee0d15659ac7,7173244a5925f0f80f617bfa7f85ab0f4b97408d9d5a873f812e4300d952572a,
2.1.0,MC-E20,e20_full_20260807_074417,2026-08-07T07:50:50.086741+00:00,hardware_eff_6,HardwareEfficient,6,34,40,-0.17647058823529416,-17.647058823529417,8,10,-0.25,10,10,0.0,10,0,1.0,0,0,0.0,0.9999999999999984,0.07692360877990723,cirq,optimize_for_target_gateset+eject_z+merge_1q,1.6.1,default,ok,51,9,experiments/e20_multi_compiler_full/run.py,359d4060c67ca5d924d143122aab556b53579c5255965144a009fa0a7759908c,9c0ec2a621d2c103e94b000ad019bcce86501af7c1389496312bee0d15659ac7,cfcc64bd53b716375ae7470a19641e5525cd1976514ac95429a6575579187944,
2.1.0,MC-E20,e20_full_20260807_074417,2026-08-07T07:50:50.380460+00:00,hardware_eff_6,HardwareEfficient,6,34,22,0.3529411764705882,35.29411764705882,8,6,0.25,10,10,0.0,10,10,0.0,0,0,0.0,1.0,0.2881176471710205,tket,FullPeepholeOptimise,2.18.0,default,ok,51,9,experiments/e20_multi_compiler_full/run.py,359d4060c67ca5d924d143122aab556b53579c5255965144a009fa0a7759908c,9c0ec2a621d2c103e94b000ad019bcce86501af7c1389496312bee0d15659ac7,929d0ea03c72653d0bd1921f17d15f148eacb923fefdec686adae0e74dd9e855,
2.1.0,MC-E20,e20_full_20260807_074417,2026-08-07T07:50:50.457916+00:00,grover_6,Grover,6,44,20,0.5454545454545454,54.54545454545454,13,5,0.6153846153846154,0,0,0.0,0,0,0.0,0,0,0.0,0.9999999999999585,0.0,qiskit,transpiler,2.4.1,3,ok,51,9,experiments/e20_multi_compiler_full/run.py,359d4060c67ca5d924d143122aab556b53579c5255965144a009fa0a7759908c,23eb9abdea0c736cbb845fae404efd5d35914c61000600745dba6df779680ff1,097fd10ac204425754d89819719afbc5d26f2fa8f4b754a2676c46731abf5197,"Single Grover iteration, random marked state"
2.1.0,MC-E20,e20_full_20260807_074417,2026-08-07T07:50:51.379183+00:00,grover_6,Grover,6,44,399,-8.068181818181818,-806.8181818181819,13,283,-20.76923076923077,0,166,0.0,0,0,0.0,0,1,0.0,0.9999999999999655,0.844785213470459,cirq,optimize_for_target_gateset+eject_z+merge_1q,1.6.1,default,ok,51,9,experiments/e20_multi_compiler_full/run.py,359d4060c67ca5d924d143122aab556b53579c5255965144a009fa0a7759908c,23eb9abdea0c736cbb845fae404efd5d35914c61000600745dba6df779680ff1,114a57efe3e86d1f8bbcf0e0213780279b707904ad0328bb3838ed384017b3b8,"Single Grover iteration, random marked state"
2.1.0,MC-E20,e20_full_20260807_074417,2026-08-07T07:50:53.849720+00:00,grover_6,Grover,6,44,344,-6.818181818181818,-681.8181818181819,13,233,-16.923076923076923,0,160,0.0,0,160,0.0,0,0,0.0,0.9999999999999817,2.3938634395599365,tket,FullPeepholeOptimise,2.18.0,default,ok,51,9,experiments/e20_multi_compiler_full/run.py,359d4060c67ca5d924d143122aab556b53579c5255965144a009fa0a7759908c,23eb9abdea0c736cbb845fae404efd5d35914c61000600745dba6df779680ff1,75404d74d4db3ebaca129183f7cbf41ef6fe68167c33ef2f0ab541640ff19e4b,"Single Grover iteration, random marked state"
2.1.0,MC-E20,e20_full_20260807_074417,2026-08-07T07:50:53.864838+00:00,adder_6,Adder,7,12,12,0.0,0.0,7,7,0.0,4,4,0.0,4,4,0.0,0,0,0.0,1.0,0.0,qiskit,transpiler,2.4.1,3,ok,51,9,experiments/e20_multi_compiler_full/run.py,359d4060c67ca5d924d143122aab556b53579c5255965144a009fa0a7759908c,84fde07bd40be8d7a95d24cc510e9db8ab0d019aaad3c30a43907f561b19ebb6,1d990539804c1ba4a6b3990592e23ff573274fc0760634336221dde3b21bda97,"Ripple-carry adder, random inputs"
2.1.0,MC-E20,e20_full_20260807_074417,2026-08-07T07:50:54.143130+00:00,adder_6,Adder,7,12,159,-12.25,-1225.0,7,83,-10.857142857142858,4,52,-12.0,4,0,1.0,0,2,0.0,0.9999999999999919,0.23244905471801758,cirq,optimize_for_target_gateset+eject_z+merge_1q,1.6.1,default,ok,51,9,experiments/e20_multi_compiler_full/run.py,359d4060c67ca5d924d143122aab556b53579c5255965144a009fa0a7759908c,84fde07bd40be8d7a95d24cc510e9db8ab0d019aaad3c30a43907f561b19ebb6,378a75906a5f311e7014e64bded4c8044c524df2ab62abf6f7c5da180a731ec9,"Ripple-carry adder, random inputs"
2.1.0,MC-E20,e20_full_20260807_074417,2026-08-07T07:50:55.335135+00:00,qwalk_6,QuantumWalk,7,82,2300,-27.048780487804876,-2704.8780487804875,47,1695,-35.06382978723404,6,990,-164.0,6,990,-164.0,0,305,0.0,0.9999999999997854,0.03087782859802246,qiskit,transpiler,2.4.1,3,ok,51,9,experiments/e20_multi_compiler_full/run.py,359d4060c67ca5d924d143122aab556b53579c5255965144a009fa0a7759908c,a8abf5188e976a9c6f6dd31e50b0b93fba4ce665e6d353ceee2ce946366163fc,1bf9aad2da26a79760ad45adb61ab672a4ccd7f9db37d505a6ff80fa0641188b,"DTQW on cycle, 3 steps"
2.1.0,MC-E20,e20_full_20260807_074417,2026-08-07T07:51:04.456430+00:00,qwalk_6,QuantumWalk,7,82,3879,-46.30487804878049,-4630.487804878048,47,2690,-56.234042553191486,6,1678,-278.6666666666667,6,0,1.0,0,8,0.0,0.9999999999997317,7.728775262832642,cirq,optimize_for_target_gateset+eject_z+merge_1q,1.6.1,default,ok,51,9,experiments/e20_multi_compiler_full/run.py,359d4060c67ca5d924d143122aab556b53579c5255965144a009fa0a7759908c,a8abf5188e976a9c6f6dd31e50b0b93fba4ce665e6d353ceee2ce946366163fc,a8ad5b7f35da0c526601be76bd73dee4a5a9460c9162e6a29129d878589d6154,"DTQW on cycle, 3 steps"
2.1.0,MC-E20,e20_full_20260807_074417,2026-08-07T07:51:04.471542+00:00,iqp_6,IQP,6,35,17,0.5142857142857142,51.42857142857142,10,6,0.4,7,5,0.2857142857142857,0,0,0.0,0,0,0.0,0.9999999999999964,0.0,qiskit,transpiler,2.4.1,3,ok,51,9,experiments/e20_multi_compiler_full/run.py,359d4060c67ca5d924d143122aab556b53579c5255965144a009fa0a7759908c,f608568e4bf8400a5ab2d41e584dd24f24ada0004e33ea51f5b9a9ed94cacbef,86dd7ad25eb7866b632040c578eedecae481377a0f1886e5b53dd3c89d6ef6c7,"IQP circuit, 3 diagonal layers"
2.1.0,MC-E20,e20_full_20260807_074417,2026-08-07T07:51:04.517296+00:00,iqp_6,IQP,6,35,22,0.37142857142857144,37.142857142857146,10,6,0.4,7,5,0.2857142857142857,0,0,0.0,0,3,0.0,0.9999999999999964,0.04575371742248535,cirq,optimize_for_target_gateset+eject_z+merge_1q,1.6.1,default,ok,51,9,experiments/e20_multi_compiler_full/run.py,359d4060c67ca5d924d143122aab556b53579c5255965144a009fa0a7759908c,f608568e4bf8400a5ab2d41e584dd24f24ada0004e33ea51f5b9a9ed94cacbef,2396c163577f55e3c614885d8ede157dc90b2ec2dac8b1576742a0888b2f5d20,"IQP circuit, 3 diagonal layers"
2.1.0,MC-E20,e20_full_20260807_074417,2026-08-07T07:51:04.702870+00:00,iqp_6,IQP,6,35,18,0.48571428571428577,48.57142857142858,10,7,0.30000000000000004,7,5,0.2857142857142857,0,5,0.0,0,0,0.0,1.0,0.18557357788085938,tket,FullPeepholeOptimise,2.18.0,default,ok,51,9,experiments/e20_multi_compiler_full/run.py,359d4060c67ca5d924d143122aab556b53579c5255965144a009fa0a7759908c,f608568e4bf8400a5ab2d41e584dd24f24ada0004e33ea51f5b9a9ed94cacbef,c9aebe6aa7489a01594716ca2030f61e292b565ecf3ffd9e9867f029b558c2cf,"IQP circuit, 3 diagonal layers"
2.1.0,MC-E20,e20_full_20260807_074417,2026-08-07T07:51:04.720051+00:00,clifford_6,RandomClifford,6,29,5,0.8275862068965517,82.75862068965517,9,1,0.8888888888888888,2,1,0.5,2,0,1.0,11,2,0.8181818181818181,0.9999999999999973,0.0171816349029541,qiskit,transpiler,2.4.1,3,ok,51,9,experiments/e20_multi_compiler_full/run.py,359d4060c67ca5d924d143122aab556b53579c5255965144a009fa0a7759908c,25aefe639657374bb6476802b360481519a11c8b9f02e00e163be8a7f63acf18,65129b730aba5a715cf0d873ca5af79da2fe674a8c068a9d325f22afcb1c5b5d,"Random Clifford, depth=10"
2.1.0,MC-E20,e20_full_20260807_074417,2026-08-07T07:51:04.752853+00:00,clifford_6,RandomClifford,6,29,9,0.6896551724137931,68.96551724137932,9,4,0.5555555555555556,2,1,0.5,2,0,1.0,11,3,0.7272727272727273,0.9999999999999964,0.028985261917114258,cirq,optimize_for_target_gateset+eject_z+merge_1q,1.6.1,default,ok,51,9,experiments/e20_multi_compiler_full/run.py,359d4060c67ca5d924d143122aab556b53579c5255965144a009fa0a7759908c,25aefe639657374bb6476802b360481519a11c8b9f02e00e163be8a7f63acf18,f03a840125e46651216cef194a879161d1536e5f1ea464a742764c3033802e78,"Random Clifford, depth=10"
2.1.0,MC-E20,e20_full_20260807_074417,2026-08-07T07:51:04.786732+00:00,clifford_6,RandomClifford,6,29,8,0.7241379310344828,72.41379310344827,9,3,0.6666666666666667,2,1,0.5,2,1,0.5,11,0,1.0,0.9999999999999982,0.03387880325317383,tket,FullPeepholeOptimise,2.18.0,default,ok,51,9,experiments/e20_multi_compiler_full/run.py,359d4060c67ca5d924d143122aab556b53579c5255965144a009fa0a7759908c,25aefe639657374bb6476802b360481519a11c8b9f02e00e163be8a7f63acf18,d494e5dbad9adf72cf81604d445e493e19df8f41536ef6bf096017063c4b02f5,"Random Clifford, depth=10"
2.1.0,MC-E20,e20_full_20260807_074417,2026-08-07T07:51:04.799496+00:00,surface_code_6,SurfaceCode,7,9,9,0.0,0.0,8,8,0.0,6,6,0.0,6,6,0.0,0,0,0.0,0.9999999999999998,0.01276397705078125,qiskit,transpiler,2.4.1,3,ok,51,9,experiments/e20_multi_compiler_full/run.py,359d4060c67ca5d924d143122aab556b53579c5255965144a009fa0a7759908c,b8ec9f75b8a749157c5ae3b63deb5b8ec5239129d3b8d4f15ac8fb111755a9df,b8ec9f75b8a749157c5ae3b63deb5b8ec5239129d3b8d4f15ac8fb111755a9df,X-stabilizer syndrome extraction
2.1.0,MC-E20,e20_full_20260807_074417,2026-08-07T07:51:04.841367+00:00,surface_code_6,SurfaceCode,7,9,9,0.0,0.0,8,8,0.0,6,6,0.0,6,0,1.0,0,0,0.0,0.9999999999999998,0.02665543556213379,cirq,optimize_for_target_gateset+eject_z+merge_1q,1.6.1,default,ok,51,9,experiments/e20_multi_compiler_full/run.py,359d4060c67ca5d924d143122aab556b53579c5255965144a009fa0a7759908c,b8ec9f75b8a749157c5ae3b63deb5b8ec5239129d3b8d4f15ac8fb111755a9df,583e4894f7b7067d7b5e17fd82335b9af94f5118dea091a8dcc41f1dd945a6f0,X-stabilizer syndrome extraction
2.1.0,MC-E20,e20_full_20260807_074417,2026-08-07T07:51:04.856575+00:00,uccsd_6,UCCSD_inspired,6,58,44,0.24137931034482762,24.13793103448276,28,25,0.1071428571428571,29,21,0.27586206896551724,29,21,0.27586206896551724,0,0,0.0,1.0,0.0,qiskit,transpiler,2.4.1,3,ok,51,9,experiments/e20_multi_compiler_full/run.py,359d4060c67ca5d924d143122aab556b53579c5255965144a009fa0a7759908c,8c458b275ce5e0f70b1befd81f72e3ee726514d0161d10cf96d42a4d0aa43577,ae6edfb4b56d27ff51167d0da46abd23d3965a9d594933a5e2d7099c2b2b7535,Parameterized ansatz INSPIRED BY (not true) UCCSD; see make_parameterized_ansatz docstring. Renamed from 'UCCSD' to 'UCCSD_inspired' per review L3 to avoid false claim.
2.1.0,MC-E20,e20_full_20260807_074417,2026-08-07T07:51:05.008698+00:00,uccsd_6,UCCSD_inspired,6,58,66,-0.13793103448275867,-13.793103448275868,28,30,-0.0714285714285714,29,29,0.0,29,0,1.0,0,0,0.0,1.0,0.13684844970703125,cirq,optimize_for_target_gateset+eject_z+merge_1q,1.6.1,default,ok,51,9,experiments/e20_multi_compiler_full/run.py,359d4060c67ca5d924d143122aab556b53579c5255965144a009fa0a7759908c,8c458b275ce5e0f70b1befd81f72e3ee726514d0161d10cf96d42a4d0aa43577,67b36de11f943cb4351c389f57b6c83415b52ba4bb97488f8da4a02ae5574394,Parameterized ansatz INSPIRED BY (not true) UCCSD; see make_parameterized_ansatz docstring. Renamed from 'UCCSD' to 'UCCSD_inspired' per review L3 to avoid false claim.
2.1.0,MC-E20,e20_full_20260807_074417,2026-08-07T07:51:05.512947+00:00,uccsd_6,UCCSD_inspired,6,58,44,0.24137931034482762,24.13793103448276,28,25,0.1071428571428571,29,21,0.27586206896551724,29,21,0.27586206896551724,0,0,0.0,1.0,0.5002059936523438,tket,FullPeepholeOptimise,2.18.0,default,ok,51,9,experiments/e20_multi_compiler_full/run.py,359d4060c67ca5d924d143122aab556b53579c5255965144a009fa0a7759908c,8c458b275ce5e0f70b1befd81f72e3ee726514d0161d10cf96d42a4d0aa43577,3ab0850d354e1dba500f6cd16a4aa7b1d619ff35e7ed316b186ccb99130fa1d5,Parameterized ansatz INSPIRED BY (not true) UCCSD; see make_parameterized_ansatz docstring. Renamed from 'UCCSD' to 'UCCSD_inspired' per review L3 to avoid false claim.
2.1.0,MC-E20,e20_full_20260807_074417,2026-08-07T07:51:05.595208+00:00,qft_8,QFT,8,36,36,0.0,0.0,15,15,0.0,28,28,0.0,0,0,0.0,0,0,0.0,0.9999999999999969,0.014723777770996094,qiskit,transpiler,2.4.1,3,ok,51,9,experiments/e20_multi_compiler_full/run.py,359d4060c67ca5d924d143122aab556b53579c5255965144a009fa0a7759908c,b2f83603b76f95e86e3b51898d6ea360adf3a62f51aa296baf0178913d4108b2,5e235910f0329f12c7dc3b126bc0da34cd22bcb22e80d7885306046eb1f2b62c,
2.1.0,MC-E20,e20_full_20260807_074417,2026-08-07T07:51:05.915050+00:00,qft_8,QFT,8,36,134,-2.7222222222222223,-272.22222222222223,15,48,-2.2,28,56,-1.0,0,0,0.0,0,0,0.0,0.9999999999999962,0.1833498477935791,cirq,optimize_for_target_gateset+eject_z+merge_1q,1.6.1,default,ok,51,9,experiments/e20_multi_compiler_full/run.py,359d4060c67ca5d924d143122aab556b53579c5255965144a009fa0a7759908c,b2f83603b76f95e86e3b51898d6ea360adf3a62f51aa296baf0178913d4108b2,f2003bd53d0d1c2c3df986457ae1336e33215aedb071156e8c9562fb9841837f,
2.1.0,MC-E20,e20_full_20260807_074417,2026-08-07T07:51:05.947854+00:00,ghz_8,GHZ,8,8,8,0.0,0.0,8,8,0.0,7,7,0.0,7,7,0.0,0,0,0.0,0.9999999999999998,0.015281438827514648,qiskit,transpiler,2.4.1,3,ok,51,9,experiments/e20_multi_compiler_full/run.py,359d4060c67ca5d924d143122aab556b53579c5255965144a009fa0a7759908c,587577f385cf54a3edd3cc639b3ac8cc5aa139f2ef414827515ddc7be4c12104,587577f385cf54a3edd3cc639b3ac8cc5aa139f2ef414827515ddc7be4c12104,
2.1.0,MC-E20,e20_full_20260807_074417,2026-08-07T07:51:06.006876+00:00,ghz_8,GHZ,8,8,23,-1.875,-187.5,8,15,-0.875,7,7,0.0,7,0,1.0,0,0,0.0,0.9999999999999971,0.028377056121826172,cirq,optimize_for_target_gateset+eject_z+merge_1q,1.6.1,default,ok,51,9,experiments/e20_multi_compiler_full/run.py,359d4060c67ca5d924d143122aab556b53579c5255965144a009fa0a7759908c,587577f385cf54a3edd3cc639b3ac8cc5aa139f2ef414827515ddc7be4c12104,a2f2d04e71fa038bd3a71061f2357cee894af4692955787292458304cec3a3f6,
2.1.0,MC-E20,e20_full_20260807_074417,2026-08-07T07:51:06.067117+00:00,cnot_chain_8,CNOT,8,56,0,1.0,100.0,26,0,1.0,56,0,1.0,56,0,1.0,0,0,0.0,1.0,0.0,qiskit,transpiler,2.4.1,3,ok,51,9,experiments/e20_multi_compiler_full/run.py,359d4060c67ca5d924d143122aab556b53579c5255965144a009fa0a7759908c,d3e8b51351e86caa6d8939fe0a903f48a089e7d220d46a14b52d6c94e6e43394,b9f67046a69160a09ec4f4fa9eb23036fff76352de4a4103d9d677b302f18c04,
2.1.0,MC-E20,e20_full_20260807_074417,2026-08-07T07:51:06.116511+00:00,cnot_chain_8,CNOT,8,56,0,1.0,100.0,26,0,1.0,56,0,1.0,56,0,1.0,0,0,0.0,,0.04939436912536621,cirq,optimize_for_target_gateset+eject_z+merge_1q,1.6.1,default,ok,51,9,experiments/e20_multi_compiler_full/run.py,359d4060c67ca5d924d143122aab556b53579c5255965144a009fa0a7759908c,d3e8b51351e86caa6d8939fe0a903f48a089e7d220d46a14b52d6c94e6e43394,6f8e18c5611960a199a59d79e4d4e52c427ac524f6c9f379d05c73dc41c9fc91,
2.1.0,MC-E20,e20_full_20260807_074417,2026-08-07T07:51:06.119434+00:00,bv_8,Oracle,9,27,23,0.14814814814814814,14.814814814814813,11,9,0.18181818181818177,7,7,0.0,7,7,0.0,0,0,0.0,,0.0,qiskit,transpiler,2.4.1,3,ok,51,9,experiments/e20_multi_compiler_full/run.py,359d4060c67ca5d924d143122aab556b53579c5255965144a009fa0a7759908c,386ce2127ad6173f847d8aa26a4c1ae554107756158019d271c5f05ad2aa544a,ab4efff5aca6ff491bbb79a04c042e62b3fca985ae96d4015ed294c48d96668b,
2.1.0,MC-E20,e20_full_20260807_074417,2026-08-07T07:51:06.229201+00:00,qaoa_line_8,QAOA,8,66,66,0.0,0.0,30,30,0.0,28,28,0.0,28,28,0.0,0,0,0.0,1.0000000000000009,0.01226186752319336,qiskit,transpiler,2.4.1,3,ok,51,9,experiments/e20_multi_compiler_full/run.py,359d4060c67ca5d924d143122aab556b53579c5255965144a009fa0a7759908c,62e6028128bc372bd24ef50382c3028db25f9e1fa55f78016e26b5f4806a191f,62e6028128bc372bd24ef50382c3028db25f9e1fa55f78016e26b5f4806a191f,
2.1.0,MC-E20,e20_full_20260807_074417,2026-08-07T07:51:06.451407+00:00,qaoa_line_8,QAOA,8,66,87,-0.3181818181818181,-31.818181818181813,30,38,-0.2666666666666666,28,28,0.0,28,0,1.0,0,0,0.0,0.9999999999999969,0.11634111404418945,cirq,optimize_for_target_gateset+eject_z+merge_1q,1.6.1,default,ok,51,9,experiments/e20_multi_compiler_full/run.py,359d4060c67ca5d924d143122aab556b53579c5255965144a009fa0a7759908c,62e6028128bc372bd24ef50382c3028db25f9e1fa55f78016e26b5f4806a191f,dd8b444e9c7fc092b33f38cebe293104916009230dda80a078606a8b9d13fad2,
2.1.0,MC-E20,e20_full_20260807_074417,2026-08-07T07:51:06.535456+00:00,vqe_twolocal_8,VQE,8,62,38,0.3870967741935484,38.70967741935484,15,12,0.19999999999999996,14,14,0.0,14,14,0.0,0,0,0.0,0.9999999999999996,0.0,qiskit,transpiler,2.4.1,3,ok,51,9,experiments/e20_multi_compiler_full/run.py,359d4060c67ca5d924d143122aab556b53579c5255965144a009fa0a7759908c,00ff53b932412853bc008f8d1c1c306b6f3b4958d09858d1f11083958544a130,13aa9ad6ed41ac31d25786ba16125ebda69066414ee44af7b73500c936d70e49,
2.1.0,MC-E20,e20_full_20260807_074417,2026-08-07T07:51:06.733948+00:00,vqe_twolocal_8,VQE,8,62,65,-0.048387096774193505,-4.8387096774193505,15,21,-0.3999999999999999,14,14,0.0,14,0,1.0,0,0,0.0,0.9999999999999978,0.11159157752990723,cirq,optimize_for_target_gateset+eject_z+merge_1q,1.6.1,default,ok,51,9,experiments/e20_multi_compiler_full/run.py,359d4060c67ca5d924d143122aab556b53579c5255965144a009fa0a7759908c,00ff53b932412853bc008f8d1c1c306b6f3b4958d09858d1f11083958544a130,af8f29032fdf1b33d36c5bbc836318f2b8ca9c1d04bfe2367a1afba828f34838,
2.1.0,MC-E20,e20_full_20260807_074417,2026-08-07T07:51:06.801951+00:00,hardware_eff_8,HardwareEfficient,8,46,30,0.34782608695652173,34.78260869565217,8,6,0.25,14,14,0.0,14,14,0.0,0,0,0.0,1.0,0.007726192474365234,qiskit,transpiler,2.4.1,3,ok,51,9,experiments/e20_multi_compiler_full/run.py,359d4060c67ca5d924d143122aab556b53579c5255965144a009fa0a7759908c,834134b30536fd6948cf7ea7046d1b5ae780272cdd623e04b88eff5e61febb0a,9eda82e5fcbd0009d018e0672c0114949dbac465d06c18d8f220e4924fab6353,
2.1.0,MC-E20,e20_full_20260807_074417,2026-08-07T07:51:06.956204+00:00,hardware_eff_8,HardwareEfficient,8,46,55,-0.19565217391304346,-19.565217391304344,8,10,-0.25,14,14,0.0,14,0,1.0,0,0,0.0,0.9999999999999969,0.08382654190063477,cirq,optimize_for_target_gateset+eject_z+merge_1q,1.6.1,default,ok,51,9,experiments/e20_multi_compiler_full/run.py,359d4060c67ca5d924d143122aab556b53579c5255965144a009fa0a7759908c,834134b30536fd6948cf7ea7046d1b5ae780272cdd623e04b88eff5e61febb0a,229b56ef6ad586729b68cfde0460602c99b2435b41bcd1efd7d3bfdfe7380862,
2.1.0,MC-E20,e20_full_20260807_074417,2026-08-07T07:51:08.629321+00:00,grover_8,Grover,8,54,798,-13.777777777777779,-1377.7777777777778,13,503,-37.69230769230769,0,360,0.0,0,360,0.0,0,102,0.0,0.9999999999999318,0.00604557991027832,qiskit,transpiler,2.4.1,3,ok,51,9,experiments/e20_multi_compiler_full/run.py,359d4060c67ca5d924d143122aab556b53579c5255965144a009fa0a7759908c,96138150dbeedf68d6fe0923e2d503694316ac092cc11f4456efa0f6cc521ea4,c6d511ce2c24471ee263c118ca8fcd1c998d3d205c809b037d372f259b78598f,"Single Grover iteration, random marked state"
2.1.0,MC-E20,e20_full_20260807_074417,2026-08-07T07:51:12.841609+00:00,grover_8,Grover,8,54,1028,-18.037037037037038,-1803.703703703704,13,698,-52.69230769230769,0,440,0.0,0,0,0.0,0,4,0.0,0.9999999999999246,2.5325093269348145,cirq,optimize_for_target_gateset+eject_z+merge_1q,1.6.1,default,ok,51,9,experiments/e20_multi_compiler_full/run.py,359d4060c67ca5d924d143122aab556b53579c5255965144a009fa0a7759908c,96138150dbeedf68d6fe0923e2d503694316ac092cc11f4456efa0f6cc521ea4,e9177c02212419b958f0b8e99cc90e80131b9311d9dce1b883ac27ff8af7ca8f,"Single Grover iteration, random marked state"
2.1.0,MC-E20,e20_full_20260807_074417,2026-08-07T07:51:12.850021+00:00,adder_8,Adder,10,19,19,0.0,0.0,10,10,0.0,6,6,0.0,6,6,0.0,0,0,0.0,,0.0005700588226318359,qiskit,transpiler,2.4.1,3,ok,51,9,experiments/e20_multi_compiler_full/run.py,359d4060c67ca5d924d143122aab556b53579c5255965144a009fa0a7759908c,df70894aadf8df8a7b9c2a8e73d9e704b04dd056a9fc01c110dd6df0965d8ab2,8c526990700dd29b7f3a9ed75d1ba52600a4019e8f5da23676603596c63d2872,"Ripple-carry adder, random inputs"
2.1.0,MC-E20,e20_full_20260807_074417,2026-08-07T07:51:12.964826+00:00,qwalk_8,QuantumWalk,9,106,4551,-41.93396226415094,-4193.396226415094,59,3163,-52.610169491525426,6,1962,-326.0,6,1962,-326.0,0,539,0.0,,0.060541391372680664,qiskit,transpiler,2.4.1,3,ok,51,9,experiments/e20_multi_compiler_full/run.py,359d4060c67ca5d924d143122aab556b53579c5255965144a009fa0a7759908c,4b891d65feba975ee99f9ae4a3ce62746fe11547a937078450eeb99cfdeb4e14,d512d33655bc1e1ad2cda5d2f608cf997eb861f37c56b4876665ba78fc924e76,"DTQW on cycle, 3 steps"
2.1.0,MC-E20,e20_full_20260807_074417,2026-08-07T07:51:13.003062+00:00,iqp_8,IQP,8,47,17,0.6382978723404256,63.829787234042556,12,3,0.75,11,3,0.7272727272727273,0,0,0.0,0,0,0.0,0.9999999999999936,0.005749702453613281,qiskit,transpiler,2.4.1,3,ok,51,9,experiments/e20_multi_compiler_full/run.py,359d4060c67ca5d924d143122aab556b53579c5255965144a009fa0a7759908c,fa21dd4edb5dfd9df56d576fb21c865308dd0faffa27ebc16832422249996b41,35376fa8756f746195a3bafd8c353df3e95bf1f5758f9417d6d17d7ca3e12058,"IQP circuit, 3 diagonal layers"
2.1.0,MC-E20,e20_full_20260807_074417,2026-08-07T07:51:13.125346+00:00,iqp_8,IQP,8,47,29,0.3829787234042553,38.297872340425535,12,9,0.25,11,7,0.36363636363636365,0,0,0.0,0,4,0.0,0.9999999999999938,0.07150793075561523,cirq,optimize_for_target_gateset+eject_z+merge_1q,1.6.1,default,ok,51,9,experiments/e20_multi_compiler_full/run.py,359d4060c67ca5d924d143122aab556b53579c5255965144a009fa0a7759908c,fa21dd4edb5dfd9df56d576fb21c865308dd0faffa27ebc16832422249996b41,b1d1c7630a0ebbbbb16e6cfa267db594ee8d8a2c4a8487e8ff99e880d921b0cb,"IQP circuit, 3 diagonal layers"
2.1.0,MC-E20,e20_full_20260807_074417,2026-08-07T07:51:13.185310+00:00,clifford_8,RandomClifford,8,63,15,0.7619047619047619,76.19047619047619,12,5,0.5833333333333333,8,4,0.5,8,3,0.625,28,0,1.0,0.9999999999999938,0.0,qiskit,transpiler,2.4.1,3,ok,51,9,experiments/e20_multi_compiler_full/run.py,359d4060c67ca5d924d143122aab556b53579c5255965144a009fa0a7759908c,ef2f932c00ea5e24ad19c778e579e8fac892e23aae3963647bbf51ab87c7cd9f,e1be5ceea22d67b16d8ddda9903aa6f17df1e1fec8b8568fc021887eb2c3a37e,"Random Clifford, depth=10"
2.1.0,MC-E20,e20_full_20260807_074417,2026-08-07T07:51:13.292171+00:00,clifford_8,RandomClifford,8,63,27,0.5714285714285714,57.14285714285714,12,8,0.33333333333333337,8,5,0.375,8,0,1.0,28,3,0.8928571428571429,0.9999999999999931,0.045656442642211914,cirq,optimize_for_target_gateset+eject_z+merge_1q,1.6.1,default,ok,51,9,experiments/e20_multi_compiler_full/run.py,359d4060c67ca5d924d143122aab556b53579c5255965144a009fa0a7759908c,ef2f932c00ea5e24ad19c778e579e8fac892e23aae3963647bbf51ab87c7cd9f,a0cf437955ba2f11852d40e890bbe3566f0f761f1af81efcc443ce437ab84746,"Random Clifford, depth=10"
2.1.0,MC-E20,e20_full_20260807_074417,2026-08-07T07:51:13.292171+00:00,surface_code_8,SurfaceCode,9,11,11,0.0,0.0,10,10,0.0,8,8,0.0,8,8,0.0,0,0,0.0,,0.0,qiskit,transpiler,2.4.1,3,ok,51,9,experiments/e20_multi_compiler_full/run.py,359d4060c67ca5d924d143122aab556b53579c5255965144a009fa0a7759908c,e4bc9db5147e3cf352a2b34eb199daa122ba5549fa5d7b3f3f678a4af97036f6,e4bc9db5147e3cf352a2b34eb199daa122ba5549fa5d7b3f3f678a4af97036f6,X-stabilizer syndrome extraction
2.1.0,MC-E20,e20_full_20260807_074417,2026-08-07T07:51:13.398944+00:00,uccsd_8,UCCSD_inspired,8,73,55,0.2465753424657534,24.65753424657534,27,24,0.11111111111111116,31,25,0.19354838709677424,31,25,0.19354838709677424,0,0,0.0,1.0,0.0,qiskit,transpiler,2.4.1,3,ok,51,9,experiments/e20_multi_compiler_full/run.py,359d4060c67ca5d924d143122aab556b53579c5255965144a009fa0a7759908c,145b5b65d5955ec53eba432716519a2ad47043aa320ca2f4f8a42212053ab180,daab7057d7827f338cb0eda744d802311e2ac96a218357de8ba9eb63140acdf1,Parameterized ansatz INSPIRED BY (not true) UCCSD; see make_parameterized_ansatz docstring. Renamed from 'UCCSD' to 'UCCSD_inspired' per review L3 to avoid false claim.
2.1.0,MC-E20,e20_full_20260807_074417,2026-08-07T07:51:13.666287+00:00,uccsd_8,UCCSD_inspired,8,73,72,0.013698630136986356,1.3698630136986356,27,29,-0.07407407407407418,31,31,0.0,31,0,1.0,0,0,0.0,0.9999999999999982,0.1381359100341797,cirq,optimize_for_target_gateset+eject_z+merge_1q,1.6.1,default,ok,51,9,experiments/e20_multi_compiler_full/run.py,359d4060c67ca5d924d143122aab556b53579c5255965144a009fa0a7759908c,145b5b65d5955ec53eba432716519a2ad47043aa320ca2f4f8a42212053ab180,61bce54e7b1f53816178df0e730fb10ce8f7aff37a01d2224ee3868a98dc5639,Parameterized ansatz INSPIRED BY (not true) UCCSD; see make_parameterized_ansatz docstring. Renamed from 'UCCSD' to 'UCCSD_inspired' per review L3 to avoid false claim.
2.1.0,MC-E20,e20_full_20260807_074417,2026-08-07T07:51:13.713970+00:00,haar_4,HaarRandom,4,275,257,0.06545454545454543,6.545454545454543,189,189,0.0,95,95,0.0,95,95,0.0,0,0,0.0,0.999999999999995,0.0,qiskit,transpiler,2.4.1,3,ok,51,9,experiments/e20_multi_compiler_full/run.py,359d4060c67ca5d924d143122aab556b53579c5255965144a009fa0a7759908c,b0be89bcc10ff1e410d48c5392c10beb588a799a378606ed5f27fe7bb3738ced,2e74176abc7db85abd5beb1908c6c42db92dd15e2d4c412ab57685b6ba1911cd,"Haar-random unitary, exact synthesis"
2.1.0,MC-E20,e20_full_20260807_074417,2026-08-07T07:51:14.261585+00:00,haar_4,HaarRandom,4,275,288,-0.047272727272727355,-4.7272727272727355,189,190,-0.005291005291005346,95,95,0.0,95,0,1.0,0,0,0.0,0.999999999999991,0.5164380073547363,cirq,optimize_for_target_gateset+eject_z+merge_1q,1.6.1,default,ok,51,9,experiments/e20_multi_compiler_full/run.py,359d4060c67ca5d924d143122aab556b53579c5255965144a009fa0a7759908c,b0be89bcc10ff1e410d48c5392c10beb588a799a378606ed5f27fe7bb3738ced,0e0c681cea021a18389dc9a0e673e5a43c0f2e6d146f88fd1f55e9335f8ce4f4,"Haar-random unitary, exact synthesis"
2.1.0,MC-E20,e20_full_20260807_074417,2026-08-07T07:51:16.023649+00:00,haar_4,HaarRandom,4,275,257,0.06545454545454543,6.545454545454543,189,189,0.0,95,95,0.0,95,95,0.0,0,0,0.0,0.9999999999999962,1.7316205501556396,tket,FullPeepholeOptimise,2.18.0,default,ok,51,9,experiments/e20_multi_compiler_full/run.py,359d4060c67ca5d924d143122aab556b53579c5255965144a009fa0a7759908c,b0be89bcc10ff1e410d48c5392c10beb588a799a378606ed5f27fe7bb3738ced,52420b548b72e392e6d4e29a1e938cecc9fd7df2b72c2b0eb091d7407e115f8a,"Haar-random unitary, exact synthesis"
