config_id,beam_width,candidate_cap,status,certificate_status,certificate_ub,certificate_lb,certificate_candidate_count,certificate_discarded_candidate_count,certificate_fallback_reason,certificate_seconds,greedy_seconds,cgl_total_seconds,input_gate_count,output_gate_count,reduction,equivalence_evidence,input_circuit_sha256,circuit_id,circuit_family,n_qubits,wcl_output_gate_count,wcl_reduction,wcl_total_seconds,effect_pp,opportunity_positive
b1_c64,1,64,success,exact,2,2,5,0,,0.0008887000003596768,0.000201000000743079,0.0010897000011027558,12,10,0.16666666666666663,not_run_in_development_grid,8fe6a04fb57130ecbb92ca64358dee1b21d52ec1cfd3a2ce2f134a6345166151,bv_3,Oracle,4,10,0.16666666666666663,0.0005748999992647441,0.0,1
b8_c64,8,64,success,exact,2,2,5,0,,0.0019773999993049074,0.00031510000007983763,0.002292499999384745,12,10,0.16666666666666663,not_run_in_development_grid,8fe6a04fb57130ecbb92ca64358dee1b21d52ec1cfd3a2ce2f134a6345166151,bv_3,Oracle,4,10,0.16666666666666663,0.0005748999992647441,0.0,1
b32_c64,32,64,success,exact,2,2,5,0,,0.0012057999992975965,0.0001733999997668434,0.00137919999906444,12,10,0.16666666666666663,not_run_in_development_grid,8fe6a04fb57130ecbb92ca64358dee1b21d52ec1cfd3a2ce2f134a6345166151,bv_3,Oracle,4,10,0.16666666666666663,0.0005748999992647441,0.0,1
b1_c256,1,256,success,exact,2,2,5,0,,0.0007499999992433004,0.00016139999934239313,0.0009113999985856935,12,10,0.16666666666666663,not_run_in_development_grid,8fe6a04fb57130ecbb92ca64358dee1b21d52ec1cfd3a2ce2f134a6345166151,bv_3,Oracle,4,10,0.16666666666666663,0.0005748999992647441,0.0,1
b8_c256,8,256,success,exact,2,2,5,0,,0.0006787000002077548,0.00015449999955308158,0.0008331999997608364,12,10,0.16666666666666663,not_run_in_development_grid,8fe6a04fb57130ecbb92ca64358dee1b21d52ec1cfd3a2ce2f134a6345166151,bv_3,Oracle,4,10,0.16666666666666663,0.0005748999992647441,0.0,1
b32_c256,32,256,success,exact,2,2,5,0,,0.0006458999996539205,0.00015829999938432593,0.0008041999990382465,12,10,0.16666666666666663,not_run_in_development_grid,8fe6a04fb57130ecbb92ca64358dee1b21d52ec1cfd3a2ce2f134a6345166151,bv_3,Oracle,4,10,0.16666666666666663,0.0005748999992647441,0.0,1
b1_c64,1,64,success,exact,7,7,12,0,,0.0015280000006896444,0.0005808999994769692,0.0021089000001666136,22,15,0.31818181818181823,not_run_in_development_grid,1bfe5860998e2d3ca1f048c0a396d2f3f0d4c199e4369ef422a20e44335b026d,iqp_4,IQP,4,20,0.09090909090909094,0.0009583999999449588,22.72727272727273,1
b8_c64,8,64,success,exact,7,7,12,0,,0.0009497000010014744,0.0007796999998390675,0.001729400000840542,22,15,0.31818181818181823,not_run_in_development_grid,1bfe5860998e2d3ca1f048c0a396d2f3f0d4c199e4369ef422a20e44335b026d,iqp_4,IQP,4,20,0.09090909090909094,0.0009583999999449588,22.72727272727273,1
b32_c64,32,64,success,exact,7,7,12,0,,0.0010099999999511056,0.0005576999992626952,0.0015676999992138008,22,15,0.31818181818181823,not_run_in_development_grid,1bfe5860998e2d3ca1f048c0a396d2f3f0d4c199e4369ef422a20e44335b026d,iqp_4,IQP,4,20,0.09090909090909094,0.0009583999999449588,22.72727272727273,1
b1_c256,1,256,success,exact,7,7,12,0,,0.0009396000004926464,0.0005590999990090495,0.0014986999995016959,22,15,0.31818181818181823,not_run_in_development_grid,1bfe5860998e2d3ca1f048c0a396d2f3f0d4c199e4369ef422a20e44335b026d,iqp_4,IQP,4,20,0.09090909090909094,0.0009583999999449588,22.72727272727273,1
b8_c256,8,256,success,exact,7,7,12,0,,0.0008409000001847744,0.0009499999996478437,0.001790899999832618,22,15,0.31818181818181823,not_run_in_development_grid,1bfe5860998e2d3ca1f048c0a396d2f3f0d4c199e4369ef422a20e44335b026d,iqp_4,IQP,4,20,0.09090909090909094,0.0009583999999449588,22.72727272727273,1
b32_c256,32,256,success,exact,7,7,12,0,,0.0014685999994981103,0.0005626000001939246,0.002031199999692035,22,15,0.31818181818181823,not_run_in_development_grid,1bfe5860998e2d3ca1f048c0a396d2f3f0d4c199e4369ef422a20e44335b026d,iqp_4,IQP,4,20,0.09090909090909094,0.0009583999999449588,22.72727272727273,1
b1_c64,1,64,success,exact,9,9,14,0,,0.0017506000003777444,0.0008398000009037787,0.002590400001281523,29,20,0.31034482758620685,not_run_in_development_grid,1af7528f5f0b083d8fb217d2aaa8db5ea8fabaefadf375ad667c53198edfbaae,iqp_6,IQP,6,24,0.1724137931034483,0.0012406000005285023,13.793103448275856,1
b8_c64,8,64,success,exact,9,9,14,0,,0.001237599999512895,0.0011259000002610264,0.0023634999997739214,29,20,0.31034482758620685,not_run_in_development_grid,1af7528f5f0b083d8fb217d2aaa8db5ea8fabaefadf375ad667c53198edfbaae,iqp_6,IQP,6,24,0.1724137931034483,0.0012406000005285023,13.793103448275856,1
b32_c64,32,64,success,exact,9,9,14,0,,0.0016637000007904135,0.0007077999998728046,0.002371500000663218,29,20,0.31034482758620685,not_run_in_development_grid,1af7528f5f0b083d8fb217d2aaa8db5ea8fabaefadf375ad667c53198edfbaae,iqp_6,IQP,6,24,0.1724137931034483,0.0012406000005285023,13.793103448275856,1
b1_c256,1,256,success,exact,9,9,14,0,,0.012980299999981071,0.0007236000001284992,0.01370390000010957,29,20,0.31034482758620685,not_run_in_development_grid,1af7528f5f0b083d8fb217d2aaa8db5ea8fabaefadf375ad667c53198edfbaae,iqp_6,IQP,6,24,0.1724137931034483,0.0012406000005285023,13.793103448275856,1
b8_c256,8,256,success,exact,9,9,14,0,,0.001092499998776475,0.000732399999833433,0.001824899998609908,29,20,0.31034482758620685,not_run_in_development_grid,1af7528f5f0b083d8fb217d2aaa8db5ea8fabaefadf375ad667c53198edfbaae,iqp_6,IQP,6,24,0.1724137931034483,0.0012406000005285023,13.793103448275856,1
b32_c256,32,256,success,exact,9,9,14,0,,0.0010194000005867565,0.0007864999988669297,0.0018058999994536862,29,20,0.31034482758620685,not_run_in_development_grid,1af7528f5f0b083d8fb217d2aaa8db5ea8fabaefadf375ad667c53198edfbaae,iqp_6,IQP,6,24,0.1724137931034483,0.0012406000005285023,13.793103448275856,1
b1_c64,1,64,success,exact,2,2,6,0,,0.0008388999995077029,0.00020199999926262535,0.0010408999987703282,15,13,0.1333333333333333,not_run_in_development_grid,e4d691f8c012af76095e7a10ad56544d75b24ab2672cd278233741ac8ea1250f,bv_4,Oracle,5,13,0.1333333333333333,0.0006402000017260434,0.0,1
b8_c64,8,64,success,exact,2,2,6,0,,0.0007018999986030394,0.0002077999997709412,0.0009096999983739806,15,13,0.1333333333333333,not_run_in_development_grid,e4d691f8c012af76095e7a10ad56544d75b24ab2672cd278233741ac8ea1250f,bv_4,Oracle,5,13,0.1333333333333333,0.0006402000017260434,0.0,1
b32_c64,32,64,success,exact,2,2,6,0,,0.0006749999993189704,0.0002855000002455199,0.0009604999995644903,15,13,0.1333333333333333,not_run_in_development_grid,e4d691f8c012af76095e7a10ad56544d75b24ab2672cd278233741ac8ea1250f,bv_4,Oracle,5,13,0.1333333333333333,0.0006402000017260434,0.0,1
b1_c256,1,256,success,exact,2,2,6,0,,0.0007664000004297122,0.00019249999968451448,0.0009589000001142267,15,13,0.1333333333333333,not_run_in_development_grid,e4d691f8c012af76095e7a10ad56544d75b24ab2672cd278233741ac8ea1250f,bv_4,Oracle,5,13,0.1333333333333333,0.0006402000017260434,0.0,1
b8_c256,8,256,success,exact,2,2,6,0,,0.0006868999989819713,0.00020290000065870117,0.0008897999996406725,15,13,0.1333333333333333,not_run_in_development_grid,e4d691f8c012af76095e7a10ad56544d75b24ab2672cd278233741ac8ea1250f,bv_4,Oracle,5,13,0.1333333333333333,0.0006402000017260434,0.0,1
b32_c256,32,256,success,exact,2,2,6,0,,0.0006577999993169215,0.00019419999989622738,0.0008519999992131488,15,13,0.1333333333333333,not_run_in_development_grid,e4d691f8c012af76095e7a10ad56544d75b24ab2672cd278233741ac8ea1250f,bv_4,Oracle,5,13,0.1333333333333333,0.0006402000017260434,0.0,1
b1_c64,1,64,success,exact,40,40,140,0,,1.7937142999999196,0.00022229999922274146,1.7939365999991423,40,0,1.0,not_run_in_development_grid,a9cbe813352eb8bbddbb6de7feecde853f066b5cf29e96a7a2f84a6cd354761a,cnot_chain_6,CNOT,6,0,1.0,0.0007832999981474131,0.0,1
b8_c64,8,64,success,exact,40,40,140,0,,1.7965260000000853,0.00022200000057637226,1.7967480000006617,40,0,1.0,not_run_in_development_grid,a9cbe813352eb8bbddbb6de7feecde853f066b5cf29e96a7a2f84a6cd354761a,cnot_chain_6,CNOT,6,0,1.0,0.0007832999981474131,0.0,1
b32_c64,32,64,success,exact,40,40,140,0,,1.8420120000009774,0.00021070000002509914,1.8422227000010025,40,0,1.0,not_run_in_development_grid,a9cbe813352eb8bbddbb6de7feecde853f066b5cf29e96a7a2f84a6cd354761a,cnot_chain_6,CNOT,6,0,1.0,0.0007832999981474131,0.0,1
b1_c256,1,256,success,exact,40,40,140,0,,1.7022274999999354,0.00021080000078654848,1.702438300000722,40,0,1.0,not_run_in_development_grid,a9cbe813352eb8bbddbb6de7feecde853f066b5cf29e96a7a2f84a6cd354761a,cnot_chain_6,CNOT,6,0,1.0,0.0007832999981474131,0.0,1
b8_c256,8,256,success,exact,40,40,140,0,,1.8472342999993998,0.00035349999961908907,1.847587799999019,40,0,1.0,not_run_in_development_grid,a9cbe813352eb8bbddbb6de7feecde853f066b5cf29e96a7a2f84a6cd354761a,cnot_chain_6,CNOT,6,0,1.0,0.0007832999981474131,0.0,1
b32_c256,32,256,success,exact,40,40,140,0,,1.8552113999994617,0.000541499999599182,1.855752899999061,40,0,1.0,not_run_in_development_grid,a9cbe813352eb8bbddbb6de7feecde853f066b5cf29e96a7a2f84a6cd354761a,cnot_chain_6,CNOT,6,0,1.0,0.0007832999981474131,0.0,1
b1_c64,1,64,success,truncated,168,128,419190,20,conservative_overlap_check_budget_predicted:20000000:6771192,0.29892800000015995,0.13328679999904125,0.4322147999992012,7156,6988,0.02347680268306318,not_run_in_development_grid,8a2dab910f6b0fb4138b6288249055697b4a82d54aeb40f1b365d52677ecd74e,qwalk_7,QuantumWalk,8,6988,0.02347680268306318,0.6496308999994653,0.0,1
b8_c64,8,64,success,truncated,168,128,419190,20,conservative_overlap_check_budget_predicted:20000000:6771192,0.8324038999999175,0.12814309999885154,0.960546999998769,7156,6988,0.02347680268306318,not_run_in_development_grid,8a2dab910f6b0fb4138b6288249055697b4a82d54aeb40f1b365d52677ecd74e,qwalk_7,QuantumWalk,8,6988,0.02347680268306318,0.6496308999994653,0.0,1
b32_c64,32,64,success,truncated,168,128,419190,20,conservative_overlap_check_budget_predicted:20000000:6771192,2.9025365999987116,0.13603239999974903,3.0385689999984606,7156,6988,0.02347680268306318,not_run_in_development_grid,8a2dab910f6b0fb4138b6288249055697b4a82d54aeb40f1b365d52677ecd74e,qwalk_7,QuantumWalk,8,6988,0.02347680268306318,0.6496308999994653,0.0,1
b1_c256,1,256,success,exact,168,168,419190,0,conservative_overlap_check_budget_predicted:20000000:6771192,0.1192391000004136,0.1263252000007924,0.245564300001206,7156,6988,0.02347680268306318,not_run_in_development_grid,8a2dab910f6b0fb4138b6288249055697b4a82d54aeb40f1b365d52677ecd74e,qwalk_7,QuantumWalk,8,6988,0.02347680268306318,0.6496308999994653,0.0,1
b8_c256,8,256,success,exact,168,168,419190,0,conservative_overlap_check_budget_predicted:20000000:6771192,0.908539699999892,0.14926930000001448,1.0578089999999065,7156,6988,0.02347680268306318,not_run_in_development_grid,8a2dab910f6b0fb4138b6288249055697b4a82d54aeb40f1b365d52677ecd74e,qwalk_7,QuantumWalk,8,6988,0.02347680268306318,0.6496308999994653,0.0,1
b32_c256,32,256,success,exact,168,168,419190,0,conservative_overlap_check_budget_predicted:20000000:6771192,3.0268988000007084,0.1262194000009913,3.1531182000016997,7156,6988,0.02347680268306318,not_run_in_development_grid,8a2dab910f6b0fb4138b6288249055697b4a82d54aeb40f1b365d52677ecd74e,qwalk_7,QuantumWalk,8,6988,0.02347680268306318,0.6496308999994653,0.0,1
b1_c64,1,64,success,exact_zero,0,0,17,0,,0.0011276000004727393,0.0005290000008244533,0.0016566000012971926,34,34,0.0,not_run_in_development_grid,5644fee5bd8328c655b27bf4202f33cb49d6ff723364d466a3a1421f12c14466,hardware_eff_6,HardwareEfficient,6,34,0.0,0.0010289000001648674,0.0,0
b8_c64,8,64,success,exact_zero,0,0,17,0,,0.000775200000134646,0.0007669000005989801,0.001542100000733626,34,34,0.0,not_run_in_development_grid,5644fee5bd8328c655b27bf4202f33cb49d6ff723364d466a3a1421f12c14466,hardware_eff_6,HardwareEfficient,6,34,0.0,0.0010289000001648674,0.0,0
b32_c64,32,64,success,exact_zero,0,0,17,0,,0.0011389999999664724,0.0005115000003570458,0.0016505000003235182,34,34,0.0,not_run_in_development_grid,5644fee5bd8328c655b27bf4202f33cb49d6ff723364d466a3a1421f12c14466,hardware_eff_6,HardwareEfficient,6,34,0.0,0.0010289000001648674,0.0,0
b1_c256,1,256,success,exact_zero,0,0,17,0,,0.000718000001143082,0.0004955000003974419,0.001213500001540524,34,34,0.0,not_run_in_development_grid,5644fee5bd8328c655b27bf4202f33cb49d6ff723364d466a3a1421f12c14466,hardware_eff_6,HardwareEfficient,6,34,0.0,0.0010289000001648674,0.0,0
b8_c256,8,256,success,exact_zero,0,0,17,0,,0.0006799000002501998,0.0004971999987901654,0.0011770999990403652,34,34,0.0,not_run_in_development_grid,5644fee5bd8328c655b27bf4202f33cb49d6ff723364d466a3a1421f12c14466,hardware_eff_6,HardwareEfficient,6,34,0.0,0.0010289000001648674,0.0,0
b32_c256,32,256,success,exact_zero,0,0,17,0,,0.0007361999996646773,0.0005043000001023756,0.001240499999767053,34,34,0.0,not_run_in_development_grid,5644fee5bd8328c655b27bf4202f33cb49d6ff723364d466a3a1421f12c14466,hardware_eff_6,HardwareEfficient,6,34,0.0,0.0010289000001648674,0.0,0
b1_c64,1,64,success,exact_zero,0,0,30,0,,0.0015987999995559221,0.0007265999993251171,0.002325399998881039,48,48,0.0,not_run_in_development_grid,3113b971b548c7ee4e78af92d32b392c5bfcc30e701ff59f7420abc819314785,qaoa_line_6,QAOA,6,48,0.0,0.0014061999991099583,0.0,0
b8_c64,8,64,success,exact_zero,0,0,30,0,,0.0008008000004338101,0.0007124999992811354,0.0015132999997149454,48,48,0.0,not_run_in_development_grid,3113b971b548c7ee4e78af92d32b392c5bfcc30e701ff59f7420abc819314785,qaoa_line_6,QAOA,6,48,0.0,0.0014061999991099583,0.0,0
b32_c64,32,64,success,exact_zero,0,0,30,0,,0.0007618999989063013,0.0007213999997475185,0.0014832999986538198,48,48,0.0,not_run_in_development_grid,3113b971b548c7ee4e78af92d32b392c5bfcc30e701ff59f7420abc819314785,qaoa_line_6,QAOA,6,48,0.0,0.0014061999991099583,0.0,0
b1_c256,1,256,success,exact_zero,0,0,30,0,,0.0007746999999653781,0.0008041000000957865,0.0015788000000611646,48,48,0.0,not_run_in_development_grid,3113b971b548c7ee4e78af92d32b392c5bfcc30e701ff59f7420abc819314785,qaoa_line_6,QAOA,6,48,0.0,0.0014061999991099583,0.0,0
b8_c256,8,256,success,exact_zero,0,0,30,0,,0.0013418999988061842,0.0007593000009364914,0.0021011999997426756,48,48,0.0,not_run_in_development_grid,3113b971b548c7ee4e78af92d32b392c5bfcc30e701ff59f7420abc819314785,qaoa_line_6,QAOA,6,48,0.0,0.0014061999991099583,0.0,0
b32_c256,32,256,success,exact_zero,0,0,30,0,,0.0008990999995148741,0.0008443999995506601,0.0017434999990655342,48,48,0.0,not_run_in_development_grid,3113b971b548c7ee4e78af92d32b392c5bfcc30e701ff59f7420abc819314785,qaoa_line_6,QAOA,6,48,0.0,0.0014061999991099583,0.0,0
b1_c64,1,64,success,exact,14,14,31,0,,0.002862999999706517,0.0006804000004194677,0.0035434000001259847,49,35,0.2857142857142857,not_run_in_development_grid,974adb34b1a2c479396dd1800d00c4417c08a4c562a7370805ba00b5d6610880,clifford_6,RandomClifford,6,35,0.2857142857142857,0.0011803000015788712,0.0,1
b8_c64,8,64,success,exact,14,14,31,0,,0.0028157999986433424,0.0004604999994626269,0.0032762999981059693,49,35,0.2857142857142857,not_run_in_development_grid,974adb34b1a2c479396dd1800d00c4417c08a4c562a7370805ba00b5d6610880,clifford_6,RandomClifford,6,35,0.2857142857142857,0.0011803000015788712,0.0,1
b32_c64,32,64,success,exact,14,14,31,0,,0.002531000000089989,0.0004547000007733004,0.0029857000008632895,49,35,0.2857142857142857,not_run_in_development_grid,974adb34b1a2c479396dd1800d00c4417c08a4c562a7370805ba00b5d6610880,clifford_6,RandomClifford,6,35,0.2857142857142857,0.0011803000015788712,0.0,1
b1_c256,1,256,success,exact,14,14,31,0,,0.003901199999745586,0.00047819999963394366,0.00437939999937953,49,35,0.2857142857142857,not_run_in_development_grid,974adb34b1a2c479396dd1800d00c4417c08a4c562a7370805ba00b5d6610880,clifford_6,RandomClifford,6,35,0.2857142857142857,0.0011803000015788712,0.0,1
b8_c256,8,256,success,exact,14,14,31,0,,0.0030761000016354956,0.00046610000026703347,0.003542200001902529,49,35,0.2857142857142857,not_run_in_development_grid,974adb34b1a2c479396dd1800d00c4417c08a4c562a7370805ba00b5d6610880,clifford_6,RandomClifford,6,35,0.2857142857142857,0.0011803000015788712,0.0,1
b32_c256,32,256,success,exact,14,14,31,0,,0.0025686000008136034,0.0007456000003003282,0.0033142000011139316,49,35,0.2857142857142857,not_run_in_development_grid,974adb34b1a2c479396dd1800d00c4417c08a4c562a7370805ba00b5d6610880,clifford_6,RandomClifford,6,35,0.2857142857142857,0.0011803000015788712,0.0,1
b1_c64,1,64,success,exact,8,8,28,0,,0.002386500000284286,0.0013871999999537366,0.0037737000002380228,45,37,0.1777777777777778,not_run_in_development_grid,f5800ccda7bc5fe6d0223d2c5024b1e92540cfdc9389dbbd217178e1660d20cb,iqp_8,IQP,8,45,0.0,0.001989500000490807,17.777777777777782,1
b8_c64,8,64,success,exact,8,8,28,0,,0.002884999999878346,0.0020709000000351807,0.004955899999913527,45,37,0.1777777777777778,not_run_in_development_grid,f5800ccda7bc5fe6d0223d2c5024b1e92540cfdc9389dbbd217178e1660d20cb,iqp_8,IQP,8,45,0.0,0.001989500000490807,17.777777777777782,1
b32_c64,32,64,success,exact,8,8,28,0,,0.002517299999453826,0.0013569999991887016,0.0038742999986425275,45,37,0.1777777777777778,not_run_in_development_grid,f5800ccda7bc5fe6d0223d2c5024b1e92540cfdc9389dbbd217178e1660d20cb,iqp_8,IQP,8,45,0.0,0.001989500000490807,17.777777777777782,1
b1_c256,1,256,success,exact,8,8,28,0,,0.0026548000005277572,0.0015917999990051612,0.0042465999995329184,45,37,0.1777777777777778,not_run_in_development_grid,f5800ccda7bc5fe6d0223d2c5024b1e92540cfdc9389dbbd217178e1660d20cb,iqp_8,IQP,8,45,0.0,0.001989500000490807,17.777777777777782,1
b8_c256,8,256,success,exact,8,8,28,0,,0.0022730000000592554,0.0013924000013503246,0.00366540000140958,45,37,0.1777777777777778,not_run_in_development_grid,f5800ccda7bc5fe6d0223d2c5024b1e92540cfdc9389dbbd217178e1660d20cb,iqp_8,IQP,8,45,0.0,0.001989500000490807,17.777777777777782,1
b32_c256,32,256,success,exact,8,8,28,0,,0.0022383000014087884,0.002043099999355036,0.004281400000763824,45,37,0.1777777777777778,not_run_in_development_grid,f5800ccda7bc5fe6d0223d2c5024b1e92540cfdc9389dbbd217178e1660d20cb,iqp_8,IQP,8,45,0.0,0.001989500000490807,17.777777777777782,1
b1_c64,1,64,success,exact,11,11,20,0,,0.0031548000006296206,0.0011587999997573206,0.004313600000386941,34,23,0.32352941176470584,not_run_in_development_grid,400ce4e70469d8d27ab3ac5495866397a68ae2ee6ba481d37cd7f7e03df762d3,iqp_6,IQP,6,31,0.08823529411764708,0.0015234000002237735,23.529411764705877,1
b8_c64,8,64,success,exact,11,11,20,0,,0.004107999999177991,0.001109599999836064,0.005217599999014055,34,23,0.32352941176470584,not_run_in_development_grid,400ce4e70469d8d27ab3ac5495866397a68ae2ee6ba481d37cd7f7e03df762d3,iqp_6,IQP,6,31,0.08823529411764708,0.0015234000002237735,23.529411764705877,1
b32_c64,32,64,success,exact,11,11,20,0,,0.0027716999993572244,0.0011087000002589775,0.003880399999616202,34,23,0.32352941176470584,not_run_in_development_grid,400ce4e70469d8d27ab3ac5495866397a68ae2ee6ba481d37cd7f7e03df762d3,iqp_6,IQP,6,31,0.08823529411764708,0.0015234000002237735,23.529411764705877,1
b1_c256,1,256,success,exact,11,11,20,0,,0.003516499999022926,0.0011317999997118022,0.004648299998734728,34,23,0.32352941176470584,not_run_in_development_grid,400ce4e70469d8d27ab3ac5495866397a68ae2ee6ba481d37cd7f7e03df762d3,iqp_6,IQP,6,31,0.08823529411764708,0.0015234000002237735,23.529411764705877,1
b8_c256,8,256,success,exact,11,11,20,0,,0.0035344999996596016,0.0011396000008971896,0.004674100000556791,34,23,0.32352941176470584,not_run_in_development_grid,400ce4e70469d8d27ab3ac5495866397a68ae2ee6ba481d37cd7f7e03df762d3,iqp_6,IQP,6,31,0.08823529411764708,0.0015234000002237735,23.529411764705877,1
b32_c256,32,256,success,exact,11,11,20,0,,0.003150900000036927,0.0013313999988895375,0.0044822999989264645,34,23,0.32352941176470584,not_run_in_development_grid,400ce4e70469d8d27ab3ac5495866397a68ae2ee6ba481d37cd7f7e03df762d3,iqp_6,IQP,6,31,0.08823529411764708,0.0015234000002237735,23.529411764705877,1
b1_c64,1,64,success,truncated,132,128,148923,2,conservative_overlap_check_budget_predicted:20000000:2190159,0.05281519999880402,0.07766570000057982,0.13048089999938384,3922,3790,0.03365629780724122,not_run_in_development_grid,b48696525dc16ace3d17f7656e6602f2710e54d030274a737712c3dc966a5f93,qwalk_6,QuantumWalk,7,3790,0.03365629780724122,0.10885500000040338,0.0,1
b8_c64,8,64,success,truncated,132,128,148923,2,conservative_overlap_check_budget_predicted:20000000:2190159,0.5410630000005767,0.06879730000036943,0.6098603000009462,3922,3790,0.03365629780724122,not_run_in_development_grid,b48696525dc16ace3d17f7656e6602f2710e54d030274a737712c3dc966a5f93,qwalk_6,QuantumWalk,7,3790,0.03365629780724122,0.10885500000040338,0.0,1
b32_c64,32,64,success,truncated,132,128,148923,2,conservative_overlap_check_budget_predicted:20000000:2190159,1.3777750999997807,0.07207519999974465,1.4498502999995253,3922,3790,0.03365629780724122,not_run_in_development_grid,b48696525dc16ace3d17f7656e6602f2710e54d030274a737712c3dc966a5f93,qwalk_6,QuantumWalk,7,3790,0.03365629780724122,0.10885500000040338,0.0,1
b1_c256,1,256,success,exact,132,132,148923,0,conservative_overlap_check_budget_predicted:20000000:2190159,0.045402499999909196,0.07025119999889284,0.11565369999880204,3922,3790,0.03365629780724122,not_run_in_development_grid,b48696525dc16ace3d17f7656e6602f2710e54d030274a737712c3dc966a5f93,qwalk_6,QuantumWalk,7,3790,0.03365629780724122,0.10885500000040338,0.0,1
b8_c256,8,256,success,exact,132,132,148923,0,conservative_overlap_check_budget_predicted:20000000:2190159,0.48316979999981413,0.06739059999927122,0.5505603999990853,3922,3790,0.03365629780724122,not_run_in_development_grid,b48696525dc16ace3d17f7656e6602f2710e54d030274a737712c3dc966a5f93,qwalk_6,QuantumWalk,7,3790,0.03365629780724122,0.10885500000040338,0.0,1
b32_c256,32,256,success,exact,132,132,148923,0,conservative_overlap_check_budget_predicted:20000000:2190159,1.3664542000005895,0.06819560000076308,1.4346498000013526,3922,3790,0.03365629780724122,not_run_in_development_grid,b48696525dc16ace3d17f7656e6602f2710e54d030274a737712c3dc966a5f93,qwalk_6,QuantumWalk,7,3790,0.03365629780724122,0.10885500000040338,0.0,1
b1_c64,1,64,success,exact_zero,0,0,0,0,,0.0010832999996637227,0.00012370000149530824,0.001207000001159031,6,6,0.0,not_run_in_development_grid,376ceef4983731f7550ead348027cf64df326a3131ced4b5445918208feab683,adder_3,Adder,4,6,0.0,0.00038979999953880906,0.0,0
b8_c64,8,64,success,exact_zero,0,0,0,0,,0.0007482999990315875,0.00011030000132450368,0.0008586000003560912,6,6,0.0,not_run_in_development_grid,376ceef4983731f7550ead348027cf64df326a3131ced4b5445918208feab683,adder_3,Adder,4,6,0.0,0.00038979999953880906,0.0,0
b32_c64,32,64,success,exact_zero,0,0,0,0,,0.000672399999530171,0.0001067000011971686,0.0007791000007273396,6,6,0.0,not_run_in_development_grid,376ceef4983731f7550ead348027cf64df326a3131ced4b5445918208feab683,adder_3,Adder,4,6,0.0,0.00038979999953880906,0.0,0
b1_c256,1,256,success,exact_zero,0,0,0,0,,0.0006838000008428935,0.00017880000086734071,0.0008626000017102342,6,6,0.0,not_run_in_development_grid,376ceef4983731f7550ead348027cf64df326a3131ced4b5445918208feab683,adder_3,Adder,4,6,0.0,0.00038979999953880906,0.0,0
b8_c256,8,256,success,exact_zero,0,0,0,0,,0.001196499999423395,0.00010870000005525071,0.0013051999994786456,6,6,0.0,not_run_in_development_grid,376ceef4983731f7550ead348027cf64df326a3131ced4b5445918208feab683,adder_3,Adder,4,6,0.0,0.00038979999953880906,0.0,0
b32_c256,32,256,success,exact_zero,0,0,0,0,,0.0007023999987723073,0.00010470000052009709,0.0008070999992924044,6,6,0.0,not_run_in_development_grid,376ceef4983731f7550ead348027cf64df326a3131ced4b5445918208feab683,adder_3,Adder,4,6,0.0,0.00038979999953880906,0.0,0
b1_c64,1,64,success,exact,3,3,2444,0,,0.008084799999778625,0.01242170000114129,0.020506500000919914,275,272,0.010909090909090868,not_run_in_development_grid,95300c7f12f75049fd4f840f8155f54ae4f02dfc980112dcf6f32aa7fa26c259,haar_4,HaarRandom,4,275,0.0,0.006900200000018231,1.0909090909090868,1
b8_c64,8,64,success,exact,3,3,2444,0,,0.01011090000065451,0.011038099999495898,0.02114900000015041,275,272,0.010909090909090868,not_run_in_development_grid,95300c7f12f75049fd4f840f8155f54ae4f02dfc980112dcf6f32aa7fa26c259,haar_4,HaarRandom,4,275,0.0,0.006900200000018231,1.0909090909090868,1
b32_c64,32,64,success,exact,3,3,2444,0,,0.01067940000029921,0.01783849999992526,0.028517900000224472,275,272,0.010909090909090868,not_run_in_development_grid,95300c7f12f75049fd4f840f8155f54ae4f02dfc980112dcf6f32aa7fa26c259,haar_4,HaarRandom,4,275,0.0,0.006900200000018231,1.0909090909090868,1
b1_c256,1,256,success,exact,3,3,2444,0,,0.009256599998479942,0.010430899999846588,0.01968749999832653,275,272,0.010909090909090868,not_run_in_development_grid,95300c7f12f75049fd4f840f8155f54ae4f02dfc980112dcf6f32aa7fa26c259,haar_4,HaarRandom,4,275,0.0,0.006900200000018231,1.0909090909090868,1
b8_c256,8,256,success,exact,3,3,2444,0,,0.007637699998667813,0.01185549999900104,0.019493199997668853,275,272,0.010909090909090868,not_run_in_development_grid,95300c7f12f75049fd4f840f8155f54ae4f02dfc980112dcf6f32aa7fa26c259,haar_4,HaarRandom,4,275,0.0,0.006900200000018231,1.0909090909090868,1
b32_c256,32,256,success,exact,3,3,2444,0,,0.007319499998629908,0.013409499999397667,0.020728999998027575,275,272,0.010909090909090868,not_run_in_development_grid,95300c7f12f75049fd4f840f8155f54ae4f02dfc980112dcf6f32aa7fa26c259,haar_4,HaarRandom,4,275,0.0,0.006900200000018231,1.0909090909090868,1
b1_c64,1,64,success,exact_zero,0,0,42,0,,0.001590200001373887,0.000981099999989965,0.002571300001363852,66,66,0.0,not_run_in_development_grid,688a54258c5fc58844911584b848f67ef97f01928a47184b30d01cdff70937e2,qaoa_line_8,QAOA,8,66,0.0,0.002882099999624188,0.0,0
b8_c64,8,64,success,exact_zero,0,0,42,0,,0.0008840999998938059,0.0009873999988485593,0.0018714999987423653,66,66,0.0,not_run_in_development_grid,688a54258c5fc58844911584b848f67ef97f01928a47184b30d01cdff70937e2,qaoa_line_8,QAOA,8,66,0.0,0.002882099999624188,0.0,0
b32_c64,32,64,success,exact_zero,0,0,42,0,,0.0008194000001822133,0.0009817999998631421,0.0018012000000453554,66,66,0.0,not_run_in_development_grid,688a54258c5fc58844911584b848f67ef97f01928a47184b30d01cdff70937e2,qaoa_line_8,QAOA,8,66,0.0,0.002882099999624188,0.0,0
b1_c256,1,256,success,exact_zero,0,0,42,0,,0.00122660000124597,0.0010438999997859355,0.0022705000010319054,66,66,0.0,not_run_in_development_grid,688a54258c5fc58844911584b848f67ef97f01928a47184b30d01cdff70937e2,qaoa_line_8,QAOA,8,66,0.0,0.002882099999624188,0.0,0
b8_c256,8,256,success,exact_zero,0,0,42,0,,0.0008873999995557824,0.0010378000006312504,0.0019252000001870329,66,66,0.0,not_run_in_development_grid,688a54258c5fc58844911584b848f67ef97f01928a47184b30d01cdff70937e2,qaoa_line_8,QAOA,8,66,0.0,0.002882099999624188,0.0,0
b32_c256,32,256,success,exact_zero,0,0,42,0,,0.0010944999994535465,0.0009686000012152363,0.0020631000006687827,66,66,0.0,not_run_in_development_grid,688a54258c5fc58844911584b848f67ef97f01928a47184b30d01cdff70937e2,qaoa_line_8,QAOA,8,66,0.0,0.002882099999624188,0.0,0
b1_c64,1,64,success,exact_zero,0,0,30,0,,0.0010431999999127584,0.000755600000047707,0.0017987999999604654,48,48,0.0,not_run_in_development_grid,7ca61cc51f86f8358466b512f82fdd1bedfd46f4ebc65d118de7a2b190605e78,qaoa_line_6,QAOA,6,48,0.0,0.0017825999984779628,0.0,0
b8_c64,8,64,success,exact_zero,0,0,30,0,,0.0010343000012653647,0.0009968999984266702,0.002031199999692035,48,48,0.0,not_run_in_development_grid,7ca61cc51f86f8358466b512f82fdd1bedfd46f4ebc65d118de7a2b190605e78,qaoa_line_6,QAOA,6,48,0.0,0.0017825999984779628,0.0,0
b32_c64,32,64,success,exact_zero,0,0,30,0,,0.0012841999996453524,0.0007542000003013527,0.002038399999946705,48,48,0.0,not_run_in_development_grid,7ca61cc51f86f8358466b512f82fdd1bedfd46f4ebc65d118de7a2b190605e78,qaoa_line_6,QAOA,6,48,0.0,0.0017825999984779628,0.0,0
b1_c256,1,256,success,exact_zero,0,0,30,0,,0.0013600000002043089,0.0008654000012029428,0.0022254000014072517,48,48,0.0,not_run_in_development_grid,7ca61cc51f86f8358466b512f82fdd1bedfd46f4ebc65d118de7a2b190605e78,qaoa_line_6,QAOA,6,48,0.0,0.0017825999984779628,0.0,0
b8_c256,8,256,success,exact_zero,0,0,30,0,,0.0011661999997159,0.0010383999997429783,0.0022045999994588783,48,48,0.0,not_run_in_development_grid,7ca61cc51f86f8358466b512f82fdd1bedfd46f4ebc65d118de7a2b190605e78,qaoa_line_6,QAOA,6,48,0.0,0.0017825999984779628,0.0,0
b32_c256,32,256,success,exact_zero,0,0,30,0,,0.0008323999991262099,0.001041100000293227,0.0018734999994194368,48,48,0.0,not_run_in_development_grid,7ca61cc51f86f8358466b512f82fdd1bedfd46f4ebc65d118de7a2b190605e78,qaoa_line_6,QAOA,6,48,0.0,0.0017825999984779628,0.0,0
b1_c64,1,64,success,exact_zero,0,0,5,0,,0.0013679999992746161,0.0011049999993701931,0.0024729999986448092,46,46,0.0,not_run_in_development_grid,4c91554a6a7a29ac388f41e86df4db15dc97853874c7d6e7defca805db616d06,vqe_twolocal_6,VQE,6,46,0.0,0.0013693999990209704,0.0,0
b8_c64,8,64,success,exact_zero,0,0,5,0,,0.0013480999987223186,0.0015316000008169794,0.002879699999539298,46,46,0.0,not_run_in_development_grid,4c91554a6a7a29ac388f41e86df4db15dc97853874c7d6e7defca805db616d06,vqe_twolocal_6,VQE,6,46,0.0,0.0013693999990209704,0.0,0
b32_c64,32,64,success,exact_zero,0,0,5,0,,0.0011848999984067632,0.0012317000000621192,0.0024165999984688824,46,46,0.0,not_run_in_development_grid,4c91554a6a7a29ac388f41e86df4db15dc97853874c7d6e7defca805db616d06,vqe_twolocal_6,VQE,6,46,0.0,0.0013693999990209704,0.0,0
b1_c256,1,256,success,exact_zero,0,0,5,0,,0.0014950999993743608,0.0008402000003115973,0.002335299999685958,46,46,0.0,not_run_in_development_grid,4c91554a6a7a29ac388f41e86df4db15dc97853874c7d6e7defca805db616d06,vqe_twolocal_6,VQE,6,46,0.0,0.0013693999990209704,0.0,0
b8_c256,8,256,success,exact_zero,0,0,5,0,,0.0009793000008357922,0.0008336999999301042,0.0018130000007658964,46,46,0.0,not_run_in_development_grid,4c91554a6a7a29ac388f41e86df4db15dc97853874c7d6e7defca805db616d06,vqe_twolocal_6,VQE,6,46,0.0,0.0013693999990209704,0.0,0
b32_c256,32,256,success,exact_zero,0,0,5,0,,0.0008330000000569271,0.000824099999590544,0.0016570999996474711,46,46,0.0,not_run_in_development_grid,4c91554a6a7a29ac388f41e86df4db15dc97853874c7d6e7defca805db616d06,vqe_twolocal_6,VQE,6,46,0.0,0.0013693999990209704,0.0,0
b1_c64,1,64,success,exact,4,4,5,0,,0.0012704000000667293,0.00021500000002561137,0.0014854000000923406,11,7,0.36363636363636365,not_run_in_development_grid,02163c542c157c61ed7195186ff2f5485f3042166bff997c922c173ac06103d0,bv_3,Oracle,4,7,0.36363636363636365,0.0003606999998737592,0.0,1
b8_c64,8,64,success,exact,4,4,5,0,,0.0008373000000574393,0.00015439999879163224,0.0009916999988490716,11,7,0.36363636363636365,not_run_in_development_grid,02163c542c157c61ed7195186ff2f5485f3042166bff997c922c173ac06103d0,bv_3,Oracle,4,7,0.36363636363636365,0.0003606999998737592,0.0,1
b32_c64,32,64,success,exact,4,4,5,0,,0.0007341000000451459,0.00014790000022912864,0.0008820000002742745,11,7,0.36363636363636365,not_run_in_development_grid,02163c542c157c61ed7195186ff2f5485f3042166bff997c922c173ac06103d0,bv_3,Oracle,4,7,0.36363636363636365,0.0003606999998737592,0.0,1
b1_c256,1,256,success,exact,4,4,5,0,,0.0007042000015644589,0.00013779999972030055,0.0008420000012847595,11,7,0.36363636363636365,not_run_in_development_grid,02163c542c157c61ed7195186ff2f5485f3042166bff997c922c173ac06103d0,bv_3,Oracle,4,7,0.36363636363636365,0.0003606999998737592,0.0,1
b8_c256,8,256,success,exact,4,4,5,0,,0.0006794000000809319,0.000133700001242687,0.0008131000013236189,11,7,0.36363636363636365,not_run_in_development_grid,02163c542c157c61ed7195186ff2f5485f3042166bff997c922c173ac06103d0,bv_3,Oracle,4,7,0.36363636363636365,0.0003606999998737592,0.0,1
b32_c256,32,256,success,exact,4,4,5,0,,0.0006665000000793952,0.0001432999997632578,0.000809799999842653,11,7,0.36363636363636365,not_run_in_development_grid,02163c542c157c61ed7195186ff2f5485f3042166bff997c922c173ac06103d0,bv_3,Oracle,4,7,0.36363636363636365,0.0003606999998737592,0.0,1
b1_c64,1,64,success,exact_zero,0,0,3,0,,0.0012931000001117354,0.0005603999998129439,0.0018534999999246793,30,30,0.0,not_run_in_development_grid,b15d50df71933b4745ec5799d5ef54fb7c162bc3ca92e983a8aeafe41413e0a6,vqe_twolocal_4,VQE,4,30,0.0,0.001092300000891555,0.0,0
b8_c64,8,64,success,exact_zero,0,0,3,0,,0.0007826000000932254,0.0005115000003570458,0.0012941000004502712,30,30,0.0,not_run_in_development_grid,b15d50df71933b4745ec5799d5ef54fb7c162bc3ca92e983a8aeafe41413e0a6,vqe_twolocal_4,VQE,4,30,0.0,0.001092300000891555,0.0,0
b32_c64,32,64,success,exact_zero,0,0,3,0,,0.0007377000001724809,0.0005218999995122431,0.001259599999684724,30,30,0.0,not_run_in_development_grid,b15d50df71933b4745ec5799d5ef54fb7c162bc3ca92e983a8aeafe41413e0a6,vqe_twolocal_4,VQE,4,30,0.0,0.001092300000891555,0.0,0
b1_c256,1,256,success,exact_zero,0,0,3,0,,0.0008534999997209525,0.0005371999995986698,0.0013906999993196223,30,30,0.0,not_run_in_development_grid,b15d50df71933b4745ec5799d5ef54fb7c162bc3ca92e983a8aeafe41413e0a6,vqe_twolocal_4,VQE,4,30,0.0,0.001092300000891555,0.0,0
b8_c256,8,256,success,exact_zero,0,0,3,0,,0.0007509000006393762,0.0005380999991757562,0.0012889999998151325,30,30,0.0,not_run_in_development_grid,b15d50df71933b4745ec5799d5ef54fb7c162bc3ca92e983a8aeafe41413e0a6,vqe_twolocal_4,VQE,4,30,0.0,0.001092300000891555,0.0,0
b32_c256,32,256,success,exact_zero,0,0,3,0,,0.0007257000015670201,0.0011151999988214811,0.0018409000003885012,30,30,0.0,not_run_in_development_grid,b15d50df71933b4745ec5799d5ef54fb7c162bc3ca92e983a8aeafe41413e0a6,vqe_twolocal_4,VQE,4,30,0.0,0.001092300000891555,0.0,0
b1_c64,1,64,success,exact,24,24,55,0,,0.0031730000009702053,0.0008648999992146855,0.004037900000184891,58,34,0.4137931034482759,not_run_in_development_grid,ccdc8f9f8df42bd9ba725c7a01cb969824ddf0f3041bb56bc2f91791a8b9db06,clifford_8,RandomClifford,8,34,0.4137931034482759,0.0010522999982640613,0.0,1
b8_c64,8,64,success,exact,24,24,55,0,,0.005909800000154064,0.000897100000656792,0.006806900000810856,58,34,0.4137931034482759,not_run_in_development_grid,ccdc8f9f8df42bd9ba725c7a01cb969824ddf0f3041bb56bc2f91791a8b9db06,clifford_8,RandomClifford,8,34,0.4137931034482759,0.0010522999982640613,0.0,1
b32_c64,32,64,success,exact,24,24,55,0,,0.007891699999163393,0.0005565000010392396,0.008448200000202633,58,34,0.4137931034482759,not_run_in_development_grid,ccdc8f9f8df42bd9ba725c7a01cb969824ddf0f3041bb56bc2f91791a8b9db06,clifford_8,RandomClifford,8,34,0.4137931034482759,0.0010522999982640613,0.0,1
b1_c256,1,256,success,exact,24,24,55,0,,0.002788799998597824,0.0010216999999101972,0.0038104999985080212,58,34,0.4137931034482759,not_run_in_development_grid,ccdc8f9f8df42bd9ba725c7a01cb969824ddf0f3041bb56bc2f91791a8b9db06,clifford_8,RandomClifford,8,34,0.4137931034482759,0.0010522999982640613,0.0,1
b8_c256,8,256,success,exact,24,24,55,0,,0.0055566999999427935,0.0008785999998508487,0.006435299999793642,58,34,0.4137931034482759,not_run_in_development_grid,ccdc8f9f8df42bd9ba725c7a01cb969824ddf0f3041bb56bc2f91791a8b9db06,clifford_8,RandomClifford,8,34,0.4137931034482759,0.0010522999982640613,0.0,1
b32_c256,32,256,success,exact,24,24,55,0,,0.010127799998372211,0.0005581000004895031,0.010685899998861714,58,34,0.4137931034482759,not_run_in_development_grid,ccdc8f9f8df42bd9ba725c7a01cb969824ddf0f3041bb56bc2f91791a8b9db06,clifford_8,RandomClifford,8,34,0.4137931034482759,0.0010522999982640613,0.0,1
b1_c64,1,64,success,truncated,168,128,419190,20,conservative_overlap_check_budget_predicted:20000000:6771192,0.11145930000020599,0.13541189999887138,0.24687119999907736,7156,6988,0.02347680268306318,not_run_in_development_grid,f4b0bcb6432520607dadb467eb5e704c725dfbb16639473eee8c5a019635e799,qwalk_7,QuantumWalk,8,6988,0.02347680268306318,0.22104489999765065,0.0,1
b8_c64,8,64,success,truncated,168,128,419190,20,conservative_overlap_check_budget_predicted:20000000:6771192,1.1512699999984761,0.143050000000585,1.294319999999061,7156,6988,0.02347680268306318,not_run_in_development_grid,f4b0bcb6432520607dadb467eb5e704c725dfbb16639473eee8c5a019635e799,qwalk_7,QuantumWalk,8,6988,0.02347680268306318,0.22104489999765065,0.0,1
b32_c64,32,64,success,truncated,168,128,419190,20,conservative_overlap_check_budget_predicted:20000000:6771192,2.8667413000002853,0.13212659999953758,2.998867899999823,7156,6988,0.02347680268306318,not_run_in_development_grid,f4b0bcb6432520607dadb467eb5e704c725dfbb16639473eee8c5a019635e799,qwalk_7,QuantumWalk,8,6988,0.02347680268306318,0.22104489999765065,0.0,1
b1_c256,1,256,success,exact,168,168,419190,0,conservative_overlap_check_budget_predicted:20000000:6771192,0.18436190000102215,0.23994560000028287,0.424307500001305,7156,6988,0.02347680268306318,not_run_in_development_grid,f4b0bcb6432520607dadb467eb5e704c725dfbb16639473eee8c5a019635e799,qwalk_7,QuantumWalk,8,6988,0.02347680268306318,0.22104489999765065,0.0,1
b8_c256,8,256,success,exact,168,168,419190,0,conservative_overlap_check_budget_predicted:20000000:6771192,0.9081396000001405,0.134140699999989,1.0422803000001295,7156,6988,0.02347680268306318,not_run_in_development_grid,f4b0bcb6432520607dadb467eb5e704c725dfbb16639473eee8c5a019635e799,qwalk_7,QuantumWalk,8,6988,0.02347680268306318,0.22104489999765065,0.0,1
b32_c256,32,256,success,exact,168,168,419190,0,conservative_overlap_check_budget_predicted:20000000:6771192,3.0300240000015037,0.12566659999902186,3.1556906000005256,7156,6988,0.02347680268306318,not_run_in_development_grid,f4b0bcb6432520607dadb467eb5e704c725dfbb16639473eee8c5a019635e799,qwalk_7,QuantumWalk,8,6988,0.02347680268306318,0.22104489999765065,0.0,1
b1_c64,1,64,success,exact_zero,0,0,42,0,,0.0012643999998545041,0.0009933999990607845,0.0022577999989152886,66,66,0.0,not_run_in_development_grid,8a29549e2e2fa7f01199af622b2eca0054357c598c80d4060397da27d98f6196,qaoa_line_8,QAOA,8,66,0.0,0.0026295000006939517,0.0,0
b8_c64,8,64,success,exact_zero,0,0,42,0,,0.0009129000009124866,0.001518999999461812,0.0024319000003742985,66,66,0.0,not_run_in_development_grid,8a29549e2e2fa7f01199af622b2eca0054357c598c80d4060397da27d98f6196,qaoa_line_8,QAOA,8,66,0.0,0.0026295000006939517,0.0,0
b32_c64,32,64,success,exact_zero,0,0,42,0,,0.001660500000070897,0.001017399999909685,0.002677899999980582,66,66,0.0,not_run_in_development_grid,8a29549e2e2fa7f01199af622b2eca0054357c598c80d4060397da27d98f6196,qaoa_line_8,QAOA,8,66,0.0,0.0026295000006939517,0.0,0
b1_c256,1,256,success,exact_zero,0,0,42,0,,0.0009602000009181211,0.0009672999985923525,0.0019274999995104736,66,66,0.0,not_run_in_development_grid,8a29549e2e2fa7f01199af622b2eca0054357c598c80d4060397da27d98f6196,qaoa_line_8,QAOA,8,66,0.0,0.0026295000006939517,0.0,0
b8_c256,8,256,success,exact_zero,0,0,42,0,,0.000862000000779517,0.0009532000003673602,0.0018152000011468772,66,66,0.0,not_run_in_development_grid,8a29549e2e2fa7f01199af622b2eca0054357c598c80d4060397da27d98f6196,qaoa_line_8,QAOA,8,66,0.0,0.0026295000006939517,0.0,0
b32_c256,32,256,success,exact_zero,0,0,42,0,,0.0008488000003126217,0.0011814000008598669,0.0020302000011724886,66,66,0.0,not_run_in_development_grid,8a29549e2e2fa7f01199af622b2eca0054357c598c80d4060397da27d98f6196,qaoa_line_8,QAOA,8,66,0.0,0.0026295000006939517,0.0,0
b1_c64,1,64,success,exact,120,120,51264,0,,1.1146202999989328,0.035599099999672035,1.1502193999986048,1900,1780,0.06315789473684208,not_run_in_development_grid,5a934ea58cefe89266217b8814d0f05d97ee7364560c39b14857c236af49988b,qwalk_5,QuantumWalk,6,1780,0.06315789473684208,0.05108979999931762,0.0,1
b8_c64,8,64,success,exact,120,120,51264,0,,7.20221169999968,0.04623109999920416,7.248442799998884,1900,1780,0.06315789473684208,not_run_in_development_grid,5a934ea58cefe89266217b8814d0f05d97ee7364560c39b14857c236af49988b,qwalk_5,QuantumWalk,6,1780,0.06315789473684208,0.05108979999931762,0.0,1
b32_c64,32,64,success,exact,120,120,51264,0,,25.881501699999717,0.05144110000037472,25.93294280000009,1900,1780,0.06315789473684208,not_run_in_development_grid,5a934ea58cefe89266217b8814d0f05d97ee7364560c39b14857c236af49988b,qwalk_5,QuantumWalk,6,1780,0.06315789473684208,0.05108979999931762,0.0,1
b1_c256,1,256,success,exact,120,120,51264,0,,1.3633204999987356,0.033714000001054956,1.3970344999997906,1900,1780,0.06315789473684208,not_run_in_development_grid,5a934ea58cefe89266217b8814d0f05d97ee7364560c39b14857c236af49988b,qwalk_5,QuantumWalk,6,1780,0.06315789473684208,0.05108979999931762,0.0,1
b8_c256,8,256,success,exact,120,120,51264,0,,7.447018799999569,0.03425749999951222,7.481276299999081,1900,1780,0.06315789473684208,not_run_in_development_grid,5a934ea58cefe89266217b8814d0f05d97ee7364560c39b14857c236af49988b,qwalk_5,QuantumWalk,6,1780,0.06315789473684208,0.05108979999931762,0.0,1
b32_c256,32,256,success,exact,120,120,51264,0,,25.13630639999974,0.034362800000963034,25.170669200000702,1900,1780,0.06315789473684208,not_run_in_development_grid,5a934ea58cefe89266217b8814d0f05d97ee7364560c39b14857c236af49988b,qwalk_5,QuantumWalk,6,1780,0.06315789473684208,0.05108979999931762,0.0,1
b1_c64,1,64,success,exact,6,6,8,0,,0.0011597000011533964,0.0003054000007978175,0.001465100001951214,19,13,0.3157894736842105,not_run_in_development_grid,819de267fab80716cb86e286e98db600de07f39e06fb46f98a0783888e0e19a6,bv_6,Oracle,7,13,0.3157894736842105,0.0006091000013839221,0.0,1
b8_c64,8,64,success,exact,6,6,8,0,,0.001512900000307127,0.0002395999999862397,0.0017525000002933666,19,13,0.3157894736842105,not_run_in_development_grid,819de267fab80716cb86e286e98db600de07f39e06fb46f98a0783888e0e19a6,bv_6,Oracle,7,13,0.3157894736842105,0.0006091000013839221,0.0,1
b32_c64,32,64,success,exact,6,6,8,0,,0.0008184999987861374,0.0002193000000261236,0.001037799998812261,19,13,0.3157894736842105,not_run_in_development_grid,819de267fab80716cb86e286e98db600de07f39e06fb46f98a0783888e0e19a6,bv_6,Oracle,7,13,0.3157894736842105,0.0006091000013839221,0.0,1
b1_c256,1,256,success,exact,6,6,8,0,,0.0007481000011466676,0.0002111000012519071,0.0009592000023985747,19,13,0.3157894736842105,not_run_in_development_grid,819de267fab80716cb86e286e98db600de07f39e06fb46f98a0783888e0e19a6,bv_6,Oracle,7,13,0.3157894736842105,0.0006091000013839221,0.0,1
b8_c256,8,256,success,exact,6,6,8,0,,0.0007222999993246049,0.00020760000006703194,0.0009298999993916368,19,13,0.3157894736842105,not_run_in_development_grid,819de267fab80716cb86e286e98db600de07f39e06fb46f98a0783888e0e19a6,bv_6,Oracle,7,13,0.3157894736842105,0.0006091000013839221,0.0,1
b32_c256,32,256,success,exact,6,6,8,0,,0.0007326000013563316,0.00020870000116701704,0.0009413000025233487,19,13,0.3157894736842105,not_run_in_development_grid,819de267fab80716cb86e286e98db600de07f39e06fb46f98a0783888e0e19a6,bv_6,Oracle,7,13,0.3157894736842105,0.0006091000013839221,0.0,1
b1_c64,1,64,success,exact,3,3,12,0,,0.001501099999586586,0.0006787000002077548,0.0021797999997943407,21,18,0.1428571428571429,not_run_in_development_grid,dce7762d954de1250538ce0ef1982983332ffbdb47daa6e5f864c86712de8393,iqp_4,IQP,4,18,0.1428571428571429,0.001177699998152093,0.0,1
b8_c64,8,64,success,exact,3,3,12,0,,0.0015972999990481185,0.0010466000003361842,0.0026438999993843026,21,18,0.1428571428571429,not_run_in_development_grid,dce7762d954de1250538ce0ef1982983332ffbdb47daa6e5f864c86712de8393,iqp_4,IQP,4,18,0.1428571428571429,0.001177699998152093,0.0,1
b32_c64,32,64,success,exact,3,3,12,0,,0.0013259999996080296,0.0012079999996785773,0.002533999999286607,21,18,0.1428571428571429,not_run_in_development_grid,dce7762d954de1250538ce0ef1982983332ffbdb47daa6e5f864c86712de8393,iqp_4,IQP,4,18,0.1428571428571429,0.001177699998152093,0.0,1
b1_c256,1,256,success,exact,3,3,12,0,,0.0015626000003976515,0.0005679000005329726,0.002130500000930624,21,18,0.1428571428571429,not_run_in_development_grid,dce7762d954de1250538ce0ef1982983332ffbdb47daa6e5f864c86712de8393,iqp_4,IQP,4,18,0.1428571428571429,0.001177699998152093,0.0,1
b8_c256,8,256,success,exact,3,3,12,0,,0.0018749999999272404,0.0009260999995603925,0.002801099999487633,21,18,0.1428571428571429,not_run_in_development_grid,dce7762d954de1250538ce0ef1982983332ffbdb47daa6e5f864c86712de8393,iqp_4,IQP,4,18,0.1428571428571429,0.001177699998152093,0.0,1
b32_c256,32,256,success,exact,3,3,12,0,,0.0011969999995926628,0.0006532999996125,0.0018502999992051627,21,18,0.1428571428571429,not_run_in_development_grid,dce7762d954de1250538ce0ef1982983332ffbdb47daa6e5f864c86712de8393,iqp_4,IQP,4,18,0.1428571428571429,0.001177699998152093,0.0,1
b1_c64,1,64,success,exact_zero,0,0,0,0,,0.0013271999996504746,0.0001291999997192761,0.0014563999993697507,6,6,0.0,not_run_in_development_grid,c2f59740e6b3e2a395683f9a2c34a12a350af985f437251f55c71e43bf23f1ab,adder_3,Adder,4,6,0.0,0.0007069999992381781,0.0,0
b8_c64,8,64,success,exact_zero,0,0,0,0,,0.0007421999998769024,0.00011759999870264437,0.0008597999985795468,6,6,0.0,not_run_in_development_grid,c2f59740e6b3e2a395683f9a2c34a12a350af985f437251f55c71e43bf23f1ab,adder_3,Adder,4,6,0.0,0.0007069999992381781,0.0,0
b32_c64,32,64,success,exact_zero,0,0,0,0,,0.0007083999989845324,0.00010800000018207356,0.000816399999166606,6,6,0.0,not_run_in_development_grid,c2f59740e6b3e2a395683f9a2c34a12a350af985f437251f55c71e43bf23f1ab,adder_3,Adder,4,6,0.0,0.0007069999992381781,0.0,0
b1_c256,1,256,success,exact_zero,0,0,0,0,,0.0006950000006327173,0.00010850000035134144,0.0008035000009840587,6,6,0.0,not_run_in_development_grid,c2f59740e6b3e2a395683f9a2c34a12a350af985f437251f55c71e43bf23f1ab,adder_3,Adder,4,6,0.0,0.0007069999992381781,0.0,0
b8_c256,8,256,success,exact_zero,0,0,0,0,,0.0007081999992806232,0.00010590000056254212,0.0008140999998431653,6,6,0.0,not_run_in_development_grid,c2f59740e6b3e2a395683f9a2c34a12a350af985f437251f55c71e43bf23f1ab,adder_3,Adder,4,6,0.0,0.0007069999992381781,0.0,0
b32_c256,32,256,success,exact_zero,0,0,0,0,,0.0006733999998687068,0.00011509999967529438,0.0007884999995440012,6,6,0.0,not_run_in_development_grid,c2f59740e6b3e2a395683f9a2c34a12a350af985f437251f55c71e43bf23f1ab,adder_3,Adder,4,6,0.0,0.0007069999992381781,0.0,0
b1_c64,1,64,success,exact,18,18,9819,0,,1.1079186999995727,0.018014900000707712,1.1259336000002804,1130,1112,0.015929203539822967,not_run_in_development_grid,9622962052cfcefe2e8d5fcff75c437ddc1262dc21b471fdc6bd179d3b83f28b,grover_8,Grover,8,1112,0.015929203539822967,0.029864699999961886,0.0,1
b8_c64,8,64,success,exact,18,18,9819,0,,1.1781909999990603,0.016904300000533112,1.1950952999995934,1130,1112,0.015929203539822967,not_run_in_development_grid,9622962052cfcefe2e8d5fcff75c437ddc1262dc21b471fdc6bd179d3b83f28b,grover_8,Grover,8,1112,0.015929203539822967,0.029864699999961886,0.0,1
b32_c64,32,64,success,exact,18,18,9819,0,,1.1221394000003784,0.01953230000071926,1.1416717000010976,1130,1112,0.015929203539822967,not_run_in_development_grid,9622962052cfcefe2e8d5fcff75c437ddc1262dc21b471fdc6bd179d3b83f28b,grover_8,Grover,8,1112,0.015929203539822967,0.029864699999961886,0.0,1
b1_c256,1,256,success,exact,18,18,9819,0,,1.1517357000011543,0.018238900000142166,1.1699746000012965,1130,1112,0.015929203539822967,not_run_in_development_grid,9622962052cfcefe2e8d5fcff75c437ddc1262dc21b471fdc6bd179d3b83f28b,grover_8,Grover,8,1112,0.015929203539822967,0.029864699999961886,0.0,1
b8_c256,8,256,success,exact,18,18,9819,0,,1.1184577000003628,0.027041700001063873,1.1454994000014267,1130,1112,0.015929203539822967,not_run_in_development_grid,9622962052cfcefe2e8d5fcff75c437ddc1262dc21b471fdc6bd179d3b83f28b,grover_8,Grover,8,1112,0.015929203539822967,0.029864699999961886,0.0,1
b32_c256,32,256,success,exact,18,18,9819,0,,1.1206443999999465,0.017251400000532158,1.1378958000004786,1130,1112,0.015929203539822967,not_run_in_development_grid,9622962052cfcefe2e8d5fcff75c437ddc1262dc21b471fdc6bd179d3b83f28b,grover_8,Grover,8,1112,0.015929203539822967,0.029864699999961886,0.0,1
b1_c64,1,64,success,exact_zero,0,0,1,0,,0.0009852999992290279,0.0001478000012866687,0.0011331000005156966,9,9,0.0,not_run_in_development_grid,52fa838edc0ec27d2776b0f16823e23c9dd0d9fcbc80dde3c63633de21d71851,surface_code_7,SurfaceCode,8,9,0.0,0.0006372999996528961,0.0,0
b8_c64,8,64,success,exact_zero,0,0,1,0,,0.0007070999999996275,0.00013969999963592272,0.0008467999996355502,9,9,0.0,not_run_in_development_grid,52fa838edc0ec27d2776b0f16823e23c9dd0d9fcbc80dde3c63633de21d71851,surface_code_7,SurfaceCode,8,9,0.0,0.0006372999996528961,0.0,0
b32_c64,32,64,success,exact_zero,0,0,1,0,,0.0006515999994007871,0.00013280000166560058,0.0007844000010663876,9,9,0.0,not_run_in_development_grid,52fa838edc0ec27d2776b0f16823e23c9dd0d9fcbc80dde3c63633de21d71851,surface_code_7,SurfaceCode,8,9,0.0,0.0006372999996528961,0.0,0
b1_c256,1,256,success,exact_zero,0,0,1,0,,0.0006355999994411832,0.00013109999963489827,0.0007666999990760814,9,9,0.0,not_run_in_development_grid,52fa838edc0ec27d2776b0f16823e23c9dd0d9fcbc80dde3c63633de21d71851,surface_code_7,SurfaceCode,8,9,0.0,0.0006372999996528961,0.0,0
b8_c256,8,256,success,exact_zero,0,0,1,0,,0.0006563000006281072,0.00013100000069243833,0.0007873000013205456,9,9,0.0,not_run_in_development_grid,52fa838edc0ec27d2776b0f16823e23c9dd0d9fcbc80dde3c63633de21d71851,surface_code_7,SurfaceCode,8,9,0.0,0.0006372999996528961,0.0,0
b32_c256,32,256,success,exact_zero,0,0,1,0,,0.0006262999995669816,0.0001289000010729069,0.0007552000006398885,9,9,0.0,not_run_in_development_grid,52fa838edc0ec27d2776b0f16823e23c9dd0d9fcbc80dde3c63633de21d71851,surface_code_7,SurfaceCode,8,9,0.0,0.0006372999996528961,0.0,0
b1_c64,1,64,success,exact,10,10,33,0,,0.0020396000018081395,0.0005942000007053139,0.0026338000025134534,58,48,0.1724137931034483,not_run_in_development_grid,b23d5b47568d035621cb80cca02e66ed29fa44d2e21a148d6383023cfd01a848,clifford_8,RandomClifford,8,48,0.1724137931034483,0.001653499999520136,0.0,1
b8_c64,8,64,success,exact,10,10,33,0,,0.0014924000006431015,0.0005838000015501166,0.002076200002193218,58,48,0.1724137931034483,not_run_in_development_grid,b23d5b47568d035621cb80cca02e66ed29fa44d2e21a148d6383023cfd01a848,clifford_8,RandomClifford,8,48,0.1724137931034483,0.001653499999520136,0.0,1
b32_c64,32,64,success,exact,10,10,33,0,,0.0013698000002477784,0.0012179000004834961,0.0025877000007312745,58,48,0.1724137931034483,not_run_in_development_grid,b23d5b47568d035621cb80cca02e66ed29fa44d2e21a148d6383023cfd01a848,clifford_8,RandomClifford,8,48,0.1724137931034483,0.001653499999520136,0.0,1
b1_c256,1,256,success,exact,10,10,33,0,,0.0018310000014025718,0.0005889999993087258,0.0024200000007112976,58,48,0.1724137931034483,not_run_in_development_grid,b23d5b47568d035621cb80cca02e66ed29fa44d2e21a148d6383023cfd01a848,clifford_8,RandomClifford,8,48,0.1724137931034483,0.001653499999520136,0.0,1
b8_c256,8,256,success,exact,10,10,33,0,,0.0013812999986839714,0.0005858000004081987,0.00196709999909217,58,48,0.1724137931034483,not_run_in_development_grid,b23d5b47568d035621cb80cca02e66ed29fa44d2e21a148d6383023cfd01a848,clifford_8,RandomClifford,8,48,0.1724137931034483,0.001653499999520136,0.0,1
b32_c256,32,256,success,exact,10,10,33,0,,0.0014274000004661502,0.0006171000004542293,0.0020445000009203795,58,48,0.1724137931034483,not_run_in_development_grid,b23d5b47568d035621cb80cca02e66ed29fa44d2e21a148d6383023cfd01a848,clifford_8,RandomClifford,8,48,0.1724137931034483,0.001653499999520136,0.0,1
b1_c64,1,64,success,truncated,168,128,419190,20,conservative_overlap_check_budget_predicted:20000000:6771192,0.1166045000009035,0.12198940000052971,0.2385939000014332,7156,6988,0.02347680268306318,not_run_in_development_grid,6194c79c6876f931fd4dd2e105ee631824a9635fa4fec3f8ff6e7642655610e8,qwalk_7,QuantumWalk,8,6988,0.02347680268306318,0.21816299999954936,0.0,1
b8_c64,8,64,success,truncated,168,128,419190,20,conservative_overlap_check_budget_predicted:20000000:6771192,0.9942743000010523,0.1249046000011731,1.1191789000022254,7156,6988,0.02347680268306318,not_run_in_development_grid,6194c79c6876f931fd4dd2e105ee631824a9635fa4fec3f8ff6e7642655610e8,qwalk_7,QuantumWalk,8,6988,0.02347680268306318,0.21816299999954936,0.0,1
b32_c64,32,64,success,truncated,168,128,419190,20,conservative_overlap_check_budget_predicted:20000000:6771192,2.8227972999993654,0.12416870000015479,2.94696599999952,7156,6988,0.02347680268306318,not_run_in_development_grid,6194c79c6876f931fd4dd2e105ee631824a9635fa4fec3f8ff6e7642655610e8,qwalk_7,QuantumWalk,8,6988,0.02347680268306318,0.21816299999954936,0.0,1
b1_c256,1,256,success,exact,168,168,419190,0,conservative_overlap_check_budget_predicted:20000000:6771192,0.12023320000116655,0.14601389999916137,0.2662471000003279,7156,6988,0.02347680268306318,not_run_in_development_grid,6194c79c6876f931fd4dd2e105ee631824a9635fa4fec3f8ff6e7642655610e8,qwalk_7,QuantumWalk,8,6988,0.02347680268306318,0.21816299999954936,0.0,1
b8_c256,8,256,success,exact,168,168,419190,0,conservative_overlap_check_budget_predicted:20000000:6771192,0.9146039000006567,0.1705638999992516,1.0851677999999083,7156,6988,0.02347680268306318,not_run_in_development_grid,6194c79c6876f931fd4dd2e105ee631824a9635fa4fec3f8ff6e7642655610e8,qwalk_7,QuantumWalk,8,6988,0.02347680268306318,0.21816299999954936,0.0,1
b32_c256,32,256,success,exact,168,168,419190,0,conservative_overlap_check_budget_predicted:20000000:6771192,3.472333300000173,0.12883090000104858,3.6011642000012216,7156,6988,0.02347680268306318,not_run_in_development_grid,6194c79c6876f931fd4dd2e105ee631824a9635fa4fec3f8ff6e7642655610e8,qwalk_7,QuantumWalk,8,6988,0.02347680268306318,0.21816299999954936,0.0,1
b1_c64,1,64,success,exact,2,2,47,0,,0.0011032999991584802,0.0006594999995286344,0.0017627999986871146,28,26,0.0714285714285714,not_run_in_development_grid,5f5b6844177bd52e8c187fc996896ec6118d9e360e258d5f3707493673cae096,uccsd_4,UCCSD_inspired,4,26,0.0714285714285714,0.001038299998981529,0.0,1
b8_c64,8,64,success,exact,2,2,47,0,,0.0008529000006092247,0.000631200000498211,0.0014841000011074357,28,26,0.0714285714285714,not_run_in_development_grid,5f5b6844177bd52e8c187fc996896ec6118d9e360e258d5f3707493673cae096,uccsd_4,UCCSD_inspired,4,26,0.0714285714285714,0.001038299998981529,0.0,1
b32_c64,32,64,success,exact,2,2,47,0,,0.0007719999994151294,0.000631200000498211,0.0014031999999133404,28,26,0.0714285714285714,not_run_in_development_grid,5f5b6844177bd52e8c187fc996896ec6118d9e360e258d5f3707493673cae096,uccsd_4,UCCSD_inspired,4,26,0.0714285714285714,0.001038299998981529,0.0,1
b1_c256,1,256,success,exact,2,2,47,0,,0.0010627000010572374,0.0006854000002931571,0.0017481000013503945,28,26,0.0714285714285714,not_run_in_development_grid,5f5b6844177bd52e8c187fc996896ec6118d9e360e258d5f3707493673cae096,uccsd_4,UCCSD_inspired,4,26,0.0714285714285714,0.001038299998981529,0.0,1
b8_c256,8,256,success,exact,2,2,47,0,,0.0009277000008296454,0.0006245000004128087,0.0015522000012424542,28,26,0.0714285714285714,not_run_in_development_grid,5f5b6844177bd52e8c187fc996896ec6118d9e360e258d5f3707493673cae096,uccsd_4,UCCSD_inspired,4,26,0.0714285714285714,0.001038299998981529,0.0,1
b32_c256,32,256,success,exact,2,2,47,0,,0.0007991000002220972,0.0006274999996094266,0.0014265999998315237,28,26,0.0714285714285714,not_run_in_development_grid,5f5b6844177bd52e8c187fc996896ec6118d9e360e258d5f3707493673cae096,uccsd_4,UCCSD_inspired,4,26,0.0714285714285714,0.001038299998981529,0.0,1
b1_c64,1,64,success,exact_zero,0,0,1,0,,0.0007407999983115587,0.00012559999959194101,0.0008663999979034998,8,8,0.0,not_run_in_development_grid,9a6752a986b7de67a2977ce77e0634b35bfc7e4d5a12d7062bff9e2c4b218176,surface_code_5,SurfaceCode,6,8,0.0,0.000278499999694759,0.0,0
b8_c64,8,64,success,exact_zero,0,0,1,0,,0.0007020999983069487,0.00012109999988751952,0.0008231999981944682,8,8,0.0,not_run_in_development_grid,9a6752a986b7de67a2977ce77e0634b35bfc7e4d5a12d7062bff9e2c4b218176,surface_code_5,SurfaceCode,6,8,0.0,0.000278499999694759,0.0,0
b32_c64,32,64,success,exact_zero,0,0,1,0,,0.0006730999994033482,0.00016110000069602393,0.0008342000000993721,8,8,0.0,not_run_in_development_grid,9a6752a986b7de67a2977ce77e0634b35bfc7e4d5a12d7062bff9e2c4b218176,surface_code_5,SurfaceCode,6,8,0.0,0.000278499999694759,0.0,0
b1_c256,1,256,success,exact_zero,0,0,1,0,,0.0009482000004936708,0.00020249999943189323,0.001150699999925564,8,8,0.0,not_run_in_development_grid,9a6752a986b7de67a2977ce77e0634b35bfc7e4d5a12d7062bff9e2c4b218176,surface_code_5,SurfaceCode,6,8,0.0,0.000278499999694759,0.0,0
b8_c256,8,256,success,exact_zero,0,0,1,0,,0.0009738000007928349,0.0001277999999729218,0.0011016000007657567,8,8,0.0,not_run_in_development_grid,9a6752a986b7de67a2977ce77e0634b35bfc7e4d5a12d7062bff9e2c4b218176,surface_code_5,SurfaceCode,6,8,0.0,0.000278499999694759,0.0,0
b32_c256,32,256,success,exact_zero,0,0,1,0,,0.0007304000009753508,0.00013279999984661117,0.000863200000821962,8,8,0.0,not_run_in_development_grid,9a6752a986b7de67a2977ce77e0634b35bfc7e4d5a12d7062bff9e2c4b218176,surface_code_5,SurfaceCode,6,8,0.0,0.000278499999694759,0.0,0
b1_c64,1,64,success,truncated,168,128,419190,20,conservative_overlap_check_budget_predicted:20000000:6771192,0.10659409999971103,0.1304400999997597,0.23703419999947073,7156,6988,0.02347680268306318,not_run_in_development_grid,9b819e13eadb54421cd96fd869adb2ed0aa6de9853a854066e3d928117142acf,qwalk_7,QuantumWalk,8,6988,0.02347680268306318,0.26338120000036724,0.0,1
b8_c64,8,64,success,truncated,168,128,419190,20,conservative_overlap_check_budget_predicted:20000000:6771192,0.9153597000004083,0.1251695999999356,1.040529300000344,7156,6988,0.02347680268306318,not_run_in_development_grid,9b819e13eadb54421cd96fd869adb2ed0aa6de9853a854066e3d928117142acf,qwalk_7,QuantumWalk,8,6988,0.02347680268306318,0.26338120000036724,0.0,1
b32_c64,32,64,success,truncated,168,128,419190,20,conservative_overlap_check_budget_predicted:20000000:6771192,2.787461899999471,0.13016930000048887,2.91763119999996,7156,6988,0.02347680268306318,not_run_in_development_grid,9b819e13eadb54421cd96fd869adb2ed0aa6de9853a854066e3d928117142acf,qwalk_7,QuantumWalk,8,6988,0.02347680268306318,0.26338120000036724,0.0,1
b1_c256,1,256,success,exact,168,168,419190,0,conservative_overlap_check_budget_predicted:20000000:6771192,0.2138027000000875,0.1401122999996005,0.353914999999688,7156,6988,0.02347680268306318,not_run_in_development_grid,9b819e13eadb54421cd96fd869adb2ed0aa6de9853a854066e3d928117142acf,qwalk_7,QuantumWalk,8,6988,0.02347680268306318,0.26338120000036724,0.0,1
b8_c256,8,256,success,exact,168,168,419190,0,conservative_overlap_check_budget_predicted:20000000:6771192,0.8937277000004542,0.12612579999949958,1.0198534999999538,7156,6988,0.02347680268306318,not_run_in_development_grid,9b819e13eadb54421cd96fd869adb2ed0aa6de9853a854066e3d928117142acf,qwalk_7,QuantumWalk,8,6988,0.02347680268306318,0.26338120000036724,0.0,1
b32_c256,32,256,success,exact,168,168,419190,0,conservative_overlap_check_budget_predicted:20000000:6771192,2.972715200001403,0.12131989999943471,3.0940351000008377,7156,6988,0.02347680268306318,not_run_in_development_grid,9b819e13eadb54421cd96fd869adb2ed0aa6de9853a854066e3d928117142acf,qwalk_7,QuantumWalk,8,6988,0.02347680268306318,0.26338120000036724,0.0,1
b1_c64,1,64,success,exact,12,12,9,0,,0.0015620000012859236,0.00021410000044852495,0.0017761000017344486,19,7,0.631578947368421,not_run_in_development_grid,c80dc910531d98ab04912a54ca6e6cff211f9569ba484ea14b21a9fcde6bec0c,bv_7,Oracle,8,7,0.631578947368421,0.0008310999983223155,0.0,1
b8_c64,8,64,success,exact,12,12,9,0,,0.0011480000011943048,0.0001771000006556278,0.0013251000018499326,19,7,0.631578947368421,not_run_in_development_grid,c80dc910531d98ab04912a54ca6e6cff211f9569ba484ea14b21a9fcde6bec0c,bv_7,Oracle,8,7,0.631578947368421,0.0008310999983223155,0.0,1
b32_c64,32,64,success,exact,12,12,9,0,,0.0009000999998534098,0.00017219999972439837,0.0010722999995778082,19,7,0.631578947368421,not_run_in_development_grid,c80dc910531d98ab04912a54ca6e6cff211f9569ba484ea14b21a9fcde6bec0c,bv_7,Oracle,8,7,0.631578947368421,0.0008310999983223155,0.0,1
b1_c256,1,256,success,exact,12,12,9,0,,0.0012667000009969342,0.00027240000054007396,0.0015391000015370082,19,7,0.631578947368421,not_run_in_development_grid,c80dc910531d98ab04912a54ca6e6cff211f9569ba484ea14b21a9fcde6bec0c,bv_7,Oracle,8,7,0.631578947368421,0.0008310999983223155,0.0,1
b8_c256,8,256,success,exact,12,12,9,0,,0.001100600000427221,0.0001733999997668434,0.0012740000001940643,19,7,0.631578947368421,not_run_in_development_grid,c80dc910531d98ab04912a54ca6e6cff211f9569ba484ea14b21a9fcde6bec0c,bv_7,Oracle,8,7,0.631578947368421,0.0008310999983223155,0.0,1
b32_c256,32,256,success,exact,12,12,9,0,,0.0008590000015828991,0.00019009999959962443,0.0010491000011825236,19,7,0.631578947368421,not_run_in_development_grid,c80dc910531d98ab04912a54ca6e6cff211f9569ba484ea14b21a9fcde6bec0c,bv_7,Oracle,8,7,0.631578947368421,0.0008310999983223155,0.0,1
b1_c64,1,64,success,exact,2,2,10,0,,0.0012175000010756776,0.000377200000002631,0.0015947000010783086,27,25,0.07407407407407407,not_run_in_development_grid,d3b5ace1ffcfa1395fa7475de82da131003d95cdf3358f349d791df72f45b4ae,bv_8,Oracle,9,25,0.07407407407407407,0.0008328000003530178,0.0,1
b8_c64,8,64,success,exact,2,2,10,0,,0.0016477999997732695,0.0004222999996272847,0.0020700999994005542,27,25,0.07407407407407407,not_run_in_development_grid,d3b5ace1ffcfa1395fa7475de82da131003d95cdf3358f349d791df72f45b4ae,bv_8,Oracle,9,25,0.07407407407407407,0.0008328000003530178,0.0,1
b32_c64,32,64,success,exact,2,2,10,0,,0.001117200001317542,0.00033989999974437524,0.0014571000010619173,27,25,0.07407407407407407,not_run_in_development_grid,d3b5ace1ffcfa1395fa7475de82da131003d95cdf3358f349d791df72f45b4ae,bv_8,Oracle,9,25,0.07407407407407407,0.0008328000003530178,0.0,1
b1_c256,1,256,success,exact,2,2,10,0,,0.0008348999999725493,0.000470199998744647,0.0013050999987171963,27,25,0.07407407407407407,not_run_in_development_grid,d3b5ace1ffcfa1395fa7475de82da131003d95cdf3358f349d791df72f45b4ae,bv_8,Oracle,9,25,0.07407407407407407,0.0008328000003530178,0.0,1
b8_c256,8,256,success,exact,2,2,10,0,,0.0011997999990853714,0.0006064999997761333,0.0018062999988615047,27,25,0.07407407407407407,not_run_in_development_grid,d3b5ace1ffcfa1395fa7475de82da131003d95cdf3358f349d791df72f45b4ae,bv_8,Oracle,9,25,0.07407407407407407,0.0008328000003530178,0.0,1
b32_c256,32,256,success,exact,2,2,10,0,,0.0017353000002913177,0.0008345999995071907,0.0025698999997985084,27,25,0.07407407407407407,not_run_in_development_grid,d3b5ace1ffcfa1395fa7475de82da131003d95cdf3358f349d791df72f45b4ae,bv_8,Oracle,9,25,0.07407407407407407,0.0008328000003530178,0.0,1
b1_c64,1,64,success,exact,10,10,10,0,,0.001605800000106683,0.0004295999988244148,0.002035399998931098,23,13,0.4347826086956522,not_run_in_development_grid,aba6140f6f41bb9a15bf0b99954920f2f59a73deff2d6fea22ba7c52a34ffc96,bv_8,Oracle,9,13,0.4347826086956522,0.0009347999985038769,0.0,1
b8_c64,8,64,success,exact,10,10,10,0,,0.0014960000007704366,0.00048269999933836516,0.0019787000001088018,23,13,0.4347826086956522,not_run_in_development_grid,aba6140f6f41bb9a15bf0b99954920f2f59a73deff2d6fea22ba7c52a34ffc96,bv_8,Oracle,9,13,0.4347826086956522,0.0009347999985038769,0.0,1
b32_c64,32,64,success,exact,10,10,10,0,,0.002038900000115973,0.0004427999992913101,0.002481699999407283,23,13,0.4347826086956522,not_run_in_development_grid,aba6140f6f41bb9a15bf0b99954920f2f59a73deff2d6fea22ba7c52a34ffc96,bv_8,Oracle,9,13,0.4347826086956522,0.0009347999985038769,0.0,1
b1_c256,1,256,success,exact,10,10,10,0,,0.0013010000002395827,0.0004279000004316913,0.001728900000671274,23,13,0.4347826086956522,not_run_in_development_grid,aba6140f6f41bb9a15bf0b99954920f2f59a73deff2d6fea22ba7c52a34ffc96,bv_8,Oracle,9,13,0.4347826086956522,0.0009347999985038769,0.0,1
b8_c256,8,256,success,exact,10,10,10,0,,0.0012318000008235686,0.0004073000000062166,0.0016391000008297851,23,13,0.4347826086956522,not_run_in_development_grid,aba6140f6f41bb9a15bf0b99954920f2f59a73deff2d6fea22ba7c52a34ffc96,bv_8,Oracle,9,13,0.4347826086956522,0.0009347999985038769,0.0,1
b32_c256,32,256,success,exact,10,10,10,0,,0.0011467999993328704,0.00026280000020051375,0.001409599999533384,23,13,0.4347826086956522,not_run_in_development_grid,aba6140f6f41bb9a15bf0b99954920f2f59a73deff2d6fea22ba7c52a34ffc96,bv_8,Oracle,9,13,0.4347826086956522,0.0009347999985038769,0.0,1
b1_c64,1,64,success,exact,6,6,26,0,,0.002069199999823468,0.0014408000006369548,0.0035100000004604226,45,39,0.1333333333333333,not_run_in_development_grid,0ea94971bc42ea5f21350b8ee791f5ddd3a86cabd0502a4f2ecd331789793740,iqp_8,IQP,8,43,0.0444444444444444,0.0023165000002336456,8.888888888888891,1
b8_c64,8,64,success,exact,6,6,26,0,,0.0015619999994669342,0.0029002999999647727,0.004462299999431707,45,39,0.1333333333333333,not_run_in_development_grid,0ea94971bc42ea5f21350b8ee791f5ddd3a86cabd0502a4f2ecd331789793740,iqp_8,IQP,8,43,0.0444444444444444,0.0023165000002336456,8.888888888888891,1
b32_c64,32,64,success,exact,6,6,26,0,,0.0015723999986221315,0.001390400000673253,0.0029627999992953846,45,39,0.1333333333333333,not_run_in_development_grid,0ea94971bc42ea5f21350b8ee791f5ddd3a86cabd0502a4f2ecd331789793740,iqp_8,IQP,8,43,0.0444444444444444,0.0023165000002336456,8.888888888888891,1
b1_c256,1,256,success,exact,6,6,26,0,,0.0012936000002810033,0.0019792999992205296,0.003272899999501533,45,39,0.1333333333333333,not_run_in_development_grid,0ea94971bc42ea5f21350b8ee791f5ddd3a86cabd0502a4f2ecd331789793740,iqp_8,IQP,8,43,0.0444444444444444,0.0023165000002336456,8.888888888888891,1
b8_c256,8,256,success,exact,6,6,26,0,,0.0023320000000239816,0.001448799999707262,0.0037807999997312436,45,39,0.1333333333333333,not_run_in_development_grid,0ea94971bc42ea5f21350b8ee791f5ddd3a86cabd0502a4f2ecd331789793740,iqp_8,IQP,8,43,0.0444444444444444,0.0023165000002336456,8.888888888888891,1
b32_c256,32,256,success,exact,6,6,26,0,,0.001368400000501424,0.0015476000007765833,0.0029160000012780074,45,39,0.1333333333333333,not_run_in_development_grid,0ea94971bc42ea5f21350b8ee791f5ddd3a86cabd0502a4f2ecd331789793740,iqp_8,IQP,8,43,0.0444444444444444,0.0023165000002336456,8.888888888888891,1
b1_c64,1,64,success,exact,12,12,218,0,,0.009380699999383069,0.007776300000841729,0.017157000000224798,80,68,0.15000000000000002,not_run_in_development_grid,ad24aca845e266cfd8d2120a528eaaa1b8189e8618686a63cc593efe3ae9c728,uccsd_8,UCCSD_inspired,8,68,0.15000000000000002,0.007806600000549224,0.0,1
b8_c64,8,64,success,exact,12,12,218,0,,0.010770300001240685,0.00732879999850411,0.018099099999744794,80,68,0.15000000000000002,not_run_in_development_grid,ad24aca845e266cfd8d2120a528eaaa1b8189e8618686a63cc593efe3ae9c728,uccsd_8,UCCSD_inspired,8,68,0.15000000000000002,0.007806600000549224,0.0,1
b32_c64,32,64,success,exact,12,12,218,0,,0.01108109999950102,0.007520900000599795,0.018602000000100816,80,68,0.15000000000000002,not_run_in_development_grid,ad24aca845e266cfd8d2120a528eaaa1b8189e8618686a63cc593efe3ae9c728,uccsd_8,UCCSD_inspired,8,68,0.15000000000000002,0.007806600000549224,0.0,1
b1_c256,1,256,success,exact,12,12,218,0,,0.007988600000317092,0.00689069999862113,0.014879299998938222,80,68,0.15000000000000002,not_run_in_development_grid,ad24aca845e266cfd8d2120a528eaaa1b8189e8618686a63cc593efe3ae9c728,uccsd_8,UCCSD_inspired,8,68,0.15000000000000002,0.007806600000549224,0.0,1
b8_c256,8,256,success,exact,12,12,218,0,,0.009382300000652322,0.006501699999716948,0.01588400000036927,80,68,0.15000000000000002,not_run_in_development_grid,ad24aca845e266cfd8d2120a528eaaa1b8189e8618686a63cc593efe3ae9c728,uccsd_8,UCCSD_inspired,8,68,0.15000000000000002,0.007806600000549224,0.0,1
b32_c256,32,256,success,exact,12,12,218,0,,0.008372899999812944,0.005866499999683583,0.014239399999496527,80,68,0.15000000000000002,not_run_in_development_grid,ad24aca845e266cfd8d2120a528eaaa1b8189e8618686a63cc593efe3ae9c728,uccsd_8,UCCSD_inspired,8,68,0.15000000000000002,0.007806600000549224,0.0,1
b1_c64,1,64,success,exact_zero,0,0,17,0,,0.0014150999995763414,0.0005263000002742046,0.001941399999850546,34,34,0.0,not_run_in_development_grid,faa92b4b8c5dc1e1c3f300c4914c715114a30697cd05ffab2f7353daa84168d5,hardware_eff_6,HardwareEfficient,6,34,0.0,0.0009821999992709607,0.0,0
b8_c64,8,64,success,exact_zero,0,0,17,0,,0.0011045999999623746,0.0005077999994682614,0.001612399999430636,34,34,0.0,not_run_in_development_grid,faa92b4b8c5dc1e1c3f300c4914c715114a30697cd05ffab2f7353daa84168d5,hardware_eff_6,HardwareEfficient,6,34,0.0,0.0009821999992709607,0.0,0
b32_c64,32,64,success,exact_zero,0,0,17,0,,0.0007890000015322585,0.0004960000005667098,0.0012850000020989683,34,34,0.0,not_run_in_development_grid,faa92b4b8c5dc1e1c3f300c4914c715114a30697cd05ffab2f7353daa84168d5,hardware_eff_6,HardwareEfficient,6,34,0.0,0.0009821999992709607,0.0,0
b1_c256,1,256,success,exact_zero,0,0,17,0,,0.000729499999579275,0.0005058000006101793,0.0012353000001894543,34,34,0.0,not_run_in_development_grid,faa92b4b8c5dc1e1c3f300c4914c715114a30697cd05ffab2f7353daa84168d5,hardware_eff_6,HardwareEfficient,6,34,0.0,0.0009821999992709607,0.0,0
b8_c256,8,256,success,exact_zero,0,0,17,0,,0.0008187000003090361,0.0006615999991481658,0.001480299999457202,34,34,0.0,not_run_in_development_grid,faa92b4b8c5dc1e1c3f300c4914c715114a30697cd05ffab2f7353daa84168d5,hardware_eff_6,HardwareEfficient,6,34,0.0,0.0009821999992709607,0.0,0
b32_c256,32,256,success,exact_zero,0,0,17,0,,0.0011140999995404854,0.000566400000025169,0.0016804999995656544,34,34,0.0,not_run_in_development_grid,faa92b4b8c5dc1e1c3f300c4914c715114a30697cd05ffab2f7353daa84168d5,hardware_eff_6,HardwareEfficient,6,34,0.0,0.0009821999992709607,0.0,0
b1_c64,1,64,success,exact,8,8,2405,0,,0.03093090000038501,0.007297999998627347,0.038228899999012356,456,448,0.01754385964912286,not_run_in_development_grid,41691b11f094e6d0a2948bdb40851a9dc8a1792a04c3badae293f622ddbf18c3,grover_6,Grover,6,448,0.01754385964912286,0.01582330000019283,0.0,1
b8_c64,8,64,success,exact,8,8,2405,0,,0.031065499999385793,0.006520700000692159,0.03758620000007795,456,448,0.01754385964912286,not_run_in_development_grid,41691b11f094e6d0a2948bdb40851a9dc8a1792a04c3badae293f622ddbf18c3,grover_6,Grover,6,448,0.01754385964912286,0.01582330000019283,0.0,1
b32_c64,32,64,success,exact,8,8,2405,0,,0.030790800001341267,0.007660399998712819,0.03845120000005409,456,448,0.01754385964912286,not_run_in_development_grid,41691b11f094e6d0a2948bdb40851a9dc8a1792a04c3badae293f622ddbf18c3,grover_6,Grover,6,448,0.01754385964912286,0.01582330000019283,0.0,1
b1_c256,1,256,success,exact,8,8,2405,0,,0.03145159999985481,0.007491500000469387,0.03894310000032419,456,448,0.01754385964912286,not_run_in_development_grid,41691b11f094e6d0a2948bdb40851a9dc8a1792a04c3badae293f622ddbf18c3,grover_6,Grover,6,448,0.01754385964912286,0.01582330000019283,0.0,1
b8_c256,8,256,success,exact,8,8,2405,0,,0.037498199999390636,0.006999999999607098,0.044498199998997734,456,448,0.01754385964912286,not_run_in_development_grid,41691b11f094e6d0a2948bdb40851a9dc8a1792a04c3badae293f622ddbf18c3,grover_6,Grover,6,448,0.01754385964912286,0.01582330000019283,0.0,1
b32_c256,32,256,success,exact,8,8,2405,0,,0.031601900000168825,0.006980500000281609,0.038582400000450434,456,448,0.01754385964912286,not_run_in_development_grid,41691b11f094e6d0a2948bdb40851a9dc8a1792a04c3badae293f622ddbf18c3,grover_6,Grover,6,448,0.01754385964912286,0.01582330000019283,0.0,1
b1_c64,1,64,success,exact,8,8,131,0,,0.0018385000003036112,0.0017612999999983003,0.0035998000003019115,88,80,0.09090909090909094,not_run_in_development_grid,dd0bd9d601309ab2409129880f851b4a0aa922f7e24924a06c30ef6874a5a00b,grover_4,Grover,4,80,0.09090909090909094,0.0025263000025006477,0.0,1
b8_c64,8,64,success,exact,8,8,131,0,,0.0019982999983767513,0.0012409999999363208,0.003239299998313072,88,80,0.09090909090909094,not_run_in_development_grid,dd0bd9d601309ab2409129880f851b4a0aa922f7e24924a06c30ef6874a5a00b,grover_4,Grover,4,80,0.09090909090909094,0.0025263000025006477,0.0,1
b32_c64,32,64,success,exact,8,8,131,0,,0.0019172000011167256,0.001323700000284589,0.0032409000014013145,88,80,0.09090909090909094,not_run_in_development_grid,dd0bd9d601309ab2409129880f851b4a0aa922f7e24924a06c30ef6874a5a00b,grover_4,Grover,4,80,0.09090909090909094,0.0025263000025006477,0.0,1
b1_c256,1,256,success,exact,8,8,131,0,,0.0027800000007118797,0.0012554000004456611,0.004035400001157541,88,80,0.09090909090909094,not_run_in_development_grid,dd0bd9d601309ab2409129880f851b4a0aa922f7e24924a06c30ef6874a5a00b,grover_4,Grover,4,80,0.09090909090909094,0.0025263000025006477,0.0,1
b8_c256,8,256,success,exact,8,8,131,0,,0.001672300000791438,0.0013319999998202547,0.0030043000006116927,88,80,0.09090909090909094,not_run_in_development_grid,dd0bd9d601309ab2409129880f851b4a0aa922f7e24924a06c30ef6874a5a00b,grover_4,Grover,4,80,0.09090909090909094,0.0025263000025006477,0.0,1
b32_c256,32,256,success,exact,8,8,131,0,,0.0016387000014219666,0.0017996000005950918,0.0034383000020170584,88,80,0.09090909090909094,not_run_in_development_grid,dd0bd9d601309ab2409129880f851b4a0aa922f7e24924a06c30ef6874a5a00b,grover_4,Grover,4,80,0.09090909090909094,0.0025263000025006477,0.0,1
b1_c64,1,64,success,exact_zero,0,0,23,0,,0.000973300000623567,0.0007007000003795838,0.0016740000010031508,46,46,0.0,not_run_in_development_grid,ca837fd5027f82056681081774fff9507cfd1c727e71867d93a552ff2a4cdc99,hardware_eff_8,HardwareEfficient,8,46,0.0,0.001908399997773813,0.0,0
b8_c64,8,64,success,exact_zero,0,0,23,0,,0.0007934000004752306,0.0006794999990233919,0.0014728999994986225,46,46,0.0,not_run_in_development_grid,ca837fd5027f82056681081774fff9507cfd1c727e71867d93a552ff2a4cdc99,hardware_eff_8,HardwareEfficient,8,46,0.0,0.001908399997773813,0.0,0
b32_c64,32,64,success,exact_zero,0,0,23,0,,0.0010818000009749085,0.0007316999999602558,0.0018135000009351643,46,46,0.0,not_run_in_development_grid,ca837fd5027f82056681081774fff9507cfd1c727e71867d93a552ff2a4cdc99,hardware_eff_8,HardwareEfficient,8,46,0.0,0.001908399997773813,0.0,0
b1_c256,1,256,success,exact_zero,0,0,23,0,,0.0008498000006511575,0.0007159999986470211,0.0015657999992981786,46,46,0.0,not_run_in_development_grid,ca837fd5027f82056681081774fff9507cfd1c727e71867d93a552ff2a4cdc99,hardware_eff_8,HardwareEfficient,8,46,0.0,0.001908399997773813,0.0,0
b8_c256,8,256,success,exact_zero,0,0,23,0,,0.00090720000116562,0.0007134000006772112,0.0016206000018428313,46,46,0.0,not_run_in_development_grid,ca837fd5027f82056681081774fff9507cfd1c727e71867d93a552ff2a4cdc99,hardware_eff_8,HardwareEfficient,8,46,0.0,0.001908399997773813,0.0,0
b32_c256,32,256,success,exact_zero,0,0,23,0,,0.0007948000002215849,0.0007564999996247934,0.0015512999998463783,46,46,0.0,not_run_in_development_grid,ca837fd5027f82056681081774fff9507cfd1c727e71867d93a552ff2a4cdc99,hardware_eff_8,HardwareEfficient,8,46,0.0,0.001908399997773813,0.0,0
b1_c64,1,64,success,exact_zero,0,0,3,0,,0.0010271999999531545,0.0005584999998973217,0.0015856999998504762,30,30,0.0,not_run_in_development_grid,db73dc3dec7c024cc43e6fa9f7009bc8675da1af254d45987392008ad0a477b4,vqe_twolocal_4,VQE,4,30,0.0,0.0015930000008665957,0.0,0
b8_c64,8,64,success,exact_zero,0,0,3,0,,0.0008219000010285527,0.0005446000013762387,0.0013665000024047913,30,30,0.0,not_run_in_development_grid,db73dc3dec7c024cc43e6fa9f7009bc8675da1af254d45987392008ad0a477b4,vqe_twolocal_4,VQE,4,30,0.0,0.0015930000008665957,0.0,0
b32_c64,32,64,success,exact_zero,0,0,3,0,,0.0007651000014448073,0.0005369999998947605,0.0013021000013395678,30,30,0.0,not_run_in_development_grid,db73dc3dec7c024cc43e6fa9f7009bc8675da1af254d45987392008ad0a477b4,vqe_twolocal_4,VQE,4,30,0.0,0.0015930000008665957,0.0,0
b1_c256,1,256,success,exact_zero,0,0,3,0,,0.0007326000013563316,0.0005440999993879814,0.001276700000744313,30,30,0.0,not_run_in_development_grid,db73dc3dec7c024cc43e6fa9f7009bc8675da1af254d45987392008ad0a477b4,vqe_twolocal_4,VQE,4,30,0.0,0.0015930000008665957,0.0,0
b8_c256,8,256,success,exact_zero,0,0,3,0,,0.00079590000132157,0.000663400000121328,0.001459300001442898,30,30,0.0,not_run_in_development_grid,db73dc3dec7c024cc43e6fa9f7009bc8675da1af254d45987392008ad0a477b4,vqe_twolocal_4,VQE,4,30,0.0,0.0015930000008665957,0.0,0
b32_c256,32,256,success,exact_zero,0,0,3,0,,0.0010987999994540587,0.0005529000009119045,0.0016517000003659632,30,30,0.0,not_run_in_development_grid,db73dc3dec7c024cc43e6fa9f7009bc8675da1af254d45987392008ad0a477b4,vqe_twolocal_4,VQE,4,30,0.0,0.0015930000008665957,0.0,0
b1_c64,1,64,success,exact_zero,0,0,1,0,,0.0008698999990883749,0.0001689000000624219,0.0010387999991507968,11,11,0.0,not_run_in_development_grid,e4bc9db5147e3cf352a2b34eb199daa122ba5549fa5d7b3f3f678a4af97036f6,surface_code_8,SurfaceCode,9,11,0.0,0.0004380999998829793,0.0,0
b8_c64,8,64,success,exact_zero,0,0,1,0,,0.0007373000007646624,0.00015999999959603883,0.0008973000003607012,11,11,0.0,not_run_in_development_grid,e4bc9db5147e3cf352a2b34eb199daa122ba5549fa5d7b3f3f678a4af97036f6,surface_code_8,SurfaceCode,9,11,0.0,0.0004380999998829793,0.0,0
b32_c64,32,64,success,exact_zero,0,0,1,0,,0.0007372000000032131,0.00016040000082284678,0.0008976000008260598,11,11,0.0,not_run_in_development_grid,e4bc9db5147e3cf352a2b34eb199daa122ba5549fa5d7b3f3f678a4af97036f6,surface_code_8,SurfaceCode,9,11,0.0,0.0004380999998829793,0.0,0
b1_c256,1,256,success,exact_zero,0,0,1,0,,0.0009571999999025138,0.0001570999993418809,0.0011142999992443947,11,11,0.0,not_run_in_development_grid,e4bc9db5147e3cf352a2b34eb199daa122ba5549fa5d7b3f3f678a4af97036f6,surface_code_8,SurfaceCode,9,11,0.0,0.0004380999998829793,0.0,0
b8_c256,8,256,success,exact_zero,0,0,1,0,,0.001026300000376068,0.00020399999993969686,0.001230300000315765,11,11,0.0,not_run_in_development_grid,e4bc9db5147e3cf352a2b34eb199daa122ba5549fa5d7b3f3f678a4af97036f6,surface_code_8,SurfaceCode,9,11,0.0,0.0004380999998829793,0.0,0
b32_c256,32,256,success,exact_zero,0,0,1,0,,0.0009055000009539071,0.00016450000111944973,0.0010700000020733569,11,11,0.0,not_run_in_development_grid,e4bc9db5147e3cf352a2b34eb199daa122ba5549fa5d7b3f3f678a4af97036f6,surface_code_8,SurfaceCode,9,11,0.0,0.0004380999998829793,0.0,0
b1_c64,1,64,success,exact,10,10,10,0,,0.000928100000237464,0.00024669999947946053,0.0011747999997169245,23,13,0.4347826086956522,not_run_in_development_grid,f9d16c2d718e8feb24e5f21b7bc25db092d80ca773e1eeec21eebaf6cdf07b81,bv_8,Oracle,9,13,0.4347826086956522,0.0005306000020937063,0.0,1
b8_c64,8,64,success,exact,10,10,10,0,,0.0009033000005729264,0.00038300000051094685,0.0012863000010838732,23,13,0.4347826086956522,not_run_in_development_grid,f9d16c2d718e8feb24e5f21b7bc25db092d80ca773e1eeec21eebaf6cdf07b81,bv_8,Oracle,9,13,0.4347826086956522,0.0005306000020937063,0.0,1
b32_c64,32,64,success,exact,10,10,10,0,,0.0009250999992218567,0.0002424000012979377,0.0011675000005197944,23,13,0.4347826086956522,not_run_in_development_grid,f9d16c2d718e8feb24e5f21b7bc25db092d80ca773e1eeec21eebaf6cdf07b81,bv_8,Oracle,9,13,0.4347826086956522,0.0005306000020937063,0.0,1
b1_c256,1,256,success,exact,10,10,10,0,,0.0009736000010889256,0.00027630000113276765,0.0012499000022216933,23,13,0.4347826086956522,not_run_in_development_grid,f9d16c2d718e8feb24e5f21b7bc25db092d80ca773e1eeec21eebaf6cdf07b81,bv_8,Oracle,9,13,0.4347826086956522,0.0005306000020937063,0.0,1
b8_c256,8,256,success,exact,10,10,10,0,,0.0012018999987049028,0.000246300000071642,0.0014481999987765448,23,13,0.4347826086956522,not_run_in_development_grid,f9d16c2d718e8feb24e5f21b7bc25db092d80ca773e1eeec21eebaf6cdf07b81,bv_8,Oracle,9,13,0.4347826086956522,0.0005306000020937063,0.0,1
b32_c256,32,256,success,exact,10,10,10,0,,0.0008307000007334864,0.00023850000070524402,0.0010692000014387304,23,13,0.4347826086956522,not_run_in_development_grid,f9d16c2d718e8feb24e5f21b7bc25db092d80ca773e1eeec21eebaf6cdf07b81,bv_8,Oracle,9,13,0.4347826086956522,0.0005306000020937063,0.0,1
b1_c64,1,64,success,exact,6,6,135,0,,0.002526600001147017,0.0023469999996450497,0.004873600000792067,58,52,0.10344827586206895,not_run_in_development_grid,e1e87948c1add56cf7276d71868a09a47fa9a3c181b86099ca4c0991612b1e44,uccsd_6,UCCSD_inspired,6,52,0.10344827586206895,0.0031212000012601493,0.0,1
b8_c64,8,64,success,exact,6,6,135,0,,0.0016003000000637257,0.0024735000006330665,0.004073800000696792,58,52,0.10344827586206895,not_run_in_development_grid,e1e87948c1add56cf7276d71868a09a47fa9a3c181b86099ca4c0991612b1e44,uccsd_6,UCCSD_inspired,6,52,0.10344827586206895,0.0031212000012601493,0.0,1
b32_c64,32,64,success,exact,6,6,135,0,,0.0026748000000225147,0.0024297999989357777,0.005104599998958292,58,52,0.10344827586206895,not_run_in_development_grid,e1e87948c1add56cf7276d71868a09a47fa9a3c181b86099ca4c0991612b1e44,uccsd_6,UCCSD_inspired,6,52,0.10344827586206895,0.0031212000012601493,0.0,1
b1_c256,1,256,success,exact,6,6,135,0,,0.0017127999999502208,0.002433599998767022,0.004146399998717243,58,52,0.10344827586206895,not_run_in_development_grid,e1e87948c1add56cf7276d71868a09a47fa9a3c181b86099ca4c0991612b1e44,uccsd_6,UCCSD_inspired,6,52,0.10344827586206895,0.0031212000012601493,0.0,1
b8_c256,8,256,success,exact,6,6,135,0,,0.002830100000210223,0.002603699998871889,0.005433799999082112,58,52,0.10344827586206895,not_run_in_development_grid,e1e87948c1add56cf7276d71868a09a47fa9a3c181b86099ca4c0991612b1e44,uccsd_6,UCCSD_inspired,6,52,0.10344827586206895,0.0031212000012601493,0.0,1
b32_c256,32,256,success,exact,6,6,135,0,,0.0017156999983853893,0.0022449000007327413,0.003960599999118131,58,52,0.10344827586206895,not_run_in_development_grid,e1e87948c1add56cf7276d71868a09a47fa9a3c181b86099ca4c0991612b1e44,uccsd_6,UCCSD_inspired,6,52,0.10344827586206895,0.0031212000012601493,0.0,1
b1_c64,1,64,success,exact_zero,0,0,30,0,,0.0012038999993819743,0.0007272999991982942,0.0019311999985802686,48,48,0.0,not_run_in_development_grid,4f0c8b34713d2fca63f5142fe0549056f4fe97f079b14a9139a45918778858fe,qaoa_line_6,QAOA,6,48,0.0,0.0013507999992725672,0.0,0
b8_c64,8,64,success,exact_zero,0,0,30,0,,0.0008458000011160038,0.0007112999992386904,0.0015571000003546942,48,48,0.0,not_run_in_development_grid,4f0c8b34713d2fca63f5142fe0549056f4fe97f079b14a9139a45918778858fe,qaoa_line_6,QAOA,6,48,0.0,0.0013507999992725672,0.0,0
b32_c64,32,64,success,exact_zero,0,0,30,0,,0.0008366000001842622,0.0012372000001050765,0.0020738000002893386,48,48,0.0,not_run_in_development_grid,4f0c8b34713d2fca63f5142fe0549056f4fe97f079b14a9139a45918778858fe,qaoa_line_6,QAOA,6,48,0.0,0.0013507999992725672,0.0,0
b1_c256,1,256,success,exact_zero,0,0,30,0,,0.0018448999999236548,0.0007875000010244548,0.0026324000009481097,48,48,0.0,not_run_in_development_grid,4f0c8b34713d2fca63f5142fe0549056f4fe97f079b14a9139a45918778858fe,qaoa_line_6,QAOA,6,48,0.0,0.0013507999992725672,0.0,0
b8_c256,8,256,success,exact_zero,0,0,30,0,,0.0008969999998953426,0.000736099998903228,0.0016330999987985706,48,48,0.0,not_run_in_development_grid,4f0c8b34713d2fca63f5142fe0549056f4fe97f079b14a9139a45918778858fe,qaoa_line_6,QAOA,6,48,0.0,0.0013507999992725672,0.0,0
b32_c256,32,256,success,exact_zero,0,0,30,0,,0.0010094000008393778,0.0007224999990285141,0.001731899999867892,48,48,0.0,not_run_in_development_grid,4f0c8b34713d2fca63f5142fe0549056f4fe97f079b14a9139a45918778858fe,qaoa_line_6,QAOA,6,48,0.0,0.0013507999992725672,0.0,0
b1_c64,1,64,success,exact,6,6,111,0,,0.0020523999992292374,0.0021194000000832602,0.004171799999312498,51,45,0.11764705882352944,not_run_in_development_grid,c89d31d25881b4b5dd8323251c36c8c21866d3fa920f89cfd20f0916925d98ed,uccsd_6,UCCSD_inspired,6,45,0.11764705882352944,0.003031399999599671,0.0,1
b8_c64,8,64,success,exact,6,6,111,0,,0.0014252000000851694,0.002564399999755551,0.0039895999998407206,51,45,0.11764705882352944,not_run_in_development_grid,c89d31d25881b4b5dd8323251c36c8c21866d3fa920f89cfd20f0916925d98ed,uccsd_6,UCCSD_inspired,6,45,0.11764705882352944,0.003031399999599671,0.0,1
b32_c64,32,64,success,exact,6,6,111,0,,0.0015442000003531575,0.0021527000008063624,0.00369690000115952,51,45,0.11764705882352944,not_run_in_development_grid,c89d31d25881b4b5dd8323251c36c8c21866d3fa920f89cfd20f0916925d98ed,uccsd_6,UCCSD_inspired,6,45,0.11764705882352944,0.003031399999599671,0.0,1
b1_c256,1,256,success,exact,6,6,111,0,,0.0014021000006323447,0.002367200000662706,0.0037693000012950506,51,45,0.11764705882352944,not_run_in_development_grid,c89d31d25881b4b5dd8323251c36c8c21866d3fa920f89cfd20f0916925d98ed,uccsd_6,UCCSD_inspired,6,45,0.11764705882352944,0.003031399999599671,0.0,1
b8_c256,8,256,success,exact,6,6,111,0,,0.0026323000001866603,0.002185800000006566,0.004818100000193226,51,45,0.11764705882352944,not_run_in_development_grid,c89d31d25881b4b5dd8323251c36c8c21866d3fa920f89cfd20f0916925d98ed,uccsd_6,UCCSD_inspired,6,45,0.11764705882352944,0.003031399999599671,0.0,1
b32_c256,32,256,success,exact,6,6,111,0,,0.0014467999990301905,0.0022101999984442955,0.003656999997474486,51,45,0.11764705882352944,not_run_in_development_grid,c89d31d25881b4b5dd8323251c36c8c21866d3fa920f89cfd20f0916925d98ed,uccsd_6,UCCSD_inspired,6,45,0.11764705882352944,0.003031399999599671,0.0,1
b1_c64,1,64,success,exact,5,5,12,0,,0.001624100001208717,0.0007426000011037104,0.0023667000023124274,26,21,0.1923076923076923,not_run_in_development_grid,337a3eaa7a1c3a0e02cc2a645e6f2877a665d33c46c1b9ffe66b69734d333bd6,iqp_6,IQP,6,23,0.11538461538461542,0.0014358999997057253,7.692307692307687,1
b8_c64,8,64,success,exact,5,5,12,0,,0.000937099999646307,0.0007471999997505918,0.0016842999993968988,26,21,0.1923076923076923,not_run_in_development_grid,337a3eaa7a1c3a0e02cc2a645e6f2877a665d33c46c1b9ffe66b69734d333bd6,iqp_6,IQP,6,23,0.11538461538461542,0.0014358999997057253,7.692307692307687,1
b32_c64,32,64,success,exact,5,5,12,0,,0.0009302999987994554,0.0007552999995823484,0.0016855999983818037,26,21,0.1923076923076923,not_run_in_development_grid,337a3eaa7a1c3a0e02cc2a645e6f2877a665d33c46c1b9ffe66b69734d333bd6,iqp_6,IQP,6,23,0.11538461538461542,0.0014358999997057253,7.692307692307687,1
b1_c256,1,256,success,exact,5,5,12,0,,0.0011005999986082315,0.0008038000014494173,0.0019044000000576489,26,21,0.1923076923076923,not_run_in_development_grid,337a3eaa7a1c3a0e02cc2a645e6f2877a665d33c46c1b9ffe66b69734d333bd6,iqp_6,IQP,6,23,0.11538461538461542,0.0014358999997057253,7.692307692307687,1
b8_c256,8,256,success,exact,5,5,12,0,,0.001172000000224216,0.0007551999988208991,0.001927199999045115,26,21,0.1923076923076923,not_run_in_development_grid,337a3eaa7a1c3a0e02cc2a645e6f2877a665d33c46c1b9ffe66b69734d333bd6,iqp_6,IQP,6,23,0.11538461538461542,0.0014358999997057253,7.692307692307687,1
b32_c256,32,256,success,exact,5,5,12,0,,0.0010804000012285542,0.0007375000004685717,0.0018179000016971258,26,21,0.1923076923076923,not_run_in_development_grid,337a3eaa7a1c3a0e02cc2a645e6f2877a665d33c46c1b9ffe66b69734d333bd6,iqp_6,IQP,6,23,0.11538461538461542,0.0014358999997057253,7.692307692307687,1
b1_c64,1,64,success,exact_zero,0,0,18,0,,0.0008090999999694759,0.00068959999953222,0.0014986999995016959,30,30,0.0,not_run_in_development_grid,27de95acc938a43758948985fc9dc86e4a392285121eaca84e3a9c40bceb4e31,qaoa_line_4,QAOA,4,30,0.0,0.0008723999999347143,0.0,0
b8_c64,8,64,success,exact_zero,0,0,18,0,,0.0010958000002574408,0.0005404999992606463,0.0016362999995180871,30,30,0.0,not_run_in_development_grid,27de95acc938a43758948985fc9dc86e4a392285121eaca84e3a9c40bceb4e31,qaoa_line_4,QAOA,4,30,0.0,0.0008723999999347143,0.0,0
b32_c64,32,64,success,exact_zero,0,0,18,0,,0.0008233999997173669,0.0004951000009896234,0.0013185000007069902,30,30,0.0,not_run_in_development_grid,27de95acc938a43758948985fc9dc86e4a392285121eaca84e3a9c40bceb4e31,qaoa_line_4,QAOA,4,30,0.0,0.0008723999999347143,0.0,0
b1_c256,1,256,success,exact_zero,0,0,18,0,,0.0007794000011926983,0.0004927999998471932,0.0012722000010398915,30,30,0.0,not_run_in_development_grid,27de95acc938a43758948985fc9dc86e4a392285121eaca84e3a9c40bceb4e31,qaoa_line_4,QAOA,4,30,0.0,0.0008723999999347143,0.0,0
b8_c256,8,256,success,exact_zero,0,0,18,0,,0.0007461000004695961,0.0005000000001018634,0.0012461000005714595,30,30,0.0,not_run_in_development_grid,27de95acc938a43758948985fc9dc86e4a392285121eaca84e3a9c40bceb4e31,qaoa_line_4,QAOA,4,30,0.0,0.0008723999999347143,0.0,0
b32_c256,32,256,success,exact_zero,0,0,18,0,,0.0007781999993312638,0.0004886999995505903,0.0012668999988818541,30,30,0.0,not_run_in_development_grid,27de95acc938a43758948985fc9dc86e4a392285121eaca84e3a9c40bceb4e31,qaoa_line_4,QAOA,4,30,0.0,0.0008723999999347143,0.0,0
b1_c64,1,64,success,exact,3,3,2444,0,,0.0076473999997688225,0.01119500000095286,0.018842400000721682,275,272,0.010909090909090868,not_run_in_development_grid,5f481c17ba4296b0a33c041b7470ec4748e61766c334712778a0ff41f81805da,haar_4,HaarRandom,4,275,0.0,0.006585600000107661,1.0909090909090868,1
b8_c64,8,64,success,exact,3,3,2444,0,,0.0075629999992088415,0.011197900001207017,0.01876090000041586,275,272,0.010909090909090868,not_run_in_development_grid,5f481c17ba4296b0a33c041b7470ec4748e61766c334712778a0ff41f81805da,haar_4,HaarRandom,4,275,0.0,0.006585600000107661,1.0909090909090868,1
b32_c64,32,64,success,exact,3,3,2444,0,,0.007483200000933721,0.011097399999925983,0.018580600000859704,275,272,0.010909090909090868,not_run_in_development_grid,5f481c17ba4296b0a33c041b7470ec4748e61766c334712778a0ff41f81805da,haar_4,HaarRandom,4,275,0.0,0.006585600000107661,1.0909090909090868,1
b1_c256,1,256,success,exact,3,3,2444,0,,0.007486799999242066,0.011241500000323867,0.018728299999565934,275,272,0.010909090909090868,not_run_in_development_grid,5f481c17ba4296b0a33c041b7470ec4748e61766c334712778a0ff41f81805da,haar_4,HaarRandom,4,275,0.0,0.006585600000107661,1.0909090909090868,1
b8_c256,8,256,success,exact,3,3,2444,0,,0.007474100000763428,0.011318500000925269,0.018792600001688697,275,272,0.010909090909090868,not_run_in_development_grid,5f481c17ba4296b0a33c041b7470ec4748e61766c334712778a0ff41f81805da,haar_4,HaarRandom,4,275,0.0,0.006585600000107661,1.0909090909090868,1
b32_c256,32,256,success,exact,3,3,2444,0,,0.007868599999710568,0.011310800000501331,0.0191794000002119,275,272,0.010909090909090868,not_run_in_development_grid,5f481c17ba4296b0a33c041b7470ec4748e61766c334712778a0ff41f81805da,haar_4,HaarRandom,4,275,0.0,0.006585600000107661,1.0909090909090868,1
b1_c64,1,64,success,exact,2,2,8,0,,0.0010385000005044276,0.0005156000006536487,0.0015541000011580763,41,39,0.04878048780487809,not_run_in_development_grid,74e97e3e91fec3c194d338dbf07fe463abbee30e6ec302a429dd67d4ec2a8b92,clifford_6,RandomClifford,6,39,0.04878048780487809,0.0010194999995292164,0.0,1
b8_c64,8,64,success,exact,2,2,8,0,,0.0008571999987907475,0.0005204000008234289,0.0013775999996141763,41,39,0.04878048780487809,not_run_in_development_grid,74e97e3e91fec3c194d338dbf07fe463abbee30e6ec302a429dd67d4ec2a8b92,clifford_6,RandomClifford,6,39,0.04878048780487809,0.0010194999995292164,0.0,1
b32_c64,32,64,success,exact,2,2,8,0,,0.0010624000005918788,0.0007810000006429618,0.0018434000012348406,41,39,0.04878048780487809,not_run_in_development_grid,74e97e3e91fec3c194d338dbf07fe463abbee30e6ec302a429dd67d4ec2a8b92,clifford_6,RandomClifford,6,39,0.04878048780487809,0.0010194999995292164,0.0,1
b1_c256,1,256,success,exact,2,2,8,0,,0.001076999998986139,0.0004759999992529629,0.0015529999982391018,41,39,0.04878048780487809,not_run_in_development_grid,74e97e3e91fec3c194d338dbf07fe463abbee30e6ec302a429dd67d4ec2a8b92,clifford_6,RandomClifford,6,39,0.04878048780487809,0.0010194999995292164,0.0,1
b8_c256,8,256,success,exact,2,2,8,0,,0.0008314999995491235,0.0004681999998865649,0.0012996999994356884,41,39,0.04878048780487809,not_run_in_development_grid,74e97e3e91fec3c194d338dbf07fe463abbee30e6ec302a429dd67d4ec2a8b92,clifford_6,RandomClifford,6,39,0.04878048780487809,0.0010194999995292164,0.0,1
b32_c256,32,256,success,exact,2,2,8,0,,0.0007866999985708389,0.00046939999992900994,0.0012560999984998489,41,39,0.04878048780487809,not_run_in_development_grid,74e97e3e91fec3c194d338dbf07fe463abbee30e6ec302a429dd67d4ec2a8b92,clifford_6,RandomClifford,6,39,0.04878048780487809,0.0010194999995292164,0.0,1
b1_c64,1,64,success,exact_zero,0,0,30,0,,0.002112600001055398,0.0007593999998789513,0.0028720000009343494,48,48,0.0,not_run_in_development_grid,edd5a22e6ec1e0d26a85c6c718e1e94836f192ceab2dbfb5f4d8a6786339dd0d,qaoa_line_6,QAOA,6,48,0.0,0.0012160999995103339,0.0,0
b8_c64,8,64,success,exact_zero,0,0,30,0,,0.0008937999991758261,0.0007387999994534766,0.0016325999986293027,48,48,0.0,not_run_in_development_grid,edd5a22e6ec1e0d26a85c6c718e1e94836f192ceab2dbfb5f4d8a6786339dd0d,qaoa_line_6,QAOA,6,48,0.0,0.0012160999995103339,0.0,0
b32_c64,32,64,success,exact_zero,0,0,30,0,,0.0012081999993824866,0.00072829999953683,0.0019364999989193166,48,48,0.0,not_run_in_development_grid,edd5a22e6ec1e0d26a85c6c718e1e94836f192ceab2dbfb5f4d8a6786339dd0d,qaoa_line_6,QAOA,6,48,0.0,0.0012160999995103339,0.0,0
b1_c256,1,256,success,exact_zero,0,0,30,0,,0.0008355999998457264,0.0008784000001469394,0.0017139999999926658,48,48,0.0,not_run_in_development_grid,edd5a22e6ec1e0d26a85c6c718e1e94836f192ceab2dbfb5f4d8a6786339dd0d,qaoa_line_6,QAOA,6,48,0.0,0.0012160999995103339,0.0,0
b8_c256,8,256,success,exact_zero,0,0,30,0,,0.0013145000011718366,0.0007322000001295237,0.0020467000013013603,48,48,0.0,not_run_in_development_grid,edd5a22e6ec1e0d26a85c6c718e1e94836f192ceab2dbfb5f4d8a6786339dd0d,qaoa_line_6,QAOA,6,48,0.0,0.0012160999995103339,0.0,0
b32_c256,32,256,success,exact_zero,0,0,30,0,,0.0008684000003995607,0.0007166999985201983,0.001585099998919759,48,48,0.0,not_run_in_development_grid,edd5a22e6ec1e0d26a85c6c718e1e94836f192ceab2dbfb5f4d8a6786339dd0d,qaoa_line_6,QAOA,6,48,0.0,0.0012160999995103339,0.0,0
b1_c64,1,64,success,exact,10,10,26,0,,0.0010681000003387453,0.00035790000038105063,0.001426000000719796,29,19,0.3448275862068966,not_run_in_development_grid,eddd39fb7713c30765eff96b2b18a93b5a81f161905df421991d8256e7b31b8f,clifford_4,RandomClifford,4,19,0.3448275862068966,0.0005811000009998679,0.0,1
b8_c64,8,64,success,exact,10,10,26,0,,0.001875800000561867,0.000364500001523993,0.00224030000208586,29,19,0.3448275862068966,not_run_in_development_grid,eddd39fb7713c30765eff96b2b18a93b5a81f161905df421991d8256e7b31b8f,clifford_4,RandomClifford,4,19,0.3448275862068966,0.0005811000009998679,0.0,1
b32_c64,32,64,success,exact,10,10,26,0,,0.0011338999993313337,0.0002951000005850801,0.0014289999999164138,29,19,0.3448275862068966,not_run_in_development_grid,eddd39fb7713c30765eff96b2b18a93b5a81f161905df421991d8256e7b31b8f,clifford_4,RandomClifford,4,19,0.3448275862068966,0.0005811000009998679,0.0,1
b1_c256,1,256,success,exact,10,10,26,0,,0.0010383999997429783,0.0003028999999514781,0.0013412999996944563,29,19,0.3448275862068966,not_run_in_development_grid,eddd39fb7713c30765eff96b2b18a93b5a81f161905df421991d8256e7b31b8f,clifford_4,RandomClifford,4,19,0.3448275862068966,0.0005811000009998679,0.0,1
b8_c256,8,256,success,exact,10,10,26,0,,0.0012151999999332475,0.0002786999993986683,0.0014938999993319158,29,19,0.3448275862068966,not_run_in_development_grid,eddd39fb7713c30765eff96b2b18a93b5a81f161905df421991d8256e7b31b8f,clifford_4,RandomClifford,4,19,0.3448275862068966,0.0005811000009998679,0.0,1
b32_c256,32,256,success,exact,10,10,26,0,,0.0009910000007948838,0.0002753999997366918,0.0012664000005315756,29,19,0.3448275862068966,not_run_in_development_grid,eddd39fb7713c30765eff96b2b18a93b5a81f161905df421991d8256e7b31b8f,clifford_4,RandomClifford,4,19,0.3448275862068966,0.0005811000009998679,0.0,1
b1_c64,1,64,success,exact_zero,0,0,3,0,,0.0010661000014806632,0.0006032000001141569,0.00166930000159482,30,30,0.0,not_run_in_development_grid,9fac801b9c9b3af1aab1409fb21f666a7b588bdf8dd5282a5a0b081971ec442e,vqe_twolocal_4,VQE,4,30,0.0,0.001205399999889778,0.0,0
b8_c64,8,64,success,exact_zero,0,0,3,0,,0.001307799999267445,0.0005180999996809987,0.0018258999989484437,30,30,0.0,not_run_in_development_grid,9fac801b9c9b3af1aab1409fb21f666a7b588bdf8dd5282a5a0b081971ec442e,vqe_twolocal_4,VQE,4,30,0.0,0.001205399999889778,0.0,0
b32_c64,32,64,success,exact_zero,0,0,3,0,,0.0007794000011926983,0.0005177000002731802,0.0012971000014658784,30,30,0.0,not_run_in_development_grid,9fac801b9c9b3af1aab1409fb21f666a7b588bdf8dd5282a5a0b081971ec442e,vqe_twolocal_4,VQE,4,30,0.0,0.001205399999889778,0.0,0
b1_c256,1,256,success,exact_zero,0,0,3,0,,0.0007487000002583954,0.0009795999994821614,0.0017282999997405568,30,30,0.0,not_run_in_development_grid,9fac801b9c9b3af1aab1409fb21f666a7b588bdf8dd5282a5a0b081971ec442e,vqe_twolocal_4,VQE,4,30,0.0,0.001205399999889778,0.0,0
b8_c256,8,256,success,exact_zero,0,0,3,0,,0.0013753000002907356,0.0005258000001049368,0.0019011000003956724,30,30,0.0,not_run_in_development_grid,9fac801b9c9b3af1aab1409fb21f666a7b588bdf8dd5282a5a0b081971ec442e,vqe_twolocal_4,VQE,4,30,0.0,0.001205399999889778,0.0,0
b32_c256,32,256,success,exact_zero,0,0,3,0,,0.0008125000003929017,0.0005154999998921994,0.0013280000002851011,30,30,0.0,not_run_in_development_grid,9fac801b9c9b3af1aab1409fb21f666a7b588bdf8dd5282a5a0b081971ec442e,vqe_twolocal_4,VQE,4,30,0.0,0.001205399999889778,0.0,0
b1_c64,1,64,success,exact,8,8,10,0,,0.000877500000569853,0.00025800000003073364,0.0011355000006005866,24,16,0.33333333333333337,not_run_in_development_grid,0c385466b36d1cfb45b9905a2268a95cbec405473b691709845e71a0553c0b79,bv_8,Oracle,9,16,0.33333333333333337,0.0007395000011456432,0.0,1
b8_c64,8,64,success,exact,8,8,10,0,,0.0008039000003918773,0.000506899999891175,0.0013108000002830522,24,16,0.33333333333333337,not_run_in_development_grid,0c385466b36d1cfb45b9905a2268a95cbec405473b691709845e71a0553c0b79,bv_8,Oracle,9,16,0.33333333333333337,0.0007395000011456432,0.0,1
b32_c64,32,64,success,exact,8,8,10,0,,0.0011641000000963686,0.0002798000004986534,0.001443900000595022,24,16,0.33333333333333337,not_run_in_development_grid,0c385466b36d1cfb45b9905a2268a95cbec405473b691709845e71a0553c0b79,bv_8,Oracle,9,16,0.33333333333333337,0.0007395000011456432,0.0,1
b1_c256,1,256,success,exact,8,8,10,0,,0.0008027000003494322,0.0002828999986377312,0.0010855999989871634,24,16,0.33333333333333337,not_run_in_development_grid,0c385466b36d1cfb45b9905a2268a95cbec405473b691709845e71a0553c0b79,bv_8,Oracle,9,16,0.33333333333333337,0.0007395000011456432,0.0,1
b8_c256,8,256,success,exact,8,8,10,0,,0.0007349000006797723,0.00024810000104480423,0.0009830000017245766,24,16,0.33333333333333337,not_run_in_development_grid,0c385466b36d1cfb45b9905a2268a95cbec405473b691709845e71a0553c0b79,bv_8,Oracle,9,16,0.33333333333333337,0.0007395000011456432,0.0,1
b32_c256,32,256,success,exact,8,8,10,0,,0.0007673999989492586,0.0002471999996487284,0.001014599998597987,24,16,0.33333333333333337,not_run_in_development_grid,0c385466b36d1cfb45b9905a2268a95cbec405473b691709845e71a0553c0b79,bv_8,Oracle,9,16,0.33333333333333337,0.0007395000011456432,0.0,1
b1_c64,1,64,success,truncated,252,128,1127757,62,conservative_overlap_check_budget_predicted:20000000:18299781,0.515773099999933,0.20771570000033535,0.7234888000002684,12046,11794,0.0209198074049477,not_run_in_development_grid,916e8ca7c9598753b3e23a7ed30b002882a72b04507e198132b31ffc6a26ef74,qwalk_8,QuantumWalk,9,11794,0.0209198074049477,0.4382032999983494,0.0,1
b8_c64,8,64,success,truncated,252,128,1127757,62,conservative_overlap_check_budget_predicted:20000000:18299781,1.7869556000005105,0.21446449999893957,2.00142009999945,12046,11794,0.0209198074049477,not_run_in_development_grid,916e8ca7c9598753b3e23a7ed30b002882a72b04507e198132b31ffc6a26ef74,qwalk_8,QuantumWalk,9,11794,0.0209198074049477,0.4382032999983494,0.0,1
b32_c64,32,64,success,truncated,252,128,1127757,62,conservative_overlap_check_budget_predicted:20000000:18299781,6.827948200001629,0.2945308999987901,7.122479100000419,12046,11794,0.0209198074049477,not_run_in_development_grid,916e8ca7c9598753b3e23a7ed30b002882a72b04507e198132b31ffc6a26ef74,qwalk_8,QuantumWalk,9,11794,0.0209198074049477,0.4382032999983494,0.0,1
b1_c256,1,256,success,exact,252,252,1127757,0,conservative_overlap_check_budget_predicted:20000000:18299781,0.7171455000006972,0.22095429999899352,0.9380997999996907,12046,11794,0.0209198074049477,not_run_in_development_grid,916e8ca7c9598753b3e23a7ed30b002882a72b04507e198132b31ffc6a26ef74,qwalk_8,QuantumWalk,9,11794,0.0209198074049477,0.4382032999983494,0.0,1
b8_c256,8,256,success,exact,252,252,1127757,0,conservative_overlap_check_budget_predicted:20000000:18299781,2.3272995999996056,0.21693219999906432,2.54423179999867,12046,11794,0.0209198074049477,not_run_in_development_grid,916e8ca7c9598753b3e23a7ed30b002882a72b04507e198132b31ffc6a26ef74,qwalk_8,QuantumWalk,9,11794,0.0209198074049477,0.4382032999983494,0.0,1
b32_c256,32,256,success,exact,252,252,1127757,0,conservative_overlap_check_budget_predicted:20000000:18299781,7.877370099999098,0.21948519999932614,8.096855299998424,12046,11794,0.0209198074049477,not_run_in_development_grid,916e8ca7c9598753b3e23a7ed30b002882a72b04507e198132b31ffc6a26ef74,qwalk_8,QuantumWalk,9,11794,0.0209198074049477,0.4382032999983494,0.0,1
b1_c64,1,64,success,exact_zero,0,0,11,0,,0.00109129999873403,0.0003773000007640803,0.0014685999994981103,22,22,0.0,not_run_in_development_grid,fbbb1f6cb302de75c9077919dccba48d46bf95447cc57a644a2377416daa7c26,hardware_eff_4,HardwareEfficient,4,22,0.0,0.0008529000006092247,0.0,0
b8_c64,8,64,success,exact_zero,0,0,11,0,,0.0007554000003437977,0.0003540999987308169,0.0011094999990746146,22,22,0.0,not_run_in_development_grid,fbbb1f6cb302de75c9077919dccba48d46bf95447cc57a644a2377416daa7c26,hardware_eff_4,HardwareEfficient,4,22,0.0,0.0008529000006092247,0.0,0
b32_c64,32,64,success,exact_zero,0,0,11,0,,0.0006855000010546064,0.0003454999987297924,0.0010309999997843988,22,22,0.0,not_run_in_development_grid,fbbb1f6cb302de75c9077919dccba48d46bf95447cc57a644a2377416daa7c26,hardware_eff_4,HardwareEfficient,4,22,0.0,0.0008529000006092247,0.0,0
b1_c256,1,256,success,exact_zero,0,0,11,0,,0.001103000000512111,0.0003437999985180795,0.0014467999990301905,22,22,0.0,not_run_in_development_grid,fbbb1f6cb302de75c9077919dccba48d46bf95447cc57a644a2377416daa7c26,hardware_eff_4,HardwareEfficient,4,22,0.0,0.0008529000006092247,0.0,0
b8_c256,8,256,success,exact_zero,0,0,11,0,,0.0007501000000047497,0.0003419999993639067,0.0010920999993686564,22,22,0.0,not_run_in_development_grid,fbbb1f6cb302de75c9077919dccba48d46bf95447cc57a644a2377416daa7c26,hardware_eff_4,HardwareEfficient,4,22,0.0,0.0008529000006092247,0.0,0
b32_c256,32,256,success,exact_zero,0,0,11,0,,0.001057800000126008,0.00039939999987836927,0.0014572000000043772,22,22,0.0,not_run_in_development_grid,fbbb1f6cb302de75c9077919dccba48d46bf95447cc57a644a2377416daa7c26,hardware_eff_4,HardwareEfficient,4,22,0.0,0.0008529000006092247,0.0,0
b1_c64,1,64,success,exact_zero,0,0,1,0,,0.0009571999999025138,0.00012489999971876387,0.0010820999996212777,8,8,0.0,not_run_in_development_grid,e2143d08e116cb3586d657f776bf753f5b6696964a06ed9814fe6dc5d6a4f903,surface_code_5,SurfaceCode,6,8,0.0,0.00029859999995096587,0.0,0
b8_c64,8,64,success,exact_zero,0,0,1,0,,0.0007100999991962453,0.00011869999980262946,0.0008287999989988748,8,8,0.0,not_run_in_development_grid,e2143d08e116cb3586d657f776bf753f5b6696964a06ed9814fe6dc5d6a4f903,surface_code_5,SurfaceCode,6,8,0.0,0.00029859999995096587,0.0,0
b32_c64,32,64,success,exact_zero,0,0,1,0,,0.0006554999999934807,0.00011900000026798807,0.0007745000002614688,8,8,0.0,not_run_in_development_grid,e2143d08e116cb3586d657f776bf753f5b6696964a06ed9814fe6dc5d6a4f903,surface_code_5,SurfaceCode,6,8,0.0,0.00029859999995096587,0.0,0
b1_c256,1,256,success,exact_zero,0,0,1,0,,0.0006892000001244014,0.00025379999897268135,0.0009429999990970828,8,8,0.0,not_run_in_development_grid,e2143d08e116cb3586d657f776bf753f5b6696964a06ed9814fe6dc5d6a4f903,surface_code_5,SurfaceCode,6,8,0.0,0.00029859999995096587,0.0,0
b8_c256,8,256,success,exact_zero,0,0,1,0,,0.000683000000208267,0.00012339999921096023,0.0008063999994192272,8,8,0.0,not_run_in_development_grid,e2143d08e116cb3586d657f776bf753f5b6696964a06ed9814fe6dc5d6a4f903,surface_code_5,SurfaceCode,6,8,0.0,0.00029859999995096587,0.0,0
b32_c256,32,256,success,exact_zero,0,0,1,0,,0.0006436999992729397,0.0002040999988821568,0.0008477999981550965,8,8,0.0,not_run_in_development_grid,e2143d08e116cb3586d657f776bf753f5b6696964a06ed9814fe6dc5d6a4f903,surface_code_5,SurfaceCode,6,8,0.0,0.00029859999995096587,0.0,0
b1_c64,1,64,success,exact,2,2,47,0,,0.0009795999994821614,0.0006325999984255759,0.0016121999979077373,28,26,0.0714285714285714,not_run_in_development_grid,fff9e82ccf288b69ac39de668fca6fe3c6b30b9b7b6254dc68246f60aa6e303c,uccsd_4,UCCSD_inspired,4,26,0.0714285714285714,0.0011904000020876992,0.0,1
b8_c64,8,64,success,exact,2,2,47,0,,0.0008263999989139847,0.0006319000003713882,0.001458299999285373,28,26,0.0714285714285714,not_run_in_development_grid,fff9e82ccf288b69ac39de668fca6fe3c6b30b9b7b6254dc68246f60aa6e303c,uccsd_4,UCCSD_inspired,4,26,0.0714285714285714,0.0011904000020876992,0.0,1
b32_c64,32,64,success,exact,2,2,47,0,,0.0011694000004354166,0.0006359999988490017,0.0018053999992844183,28,26,0.0714285714285714,not_run_in_development_grid,fff9e82ccf288b69ac39de668fca6fe3c6b30b9b7b6254dc68246f60aa6e303c,uccsd_4,UCCSD_inspired,4,26,0.0714285714285714,0.0011904000020876992,0.0,1
b1_c256,1,256,success,exact,2,2,47,0,,0.0009446999993087957,0.0007098999994923361,0.0016545999988011317,28,26,0.0714285714285714,not_run_in_development_grid,fff9e82ccf288b69ac39de668fca6fe3c6b30b9b7b6254dc68246f60aa6e303c,uccsd_4,UCCSD_inspired,4,26,0.0714285714285714,0.0011904000020876992,0.0,1
b8_c256,8,256,success,exact,2,2,47,0,,0.0010559000002103858,0.0006340999989333795,0.0016899999991437653,28,26,0.0714285714285714,not_run_in_development_grid,fff9e82ccf288b69ac39de668fca6fe3c6b30b9b7b6254dc68246f60aa6e303c,uccsd_4,UCCSD_inspired,4,26,0.0714285714285714,0.0011904000020876992,0.0,1
b32_c256,32,256,success,exact,2,2,47,0,,0.0008354000001418171,0.0006279999997786945,0.0014633999999205116,28,26,0.0714285714285714,not_run_in_development_grid,fff9e82ccf288b69ac39de668fca6fe3c6b30b9b7b6254dc68246f60aa6e303c,uccsd_4,UCCSD_inspired,4,26,0.0714285714285714,0.0011904000020876992,0.0,1
b1_c64,1,64,success,exact,56,56,196,0,,0.0039407000003848225,0.0002715999999054475,0.00421230000029027,56,0,1.0,not_run_in_development_grid,d3e8b51351e86caa6d8939fe0a903f48a089e7d220d46a14b52d6c94e6e43394,cnot_chain_8,CNOT,8,0,1.0,0.0009188000021822518,0.0,1
b8_c64,8,64,success,exact,56,56,196,0,,0.010036800000307267,0.0002651999984664144,0.010301999998773681,56,0,1.0,not_run_in_development_grid,d3e8b51351e86caa6d8939fe0a903f48a089e7d220d46a14b52d6c94e6e43394,cnot_chain_8,CNOT,8,0,1.0,0.0009188000021822518,0.0,1
b32_c64,32,64,success,exact,56,56,196,0,,0.03252509999947506,0.00030309999965538736,0.03282819999913045,56,0,1.0,not_run_in_development_grid,d3e8b51351e86caa6d8939fe0a903f48a089e7d220d46a14b52d6c94e6e43394,cnot_chain_8,CNOT,8,0,1.0,0.0009188000021822518,0.0,1
b1_c256,1,256,success,exact,56,56,196,0,,0.0028163000006315997,0.00026930000058200676,0.0030856000012136064,56,0,1.0,not_run_in_development_grid,d3e8b51351e86caa6d8939fe0a903f48a089e7d220d46a14b52d6c94e6e43394,cnot_chain_8,CNOT,8,0,1.0,0.0009188000021822518,0.0,1
b8_c256,8,256,success,exact,56,56,196,0,,0.010458299999299925,0.00026369999977760017,0.010721999999077525,56,0,1.0,not_run_in_development_grid,d3e8b51351e86caa6d8939fe0a903f48a089e7d220d46a14b52d6c94e6e43394,cnot_chain_8,CNOT,8,0,1.0,0.0009188000021822518,0.0,1
b32_c256,32,256,success,exact,56,56,196,0,,0.029211099999884027,0.0002839999997377163,0.029495099999621743,56,0,1.0,not_run_in_development_grid,d3e8b51351e86caa6d8939fe0a903f48a089e7d220d46a14b52d6c94e6e43394,cnot_chain_8,CNOT,8,0,1.0,0.0009188000021822518,0.0,1
b1_c64,1,64,success,exact_zero,0,0,0,0,,0.0008219999999710126,0.0001900000006571645,0.001012000000628177,13,13,0.0,not_run_in_development_grid,2c4eabb9f48c4ae3c75c74a5d4378f67f7d301aceb9b8651680f3c6aa91a6477,adder_6,Adder,7,13,0.0,0.0004544000003079418,0.0,0
b8_c64,8,64,success,exact_zero,0,0,0,0,,0.000741300000299816,0.00018649999947228935,0.0009277999997721054,13,13,0.0,not_run_in_development_grid,2c4eabb9f48c4ae3c75c74a5d4378f67f7d301aceb9b8651680f3c6aa91a6477,adder_6,Adder,7,13,0.0,0.0004544000003079418,0.0,0
b32_c64,32,64,success,exact_zero,0,0,0,0,,0.0007349999996222323,0.00021919999926467426,0.0009541999988869065,13,13,0.0,not_run_in_development_grid,2c4eabb9f48c4ae3c75c74a5d4378f67f7d301aceb9b8651680f3c6aa91a6477,adder_6,Adder,7,13,0.0,0.0004544000003079418,0.0,0
b1_c256,1,256,success,exact_zero,0,0,0,0,,0.0012708999984170077,0.00017699999989417847,0.0014478999983111862,13,13,0.0,not_run_in_development_grid,2c4eabb9f48c4ae3c75c74a5d4378f67f7d301aceb9b8651680f3c6aa91a6477,adder_6,Adder,7,13,0.0,0.0004544000003079418,0.0,0
b8_c256,8,256,success,exact_zero,0,0,0,0,,0.0007351999993261416,0.00017519999892101623,0.0009103999982471578,13,13,0.0,not_run_in_development_grid,2c4eabb9f48c4ae3c75c74a5d4378f67f7d301aceb9b8651680f3c6aa91a6477,adder_6,Adder,7,13,0.0,0.0004544000003079418,0.0,0
b32_c256,32,256,success,exact_zero,0,0,0,0,,0.0009599999993952224,0.00020910000057483558,0.001169099999970058,13,13,0.0,not_run_in_development_grid,2c4eabb9f48c4ae3c75c74a5d4378f67f7d301aceb9b8651680f3c6aa91a6477,adder_6,Adder,7,13,0.0,0.0004544000003079418,0.0,0
b1_c64,1,64,success,exact_zero,0,0,1,0,,0.0008815999990474666,0.0001443999990442535,0.00102599999809172,10,10,0.0,not_run_in_development_grid,495bef64d81542b62d65ea7f3ea2f68c15fd96f817571830c26016e760cb0b20,surface_code_7,SurfaceCode,8,10,0.0,0.00035969999953522347,0.0,0
b8_c64,8,64,success,exact_zero,0,0,1,0,,0.0006618999996135244,0.00013980000039737206,0.0008017000000108965,10,10,0.0,not_run_in_development_grid,495bef64d81542b62d65ea7f3ea2f68c15fd96f817571830c26016e760cb0b20,surface_code_7,SurfaceCode,8,10,0.0,0.00035969999953522347,0.0,0
b32_c64,32,64,success,exact_zero,0,0,1,0,,0.0006678999998257495,0.00018900000031862874,0.0008569000001443783,10,10,0.0,not_run_in_development_grid,495bef64d81542b62d65ea7f3ea2f68c15fd96f817571830c26016e760cb0b20,surface_code_7,SurfaceCode,8,10,0.0,0.00035969999953522347,0.0,0
b1_c256,1,256,success,exact_zero,0,0,1,0,,0.0012361999997665407,0.00017219999972439837,0.001408399999490939,10,10,0.0,not_run_in_development_grid,495bef64d81542b62d65ea7f3ea2f68c15fd96f817571830c26016e760cb0b20,surface_code_7,SurfaceCode,8,10,0.0,0.00035969999953522347,0.0,0
b8_c256,8,256,success,exact_zero,0,0,1,0,,0.0008682000006956514,0.00013979999857838266,0.001007999999274034,10,10,0.0,not_run_in_development_grid,495bef64d81542b62d65ea7f3ea2f68c15fd96f817571830c26016e760cb0b20,surface_code_7,SurfaceCode,8,10,0.0,0.00035969999953522347,0.0,0
b32_c256,32,256,success,exact_zero,0,0,1,0,,0.000632499999483116,0.00013699999908567406,0.00076949999856879,10,10,0.0,not_run_in_development_grid,495bef64d81542b62d65ea7f3ea2f68c15fd96f817571830c26016e760cb0b20,surface_code_7,SurfaceCode,8,10,0.0,0.00035969999953522347,0.0,0
b1_c64,1,64,success,truncated,132,128,148923,2,conservative_overlap_check_budget_predicted:20000000:2190159,0.04963149999821326,0.070300600000337,0.11993209999855026,3922,3790,0.03365629780724122,not_run_in_development_grid,998d28f393fb6fe8a78d18a2436597cf82c17978859d430e5e43e089471944d1,qwalk_6,QuantumWalk,7,3790,0.03365629780724122,0.10803990000204067,0.0,1
b8_c64,8,64,success,truncated,132,128,148923,2,conservative_overlap_check_budget_predicted:20000000:2190159,0.4658883000010974,0.08307190000050468,0.5489602000016021,3922,3790,0.03365629780724122,not_run_in_development_grid,998d28f393fb6fe8a78d18a2436597cf82c17978859d430e5e43e089471944d1,qwalk_6,QuantumWalk,7,3790,0.03365629780724122,0.10803990000204067,0.0,1
b32_c64,32,64,success,truncated,132,128,148923,2,conservative_overlap_check_budget_predicted:20000000:2190159,1.3076264999999694,0.06964870000047085,1.3772752000004402,3922,3790,0.03365629780724122,not_run_in_development_grid,998d28f393fb6fe8a78d18a2436597cf82c17978859d430e5e43e089471944d1,qwalk_6,QuantumWalk,7,3790,0.03365629780724122,0.10803990000204067,0.0,1
b1_c256,1,256,success,exact,132,132,148923,0,conservative_overlap_check_budget_predicted:20000000:2190159,0.04578100000071572,0.06937420000031125,0.11515520000102697,3922,3790,0.03365629780724122,not_run_in_development_grid,998d28f393fb6fe8a78d18a2436597cf82c17978859d430e5e43e089471944d1,qwalk_6,QuantumWalk,7,3790,0.03365629780724122,0.10803990000204067,0.0,1
b8_c256,8,256,success,exact,132,132,148923,0,conservative_overlap_check_budget_predicted:20000000:2190159,0.5045075999987603,0.06757330000073125,0.5720808999994915,3922,3790,0.03365629780724122,not_run_in_development_grid,998d28f393fb6fe8a78d18a2436597cf82c17978859d430e5e43e089471944d1,qwalk_6,QuantumWalk,7,3790,0.03365629780724122,0.10803990000204067,0.0,1
b32_c256,32,256,success,exact,132,132,148923,0,conservative_overlap_check_budget_predicted:20000000:2190159,1.2989677999994456,0.06917259999863745,1.368140399998083,3922,3790,0.03365629780724122,not_run_in_development_grid,998d28f393fb6fe8a78d18a2436597cf82c17978859d430e5e43e089471944d1,qwalk_6,QuantumWalk,7,3790,0.03365629780724122,0.10803990000204067,0.0,1
b1_c64,1,64,success,exact,12,12,37,0,,0.001373799999782932,0.0004543000013654819,0.0018281000011484139,45,33,0.2666666666666667,not_run_in_development_grid,83c7c3f2143beb462726dd5669eb691fae0cabe693debd1cd6c9926ec8aac05b,clifford_6,RandomClifford,6,33,0.2666666666666667,0.001220100000864477,0.0,1
b8_c64,8,64,success,exact,12,12,37,0,,0.0010985999997501494,0.0004313000008551171,0.0015299000006052665,45,33,0.2666666666666667,not_run_in_development_grid,83c7c3f2143beb462726dd5669eb691fae0cabe693debd1cd6c9926ec8aac05b,clifford_6,RandomClifford,6,33,0.2666666666666667,0.001220100000864477,0.0,1
b32_c64,32,64,success,exact,12,12,37,0,,0.0010183000013057608,0.0004237000011926284,0.0014420000024983892,45,33,0.2666666666666667,not_run_in_development_grid,83c7c3f2143beb462726dd5669eb691fae0cabe693debd1cd6c9926ec8aac05b,clifford_6,RandomClifford,6,33,0.2666666666666667,0.001220100000864477,0.0,1
b1_c256,1,256,success,exact,12,12,37,0,,0.0015531999997620005,0.0004967999993823469,0.0020499999991443474,45,33,0.2666666666666667,not_run_in_development_grid,83c7c3f2143beb462726dd5669eb691fae0cabe693debd1cd6c9926ec8aac05b,clifford_6,RandomClifford,6,33,0.2666666666666667,0.001220100000864477,0.0,1
b8_c256,8,256,success,exact,12,12,37,0,,0.0011486999992484925,0.0004470000003493624,0.001595699999597855,45,33,0.2666666666666667,not_run_in_development_grid,83c7c3f2143beb462726dd5669eb691fae0cabe693debd1cd6c9926ec8aac05b,clifford_6,RandomClifford,6,33,0.2666666666666667,0.001220100000864477,0.0,1
b32_c256,32,256,success,exact,12,12,37,0,,0.0013373000001593027,0.0004391000002215151,0.0017764000003808178,45,33,0.2666666666666667,not_run_in_development_grid,83c7c3f2143beb462726dd5669eb691fae0cabe693debd1cd6c9926ec8aac05b,clifford_6,RandomClifford,6,33,0.2666666666666667,0.001220100000864477,0.0,1
b1_c64,1,64,success,exact,16,16,9819,0,,0.2218049000002793,0.020274399999834714,0.24207930000011402,1130,1114,0.01415929203539823,not_run_in_development_grid,50b8786b19b903fee03c7d549eeadd02f826e61a98ec20ccfe13816a21e87930,grover_8,Grover,8,1114,0.01415929203539823,0.02766420000079961,0.0,1
b8_c64,8,64,success,exact,16,16,9819,0,,0.23022450000098615,0.016744599999583443,0.2469691000005696,1130,1114,0.01415929203539823,not_run_in_development_grid,50b8786b19b903fee03c7d549eeadd02f826e61a98ec20ccfe13816a21e87930,grover_8,Grover,8,1114,0.01415929203539823,0.02766420000079961,0.0,1
b32_c64,32,64,success,exact,16,16,9819,0,,0.22408460000042396,0.028759599999830243,0.2528442000002542,1130,1114,0.01415929203539823,not_run_in_development_grid,50b8786b19b903fee03c7d549eeadd02f826e61a98ec20ccfe13816a21e87930,grover_8,Grover,8,1114,0.01415929203539823,0.02766420000079961,0.0,1
b1_c256,1,256,success,exact,16,16,9819,0,,0.2741531000010582,0.025911000000633067,0.30006410000169126,1130,1114,0.01415929203539823,not_run_in_development_grid,50b8786b19b903fee03c7d549eeadd02f826e61a98ec20ccfe13816a21e87930,grover_8,Grover,8,1114,0.01415929203539823,0.02766420000079961,0.0,1
b8_c256,8,256,success,exact,16,16,9819,0,,0.23156420000123035,0.017390699998941272,0.24895490000017162,1130,1114,0.01415929203539823,not_run_in_development_grid,50b8786b19b903fee03c7d549eeadd02f826e61a98ec20ccfe13816a21e87930,grover_8,Grover,8,1114,0.01415929203539823,0.02766420000079961,0.0,1
b32_c256,32,256,success,exact,16,16,9819,0,,0.22295180000037362,0.017605299999559065,0.2405570999999327,1130,1114,0.01415929203539823,not_run_in_development_grid,50b8786b19b903fee03c7d549eeadd02f826e61a98ec20ccfe13816a21e87930,grover_8,Grover,8,1114,0.01415929203539823,0.02766420000079961,0.0,1
b1_c64,1,64,success,exact_zero,0,0,5,0,,0.001000700000076904,0.0011665000001812587,0.0021672000002581626,46,46,0.0,not_run_in_development_grid,5eaf1f2b9f33724492a3e71d4e8ceaefbf99cfd60c760cd93842c60ec7375ec3,vqe_twolocal_6,VQE,6,46,0.0,0.0016819000011309981,0.0,0
b8_c64,8,64,success,exact_zero,0,0,5,0,,0.0015598000009049429,0.0007724000006419374,0.0023322000015468802,46,46,0.0,not_run_in_development_grid,5eaf1f2b9f33724492a3e71d4e8ceaefbf99cfd60c760cd93842c60ec7375ec3,vqe_twolocal_6,VQE,6,46,0.0,0.0016819000011309981,0.0,0
b32_c64,32,64,success,exact_zero,0,0,5,0,,0.0008292999991681427,0.0008010999990801793,0.001630399998248322,46,46,0.0,not_run_in_development_grid,5eaf1f2b9f33724492a3e71d4e8ceaefbf99cfd60c760cd93842c60ec7375ec3,vqe_twolocal_6,VQE,6,46,0.0,0.0016819000011309981,0.0,0
b1_c256,1,256,success,exact_zero,0,0,5,0,,0.0007606000017403858,0.0007703999999648659,0.0015310000017052516,46,46,0.0,not_run_in_development_grid,5eaf1f2b9f33724492a3e71d4e8ceaefbf99cfd60c760cd93842c60ec7375ec3,vqe_twolocal_6,VQE,6,46,0.0,0.0016819000011309981,0.0,0
b8_c256,8,256,success,exact_zero,0,0,5,0,,0.0007508999988203868,0.000780099999246886,0.0015309999980672728,46,46,0.0,not_run_in_development_grid,5eaf1f2b9f33724492a3e71d4e8ceaefbf99cfd60c760cd93842c60ec7375ec3,vqe_twolocal_6,VQE,6,46,0.0,0.0016819000011309981,0.0,0
b32_c256,32,256,success,exact_zero,0,0,5,0,,0.0010258000002068002,0.0008875999992596917,0.0019133999994664919,46,46,0.0,not_run_in_development_grid,5eaf1f2b9f33724492a3e71d4e8ceaefbf99cfd60c760cd93842c60ec7375ec3,vqe_twolocal_6,VQE,6,46,0.0,0.0016819000011309981,0.0,0
b1_c64,1,64,success,exact,10,10,39,0,,0.001169899998785695,0.00040550000085204374,0.0015753999996377388,39,29,0.2564102564102564,not_run_in_development_grid,27a0f06f7cc08a8cc737a4739dc368a6357264dac3917d9592477680c4557db2,clifford_4,RandomClifford,4,29,0.2564102564102564,0.0010476999996171799,0.0,1
b8_c64,8,64,success,exact,10,10,39,0,,0.0010247000009258045,0.0003915999986929819,0.0014162999996187864,39,29,0.2564102564102564,not_run_in_development_grid,27a0f06f7cc08a8cc737a4739dc368a6357264dac3917d9592477680c4557db2,clifford_4,RandomClifford,4,29,0.2564102564102564,0.0010476999996171799,0.0,1
b32_c64,32,64,success,exact,10,10,39,0,,0.0009623000005376525,0.0007445000010193326,0.001706800001556985,39,29,0.2564102564102564,not_run_in_development_grid,27a0f06f7cc08a8cc737a4739dc368a6357264dac3917d9592477680c4557db2,clifford_4,RandomClifford,4,29,0.2564102564102564,0.0010476999996171799,0.0,1
b1_c256,1,256,success,exact,10,10,39,0,,0.0016455000004498288,0.00038130000029923394,0.0020268000007490627,39,29,0.2564102564102564,not_run_in_development_grid,27a0f06f7cc08a8cc737a4739dc368a6357264dac3917d9592477680c4557db2,clifford_4,RandomClifford,4,29,0.2564102564102564,0.0010476999996171799,0.0,1
b8_c256,8,256,success,exact,10,10,39,0,,0.0010136999990209006,0.0003794999993260717,0.0013931999983469723,39,29,0.2564102564102564,not_run_in_development_grid,27a0f06f7cc08a8cc737a4739dc368a6357264dac3917d9592477680c4557db2,clifford_4,RandomClifford,4,29,0.2564102564102564,0.0010476999996171799,0.0,1
b32_c256,32,256,success,exact,10,10,39,0,,0.0009702999996079598,0.0003803999989031581,0.0013506999985111179,39,29,0.2564102564102564,not_run_in_development_grid,27a0f06f7cc08a8cc737a4739dc368a6357264dac3917d9592477680c4557db2,clifford_4,RandomClifford,4,29,0.2564102564102564,0.0010476999996171799,0.0,1
b1_c64,1,64,success,exact_zero,0,0,11,0,,0.0007387999994534766,0.00035199999911128543,0.001090799998564762,22,22,0.0,not_run_in_development_grid,329b15531e8ae55e3c8668f2b78d9dbb4532f68f6c3aa4cb36f07012787c1a07,hardware_eff_4,HardwareEfficient,4,22,0.0,0.0006185000002005836,0.0,0
b8_c64,8,64,success,exact_zero,0,0,11,0,,0.0009538000012980774,0.0003988999997091014,0.0013527000010071788,22,22,0.0,not_run_in_development_grid,329b15531e8ae55e3c8668f2b78d9dbb4532f68f6c3aa4cb36f07012787c1a07,hardware_eff_4,HardwareEfficient,4,22,0.0,0.0006185000002005836,0.0,0
b32_c64,32,64,success,exact_zero,0,0,11,0,,0.0008340999993379228,0.00036270000055083074,0.0011967999998887535,22,22,0.0,not_run_in_development_grid,329b15531e8ae55e3c8668f2b78d9dbb4532f68f6c3aa4cb36f07012787c1a07,hardware_eff_4,HardwareEfficient,4,22,0.0,0.0006185000002005836,0.0,0
b1_c256,1,256,success,exact_zero,0,0,11,0,,0.0006797000005462905,0.0003980999990744749,0.0010777999996207654,22,22,0.0,not_run_in_development_grid,329b15531e8ae55e3c8668f2b78d9dbb4532f68f6c3aa4cb36f07012787c1a07,hardware_eff_4,HardwareEfficient,4,22,0.0,0.0006185000002005836,0.0,0
b8_c256,8,256,success,exact_zero,0,0,11,0,,0.0008408000012423145,0.00035969999953522347,0.001200500000777538,22,22,0.0,not_run_in_development_grid,329b15531e8ae55e3c8668f2b78d9dbb4532f68f6c3aa4cb36f07012787c1a07,hardware_eff_4,HardwareEfficient,4,22,0.0,0.0006185000002005836,0.0,0
b32_c256,32,256,success,exact_zero,0,0,11,0,,0.0006780000003345776,0.0003463000011834083,0.001024300001517986,22,22,0.0,not_run_in_development_grid,329b15531e8ae55e3c8668f2b78d9dbb4532f68f6c3aa4cb36f07012787c1a07,hardware_eff_4,HardwareEfficient,4,22,0.0,0.0006185000002005836,0.0,0
b1_c64,1,64,success,exact,6,6,9,0,,0.0009312000001955312,0.0005335000005288748,0.001464700000724406,22,16,0.2727272727272727,not_run_in_development_grid,a5f7781ed3e4e651a2e5798f49ae601eea6d43bc87e45d3700bb4db9feee5c3a,bv_7,Oracle,8,16,0.2727272727272727,0.0005108999994263286,0.0,1
b8_c64,8,64,success,exact,6,6,9,0,,0.0013808999992761528,0.00026109999998880085,0.0016419999992649537,22,16,0.2727272727272727,not_run_in_development_grid,a5f7781ed3e4e651a2e5798f49ae601eea6d43bc87e45d3700bb4db9feee5c3a,bv_7,Oracle,8,16,0.2727272727272727,0.0005108999994263286,0.0,1
b32_c64,32,64,success,exact,6,6,9,0,,0.0008928999995987397,0.0002464000008330913,0.001139300000431831,22,16,0.2727272727272727,not_run_in_development_grid,a5f7781ed3e4e651a2e5798f49ae601eea6d43bc87e45d3700bb4db9feee5c3a,bv_7,Oracle,8,16,0.2727272727272727,0.0005108999994263286,0.0,1
b1_c256,1,256,success,exact,6,6,9,0,,0.0007748000007268274,0.00024959999973361846,0.0010244000004604459,22,16,0.2727272727272727,not_run_in_development_grid,a5f7781ed3e4e651a2e5798f49ae601eea6d43bc87e45d3700bb4db9feee5c3a,bv_7,Oracle,8,16,0.2727272727272727,0.0005108999994263286,0.0,1
b8_c256,8,256,success,exact,6,6,9,0,,0.001073999999789521,0.0004309999985707691,0.0015049999983602902,22,16,0.2727272727272727,not_run_in_development_grid,a5f7781ed3e4e651a2e5798f49ae601eea6d43bc87e45d3700bb4db9feee5c3a,bv_7,Oracle,8,16,0.2727272727272727,0.0005108999994263286,0.0,1
b32_c256,32,256,success,exact,6,6,9,0,,0.0009962000003724825,0.00024649999977555126,0.0012427000001480337,22,16,0.2727272727272727,not_run_in_development_grid,a5f7781ed3e4e651a2e5798f49ae601eea6d43bc87e45d3700bb4db9feee5c3a,bv_7,Oracle,8,16,0.2727272727272727,0.0005108999994263286,0.0,1
b1_c64,1,64,success,exact,108,108,13305,0,,0.16962939999939408,0.012168400000518886,0.18179779999991297,646,538,0.16718266253869973,not_run_in_development_grid,69fbd289de660bed2b78ee9f9d1cc83e5a306b8d5606c47a6ad36a8643ea1d45,qwalk_4,QuantumWalk,5,538,0.16718266253869973,0.01723610000044573,0.0,1
b8_c64,8,64,success,exact,108,108,13305,0,,1.0966623999993317,0.013378700001339894,1.1100411000006716,646,538,0.16718266253869973,not_run_in_development_grid,69fbd289de660bed2b78ee9f9d1cc83e5a306b8d5606c47a6ad36a8643ea1d45,qwalk_4,QuantumWalk,5,538,0.16718266253869973,0.01723610000044573,0.0,1
b32_c64,32,64,success,exact,108,108,13305,0,,4.184885599999689,0.012222999999721651,4.19710859999941,646,538,0.16718266253869973,not_run_in_development_grid,69fbd289de660bed2b78ee9f9d1cc83e5a306b8d5606c47a6ad36a8643ea1d45,qwalk_4,QuantumWalk,5,538,0.16718266253869973,0.01723610000044573,0.0,1
b1_c256,1,256,success,exact,108,108,13305,0,,0.17287840000062715,0.013090000000374857,0.185968400001002,646,538,0.16718266253869973,not_run_in_development_grid,69fbd289de660bed2b78ee9f9d1cc83e5a306b8d5606c47a6ad36a8643ea1d45,qwalk_4,QuantumWalk,5,538,0.16718266253869973,0.01723610000044573,0.0,1
b8_c256,8,256,success,exact,108,108,13305,0,,1.1126402000008966,0.012380699999994249,1.1250209000008908,646,538,0.16718266253869973,not_run_in_development_grid,69fbd289de660bed2b78ee9f9d1cc83e5a306b8d5606c47a6ad36a8643ea1d45,qwalk_4,QuantumWalk,5,538,0.16718266253869973,0.01723610000044573,0.0,1
b32_c256,32,256,success,exact,108,108,13305,0,,4.7264997999991465,0.012477500000386499,4.738977299999533,646,538,0.16718266253869973,not_run_in_development_grid,69fbd289de660bed2b78ee9f9d1cc83e5a306b8d5606c47a6ad36a8643ea1d45,qwalk_4,QuantumWalk,5,538,0.16718266253869973,0.01723610000044573,0.0,1
b1_c64,1,64,success,exact_zero,0,0,0,0,,0.0010237999995297287,0.00024619999931019265,0.0012699999988399213,19,19,0.0,not_run_in_development_grid,78372196a76be5b171c8c8652020a17fffda66c247774a77d4b49a122e356bf7,adder_8,Adder,10,19,0.0,0.0008116000008158153,0.0,0
b8_c64,8,64,success,exact_zero,0,0,0,0,,0.0009669999999459833,0.0004000999997515464,0.0013670999996975297,19,19,0.0,not_run_in_development_grid,78372196a76be5b171c8c8652020a17fffda66c247774a77d4b49a122e356bf7,adder_8,Adder,10,19,0.0,0.0008116000008158153,0.0,0
b32_c64,32,64,success,exact_zero,0,0,0,0,,0.0010870000005525071,0.0002476999998179963,0.0013347000003705034,19,19,0.0,not_run_in_development_grid,78372196a76be5b171c8c8652020a17fffda66c247774a77d4b49a122e356bf7,adder_8,Adder,10,19,0.0,0.0008116000008158153,0.0,0
b1_c256,1,256,success,exact_zero,0,0,0,0,,0.0007468000003427733,0.00023080000028130598,0.0009776000006240793,19,19,0.0,not_run_in_development_grid,78372196a76be5b171c8c8652020a17fffda66c247774a77d4b49a122e356bf7,adder_8,Adder,10,19,0.0,0.0008116000008158153,0.0,0
b8_c256,8,256,success,exact_zero,0,0,0,0,,0.0006630999996559694,0.00023829999918234535,0.0009013999988383148,19,19,0.0,not_run_in_development_grid,78372196a76be5b171c8c8652020a17fffda66c247774a77d4b49a122e356bf7,adder_8,Adder,10,19,0.0,0.0008116000008158153,0.0,0
b32_c256,32,256,success,exact_zero,0,0,0,0,,0.0006873000002087792,0.00023080000028130598,0.0009181000004900852,19,19,0.0,not_run_in_development_grid,78372196a76be5b171c8c8652020a17fffda66c247774a77d4b49a122e356bf7,adder_8,Adder,10,19,0.0,0.0008116000008158153,0.0,0
b1_c64,1,64,success,truncated,252,128,1127757,62,conservative_overlap_check_budget_predicted:20000000:18299781,0.5200273000009474,0.22197070000038366,0.7419980000013311,12046,11794,0.0209198074049477,not_run_in_development_grid,b45c3a20db4f3ccbe86b7028b2a3ed6875c846178b3f7e82a870185c5a08cbaa,qwalk_8,QuantumWalk,9,11794,0.0209198074049477,0.36280730000180483,0.0,1
b8_c64,8,64,success,truncated,252,128,1127757,62,conservative_overlap_check_budget_predicted:20000000:18299781,1.8825550000001385,0.21253930000057153,2.09509430000071,12046,11794,0.0209198074049477,not_run_in_development_grid,b45c3a20db4f3ccbe86b7028b2a3ed6875c846178b3f7e82a870185c5a08cbaa,qwalk_8,QuantumWalk,9,11794,0.0209198074049477,0.36280730000180483,0.0,1
b32_c64,32,64,success,truncated,252,128,1127757,62,conservative_overlap_check_budget_predicted:20000000:18299781,5.939533400000073,0.23308820000056585,6.172621600000639,12046,11794,0.0209198074049477,not_run_in_development_grid,b45c3a20db4f3ccbe86b7028b2a3ed6875c846178b3f7e82a870185c5a08cbaa,qwalk_8,QuantumWalk,9,11794,0.0209198074049477,0.36280730000180483,0.0,1
b1_c256,1,256,success,exact,252,252,1127757,0,conservative_overlap_check_budget_predicted:20000000:18299781,0.6635658000013791,0.21192159999918658,0.8754874000005657,12046,11794,0.0209198074049477,not_run_in_development_grid,b45c3a20db4f3ccbe86b7028b2a3ed6875c846178b3f7e82a870185c5a08cbaa,qwalk_8,QuantumWalk,9,11794,0.0209198074049477,0.36280730000180483,0.0,1
b8_c256,8,256,success,exact,252,252,1127757,0,conservative_overlap_check_budget_predicted:20000000:18299781,2.2946666999996523,0.2159023000003799,2.5105690000000322,12046,11794,0.0209198074049477,not_run_in_development_grid,b45c3a20db4f3ccbe86b7028b2a3ed6875c846178b3f7e82a870185c5a08cbaa,qwalk_8,QuantumWalk,9,11794,0.0209198074049477,0.36280730000180483,0.0,1
b32_c256,32,256,success,exact,252,252,1127757,0,conservative_overlap_check_budget_predicted:20000000:18299781,9.019711399998414,0.2154465000003256,9.23515789999874,12046,11794,0.0209198074049477,not_run_in_development_grid,b45c3a20db4f3ccbe86b7028b2a3ed6875c846178b3f7e82a870185c5a08cbaa,qwalk_8,QuantumWalk,9,11794,0.0209198074049477,0.36280730000180483,0.0,1
b1_c64,1,64,success,exact,6,6,13,0,,0.0012159999987488845,0.0005176000013307203,0.0017336000000796048,22,16,0.2727272727272727,not_run_in_development_grid,ac23376052bba9fcf5428066a06b89b96da995a9acb10b13e8626b43ae59a3f4,iqp_4,IQP,4,20,0.09090909090909094,0.0014615000000048894,18.181818181818176,1
b8_c64,8,64,success,exact,6,6,13,0,,0.0009898999996948987,0.00047420000009879004,0.0014640999997936888,22,16,0.2727272727272727,not_run_in_development_grid,ac23376052bba9fcf5428066a06b89b96da995a9acb10b13e8626b43ae59a3f4,iqp_4,IQP,4,20,0.09090909090909094,0.0014615000000048894,18.181818181818176,1
b32_c64,32,64,success,exact,6,6,13,0,,0.0008159999997587875,0.0004712999998446321,0.0012872999996034196,22,16,0.2727272727272727,not_run_in_development_grid,ac23376052bba9fcf5428066a06b89b96da995a9acb10b13e8626b43ae59a3f4,iqp_4,IQP,4,20,0.09090909090909094,0.0014615000000048894,18.181818181818176,1
b1_c256,1,256,success,exact,6,6,13,0,,0.0008189000000129454,0.0004710000011982629,0.0012899000012112083,22,16,0.2727272727272727,not_run_in_development_grid,ac23376052bba9fcf5428066a06b89b96da995a9acb10b13e8626b43ae59a3f4,iqp_4,IQP,4,20,0.09090909090909094,0.0014615000000048894,18.181818181818176,1
b8_c256,8,256,success,exact,6,6,13,0,,0.0010693000003811903,0.0004999000011594035,0.0015692000015405938,22,16,0.2727272727272727,not_run_in_development_grid,ac23376052bba9fcf5428066a06b89b96da995a9acb10b13e8626b43ae59a3f4,iqp_4,IQP,4,20,0.09090909090909094,0.0014615000000048894,18.181818181818176,1
b32_c256,32,256,success,exact,6,6,13,0,,0.0011176000007253606,0.0004726000006485265,0.001590200001373887,22,16,0.2727272727272727,not_run_in_development_grid,ac23376052bba9fcf5428066a06b89b96da995a9acb10b13e8626b43ae59a3f4,iqp_4,IQP,4,20,0.09090909090909094,0.0014615000000048894,18.181818181818176,1
b1_c64,1,64,success,exact_zero,0,0,5,0,,0.0014155999997456092,0.0014107000006333692,0.0028263000003789784,46,46,0.0,not_run_in_development_grid,a56b84561ace0423d3f71194279f62be3b29e47c98491c316e3446561f61dbf1,vqe_twolocal_6,VQE,6,46,0.0,0.002113300000928575,0.0,0
b8_c64,8,64,success,exact_zero,0,0,5,0,,0.00108639999962179,0.0010204999998677522,0.002106899999489542,46,46,0.0,not_run_in_development_grid,a56b84561ace0423d3f71194279f62be3b29e47c98491c316e3446561f61dbf1,vqe_twolocal_6,VQE,6,46,0.0,0.002113300000928575,0.0,0
b32_c64,32,64,success,exact_zero,0,0,5,0,,0.0008185999995475868,0.0011331999994581565,0.0019517999990057433,46,46,0.0,not_run_in_development_grid,a56b84561ace0423d3f71194279f62be3b29e47c98491c316e3446561f61dbf1,vqe_twolocal_6,VQE,6,46,0.0,0.002113300000928575,0.0,0
b1_c256,1,256,success,exact_zero,0,0,5,0,,0.0014890000002196757,0.0008553999996365746,0.0023443999998562504,46,46,0.0,not_run_in_development_grid,a56b84561ace0423d3f71194279f62be3b29e47c98491c316e3446561f61dbf1,vqe_twolocal_6,VQE,6,46,0.0,0.002113300000928575,0.0,0
b8_c256,8,256,success,exact_zero,0,0,5,0,,0.0008934999987104675,0.0007679999998799758,0.0016614999985904433,46,46,0.0,not_run_in_development_grid,a56b84561ace0423d3f71194279f62be3b29e47c98491c316e3446561f61dbf1,vqe_twolocal_6,VQE,6,46,0.0,0.002113300000928575,0.0,0
b32_c256,32,256,success,exact_zero,0,0,5,0,,0.0007500000010622898,0.0007779000006848946,0.0015279000017471844,46,46,0.0,not_run_in_development_grid,a56b84561ace0423d3f71194279f62be3b29e47c98491c316e3446561f61dbf1,vqe_twolocal_6,VQE,6,46,0.0,0.002113300000928575,0.0,0
b1_c64,1,64,success,exact_zero,0,0,0,0,,0.001205399999889778,0.00029010000071139075,0.0014955000006011687,18,18,0.0,not_run_in_development_grid,2164019ee5e79f18f2d1ccc22ecf54065aa0ae6d801bbde583c7eea6b58de838,adder_8,Adder,10,18,0.0,0.0005016999984945869,0.0,0
b8_c64,8,64,success,exact_zero,0,0,0,0,,0.0007765999998810003,0.000232000000323751,0.0010086000002047513,18,18,0.0,not_run_in_development_grid,2164019ee5e79f18f2d1ccc22ecf54065aa0ae6d801bbde583c7eea6b58de838,adder_8,Adder,10,18,0.0,0.0005016999984945869,0.0,0
b32_c64,32,64,success,exact_zero,0,0,0,0,,0.0006954000000405358,0.00022399999943445437,0.0009193999994749902,18,18,0.0,not_run_in_development_grid,2164019ee5e79f18f2d1ccc22ecf54065aa0ae6d801bbde583c7eea6b58de838,adder_8,Adder,10,18,0.0,0.0005016999984945869,0.0,0
b1_c256,1,256,success,exact_zero,0,0,0,0,,0.0006593000016437145,0.00022399999943445437,0.0008833000010781689,18,18,0.0,not_run_in_development_grid,2164019ee5e79f18f2d1ccc22ecf54065aa0ae6d801bbde583c7eea6b58de838,adder_8,Adder,10,18,0.0,0.0005016999984945869,0.0,0
b8_c256,8,256,success,exact_zero,0,0,0,0,,0.000969700000496232,0.00024339999981748406,0.001213100000313716,18,18,0.0,not_run_in_development_grid,2164019ee5e79f18f2d1ccc22ecf54065aa0ae6d801bbde583c7eea6b58de838,adder_8,Adder,10,18,0.0,0.0005016999984945869,0.0,0
b32_c256,32,256,success,exact_zero,0,0,0,0,,0.0007077000009303447,0.00022230000104173087,0.0009300000019720756,18,18,0.0,not_run_in_development_grid,2164019ee5e79f18f2d1ccc22ecf54065aa0ae6d801bbde583c7eea6b58de838,adder_8,Adder,10,18,0.0,0.0005016999984945869,0.0,0
b1_c64,1,64,success,exact_zero,0,0,17,0,,0.0009552999999868916,0.0005208999991737073,0.001476199999160599,34,34,0.0,not_run_in_development_grid,e7fffabc07b75ea40680bf5a6622f4cdc16711362459ed4523e903018e295e22,hardware_eff_6,HardwareEfficient,6,34,0.0,0.0014385999984369846,0.0,0
b8_c64,8,64,success,exact_zero,0,0,17,0,,0.0007402999999612803,0.0005040000014560064,0.0012443000014172867,34,34,0.0,not_run_in_development_grid,e7fffabc07b75ea40680bf5a6622f4cdc16711362459ed4523e903018e295e22,hardware_eff_6,HardwareEfficient,6,34,0.0,0.0014385999984369846,0.0,0
b32_c64,32,64,success,exact_zero,0,0,17,0,,0.000729900000806083,0.0004970999998477055,0.0012270000006537884,34,34,0.0,not_run_in_development_grid,e7fffabc07b75ea40680bf5a6622f4cdc16711362459ed4523e903018e295e22,hardware_eff_6,HardwareEfficient,6,34,0.0,0.0014385999984369846,0.0,0
b1_c256,1,256,success,exact_zero,0,0,17,0,,0.0007031000004644739,0.0004984999995940598,0.0012016000000585336,34,34,0.0,not_run_in_development_grid,e7fffabc07b75ea40680bf5a6622f4cdc16711362459ed4523e903018e295e22,hardware_eff_6,HardwareEfficient,6,34,0.0,0.0014385999984369846,0.0,0
b8_c256,8,256,success,exact_zero,0,0,17,0,,0.000720599999112892,0.0006766000005882233,0.0013971999997011153,34,34,0.0,not_run_in_development_grid,e7fffabc07b75ea40680bf5a6622f4cdc16711362459ed4523e903018e295e22,hardware_eff_6,HardwareEfficient,6,34,0.0,0.0014385999984369846,0.0,0
b32_c256,32,256,success,exact_zero,0,0,17,0,,0.0012420000002748566,0.0005183000012038974,0.001760300001478754,34,34,0.0,not_run_in_development_grid,e7fffabc07b75ea40680bf5a6622f4cdc16711362459ed4523e903018e295e22,hardware_eff_6,HardwareEfficient,6,34,0.0,0.0014385999984369846,0.0,0
b1_c64,1,64,success,exact_zero,0,0,42,0,,0.0011177999986102805,0.0009683999996923376,0.002086199998302618,66,66,0.0,not_run_in_development_grid,ca386edd88164ffa11c481f7253c35755085ab3b89dc4a040baf53ef07db46b7,qaoa_line_8,QAOA,8,66,0.0,0.0020984000020689564,0.0,0
b8_c64,8,64,success,exact_zero,0,0,42,0,,0.0011954999990848592,0.0009986000004573725,0.0021940999995422317,66,66,0.0,not_run_in_development_grid,ca386edd88164ffa11c481f7253c35755085ab3b89dc4a040baf53ef07db46b7,qaoa_line_8,QAOA,8,66,0.0,0.0020984000020689564,0.0,0
b32_c64,32,64,success,exact_zero,0,0,42,0,,0.0008527999998477753,0.0009611999994376674,0.0018139999992854428,66,66,0.0,not_run_in_development_grid,ca386edd88164ffa11c481f7253c35755085ab3b89dc4a040baf53ef07db46b7,qaoa_line_8,QAOA,8,66,0.0,0.0020984000020689564,0.0,0
b1_c256,1,256,success,exact_zero,0,0,42,0,,0.0008581999991292832,0.000989300000583171,0.0018474999997124542,66,66,0.0,not_run_in_development_grid,ca386edd88164ffa11c481f7253c35755085ab3b89dc4a040baf53ef07db46b7,qaoa_line_8,QAOA,8,66,0.0,0.0020984000020689564,0.0,0
b8_c256,8,256,success,exact_zero,0,0,42,0,,0.0008491000007779803,0.0009805999998206971,0.0018297000005986774,66,66,0.0,not_run_in_development_grid,ca386edd88164ffa11c481f7253c35755085ab3b89dc4a040baf53ef07db46b7,qaoa_line_8,QAOA,8,66,0.0,0.0020984000020689564,0.0,0
b32_c256,32,256,success,exact_zero,0,0,42,0,,0.0014640999997936888,0.000988800000413903,0.002452900000207592,66,66,0.0,not_run_in_development_grid,ca386edd88164ffa11c481f7253c35755085ab3b89dc4a040baf53ef07db46b7,qaoa_line_8,QAOA,8,66,0.0,0.0020984000020689564,0.0,0
b1_c64,1,64,success,exact_zero,0,0,7,0,,0.0011293999996269122,0.0011825999990833225,0.0023119999987102346,62,62,0.0,not_run_in_development_grid,014e8da4cad4f97582e18a894f34fc8c3a41b14e6c31d3b3736404a1cf5b8e78,vqe_twolocal_8,VQE,8,62,0.0,0.0023889000003691763,0.0,0
b8_c64,8,64,success,exact_zero,0,0,7,0,,0.0015252000011969358,0.0010056999999505933,0.002530900001147529,62,62,0.0,not_run_in_development_grid,014e8da4cad4f97582e18a894f34fc8c3a41b14e6c31d3b3736404a1cf5b8e78,vqe_twolocal_8,VQE,8,62,0.0,0.0023889000003691763,0.0,0
b32_c64,32,64,success,exact_zero,0,0,7,0,,0.0008392999989155214,0.001004300000204239,0.0018435999991197605,62,62,0.0,not_run_in_development_grid,014e8da4cad4f97582e18a894f34fc8c3a41b14e6c31d3b3736404a1cf5b8e78,vqe_twolocal_8,VQE,8,62,0.0,0.0023889000003691763,0.0,0
b1_c256,1,256,success,exact_zero,0,0,7,0,,0.0009289999998145504,0.0010089000006701099,0.0019379000004846603,62,62,0.0,not_run_in_development_grid,014e8da4cad4f97582e18a894f34fc8c3a41b14e6c31d3b3736404a1cf5b8e78,vqe_twolocal_8,VQE,8,62,0.0,0.0023889000003691763,0.0,0
b8_c256,8,256,success,exact_zero,0,0,7,0,,0.0007619999996677507,0.0015974999987520278,0.0023594999984197784,62,62,0.0,not_run_in_development_grid,014e8da4cad4f97582e18a894f34fc8c3a41b14e6c31d3b3736404a1cf5b8e78,vqe_twolocal_8,VQE,8,62,0.0,0.0023889000003691763,0.0,0
b32_c256,32,256,success,exact_zero,0,0,7,0,,0.0012984000004507834,0.0010296000000380445,0.002328000000488828,62,62,0.0,not_run_in_development_grid,014e8da4cad4f97582e18a894f34fc8c3a41b14e6c31d3b3736404a1cf5b8e78,vqe_twolocal_8,VQE,8,62,0.0,0.0023889000003691763,0.0,0
b1_c64,1,64,success,exact,120,120,51264,0,,1.0488149000011617,0.033617399998547626,1.0824322999997094,1900,1780,0.06315789473684208,not_run_in_development_grid,c76911ce3c699af70df27c30a55cb7d4fd150a3f8bf77edf7314c601b966ce1d,qwalk_5,QuantumWalk,6,1780,0.06315789473684208,0.052232799998819246,0.0,1
b8_c64,8,64,success,exact,120,120,51264,0,,6.8762989999995625,0.03554199999962293,6.911840999999185,1900,1780,0.06315789473684208,not_run_in_development_grid,c76911ce3c699af70df27c30a55cb7d4fd150a3f8bf77edf7314c601b966ce1d,qwalk_5,QuantumWalk,6,1780,0.06315789473684208,0.052232799998819246,0.0,1
b32_c64,32,64,success,exact,120,120,51264,0,,25.180029000001014,0.033832799999800045,25.213861800000814,1900,1780,0.06315789473684208,not_run_in_development_grid,c76911ce3c699af70df27c30a55cb7d4fd150a3f8bf77edf7314c601b966ce1d,qwalk_5,QuantumWalk,6,1780,0.06315789473684208,0.052232799998819246,0.0,1
b1_c256,1,256,success,exact,120,120,51264,0,,1.0403889999997773,0.03357779999896593,1.0739667999987432,1900,1780,0.06315789473684208,not_run_in_development_grid,c76911ce3c699af70df27c30a55cb7d4fd150a3f8bf77edf7314c601b966ce1d,qwalk_5,QuantumWalk,6,1780,0.06315789473684208,0.052232799998819246,0.0,1
b8_c256,8,256,success,exact,120,120,51264,0,,7.01031680000051,0.033351499998389045,7.043668299998899,1900,1780,0.06315789473684208,not_run_in_development_grid,c76911ce3c699af70df27c30a55cb7d4fd150a3f8bf77edf7314c601b966ce1d,qwalk_5,QuantumWalk,6,1780,0.06315789473684208,0.052232799998819246,0.0,1
b32_c256,32,256,success,exact,120,120,51264,0,,26.582700699998895,0.03462949999993725,26.617330199998833,1900,1780,0.06315789473684208,not_run_in_development_grid,c76911ce3c699af70df27c30a55cb7d4fd150a3f8bf77edf7314c601b966ce1d,qwalk_5,QuantumWalk,6,1780,0.06315789473684208,0.052232799998819246,0.0,1
b1_c64,1,64,success,exact_zero,0,0,1,0,,0.0025463000001764158,0.00018420000014884863,0.0027305000003252644,12,12,0.0,not_run_in_development_grid,798f2da3852850a248b844c609e1ad7fb57b023a680e6d42dc556d31133c1a31,surface_code_7,SurfaceCode,8,12,0.0,0.0008109999998850981,0.0,0
b8_c64,8,64,success,exact_zero,0,0,1,0,,0.0008386999998037936,0.00016820000018924475,0.0010068999999930384,12,12,0.0,not_run_in_development_grid,798f2da3852850a248b844c609e1ad7fb57b023a680e6d42dc556d31133c1a31,surface_code_7,SurfaceCode,8,12,0.0,0.0008109999998850981,0.0,0
b32_c64,32,64,success,exact_zero,0,0,1,0,,0.0007196999995358055,0.00016619999951217324,0.0008858999990479788,12,12,0.0,not_run_in_development_grid,798f2da3852850a248b844c609e1ad7fb57b023a680e6d42dc556d31133c1a31,surface_code_7,SurfaceCode,8,12,0.0,0.0008109999998850981,0.0,0
b1_c256,1,256,success,exact_zero,0,0,1,0,,0.0006833999996160856,0.00015799999891896732,0.0008413999985350529,12,12,0.0,not_run_in_development_grid,798f2da3852850a248b844c609e1ad7fb57b023a680e6d42dc556d31133c1a31,surface_code_7,SurfaceCode,8,12,0.0,0.0008109999998850981,0.0,0
b8_c256,8,256,success,exact_zero,0,0,1,0,,0.0006482000007963507,0.00015639999946870375,0.0008046000002650544,12,12,0.0,not_run_in_development_grid,798f2da3852850a248b844c609e1ad7fb57b023a680e6d42dc556d31133c1a31,surface_code_7,SurfaceCode,8,12,0.0,0.0008109999998850981,0.0,0
b32_c256,32,256,success,exact_zero,0,0,1,0,,0.0006772000015189406,0.00014790000022912864,0.0008251000017480692,12,12,0.0,not_run_in_development_grid,798f2da3852850a248b844c609e1ad7fb57b023a680e6d42dc556d31133c1a31,surface_code_7,SurfaceCode,8,12,0.0,0.0008109999998850981,0.0,0
b1_c64,1,64,success,exact,1,1,32,0,,0.0011534000004758127,0.0004840000001422595,0.0016374000006180722,25,24,0.040000000000000036,not_run_in_development_grid,6b50423744cf6c022eecde33a07e710ea071ad97745eda5ae14badb443b4a3d4,uccsd_4,UCCSD_inspired,4,24,0.040000000000000036,0.0015106000009836862,0.0,1
b8_c64,8,64,success,exact,1,1,32,0,,0.001189999999041902,0.0004855999995925231,0.001675599998634425,25,24,0.040000000000000036,not_run_in_development_grid,6b50423744cf6c022eecde33a07e710ea071ad97745eda5ae14badb443b4a3d4,uccsd_4,UCCSD_inspired,4,24,0.040000000000000036,0.0015106000009836862,0.0,1
b32_c64,32,64,success,exact,1,1,32,0,,0.0008066000009421259,0.00047500000073341653,0.0012816000016755424,25,24,0.040000000000000036,not_run_in_development_grid,6b50423744cf6c022eecde33a07e710ea071ad97745eda5ae14badb443b4a3d4,uccsd_4,UCCSD_inspired,4,24,0.040000000000000036,0.0015106000009836862,0.0,1
b1_c256,1,256,success,exact,1,1,32,0,,0.0007733000002190238,0.00046610000026703347,0.0012394000004860573,25,24,0.040000000000000036,not_run_in_development_grid,6b50423744cf6c022eecde33a07e710ea071ad97745eda5ae14badb443b4a3d4,uccsd_4,UCCSD_inspired,4,24,0.040000000000000036,0.0015106000009836862,0.0,1
b8_c256,8,256,success,exact,1,1,32,0,,0.0011400000003050081,0.0010674000004655682,0.0022074000007705763,25,24,0.040000000000000036,not_run_in_development_grid,6b50423744cf6c022eecde33a07e710ea071ad97745eda5ae14badb443b4a3d4,uccsd_4,UCCSD_inspired,4,24,0.040000000000000036,0.0015106000009836862,0.0,1
b32_c256,32,256,success,exact,1,1,32,0,,0.000857599998198566,0.00047590000031050295,0.001333499998509069,25,24,0.040000000000000036,not_run_in_development_grid,6b50423744cf6c022eecde33a07e710ea071ad97745eda5ae14badb443b4a3d4,uccsd_4,UCCSD_inspired,4,24,0.040000000000000036,0.0015106000009836862,0.0,1
b1_c64,1,64,success,exact_zero,0,0,30,0,,0.0008441999998467509,0.001047100000505452,0.001891300000352203,48,48,0.0,not_run_in_development_grid,cc7c4783b7000be0e3c619b0c96a7ebef0b8efc8519c4f8c90d9d9b1b3a49f6e,qaoa_line_6,QAOA,6,48,0.0,0.0012439999991329387,0.0,0
b8_c64,8,64,success,exact_zero,0,0,30,0,,0.0016187999990506796,0.0007248999991134042,0.002343699998164084,48,48,0.0,not_run_in_development_grid,cc7c4783b7000be0e3c619b0c96a7ebef0b8efc8519c4f8c90d9d9b1b3a49f6e,qaoa_line_6,QAOA,6,48,0.0,0.0012439999991329387,0.0,0
b32_c64,32,64,success,exact_zero,0,0,30,0,,0.0008087999995041173,0.0007022999998298474,0.0015110999993339647,48,48,0.0,not_run_in_development_grid,cc7c4783b7000be0e3c619b0c96a7ebef0b8efc8519c4f8c90d9d9b1b3a49f6e,qaoa_line_6,QAOA,6,48,0.0,0.0012439999991329387,0.0,0
b1_c256,1,256,success,exact_zero,0,0,30,0,,0.0007676000004721573,0.0006984000010561431,0.0014660000015283003,48,48,0.0,not_run_in_development_grid,cc7c4783b7000be0e3c619b0c96a7ebef0b8efc8519c4f8c90d9d9b1b3a49f6e,qaoa_line_6,QAOA,6,48,0.0,0.0012439999991329387,0.0,0
b8_c256,8,256,success,exact_zero,0,0,30,0,,0.0007745000002614688,0.0007101999999576947,0.0014847000002191635,48,48,0.0,not_run_in_development_grid,cc7c4783b7000be0e3c619b0c96a7ebef0b8efc8519c4f8c90d9d9b1b3a49f6e,qaoa_line_6,QAOA,6,48,0.0,0.0012439999991329387,0.0,0
b32_c256,32,256,success,exact_zero,0,0,30,0,,0.0008871000009094132,0.0011558999995031627,0.002043000000412576,48,48,0.0,not_run_in_development_grid,cc7c4783b7000be0e3c619b0c96a7ebef0b8efc8519c4f8c90d9d9b1b3a49f6e,qaoa_line_6,QAOA,6,48,0.0,0.0012439999991329387,0.0,0
b1_c64,1,64,success,exact,120,120,51264,0,,1.0316349000004266,0.03261059999931604,1.0642454999997426,1900,1780,0.06315789473684208,not_run_in_development_grid,96cd385647c924a15dadcdee8b59db5e9352e18d77f51d5aa446cd42c94b7327,qwalk_5,QuantumWalk,6,1780,0.06315789473684208,0.10049319999961881,0.0,1
b8_c64,8,64,success,exact,120,120,51264,0,,6.9660395000009885,0.03464159999930416,7.000681100000293,1900,1780,0.06315789473684208,not_run_in_development_grid,96cd385647c924a15dadcdee8b59db5e9352e18d77f51d5aa446cd42c94b7327,qwalk_5,QuantumWalk,6,1780,0.06315789473684208,0.10049319999961881,0.0,1
b32_c64,32,64,success,exact,120,120,51264,0,,25.23098089999985,0.0339047000015853,25.264885600001435,1900,1780,0.06315789473684208,not_run_in_development_grid,96cd385647c924a15dadcdee8b59db5e9352e18d77f51d5aa446cd42c94b7327,qwalk_5,QuantumWalk,6,1780,0.06315789473684208,0.10049319999961881,0.0,1
b1_c256,1,256,success,exact,120,120,51264,0,,1.031395899999552,0.032487300000866526,1.0638832000004186,1900,1780,0.06315789473684208,not_run_in_development_grid,96cd385647c924a15dadcdee8b59db5e9352e18d77f51d5aa446cd42c94b7327,qwalk_5,QuantumWalk,6,1780,0.06315789473684208,0.10049319999961881,0.0,1
b8_c256,8,256,success,exact,120,120,51264,0,,7.853131199999552,0.034468899999410496,7.887600099998963,1900,1780,0.06315789473684208,not_run_in_development_grid,96cd385647c924a15dadcdee8b59db5e9352e18d77f51d5aa446cd42c94b7327,qwalk_5,QuantumWalk,6,1780,0.06315789473684208,0.10049319999961881,0.0,1
b32_c256,32,256,success,exact,120,120,51264,0,,25.452212999998665,0.03441759999986971,25.486630599998534,1900,1780,0.06315789473684208,not_run_in_development_grid,96cd385647c924a15dadcdee8b59db5e9352e18d77f51d5aa446cd42c94b7327,qwalk_5,QuantumWalk,6,1780,0.06315789473684208,0.10049319999961881,0.0,1
b1_c64,1,64,success,exact,3,3,2444,0,,0.007567299999209354,0.010379399998782901,0.017946699997992255,275,272,0.010909090909090868,not_run_in_development_grid,38fb79c22e616a17ca079d6ac91f1593bb639b1c9cdc24b819719a203860bb1c,haar_4,HaarRandom,4,275,0.0,0.006153799999083276,1.0909090909090868,1
b8_c64,8,64,success,exact,3,3,2444,0,,0.009473300000536256,0.010560699998677592,0.020033999999213847,275,272,0.010909090909090868,not_run_in_development_grid,38fb79c22e616a17ca079d6ac91f1593bb639b1c9cdc24b819719a203860bb1c,haar_4,HaarRandom,4,275,0.0,0.006153799999083276,1.0909090909090868,1
b32_c64,32,64,success,exact,3,3,2444,0,,0.007791399999405257,0.011798999999882653,0.01959039999928791,275,272,0.010909090909090868,not_run_in_development_grid,38fb79c22e616a17ca079d6ac91f1593bb639b1c9cdc24b819719a203860bb1c,haar_4,HaarRandom,4,275,0.0,0.006153799999083276,1.0909090909090868,1
b1_c256,1,256,success,exact,3,3,2444,0,,0.007969099999172613,0.01071839999895019,0.018687499998122803,275,272,0.010909090909090868,not_run_in_development_grid,38fb79c22e616a17ca079d6ac91f1593bb639b1c9cdc24b819719a203860bb1c,haar_4,HaarRandom,4,275,0.0,0.006153799999083276,1.0909090909090868,1
b8_c256,8,256,success,exact,3,3,2444,0,,0.007795899999109679,0.01134479999927862,0.0191406999983883,275,272,0.010909090909090868,not_run_in_development_grid,38fb79c22e616a17ca079d6ac91f1593bb639b1c9cdc24b819719a203860bb1c,haar_4,HaarRandom,4,275,0.0,0.006153799999083276,1.0909090909090868,1
b32_c256,32,256,success,exact,3,3,2444,0,,0.008496100001138984,0.010760099999970407,0.01925620000110939,275,272,0.010909090909090868,not_run_in_development_grid,38fb79c22e616a17ca079d6ac91f1593bb639b1c9cdc24b819719a203860bb1c,haar_4,HaarRandom,4,275,0.0,0.006153799999083276,1.0909090909090868,1
b1_c64,1,64,success,truncated,168,128,419190,20,conservative_overlap_check_budget_predicted:20000000:6771192,0.10649289999855682,0.12467310000101861,0.23116599999957543,7156,6988,0.02347680268306318,not_run_in_development_grid,1a7bfb668baba31b5cb74057590661843ab8c6a997dc5e21c16d38ca42dee44b,qwalk_7,QuantumWalk,8,6988,0.02347680268306318,0.24690999999984342,0.0,1
b8_c64,8,64,success,truncated,168,128,419190,20,conservative_overlap_check_budget_predicted:20000000:6771192,0.8735379000008834,0.12638300000071467,0.9999209000015981,7156,6988,0.02347680268306318,not_run_in_development_grid,1a7bfb668baba31b5cb74057590661843ab8c6a997dc5e21c16d38ca42dee44b,qwalk_7,QuantumWalk,8,6988,0.02347680268306318,0.24690999999984342,0.0,1
b32_c64,32,64,success,truncated,168,128,419190,20,conservative_overlap_check_budget_predicted:20000000:6771192,2.799726400000509,0.13185109999903943,2.9315774999995483,7156,6988,0.02347680268306318,not_run_in_development_grid,1a7bfb668baba31b5cb74057590661843ab8c6a997dc5e21c16d38ca42dee44b,qwalk_7,QuantumWalk,8,6988,0.02347680268306318,0.24690999999984342,0.0,1
b1_c256,1,256,success,exact,168,168,419190,0,conservative_overlap_check_budget_predicted:20000000:6771192,0.16524180000124034,0.13619069999913336,0.3014325000003737,7156,6988,0.02347680268306318,not_run_in_development_grid,1a7bfb668baba31b5cb74057590661843ab8c6a997dc5e21c16d38ca42dee44b,qwalk_7,QuantumWalk,8,6988,0.02347680268306318,0.24690999999984342,0.0,1
b8_c256,8,256,success,exact,168,168,419190,0,conservative_overlap_check_budget_predicted:20000000:6771192,0.8801199999998062,0.12344350000057602,1.0035635000003822,7156,6988,0.02347680268306318,not_run_in_development_grid,1a7bfb668baba31b5cb74057590661843ab8c6a997dc5e21c16d38ca42dee44b,qwalk_7,QuantumWalk,8,6988,0.02347680268306318,0.24690999999984342,0.0,1
b32_c256,32,256,success,exact,168,168,419190,0,conservative_overlap_check_budget_predicted:20000000:6771192,2.9189626000006683,0.13053760000002512,3.0495002000006934,7156,6988,0.02347680268306318,not_run_in_development_grid,1a7bfb668baba31b5cb74057590661843ab8c6a997dc5e21c16d38ca42dee44b,qwalk_7,QuantumWalk,8,6988,0.02347680268306318,0.24690999999984342,0.0,1
b1_c64,1,64,success,exact,6,6,6,0,,0.0018909000009443844,0.00016990000040095765,0.002060800001345342,13,7,0.46153846153846156,not_run_in_development_grid,50d9a47ee18d2e3012d55867372cff942253cf0f5194a46210afdf68c5391777,bv_4,Oracle,5,7,0.46153846153846156,0.0007712000005994923,0.0,1
b8_c64,8,64,success,exact,6,6,6,0,,0.000917900000786176,0.00016080000023066532,0.0010787000010168413,13,7,0.46153846153846156,not_run_in_development_grid,50d9a47ee18d2e3012d55867372cff942253cf0f5194a46210afdf68c5391777,bv_4,Oracle,5,7,0.46153846153846156,0.0007712000005994923,0.0,1
b32_c64,32,64,success,exact,6,6,6,0,,0.0007888999989518197,0.00015499999972234946,0.0009438999986741692,13,7,0.46153846153846156,not_run_in_development_grid,50d9a47ee18d2e3012d55867372cff942253cf0f5194a46210afdf68c5391777,bv_4,Oracle,5,7,0.46153846153846156,0.0007712000005994923,0.0,1
b1_c256,1,256,success,exact,6,6,6,0,,0.0007546999986516312,0.0001438999988749856,0.0008985999975266168,13,7,0.46153846153846156,not_run_in_development_grid,50d9a47ee18d2e3012d55867372cff942253cf0f5194a46210afdf68c5391777,bv_4,Oracle,5,7,0.46153846153846156,0.0007712000005994923,0.0,1
b8_c256,8,256,success,exact,6,6,6,0,,0.0007234999993670499,0.00014310000005934853,0.0008665999994263984,13,7,0.46153846153846156,not_run_in_development_grid,50d9a47ee18d2e3012d55867372cff942253cf0f5194a46210afdf68c5391777,bv_4,Oracle,5,7,0.46153846153846156,0.0007712000005994923,0.0,1
b32_c256,32,256,success,exact,6,6,6,0,,0.0007215999994514277,0.00014000000010128133,0.000861599999552709,13,7,0.46153846153846156,not_run_in_development_grid,50d9a47ee18d2e3012d55867372cff942253cf0f5194a46210afdf68c5391777,bv_4,Oracle,5,7,0.46153846153846156,0.0007712000005994923,0.0,1
b1_c64,1,64,success,exact,2,2,5,0,,0.001266000001123757,0.00019659999998111743,0.0014626000011048745,12,10,0.16666666666666663,not_run_in_development_grid,2b1cde4abea2ed44a9eb8279de400f807116abcb88a364fd04bbb05b1c3244ae,bv_3,Oracle,4,10,0.16666666666666663,0.0003417999996599974,0.0,1
b8_c64,8,64,success,exact,2,2,5,0,,0.001025199999276083,0.00016589999904681463,0.0011910999983228976,12,10,0.16666666666666663,not_run_in_development_grid,2b1cde4abea2ed44a9eb8279de400f807116abcb88a364fd04bbb05b1c3244ae,bv_3,Oracle,4,10,0.16666666666666663,0.0003417999996599974,0.0,1
b32_c64,32,64,success,exact,2,2,5,0,,0.0007251999995787628,0.00016449999930046033,0.0008896999988792231,12,10,0.16666666666666663,not_run_in_development_grid,2b1cde4abea2ed44a9eb8279de400f807116abcb88a364fd04bbb05b1c3244ae,bv_3,Oracle,4,10,0.16666666666666663,0.0003417999996599974,0.0,1
b1_c256,1,256,success,exact,2,2,5,0,,0.0006973999988986179,0.00016110000069602393,0.0008584999995946418,12,10,0.16666666666666663,not_run_in_development_grid,2b1cde4abea2ed44a9eb8279de400f807116abcb88a364fd04bbb05b1c3244ae,bv_3,Oracle,4,10,0.16666666666666663,0.0003417999996599974,0.0,1
b8_c256,8,256,success,exact,2,2,5,0,,0.0006840999994892627,0.00027099999897473026,0.000955099998463993,12,10,0.16666666666666663,not_run_in_development_grid,2b1cde4abea2ed44a9eb8279de400f807116abcb88a364fd04bbb05b1c3244ae,bv_3,Oracle,4,10,0.16666666666666663,0.0003417999996599974,0.0,1
b32_c256,32,256,success,exact,2,2,5,0,,0.0008920000000216532,0.00016460000006190967,0.001056600000083563,12,10,0.16666666666666663,not_run_in_development_grid,2b1cde4abea2ed44a9eb8279de400f807116abcb88a364fd04bbb05b1c3244ae,bv_3,Oracle,4,10,0.16666666666666663,0.0003417999996599974,0.0,1
b1_c64,1,64,success,exact_zero,0,0,18,0,,0.0015057000000524567,0.00048609999976179097,0.0019917999998142477,30,30,0.0,not_run_in_development_grid,c3e848fe6db54137fa92444db2668cef254476947d748c8e25e29c13f6d30cb7,qaoa_line_4,QAOA,4,30,0.0,0.0011524999990797369,0.0,0
b8_c64,8,64,success,exact_zero,0,0,18,0,,0.0007863000009820098,0.0004650000009860378,0.0012513000019680476,30,30,0.0,not_run_in_development_grid,c3e848fe6db54137fa92444db2668cef254476947d748c8e25e29c13f6d30cb7,qaoa_line_4,QAOA,4,30,0.0,0.0011524999990797369,0.0,0
b32_c64,32,64,success,exact_zero,0,0,18,0,,0.0007283000013558194,0.00045789999967382755,0.001186200001029647,30,30,0.0,not_run_in_development_grid,c3e848fe6db54137fa92444db2668cef254476947d748c8e25e29c13f6d30cb7,qaoa_line_4,QAOA,4,30,0.0,0.0011524999990797369,0.0,0
b1_c256,1,256,success,exact_zero,0,0,18,0,,0.000720500000170432,0.0004611000003933441,0.0011816000005637761,30,30,0.0,not_run_in_development_grid,c3e848fe6db54137fa92444db2668cef254476947d748c8e25e29c13f6d30cb7,qaoa_line_4,QAOA,4,30,0.0,0.0011524999990797369,0.0,0
b8_c256,8,256,success,exact_zero,0,0,18,0,,0.0007298000000446336,0.00047710000035294797,0.0012069000003975816,30,30,0.0,not_run_in_development_grid,c3e848fe6db54137fa92444db2668cef254476947d748c8e25e29c13f6d30cb7,qaoa_line_4,QAOA,4,30,0.0,0.0011524999990797369,0.0,0
b32_c256,32,256,success,exact_zero,0,0,18,0,,0.0009887999985949136,0.0005212999985815259,0.0015100999971764395,30,30,0.0,not_run_in_development_grid,c3e848fe6db54137fa92444db2668cef254476947d748c8e25e29c13f6d30cb7,qaoa_line_4,QAOA,4,30,0.0,0.0011524999990797369,0.0,0
b1_c64,1,64,success,exact,3,3,9,0,,0.001434499999959371,0.0008973000003607012,0.0023318000003200723,17,14,0.17647058823529416,not_run_in_development_grid,0a81cc4d0a797c511cc7757f221f526b65d937b82fd056476c0518a352f5005b,iqp_4,IQP,4,15,0.11764705882352944,0.0007541000013588928,5.882352941176472,1
b8_c64,8,64,success,exact,3,3,9,0,,0.0012647999992623227,0.000755600000047707,0.0020203999993100297,17,14,0.17647058823529416,not_run_in_development_grid,0a81cc4d0a797c511cc7757f221f526b65d937b82fd056476c0518a352f5005b,iqp_4,IQP,4,15,0.11764705882352944,0.0007541000013588928,5.882352941176472,1
b32_c64,32,64,success,exact,3,3,9,0,,0.0009117999998125015,0.0006398999994416954,0.0015516999992541969,17,14,0.17647058823529416,not_run_in_development_grid,0a81cc4d0a797c511cc7757f221f526b65d937b82fd056476c0518a352f5005b,iqp_4,IQP,4,15,0.11764705882352944,0.0007541000013588928,5.882352941176472,1
b1_c256,1,256,success,exact,3,3,9,0,,0.0011426000000938075,0.0005074000000604428,0.0016500000001542503,17,14,0.17647058823529416,not_run_in_development_grid,0a81cc4d0a797c511cc7757f221f526b65d937b82fd056476c0518a352f5005b,iqp_4,IQP,4,15,0.11764705882352944,0.0007541000013588928,5.882352941176472,1
b8_c256,8,256,success,exact,3,3,9,0,,0.0008148999986588024,0.0004878999989159638,0.0013027999975747662,17,14,0.17647058823529416,not_run_in_development_grid,0a81cc4d0a797c511cc7757f221f526b65d937b82fd056476c0518a352f5005b,iqp_4,IQP,4,15,0.11764705882352944,0.0007541000013588928,5.882352941176472,1
b32_c256,32,256,success,exact,3,3,9,0,,0.0007979000001796521,0.0004917999995086575,0.0012896999996883096,17,14,0.17647058823529416,not_run_in_development_grid,0a81cc4d0a797c511cc7757f221f526b65d937b82fd056476c0518a352f5005b,iqp_4,IQP,4,15,0.11764705882352944,0.0007541000013588928,5.882352941176472,1
b1_c64,1,64,success,exact_zero,0,0,1,0,,0.000803700000687968,0.00013799999942420982,0.0009417000001121778,9,9,0.0,not_run_in_development_grid,a16dbe89e98ec8eef49995c9edecf7e520b6fce018b74c0aa8248506ead433db,surface_code_6,SurfaceCode,7,9,0.0,0.00041930000224965625,0.0,0
b8_c64,8,64,success,exact_zero,0,0,1,0,,0.0007020000011834782,0.00022139999964565504,0.0009234000008291332,9,9,0.0,not_run_in_development_grid,a16dbe89e98ec8eef49995c9edecf7e520b6fce018b74c0aa8248506ead433db,surface_code_6,SurfaceCode,7,9,0.0,0.00041930000224965625,0.0,0
b32_c64,32,64,success,exact_zero,0,0,1,0,,0.00105009999970207,0.00014709999959450215,0.001197199999296572,9,9,0.0,not_run_in_development_grid,a16dbe89e98ec8eef49995c9edecf7e520b6fce018b74c0aa8248506ead433db,surface_code_6,SurfaceCode,7,9,0.0,0.00041930000224965625,0.0,0
b1_c256,1,256,success,exact_zero,0,0,1,0,,0.0007202000015240628,0.0001370999998471234,0.0008573000013711862,9,9,0.0,not_run_in_development_grid,a16dbe89e98ec8eef49995c9edecf7e520b6fce018b74c0aa8248506ead433db,surface_code_6,SurfaceCode,7,9,0.0,0.00041930000224965625,0.0,0
b8_c256,8,256,success,exact_zero,0,0,1,0,,0.0006646000001637731,0.0001336999994236976,0.0007982999995874707,9,9,0.0,not_run_in_development_grid,a16dbe89e98ec8eef49995c9edecf7e520b6fce018b74c0aa8248506ead433db,surface_code_6,SurfaceCode,7,9,0.0,0.00041930000224965625,0.0,0
b32_c256,32,256,success,exact_zero,0,0,1,0,,0.0011467999993328704,0.0001359999987471383,0.0012827999980800087,9,9,0.0,not_run_in_development_grid,a16dbe89e98ec8eef49995c9edecf7e520b6fce018b74c0aa8248506ead433db,surface_code_6,SurfaceCode,7,9,0.0,0.00041930000224965625,0.0,0
b1_c64,1,64,success,exact,16,16,38,0,,0.017612499999813735,0.0005543000006582588,0.018166800000471994,54,38,0.2962962962962963,not_run_in_development_grid,50bbfd9444a3a7981af5bef5ec6064a7c26b4cc07f48e50d38a5bd018f876bda,clifford_8,RandomClifford,8,38,0.2962962962962963,0.0011812999982794281,0.0,1
b8_c64,8,64,success,exact,16,16,38,0,,0.018860300000596908,0.0005720000008295756,0.019432300001426484,54,38,0.2962962962962963,not_run_in_development_grid,50bbfd9444a3a7981af5bef5ec6064a7c26b4cc07f48e50d38a5bd018f876bda,clifford_8,RandomClifford,8,38,0.2962962962962963,0.0011812999982794281,0.0,1
b32_c64,32,64,success,exact,16,16,38,0,,0.016813899999760906,0.000820400000520749,0.017634300000281655,54,38,0.2962962962962963,not_run_in_development_grid,50bbfd9444a3a7981af5bef5ec6064a7c26b4cc07f48e50d38a5bd018f876bda,clifford_8,RandomClifford,8,38,0.2962962962962963,0.0011812999982794281,0.0,1
b1_c256,1,256,success,exact,16,16,38,0,,0.016652000000249245,0.0005285000006551854,0.01718050000090443,54,38,0.2962962962962963,not_run_in_development_grid,50bbfd9444a3a7981af5bef5ec6064a7c26b4cc07f48e50d38a5bd018f876bda,clifford_8,RandomClifford,8,38,0.2962962962962963,0.0011812999982794281,0.0,1
b8_c256,8,256,success,exact,16,16,38,0,,0.017453000000386965,0.0005278999997244682,0.017980900000111433,54,38,0.2962962962962963,not_run_in_development_grid,50bbfd9444a3a7981af5bef5ec6064a7c26b4cc07f48e50d38a5bd018f876bda,clifford_8,RandomClifford,8,38,0.2962962962962963,0.0011812999982794281,0.0,1
b32_c256,32,256,success,exact,16,16,38,0,,0.016410000000178115,0.0005541000009543495,0.016964100001132465,54,38,0.2962962962962963,not_run_in_development_grid,50bbfd9444a3a7981af5bef5ec6064a7c26b4cc07f48e50d38a5bd018f876bda,clifford_8,RandomClifford,8,38,0.2962962962962963,0.0011812999982794281,0.0,1
b1_c64,1,64,success,exact,6,6,8,0,,0.0010473000002093613,0.00022979999994277023,0.0012771000001521315,19,13,0.3157894736842105,not_run_in_development_grid,dbf410d1e5693402b537af90e7218374f0c429041426b90bd4d34500d64685d5,bv_6,Oracle,7,13,0.3157894736842105,0.0007807000001776032,0.0,1
b8_c64,8,64,success,exact,6,6,8,0,,0.0007910999993328005,0.0002316999998583924,0.001022799999191193,19,13,0.3157894736842105,not_run_in_development_grid,dbf410d1e5693402b537af90e7218374f0c429041426b90bd4d34500d64685d5,bv_6,Oracle,7,13,0.3157894736842105,0.0007807000001776032,0.0,1
b32_c64,32,64,success,exact,6,6,8,0,,0.0011592999999265885,0.00023260000125446822,0.0013919000011810567,19,13,0.3157894736842105,not_run_in_development_grid,dbf410d1e5693402b537af90e7218374f0c429041426b90bd4d34500d64685d5,bv_6,Oracle,7,13,0.3157894736842105,0.0007807000001776032,0.0,1
b1_c256,1,256,success,exact,6,6,8,0,,0.0008278999994217884,0.0002151000007870607,0.001043000000208849,19,13,0.3157894736842105,not_run_in_development_grid,dbf410d1e5693402b537af90e7218374f0c429041426b90bd4d34500d64685d5,bv_6,Oracle,7,13,0.3157894736842105,0.0007807000001776032,0.0,1
b8_c256,8,256,success,exact,6,6,8,0,,0.0007557999997516163,0.00021489999926416203,0.0009706999990157783,19,13,0.3157894736842105,not_run_in_development_grid,dbf410d1e5693402b537af90e7218374f0c429041426b90bd4d34500d64685d5,bv_6,Oracle,7,13,0.3157894736842105,0.0007807000001776032,0.0,1
b32_c256,32,256,success,exact,6,6,8,0,,0.0007573999992018798,0.000261799999861978,0.0010191999990638578,19,13,0.3157894736842105,not_run_in_development_grid,dbf410d1e5693402b537af90e7218374f0c429041426b90bd4d34500d64685d5,bv_6,Oracle,7,13,0.3157894736842105,0.0007807000001776032,0.0,1
b1_c64,1,64,success,exact_zero,0,0,1,0,,0.0009289000008720905,0.00010970000039378647,0.001038600001265877,6,6,0.0,not_run_in_development_grid,98123c419282ef8d7ead755526545f8d1b8e6129c506a92b5eb114e588eb0ab3,surface_code_4,SurfaceCode,5,6,0.0,0.00035369999932299834,0.0,0
b8_c64,8,64,success,exact_zero,0,0,1,0,,0.0007114000000001397,0.00010609999844746199,0.0008174999984476017,6,6,0.0,not_run_in_development_grid,98123c419282ef8d7ead755526545f8d1b8e6129c506a92b5eb114e588eb0ab3,surface_code_4,SurfaceCode,5,6,0.0,0.00035369999932299834,0.0,0
b32_c64,32,64,success,exact_zero,0,0,1,0,,0.0006729000015184283,0.00010309999925084412,0.0007760000007692724,6,6,0.0,not_run_in_development_grid,98123c419282ef8d7ead755526545f8d1b8e6129c506a92b5eb114e588eb0ab3,surface_code_4,SurfaceCode,5,6,0.0,0.00035369999932299834,0.0,0
b1_c256,1,256,success,exact_zero,0,0,1,0,,0.0007191000004240777,9.859999954642262e-05,0.0008176999999705004,6,6,0.0,not_run_in_development_grid,98123c419282ef8d7ead755526545f8d1b8e6129c506a92b5eb114e588eb0ab3,surface_code_4,SurfaceCode,5,6,0.0,0.00035369999932299834,0.0,0
b8_c256,8,256,success,exact_zero,0,0,1,0,,0.0007720000012341188,0.00010239999937766697,0.0008744000006117858,6,6,0.0,not_run_in_development_grid,98123c419282ef8d7ead755526545f8d1b8e6129c506a92b5eb114e588eb0ab3,surface_code_4,SurfaceCode,5,6,0.0,0.00035369999932299834,0.0,0
b32_c256,32,256,success,exact_zero,0,0,1,0,,0.0008770999993430451,0.00011949999861826655,0.0009965999979613116,6,6,0.0,not_run_in_development_grid,98123c419282ef8d7ead755526545f8d1b8e6129c506a92b5eb114e588eb0ab3,surface_code_4,SurfaceCode,5,6,0.0,0.00035369999932299834,0.0,0
b1_c64,1,64,success,exact,2,2,7,0,,0.0009910999997373438,0.00023949999922479037,0.0012305999989621341,18,16,0.11111111111111116,not_run_in_development_grid,84e5ffa52ff593155fe71d6c5301d13481243936c02d7dea5e63cbb838e247aa,bv_5,Oracle,6,16,0.11111111111111116,0.0007445999999617925,0.0,1
b8_c64,8,64,success,exact,2,2,7,0,,0.0007578000004286878,0.0002268999996886123,0.0009847000001173,18,16,0.11111111111111116,not_run_in_development_grid,84e5ffa52ff593155fe71d6c5301d13481243936c02d7dea5e63cbb838e247aa,bv_5,Oracle,6,16,0.11111111111111116,0.0007445999999617925,0.0,1
b32_c64,32,64,success,exact,2,2,7,0,,0.0006914000005053822,0.00022879999960423447,0.0009202000001096167,18,16,0.11111111111111116,not_run_in_development_grid,84e5ffa52ff593155fe71d6c5301d13481243936c02d7dea5e63cbb838e247aa,bv_5,Oracle,6,16,0.11111111111111116,0.0007445999999617925,0.0,1
b1_c256,1,256,success,exact,2,2,7,0,,0.0006891000011819415,0.00022369999896909576,0.0009128000001510372,18,16,0.11111111111111116,not_run_in_development_grid,84e5ffa52ff593155fe71d6c5301d13481243936c02d7dea5e63cbb838e247aa,bv_5,Oracle,6,16,0.11111111111111116,0.0007445999999617925,0.0,1
b8_c256,8,256,success,exact,2,2,7,0,,0.0007430999994539889,0.00023160000091593247,0.0009747000003699213,18,16,0.11111111111111116,not_run_in_development_grid,84e5ffa52ff593155fe71d6c5301d13481243936c02d7dea5e63cbb838e247aa,bv_5,Oracle,6,16,0.11111111111111116,0.0007445999999617925,0.0,1
b32_c256,32,256,success,exact,2,2,7,0,,0.0007119000001694076,0.00022790000002714805,0.0009398000001965556,18,16,0.11111111111111116,not_run_in_development_grid,84e5ffa52ff593155fe71d6c5301d13481243936c02d7dea5e63cbb838e247aa,bv_5,Oracle,6,16,0.11111111111111116,0.0007445999999617925,0.0,1
b1_c64,1,64,success,exact_zero,0,0,18,0,,0.0009665999987191753,0.0007107000001269625,0.001677299998846138,30,30,0.0,not_run_in_development_grid,20bd807cbfd98fe4ea82e3516bf2d4a8503636ee5a9f7d3e47639df20a82b08a,qaoa_line_4,QAOA,4,30,0.0,0.00101379999978235,0.0,0
b8_c64,8,64,success,exact_zero,0,0,18,0,,0.0011092999993707053,0.00045930000123917125,0.0015686000006098766,30,30,0.0,not_run_in_development_grid,20bd807cbfd98fe4ea82e3516bf2d4a8503636ee5a9f7d3e47639df20a82b08a,qaoa_line_4,QAOA,4,30,0.0,0.00101379999978235,0.0,0
b32_c64,32,64,success,exact_zero,0,0,18,0,,0.001095700001314981,0.00046969999857537914,0.00156539999989036,30,30,0.0,not_run_in_development_grid,20bd807cbfd98fe4ea82e3516bf2d4a8503636ee5a9f7d3e47639df20a82b08a,qaoa_line_4,QAOA,4,30,0.0,0.00101379999978235,0.0,0
b1_c256,1,256,success,exact_zero,0,0,18,0,,0.0007557999997516163,0.00046579999980167486,0.0012215999995532911,30,30,0.0,not_run_in_development_grid,20bd807cbfd98fe4ea82e3516bf2d4a8503636ee5a9f7d3e47639df20a82b08a,qaoa_line_4,QAOA,4,30,0.0,0.00101379999978235,0.0,0
b8_c256,8,256,success,exact_zero,0,0,18,0,,0.0012435999997251201,0.000541499999599182,0.0017850999993243022,30,30,0.0,not_run_in_development_grid,20bd807cbfd98fe4ea82e3516bf2d4a8503636ee5a9f7d3e47639df20a82b08a,qaoa_line_4,QAOA,4,30,0.0,0.00101379999978235,0.0,0
b32_c256,32,256,success,exact_zero,0,0,18,0,,0.0010372999986429932,0.0005036999991716584,0.0015409999978146516,30,30,0.0,not_run_in_development_grid,20bd807cbfd98fe4ea82e3516bf2d4a8503636ee5a9f7d3e47639df20a82b08a,qaoa_line_4,QAOA,4,30,0.0,0.00101379999978235,0.0,0
b1_c64,1,64,success,exact,4,4,7,0,,0.0007719999994151294,0.00021120000019436702,0.0009831999996094964,17,13,0.23529411764705888,not_run_in_development_grid,b7163b3a00248ea960a5124b05a311a33fb77506ed9fa5aaef446ad5230301a1,bv_5,Oracle,6,13,0.23529411764705888,0.000428999999712687,0.0,1
b8_c64,8,64,success,exact,4,4,7,0,,0.0007875999999669148,0.00036099999852012843,0.0011485999984870432,17,13,0.23529411764705888,not_run_in_development_grid,b7163b3a00248ea960a5124b05a311a33fb77506ed9fa5aaef446ad5230301a1,bv_5,Oracle,6,13,0.23529411764705888,0.000428999999712687,0.0,1
b32_c64,32,64,success,exact,4,4,7,0,,0.001157200000307057,0.0005404999992606463,0.0016976999995677033,17,13,0.23529411764705888,not_run_in_development_grid,b7163b3a00248ea960a5124b05a311a33fb77506ed9fa5aaef446ad5230301a1,bv_5,Oracle,6,13,0.23529411764705888,0.000428999999712687,0.0,1
b1_c256,1,256,success,exact,4,4,7,0,,0.0024735999995755265,0.00041309999869554304,0.0028866999982710695,17,13,0.23529411764705888,not_run_in_development_grid,b7163b3a00248ea960a5124b05a311a33fb77506ed9fa5aaef446ad5230301a1,bv_5,Oracle,6,13,0.23529411764705888,0.000428999999712687,0.0,1
b8_c256,8,256,success,exact,4,4,7,0,,0.0012439000001904787,0.00037029999839433003,0.0016141999985848088,17,13,0.23529411764705888,not_run_in_development_grid,b7163b3a00248ea960a5124b05a311a33fb77506ed9fa5aaef446ad5230301a1,bv_5,Oracle,6,13,0.23529411764705888,0.000428999999712687,0.0,1
b32_c256,32,256,success,exact,4,4,7,0,,0.001041800000166404,0.00020670000048994552,0.0012485000006563496,17,13,0.23529411764705888,not_run_in_development_grid,b7163b3a00248ea960a5124b05a311a33fb77506ed9fa5aaef446ad5230301a1,bv_5,Oracle,6,13,0.23529411764705888,0.000428999999712687,0.0,1
b1_c64,1,64,success,exact_zero,0,0,42,0,,0.0011498000003484776,0.0009812999996938743,0.002131100000042352,66,66,0.0,not_run_in_development_grid,e7c3197175704bce082edb885d4fa6328a0f697d629942098860c96b5b014a8c,qaoa_line_8,QAOA,8,66,0.0,0.001987199999348377,0.0,0
b8_c64,8,64,success,exact_zero,0,0,42,0,,0.0008705000000190921,0.0009712999999464955,0.0018417999999655876,66,66,0.0,not_run_in_development_grid,e7c3197175704bce082edb885d4fa6328a0f697d629942098860c96b5b014a8c,qaoa_line_8,QAOA,8,66,0.0,0.001987199999348377,0.0,0
b32_c64,32,64,success,exact_zero,0,0,42,0,,0.0008847999997669831,0.0012159999987488845,0.0021007999985158676,66,66,0.0,not_run_in_development_grid,e7c3197175704bce082edb885d4fa6328a0f697d629942098860c96b5b014a8c,qaoa_line_8,QAOA,8,66,0.0,0.001987199999348377,0.0,0
b1_c256,1,256,success,exact_zero,0,0,42,0,,0.0018899999995483086,0.0009942999986378709,0.0028842999981861794,66,66,0.0,not_run_in_development_grid,e7c3197175704bce082edb885d4fa6328a0f697d629942098860c96b5b014a8c,qaoa_line_8,QAOA,8,66,0.0,0.001987199999348377,0.0,0
b8_c256,8,256,success,exact_zero,0,0,42,0,,0.0010163999995711492,0.0009958999999071239,0.002012299999478273,66,66,0.0,not_run_in_development_grid,e7c3197175704bce082edb885d4fa6328a0f697d629942098860c96b5b014a8c,qaoa_line_8,QAOA,8,66,0.0,0.001987199999348377,0.0,0
b32_c256,32,256,success,exact_zero,0,0,42,0,,0.0010046999996120576,0.0010134999993169913,0.002018199998929049,66,66,0.0,not_run_in_development_grid,e7c3197175704bce082edb885d4fa6328a0f697d629942098860c96b5b014a8c,qaoa_line_8,QAOA,8,66,0.0,0.001987199999348377,0.0,0
b1_c64,1,64,success,exact,8,8,2420,0,,0.03116530000079365,0.007366199999523815,0.038531500000317465,462,454,0.017316017316017285,not_run_in_development_grid,f360b2738c36711c1019ce7764c30286bb612c574b1f9d512b2ca2afeaad5639,grover_6,Grover,6,454,0.017316017316017285,0.010958299999401788,0.0,1
b8_c64,8,64,success,exact,8,8,2420,0,,0.030482399999527843,0.00673580000147922,0.03721820000100706,462,454,0.017316017316017285,not_run_in_development_grid,f360b2738c36711c1019ce7764c30286bb612c574b1f9d512b2ca2afeaad5639,grover_6,Grover,6,454,0.017316017316017285,0.010958299999401788,0.0,1
b32_c64,32,64,success,exact,8,8,2420,0,,0.03134469999895373,0.007434299999658833,0.03877899999861256,462,454,0.017316017316017285,not_run_in_development_grid,f360b2738c36711c1019ce7764c30286bb612c574b1f9d512b2ca2afeaad5639,grover_6,Grover,6,454,0.017316017316017285,0.010958299999401788,0.0,1
b1_c256,1,256,success,exact,8,8,2420,0,,0.0310418999997637,0.007111499999155058,0.03815339999891876,462,454,0.017316017316017285,not_run_in_development_grid,f360b2738c36711c1019ce7764c30286bb612c574b1f9d512b2ca2afeaad5639,grover_6,Grover,6,454,0.017316017316017285,0.010958299999401788,0.0,1
b8_c256,8,256,success,exact,8,8,2420,0,,0.03908449999835284,0.006944299999304349,0.04602879999765719,462,454,0.017316017316017285,not_run_in_development_grid,f360b2738c36711c1019ce7764c30286bb612c574b1f9d512b2ca2afeaad5639,grover_6,Grover,6,454,0.017316017316017285,0.010958299999401788,0.0,1
b32_c256,32,256,success,exact,8,8,2420,0,,0.031154399999650195,0.009478899999521673,0.04063329999917187,462,454,0.017316017316017285,not_run_in_development_grid,f360b2738c36711c1019ce7764c30286bb612c574b1f9d512b2ca2afeaad5639,grover_6,Grover,6,454,0.017316017316017285,0.010958299999401788,0.0,1
b1_c64,1,64,success,exact_zero,0,0,1,0,,0.0009750999997777399,0.0001747999995131977,0.0011498999992909376,13,13,0.0,not_run_in_development_grid,a25cdf698d5ca8a8af744fd0fd1ebd652891919421d5e150b2a7e5e42e0cf9e7,surface_code_8,SurfaceCode,9,13,0.0,0.0005275000003166497,0.0,0
b8_c64,8,64,success,exact_zero,0,0,1,0,,0.0007638000006409129,0.00016430000141554046,0.0009281000020564534,13,13,0.0,not_run_in_development_grid,a25cdf698d5ca8a8af744fd0fd1ebd652891919421d5e150b2a7e5e42e0cf9e7,surface_code_8,SurfaceCode,9,13,0.0,0.0005275000003166497,0.0,0
b32_c64,32,64,success,exact_zero,0,0,1,0,,0.0006800000010116491,0.00016060000052675605,0.0008406000015384052,13,13,0.0,not_run_in_development_grid,a25cdf698d5ca8a8af744fd0fd1ebd652891919421d5e150b2a7e5e42e0cf9e7,surface_code_8,SurfaceCode,9,13,0.0,0.0005275000003166497,0.0,0
b1_c256,1,256,success,exact_zero,0,0,1,0,,0.0006507999987661606,0.00016089999917312525,0.0008116999979392858,13,13,0.0,not_run_in_development_grid,a25cdf698d5ca8a8af744fd0fd1ebd652891919421d5e150b2a7e5e42e0cf9e7,surface_code_8,SurfaceCode,9,13,0.0,0.0005275000003166497,0.0,0
b8_c256,8,256,success,exact_zero,0,0,1,0,,0.0006252000002859859,0.0001629999987926567,0.0007881999990786426,13,13,0.0,not_run_in_development_grid,a25cdf698d5ca8a8af744fd0fd1ebd652891919421d5e150b2a7e5e42e0cf9e7,surface_code_8,SurfaceCode,9,13,0.0,0.0005275000003166497,0.0,0
b32_c256,32,256,success,exact_zero,0,0,1,0,,0.0006843999999546213,0.00015560000065306667,0.000840000000607688,13,13,0.0,not_run_in_development_grid,a25cdf698d5ca8a8af744fd0fd1ebd652891919421d5e150b2a7e5e42e0cf9e7,surface_code_8,SurfaceCode,9,13,0.0,0.0005275000003166497,0.0,0
b1_c64,1,64,success,truncated,132,128,148923,2,conservative_overlap_check_budget_predicted:20000000:2190159,0.050377199999275035,0.07144660000085423,0.12182380000012927,3922,3790,0.03365629780724122,not_run_in_development_grid,380136ad69bebfc3d05fdf4d7fab225d1325b53da9391f41c26a567f88a08608,qwalk_6,QuantumWalk,7,3790,0.03365629780724122,0.1184637999995175,0.0,1
b8_c64,8,64,success,truncated,132,128,148923,2,conservative_overlap_check_budget_predicted:20000000:2190159,0.5151798999995663,0.07840979999855335,0.5935896999981196,3922,3790,0.03365629780724122,not_run_in_development_grid,380136ad69bebfc3d05fdf4d7fab225d1325b53da9391f41c26a567f88a08608,qwalk_6,QuantumWalk,7,3790,0.03365629780724122,0.1184637999995175,0.0,1
b32_c64,32,64,success,truncated,132,128,148923,2,conservative_overlap_check_budget_predicted:20000000:2190159,1.4036384999999427,0.06969550000030722,1.47333400000025,3922,3790,0.03365629780724122,not_run_in_development_grid,380136ad69bebfc3d05fdf4d7fab225d1325b53da9391f41c26a567f88a08608,qwalk_6,QuantumWalk,7,3790,0.03365629780724122,0.1184637999995175,0.0,1
b1_c256,1,256,success,exact,132,132,148923,0,conservative_overlap_check_budget_predicted:20000000:2190159,0.04627550000077463,0.06811130000096455,0.11438680000173918,3922,3790,0.03365629780724122,not_run_in_development_grid,380136ad69bebfc3d05fdf4d7fab225d1325b53da9391f41c26a567f88a08608,qwalk_6,QuantumWalk,7,3790,0.03365629780724122,0.1184637999995175,0.0,1
b8_c256,8,256,success,exact,132,132,148923,0,conservative_overlap_check_budget_predicted:20000000:2190159,0.5365868999997474,0.10643610000079207,0.6430230000005395,3922,3790,0.03365629780724122,not_run_in_development_grid,380136ad69bebfc3d05fdf4d7fab225d1325b53da9391f41c26a567f88a08608,qwalk_6,QuantumWalk,7,3790,0.03365629780724122,0.1184637999995175,0.0,1
b32_c256,32,256,success,exact,132,132,148923,0,conservative_overlap_check_budget_predicted:20000000:2190159,1.259167800000796,0.10717640000075335,1.3663442000015493,3922,3790,0.03365629780724122,not_run_in_development_grid,380136ad69bebfc3d05fdf4d7fab225d1325b53da9391f41c26a567f88a08608,qwalk_6,QuantumWalk,7,3790,0.03365629780724122,0.1184637999995175,0.0,1
b1_c64,1,64,success,exact_zero,0,0,1,0,,0.0014376999988598982,0.0005691000005754177,0.002006799999435316,10,10,0.0,not_run_in_development_grid,11ca0a34ccfcff1362a4d080d776863708b5bb85227870100bccb7ea7d29a31f,surface_code_6,SurfaceCode,7,10,0.0,0.000687899999320507,0.0,0
b8_c64,8,64,success,exact_zero,0,0,1,0,,0.0009339000007457798,0.00023390000023937318,0.001167800000985153,10,10,0.0,not_run_in_development_grid,11ca0a34ccfcff1362a4d080d776863708b5bb85227870100bccb7ea7d29a31f,surface_code_6,SurfaceCode,7,10,0.0,0.000687899999320507,0.0,0
b32_c64,32,64,success,exact_zero,0,0,1,0,,0.0009387999998580199,0.00016940000023168977,0.0011082000000897096,10,10,0.0,not_run_in_development_grid,11ca0a34ccfcff1362a4d080d776863708b5bb85227870100bccb7ea7d29a31f,surface_code_6,SurfaceCode,7,10,0.0,0.000687899999320507,0.0,0
b1_c256,1,256,success,exact_zero,0,0,1,0,,0.0010464999995747348,0.0002595999994809972,0.001306099999055732,10,10,0.0,not_run_in_development_grid,11ca0a34ccfcff1362a4d080d776863708b5bb85227870100bccb7ea7d29a31f,surface_code_6,SurfaceCode,7,10,0.0,0.000687899999320507,0.0,0
b8_c256,8,256,success,exact_zero,0,0,1,0,,0.0013271000007080147,0.0002082999999402091,0.0015354000006482238,10,10,0.0,not_run_in_development_grid,11ca0a34ccfcff1362a4d080d776863708b5bb85227870100bccb7ea7d29a31f,surface_code_6,SurfaceCode,7,10,0.0,0.000687899999320507,0.0,0
b32_c256,32,256,success,exact_zero,0,0,1,0,,0.0013579999995272374,0.0003164999998261919,0.0016744999993534293,10,10,0.0,not_run_in_development_grid,11ca0a34ccfcff1362a4d080d776863708b5bb85227870100bccb7ea7d29a31f,surface_code_6,SurfaceCode,7,10,0.0,0.000687899999320507,0.0,0
b1_c64,1,64,success,exact_zero,0,0,11,0,,0.0010407999998278683,0.0006536999990203185,0.0016944999988481868,22,22,0.0,not_run_in_development_grid,6fb483683d8a22c1752bbd74856400a9e8dc76f6c7498dc4e96e958be1a4c939,hardware_eff_4,HardwareEfficient,4,22,0.0,0.0012556999990920303,0.0,0
b8_c64,8,64,success,exact_zero,0,0,11,0,,0.0015194999996310798,0.0006685000007564668,0.0021880000003875466,22,22,0.0,not_run_in_development_grid,6fb483683d8a22c1752bbd74856400a9e8dc76f6c7498dc4e96e958be1a4c939,hardware_eff_4,HardwareEfficient,4,22,0.0,0.0012556999990920303,0.0,0
b32_c64,32,64,success,exact_zero,0,0,11,0,,0.0023163000005297363,0.0007587000000057742,0.0030750000005355105,22,22,0.0,not_run_in_development_grid,6fb483683d8a22c1752bbd74856400a9e8dc76f6c7498dc4e96e958be1a4c939,hardware_eff_4,HardwareEfficient,4,22,0.0,0.0012556999990920303,0.0,0
b1_c256,1,256,success,exact_zero,0,0,11,0,,0.0015043999992485624,0.0007629000010638265,0.002267300000312389,22,22,0.0,not_run_in_development_grid,6fb483683d8a22c1752bbd74856400a9e8dc76f6c7498dc4e96e958be1a4c939,hardware_eff_4,HardwareEfficient,4,22,0.0,0.0012556999990920303,0.0,0
b8_c256,8,256,success,exact_zero,0,0,11,0,,0.0013204000006226124,0.0008189000000129454,0.002139300000635558,22,22,0.0,not_run_in_development_grid,6fb483683d8a22c1752bbd74856400a9e8dc76f6c7498dc4e96e958be1a4c939,hardware_eff_4,HardwareEfficient,4,22,0.0,0.0012556999990920303,0.0,0
b32_c256,32,256,success,exact_zero,0,0,11,0,,0.0017217999993590638,0.0005086000001028879,0.0022303999994619517,22,22,0.0,not_run_in_development_grid,6fb483683d8a22c1752bbd74856400a9e8dc76f6c7498dc4e96e958be1a4c939,hardware_eff_4,HardwareEfficient,4,22,0.0,0.0012556999990920303,0.0,0
b1_c64,1,64,success,exact,8,8,2410,0,,0.05167769999934535,0.009239600000000792,0.06091729999934614,458,450,0.017467248908296984,not_run_in_development_grid,2da0675bcf3b7abb3d5daf9177c5c708714eb652339263c60ffc5cfc077ab523,grover_6,Grover,6,450,0.017467248908296984,0.017573799999809125,0.0,1
b8_c64,8,64,success,exact,8,8,2410,0,,0.04103240000040387,0.012933699999848614,0.05396610000025248,458,450,0.017467248908296984,not_run_in_development_grid,2da0675bcf3b7abb3d5daf9177c5c708714eb652339263c60ffc5cfc077ab523,grover_6,Grover,6,450,0.017467248908296984,0.017573799999809125,0.0,1
b32_c64,32,64,success,exact,8,8,2410,0,,0.04407269999865093,0.009175799999866285,0.05324849999851722,458,450,0.017467248908296984,not_run_in_development_grid,2da0675bcf3b7abb3d5daf9177c5c708714eb652339263c60ffc5cfc077ab523,grover_6,Grover,6,450,0.017467248908296984,0.017573799999809125,0.0,1
b1_c256,1,256,success,exact,8,8,2410,0,,0.04989989999921818,0.01231250000091677,0.06221240000013495,458,450,0.017467248908296984,not_run_in_development_grid,2da0675bcf3b7abb3d5daf9177c5c708714eb652339263c60ffc5cfc077ab523,grover_6,Grover,6,450,0.017467248908296984,0.017573799999809125,0.0,1
b8_c256,8,256,success,exact,8,8,2410,0,,0.04934599999978673,0.010762300000351388,0.060108300000138115,458,450,0.017467248908296984,not_run_in_development_grid,2da0675bcf3b7abb3d5daf9177c5c708714eb652339263c60ffc5cfc077ab523,grover_6,Grover,6,450,0.017467248908296984,0.017573799999809125,0.0,1
b32_c256,32,256,success,exact,8,8,2410,0,,0.043123700001160614,0.012343399999735993,0.05546710000089661,458,450,0.017467248908296984,not_run_in_development_grid,2da0675bcf3b7abb3d5daf9177c5c708714eb652339263c60ffc5cfc077ab523,grover_6,Grover,6,450,0.017467248908296984,0.017573799999809125,0.0,1
b1_c64,1,64,success,exact_zero,0,0,1,0,,0.0013668999999936204,0.00035620000016933773,0.0017231000001629582,8,8,0.0,not_run_in_development_grid,06c44d32c85d1c06864d6f9775908c5d875e7b32ddcad6ee5dfed8d86c27ca6f,surface_code_5,SurfaceCode,6,8,0.0,0.0005414999977801926,0.0,0
b8_c64,8,64,success,exact_zero,0,0,1,0,,0.0011169000008521834,0.00023800000053597614,0.0013549000013881596,8,8,0.0,not_run_in_development_grid,06c44d32c85d1c06864d6f9775908c5d875e7b32ddcad6ee5dfed8d86c27ca6f,surface_code_5,SurfaceCode,6,8,0.0,0.0005414999977801926,0.0,0
b32_c64,32,64,success,exact_zero,0,0,1,0,,0.0009675000001152512,0.0002519999998185085,0.0012194999999337597,8,8,0.0,not_run_in_development_grid,06c44d32c85d1c06864d6f9775908c5d875e7b32ddcad6ee5dfed8d86c27ca6f,surface_code_5,SurfaceCode,6,8,0.0,0.0005414999977801926,0.0,0
b1_c256,1,256,success,exact_zero,0,0,1,0,,0.0011974999997619307,0.0002547000003687572,0.0014522000001306878,8,8,0.0,not_run_in_development_grid,06c44d32c85d1c06864d6f9775908c5d875e7b32ddcad6ee5dfed8d86c27ca6f,surface_code_5,SurfaceCode,6,8,0.0,0.0005414999977801926,0.0,0
b8_c256,8,256,success,exact_zero,0,0,1,0,,0.0014434000004257541,0.00034559999949124176,0.0017889999999169959,8,8,0.0,not_run_in_development_grid,06c44d32c85d1c06864d6f9775908c5d875e7b32ddcad6ee5dfed8d86c27ca6f,surface_code_5,SurfaceCode,6,8,0.0,0.0005414999977801926,0.0,0
b32_c256,32,256,success,exact_zero,0,0,1,0,,0.0011967999998887535,0.0002494000000297092,0.0014461999999184627,8,8,0.0,not_run_in_development_grid,06c44d32c85d1c06864d6f9775908c5d875e7b32ddcad6ee5dfed8d86c27ca6f,surface_code_5,SurfaceCode,6,8,0.0,0.0005414999977801926,0.0,0
b1_c64,1,64,success,exact_zero,0,0,11,0,,0.0012769000004482223,0.0005851000005350215,0.0018620000009832438,22,22,0.0,not_run_in_development_grid,32c9e772774deff17d4b957250f4893cf8bc7cbe5983475de6b326cdc1ece616,hardware_eff_4,HardwareEfficient,4,22,0.0,0.0012416999979905086,0.0,0
b8_c64,8,64,success,exact_zero,0,0,11,0,,0.001494500000262633,0.0005891000000701752,0.002083600000332808,22,22,0.0,not_run_in_development_grid,32c9e772774deff17d4b957250f4893cf8bc7cbe5983475de6b326cdc1ece616,hardware_eff_4,HardwareEfficient,4,22,0.0,0.0012416999979905086,0.0,0
b32_c64,32,64,success,exact_zero,0,0,11,0,,0.0011862999999721069,0.0006812999999965541,0.001867599999968661,22,22,0.0,not_run_in_development_grid,32c9e772774deff17d4b957250f4893cf8bc7cbe5983475de6b326cdc1ece616,hardware_eff_4,HardwareEfficient,4,22,0.0,0.0012416999979905086,0.0,0
b1_c256,1,256,success,exact_zero,0,0,11,0,,0.0011353000008966774,0.0006722999987687217,0.001807599999665399,22,22,0.0,not_run_in_development_grid,32c9e772774deff17d4b957250f4893cf8bc7cbe5983475de6b326cdc1ece616,hardware_eff_4,HardwareEfficient,4,22,0.0,0.0012416999979905086,0.0,0
b8_c256,8,256,success,exact_zero,0,0,11,0,,0.001210200000059558,0.0008531000003131339,0.002063300000372692,22,22,0.0,not_run_in_development_grid,32c9e772774deff17d4b957250f4893cf8bc7cbe5983475de6b326cdc1ece616,hardware_eff_4,HardwareEfficient,4,22,0.0,0.0012416999979905086,0.0,0
b32_c256,32,256,success,exact_zero,0,0,11,0,,0.0015292999996745493,0.0003927000016119564,0.0019220000012865057,22,22,0.0,not_run_in_development_grid,32c9e772774deff17d4b957250f4893cf8bc7cbe5983475de6b326cdc1ece616,hardware_eff_4,HardwareEfficient,4,22,0.0,0.0012416999979905086,0.0,0
b1_c64,1,64,success,truncated,132,128,148923,2,conservative_overlap_check_budget_predicted:20000000:2190159,0.0491295000010723,0.08323489999929734,0.13236440000036964,3922,3790,0.03365629780724122,not_run_in_development_grid,8aaf01a56bcab37914ddfaba82a75a16e140d95441d873784a6ddbc0cb82048b,qwalk_6,QuantumWalk,7,3790,0.03365629780724122,0.16926760000023933,0.0,1
b8_c64,8,64,success,truncated,132,128,148923,2,conservative_overlap_check_budget_predicted:20000000:2190159,0.504701899999418,0.06774650000079419,0.5724484000002121,3922,3790,0.03365629780724122,not_run_in_development_grid,8aaf01a56bcab37914ddfaba82a75a16e140d95441d873784a6ddbc0cb82048b,qwalk_6,QuantumWalk,7,3790,0.03365629780724122,0.16926760000023933,0.0,1
b32_c64,32,64,success,truncated,132,128,148923,2,conservative_overlap_check_budget_predicted:20000000:2190159,1.411288399998739,0.06780910000088625,1.4790974999996251,3922,3790,0.03365629780724122,not_run_in_development_grid,8aaf01a56bcab37914ddfaba82a75a16e140d95441d873784a6ddbc0cb82048b,qwalk_6,QuantumWalk,7,3790,0.03365629780724122,0.16926760000023933,0.0,1
b1_c256,1,256,success,exact,132,132,148923,0,conservative_overlap_check_budget_predicted:20000000:2190159,0.04594420000103128,0.0668203999994148,0.11276460000044608,3922,3790,0.03365629780724122,not_run_in_development_grid,8aaf01a56bcab37914ddfaba82a75a16e140d95441d873784a6ddbc0cb82048b,qwalk_6,QuantumWalk,7,3790,0.03365629780724122,0.16926760000023933,0.0,1
b8_c256,8,256,success,exact,132,132,148923,0,conservative_overlap_check_budget_predicted:20000000:2190159,0.508466799999951,0.06627780000053463,0.5747446000004857,3922,3790,0.03365629780724122,not_run_in_development_grid,8aaf01a56bcab37914ddfaba82a75a16e140d95441d873784a6ddbc0cb82048b,qwalk_6,QuantumWalk,7,3790,0.03365629780724122,0.16926760000023933,0.0,1
b32_c256,32,256,success,exact,132,132,148923,0,conservative_overlap_check_budget_predicted:20000000:2190159,1.3556721999993897,0.06979560000036145,1.4254677999997512,3922,3790,0.03365629780724122,not_run_in_development_grid,8aaf01a56bcab37914ddfaba82a75a16e140d95441d873784a6ddbc0cb82048b,qwalk_6,QuantumWalk,7,3790,0.03365629780724122,0.16926760000023933,0.0,1
b1_c64,1,64,success,exact,4,4,10,0,,0.0011434999996708939,0.00036589999945135787,0.0015093999991222518,29,25,0.13793103448275867,not_run_in_development_grid,dfb04a777b1d92f2bd1c26ca8fecfc77e6e9e7fe6b9091cef1ea2753dd14dae8,clifford_4,RandomClifford,4,25,0.13793103448275867,0.0007088000002113404,0.0,1
b8_c64,8,64,success,exact,4,4,10,0,,0.0008777000002737623,0.0003271999994467478,0.00120489999972051,29,25,0.13793103448275867,not_run_in_development_grid,dfb04a777b1d92f2bd1c26ca8fecfc77e6e9e7fe6b9091cef1ea2753dd14dae8,clifford_4,RandomClifford,4,25,0.13793103448275867,0.0007088000002113404,0.0,1
b32_c64,32,64,success,exact,4,4,10,0,,0.0008315000013681129,0.00032639999881212134,0.0011579000001802342,29,25,0.13793103448275867,not_run_in_development_grid,dfb04a777b1d92f2bd1c26ca8fecfc77e6e9e7fe6b9091cef1ea2753dd14dae8,clifford_4,RandomClifford,4,25,0.13793103448275867,0.0007088000002113404,0.0,1
b1_c256,1,256,success,exact,4,4,10,0,,0.0008227999987866497,0.0004881000004388625,0.0013108999992255121,29,25,0.13793103448275867,not_run_in_development_grid,dfb04a777b1d92f2bd1c26ca8fecfc77e6e9e7fe6b9091cef1ea2753dd14dae8,clifford_4,RandomClifford,4,25,0.13793103448275867,0.0007088000002113404,0.0,1
b8_c256,8,256,success,exact,4,4,10,0,,0.001476500001444947,0.0003312999997433508,0.0018078000011882978,29,25,0.13793103448275867,not_run_in_development_grid,dfb04a777b1d92f2bd1c26ca8fecfc77e6e9e7fe6b9091cef1ea2753dd14dae8,clifford_4,RandomClifford,4,25,0.13793103448275867,0.0007088000002113404,0.0,1
b32_c256,32,256,success,exact,4,4,10,0,,0.0008789000003162073,0.00032559999999648426,0.0012045000003126916,29,25,0.13793103448275867,not_run_in_development_grid,dfb04a777b1d92f2bd1c26ca8fecfc77e6e9e7fe6b9091cef1ea2753dd14dae8,clifford_4,RandomClifford,4,25,0.13793103448275867,0.0007088000002113404,0.0,1
b1_c64,1,64,success,exact,6,6,135,0,,0.0028585000000020955,0.004286199999114615,0.00714469999911671,58,52,0.10344827586206895,not_run_in_development_grid,03eaab10a83e1dfeb034fd7582bcf4a2ea7fa5b71a897818b9064ad6fb621c5a,uccsd_6,UCCSD_inspired,6,52,0.10344827586206895,0.0031400999996549217,0.0,1
b8_c64,8,64,success,exact,6,6,135,0,,0.002729899999394547,0.0023463999987143325,0.00507629999810888,58,52,0.10344827586206895,not_run_in_development_grid,03eaab10a83e1dfeb034fd7582bcf4a2ea7fa5b71a897818b9064ad6fb621c5a,uccsd_6,UCCSD_inspired,6,52,0.10344827586206895,0.0031400999996549217,0.0,1
b32_c64,32,64,success,exact,6,6,135,0,,0.0016312000007019378,0.002457200000208104,0.004088400000910042,58,52,0.10344827586206895,not_run_in_development_grid,03eaab10a83e1dfeb034fd7582bcf4a2ea7fa5b71a897818b9064ad6fb621c5a,uccsd_6,UCCSD_inspired,6,52,0.10344827586206895,0.0031400999996549217,0.0,1
b1_c256,1,256,success,exact,6,6,135,0,,0.001652299999477691,0.004619400000592577,0.006271700000070268,58,52,0.10344827586206895,not_run_in_development_grid,03eaab10a83e1dfeb034fd7582bcf4a2ea7fa5b71a897818b9064ad6fb621c5a,uccsd_6,UCCSD_inspired,6,52,0.10344827586206895,0.0031400999996549217,0.0,1
b8_c256,8,256,success,exact,6,6,135,0,,0.002915700000812649,0.003623100001277635,0.006538800002090284,58,52,0.10344827586206895,not_run_in_development_grid,03eaab10a83e1dfeb034fd7582bcf4a2ea7fa5b71a897818b9064ad6fb621c5a,uccsd_6,UCCSD_inspired,6,52,0.10344827586206895,0.0031400999996549217,0.0,1
b32_c256,32,256,success,exact,6,6,135,0,,0.001774100001057377,0.002351299999645562,0.004125400000702939,58,52,0.10344827586206895,not_run_in_development_grid,03eaab10a83e1dfeb034fd7582bcf4a2ea7fa5b71a897818b9064ad6fb621c5a,uccsd_6,UCCSD_inspired,6,52,0.10344827586206895,0.0031400999996549217,0.0,1
b1_c64,1,64,success,exact_zero,0,0,1,0,,0.0008562999992136611,0.0001475000008213101,0.0010038000000349712,10,10,0.0,not_run_in_development_grid,50acc8cca2f23db161ca0e99de8435635242080dcd80d6ee45c483913667385d,surface_code_6,SurfaceCode,7,10,0.0,0.0005469000006996794,0.0,0
b8_c64,8,64,success,exact_zero,0,0,1,0,,0.0009112999996432336,0.00017840000145952217,0.0010897000011027558,10,10,0.0,not_run_in_development_grid,50acc8cca2f23db161ca0e99de8435635242080dcd80d6ee45c483913667385d,surface_code_6,SurfaceCode,7,10,0.0,0.0005469000006996794,0.0,0
b32_c64,32,64,success,exact_zero,0,0,1,0,,0.0013251000000309432,0.00014630000077886507,0.0014714000008098083,10,10,0.0,not_run_in_development_grid,50acc8cca2f23db161ca0e99de8435635242080dcd80d6ee45c483913667385d,surface_code_6,SurfaceCode,7,10,0.0,0.0005469000006996794,0.0,0
b1_c256,1,256,success,exact_zero,0,0,1,0,,0.0007831999992049532,0.0001416000013705343,0.0009248000005754875,10,10,0.0,not_run_in_development_grid,50acc8cca2f23db161ca0e99de8435635242080dcd80d6ee45c483913667385d,surface_code_6,SurfaceCode,7,10,0.0,0.0005469000006996794,0.0,0
b8_c256,8,256,success,exact_zero,0,0,1,0,,0.0008244000000559026,0.00017839999964053277,0.0010027999996964354,10,10,0.0,not_run_in_development_grid,50acc8cca2f23db161ca0e99de8435635242080dcd80d6ee45c483913667385d,surface_code_6,SurfaceCode,7,10,0.0,0.0005469000006996794,0.0,0
b32_c256,32,256,success,exact_zero,0,0,1,0,,0.0007511000003432855,0.0001382000009471085,0.000889300001290394,10,10,0.0,not_run_in_development_grid,50acc8cca2f23db161ca0e99de8435635242080dcd80d6ee45c483913667385d,surface_code_6,SurfaceCode,7,10,0.0,0.0005469000006996794,0.0,0
b1_c64,1,64,success,exact_zero,0,0,0,0,,0.0008697999983269256,0.00023750000036670826,0.0011072999986936338,18,18,0.0,not_run_in_development_grid,6a973daf65bd418bdd08beaf9461e58945e15cfd7d372f99f1bfabdf665daccf,adder_8,Adder,10,18,0.0,0.0005130000008648494,0.0,0
b8_c64,8,64,success,exact_zero,0,0,0,0,,0.0008660000003146706,0.00047420000009879004,0.0013402000004134607,18,18,0.0,not_run_in_development_grid,6a973daf65bd418bdd08beaf9461e58945e15cfd7d372f99f1bfabdf665daccf,adder_8,Adder,10,18,0.0,0.0005130000008648494,0.0,0
b32_c64,32,64,success,exact_zero,0,0,0,0,,0.0014387999999598833,0.0004523999996308703,0.0018911999995907536,18,18,0.0,not_run_in_development_grid,6a973daf65bd418bdd08beaf9461e58945e15cfd7d372f99f1bfabdf665daccf,adder_8,Adder,10,18,0.0,0.0005130000008648494,0.0,0
b1_c256,1,256,success,exact_zero,0,0,0,0,,0.0010177000003750436,0.0004515999989962438,0.0014692999993712874,18,18,0.0,not_run_in_development_grid,6a973daf65bd418bdd08beaf9461e58945e15cfd7d372f99f1bfabdf665daccf,adder_8,Adder,10,18,0.0,0.0005130000008648494,0.0,0
b8_c256,8,256,success,exact_zero,0,0,0,0,,0.001003100000161794,0.0004462000015337253,0.0014493000016955193,18,18,0.0,not_run_in_development_grid,6a973daf65bd418bdd08beaf9461e58945e15cfd7d372f99f1bfabdf665daccf,adder_8,Adder,10,18,0.0,0.0005130000008648494,0.0,0
b32_c256,32,256,success,exact_zero,0,0,0,0,,0.0010844999997061677,0.00045139999929233454,0.0015358999989985023,18,18,0.0,not_run_in_development_grid,6a973daf65bd418bdd08beaf9461e58945e15cfd7d372f99f1bfabdf665daccf,adder_8,Adder,10,18,0.0,0.0005130000008648494,0.0,0
b1_c64,1,64,success,exact,6,6,135,0,,0.0018077999993693084,0.004586099999869475,0.0063938999992387835,58,52,0.10344827586206895,not_run_in_development_grid,572ced8466222c9cce73f7c74264b2354fd93bd719eafb0290bc144dcb80224f,uccsd_6,UCCSD_inspired,6,52,0.10344827586206895,0.004746300000988413,0.0,1
b8_c64,8,64,success,exact,6,6,135,0,,0.0023697999986325158,0.002315600000656559,0.004685399999289075,58,52,0.10344827586206895,not_run_in_development_grid,572ced8466222c9cce73f7c74264b2354fd93bd719eafb0290bc144dcb80224f,uccsd_6,UCCSD_inspired,6,52,0.10344827586206895,0.004746300000988413,0.0,1
b32_c64,32,64,success,exact,6,6,135,0,,0.0029728999998042127,0.004336300000431947,0.00730920000023616,58,52,0.10344827586206895,not_run_in_development_grid,572ced8466222c9cce73f7c74264b2354fd93bd719eafb0290bc144dcb80224f,uccsd_6,UCCSD_inspired,6,52,0.10344827586206895,0.004746300000988413,0.0,1
b1_c256,1,256,success,exact,6,6,135,0,,0.0027680000002874294,0.0027102999993076082,0.005478299999595038,58,52,0.10344827586206895,not_run_in_development_grid,572ced8466222c9cce73f7c74264b2354fd93bd719eafb0290bc144dcb80224f,uccsd_6,UCCSD_inspired,6,52,0.10344827586206895,0.004746300000988413,0.0,1
b8_c256,8,256,success,exact,6,6,135,0,,0.0019998000007035444,0.0022601000000577187,0.004259900000761263,58,52,0.10344827586206895,not_run_in_development_grid,572ced8466222c9cce73f7c74264b2354fd93bd719eafb0290bc144dcb80224f,uccsd_6,UCCSD_inspired,6,52,0.10344827586206895,0.004746300000988413,0.0,1
b32_c256,32,256,success,exact,6,6,135,0,,0.0015814999987924239,0.0026300000008632196,0.0042114999996556435,58,52,0.10344827586206895,not_run_in_development_grid,572ced8466222c9cce73f7c74264b2354fd93bd719eafb0290bc144dcb80224f,uccsd_6,UCCSD_inspired,6,52,0.10344827586206895,0.004746300000988413,0.0,1
b1_c64,1,64,success,truncated,132,128,148923,2,conservative_overlap_check_budget_predicted:20000000:2190159,0.05496599999969476,0.08121469999969122,0.13618069999938598,3922,3790,0.03365629780724122,not_run_in_development_grid,c9e5b59e32c53d4772620b8ccf8ab1e16870e879379d57c33dae662522f67ce3,qwalk_6,QuantumWalk,7,3790,0.03365629780724122,0.11117139999805659,0.0,1
b8_c64,8,64,success,truncated,132,128,148923,2,conservative_overlap_check_budget_predicted:20000000:2190159,0.49879800000053365,0.07015379999938887,0.5689517999999225,3922,3790,0.03365629780724122,not_run_in_development_grid,c9e5b59e32c53d4772620b8ccf8ab1e16870e879379d57c33dae662522f67ce3,qwalk_6,QuantumWalk,7,3790,0.03365629780724122,0.11117139999805659,0.0,1
b32_c64,32,64,success,truncated,132,128,148923,2,conservative_overlap_check_budget_predicted:20000000:2190159,1.3076412999998865,0.06905030000052648,1.376691600000413,3922,3790,0.03365629780724122,not_run_in_development_grid,c9e5b59e32c53d4772620b8ccf8ab1e16870e879379d57c33dae662522f67ce3,qwalk_6,QuantumWalk,7,3790,0.03365629780724122,0.11117139999805659,0.0,1
b1_c256,1,256,success,exact,132,132,148923,0,conservative_overlap_check_budget_predicted:20000000:2190159,0.0457406000004994,0.0698037000001932,0.1155443000006926,3922,3790,0.03365629780724122,not_run_in_development_grid,c9e5b59e32c53d4772620b8ccf8ab1e16870e879379d57c33dae662522f67ce3,qwalk_6,QuantumWalk,7,3790,0.03365629780724122,0.11117139999805659,0.0,1
b8_c256,8,256,success,exact,132,132,148923,0,conservative_overlap_check_budget_predicted:20000000:2190159,0.46816670000043814,0.0674643999991531,0.5356310999995912,3922,3790,0.03365629780724122,not_run_in_development_grid,c9e5b59e32c53d4772620b8ccf8ab1e16870e879379d57c33dae662522f67ce3,qwalk_6,QuantumWalk,7,3790,0.03365629780724122,0.11117139999805659,0.0,1
b32_c256,32,256,success,exact,132,132,148923,0,conservative_overlap_check_budget_predicted:20000000:2190159,1.2601689999992232,0.0673624999999447,1.3275314999991679,3922,3790,0.03365629780724122,not_run_in_development_grid,c9e5b59e32c53d4772620b8ccf8ab1e16870e879379d57c33dae662522f67ce3,qwalk_6,QuantumWalk,7,3790,0.03365629780724122,0.11117139999805659,0.0,1
b1_c64,1,64,success,exact_zero,0,0,1,0,,0.001103000000512111,0.00019980000070063397,0.001302800001212745,11,11,0.0,not_run_in_development_grid,439cf4a4745745332319327dc1b01075748fee45c1a0f2e6280ba8e9fbbe0487,surface_code_7,SurfaceCode,8,11,0.0,0.0003892999993695412,0.0,0
b8_c64,8,64,success,exact_zero,0,0,1,0,,0.0007691000009799609,0.0001551000004837988,0.0009242000014637597,11,11,0.0,not_run_in_development_grid,439cf4a4745745332319327dc1b01075748fee45c1a0f2e6280ba8e9fbbe0487,surface_code_7,SurfaceCode,8,11,0.0,0.0003892999993695412,0.0,0
b32_c64,32,64,success,exact_zero,0,0,1,0,,0.000756899999032612,0.0001661000005697133,0.0009229999996023253,11,11,0.0,not_run_in_development_grid,439cf4a4745745332319327dc1b01075748fee45c1a0f2e6280ba8e9fbbe0487,surface_code_7,SurfaceCode,8,11,0.0,0.0003892999993695412,0.0,0
b1_c256,1,256,success,exact_zero,0,0,1,0,,0.0007322000001295237,0.0002798999994411133,0.001012099999570637,11,11,0.0,not_run_in_development_grid,439cf4a4745745332319327dc1b01075748fee45c1a0f2e6280ba8e9fbbe0487,surface_code_7,SurfaceCode,8,11,0.0,0.0003892999993695412,0.0,0
b8_c256,8,256,success,exact_zero,0,0,1,0,,0.0010996000000886852,0.00016599999980826396,0.0012655999998969492,11,11,0.0,not_run_in_development_grid,439cf4a4745745332319327dc1b01075748fee45c1a0f2e6280ba8e9fbbe0487,surface_code_7,SurfaceCode,8,11,0.0,0.0003892999993695412,0.0,0
b32_c256,32,256,success,exact_zero,0,0,1,0,,0.0007153000005928334,0.0001415999995515449,0.0008569000001443783,11,11,0.0,not_run_in_development_grid,439cf4a4745745332319327dc1b01075748fee45c1a0f2e6280ba8e9fbbe0487,surface_code_7,SurfaceCode,8,11,0.0,0.0003892999993695412,0.0,0
b1_c64,1,64,success,exact,4,4,9,0,,0.00105499999881431,0.00027829999999084976,0.0013332999988051597,23,19,0.17391304347826086,not_run_in_development_grid,5d1c48263acc18a36d062c98661594cfac7e4418c02437f7200168f655d79429,bv_7,Oracle,8,19,0.17391304347826086,0.0005326000009517884,0.0,1
b8_c64,8,64,success,exact,4,4,9,0,,0.0007208999995782506,0.00030479999986710027,0.0010256999994453508,23,19,0.17391304347826086,not_run_in_development_grid,5d1c48263acc18a36d062c98661594cfac7e4418c02437f7200168f655d79429,bv_7,Oracle,8,19,0.17391304347826086,0.0005326000009517884,0.0,1
b32_c64,32,64,success,exact,4,4,9,0,,0.0006661000006715767,0.00026729999990493525,0.000933400000576512,23,19,0.17391304347826086,not_run_in_development_grid,5d1c48263acc18a36d062c98661594cfac7e4418c02437f7200168f655d79429,bv_7,Oracle,8,19,0.17391304347826086,0.0005326000009517884,0.0,1
b1_c256,1,256,success,exact,4,4,9,0,,0.0006621999982598936,0.0004945999990013661,0.0011567999972612597,23,19,0.17391304347826086,not_run_in_development_grid,5d1c48263acc18a36d062c98661594cfac7e4418c02437f7200168f655d79429,bv_7,Oracle,8,19,0.17391304347826086,0.0005326000009517884,0.0,1
b8_c256,8,256,success,exact,4,4,9,0,,0.001319199998761178,0.0002806000011332799,0.0015997999998944579,23,19,0.17391304347826086,not_run_in_development_grid,5d1c48263acc18a36d062c98661594cfac7e4418c02437f7200168f655d79429,bv_7,Oracle,8,19,0.17391304347826086,0.0005326000009517884,0.0,1
b32_c256,32,256,success,exact,4,4,9,0,,0.0007189000007201685,0.0002686000007088296,0.000987500001428998,23,19,0.17391304347826086,not_run_in_development_grid,5d1c48263acc18a36d062c98661594cfac7e4418c02437f7200168f655d79429,bv_7,Oracle,8,19,0.17391304347826086,0.0005326000009517884,0.0,1
b1_c64,1,64,success,exact,8,8,131,0,,0.003841199999442324,0.001261999999769614,0.005103199999211938,88,80,0.09090909090909094,not_run_in_development_grid,4035c390bb35bd7735df397046c84d406ef79095dfe0cf931033a80c28b17459,grover_4,Grover,4,80,0.09090909090909094,0.002223999999841908,0.0,1
b8_c64,8,64,success,exact,8,8,131,0,,0.0024659999999130378,0.001224499999807449,0.003690499999720487,88,80,0.09090909090909094,not_run_in_development_grid,4035c390bb35bd7735df397046c84d406ef79095dfe0cf931033a80c28b17459,grover_4,Grover,4,80,0.09090909090909094,0.002223999999841908,0.0,1
b32_c64,32,64,success,exact,8,8,131,0,,0.0031173000006674556,0.0012495000009948853,0.004366800001662341,88,80,0.09090909090909094,not_run_in_development_grid,4035c390bb35bd7735df397046c84d406ef79095dfe0cf931033a80c28b17459,grover_4,Grover,4,80,0.09090909090909094,0.002223999999841908,0.0,1
b1_c256,1,256,success,exact,8,8,131,0,,0.002681500000107917,0.0012606000000232598,0.003942100000131177,88,80,0.09090909090909094,not_run_in_development_grid,4035c390bb35bd7735df397046c84d406ef79095dfe0cf931033a80c28b17459,grover_4,Grover,4,80,0.09090909090909094,0.002223999999841908,0.0,1
b8_c256,8,256,success,exact,8,8,131,0,,0.0028156999997008825,0.001357199998892611,0.004172899998593493,88,80,0.09090909090909094,not_run_in_development_grid,4035c390bb35bd7735df397046c84d406ef79095dfe0cf931033a80c28b17459,grover_4,Grover,4,80,0.09090909090909094,0.002223999999841908,0.0,1
b32_c256,32,256,success,exact,8,8,131,0,,0.0026507000002311543,0.0012330999998084735,0.0038838000000396278,88,80,0.09090909090909094,not_run_in_development_grid,4035c390bb35bd7735df397046c84d406ef79095dfe0cf931033a80c28b17459,grover_4,Grover,4,80,0.09090909090909094,0.002223999999841908,0.0,1
b1_c64,1,64,success,exact_zero,0,0,0,0,,0.0007523999993281905,0.00042380000013508834,0.0011761999994632788,19,19,0.0,not_run_in_development_grid,c3781847e3b476f0de097ecb06e247f54b9b45f604f5ccafeaab4169f506470a,adder_8,Adder,10,19,0.0,0.0005897000010008924,0.0,0
b8_c64,8,64,success,exact_zero,0,0,0,0,,0.0013158000001567416,0.0002461000003677327,0.0015619000005244743,19,19,0.0,not_run_in_development_grid,c3781847e3b476f0de097ecb06e247f54b9b45f604f5ccafeaab4169f506470a,adder_8,Adder,10,19,0.0,0.0005897000010008924,0.0,0
b32_c64,32,64,success,exact_zero,0,0,0,0,,0.0007033000001683831,0.00023049999981594738,0.0009337999999843305,19,19,0.0,not_run_in_development_grid,c3781847e3b476f0de097ecb06e247f54b9b45f604f5ccafeaab4169f506470a,adder_8,Adder,10,19,0.0,0.0005897000010008924,0.0,0
b1_c256,1,256,success,exact_zero,0,0,0,0,,0.0006998999997449573,0.0002258000004076166,0.0009257000001525739,19,19,0.0,not_run_in_development_grid,c3781847e3b476f0de097ecb06e247f54b9b45f604f5ccafeaab4169f506470a,adder_8,Adder,10,19,0.0,0.0005897000010008924,0.0,0
b8_c256,8,256,success,exact_zero,0,0,0,0,,0.0006927999984327471,0.00023019999935058877,0.0009229999977833359,19,19,0.0,not_run_in_development_grid,c3781847e3b476f0de097ecb06e247f54b9b45f604f5ccafeaab4169f506470a,adder_8,Adder,10,19,0.0,0.0005897000010008924,0.0,0
b32_c256,32,256,success,exact_zero,0,0,0,0,,0.0008949000002758112,0.00022539999918080866,0.0011202999994566198,19,19,0.0,not_run_in_development_grid,c3781847e3b476f0de097ecb06e247f54b9b45f604f5ccafeaab4169f506470a,adder_8,Adder,10,19,0.0,0.0005897000010008924,0.0,0
b1_c64,1,64,success,exact_zero,0,0,17,0,,0.0011357999992469558,0.0005780000010418007,0.0017138000002887566,34,34,0.0,not_run_in_development_grid,1e0a27417d327285c170dedda1a30b6477266b0adcb25849edabf48071b99ff9,hardware_eff_6,HardwareEfficient,6,34,0.0,0.0008653000004414935,0.0,0
b8_c64,8,64,success,exact_zero,0,0,17,0,,0.0007900000000518048,0.0008367999998881714,0.0016267999999399763,34,34,0.0,not_run_in_development_grid,1e0a27417d327285c170dedda1a30b6477266b0adcb25849edabf48071b99ff9,hardware_eff_6,HardwareEfficient,6,34,0.0,0.0008653000004414935,0.0,0
b32_c64,32,64,success,exact_zero,0,0,17,0,,0.0007812000003468711,0.0005029999992984813,0.0012841999996453524,34,34,0.0,not_run_in_development_grid,1e0a27417d327285c170dedda1a30b6477266b0adcb25849edabf48071b99ff9,hardware_eff_6,HardwareEfficient,6,34,0.0,0.0008653000004414935,0.0,0
b1_c256,1,256,success,exact_zero,0,0,17,0,,0.0006876999996165978,0.0005029999992984813,0.001190699998915079,34,34,0.0,not_run_in_development_grid,1e0a27417d327285c170dedda1a30b6477266b0adcb25849edabf48071b99ff9,hardware_eff_6,HardwareEfficient,6,34,0.0,0.0008653000004414935,0.0,0
b8_c256,8,256,success,exact_zero,0,0,17,0,,0.0006916000002092915,0.0005157000014150981,0.0012073000016243896,34,34,0.0,not_run_in_development_grid,1e0a27417d327285c170dedda1a30b6477266b0adcb25849edabf48071b99ff9,hardware_eff_6,HardwareEfficient,6,34,0.0,0.0008653000004414935,0.0,0
b32_c256,32,256,success,exact_zero,0,0,17,0,,0.0006929999999556458,0.000680600000123377,0.0013736000000790227,34,34,0.0,not_run_in_development_grid,1e0a27417d327285c170dedda1a30b6477266b0adcb25849edabf48071b99ff9,hardware_eff_6,HardwareEfficient,6,34,0.0,0.0008653000004414935,0.0,0
b1_c64,1,64,success,exact,6,6,9,0,,0.0008821999999781838,0.00024559999837947544,0.0011277999983576592,22,16,0.2727272727272727,not_run_in_development_grid,566d2d8e6e0997a8b51a95c78b1f3ed52607b20964f2c0ae7de1115cada224ab,bv_7,Oracle,8,16,0.2727272727272727,0.0005252999999356689,0.0,1
b8_c64,8,64,success,exact,6,6,9,0,,0.0007545000007667113,0.00023750000036670826,0.0009920000011334196,22,16,0.2727272727272727,not_run_in_development_grid,566d2d8e6e0997a8b51a95c78b1f3ed52607b20964f2c0ae7de1115cada224ab,bv_7,Oracle,8,16,0.2727272727272727,0.0005252999999356689,0.0,1
b32_c64,32,64,success,exact,6,6,9,0,,0.001037799998812261,0.0002583999994385522,0.0012961999982508132,22,16,0.2727272727272727,not_run_in_development_grid,566d2d8e6e0997a8b51a95c78b1f3ed52607b20964f2c0ae7de1115cada224ab,bv_7,Oracle,8,16,0.2727272727272727,0.0005252999999356689,0.0,1
b1_c256,1,256,success,exact,6,6,9,0,,0.0007712999995419523,0.0002418000003672205,0.0010130999999091728,22,16,0.2727272727272727,not_run_in_development_grid,566d2d8e6e0997a8b51a95c78b1f3ed52607b20964f2c0ae7de1115cada224ab,bv_7,Oracle,8,16,0.2727272727272727,0.0005252999999356689,0.0,1
b8_c256,8,256,success,exact,6,6,9,0,,0.0006802000007155584,0.0004719000007753493,0.0011521000014909077,22,16,0.2727272727272727,not_run_in_development_grid,566d2d8e6e0997a8b51a95c78b1f3ed52607b20964f2c0ae7de1115cada224ab,bv_7,Oracle,8,16,0.2727272727272727,0.0005252999999356689,0.0,1
b32_c256,32,256,success,exact,6,6,9,0,,0.0015126999987842282,0.00024149999990186188,0.0017541999986860901,22,16,0.2727272727272727,not_run_in_development_grid,566d2d8e6e0997a8b51a95c78b1f3ed52607b20964f2c0ae7de1115cada224ab,bv_7,Oracle,8,16,0.2727272727272727,0.0005252999999356689,0.0,1
b1_c64,1,64,success,exact,10,10,9,0,,0.0008280999991256977,0.00019559999964258168,0.0010236999987682793,20,10,0.5,not_run_in_development_grid,a8db7c393892d2adec545708e5f0d633c2a3a558227f079b35365b5a62cf7950,bv_7,Oracle,8,10,0.5,0.000443600001744926,0.0,1
b8_c64,8,64,success,exact,10,10,9,0,,0.0007612999997945735,0.00018930000078398734,0.0009506000005785609,20,10,0.5,not_run_in_development_grid,a8db7c393892d2adec545708e5f0d633c2a3a558227f079b35365b5a62cf7950,bv_7,Oracle,8,10,0.5,0.000443600001744926,0.0,1
b32_c64,32,64,success,exact,10,10,9,0,,0.0007980000009411015,0.00018930000078398734,0.0009873000017250888,20,10,0.5,not_run_in_development_grid,a8db7c393892d2adec545708e5f0d633c2a3a558227f079b35365b5a62cf7950,bv_7,Oracle,8,10,0.5,0.000443600001744926,0.0,1
b1_c256,1,256,success,exact,10,10,9,0,,0.0007628000003023772,0.0001868999988801079,0.000949699999182485,20,10,0.5,not_run_in_development_grid,a8db7c393892d2adec545708e5f0d633c2a3a558227f079b35365b5a62cf7950,bv_7,Oracle,8,10,0.5,0.000443600001744926,0.0,1
b8_c256,8,256,success,exact,10,10,9,0,,0.0007291000001714565,0.0005071999985375442,0.0012362999987090006,20,10,0.5,not_run_in_development_grid,a8db7c393892d2adec545708e5f0d633c2a3a558227f079b35365b5a62cf7950,bv_7,Oracle,8,10,0.5,0.000443600001744926,0.0,1
b32_c256,32,256,success,exact,10,10,9,0,,0.0015127000006032176,0.00039709999873593915,0.0019097999993391568,20,10,0.5,not_run_in_development_grid,a8db7c393892d2adec545708e5f0d633c2a3a558227f079b35365b5a62cf7950,bv_7,Oracle,8,10,0.5,0.000443600001744926,0.0,1
b1_c64,1,64,success,truncated,252,128,1127757,62,conservative_overlap_check_budget_predicted:20000000:18299781,0.5279461999998603,0.24458169999888923,0.7725278999987495,12046,11794,0.0209198074049477,not_run_in_development_grid,efcc1de189949fabda88791e6b68d73aff3b14e37c742a15535d4e16dce0f0ac,qwalk_8,QuantumWalk,9,11794,0.0209198074049477,0.35139019999951415,0.0,1
b8_c64,8,64,success,truncated,252,128,1127757,62,conservative_overlap_check_budget_predicted:20000000:18299781,1.7952934999993886,0.20740640000076382,2.0026999000001524,12046,11794,0.0209198074049477,not_run_in_development_grid,efcc1de189949fabda88791e6b68d73aff3b14e37c742a15535d4e16dce0f0ac,qwalk_8,QuantumWalk,9,11794,0.0209198074049477,0.35139019999951415,0.0,1
b32_c64,32,64,success,truncated,252,128,1127757,62,conservative_overlap_check_budget_predicted:20000000:18299781,6.69649820000086,0.2167250000002241,6.9132232000010845,12046,11794,0.0209198074049477,not_run_in_development_grid,efcc1de189949fabda88791e6b68d73aff3b14e37c742a15535d4e16dce0f0ac,qwalk_8,QuantumWalk,9,11794,0.0209198074049477,0.35139019999951415,0.0,1
b1_c256,1,256,success,exact,252,252,1127757,0,conservative_overlap_check_budget_predicted:20000000:18299781,0.5809704999992391,0.24108089999936055,0.8220513999985997,12046,11794,0.0209198074049477,not_run_in_development_grid,efcc1de189949fabda88791e6b68d73aff3b14e37c742a15535d4e16dce0f0ac,qwalk_8,QuantumWalk,9,11794,0.0209198074049477,0.35139019999951415,0.0,1
b8_c256,8,256,success,exact,252,252,1127757,0,conservative_overlap_check_budget_predicted:20000000:18299781,2.289668299999903,0.21363600000040606,2.503304300000309,12046,11794,0.0209198074049477,not_run_in_development_grid,efcc1de189949fabda88791e6b68d73aff3b14e37c742a15535d4e16dce0f0ac,qwalk_8,QuantumWalk,9,11794,0.0209198074049477,0.35139019999951415,0.0,1
b32_c256,32,256,success,exact,252,252,1127757,0,conservative_overlap_check_budget_predicted:20000000:18299781,7.977691699999923,0.21076200000061363,8.188453700000537,12046,11794,0.0209198074049477,not_run_in_development_grid,efcc1de189949fabda88791e6b68d73aff3b14e37c742a15535d4e16dce0f0ac,qwalk_8,QuantumWalk,9,11794,0.0209198074049477,0.35139019999951415,0.0,1
b1_c64,1,64,success,exact_zero,0,0,18,0,,0.0011325999985274393,0.0004945000000589062,0.0016270999985863455,30,30,0.0,not_run_in_development_grid,d38566d48961c0f4bf6be3a09a849c118d9719eaeb3ba58b46b96218d1814c2e,qaoa_line_4,QAOA,4,30,0.0,0.00102349999906437,0.0,0
b8_c64,8,64,success,exact_zero,0,0,18,0,,0.001275500000701868,0.0006630000007135095,0.0019385000014153775,30,30,0.0,not_run_in_development_grid,d38566d48961c0f4bf6be3a09a849c118d9719eaeb3ba58b46b96218d1814c2e,qaoa_line_4,QAOA,4,30,0.0,0.00102349999906437,0.0,0
b32_c64,32,64,success,exact_zero,0,0,18,0,,0.0008694999996805564,0.0004681999998865649,0.0013376999995671213,30,30,0.0,not_run_in_development_grid,d38566d48961c0f4bf6be3a09a849c118d9719eaeb3ba58b46b96218d1814c2e,qaoa_line_4,QAOA,4,30,0.0,0.00102349999906437,0.0,0
b1_c256,1,256,success,exact_zero,0,0,18,0,,0.0007485000005544862,0.00047510000149486586,0.001223600002049352,30,30,0.0,not_run_in_development_grid,d38566d48961c0f4bf6be3a09a849c118d9719eaeb3ba58b46b96218d1814c2e,qaoa_line_4,QAOA,4,30,0.0,0.00102349999906437,0.0,0
b8_c256,8,256,success,exact_zero,0,0,18,0,,0.0007377999991149409,0.00046719999954802915,0.00120499999866297,30,30,0.0,not_run_in_development_grid,d38566d48961c0f4bf6be3a09a849c118d9719eaeb3ba58b46b96218d1814c2e,qaoa_line_4,QAOA,4,30,0.0,0.00102349999906437,0.0,0
b32_c256,32,256,success,exact_zero,0,0,18,0,,0.0007024000005912967,0.00046320000001287553,0.0011656000006041722,30,30,0.0,not_run_in_development_grid,d38566d48961c0f4bf6be3a09a849c118d9719eaeb3ba58b46b96218d1814c2e,qaoa_line_4,QAOA,4,30,0.0,0.00102349999906437,0.0,0
b1_c64,1,64,success,exact_zero,0,0,7,0,,0.0010865000003832392,0.0010024000002886169,0.002088900000671856,62,62,0.0,not_run_in_development_grid,2d043f6785f08c83f853dfb793626cfb8e1e5c2265f0d61dc52cab5049ee4b4d,vqe_twolocal_8,VQE,8,62,0.0,0.002193799999076873,0.0,0
b8_c64,8,64,success,exact_zero,0,0,7,0,,0.0008609000014985213,0.0010117999991052784,0.0018727000006037997,62,62,0.0,not_run_in_development_grid,2d043f6785f08c83f853dfb793626cfb8e1e5c2265f0d61dc52cab5049ee4b4d,vqe_twolocal_8,VQE,8,62,0.0,0.002193799999076873,0.0,0
b32_c64,32,64,success,exact_zero,0,0,7,0,,0.000808599999800208,0.0014711000003444497,0.0022797000001446577,62,62,0.0,not_run_in_development_grid,2d043f6785f08c83f853dfb793626cfb8e1e5c2265f0d61dc52cab5049ee4b4d,vqe_twolocal_8,VQE,8,62,0.0,0.002193799999076873,0.0,0
b1_c256,1,256,success,exact_zero,0,0,7,0,,0.0017669999997451669,0.0010223999997833744,0.0027893999995285412,62,62,0.0,not_run_in_development_grid,2d043f6785f08c83f853dfb793626cfb8e1e5c2265f0d61dc52cab5049ee4b4d,vqe_twolocal_8,VQE,8,62,0.0,0.002193799999076873,0.0,0
b8_c256,8,256,success,exact_zero,0,0,7,0,,0.0009541999988869065,0.000997799999822746,0.0019519999987096526,62,62,0.0,not_run_in_development_grid,2d043f6785f08c83f853dfb793626cfb8e1e5c2265f0d61dc52cab5049ee4b4d,vqe_twolocal_8,VQE,8,62,0.0,0.002193799999076873,0.0,0
b32_c256,32,256,success,exact_zero,0,0,7,0,,0.0008029000000533415,0.0010138000016013393,0.0018167000016546808,62,62,0.0,not_run_in_development_grid,2d043f6785f08c83f853dfb793626cfb8e1e5c2265f0d61dc52cab5049ee4b4d,vqe_twolocal_8,VQE,8,62,0.0,0.002193799999076873,0.0,0
b1_c64,1,64,success,exact_zero,0,0,7,0,,0.0013211999994382495,0.0010050000000774162,0.0023261999995156657,62,62,0.0,not_run_in_development_grid,834aeb4ed3be004b7a0b3e681d43de66de6de8f35a5e9fb1bfa818d7b959284b,vqe_twolocal_8,VQE,8,62,0.0,0.0017300999988947297,0.0,0
b8_c64,8,64,success,exact_zero,0,0,7,0,,0.0008087999995041173,0.0011576999986573355,0.001966499998161453,62,62,0.0,not_run_in_development_grid,834aeb4ed3be004b7a0b3e681d43de66de6de8f35a5e9fb1bfa818d7b959284b,vqe_twolocal_8,VQE,8,62,0.0,0.0017300999988947297,0.0,0
b32_c64,32,64,success,exact_zero,0,0,7,0,,0.0008088000013231067,0.001522599999589147,0.0023314000009122537,62,62,0.0,not_run_in_development_grid,834aeb4ed3be004b7a0b3e681d43de66de6de8f35a5e9fb1bfa818d7b959284b,vqe_twolocal_8,VQE,8,62,0.0,0.0017300999988947297,0.0,0
b1_c256,1,256,success,exact_zero,0,0,7,0,,0.0011272000010649208,0.0010040999986813404,0.002131299999746261,62,62,0.0,not_run_in_development_grid,834aeb4ed3be004b7a0b3e681d43de66de6de8f35a5e9fb1bfa818d7b959284b,vqe_twolocal_8,VQE,8,62,0.0,0.0017300999988947297,0.0,0
b8_c256,8,256,success,exact_zero,0,0,7,0,,0.0008266000004368834,0.0010038000000349712,0.0018304000004718546,62,62,0.0,not_run_in_development_grid,834aeb4ed3be004b7a0b3e681d43de66de6de8f35a5e9fb1bfa818d7b959284b,vqe_twolocal_8,VQE,8,62,0.0,0.0017300999988947297,0.0,0
b32_c256,32,256,success,exact_zero,0,0,7,0,,0.0007651000014448073,0.0010407999998278683,0.0018059000012726756,62,62,0.0,not_run_in_development_grid,834aeb4ed3be004b7a0b3e681d43de66de6de8f35a5e9fb1bfa818d7b959284b,vqe_twolocal_8,VQE,8,62,0.0,0.0017300999988947297,0.0,0
b1_c64,1,64,success,exact,2,2,7,0,,0.0012108999999327352,0.00024760000087553635,0.0014585000008082716,18,16,0.11111111111111116,not_run_in_development_grid,9d28cb9bb42a70f9fa00e7efba94348562efdd144be3a7aef8382f0ab9e0b925,bv_5,Oracle,6,16,0.11111111111111116,0.0009393000000272878,0.0,1
b8_c64,8,64,success,exact,2,2,7,0,,0.0007402000010188203,0.0003598000002966728,0.0011000000013154931,18,16,0.11111111111111116,not_run_in_development_grid,9d28cb9bb42a70f9fa00e7efba94348562efdd144be3a7aef8382f0ab9e0b925,bv_5,Oracle,6,16,0.11111111111111116,0.0009393000000272878,0.0,1
b32_c64,32,64,success,exact,2,2,7,0,,0.0006756000002496876,0.0002266000010422431,0.0009022000012919307,18,16,0.11111111111111116,not_run_in_development_grid,9d28cb9bb42a70f9fa00e7efba94348562efdd144be3a7aef8382f0ab9e0b925,bv_5,Oracle,6,16,0.11111111111111116,0.0009393000000272878,0.0,1
b1_c256,1,256,success,exact,2,2,7,0,,0.0006733000009262469,0.00022419999913836364,0.0008975000000646105,18,16,0.11111111111111116,not_run_in_development_grid,9d28cb9bb42a70f9fa00e7efba94348562efdd144be3a7aef8382f0ab9e0b925,bv_5,Oracle,6,16,0.11111111111111116,0.0009393000000272878,0.0,1
b8_c256,8,256,success,exact,2,2,7,0,,0.0006704000006720889,0.00022170000011101365,0.0008921000007831026,18,16,0.11111111111111116,not_run_in_development_grid,9d28cb9bb42a70f9fa00e7efba94348562efdd144be3a7aef8382f0ab9e0b925,bv_5,Oracle,6,16,0.11111111111111116,0.0009393000000272878,0.0,1
b32_c256,32,256,success,exact,2,2,7,0,,0.0006699000005028211,0.00022790000002714805,0.0008978000005299691,18,16,0.11111111111111116,not_run_in_development_grid,9d28cb9bb42a70f9fa00e7efba94348562efdd144be3a7aef8382f0ab9e0b925,bv_5,Oracle,6,16,0.11111111111111116,0.0009393000000272878,0.0,1
b1_c64,1,64,success,exact,10,10,9,0,,0.00145899999915855,0.0002464000008330913,0.0017053999999916414,20,10,0.5,not_run_in_development_grid,50b395729f861742949308b817a01e0a10080914e86479b908b73eb2a45bdba8,bv_7,Oracle,8,10,0.5,0.0009879999997792765,0.0,1
b8_c64,8,64,success,exact,10,10,9,0,,0.0008853999988787109,0.00019609999981184956,0.0010814999986905605,20,10,0.5,not_run_in_development_grid,50b395729f861742949308b817a01e0a10080914e86479b908b73eb2a45bdba8,bv_7,Oracle,8,10,0.5,0.0009879999997792765,0.0,1
b32_c64,32,64,success,exact,10,10,9,0,,0.000849000000016531,0.00019350000002305023,0.0010425000000395812,20,10,0.5,not_run_in_development_grid,50b395729f861742949308b817a01e0a10080914e86479b908b73eb2a45bdba8,bv_7,Oracle,8,10,0.5,0.0009879999997792765,0.0,1
b1_c256,1,256,success,exact,10,10,9,0,,0.0010184000002482207,0.0001919999995152466,0.0012103999997634673,20,10,0.5,not_run_in_development_grid,50b395729f861742949308b817a01e0a10080914e86479b908b73eb2a45bdba8,bv_7,Oracle,8,10,0.5,0.0009879999997792765,0.0,1
b8_c256,8,256,success,exact,10,10,9,0,,0.0008029000000533415,0.00018980000095325522,0.0009927000010065967,20,10,0.5,not_run_in_development_grid,50b395729f861742949308b817a01e0a10080914e86479b908b73eb2a45bdba8,bv_7,Oracle,8,10,0.5,0.0009879999997792765,0.0,1
b32_c256,32,256,success,exact,10,10,9,0,,0.0011359000000084052,0.00025550000100338366,0.0013914000010117888,20,10,0.5,not_run_in_development_grid,50b395729f861742949308b817a01e0a10080914e86479b908b73eb2a45bdba8,bv_7,Oracle,8,10,0.5,0.0009879999997792765,0.0,1
b1_c64,1,64,success,exact_zero,0,0,5,0,,0.0008280999991256977,0.00016169999980775174,0.0009897999989334494,13,13,0.0,not_run_in_development_grid,3fb029699c8404b78c36d862792e62b0892de0e1c100f0d29978e2b9ce549abd,bv_3,Oracle,4,13,0.0,0.0003617999991547549,0.0,0
b8_c64,8,64,success,exact_zero,0,0,5,0,,0.000683000000208267,0.00015730000086477958,0.0008403000010730466,13,13,0.0,not_run_in_development_grid,3fb029699c8404b78c36d862792e62b0892de0e1c100f0d29978e2b9ce549abd,bv_3,Oracle,4,13,0.0,0.0003617999991547549,0.0,0
b32_c64,32,64,success,exact_zero,0,0,5,0,,0.0006940000002941815,0.00015719999828434084,0.0008511999985785224,13,13,0.0,not_run_in_development_grid,3fb029699c8404b78c36d862792e62b0892de0e1c100f0d29978e2b9ce549abd,bv_3,Oracle,4,13,0.0,0.0003617999991547549,0.0,0
b1_c256,1,256,success,exact_zero,0,0,5,0,,0.0006468999999924563,0.00015619999976479448,0.0008030999997572508,13,13,0.0,not_run_in_development_grid,3fb029699c8404b78c36d862792e62b0892de0e1c100f0d29978e2b9ce549abd,bv_3,Oracle,4,13,0.0,0.0003617999991547549,0.0,0
b8_c256,8,256,success,exact_zero,0,0,5,0,,0.0006568000007973751,0.00015329999951063655,0.0008101000003080117,13,13,0.0,not_run_in_development_grid,3fb029699c8404b78c36d862792e62b0892de0e1c100f0d29978e2b9ce549abd,bv_3,Oracle,4,13,0.0,0.0003617999991547549,0.0,0
b32_c256,32,256,success,exact_zero,0,0,5,0,,0.0006580000008398201,0.00025009999990288634,0.0009081000007427065,13,13,0.0,not_run_in_development_grid,3fb029699c8404b78c36d862792e62b0892de0e1c100f0d29978e2b9ce549abd,bv_3,Oracle,4,13,0.0,0.0003617999991547549,0.0,0
b1_c64,1,64,success,exact_zero,0,0,7,0,,0.0011014000010618474,0.001023900000291178,0.0021253000013530254,62,62,0.0,not_run_in_development_grid,3e0c8afaa2c7ac511c66cdc6f54a4f59ecec9d97e00b3f1ed0997592613b2ff4,vqe_twolocal_8,VQE,8,62,0.0,0.0028240000010555377,0.0,0
b8_c64,8,64,success,exact_zero,0,0,7,0,,0.0009331000001111533,0.0010445000007166527,0.001977600000827806,62,62,0.0,not_run_in_development_grid,3e0c8afaa2c7ac511c66cdc6f54a4f59ecec9d97e00b3f1ed0997592613b2ff4,vqe_twolocal_8,VQE,8,62,0.0,0.0028240000010555377,0.0,0
b32_c64,32,64,success,exact_zero,0,0,7,0,,0.0009773000001587206,0.0014640999997936888,0.0024413999999524094,62,62,0.0,not_run_in_development_grid,3e0c8afaa2c7ac511c66cdc6f54a4f59ecec9d97e00b3f1ed0997592613b2ff4,vqe_twolocal_8,VQE,8,62,0.0,0.0028240000010555377,0.0,0
b1_c256,1,256,success,exact_zero,0,0,7,0,,0.0009013999988383148,0.0010473000002093613,0.001948699999047676,62,62,0.0,not_run_in_development_grid,3e0c8afaa2c7ac511c66cdc6f54a4f59ecec9d97e00b3f1ed0997592613b2ff4,vqe_twolocal_8,VQE,8,62,0.0,0.0028240000010555377,0.0,0
b8_c256,8,256,success,exact_zero,0,0,7,0,,0.0008206000002246583,0.0010244000004604459,0.0018450000006851042,62,62,0.0,not_run_in_development_grid,3e0c8afaa2c7ac511c66cdc6f54a4f59ecec9d97e00b3f1ed0997592613b2ff4,vqe_twolocal_8,VQE,8,62,0.0,0.0028240000010555377,0.0,0
b32_c256,32,256,success,exact_zero,0,0,7,0,,0.001244000000951928,0.0011031000012735603,0.0023471000022254884,62,62,0.0,not_run_in_development_grid,3e0c8afaa2c7ac511c66cdc6f54a4f59ecec9d97e00b3f1ed0997592613b2ff4,vqe_twolocal_8,VQE,8,62,0.0,0.0028240000010555377,0.0,0
b1_c64,1,64,success,exact,120,120,51264,0,,1.134124599999268,0.03239719999874069,1.1665217999980086,1900,1780,0.06315789473684208,not_run_in_development_grid,3d81f170b70b37bcf04340d03252bc648978848cc80013b68533b757c45bbf0b,qwalk_5,QuantumWalk,6,1780,0.06315789473684208,0.05140449999817065,0.0,1
b8_c64,8,64,success,exact,120,120,51264,0,,6.931615200001033,0.034541400000307476,6.966156600001341,1900,1780,0.06315789473684208,not_run_in_development_grid,3d81f170b70b37bcf04340d03252bc648978848cc80013b68533b757c45bbf0b,qwalk_5,QuantumWalk,6,1780,0.06315789473684208,0.05140449999817065,0.0,1
b32_c64,32,64,success,exact,120,120,51264,0,,26.438201400000253,0.033793700000387616,26.47199510000064,1900,1780,0.06315789473684208,not_run_in_development_grid,3d81f170b70b37bcf04340d03252bc648978848cc80013b68533b757c45bbf0b,qwalk_5,QuantumWalk,6,1780,0.06315789473684208,0.05140449999817065,0.0,1
b1_c256,1,256,success,exact,120,120,51264,0,,1.0761469999997644,0.05638270000054035,1.1325297000003047,1900,1780,0.06315789473684208,not_run_in_development_grid,3d81f170b70b37bcf04340d03252bc648978848cc80013b68533b757c45bbf0b,qwalk_5,QuantumWalk,6,1780,0.06315789473684208,0.05140449999817065,0.0,1
b8_c256,8,256,success,exact,120,120,51264,0,,7.369389200001024,0.03191719999995257,7.401306400000976,1900,1780,0.06315789473684208,not_run_in_development_grid,3d81f170b70b37bcf04340d03252bc648978848cc80013b68533b757c45bbf0b,qwalk_5,QuantumWalk,6,1780,0.06315789473684208,0.05140449999817065,0.0,1
b32_c256,32,256,success,exact,120,120,51264,0,,25.168421500000477,0.058883899999273126,25.22730539999975,1900,1780,0.06315789473684208,not_run_in_development_grid,3d81f170b70b37bcf04340d03252bc648978848cc80013b68533b757c45bbf0b,qwalk_5,QuantumWalk,6,1780,0.06315789473684208,0.05140449999817065,0.0,1
b1_c64,1,64,success,exact,18,18,9799,0,,1.4013840999996319,0.01641109999945911,1.417795199999091,1122,1104,0.016042780748663055,not_run_in_development_grid,f5abe5e6eaa29a69e1bf7d01179729f0dbdaec8309b1956baf7cc1f60ae61b0a,grover_8,Grover,8,1104,0.016042780748663055,0.031088600000657607,0.0,1
b8_c64,8,64,success,exact,18,18,9799,0,,1.1461536000006163,0.017825900000389083,1.1639795000010054,1122,1104,0.016042780748663055,not_run_in_development_grid,f5abe5e6eaa29a69e1bf7d01179729f0dbdaec8309b1956baf7cc1f60ae61b0a,grover_8,Grover,8,1104,0.016042780748663055,0.031088600000657607,0.0,1
b32_c64,32,64,success,exact,18,18,9799,0,,1.086243400000967,0.0180344000000332,1.1042778000010003,1122,1104,0.016042780748663055,not_run_in_development_grid,f5abe5e6eaa29a69e1bf7d01179729f0dbdaec8309b1956baf7cc1f60ae61b0a,grover_8,Grover,8,1104,0.016042780748663055,0.031088600000657607,0.0,1
b1_c256,1,256,success,exact,18,18,9799,0,,1.1808972999988328,0.01747380000051635,1.198371099999349,1122,1104,0.016042780748663055,not_run_in_development_grid,f5abe5e6eaa29a69e1bf7d01179729f0dbdaec8309b1956baf7cc1f60ae61b0a,grover_8,Grover,8,1104,0.016042780748663055,0.031088600000657607,0.0,1
b8_c256,8,256,success,exact,18,18,9799,0,,1.091800099999091,0.017770500000551692,1.1095705999996426,1122,1104,0.016042780748663055,not_run_in_development_grid,f5abe5e6eaa29a69e1bf7d01179729f0dbdaec8309b1956baf7cc1f60ae61b0a,grover_8,Grover,8,1104,0.016042780748663055,0.031088600000657607,0.0,1
b32_c256,32,256,success,exact,18,18,9799,0,,1.1789831000005506,0.017708999999740627,1.1966921000002912,1122,1104,0.016042780748663055,not_run_in_development_grid,f5abe5e6eaa29a69e1bf7d01179729f0dbdaec8309b1956baf7cc1f60ae61b0a,grover_8,Grover,8,1104,0.016042780748663055,0.031088600000657607,0.0,1
b1_c64,1,64,success,exact_zero,0,0,11,0,,0.0009829000009631272,0.0003618000009737443,0.0013447000019368716,22,22,0.0,not_run_in_development_grid,dbf2ecc496a8a4f6e88f13828e776d93956e73b115d0ae52ddd4ce1fa1fc5605,hardware_eff_4,HardwareEfficient,4,22,0.0,0.0009714999978314154,0.0,0
b8_c64,8,64,success,exact_zero,0,0,11,0,,0.0007406000004266389,0.0003505000004224712,0.00109110000084911,22,22,0.0,not_run_in_development_grid,dbf2ecc496a8a4f6e88f13828e776d93956e73b115d0ae52ddd4ce1fa1fc5605,hardware_eff_4,HardwareEfficient,4,22,0.0,0.0009714999978314154,0.0,0
b32_c64,32,64,success,exact_zero,0,0,11,0,,0.0007548000012320699,0.0005514000004041009,0.0013062000016361708,22,22,0.0,not_run_in_development_grid,dbf2ecc496a8a4f6e88f13828e776d93956e73b115d0ae52ddd4ce1fa1fc5605,hardware_eff_4,HardwareEfficient,4,22,0.0,0.0009714999978314154,0.0,0
b1_c256,1,256,success,exact_zero,0,0,11,0,,0.0016128999995999038,0.00035769999885815196,0.0019705999984580558,22,22,0.0,not_run_in_development_grid,dbf2ecc496a8a4f6e88f13828e776d93956e73b115d0ae52ddd4ce1fa1fc5605,hardware_eff_4,HardwareEfficient,4,22,0.0,0.0009714999978314154,0.0,0
b8_c256,8,256,success,exact_zero,0,0,11,0,,0.0007353999990300508,0.0003464999990683282,0.001081899998098379,22,22,0.0,not_run_in_development_grid,dbf2ecc496a8a4f6e88f13828e776d93956e73b115d0ae52ddd4ce1fa1fc5605,hardware_eff_4,HardwareEfficient,4,22,0.0,0.0009714999978314154,0.0,0
b32_c256,32,256,success,exact_zero,0,0,11,0,,0.0006993999995756894,0.00034300000152143184,0.0010424000010971213,22,22,0.0,not_run_in_development_grid,dbf2ecc496a8a4f6e88f13828e776d93956e73b115d0ae52ddd4ce1fa1fc5605,hardware_eff_4,HardwareEfficient,4,22,0.0,0.0009714999978314154,0.0,0
b1_c64,1,64,success,truncated,252,128,1127757,62,conservative_overlap_check_budget_predicted:20000000:18299781,0.5183016999999381,0.21262600000045495,0.7309277000003931,12046,11794,0.0209198074049477,not_run_in_development_grid,fc9c0098d5d07331d9cb6faf263afc0d636a3b06394b50375880dd47fed4a931,qwalk_8,QuantumWalk,9,11794,0.0209198074049477,0.4095008999993297,0.0,1
b8_c64,8,64,success,truncated,252,128,1127757,62,conservative_overlap_check_budget_predicted:20000000:18299781,1.8973045000002458,0.21273680000012973,2.1100413000003755,12046,11794,0.0209198074049477,not_run_in_development_grid,fc9c0098d5d07331d9cb6faf263afc0d636a3b06394b50375880dd47fed4a931,qwalk_8,QuantumWalk,9,11794,0.0209198074049477,0.4095008999993297,0.0,1
b32_c64,32,64,success,truncated,252,128,1127757,62,conservative_overlap_check_budget_predicted:20000000:18299781,5.916149800001222,0.21535130000120262,6.131501100002424,12046,11794,0.0209198074049477,not_run_in_development_grid,fc9c0098d5d07331d9cb6faf263afc0d636a3b06394b50375880dd47fed4a931,qwalk_8,QuantumWalk,9,11794,0.0209198074049477,0.4095008999993297,0.0,1
b1_c256,1,256,success,exact,252,252,1127757,0,conservative_overlap_check_budget_predicted:20000000:18299781,0.5907201999998506,0.2460532000004605,0.8367734000003111,12046,11794,0.0209198074049477,not_run_in_development_grid,fc9c0098d5d07331d9cb6faf263afc0d636a3b06394b50375880dd47fed4a931,qwalk_8,QuantumWalk,9,11794,0.0209198074049477,0.4095008999993297,0.0,1
b8_c256,8,256,success,exact,252,252,1127757,0,conservative_overlap_check_budget_predicted:20000000:18299781,2.280609400000685,0.2326587000006839,2.513268100001369,12046,11794,0.0209198074049477,not_run_in_development_grid,fc9c0098d5d07331d9cb6faf263afc0d636a3b06394b50375880dd47fed4a931,qwalk_8,QuantumWalk,9,11794,0.0209198074049477,0.4095008999993297,0.0,1
b32_c256,32,256,success,exact,252,252,1127757,0,conservative_overlap_check_budget_predicted:20000000:18299781,8.909394199999952,0.26410870000108844,9.17350290000104,12046,11794,0.0209198074049477,not_run_in_development_grid,fc9c0098d5d07331d9cb6faf263afc0d636a3b06394b50375880dd47fed4a931,qwalk_8,QuantumWalk,9,11794,0.0209198074049477,0.4095008999993297,0.0,1
b1_c64,1,64,success,exact,14,14,58,0,,0.014546299998983159,0.0012854999986302573,0.015831799997613416,63,49,0.2222222222222222,not_run_in_development_grid,50d40ab13a27632abb0016ec2e9af6972f0134cee65529429f585010b7f83a33,clifford_8,RandomClifford,8,49,0.2222222222222222,0.0019713000001502223,0.0,1
b8_c64,8,64,success,exact,14,14,58,0,,0.009690799999589217,0.0006933999993634643,0.010384199998952681,63,49,0.2222222222222222,not_run_in_development_grid,50d40ab13a27632abb0016ec2e9af6972f0134cee65529429f585010b7f83a33,clifford_8,RandomClifford,8,49,0.2222222222222222,0.0019713000001502223,0.0,1
b32_c64,32,64,success,exact,14,14,58,0,,0.009450899999137619,0.0006928999991941964,0.010143799998331815,63,49,0.2222222222222222,not_run_in_development_grid,50d40ab13a27632abb0016ec2e9af6972f0134cee65529429f585010b7f83a33,clifford_8,RandomClifford,8,49,0.2222222222222222,0.0019713000001502223,0.0,1
b1_c256,1,256,success,exact,14,14,58,0,,0.00893270000051416,0.0007129999994504033,0.009645699999964563,63,49,0.2222222222222222,not_run_in_development_grid,50d40ab13a27632abb0016ec2e9af6972f0134cee65529429f585010b7f83a33,clifford_8,RandomClifford,8,49,0.2222222222222222,0.0019713000001502223,0.0,1
b8_c256,8,256,success,exact,14,14,58,0,,0.008920100000977982,0.0007186999991972698,0.009638800000175252,63,49,0.2222222222222222,not_run_in_development_grid,50d40ab13a27632abb0016ec2e9af6972f0134cee65529429f585010b7f83a33,clifford_8,RandomClifford,8,49,0.2222222222222222,0.0019713000001502223,0.0,1
b32_c256,32,256,success,exact,14,14,58,0,,0.01201039999978093,0.0010583999992377358,0.013068799999018665,63,49,0.2222222222222222,not_run_in_development_grid,50d40ab13a27632abb0016ec2e9af6972f0134cee65529429f585010b7f83a33,clifford_8,RandomClifford,8,49,0.2222222222222222,0.0019713000001502223,0.0,1
b1_c64,1,64,success,exact,8,8,7,0,,0.0009850999995251186,0.00020310000036261044,0.001188199999887729,15,7,0.5333333333333333,not_run_in_development_grid,4272cac3e6706df983c44985b044af11779366997597cd338541fc66ccef446f,bv_5,Oracle,6,7,0.5333333333333333,0.0006293000005825888,0.0,1
b8_c64,8,64,success,exact,8,8,7,0,,0.0008462999994662823,0.00017630000002100132,0.0010225999994872836,15,7,0.5333333333333333,not_run_in_development_grid,4272cac3e6706df983c44985b044af11779366997597cd338541fc66ccef446f,bv_5,Oracle,6,7,0.5333333333333333,0.0006293000005825888,0.0,1
b32_c64,32,64,success,exact,8,8,7,0,,0.000794399998994777,0.00016180000056920107,0.000956199999563978,15,7,0.5333333333333333,not_run_in_development_grid,4272cac3e6706df983c44985b044af11779366997597cd338541fc66ccef446f,bv_5,Oracle,6,7,0.5333333333333333,0.0006293000005825888,0.0,1
b1_c256,1,256,success,exact,8,8,7,0,,0.0008084000000962988,0.0002913000007538358,0.0010997000008501345,15,7,0.5333333333333333,not_run_in_development_grid,4272cac3e6706df983c44985b044af11779366997597cd338541fc66ccef446f,bv_5,Oracle,6,7,0.5333333333333333,0.0006293000005825888,0.0,1
b8_c256,8,256,success,exact,8,8,7,0,,0.0008584000006521819,0.00016219999997701962,0.0010206000006292015,15,7,0.5333333333333333,not_run_in_development_grid,4272cac3e6706df983c44985b044af11779366997597cd338541fc66ccef446f,bv_5,Oracle,6,7,0.5333333333333333,0.0006293000005825888,0.0,1
b32_c256,32,256,success,exact,8,8,7,0,,0.001363500001389184,0.0002590000003692694,0.0016225000017584534,15,7,0.5333333333333333,not_run_in_development_grid,4272cac3e6706df983c44985b044af11779366997597cd338541fc66ccef446f,bv_5,Oracle,6,7,0.5333333333333333,0.0006293000005825888,0.0,1
b1_c64,1,64,success,exact_zero,0,0,18,0,,0.0010891000001720386,0.0007557999997516163,0.0018448999999236548,30,30,0.0,not_run_in_development_grid,cdbe33fccd70c92e6cc7d2b7574511bac38dc61b4808e8978c79d8fe49b754db,qaoa_line_4,QAOA,4,30,0.0,0.0015045999989524717,0.0,0
b8_c64,8,64,success,exact_zero,0,0,18,0,,0.002018099999986589,0.0006073999993532198,0.0026254999993398087,30,30,0.0,not_run_in_development_grid,cdbe33fccd70c92e6cc7d2b7574511bac38dc61b4808e8978c79d8fe49b754db,qaoa_line_4,QAOA,4,30,0.0,0.0015045999989524717,0.0,0
b32_c64,32,64,success,exact_zero,0,0,18,0,,0.0009915999999066116,0.0005791000003227964,0.001570700000229408,30,30,0.0,not_run_in_development_grid,cdbe33fccd70c92e6cc7d2b7574511bac38dc61b4808e8978c79d8fe49b754db,qaoa_line_4,QAOA,4,30,0.0,0.0015045999989524717,0.0,0
b1_c256,1,256,success,exact_zero,0,0,18,0,,0.00802049999947485,0.0005565999999816995,0.00857709999945655,30,30,0.0,not_run_in_development_grid,cdbe33fccd70c92e6cc7d2b7574511bac38dc61b4808e8978c79d8fe49b754db,qaoa_line_4,QAOA,4,30,0.0,0.0015045999989524717,0.0,0
b8_c256,8,256,success,exact_zero,0,0,18,0,,0.000981000001047505,0.0005195000012463424,0.0015005000022938475,30,30,0.0,not_run_in_development_grid,cdbe33fccd70c92e6cc7d2b7574511bac38dc61b4808e8978c79d8fe49b754db,qaoa_line_4,QAOA,4,30,0.0,0.0015045999989524717,0.0,0
b32_c256,32,256,success,exact_zero,0,0,18,0,,0.0008350999996764585,0.0005063999997219071,0.0013414999993983656,30,30,0.0,not_run_in_development_grid,cdbe33fccd70c92e6cc7d2b7574511bac38dc61b4808e8978c79d8fe49b754db,qaoa_line_4,QAOA,4,30,0.0,0.0015045999989524717,0.0,0
b1_c64,1,64,success,exact_zero,0,0,822,0,,0.006268499999350752,0.0038418000003730413,0.010110299999723793,226,226,0.0,not_run_in_development_grid,9599f9974b14de7195d737812cbf1c818a7ceb9b98d68f8d815c350d4d59daaa,qwalk_3,QuantumWalk,4,226,0.0,0.006449600001360523,0.0,0
b8_c64,8,64,success,exact_zero,0,0,822,0,,0.00381799999922805,0.00814619999982824,0.01196419999905629,226,226,0.0,not_run_in_development_grid,9599f9974b14de7195d737812cbf1c818a7ceb9b98d68f8d815c350d4d59daaa,qwalk_3,QuantumWalk,4,226,0.0,0.006449600001360523,0.0,0
b32_c64,32,64,success,exact_zero,0,0,822,0,,0.006461699998908443,0.0028621000001294306,0.009323799999037874,226,226,0.0,not_run_in_development_grid,9599f9974b14de7195d737812cbf1c818a7ceb9b98d68f8d815c350d4d59daaa,qwalk_3,QuantumWalk,4,226,0.0,0.006449600001360523,0.0,0
b1_c256,1,256,success,exact_zero,0,0,822,0,,0.003860000000713626,0.002793399999063695,0.006653399999777321,226,226,0.0,not_run_in_development_grid,9599f9974b14de7195d737812cbf1c818a7ceb9b98d68f8d815c350d4d59daaa,qwalk_3,QuantumWalk,4,226,0.0,0.006449600001360523,0.0,0
b8_c256,8,256,success,exact_zero,0,0,822,0,,0.003810100000919192,0.004751100001158193,0.008561200002077385,226,226,0.0,not_run_in_development_grid,9599f9974b14de7195d737812cbf1c818a7ceb9b98d68f8d815c350d4d59daaa,qwalk_3,QuantumWalk,4,226,0.0,0.006449600001360523,0.0,0
b32_c256,32,256,success,exact_zero,0,0,822,0,,0.003330100000312086,0.002958299999590963,0.006288399999903049,226,226,0.0,not_run_in_development_grid,9599f9974b14de7195d737812cbf1c818a7ceb9b98d68f8d815c350d4d59daaa,qwalk_3,QuantumWalk,4,226,0.0,0.006449600001360523,0.0,0
b1_c64,1,64,success,exact,3,3,2444,0,,0.012506900000516907,0.011878399998749956,0.024385299999266863,275,272,0.010909090909090868,not_run_in_development_grid,01a23834d951decd141adabe1307f2ad87488faaf5ff243ee1ed65f08cf396e8,haar_4,HaarRandom,4,275,0.0,0.013559499999246327,1.0909090909090868,1
b8_c64,8,64,success,exact,3,3,2444,0,,0.012636100000236183,0.01539749999938067,0.028033599999616854,275,272,0.010909090909090868,not_run_in_development_grid,01a23834d951decd141adabe1307f2ad87488faaf5ff243ee1ed65f08cf396e8,haar_4,HaarRandom,4,275,0.0,0.013559499999246327,1.0909090909090868,1
b32_c64,32,64,success,exact,3,3,2444,0,,0.0077158000003691996,0.011250200001086341,0.01896600000145554,275,272,0.010909090909090868,not_run_in_development_grid,01a23834d951decd141adabe1307f2ad87488faaf5ff243ee1ed65f08cf396e8,haar_4,HaarRandom,4,275,0.0,0.013559499999246327,1.0909090909090868,1
b1_c256,1,256,success,exact,3,3,2444,0,,0.008060000000114087,0.0139218999993318,0.021981899999445886,275,272,0.010909090909090868,not_run_in_development_grid,01a23834d951decd141adabe1307f2ad87488faaf5ff243ee1ed65f08cf396e8,haar_4,HaarRandom,4,275,0.0,0.013559499999246327,1.0909090909090868,1
b8_c256,8,256,success,exact,3,3,2444,0,,0.010133899999345886,0.013931699999375269,0.024065599998721154,275,272,0.010909090909090868,not_run_in_development_grid,01a23834d951decd141adabe1307f2ad87488faaf5ff243ee1ed65f08cf396e8,haar_4,HaarRandom,4,275,0.0,0.013559499999246327,1.0909090909090868,1
b32_c256,32,256,success,exact,3,3,2444,0,,0.013563299999077572,0.01130639999973937,0.02486969999881694,275,272,0.010909090909090868,not_run_in_development_grid,01a23834d951decd141adabe1307f2ad87488faaf5ff243ee1ed65f08cf396e8,haar_4,HaarRandom,4,275,0.0,0.013559499999246327,1.0909090909090868,1
b1_c64,1,64,success,exact,4,4,6,0,,0.0013740000013058307,0.0003073999996558996,0.0016814000009617303,14,10,0.2857142857142857,not_run_in_development_grid,f82545ab8dd2e124bb20b12a2943a1f6d29666837c03c9275f4c803dc1929c72,bv_4,Oracle,5,10,0.2857142857142857,0.0007588999997096835,0.0,1
b8_c64,8,64,success,exact,4,4,6,0,,0.0013148999987606658,0.00034109999978682026,0.001655999998547486,14,10,0.2857142857142857,not_run_in_development_grid,f82545ab8dd2e124bb20b12a2943a1f6d29666837c03c9275f4c803dc1929c72,bv_4,Oracle,5,10,0.2857142857142857,0.0007588999997096835,0.0,1
b32_c64,32,64,success,exact,4,4,6,0,,0.0017865999998321058,0.00039629999992030207,0.002182899999752408,14,10,0.2857142857142857,not_run_in_development_grid,f82545ab8dd2e124bb20b12a2943a1f6d29666837c03c9275f4c803dc1929c72,bv_4,Oracle,5,10,0.2857142857142857,0.0007588999997096835,0.0,1
b1_c256,1,256,success,exact,4,4,6,0,,0.0013930000004620524,0.00019299999985378236,0.0015860000003158348,14,10,0.2857142857142857,not_run_in_development_grid,f82545ab8dd2e124bb20b12a2943a1f6d29666837c03c9275f4c803dc1929c72,bv_4,Oracle,5,10,0.2857142857142857,0.0007588999997096835,0.0,1
b8_c256,8,256,success,exact,4,4,6,0,,0.0008409000001847744,0.00019249999968451448,0.0010333999998692889,14,10,0.2857142857142857,not_run_in_development_grid,f82545ab8dd2e124bb20b12a2943a1f6d29666837c03c9275f4c803dc1929c72,bv_4,Oracle,5,10,0.2857142857142857,0.0007588999997096835,0.0,1
b32_c256,32,256,success,exact,4,4,6,0,,0.0008777000002737623,0.00018799999998009298,0.0010657000002538553,14,10,0.2857142857142857,not_run_in_development_grid,f82545ab8dd2e124bb20b12a2943a1f6d29666837c03c9275f4c803dc1929c72,bv_4,Oracle,5,10,0.2857142857142857,0.0007588999997096835,0.0,1
b1_c64,1,64,success,exact,8,8,16,0,,0.0017815000010159565,0.0006427000007533934,0.00242420000176935,32,24,0.25,not_run_in_development_grid,59b729dbea5b2457f083d3577ed253a3b4f24dfc11f1e185af454468b65fb400,clifford_4,RandomClifford,4,26,0.1875,0.0019592999979067827,6.25,1
b8_c64,8,64,success,exact,8,8,16,0,,0.0010786999991978519,0.0003389999983482994,0.0014176999975461513,32,24,0.25,not_run_in_development_grid,59b729dbea5b2457f083d3577ed253a3b4f24dfc11f1e185af454468b65fb400,clifford_4,RandomClifford,4,26,0.1875,0.0019592999979067827,6.25,1
b32_c64,32,64,success,exact,8,8,16,0,,0.0008663999997224892,0.00032110000029206276,0.001187500000014552,32,24,0.25,not_run_in_development_grid,59b729dbea5b2457f083d3577ed253a3b4f24dfc11f1e185af454468b65fb400,clifford_4,RandomClifford,4,26,0.1875,0.0019592999979067827,6.25,1
b1_c256,1,256,success,exact,8,8,16,0,,0.0009320000008301577,0.0004938999991281889,0.0014258999999583466,32,24,0.25,not_run_in_development_grid,59b729dbea5b2457f083d3577ed253a3b4f24dfc11f1e185af454468b65fb400,clifford_4,RandomClifford,4,26,0.1875,0.0019592999979067827,6.25,1
b8_c256,8,256,success,exact,8,8,16,0,,0.0020803000006708317,0.000515800000357558,0.0025961000010283897,32,24,0.25,not_run_in_development_grid,59b729dbea5b2457f083d3577ed253a3b4f24dfc11f1e185af454468b65fb400,clifford_4,RandomClifford,4,26,0.1875,0.0019592999979067827,6.25,1
b32_c256,32,256,success,exact,8,8,16,0,,0.0011819999999715947,0.0003268000000389293,0.001508800000010524,32,24,0.25,not_run_in_development_grid,59b729dbea5b2457f083d3577ed253a3b4f24dfc11f1e185af454468b65fb400,clifford_4,RandomClifford,4,26,0.1875,0.0019592999979067827,6.25,1
b1_c64,1,64,success,exact_zero,0,0,1,0,,0.0008003000002645422,0.00011699999959091656,0.0009172999998554587,7,7,0.0,not_run_in_development_grid,7de15138171180eddd35e0f29e3e3ce11f0b20302daab2bc45c5be3302e9cf4d,surface_code_4,SurfaceCode,5,7,0.0,0.0005127000003994908,0.0,0
b8_c64,8,64,success,exact_zero,0,0,1,0,,0.0007411999995383667,0.00020709999989776406,0.0009482999994361307,7,7,0.0,not_run_in_development_grid,7de15138171180eddd35e0f29e3e3ce11f0b20302daab2bc45c5be3302e9cf4d,surface_code_4,SurfaceCode,5,7,0.0,0.0005127000003994908,0.0,0
b32_c64,32,64,success,exact_zero,0,0,1,0,,0.001947999999174499,0.0002432000001135748,0.0021911999992880737,7,7,0.0,not_run_in_development_grid,7de15138171180eddd35e0f29e3e3ce11f0b20302daab2bc45c5be3302e9cf4d,surface_code_4,SurfaceCode,5,7,0.0,0.0005127000003994908,0.0,0
b1_c256,1,256,success,exact_zero,0,0,1,0,,0.0010686999994504731,0.00013480000052368268,0.0012034999999741558,7,7,0.0,not_run_in_development_grid,7de15138171180eddd35e0f29e3e3ce11f0b20302daab2bc45c5be3302e9cf4d,surface_code_4,SurfaceCode,5,7,0.0,0.0005127000003994908,0.0,0
b8_c256,8,256,success,exact_zero,0,0,1,0,,0.0007497000005969312,0.00011900000026798807,0.0008687000008649193,7,7,0.0,not_run_in_development_grid,7de15138171180eddd35e0f29e3e3ce11f0b20302daab2bc45c5be3302e9cf4d,surface_code_4,SurfaceCode,5,7,0.0,0.0005127000003994908,0.0,0
b32_c256,32,256,success,exact_zero,0,0,1,0,,0.0007010999997874023,0.00011199999971722718,0.0008130999995046295,7,7,0.0,not_run_in_development_grid,7de15138171180eddd35e0f29e3e3ce11f0b20302daab2bc45c5be3302e9cf4d,surface_code_4,SurfaceCode,5,7,0.0,0.0005127000003994908,0.0,0
b1_c64,1,64,success,exact,4,4,24,0,,0.0028497000002971618,0.0009543999985908158,0.0038040999988879776,46,42,0.08695652173913049,not_run_in_development_grid,28bfaeeecb293e1f876f9558f967228672ed62c635b047fed680c0fd03f9b918,clifford_6,RandomClifford,6,42,0.08695652173913049,0.0009332999998150626,0.0,1
b8_c64,8,64,success,exact,4,4,24,0,,0.0013348000011319527,0.0005304999995132675,0.0018653000006452203,46,42,0.08695652173913049,not_run_in_development_grid,28bfaeeecb293e1f876f9558f967228672ed62c635b047fed680c0fd03f9b918,clifford_6,RandomClifford,6,42,0.08695652173913049,0.0009332999998150626,0.0,1
b32_c64,32,64,success,exact,4,4,24,0,,0.000915099999474478,0.000502799999594572,0.00141789999906905,46,42,0.08695652173913049,not_run_in_development_grid,28bfaeeecb293e1f876f9558f967228672ed62c635b047fed680c0fd03f9b918,clifford_6,RandomClifford,6,42,0.08695652173913049,0.0009332999998150626,0.0,1
b1_c256,1,256,success,exact,4,4,24,0,,0.0008655000001454027,0.0008374999997613486,0.0017029999999067513,46,42,0.08695652173913049,not_run_in_development_grid,28bfaeeecb293e1f876f9558f967228672ed62c635b047fed680c0fd03f9b918,clifford_6,RandomClifford,6,42,0.08695652173913049,0.0009332999998150626,0.0,1
b8_c256,8,256,success,exact,4,4,24,0,,0.0020898000002489425,0.0006255000007513445,0.002715300001000287,46,42,0.08695652173913049,not_run_in_development_grid,28bfaeeecb293e1f876f9558f967228672ed62c635b047fed680c0fd03f9b918,clifford_6,RandomClifford,6,42,0.08695652173913049,0.0009332999998150626,0.0,1
b32_c256,32,256,success,exact,4,4,24,0,,0.0012757000004057772,0.0005132999995112186,0.0017889999999169959,46,42,0.08695652173913049,not_run_in_development_grid,28bfaeeecb293e1f876f9558f967228672ed62c635b047fed680c0fd03f9b918,clifford_6,RandomClifford,6,42,0.08695652173913049,0.0009332999998150626,0.0,1
b1_c64,1,64,success,exact,2,2,47,0,,0.0009465999992244178,0.0013853000000381144,0.0023318999992625322,28,26,0.0714285714285714,not_run_in_development_grid,de6c0eaa11dbb8cb038759ba22e2ae33584fddad76d7f93a185f16b9e2034ea9,uccsd_4,UCCSD_inspired,4,26,0.0714285714285714,0.0010628999989421573,0.0,1
b8_c64,8,64,success,exact,2,2,47,0,,0.0017102999991038814,0.001246900001206086,0.0029572000003099674,28,26,0.0714285714285714,not_run_in_development_grid,de6c0eaa11dbb8cb038759ba22e2ae33584fddad76d7f93a185f16b9e2034ea9,uccsd_4,UCCSD_inspired,4,26,0.0714285714285714,0.0010628999989421573,0.0,1
b32_c64,32,64,success,exact,2,2,47,0,,0.0011309999990771757,0.0006456000010075513,0.001776600000084727,28,26,0.0714285714285714,not_run_in_development_grid,de6c0eaa11dbb8cb038759ba22e2ae33584fddad76d7f93a185f16b9e2034ea9,uccsd_4,UCCSD_inspired,4,26,0.0714285714285714,0.0010628999989421573,0.0,1
b1_c256,1,256,success,exact,2,2,47,0,,0.0009420999995199963,0.00065080000058515,0.0015929000001051463,28,26,0.0714285714285714,not_run_in_development_grid,de6c0eaa11dbb8cb038759ba22e2ae33584fddad76d7f93a185f16b9e2034ea9,uccsd_4,UCCSD_inspired,4,26,0.0714285714285714,0.0010628999989421573,0.0,1
b8_c256,8,256,success,exact,2,2,47,0,,0.0009170000012090895,0.0014174000007187715,0.002334400001927861,28,26,0.0714285714285714,not_run_in_development_grid,de6c0eaa11dbb8cb038759ba22e2ae33584fddad76d7f93a185f16b9e2034ea9,uccsd_4,UCCSD_inspired,4,26,0.0714285714285714,0.0010628999989421573,0.0,1
b32_c256,32,256,success,exact,2,2,47,0,,0.001759499999025138,0.0006888999996590428,0.002448399998684181,28,26,0.0714285714285714,not_run_in_development_grid,de6c0eaa11dbb8cb038759ba22e2ae33584fddad76d7f93a185f16b9e2034ea9,uccsd_4,UCCSD_inspired,4,26,0.0714285714285714,0.0010628999989421573,0.0,1
b1_c64,1,64,success,exact_zero,0,0,0,0,,0.0008968000001914334,0.00023800000053597614,0.0011348000007274095,17,17,0.0,not_run_in_development_grid,437020e3b14d16381ddae29b4c8219401888281530fe7a429e0e50cdf87b176c,adder_8,Adder,10,17,0.0,0.0005394999989221105,0.0,0
b8_c64,8,64,success,exact_zero,0,0,0,0,,0.0007721999991190387,0.00022929999977350235,0.001001499998892541,17,17,0.0,not_run_in_development_grid,437020e3b14d16381ddae29b4c8219401888281530fe7a429e0e50cdf87b176c,adder_8,Adder,10,17,0.0,0.0005394999989221105,0.0,0
b32_c64,32,64,success,exact_zero,0,0,0,0,,0.0015282999993360136,0.0006859000004624249,0.0022141999997984385,17,17,0.0,not_run_in_development_grid,437020e3b14d16381ddae29b4c8219401888281530fe7a429e0e50cdf87b176c,adder_8,Adder,10,17,0.0,0.0005394999989221105,0.0,0
b1_c256,1,256,success,exact_zero,0,0,0,0,,0.0014795999995840248,0.00022979999994277023,0.001709399999526795,17,17,0.0,not_run_in_development_grid,437020e3b14d16381ddae29b4c8219401888281530fe7a429e0e50cdf87b176c,adder_8,Adder,10,17,0.0,0.0005394999989221105,0.0,0
b8_c256,8,256,success,exact_zero,0,0,0,0,,0.0008010999990801793,0.00022489999901154079,0.00102599999809172,17,17,0.0,not_run_in_development_grid,437020e3b14d16381ddae29b4c8219401888281530fe7a429e0e50cdf87b176c,adder_8,Adder,10,17,0.0,0.0005394999989221105,0.0,0
b32_c256,32,256,success,exact_zero,0,0,0,0,,0.0007132999999157619,0.00021669999841833487,0.0009299999983340967,17,17,0.0,not_run_in_development_grid,437020e3b14d16381ddae29b4c8219401888281530fe7a429e0e50cdf87b176c,adder_8,Adder,10,17,0.0,0.0005394999989221105,0.0,0
b1_c64,1,64,success,exact_zero,0,0,0,0,,0.0007632000015291851,8.70000003487803e-05,0.0008502000018779654,4,4,0.0,not_run_in_development_grid,632a65a86fd9bfab17ccedbd10b32b45490cc33030a23af0d675ad3e8ad7a445,ghz_4,GHZ,4,4,0.0,0.00021290000040607993,0.0,0
b8_c64,8,64,success,exact_zero,0,0,0,0,,0.0012337999996816507,0.00020869999934802763,0.0014424999990296783,4,4,0.0,not_run_in_development_grid,632a65a86fd9bfab17ccedbd10b32b45490cc33030a23af0d675ad3e8ad7a445,ghz_4,GHZ,4,4,0.0,0.00021290000040607993,0.0,0
b32_c64,32,64,success,exact_zero,0,0,0,0,,0.0015848000002733897,0.00011559999984456226,0.001700400000117952,4,4,0.0,not_run_in_development_grid,632a65a86fd9bfab17ccedbd10b32b45490cc33030a23af0d675ad3e8ad7a445,ghz_4,GHZ,4,4,0.0,0.00021290000040607993,0.0,0
b1_c256,1,256,success,exact_zero,0,0,0,0,,0.0010420999988127733,0.00010199999996984843,0.0011440999987826217,4,4,0.0,not_run_in_development_grid,632a65a86fd9bfab17ccedbd10b32b45490cc33030a23af0d675ad3e8ad7a445,ghz_4,GHZ,4,4,0.0,0.00021290000040607993,0.0,0
b8_c256,8,256,success,exact_zero,0,0,0,0,,0.0007845000000088476,9.549999958835542e-05,0.000879999999597203,4,4,0.0,not_run_in_development_grid,632a65a86fd9bfab17ccedbd10b32b45490cc33030a23af0d675ad3e8ad7a445,ghz_4,GHZ,4,4,0.0,0.00021290000040607993,0.0,0
b32_c256,32,256,success,exact_zero,0,0,0,0,,0.0006981000005907845,9.28999997995561e-05,0.0007910000003903406,4,4,0.0,not_run_in_development_grid,632a65a86fd9bfab17ccedbd10b32b45490cc33030a23af0d675ad3e8ad7a445,ghz_4,GHZ,4,4,0.0,0.00021290000040607993,0.0,0
b1_c64,1,64,success,exact,8,8,8,0,,0.0018486999997548992,0.00029150000045774505,0.0021402000002126442,18,10,0.4444444444444444,not_run_in_development_grid,600a25f9f932f78c6da4a944f24dd2405d8beeea9631fa80ab0ba450ccbf7277,bv_6,Oracle,7,10,0.4444444444444444,0.0007394000003841938,0.0,1
b8_c64,8,64,success,exact,8,8,8,0,,0.0015072999995027203,0.00023259999943547882,0.0017398999989381991,18,10,0.4444444444444444,not_run_in_development_grid,600a25f9f932f78c6da4a944f24dd2405d8beeea9631fa80ab0ba450ccbf7277,bv_6,Oracle,7,10,0.4444444444444444,0.0007394000003841938,0.0,1
b32_c64,32,64,success,exact,8,8,8,0,,0.0010088999988511205,0.00019909999900846742,0.001207999997859588,18,10,0.4444444444444444,not_run_in_development_grid,600a25f9f932f78c6da4a944f24dd2405d8beeea9631fa80ab0ba450ccbf7277,bv_6,Oracle,7,10,0.4444444444444444,0.0007394000003841938,0.0,1
b1_c256,1,256,success,exact,8,8,8,0,,0.0008158000000548782,0.00018970000019180588,0.001005500000246684,18,10,0.4444444444444444,not_run_in_development_grid,600a25f9f932f78c6da4a944f24dd2405d8beeea9631fa80ab0ba450ccbf7277,bv_6,Oracle,7,10,0.4444444444444444,0.0007394000003841938,0.0,1
b8_c256,8,256,success,exact,8,8,8,0,,0.0009618000003683846,0.0001885999990918208,0.0011503999994602054,18,10,0.4444444444444444,not_run_in_development_grid,600a25f9f932f78c6da4a944f24dd2405d8beeea9631fa80ab0ba450ccbf7277,bv_6,Oracle,7,10,0.4444444444444444,0.0007394000003841938,0.0,1
b32_c256,32,256,success,exact,8,8,8,0,,0.000799699999333825,0.0003696999992826022,0.0011693999986164272,18,10,0.4444444444444444,not_run_in_development_grid,600a25f9f932f78c6da4a944f24dd2405d8beeea9631fa80ab0ba450ccbf7277,bv_6,Oracle,7,10,0.4444444444444444,0.0007394000003841938,0.0,1
b1_c64,1,64,success,exact,8,8,8,0,,0.0011561000010260614,0.00021259999994072132,0.0013687000009667827,18,10,0.4444444444444444,not_run_in_development_grid,0ed63ca188a0b57909ea58f75b874bc3ffbc1cf811ad49c73522148c5bd18b55,bv_6,Oracle,7,10,0.4444444444444444,0.0007452000008925097,0.0,1
b8_c64,8,64,success,exact,8,8,8,0,,0.000813900000139256,0.0001933999992616009,0.001007299999400857,18,10,0.4444444444444444,not_run_in_development_grid,0ed63ca188a0b57909ea58f75b874bc3ffbc1cf811ad49c73522148c5bd18b55,bv_6,Oracle,7,10,0.4444444444444444,0.0007452000008925097,0.0,1
b32_c64,32,64,success,exact,8,8,8,0,,0.000751900000977912,0.0001933999992616009,0.0009453000002395129,18,10,0.4444444444444444,not_run_in_development_grid,0ed63ca188a0b57909ea58f75b874bc3ffbc1cf811ad49c73522148c5bd18b55,bv_6,Oracle,7,10,0.4444444444444444,0.0007452000008925097,0.0,1
b1_c256,1,256,success,exact,8,8,8,0,,0.0007421999998769024,0.00019139999858452938,0.0009335999984614318,18,10,0.4444444444444444,not_run_in_development_grid,0ed63ca188a0b57909ea58f75b874bc3ffbc1cf811ad49c73522148c5bd18b55,bv_6,Oracle,7,10,0.4444444444444444,0.0007452000008925097,0.0,1
b8_c256,8,256,success,exact,8,8,8,0,,0.0007650000006833579,0.0005696999996871455,0.0013347000003705034,18,10,0.4444444444444444,not_run_in_development_grid,0ed63ca188a0b57909ea58f75b874bc3ffbc1cf811ad49c73522148c5bd18b55,bv_6,Oracle,7,10,0.4444444444444444,0.0007452000008925097,0.0,1
b32_c256,32,256,success,exact,8,8,8,0,,0.0016015000001061708,0.0004310000003897585,0.0020325000004959293,18,10,0.4444444444444444,not_run_in_development_grid,0ed63ca188a0b57909ea58f75b874bc3ffbc1cf811ad49c73522148c5bd18b55,bv_6,Oracle,7,10,0.4444444444444444,0.0007452000008925097,0.0,1
b1_c64,1,64,success,exact,8,8,10,0,,0.0009570999991410645,0.0004045999994559679,0.0013616999985970324,24,16,0.33333333333333337,not_run_in_development_grid,e5bbbd1f18635ae8322525fdc27639ee5570adb4ddc5f530d7a8cb95f2790501,bv_8,Oracle,9,16,0.33333333333333337,0.001097700000173063,0.0,1
b8_c64,8,64,success,exact,8,8,10,0,,0.002047800000582356,0.0005596000009973068,0.002607400001579663,24,16,0.33333333333333337,not_run_in_development_grid,e5bbbd1f18635ae8322525fdc27639ee5570adb4ddc5f530d7a8cb95f2790501,bv_8,Oracle,9,16,0.33333333333333337,0.001097700000173063,0.0,1
b32_c64,32,64,success,exact,8,8,10,0,,0.0016553000004932983,0.0003434000009292504,0.0019987000014225487,24,16,0.33333333333333337,not_run_in_development_grid,e5bbbd1f18635ae8322525fdc27639ee5570adb4ddc5f530d7a8cb95f2790501,bv_8,Oracle,9,16,0.33333333333333337,0.001097700000173063,0.0,1
b1_c256,1,256,success,exact,8,8,10,0,,0.0014405000001715962,0.00037259999953676015,0.0018130999997083563,24,16,0.33333333333333337,not_run_in_development_grid,e5bbbd1f18635ae8322525fdc27639ee5570adb4ddc5f530d7a8cb95f2790501,bv_8,Oracle,9,16,0.33333333333333337,0.001097700000173063,0.0,1
b8_c256,8,256,success,exact,8,8,10,0,,0.0010302000009687617,0.0007528999994974583,0.00178310000046622,24,16,0.33333333333333337,not_run_in_development_grid,e5bbbd1f18635ae8322525fdc27639ee5570adb4ddc5f530d7a8cb95f2790501,bv_8,Oracle,9,16,0.33333333333333337,0.001097700000173063,0.0,1
b32_c256,32,256,success,exact,8,8,10,0,,0.002469099999871105,0.00042409999878145754,0.0028931999986525625,24,16,0.33333333333333337,not_run_in_development_grid,e5bbbd1f18635ae8322525fdc27639ee5570adb4ddc5f530d7a8cb95f2790501,bv_8,Oracle,9,16,0.33333333333333337,0.001097700000173063,0.0,1
b1_c64,1,64,success,exact,8,8,136,0,,0.0028531000007205876,0.0013479999997798586,0.004201100000500446,90,82,0.0888888888888889,not_run_in_development_grid,46b9db66decc06088531b47b8ebb2df981fb151806949067077d84375b800a37,grover_4,Grover,4,82,0.0888888888888889,0.0039819999983592425,0.0,1
b8_c64,8,64,success,exact,8,8,136,0,,0.004423500000484637,0.001437400000213529,0.005860900000698166,90,82,0.0888888888888889,not_run_in_development_grid,46b9db66decc06088531b47b8ebb2df981fb151806949067077d84375b800a37,grover_4,Grover,4,82,0.0888888888888889,0.0039819999983592425,0.0,1
b32_c64,32,64,success,exact,8,8,136,0,,0.0029448999994201586,0.001818700000512763,0.0047635999999329215,90,82,0.0888888888888889,not_run_in_development_grid,46b9db66decc06088531b47b8ebb2df981fb151806949067077d84375b800a37,grover_4,Grover,4,82,0.0888888888888889,0.0039819999983592425,0.0,1
b1_c256,1,256,success,exact,8,8,136,0,,0.0044296000014583115,0.0013866000008420087,0.00581620000230032,90,82,0.0888888888888889,not_run_in_development_grid,46b9db66decc06088531b47b8ebb2df981fb151806949067077d84375b800a37,grover_4,Grover,4,82,0.0888888888888889,0.0039819999983592425,0.0,1
b8_c256,8,256,success,exact,8,8,136,0,,0.0027567000015551457,0.0023491000010835705,0.005105800002638716,90,82,0.0888888888888889,not_run_in_development_grid,46b9db66decc06088531b47b8ebb2df981fb151806949067077d84375b800a37,grover_4,Grover,4,82,0.0888888888888889,0.0039819999983592425,0.0,1
b32_c256,32,256,success,exact,8,8,136,0,,0.003619799999796669,0.001310100000409875,0.004929900000206544,90,82,0.0888888888888889,not_run_in_development_grid,46b9db66decc06088531b47b8ebb2df981fb151806949067077d84375b800a37,grover_4,Grover,4,82,0.0888888888888889,0.0039819999983592425,0.0,1
b1_c64,1,64,success,exact_zero,0,0,5,0,,0.0013715999994019512,0.0008766000009927666,0.002248200000394718,46,46,0.0,not_run_in_development_grid,e088528b02a19eec385f62f0fcc85a3229fa96910264b09991adb2dcc6fd3870,vqe_twolocal_6,VQE,6,46,0.0,0.002336900000955211,0.0,0
b8_c64,8,64,success,exact_zero,0,0,5,0,,0.0009418999998160871,0.0008364000004803529,0.00177830000029644,46,46,0.0,not_run_in_development_grid,e088528b02a19eec385f62f0fcc85a3229fa96910264b09991adb2dcc6fd3870,vqe_twolocal_6,VQE,6,46,0.0,0.002336900000955211,0.0,0
b32_c64,32,64,success,exact_zero,0,0,5,0,,0.0008784000001469394,0.0011539999995875405,0.00203239999973448,46,46,0.0,not_run_in_development_grid,e088528b02a19eec385f62f0fcc85a3229fa96910264b09991adb2dcc6fd3870,vqe_twolocal_6,VQE,6,46,0.0,0.002336900000955211,0.0,0
b1_c256,1,256,success,exact_zero,0,0,5,0,,0.0024581999987276504,0.0009003000013763085,0.003358500000103959,46,46,0.0,not_run_in_development_grid,e088528b02a19eec385f62f0fcc85a3229fa96910264b09991adb2dcc6fd3870,vqe_twolocal_6,VQE,6,46,0.0,0.002336900000955211,0.0,0
b8_c256,8,256,success,exact_zero,0,0,5,0,,0.0010498999999981606,0.0008569000001443783,0.001906800000142539,46,46,0.0,not_run_in_development_grid,e088528b02a19eec385f62f0fcc85a3229fa96910264b09991adb2dcc6fd3870,vqe_twolocal_6,VQE,6,46,0.0,0.002336900000955211,0.0,0
b32_c256,32,256,success,exact_zero,0,0,5,0,,0.0010225999994872836,0.0008361000000149943,0.001858699999502278,46,46,0.0,not_run_in_development_grid,e088528b02a19eec385f62f0fcc85a3229fa96910264b09991adb2dcc6fd3870,vqe_twolocal_6,VQE,6,46,0.0,0.002336900000955211,0.0,0
b1_c64,1,64,success,exact_zero,0,0,1,0,,0.0013603999996121274,0.00017139999908977188,0.0015317999987018993,10,10,0.0,not_run_in_development_grid,3aae783a820f49c9540e519d2e0530dfc7772f6fca9d6281bb75cb295af6f03e,surface_code_6,SurfaceCode,7,10,0.0,0.000807399999757763,0.0,0
b8_c64,8,64,success,exact_zero,0,0,1,0,,0.0008009000011952594,0.00016070000128820539,0.0009616000024834648,10,10,0.0,not_run_in_development_grid,3aae783a820f49c9540e519d2e0530dfc7772f6fca9d6281bb75cb295af6f03e,surface_code_6,SurfaceCode,7,10,0.0,0.000807399999757763,0.0,0
b32_c64,32,64,success,exact_zero,0,0,1,0,,0.0007201999997050734,0.00015130000065255444,0.0008715000003576279,10,10,0.0,not_run_in_development_grid,3aae783a820f49c9540e519d2e0530dfc7772f6fca9d6281bb75cb295af6f03e,surface_code_6,SurfaceCode,7,10,0.0,0.000807399999757763,0.0,0
b1_c256,1,256,success,exact_zero,0,0,1,0,,0.0007232000007206807,0.00014800000099057797,0.0008712000017112587,10,10,0.0,not_run_in_development_grid,3aae783a820f49c9540e519d2e0530dfc7772f6fca9d6281bb75cb295af6f03e,surface_code_6,SurfaceCode,7,10,0.0,0.000807399999757763,0.0,0
b8_c256,8,256,success,exact_zero,0,0,1,0,,0.0007453999987774296,0.00014880000162520446,0.000894200000402634,10,10,0.0,not_run_in_development_grid,3aae783a820f49c9540e519d2e0530dfc7772f6fca9d6281bb75cb295af6f03e,surface_code_6,SurfaceCode,7,10,0.0,0.000807399999757763,0.0,0
b32_c256,32,256,success,exact_zero,0,0,1,0,,0.0006904999991093064,0.00017350000052829273,0.0008639999996375991,10,10,0.0,not_run_in_development_grid,3aae783a820f49c9540e519d2e0530dfc7772f6fca9d6281bb75cb295af6f03e,surface_code_6,SurfaceCode,7,10,0.0,0.000807399999757763,0.0,0
b1_c64,1,64,success,exact,6,6,10,0,,0.00148790000093868,0.0003242999991925899,0.00181220000013127,25,19,0.24,not_run_in_development_grid,1da141578648db952d0c0258f06e9ac1c658cc518f58ccc3eae0aa459e7dd61c,bv_8,Oracle,9,19,0.24,0.0008833999982016394,0.0,1
b8_c64,8,64,success,exact,6,6,10,0,,0.000903600001038285,0.000307099999190541,0.001210700000228826,25,19,0.24,not_run_in_development_grid,1da141578648db952d0c0258f06e9ac1c658cc518f58ccc3eae0aa459e7dd61c,bv_8,Oracle,9,19,0.24,0.0008833999982016394,0.0,1
b32_c64,32,64,success,exact,6,6,10,0,,0.0008356999987881863,0.00030899999910616316,0.0011446999978943495,25,19,0.24,not_run_in_development_grid,1da141578648db952d0c0258f06e9ac1c658cc518f58ccc3eae0aa459e7dd61c,bv_8,Oracle,9,19,0.24,0.0008833999982016394,0.0,1
b1_c256,1,256,success,exact,6,6,10,0,,0.001416600000084145,0.0005952000010438496,0.0020118000011279946,25,19,0.24,not_run_in_development_grid,1da141578648db952d0c0258f06e9ac1c658cc518f58ccc3eae0aa459e7dd61c,bv_8,Oracle,9,19,0.24,0.0008833999982016394,0.0,1
b8_c256,8,256,success,exact,6,6,10,0,,0.0013550000003306195,0.0005505999997694744,0.001905600000100094,25,19,0.24,not_run_in_development_grid,1da141578648db952d0c0258f06e9ac1c658cc518f58ccc3eae0aa459e7dd61c,bv_8,Oracle,9,19,0.24,0.0008833999982016394,0.0,1
b32_c256,32,256,success,exact,6,6,10,0,,0.0009740000004967442,0.000311100000544684,0.0012851000010414282,25,19,0.24,not_run_in_development_grid,1da141578648db952d0c0258f06e9ac1c658cc518f58ccc3eae0aa459e7dd61c,bv_8,Oracle,9,19,0.24,0.0008833999982016394,0.0,1
b1_c64,1,64,success,exact_zero,0,0,3,0,,0.001760300001478754,0.0008797999998932937,0.0026401000013720477,30,30,0.0,not_run_in_development_grid,cdd100c7eff0d706945d603b660c1569d33187e1be34e594e80d66dbe901ac39,vqe_twolocal_4,VQE,4,30,0.0,0.001036999999996624,0.0,0
b8_c64,8,64,success,exact_zero,0,0,3,0,,0.0012604999992618104,0.000598699998590746,0.0018591999978525564,30,30,0.0,not_run_in_development_grid,cdd100c7eff0d706945d603b660c1569d33187e1be34e594e80d66dbe901ac39,vqe_twolocal_4,VQE,4,30,0.0,0.001036999999996624,0.0,0
b32_c64,32,64,success,exact_zero,0,0,3,0,,0.0009728000004542992,0.0007229000002553221,0.0016957000007096212,30,30,0.0,not_run_in_development_grid,cdd100c7eff0d706945d603b660c1569d33187e1be34e594e80d66dbe901ac39,vqe_twolocal_4,VQE,4,30,0.0,0.001036999999996624,0.0,0
b1_c256,1,256,success,exact_zero,0,0,3,0,,0.0010392000003776047,0.0011247000002185814,0.002163900000596186,30,30,0.0,not_run_in_development_grid,cdd100c7eff0d706945d603b660c1569d33187e1be34e594e80d66dbe901ac39,vqe_twolocal_4,VQE,4,30,0.0,0.001036999999996624,0.0,0
b8_c256,8,256,success,exact_zero,0,0,3,0,,0.002071699998850818,0.0005995000010443619,0.0026711999998951796,30,30,0.0,not_run_in_development_grid,cdd100c7eff0d706945d603b660c1569d33187e1be34e594e80d66dbe901ac39,vqe_twolocal_4,VQE,4,30,0.0,0.001036999999996624,0.0,0
b32_c256,32,256,success,exact_zero,0,0,3,0,,0.001137600000220118,0.0005739000007451978,0.0017115000009653158,30,30,0.0,not_run_in_development_grid,cdd100c7eff0d706945d603b660c1569d33187e1be34e594e80d66dbe901ac39,vqe_twolocal_4,VQE,4,30,0.0,0.001036999999996624,0.0,0
b1_c64,1,64,success,exact,12,12,218,0,,0.012279600001420476,0.009114999998928397,0.021394600000348873,80,68,0.15000000000000002,not_run_in_development_grid,c2edd0f05863f7c5791bbf5b6ee2131a4e62dce0b2cac1a356f178eeca043f8a,uccsd_8,UCCSD_inspired,8,68,0.15000000000000002,0.010310799998478615,0.0,1
b8_c64,8,64,success,exact,12,12,218,0,,0.009454399998503504,0.011815699999715434,0.02127009999821894,80,68,0.15000000000000002,not_run_in_development_grid,c2edd0f05863f7c5791bbf5b6ee2131a4e62dce0b2cac1a356f178eeca043f8a,uccsd_8,UCCSD_inspired,8,68,0.15000000000000002,0.010310799998478615,0.0,1
b32_c64,32,64,success,exact,12,12,218,0,,0.009800799998629373,0.006379899999956251,0.016180699998585624,80,68,0.15000000000000002,not_run_in_development_grid,c2edd0f05863f7c5791bbf5b6ee2131a4e62dce0b2cac1a356f178eeca043f8a,uccsd_8,UCCSD_inspired,8,68,0.15000000000000002,0.010310799998478615,0.0,1
b1_c256,1,256,success,exact,12,12,218,0,,0.01065050000033807,0.00787040000068373,0.0185209000010218,80,68,0.15000000000000002,not_run_in_development_grid,c2edd0f05863f7c5791bbf5b6ee2131a4e62dce0b2cac1a356f178eeca043f8a,uccsd_8,UCCSD_inspired,8,68,0.15000000000000002,0.010310799998478615,0.0,1
b8_c256,8,256,success,exact,12,12,218,0,,0.013637200001539895,0.010335499999200692,0.023972700000740588,80,68,0.15000000000000002,not_run_in_development_grid,c2edd0f05863f7c5791bbf5b6ee2131a4e62dce0b2cac1a356f178eeca043f8a,uccsd_8,UCCSD_inspired,8,68,0.15000000000000002,0.010310799998478615,0.0,1
b32_c256,32,256,success,exact,12,12,218,0,,0.01091449999876204,0.008116599999993923,0.019031099998755963,80,68,0.15000000000000002,not_run_in_development_grid,c2edd0f05863f7c5791bbf5b6ee2131a4e62dce0b2cac1a356f178eeca043f8a,uccsd_8,UCCSD_inspired,8,68,0.15000000000000002,0.010310799998478615,0.0,1
b1_c64,1,64,success,exact,108,108,13305,0,,0.19769260000066424,0.014264100000218605,0.21195670000088285,646,538,0.16718266253869973,not_run_in_development_grid,389bf6f7858d6a53b8763831df2427cec2bb16be06630b7211a9f557a2dfcd75,qwalk_4,QuantumWalk,5,538,0.16718266253869973,0.02626790000067558,0.0,1
b8_c64,8,64,success,exact,108,108,13305,0,,1.1263299000002007,0.012973900000361027,1.1393038000005618,646,538,0.16718266253869973,not_run_in_development_grid,389bf6f7858d6a53b8763831df2427cec2bb16be06630b7211a9f557a2dfcd75,qwalk_4,QuantumWalk,5,538,0.16718266253869973,0.02626790000067558,0.0,1
b32_c64,32,64,success,exact,108,108,13305,0,,4.072604399998454,0.012471900001401082,4.085076299999855,646,538,0.16718266253869973,not_run_in_development_grid,389bf6f7858d6a53b8763831df2427cec2bb16be06630b7211a9f557a2dfcd75,qwalk_4,QuantumWalk,5,538,0.16718266253869973,0.02626790000067558,0.0,1
b1_c256,1,256,success,exact,108,108,13305,0,,0.1854999000006501,0.017937000000529224,0.2034369000011793,646,538,0.16718266253869973,not_run_in_development_grid,389bf6f7858d6a53b8763831df2427cec2bb16be06630b7211a9f557a2dfcd75,qwalk_4,QuantumWalk,5,538,0.16718266253869973,0.02626790000067558,0.0,1
b8_c256,8,256,success,exact,108,108,13305,0,,1.1336597999998048,0.012993600001209415,1.1466534000010142,646,538,0.16718266253869973,not_run_in_development_grid,389bf6f7858d6a53b8763831df2427cec2bb16be06630b7211a9f557a2dfcd75,qwalk_4,QuantumWalk,5,538,0.16718266253869973,0.02626790000067558,0.0,1
b32_c256,32,256,success,exact,108,108,13305,0,,4.155063000000155,0.013040099998761434,4.168103099998916,646,538,0.16718266253869973,not_run_in_development_grid,389bf6f7858d6a53b8763831df2427cec2bb16be06630b7211a9f557a2dfcd75,qwalk_4,QuantumWalk,5,538,0.16718266253869973,0.02626790000067558,0.0,1
b1_c64,1,64,success,exact_zero,0,0,1,0,,0.0009698000012576813,0.0001430000011168886,0.0011128000023745699,9,9,0.0,not_run_in_development_grid,7052aff8dd4903f03c23a3ac996d18fe787bf1c0241facc9c524e5ea4facd903,surface_code_6,SurfaceCode,7,9,0.0,0.000398000000132015,0.0,0
b8_c64,8,64,success,exact_zero,0,0,1,0,,0.0007101999999576947,0.00017670000124780927,0.0008869000012055039,9,9,0.0,not_run_in_development_grid,7052aff8dd4903f03c23a3ac996d18fe787bf1c0241facc9c524e5ea4facd903,surface_code_6,SurfaceCode,7,9,0.0,0.000398000000132015,0.0,0
b32_c64,32,64,success,exact_zero,0,0,1,0,,0.0010599000015645288,0.00019109999993816018,0.001251000001502689,9,9,0.0,not_run_in_development_grid,7052aff8dd4903f03c23a3ac996d18fe787bf1c0241facc9c524e5ea4facd903,surface_code_6,SurfaceCode,7,9,0.0,0.000398000000132015,0.0,0
b1_c256,1,256,success,exact_zero,0,0,1,0,,0.0007670000013604295,0.0001368000012007542,0.0009038000025611836,9,9,0.0,not_run_in_development_grid,7052aff8dd4903f03c23a3ac996d18fe787bf1c0241facc9c524e5ea4facd903,surface_code_6,SurfaceCode,7,9,0.0,0.000398000000132015,0.0,0
b8_c256,8,256,success,exact_zero,0,0,1,0,,0.000672399999530171,0.00013070000022707973,0.0008030999997572508,9,9,0.0,not_run_in_development_grid,7052aff8dd4903f03c23a3ac996d18fe787bf1c0241facc9c524e5ea4facd903,surface_code_6,SurfaceCode,7,9,0.0,0.000398000000132015,0.0,0
b32_c256,32,256,success,exact_zero,0,0,1,0,,0.0006562999988091178,0.00012969999988854397,0.0007859999986976618,9,9,0.0,not_run_in_development_grid,7052aff8dd4903f03c23a3ac996d18fe787bf1c0241facc9c524e5ea4facd903,surface_code_6,SurfaceCode,7,9,0.0,0.000398000000132015,0.0,0
b1_c64,1,64,success,exact,6,6,20,0,,0.0010647999988577794,0.0020902000014757505,0.00315500000033353,42,36,0.1428571428571429,not_run_in_development_grid,e00e580e23474658e32e03271e9930d065185c3eea39cd126893c951749d2ca8,iqp_8,IQP,8,41,0.023809523809523836,0.0012655000009544892,11.904761904761907,1
b8_c64,8,64,success,exact,6,6,20,0,,0.0014042000002518762,0.0021435999988170806,0.003547799999068957,42,36,0.1428571428571429,not_run_in_development_grid,e00e580e23474658e32e03271e9930d065185c3eea39cd126893c951749d2ca8,iqp_8,IQP,8,41,0.023809523809523836,0.0012655000009544892,11.904761904761907,1
b32_c64,32,64,success,exact,6,6,20,0,,0.0013732000006712042,0.001556499999423977,0.002929700000095181,42,36,0.1428571428571429,not_run_in_development_grid,e00e580e23474658e32e03271e9930d065185c3eea39cd126893c951749d2ca8,iqp_8,IQP,8,41,0.023809523809523836,0.0012655000009544892,11.904761904761907,1
b1_c256,1,256,success,exact,6,6,20,0,,0.0010562000006757444,0.00217030000021623,0.003226500000891974,42,36,0.1428571428571429,not_run_in_development_grid,e00e580e23474658e32e03271e9930d065185c3eea39cd126893c951749d2ca8,iqp_8,IQP,8,41,0.023809523809523836,0.0012655000009544892,11.904761904761907,1
b8_c256,8,256,success,exact,6,6,20,0,,0.001297599999816157,0.0015624000006937422,0.002860000000509899,42,36,0.1428571428571429,not_run_in_development_grid,e00e580e23474658e32e03271e9930d065185c3eea39cd126893c951749d2ca8,iqp_8,IQP,8,41,0.023809523809523836,0.0012655000009544892,11.904761904761907,1
b32_c256,32,256,success,exact,6,6,20,0,,0.0010661000014806632,0.0015727000009064795,0.0026388000023871427,42,36,0.1428571428571429,not_run_in_development_grid,e00e580e23474658e32e03271e9930d065185c3eea39cd126893c951749d2ca8,iqp_8,IQP,8,41,0.023809523809523836,0.0012655000009544892,11.904761904761907,1
b1_c64,1,64,success,exact,2,2,27,0,,0.0016003000000637257,0.0005221999999776017,0.0021225000000413274,21,19,0.09523809523809523,not_run_in_development_grid,db276c8d92545f754aab16b3664fca1ddb31410f3135295ca28b78969f0459a4,uccsd_4,UCCSD_inspired,4,19,0.09523809523809523,0.0010063999998237705,0.0,1
b8_c64,8,64,success,exact,2,2,27,0,,0.0008090999999694759,0.0005082000006950693,0.0013173000006645452,21,19,0.09523809523809523,not_run_in_development_grid,db276c8d92545f754aab16b3664fca1ddb31410f3135295ca28b78969f0459a4,uccsd_4,UCCSD_inspired,4,19,0.09523809523809523,0.0010063999998237705,0.0,1
b32_c64,32,64,success,exact,2,2,27,0,,0.0007741999997961102,0.000506800000948715,0.0012810000007448252,21,19,0.09523809523809523,not_run_in_development_grid,db276c8d92545f754aab16b3664fca1ddb31410f3135295ca28b78969f0459a4,uccsd_4,UCCSD_inspired,4,19,0.09523809523809523,0.0010063999998237705,0.0,1
b1_c256,1,256,success,exact,2,2,27,0,,0.0007814000000507804,0.00051299999904586,0.0012943999990966404,21,19,0.09523809523809523,not_run_in_development_grid,db276c8d92545f754aab16b3664fca1ddb31410f3135295ca28b78969f0459a4,uccsd_4,UCCSD_inspired,4,19,0.09523809523809523,0.0010063999998237705,0.0,1
b8_c256,8,256,success,exact,2,2,27,0,,0.0007456000003003282,0.0005101000006106915,0.0012557000009110197,21,19,0.09523809523809523,not_run_in_development_grid,db276c8d92545f754aab16b3664fca1ddb31410f3135295ca28b78969f0459a4,uccsd_4,UCCSD_inspired,4,19,0.09523809523809523,0.0010063999998237705,0.0,1
b32_c256,32,256,success,exact,2,2,27,0,,0.0007640999992872821,0.000863200000821962,0.0016273000001092441,21,19,0.09523809523809523,not_run_in_development_grid,db276c8d92545f754aab16b3664fca1ddb31410f3135295ca28b78969f0459a4,uccsd_4,UCCSD_inspired,4,19,0.09523809523809523,0.0010063999998237705,0.0,1
b1_c64,1,64,success,exact_zero,0,0,1,0,,0.001087500000721775,0.00017630000002100132,0.0012638000007427763,11,11,0.0,not_run_in_development_grid,14da3f908abda6229c65d0aec602aaf53fad733479c969be7e0504eaa5dacae0,surface_code_7,SurfaceCode,8,11,0.0,0.0003634999993664678,0.0,0
b8_c64,8,64,success,exact_zero,0,0,1,0,,0.0009061999990080949,0.00017500000103609636,0.0010812000000441913,11,11,0.0,not_run_in_development_grid,14da3f908abda6229c65d0aec602aaf53fad733479c969be7e0504eaa5dacae0,surface_code_7,SurfaceCode,8,11,0.0,0.0003634999993664678,0.0,0
b32_c64,32,64,success,exact_zero,0,0,1,0,,0.0008539999998902204,0.0001664000010350719,0.0010204000009252923,11,11,0.0,not_run_in_development_grid,14da3f908abda6229c65d0aec602aaf53fad733479c969be7e0504eaa5dacae0,surface_code_7,SurfaceCode,8,11,0.0,0.0003634999993664678,0.0,0
b1_c256,1,256,success,exact_zero,0,0,1,0,,0.0007479999985662289,0.00015759999951114878,0.0009055999980773777,11,11,0.0,not_run_in_development_grid,14da3f908abda6229c65d0aec602aaf53fad733479c969be7e0504eaa5dacae0,surface_code_7,SurfaceCode,8,11,0.0,0.0003634999993664678,0.0,0
b8_c256,8,256,success,exact_zero,0,0,1,0,,0.0007311999997909879,0.00014879999980621506,0.000879999999597203,11,11,0.0,not_run_in_development_grid,14da3f908abda6229c65d0aec602aaf53fad733479c969be7e0504eaa5dacae0,surface_code_7,SurfaceCode,8,11,0.0,0.0003634999993664678,0.0,0
b32_c256,32,256,success,exact_zero,0,0,1,0,,0.0012759000001096865,0.0001990000000660075,0.001474900000175694,11,11,0.0,not_run_in_development_grid,14da3f908abda6229c65d0aec602aaf53fad733479c969be7e0504eaa5dacae0,surface_code_7,SurfaceCode,8,11,0.0,0.0003634999993664678,0.0,0
b1_c64,1,64,success,exact_zero,0,0,17,0,,0.0008029000000533415,0.0005279999986669281,0.0013308999987202697,34,34,0.0,not_run_in_development_grid,baa36a6bacd09d29a4e1ac1a3471506608430765957e6bc127dfa683d2dcf33d,hardware_eff_6,HardwareEfficient,6,34,0.0,0.0008980000002338784,0.0,0
b8_c64,8,64,success,exact_zero,0,0,17,0,,0.0007373999997071223,0.000747899999623769,0.0014852999993308913,34,34,0.0,not_run_in_development_grid,baa36a6bacd09d29a4e1ac1a3471506608430765957e6bc127dfa683d2dcf33d,hardware_eff_6,HardwareEfficient,6,34,0.0,0.0008980000002338784,0.0,0
b32_c64,32,64,success,exact_zero,0,0,17,0,,0.0009062000008270843,0.0005265999989205739,0.0014327999997476581,34,34,0.0,not_run_in_development_grid,baa36a6bacd09d29a4e1ac1a3471506608430765957e6bc127dfa683d2dcf33d,hardware_eff_6,HardwareEfficient,6,34,0.0,0.0008980000002338784,0.0,0
b1_c256,1,256,success,exact_zero,0,0,17,0,,0.0011348999996698694,0.0005725999999413034,0.0017074999996111728,34,34,0.0,not_run_in_development_grid,baa36a6bacd09d29a4e1ac1a3471506608430765957e6bc127dfa683d2dcf33d,hardware_eff_6,HardwareEfficient,6,34,0.0,0.0008980000002338784,0.0,0
b8_c256,8,256,success,exact_zero,0,0,17,0,,0.0008087000005616574,0.0005305000013322569,0.0013392000018939143,34,34,0.0,not_run_in_development_grid,baa36a6bacd09d29a4e1ac1a3471506608430765957e6bc127dfa683d2dcf33d,hardware_eff_6,HardwareEfficient,6,34,0.0,0.0008980000002338784,0.0,0
b32_c256,32,256,success,exact_zero,0,0,17,0,,0.0007299999997485429,0.0005232000003161374,0.0012532000000646804,34,34,0.0,not_run_in_development_grid,baa36a6bacd09d29a4e1ac1a3471506608430765957e6bc127dfa683d2dcf33d,hardware_eff_6,HardwareEfficient,6,34,0.0,0.0008980000002338784,0.0,0
b1_c64,1,64,success,truncated,132,128,148923,2,conservative_overlap_check_budget_predicted:20000000:2190159,0.052284100000179023,0.0682993999998871,0.12058350000006612,3922,3790,0.03365629780724122,not_run_in_development_grid,c5d3cc7e27224a7f0435dbe10fc8c046011f5e3b58eea6c57431181a4bcbcb20,qwalk_6,QuantumWalk,7,3790,0.03365629780724122,0.1032402999990154,0.0,1
b8_c64,8,64,success,truncated,132,128,148923,2,conservative_overlap_check_budget_predicted:20000000:2190159,0.4825424999999086,0.0843179000003147,0.5668604000002233,3922,3790,0.03365629780724122,not_run_in_development_grid,c5d3cc7e27224a7f0435dbe10fc8c046011f5e3b58eea6c57431181a4bcbcb20,qwalk_6,QuantumWalk,7,3790,0.03365629780724122,0.1032402999990154,0.0,1
b32_c64,32,64,success,truncated,132,128,148923,2,conservative_overlap_check_budget_predicted:20000000:2190159,1.344065600000249,0.06674539999949047,1.4108109999997396,3922,3790,0.03365629780724122,not_run_in_development_grid,c5d3cc7e27224a7f0435dbe10fc8c046011f5e3b58eea6c57431181a4bcbcb20,qwalk_6,QuantumWalk,7,3790,0.03365629780724122,0.1032402999990154,0.0,1
b1_c256,1,256,success,exact,132,132,148923,0,conservative_overlap_check_budget_predicted:20000000:2190159,0.07899039999938395,0.07147380000060366,0.1504641999999876,3922,3790,0.03365629780724122,not_run_in_development_grid,c5d3cc7e27224a7f0435dbe10fc8c046011f5e3b58eea6c57431181a4bcbcb20,qwalk_6,QuantumWalk,7,3790,0.03365629780724122,0.1032402999990154,0.0,1
b8_c256,8,256,success,exact,132,132,148923,0,conservative_overlap_check_budget_predicted:20000000:2190159,0.4850258999995276,0.06710349999957543,0.552129399999103,3922,3790,0.03365629780724122,not_run_in_development_grid,c5d3cc7e27224a7f0435dbe10fc8c046011f5e3b58eea6c57431181a4bcbcb20,qwalk_6,QuantumWalk,7,3790,0.03365629780724122,0.1032402999990154,0.0,1
b32_c256,32,256,success,exact,132,132,148923,0,conservative_overlap_check_budget_predicted:20000000:2190159,1.2841179999995802,0.0680080000001908,1.352125999999771,3922,3790,0.03365629780724122,not_run_in_development_grid,c5d3cc7e27224a7f0435dbe10fc8c046011f5e3b58eea6c57431181a4bcbcb20,qwalk_6,QuantumWalk,7,3790,0.03365629780724122,0.1032402999990154,0.0,1
b1_c64,1,64,success,exact_zero,0,0,30,0,,0.0010836000001290813,0.0007303000002139015,0.0018139000003429828,48,48,0.0,not_run_in_development_grid,ace916e35582c95d21da984fde2d1f6a3536707d59739f448aeda811b215f37b,qaoa_line_6,QAOA,6,48,0.0,0.0012846999979956308,0.0,0
b8_c64,8,64,success,exact_zero,0,0,30,0,,0.0008047000010265037,0.0008746000003156951,0.0016793000013421988,48,48,0.0,not_run_in_development_grid,ace916e35582c95d21da984fde2d1f6a3536707d59739f448aeda811b215f37b,qaoa_line_6,QAOA,6,48,0.0,0.0012846999979956308,0.0,0
b32_c64,32,64,success,exact_zero,0,0,30,0,,0.001283999999941443,0.0007195999987743562,0.0020035999987157993,48,48,0.0,not_run_in_development_grid,ace916e35582c95d21da984fde2d1f6a3536707d59739f448aeda811b215f37b,qaoa_line_6,QAOA,6,48,0.0,0.0012846999979956308,0.0,0
b1_c256,1,256,success,exact_zero,0,0,30,0,,0.0007571999994979706,0.000878700000612298,0.0016359000001102686,48,48,0.0,not_run_in_development_grid,ace916e35582c95d21da984fde2d1f6a3536707d59739f448aeda811b215f37b,qaoa_line_6,QAOA,6,48,0.0,0.0012846999979956308,0.0,0
b8_c256,8,256,success,exact_zero,0,0,30,0,,0.0008558000008633826,0.0007057999991957331,0.0015616000000591157,48,48,0.0,not_run_in_development_grid,ace916e35582c95d21da984fde2d1f6a3536707d59739f448aeda811b215f37b,qaoa_line_6,QAOA,6,48,0.0,0.0012846999979956308,0.0,0
b32_c256,32,256,success,exact_zero,0,0,30,0,,0.0007774999994580867,0.0007027000010566553,0.001480200000514742,48,48,0.0,not_run_in_development_grid,ace916e35582c95d21da984fde2d1f6a3536707d59739f448aeda811b215f37b,qaoa_line_6,QAOA,6,48,0.0,0.0012846999979956308,0.0,0
b1_c64,1,64,success,exact_zero,0,0,1,0,,0.001248999999006628,0.00012400000014167745,0.0013729999991483055,7,7,0.0,not_run_in_development_grid,fad3c5f191237ccefb3283566a70159b1baa6b56d18ce49a8add74141be307f5,surface_code_4,SurfaceCode,5,7,0.0,0.00038780000068072695,0.0,0
b8_c64,8,64,success,exact_zero,0,0,1,0,,0.000659700001051533,0.00011449999874457717,0.0007741999997961102,7,7,0.0,not_run_in_development_grid,fad3c5f191237ccefb3283566a70159b1baa6b56d18ce49a8add74141be307f5,surface_code_4,SurfaceCode,5,7,0.0,0.00038780000068072695,0.0,0
b32_c64,32,64,success,exact_zero,0,0,1,0,,0.000620599999820115,0.0001247000000148546,0.0007452999998349696,7,7,0.0,not_run_in_development_grid,fad3c5f191237ccefb3283566a70159b1baa6b56d18ce49a8add74141be307f5,surface_code_4,SurfaceCode,5,7,0.0,0.00038780000068072695,0.0,0
b1_c256,1,256,success,exact_zero,0,0,1,0,,0.0008653999993839534,0.00010970000039378647,0.0009750999997777399,7,7,0.0,not_run_in_development_grid,fad3c5f191237ccefb3283566a70159b1baa6b56d18ce49a8add74141be307f5,surface_code_4,SurfaceCode,5,7,0.0,0.00038780000068072695,0.0,0
b8_c256,8,256,success,exact_zero,0,0,1,0,,0.000667500000417931,0.00010719999954744708,0.0007746999999653781,7,7,0.0,not_run_in_development_grid,fad3c5f191237ccefb3283566a70159b1baa6b56d18ce49a8add74141be307f5,surface_code_4,SurfaceCode,5,7,0.0,0.00038780000068072695,0.0,0
b32_c256,32,256,success,exact_zero,0,0,1,0,,0.0006107000008341856,0.00010939999992842786,0.0007201000007626135,7,7,0.0,not_run_in_development_grid,fad3c5f191237ccefb3283566a70159b1baa6b56d18ce49a8add74141be307f5,surface_code_4,SurfaceCode,5,7,0.0,0.00038780000068072695,0.0,0
b1_c64,1,64,success,exact,120,120,51264,0,,1.1802182999999786,0.03425259999858099,1.2144708999985596,1900,1780,0.06315789473684208,not_run_in_development_grid,90b9d6a98141cc942d3ded30a930bd0e1d014a4a74273b8ac4367eda1522afc9,qwalk_5,QuantumWalk,6,1780,0.06315789473684208,0.04860449999796401,0.0,1
b8_c64,8,64,success,exact,120,120,51264,0,,6.967981999998301,0.0327768000006472,7.000758799998948,1900,1780,0.06315789473684208,not_run_in_development_grid,90b9d6a98141cc942d3ded30a930bd0e1d014a4a74273b8ac4367eda1522afc9,qwalk_5,QuantumWalk,6,1780,0.06315789473684208,0.04860449999796401,0.0,1
b32_c64,32,64,success,exact,120,120,51264,0,,26.220087699999567,0.03458560000035504,26.254673299999922,1900,1780,0.06315789473684208,not_run_in_development_grid,90b9d6a98141cc942d3ded30a930bd0e1d014a4a74273b8ac4367eda1522afc9,qwalk_5,QuantumWalk,6,1780,0.06315789473684208,0.04860449999796401,0.0,1
b1_c256,1,256,success,exact,120,120,51264,0,,1.085819600000832,0.03686589999961143,1.1226855000004434,1900,1780,0.06315789473684208,not_run_in_development_grid,90b9d6a98141cc942d3ded30a930bd0e1d014a4a74273b8ac4367eda1522afc9,qwalk_5,QuantumWalk,6,1780,0.06315789473684208,0.04860449999796401,0.0,1
b8_c256,8,256,success,exact,120,120,51264,0,,7.112731999999596,0.04324989999986428,7.15598189999946,1900,1780,0.06315789473684208,not_run_in_development_grid,90b9d6a98141cc942d3ded30a930bd0e1d014a4a74273b8ac4367eda1522afc9,qwalk_5,QuantumWalk,6,1780,0.06315789473684208,0.04860449999796401,0.0,1
b32_c256,32,256,success,exact,120,120,51264,0,,26.428126700000576,0.04055530000005092,26.468682000000626,1900,1780,0.06315789473684208,not_run_in_development_grid,90b9d6a98141cc942d3ded30a930bd0e1d014a4a74273b8ac4367eda1522afc9,qwalk_5,QuantumWalk,6,1780,0.06315789473684208,0.04860449999796401,0.0,1
b1_c64,1,64,success,exact,6,6,135,0,,0.002154300000256626,0.0028556999986903975,0.005009999998947023,58,52,0.10344827586206895,not_run_in_development_grid,84d3281e5151bde9af2a7cc3de51f55b2dd2cfb8283f989bef5f9482034a8a54,uccsd_6,UCCSD_inspired,6,52,0.10344827586206895,0.00334850000035658,0.0,1
b8_c64,8,64,success,exact,6,6,135,0,,0.0020511999991867924,0.0022742000001017004,0.004325399999288493,58,52,0.10344827586206895,not_run_in_development_grid,84d3281e5151bde9af2a7cc3de51f55b2dd2cfb8283f989bef5f9482034a8a54,uccsd_6,UCCSD_inspired,6,52,0.10344827586206895,0.00334850000035658,0.0,1
b32_c64,32,64,success,exact,6,6,135,0,,0.0017441999989387114,0.0031106000005820533,0.004854799999520765,58,52,0.10344827586206895,not_run_in_development_grid,84d3281e5151bde9af2a7cc3de51f55b2dd2cfb8283f989bef5f9482034a8a54,uccsd_6,UCCSD_inspired,6,52,0.10344827586206895,0.00334850000035658,0.0,1
b1_c256,1,256,success,exact,6,6,135,0,,0.00203719999990426,0.0023725999999442138,0.004409799999848474,58,52,0.10344827586206895,not_run_in_development_grid,84d3281e5151bde9af2a7cc3de51f55b2dd2cfb8283f989bef5f9482034a8a54,uccsd_6,UCCSD_inspired,6,52,0.10344827586206895,0.00334850000035658,0.0,1
b8_c256,8,256,success,exact,6,6,135,0,,0.001604600000064238,0.0025306999996246304,0.004135299999688868,58,52,0.10344827586206895,not_run_in_development_grid,84d3281e5151bde9af2a7cc3de51f55b2dd2cfb8283f989bef5f9482034a8a54,uccsd_6,UCCSD_inspired,6,52,0.10344827586206895,0.00334850000035658,0.0,1
b32_c256,32,256,success,exact,6,6,135,0,,0.0024646999991091434,0.0023564999992231606,0.004821199998332304,58,52,0.10344827586206895,not_run_in_development_grid,84d3281e5151bde9af2a7cc3de51f55b2dd2cfb8283f989bef5f9482034a8a54,uccsd_6,UCCSD_inspired,6,52,0.10344827586206895,0.00334850000035658,0.0,1
b1_c64,1,64,success,exact_zero,0,0,23,0,,0.0019280999986222014,0.0007597999992867699,0.0026878999979089713,46,46,0.0,not_run_in_development_grid,dac7e56e9490cb5f19a852e1206995c9711c1c95c63e61eba2ed4a4acecf7099,hardware_eff_8,HardwareEfficient,8,46,0.0,0.0019393999991734745,0.0,0
b8_c64,8,64,success,exact_zero,0,0,23,0,,0.0011181999998370884,0.0007356000005529495,0.001853800000390038,46,46,0.0,not_run_in_development_grid,dac7e56e9490cb5f19a852e1206995c9711c1c95c63e61eba2ed4a4acecf7099,hardware_eff_8,HardwareEfficient,8,46,0.0,0.0019393999991734745,0.0,0
b32_c64,32,64,success,exact_zero,0,0,23,0,,0.0009131999995588558,0.0006845999996585306,0.0015977999992173864,46,46,0.0,not_run_in_development_grid,dac7e56e9490cb5f19a852e1206995c9711c1c95c63e61eba2ed4a4acecf7099,hardware_eff_8,HardwareEfficient,8,46,0.0,0.0019393999991734745,0.0,0
b1_c256,1,256,success,exact_zero,0,0,23,0,,0.000818000000435859,0.0008807000012893695,0.0016987000017252285,46,46,0.0,not_run_in_development_grid,dac7e56e9490cb5f19a852e1206995c9711c1c95c63e61eba2ed4a4acecf7099,hardware_eff_8,HardwareEfficient,8,46,0.0,0.0019393999991734745,0.0,0
b8_c256,8,256,success,exact_zero,0,0,23,0,,0.0015917000000627013,0.0006840000005468028,0.002275700000609504,46,46,0.0,not_run_in_development_grid,dac7e56e9490cb5f19a852e1206995c9711c1c95c63e61eba2ed4a4acecf7099,hardware_eff_8,HardwareEfficient,8,46,0.0,0.0019393999991734745,0.0,0
b32_c256,32,256,success,exact_zero,0,0,23,0,,0.0008648999992146855,0.0006987999986449722,0.0015636999978596577,46,46,0.0,not_run_in_development_grid,dac7e56e9490cb5f19a852e1206995c9711c1c95c63e61eba2ed4a4acecf7099,hardware_eff_8,HardwareEfficient,8,46,0.0,0.0019393999991734745,0.0,0
b1_c64,1,64,success,exact_zero,0,0,1,0,,0.0009539999991829973,0.00019659999998111743,0.0011505999991641147,13,13,0.0,not_run_in_development_grid,ec9289c88d9acb9814cb60890e2e2d888e2853fae21087e87cdc61fd856c3ee5,surface_code_8,SurfaceCode,9,13,0.0,0.00042719999873952474,0.0,0
b8_c64,8,64,success,exact_zero,0,0,1,0,,0.0007851999998820247,0.00023119999968912452,0.0010163999995711492,13,13,0.0,not_run_in_development_grid,ec9289c88d9acb9814cb60890e2e2d888e2853fae21087e87cdc61fd856c3ee5,surface_code_8,SurfaceCode,9,13,0.0,0.00042719999873952474,0.0,0
b32_c64,32,64,success,exact_zero,0,0,1,0,,0.0014054000002943212,0.00023539999892818742,0.0016407999992225086,13,13,0.0,not_run_in_development_grid,ec9289c88d9acb9814cb60890e2e2d888e2853fae21087e87cdc61fd856c3ee5,surface_code_8,SurfaceCode,9,13,0.0,0.00042719999873952474,0.0,0
b1_c256,1,256,success,exact_zero,0,0,1,0,,0.0008627999995951541,0.00031409999974130187,0.001176899999336456,13,13,0.0,not_run_in_development_grid,ec9289c88d9acb9814cb60890e2e2d888e2853fae21087e87cdc61fd856c3ee5,surface_code_8,SurfaceCode,9,13,0.0,0.00042719999873952474,0.0,0
b8_c256,8,256,success,exact_zero,0,0,1,0,,0.001170200001070043,0.00032110000029206276,0.0014913000013621058,13,13,0.0,not_run_in_development_grid,ec9289c88d9acb9814cb60890e2e2d888e2853fae21087e87cdc61fd856c3ee5,surface_code_8,SurfaceCode,9,13,0.0,0.00042719999873952474,0.0,0
b32_c256,32,256,success,exact_zero,0,0,1,0,,0.0010257000012643402,0.000305800000205636,0.0013315000014699763,13,13,0.0,not_run_in_development_grid,ec9289c88d9acb9814cb60890e2e2d888e2853fae21087e87cdc61fd856c3ee5,surface_code_8,SurfaceCode,9,13,0.0,0.00042719999873952474,0.0,0
b1_c64,1,64,success,exact,120,120,51264,0,,1.0431355999990046,0.0357136000002356,1.0788491999992402,1900,1780,0.06315789473684208,not_run_in_development_grid,c4a720840c00df3b0c2ea7000f573447922240d5d236a8c5747e3c48a1fb6259,qwalk_5,QuantumWalk,6,1780,0.06315789473684208,0.07113650000064808,0.0,1
b8_c64,8,64,success,exact,120,120,51264,0,,7.021624500001053,0.03364359999977751,7.055268100000831,1900,1780,0.06315789473684208,not_run_in_development_grid,c4a720840c00df3b0c2ea7000f573447922240d5d236a8c5747e3c48a1fb6259,qwalk_5,QuantumWalk,6,1780,0.06315789473684208,0.07113650000064808,0.0,1
b32_c64,32,64,success,exact,120,120,51264,0,,26.207094000001234,0.03536069999972824,26.242454700000962,1900,1780,0.06315789473684208,not_run_in_development_grid,c4a720840c00df3b0c2ea7000f573447922240d5d236a8c5747e3c48a1fb6259,qwalk_5,QuantumWalk,6,1780,0.06315789473684208,0.07113650000064808,0.0,1
b1_c256,1,256,success,exact,120,120,51264,0,,1.0914986999996472,0.03402510000159964,1.1255238000012469,1900,1780,0.06315789473684208,not_run_in_development_grid,c4a720840c00df3b0c2ea7000f573447922240d5d236a8c5747e3c48a1fb6259,qwalk_5,QuantumWalk,6,1780,0.06315789473684208,0.07113650000064808,0.0,1
b8_c256,8,256,success,exact,120,120,51264,0,,7.075215799999569,0.0335867000012513,7.10880250000082,1900,1780,0.06315789473684208,not_run_in_development_grid,c4a720840c00df3b0c2ea7000f573447922240d5d236a8c5747e3c48a1fb6259,qwalk_5,QuantumWalk,6,1780,0.06315789473684208,0.07113650000064808,0.0,1
b32_c256,32,256,success,exact,120,120,51264,0,,25.070987799999784,0.0351089999985561,25.10609679999834,1900,1780,0.06315789473684208,not_run_in_development_grid,c4a720840c00df3b0c2ea7000f573447922240d5d236a8c5747e3c48a1fb6259,qwalk_5,QuantumWalk,6,1780,0.06315789473684208,0.07113650000064808,0.0,1
b1_c64,1,64,success,exact,12,12,21,0,,0.005362799998692935,0.0019505000000208383,0.007313299998713774,41,29,0.29268292682926833,not_run_in_development_grid,2d71c39b26582071bf61dcf0fd75c33b46d5626b7983e36e786fa74e823155c6,iqp_8,IQP,8,35,0.14634146341463417,0.003113499999017222,14.634146341463417,1
b8_c64,8,64,success,exact,12,12,21,0,,0.005076700001154677,0.0015053000006446382,0.006582000001799315,41,29,0.29268292682926833,not_run_in_development_grid,2d71c39b26582071bf61dcf0fd75c33b46d5626b7983e36e786fa74e823155c6,iqp_8,IQP,8,35,0.14634146341463417,0.003113499999017222,14.634146341463417,1
b32_c64,32,64,success,exact,12,12,21,0,,0.00578509999832022,0.0018576999991637422,0.007642799997483962,41,29,0.29268292682926833,not_run_in_development_grid,2d71c39b26582071bf61dcf0fd75c33b46d5626b7983e36e786fa74e823155c6,iqp_8,IQP,8,35,0.14634146341463417,0.003113499999017222,14.634146341463417,1
b1_c256,1,256,success,exact,12,12,21,0,,0.004983500000889762,0.0017336000000796048,0.006717100000969367,41,29,0.29268292682926833,not_run_in_development_grid,2d71c39b26582071bf61dcf0fd75c33b46d5626b7983e36e786fa74e823155c6,iqp_8,IQP,8,35,0.14634146341463417,0.003113499999017222,14.634146341463417,1
b8_c256,8,256,success,exact,12,12,21,0,,0.005241599999862956,0.0016763000003265915,0.006917900000189547,41,29,0.29268292682926833,not_run_in_development_grid,2d71c39b26582071bf61dcf0fd75c33b46d5626b7983e36e786fa74e823155c6,iqp_8,IQP,8,35,0.14634146341463417,0.003113499999017222,14.634146341463417,1
b32_c256,32,256,success,exact,12,12,21,0,,0.006321499999103253,0.0015966000009939307,0.007918100000097184,41,29,0.29268292682926833,not_run_in_development_grid,2d71c39b26582071bf61dcf0fd75c33b46d5626b7983e36e786fa74e823155c6,iqp_8,IQP,8,35,0.14634146341463417,0.003113499999017222,14.634146341463417,1
b1_c64,1,64,success,exact_zero,0,0,23,0,,0.0016238000007433584,0.0007039000010991003,0.0023277000018424587,46,46,0.0,not_run_in_development_grid,ecfd2572e51eb6ffed7dc27ff03ff03e0340732f1c1277c844b7427722591d79,hardware_eff_8,HardwareEfficient,8,46,0.0,0.001584599998750491,0.0,0
b8_c64,8,64,success,exact_zero,0,0,23,0,,0.001056500001141103,0.0006709000008413568,0.0017274000019824598,46,46,0.0,not_run_in_development_grid,ecfd2572e51eb6ffed7dc27ff03ff03e0340732f1c1277c844b7427722591d79,hardware_eff_8,HardwareEfficient,8,46,0.0,0.001584599998750491,0.0,0
b32_c64,32,64,success,exact_zero,0,0,23,0,,0.0007963999996718485,0.000661000000036438,0.0014573999997082865,46,46,0.0,not_run_in_development_grid,ecfd2572e51eb6ffed7dc27ff03ff03e0340732f1c1277c844b7427722591d79,hardware_eff_8,HardwareEfficient,8,46,0.0,0.001584599998750491,0.0,0
b1_c256,1,256,success,exact_zero,0,0,23,0,,0.000765799999498995,0.00065819999872474,0.001423999998223735,46,46,0.0,not_run_in_development_grid,ecfd2572e51eb6ffed7dc27ff03ff03e0340732f1c1277c844b7427722591d79,hardware_eff_8,HardwareEfficient,8,46,0.0,0.001584599998750491,0.0,0
b8_c256,8,256,success,exact_zero,0,0,23,0,,0.0007729999997536652,0.001081099999282742,0.001854099999036407,46,46,0.0,not_run_in_development_grid,ecfd2572e51eb6ffed7dc27ff03ff03e0340732f1c1277c844b7427722591d79,hardware_eff_8,HardwareEfficient,8,46,0.0,0.001584599998750491,0.0,0
b32_c256,32,256,success,exact_zero,0,0,23,0,,0.0012388000013743294,0.0006671999999525724,0.0019060000013269018,46,46,0.0,not_run_in_development_grid,ecfd2572e51eb6ffed7dc27ff03ff03e0340732f1c1277c844b7427722591d79,hardware_eff_8,HardwareEfficient,8,46,0.0,0.001584599998750491,0.0,0
b1_c64,1,64,success,exact_zero,0,0,5,0,,0.0008574999992561061,0.0007634000012330944,0.0016209000004892005,46,46,0.0,not_run_in_development_grid,1640ff7462e7311a41f33aa104a27eee9536fe8b771e28d6bc904b5a4f4f958a,vqe_twolocal_6,VQE,6,46,0.0,0.0012862000003224239,0.0,0
b8_c64,8,64,success,exact_zero,0,0,5,0,,0.0008968000001914334,0.0008087000005616574,0.0017055000007530907,46,46,0.0,not_run_in_development_grid,1640ff7462e7311a41f33aa104a27eee9536fe8b771e28d6bc904b5a4f4f958a,vqe_twolocal_6,VQE,6,46,0.0,0.0012862000003224239,0.0,0
b32_c64,32,64,success,exact_zero,0,0,5,0,,0.0009587000004103174,0.000984000000244123,0.0019427000006544404,46,46,0.0,not_run_in_development_grid,1640ff7462e7311a41f33aa104a27eee9536fe8b771e28d6bc904b5a4f4f958a,vqe_twolocal_6,VQE,6,46,0.0,0.0012862000003224239,0.0,0
b1_c256,1,256,success,exact_zero,0,0,5,0,,0.0010228999999526422,0.0007827999997971347,0.001805699999749777,46,46,0.0,not_run_in_development_grid,1640ff7462e7311a41f33aa104a27eee9536fe8b771e28d6bc904b5a4f4f958a,vqe_twolocal_6,VQE,6,46,0.0,0.0012862000003224239,0.0,0
b8_c256,8,256,success,exact_zero,0,0,5,0,,0.0008883999998943182,0.000794300000052317,0.0016826999999466352,46,46,0.0,not_run_in_development_grid,1640ff7462e7311a41f33aa104a27eee9536fe8b771e28d6bc904b5a4f4f958a,vqe_twolocal_6,VQE,6,46,0.0,0.0012862000003224239,0.0,0
b32_c256,32,256,success,exact_zero,0,0,5,0,,0.0008290000005217735,0.0013073999998596264,0.0021364000003814,46,46,0.0,not_run_in_development_grid,1640ff7462e7311a41f33aa104a27eee9536fe8b771e28d6bc904b5a4f4f958a,vqe_twolocal_6,VQE,6,46,0.0,0.0012862000003224239,0.0,0
b1_c64,1,64,success,exact,8,8,15,0,,0.0010334999988117488,0.00030440000045928173,0.0013378999992710305,28,20,0.2857142857142857,not_run_in_development_grid,8b29e59e3a39db333187ef02a279d7723f487d94b438e8e97ce4d73eab48b4e8,clifford_4,RandomClifford,4,26,0.0714285714285714,0.0007184000005509006,21.42857142857143,1
b8_c64,8,64,success,exact,8,8,15,0,,0.0008915999987948453,0.00029990000075486023,0.0011914999995497055,28,20,0.2857142857142857,not_run_in_development_grid,8b29e59e3a39db333187ef02a279d7723f487d94b438e8e97ce4d73eab48b4e8,clifford_4,RandomClifford,4,26,0.0714285714285714,0.0007184000005509006,21.42857142857143,1
b32_c64,32,64,success,exact,8,8,15,0,,0.000840000000607688,0.0002991999990626937,0.0011391999996703817,28,20,0.2857142857142857,not_run_in_development_grid,8b29e59e3a39db333187ef02a279d7723f487d94b438e8e97ce4d73eab48b4e8,clifford_4,RandomClifford,4,26,0.0714285714285714,0.0007184000005509006,21.42857142857143,1
b1_c256,1,256,success,exact,8,8,15,0,,0.000826900000902242,0.00029549999999289867,0.0011224000008951407,28,20,0.2857142857142857,not_run_in_development_grid,8b29e59e3a39db333187ef02a279d7723f487d94b438e8e97ce4d73eab48b4e8,clifford_4,RandomClifford,4,26,0.0714285714285714,0.0007184000005509006,21.42857142857143,1
b8_c256,8,256,success,exact,8,8,15,0,,0.0012034999999741558,0.0003529999994498212,0.001556499999423977,28,20,0.2857142857142857,not_run_in_development_grid,8b29e59e3a39db333187ef02a279d7723f487d94b438e8e97ce4d73eab48b4e8,clifford_4,RandomClifford,4,26,0.0714285714285714,0.0007184000005509006,21.42857142857143,1
b32_c256,32,256,success,exact,8,8,15,0,,0.0011120000017399434,0.00030140000126266386,0.0014134000030026073,28,20,0.2857142857142857,not_run_in_development_grid,8b29e59e3a39db333187ef02a279d7723f487d94b438e8e97ce4d73eab48b4e8,clifford_4,RandomClifford,4,26,0.0714285714285714,0.0007184000005509006,21.42857142857143,1
b1_c64,1,64,success,exact,14,14,46,0,,0.006495700001323712,0.0004365999993751757,0.006932300000698888,44,30,0.31818181818181823,not_run_in_development_grid,082489d14e2c84f851b9515f5e16cffad519cec34fbf1349a6ba883153cfe252,clifford_6,RandomClifford,6,28,0.36363636363636365,0.001569900001413771,-4.545454545454541,1
b8_c64,8,64,success,exact,14,14,46,0,,0.004593100000420236,0.00043229999937466346,0.0050253999997948995,44,30,0.31818181818181823,not_run_in_development_grid,082489d14e2c84f851b9515f5e16cffad519cec34fbf1349a6ba883153cfe252,clifford_6,RandomClifford,6,28,0.36363636363636365,0.001569900001413771,-4.545454545454541,1
b32_c64,32,64,success,exact,14,14,46,0,,0.0055257000003621215,0.0004208000009384705,0.005946500001300592,44,30,0.31818181818181823,not_run_in_development_grid,082489d14e2c84f851b9515f5e16cffad519cec34fbf1349a6ba883153cfe252,clifford_6,RandomClifford,6,28,0.36363636363636365,0.001569900001413771,-4.545454545454541,1
b1_c256,1,256,success,exact,14,14,46,0,,0.0043900999990000855,0.00046930000098655,0.0048593999999866355,44,30,0.31818181818181823,not_run_in_development_grid,082489d14e2c84f851b9515f5e16cffad519cec34fbf1349a6ba883153cfe252,clifford_6,RandomClifford,6,28,0.36363636363636365,0.001569900001413771,-4.545454545454541,1
b8_c256,8,256,success,exact,14,14,46,0,,0.005251399999906425,0.00042240000038873404,0.005673800000295159,44,30,0.31818181818181823,not_run_in_development_grid,082489d14e2c84f851b9515f5e16cffad519cec34fbf1349a6ba883153cfe252,clifford_6,RandomClifford,6,28,0.36363636363636365,0.001569900001413771,-4.545454545454541,1
b32_c256,32,256,success,exact,14,14,46,0,,0.004596599999786122,0.0005736000002798392,0.005170200000065961,44,30,0.31818181818181823,not_run_in_development_grid,082489d14e2c84f851b9515f5e16cffad519cec34fbf1349a6ba883153cfe252,clifford_6,RandomClifford,6,28,0.36363636363636365,0.001569900001413771,-4.545454545454541,1
b1_c64,1,64,success,exact,4,4,10,0,,0.0008866999996826053,0.0003141000015602913,0.0012008000012428965,26,22,0.15384615384615385,not_run_in_development_grid,34ac6807a367e4649c549bb7e5379b105efee316f5ac8c12566d937750d6a8fa,bv_8,Oracle,9,22,0.15384615384615385,0.0006721999998262618,0.0,1
b8_c64,8,64,success,exact,4,4,10,0,,0.0008048999989114236,0.0003010000000358559,0.0011058999989472795,26,22,0.15384615384615385,not_run_in_development_grid,34ac6807a367e4649c549bb7e5379b105efee316f5ac8c12566d937750d6a8fa,bv_8,Oracle,9,22,0.15384615384615385,0.0006721999998262618,0.0,1
b32_c64,32,64,success,exact,4,4,10,0,,0.0007671999992453493,0.00030110000079730526,0.0010683000000426546,26,22,0.15384615384615385,not_run_in_development_grid,34ac6807a367e4649c549bb7e5379b105efee316f5ac8c12566d937750d6a8fa,bv_8,Oracle,9,22,0.15384615384615385,0.0006721999998262618,0.0,1
b1_c256,1,256,success,exact,4,4,10,0,,0.0007339999992836965,0.00030669999978272244,0.001040699999066419,26,22,0.15384615384615385,not_run_in_development_grid,34ac6807a367e4649c549bb7e5379b105efee316f5ac8c12566d937750d6a8fa,bv_8,Oracle,9,22,0.15384615384615385,0.0006721999998262618,0.0,1
b8_c256,8,256,success,exact,4,4,10,0,,0.0007455000013578683,0.0005193999986659037,0.001264900000023772,26,22,0.15384615384615385,not_run_in_development_grid,34ac6807a367e4649c549bb7e5379b105efee316f5ac8c12566d937750d6a8fa,bv_8,Oracle,9,22,0.15384615384615385,0.0006721999998262618,0.0,1
b32_c256,32,256,success,exact,4,4,10,0,,0.0015603000010742107,0.00030750000041734893,0.0018678000014915597,26,22,0.15384615384615385,not_run_in_development_grid,34ac6807a367e4649c549bb7e5379b105efee316f5ac8c12566d937750d6a8fa,bv_8,Oracle,9,22,0.15384615384615385,0.0006721999998262618,0.0,1
b1_c64,1,64,success,exact,6,6,107,0,,0.0013870000002498273,0.0037730000003648456,0.005160000000614673,51,45,0.11764705882352944,not_run_in_development_grid,8d9675d03084170fe7ac5525f6fcb719077b9720d82fdfd3a3438964e78b6345,uccsd_6,UCCSD_inspired,6,45,0.11764705882352944,0.0026303999984520487,0.0,1
b8_c64,8,64,success,exact,6,6,107,0,,0.002409000000625383,0.0035940999987360556,0.006003099999361439,51,45,0.11764705882352944,not_run_in_development_grid,8d9675d03084170fe7ac5525f6fcb719077b9720d82fdfd3a3438964e78b6345,uccsd_6,UCCSD_inspired,6,45,0.11764705882352944,0.0026303999984520487,0.0,1
b32_c64,32,64,success,exact,6,6,107,0,,0.0024032000001170672,0.0021619999988615746,0.004565199998978642,51,45,0.11764705882352944,not_run_in_development_grid,8d9675d03084170fe7ac5525f6fcb719077b9720d82fdfd3a3438964e78b6345,uccsd_6,UCCSD_inspired,6,45,0.11764705882352944,0.0026303999984520487,0.0,1
b1_c256,1,256,success,exact,6,6,107,0,,0.0015244999995047692,0.0021464999990712386,0.003670999998576008,51,45,0.11764705882352944,not_run_in_development_grid,8d9675d03084170fe7ac5525f6fcb719077b9720d82fdfd3a3438964e78b6345,uccsd_6,UCCSD_inspired,6,45,0.11764705882352944,0.0026303999984520487,0.0,1
b8_c256,8,256,success,exact,6,6,107,0,,0.0015800000001036096,0.002249099999971804,0.003829100000075414,51,45,0.11764705882352944,not_run_in_development_grid,8d9675d03084170fe7ac5525f6fcb719077b9720d82fdfd3a3438964e78b6345,uccsd_6,UCCSD_inspired,6,45,0.11764705882352944,0.0026303999984520487,0.0,1
b32_c256,32,256,success,exact,6,6,107,0,,0.0017177000008814503,0.002144399999451707,0.0038621000003331574,51,45,0.11764705882352944,not_run_in_development_grid,8d9675d03084170fe7ac5525f6fcb719077b9720d82fdfd3a3438964e78b6345,uccsd_6,UCCSD_inspired,6,45,0.11764705882352944,0.0026303999984520487,0.0,1
b1_c64,1,64,success,exact_zero,0,0,23,0,,0.001507000000856351,0.0006802999996580184,0.0021873000005143695,46,46,0.0,not_run_in_development_grid,49e4535dd05722cfe2cfda0d59fcc03e485eca61c04e97f3b303a014d4a4357b,hardware_eff_8,HardwareEfficient,8,46,0.0,0.0012205000020912848,0.0,0
b8_c64,8,64,success,exact_zero,0,0,23,0,,0.0007674999997107079,0.0006878000003780471,0.001455300000088755,46,46,0.0,not_run_in_development_grid,49e4535dd05722cfe2cfda0d59fcc03e485eca61c04e97f3b303a014d4a4357b,hardware_eff_8,HardwareEfficient,8,46,0.0,0.0012205000020912848,0.0,0
b32_c64,32,64,success,exact_zero,0,0,23,0,,0.0008780999996815808,0.000677699999869219,0.0015557999995507998,46,46,0.0,not_run_in_development_grid,49e4535dd05722cfe2cfda0d59fcc03e485eca61c04e97f3b303a014d4a4357b,hardware_eff_8,HardwareEfficient,8,46,0.0,0.0012205000020912848,0.0,0
b1_c256,1,256,success,exact_zero,0,0,23,0,,0.000756899999032612,0.0006933000004210044,0.0014501999994536163,46,46,0.0,not_run_in_development_grid,49e4535dd05722cfe2cfda0d59fcc03e485eca61c04e97f3b303a014d4a4357b,hardware_eff_8,HardwareEfficient,8,46,0.0,0.0012205000020912848,0.0,0
b8_c256,8,256,success,exact_zero,0,0,23,0,,0.0012124999993829988,0.0007688999994570622,0.001981399998840061,46,46,0.0,not_run_in_development_grid,49e4535dd05722cfe2cfda0d59fcc03e485eca61c04e97f3b303a014d4a4357b,hardware_eff_8,HardwareEfficient,8,46,0.0,0.0012205000020912848,0.0,0
b32_c256,32,256,success,exact_zero,0,0,23,0,,0.0009188000003632624,0.0007041000008030096,0.001622900001166272,46,46,0.0,not_run_in_development_grid,49e4535dd05722cfe2cfda0d59fcc03e485eca61c04e97f3b303a014d4a4357b,hardware_eff_8,HardwareEfficient,8,46,0.0,0.0012205000020912848,0.0,0
b1_c64,1,64,success,exact_zero,0,0,3,0,,0.0008285999992949655,0.0005670000009558862,0.0013956000002508517,30,30,0.0,not_run_in_development_grid,0b2df1631cec49dcdf94ae6c89b987525505936cb61ce3a67e0759c3b5437914,vqe_twolocal_4,VQE,4,30,0.0,0.0009111999988817843,0.0,0
b8_c64,8,64,success,exact_zero,0,0,3,0,,0.0007989999994606478,0.000812700000096811,0.0016116999995574588,30,30,0.0,not_run_in_development_grid,0b2df1631cec49dcdf94ae6c89b987525505936cb61ce3a67e0759c3b5437914,vqe_twolocal_4,VQE,4,30,0.0,0.0009111999988817843,0.0,0
b32_c64,32,64,success,exact_zero,0,0,3,0,,0.001655999998547486,0.0005451999986689771,0.002201199997216463,30,30,0.0,not_run_in_development_grid,0b2df1631cec49dcdf94ae6c89b987525505936cb61ce3a67e0759c3b5437914,vqe_twolocal_4,VQE,4,30,0.0,0.0009111999988817843,0.0,0
b1_c256,1,256,success,exact_zero,0,0,3,0,,0.0009976999990612967,0.0008576000000175554,0.0018552999990788521,30,30,0.0,not_run_in_development_grid,0b2df1631cec49dcdf94ae6c89b987525505936cb61ce3a67e0759c3b5437914,vqe_twolocal_4,VQE,4,30,0.0,0.0009111999988817843,0.0,0
b8_c256,8,256,success,exact_zero,0,0,3,0,,0.0009253000007447554,0.0005479999999806751,0.0014733000007254304,30,30,0.0,not_run_in_development_grid,0b2df1631cec49dcdf94ae6c89b987525505936cb61ce3a67e0759c3b5437914,vqe_twolocal_4,VQE,4,30,0.0,0.0009111999988817843,0.0,0
b32_c256,32,256,success,exact_zero,0,0,3,0,,0.0008557000001019333,0.0005361000003176741,0.0013918000004196074,30,30,0.0,not_run_in_development_grid,0b2df1631cec49dcdf94ae6c89b987525505936cb61ce3a67e0759c3b5437914,vqe_twolocal_4,VQE,4,30,0.0,0.0009111999988817843,0.0,0
b1_c64,1,64,success,exact,12,12,218,0,,0.008812300000499818,0.006070699999327189,0.014882999999827007,80,68,0.15000000000000002,not_run_in_development_grid,d200c6e5a74daf138e202579980ec549be8f1d3b945dcb231a735ae5ef935ab2,uccsd_8,UCCSD_inspired,8,68,0.15000000000000002,0.007270399999470101,0.0,1
b8_c64,8,64,success,exact,12,12,218,0,,0.008388700000068638,0.005266000000119675,0.013654700000188313,80,68,0.15000000000000002,not_run_in_development_grid,d200c6e5a74daf138e202579980ec549be8f1d3b945dcb231a735ae5ef935ab2,uccsd_8,UCCSD_inspired,8,68,0.15000000000000002,0.007270399999470101,0.0,1
b32_c64,32,64,success,exact,12,12,218,0,,0.007952100000693463,0.00579459999971732,0.013746700000410783,80,68,0.15000000000000002,not_run_in_development_grid,d200c6e5a74daf138e202579980ec549be8f1d3b945dcb231a735ae5ef935ab2,uccsd_8,UCCSD_inspired,8,68,0.15000000000000002,0.007270399999470101,0.0,1
b1_c256,1,256,success,exact,12,12,218,0,,0.009286900000006426,0.005536299999221228,0.014823199999227654,80,68,0.15000000000000002,not_run_in_development_grid,d200c6e5a74daf138e202579980ec549be8f1d3b945dcb231a735ae5ef935ab2,uccsd_8,UCCSD_inspired,8,68,0.15000000000000002,0.007270399999470101,0.0,1
b8_c256,8,256,success,exact,12,12,218,0,,0.008305899998958921,0.005252200000541052,0.013558099999499973,80,68,0.15000000000000002,not_run_in_development_grid,d200c6e5a74daf138e202579980ec549be8f1d3b945dcb231a735ae5ef935ab2,uccsd_8,UCCSD_inspired,8,68,0.15000000000000002,0.007270399999470101,0.0,1
b32_c256,32,256,success,exact,12,12,218,0,,0.008285200001409976,0.005849299999681534,0.01413450000109151,80,68,0.15000000000000002,not_run_in_development_grid,d200c6e5a74daf138e202579980ec549be8f1d3b945dcb231a735ae5ef935ab2,uccsd_8,UCCSD_inspired,8,68,0.15000000000000002,0.007270399999470101,0.0,1
b1_c64,1,64,success,truncated,252,128,1127757,62,conservative_overlap_check_budget_predicted:20000000:18299781,0.542903400000796,0.22625960000004852,0.7691630000008445,12046,11794,0.0209198074049477,not_run_in_development_grid,5b48e826e65152b0af21cba70e11371c1b074a0c9c1e146e88104ebda8da7f44,qwalk_8,QuantumWalk,9,11794,0.0209198074049477,0.3497033999992709,0.0,1
b8_c64,8,64,success,truncated,252,128,1127757,62,conservative_overlap_check_budget_predicted:20000000:18299781,1.7972073000000819,0.21048789999986184,2.0076951999999437,12046,11794,0.0209198074049477,not_run_in_development_grid,5b48e826e65152b0af21cba70e11371c1b074a0c9c1e146e88104ebda8da7f44,qwalk_8,QuantumWalk,9,11794,0.0209198074049477,0.3497033999992709,0.0,1
b32_c64,32,64,success,truncated,252,128,1127757,62,conservative_overlap_check_budget_predicted:20000000:18299781,5.868030999999974,0.22004439999909664,6.08807539999907,12046,11794,0.0209198074049477,not_run_in_development_grid,5b48e826e65152b0af21cba70e11371c1b074a0c9c1e146e88104ebda8da7f44,qwalk_8,QuantumWalk,9,11794,0.0209198074049477,0.3497033999992709,0.0,1
b1_c256,1,256,success,exact,252,252,1127757,0,conservative_overlap_check_budget_predicted:20000000:18299781,0.5963582999993378,0.2098588999997446,0.8062171999990824,12046,11794,0.0209198074049477,not_run_in_development_grid,5b48e826e65152b0af21cba70e11371c1b074a0c9c1e146e88104ebda8da7f44,qwalk_8,QuantumWalk,9,11794,0.0209198074049477,0.3497033999992709,0.0,1
b8_c256,8,256,success,exact,252,252,1127757,0,conservative_overlap_check_budget_predicted:20000000:18299781,2.3247986000005767,0.21567529999992985,2.5404739000005065,12046,11794,0.0209198074049477,not_run_in_development_grid,5b48e826e65152b0af21cba70e11371c1b074a0c9c1e146e88104ebda8da7f44,qwalk_8,QuantumWalk,9,11794,0.0209198074049477,0.3497033999992709,0.0,1
b32_c256,32,256,success,exact,252,252,1127757,0,conservative_overlap_check_budget_predicted:20000000:18299781,8.1208630000001,0.2808034999998199,8.40166649999992,12046,11794,0.0209198074049477,not_run_in_development_grid,5b48e826e65152b0af21cba70e11371c1b074a0c9c1e146e88104ebda8da7f44,qwalk_8,QuantumWalk,9,11794,0.0209198074049477,0.3497033999992709,0.0,1
b1_c64,1,64,success,exact,3,3,2444,0,,0.011079399999289308,0.020208899999488494,0.0312882999987778,275,272,0.010909090909090868,not_run_in_development_grid,893f6526bf6a6d3aeec9c02876eace88e08e93caa6ed56c50764daeba95b4560,haar_4,HaarRandom,4,275,0.0,0.0248213000013493,1.0909090909090868,1
b8_c64,8,64,success,exact,3,3,2444,0,,0.013180600000850973,0.017179499998746905,0.030360099999597878,275,272,0.010909090909090868,not_run_in_development_grid,893f6526bf6a6d3aeec9c02876eace88e08e93caa6ed56c50764daeba95b4560,haar_4,HaarRandom,4,275,0.0,0.0248213000013493,1.0909090909090868,1
b32_c64,32,64,success,exact,3,3,2444,0,,0.009405999999216874,0.012709000000540982,0.022114999999757856,275,272,0.010909090909090868,not_run_in_development_grid,893f6526bf6a6d3aeec9c02876eace88e08e93caa6ed56c50764daeba95b4560,haar_4,HaarRandom,4,275,0.0,0.0248213000013493,1.0909090909090868,1
b1_c256,1,256,success,exact,3,3,2444,0,,0.011897499998667627,0.01957860000038636,0.031476099999053986,275,272,0.010909090909090868,not_run_in_development_grid,893f6526bf6a6d3aeec9c02876eace88e08e93caa6ed56c50764daeba95b4560,haar_4,HaarRandom,4,275,0.0,0.0248213000013493,1.0909090909090868,1
b8_c256,8,256,success,exact,3,3,2444,0,,0.012030799998683506,0.0192683000004763,0.03129909999915981,275,272,0.010909090909090868,not_run_in_development_grid,893f6526bf6a6d3aeec9c02876eace88e08e93caa6ed56c50764daeba95b4560,haar_4,HaarRandom,4,275,0.0,0.0248213000013493,1.0909090909090868,1
b32_c256,32,256,success,exact,3,3,2444,0,,0.013264500001241686,0.019239200000811252,0.03250370000205294,275,272,0.010909090909090868,not_run_in_development_grid,893f6526bf6a6d3aeec9c02876eace88e08e93caa6ed56c50764daeba95b4560,haar_4,HaarRandom,4,275,0.0,0.0248213000013493,1.0909090909090868,1
b1_c64,1,64,success,exact_zero,0,0,0,0,,0.001239299999724608,0.000450999999884516,0.001690299999609124,18,18,0.0,not_run_in_development_grid,99bbb7d14c43822569de544c5e8a4b3ccfd00506bb1041b2da2a6c12d1b20f7f,adder_8,Adder,10,18,0.0,0.0009623999994801125,0.0,0
b8_c64,8,64,success,exact_zero,0,0,0,0,,0.0010277000001224224,0.00044049999996786937,0.0014682000000902917,18,18,0.0,not_run_in_development_grid,99bbb7d14c43822569de544c5e8a4b3ccfd00506bb1041b2da2a6c12d1b20f7f,adder_8,Adder,10,18,0.0,0.0009623999994801125,0.0,0
b32_c64,32,64,success,exact_zero,0,0,0,0,,0.0010324000013497425,0.0005209000009926967,0.0015533000023424393,18,18,0.0,not_run_in_development_grid,99bbb7d14c43822569de544c5e8a4b3ccfd00506bb1041b2da2a6c12d1b20f7f,adder_8,Adder,10,18,0.0,0.0009623999994801125,0.0,0
b1_c256,1,256,success,exact_zero,0,0,0,0,,0.0018075000007229391,0.0005144999995536637,0.002322000000276603,18,18,0.0,not_run_in_development_grid,99bbb7d14c43822569de544c5e8a4b3ccfd00506bb1041b2da2a6c12d1b20f7f,adder_8,Adder,10,18,0.0,0.0009623999994801125,0.0,0
b8_c256,8,256,success,exact_zero,0,0,0,0,,0.0012301999995543156,0.0004194000011921162,0.0016496000007464318,18,18,0.0,not_run_in_development_grid,99bbb7d14c43822569de544c5e8a4b3ccfd00506bb1041b2da2a6c12d1b20f7f,adder_8,Adder,10,18,0.0,0.0009623999994801125,0.0,0
b32_c256,32,256,success,exact_zero,0,0,0,0,,0.0010383999997429783,0.0004155999995418824,0.0014539999992848607,18,18,0.0,not_run_in_development_grid,99bbb7d14c43822569de544c5e8a4b3ccfd00506bb1041b2da2a6c12d1b20f7f,adder_8,Adder,10,18,0.0,0.0009623999994801125,0.0,0
b1_c64,1,64,success,exact_zero,0,0,1,0,,0.0011211000000912463,0.00030839999999443535,0.0014295000000856817,8,8,0.0,not_run_in_development_grid,9efcd7e7d63057f26477dd71e9cc9399123981e05ee8aa5ae613fa5f7681e66c,surface_code_5,SurfaceCode,6,8,0.0,0.00032449999889649916,0.0,0
b8_c64,8,64,success,exact_zero,0,0,1,0,,0.0013359999993554084,0.00022869999884278513,0.0015646999981981935,8,8,0.0,not_run_in_development_grid,9efcd7e7d63057f26477dd71e9cc9399123981e05ee8aa5ae613fa5f7681e66c,surface_code_5,SurfaceCode,6,8,0.0,0.00032449999889649916,0.0,0
b32_c64,32,64,success,exact_zero,0,0,1,0,,0.00097749999986263,0.00021689999994123355,0.0011943999998038635,8,8,0.0,not_run_in_development_grid,9efcd7e7d63057f26477dd71e9cc9399123981e05ee8aa5ae613fa5f7681e66c,surface_code_5,SurfaceCode,6,8,0.0,0.00032449999889649916,0.0,0
b1_c256,1,256,success,exact_zero,0,0,1,0,,0.0009105999997700565,0.00020290000065870117,0.0011135000004287576,8,8,0.0,not_run_in_development_grid,9efcd7e7d63057f26477dd71e9cc9399123981e05ee8aa5ae613fa5f7681e66c,surface_code_5,SurfaceCode,6,8,0.0,0.00032449999889649916,0.0,0
b8_c256,8,256,success,exact_zero,0,0,1,0,,0.0009065999984159134,0.0002234999992651865,0.0011300999976811,8,8,0.0,not_run_in_development_grid,9efcd7e7d63057f26477dd71e9cc9399123981e05ee8aa5ae613fa5f7681e66c,surface_code_5,SurfaceCode,6,8,0.0,0.00032449999889649916,0.0,0
b32_c256,32,256,success,exact_zero,0,0,1,0,,0.0009107999994739657,0.000204699999812874,0.0011154999992868397,8,8,0.0,not_run_in_development_grid,9efcd7e7d63057f26477dd71e9cc9399123981e05ee8aa5ae613fa5f7681e66c,surface_code_5,SurfaceCode,6,8,0.0,0.00032449999889649916,0.0,0
b1_c64,1,64,success,exact_zero,0,0,1,0,,0.0020000000004074536,0.00027690000024449546,0.002276900000651949,11,11,0.0,not_run_in_development_grid,b866fb4b41003a7d731ad7258462101c103a99bb9ec5d149206b154bb5a479bf,surface_code_8,SurfaceCode,9,11,0.0,0.001063999998223153,0.0,0
b8_c64,8,64,success,exact_zero,0,0,1,0,,0.001024699999106815,0.00025880000066536013,0.0012834999997721752,11,11,0.0,not_run_in_development_grid,b866fb4b41003a7d731ad7258462101c103a99bb9ec5d149206b154bb5a479bf,surface_code_8,SurfaceCode,9,11,0.0,0.001063999998223153,0.0,0
b32_c64,32,64,success,exact_zero,0,0,1,0,,0.001003100000161794,0.0002736999995249789,0.001276799999686773,11,11,0.0,not_run_in_development_grid,b866fb4b41003a7d731ad7258462101c103a99bb9ec5d149206b154bb5a479bf,surface_code_8,SurfaceCode,9,11,0.0,0.001063999998223153,0.0,0
b1_c256,1,256,success,exact_zero,0,0,1,0,,0.0010192000008828472,0.00032470000041939784,0.001343900001302245,11,11,0.0,not_run_in_development_grid,b866fb4b41003a7d731ad7258462101c103a99bb9ec5d149206b154bb5a479bf,surface_code_8,SurfaceCode,9,11,0.0,0.001063999998223153,0.0,0
b8_c256,8,256,success,exact_zero,0,0,1,0,,0.0016851000000315253,0.0002645999993546866,0.0019496999993862119,11,11,0.0,not_run_in_development_grid,b866fb4b41003a7d731ad7258462101c103a99bb9ec5d149206b154bb5a479bf,surface_code_8,SurfaceCode,9,11,0.0,0.001063999998223153,0.0,0
b32_c256,32,256,success,exact_zero,0,0,1,0,,0.0010020000008807983,0.000265800001216121,0.0012678000020969193,11,11,0.0,not_run_in_development_grid,b866fb4b41003a7d731ad7258462101c103a99bb9ec5d149206b154bb5a479bf,surface_code_8,SurfaceCode,9,11,0.0,0.001063999998223153,0.0,0
b1_c64,1,64,success,exact_zero,0,0,11,0,,0.0015851999996812083,0.0006705000014335383,0.0022557000011147466,22,22,0.0,not_run_in_development_grid,5e374d2d9df7152707d5a3b917c5572905ce53bc378306ed7da8919f036c289d,hardware_eff_4,HardwareEfficient,4,22,0.0,0.0011737999993783887,0.0,0
b8_c64,8,64,success,exact_zero,0,0,11,0,,0.0011673000008158851,0.00048179999976127874,0.0016491000005771639,22,22,0.0,not_run_in_development_grid,5e374d2d9df7152707d5a3b917c5572905ce53bc378306ed7da8919f036c289d,hardware_eff_4,HardwareEfficient,4,22,0.0,0.0011737999993783887,0.0,0
b32_c64,32,64,success,exact_zero,0,0,11,0,,0.0009221999989676988,0.0003942000003007706,0.0013163999992684694,22,22,0.0,not_run_in_development_grid,5e374d2d9df7152707d5a3b917c5572905ce53bc378306ed7da8919f036c289d,hardware_eff_4,HardwareEfficient,4,22,0.0,0.0011737999993783887,0.0,0
b1_c256,1,256,success,exact_zero,0,0,11,0,,0.001097700000173063,0.0006542999999510357,0.0017520000001240987,22,22,0.0,not_run_in_development_grid,5e374d2d9df7152707d5a3b917c5572905ce53bc378306ed7da8919f036c289d,hardware_eff_4,HardwareEfficient,4,22,0.0,0.0011737999993783887,0.0,0
b8_c256,8,256,success,exact_zero,0,0,11,0,,0.0012639999986276962,0.0003845000010187505,0.0016484999996464467,22,22,0.0,not_run_in_development_grid,5e374d2d9df7152707d5a3b917c5572905ce53bc378306ed7da8919f036c289d,hardware_eff_4,HardwareEfficient,4,22,0.0,0.0011737999993783887,0.0,0
b32_c256,32,256,success,exact_zero,0,0,11,0,,0.0009415999993507285,0.00040780000017548446,0.001349399999526213,22,22,0.0,not_run_in_development_grid,5e374d2d9df7152707d5a3b917c5572905ce53bc378306ed7da8919f036c289d,hardware_eff_4,HardwareEfficient,4,22,0.0,0.0011737999993783887,0.0,0
b1_c64,1,64,success,exact,6,6,15,0,,0.0019186999998055398,0.0014941000008548144,0.0034128000006603543,23,17,0.26086956521739135,not_run_in_development_grid,1cfed9e8d4d3d922274c93ac90508b7632b2c9fb1a0d01862aa77ba6164bb231,iqp_4,IQP,4,20,0.13043478260869568,0.0009659000006649876,13.043478260869568,1
b8_c64,8,64,success,exact,6,6,15,0,,0.002260899998873356,0.001367200000458979,0.003628099999332335,23,17,0.26086956521739135,not_run_in_development_grid,1cfed9e8d4d3d922274c93ac90508b7632b2c9fb1a0d01862aa77ba6164bb231,iqp_4,IQP,4,20,0.13043478260869568,0.0009659000006649876,13.043478260869568,1
b32_c64,32,64,success,exact,6,6,15,0,,0.0018203999989054864,0.0013825000005454058,0.003202899999450892,23,17,0.26086956521739135,not_run_in_development_grid,1cfed9e8d4d3d922274c93ac90508b7632b2c9fb1a0d01862aa77ba6164bb231,iqp_4,IQP,4,20,0.13043478260869568,0.0009659000006649876,13.043478260869568,1
b1_c256,1,256,success,exact,6,6,15,0,,0.0017996000005950918,0.001466699999582488,0.00326630000017758,23,17,0.26086956521739135,not_run_in_development_grid,1cfed9e8d4d3d922274c93ac90508b7632b2c9fb1a0d01862aa77ba6164bb231,iqp_4,IQP,4,20,0.13043478260869568,0.0009659000006649876,13.043478260869568,1
b8_c256,8,256,success,exact,6,6,15,0,,0.00217999999949825,0.0008195999998861225,0.0029995999993843725,23,17,0.26086956521739135,not_run_in_development_grid,1cfed9e8d4d3d922274c93ac90508b7632b2c9fb1a0d01862aa77ba6164bb231,iqp_4,IQP,4,20,0.13043478260869568,0.0009659000006649876,13.043478260869568,1
b32_c256,32,256,success,exact,6,6,15,0,,0.0018470000013621757,0.0013698999991902383,0.003216900000552414,23,17,0.26086956521739135,not_run_in_development_grid,1cfed9e8d4d3d922274c93ac90508b7632b2c9fb1a0d01862aa77ba6164bb231,iqp_4,IQP,4,20,0.13043478260869568,0.0009659000006649876,13.043478260869568,1
b1_c64,1,64,success,exact,18,18,41,0,,0.02705230000174197,0.0013722999992751284,0.028424600001017097,57,39,0.3157894736842105,not_run_in_development_grid,ab6c0308e70783c337dc12cc3601cedbca26ad9ff939cc7bbedff27b595326e7,clifford_8,RandomClifford,8,39,0.3157894736842105,0.0025538999998389045,0.0,1
b8_c64,8,64,success,exact,18,18,41,0,,0.033360899999024696,0.0008825999993860023,0.0342434999984107,57,39,0.3157894736842105,not_run_in_development_grid,ab6c0308e70783c337dc12cc3601cedbca26ad9ff939cc7bbedff27b595326e7,clifford_8,RandomClifford,8,39,0.3157894736842105,0.0025538999998389045,0.0,1
b32_c64,32,64,success,exact,18,18,41,0,,0.023789200000464916,0.0009071000004041707,0.024696300000869087,57,39,0.3157894736842105,not_run_in_development_grid,ab6c0308e70783c337dc12cc3601cedbca26ad9ff939cc7bbedff27b595326e7,clifford_8,RandomClifford,8,39,0.3157894736842105,0.0025538999998389045,0.0,1
b1_c256,1,256,success,exact,18,18,41,0,,0.024721400000998983,0.0012117000005673617,0.025933100001566345,57,39,0.3157894736842105,not_run_in_development_grid,ab6c0308e70783c337dc12cc3601cedbca26ad9ff939cc7bbedff27b595326e7,clifford_8,RandomClifford,8,39,0.3157894736842105,0.0025538999998389045,0.0,1
b8_c256,8,256,success,exact,18,18,41,0,,0.023341800000707735,0.0005913000004511559,0.02393310000115889,57,39,0.3157894736842105,not_run_in_development_grid,ab6c0308e70783c337dc12cc3601cedbca26ad9ff939cc7bbedff27b595326e7,clifford_8,RandomClifford,8,39,0.3157894736842105,0.0025538999998389045,0.0,1
b32_c256,32,256,success,exact,18,18,41,0,,0.015271199999915552,0.0009521000010863645,0.016223300001001917,57,39,0.3157894736842105,not_run_in_development_grid,ab6c0308e70783c337dc12cc3601cedbca26ad9ff939cc7bbedff27b595326e7,clifford_8,RandomClifford,8,39,0.3157894736842105,0.0025538999998389045,0.0,1
b1_c64,1,64,success,exact_zero,0,0,1,0,,0.0013627000007545575,0.00023469999905501027,0.0015973999998095678,8,8,0.0,not_run_in_development_grid,c79699bc553ba266feca0cc48d12346c9fa31633f6c158d26ee08f6599c9d82f,surface_code_6,SurfaceCode,7,8,0.0,0.000456300000223564,0.0,0
b8_c64,8,64,success,exact_zero,0,0,1,0,,0.0011416999986977316,0.00024080000002868474,0.0013824999987264164,8,8,0.0,not_run_in_development_grid,c79699bc553ba266feca0cc48d12346c9fa31633f6c158d26ee08f6599c9d82f,surface_code_6,SurfaceCode,7,8,0.0,0.000456300000223564,0.0,0
b32_c64,32,64,success,exact_zero,0,0,1,0,,0.0010739000008470612,0.0002274999988003401,0.0013013999996474013,8,8,0.0,not_run_in_development_grid,c79699bc553ba266feca0cc48d12346c9fa31633f6c158d26ee08f6599c9d82f,surface_code_6,SurfaceCode,7,8,0.0,0.000456300000223564,0.0,0
b1_c256,1,256,success,exact_zero,0,0,1,0,,0.0010481999997864477,0.0002311000007466646,0.0012793000005331123,8,8,0.0,not_run_in_development_grid,c79699bc553ba266feca0cc48d12346c9fa31633f6c158d26ee08f6599c9d82f,surface_code_6,SurfaceCode,7,8,0.0,0.000456300000223564,0.0,0
b8_c256,8,256,success,exact_zero,0,0,1,0,,0.0010714000000007218,0.00025769999956537504,0.0013290999995660968,8,8,0.0,not_run_in_development_grid,c79699bc553ba266feca0cc48d12346c9fa31633f6c158d26ee08f6599c9d82f,surface_code_6,SurfaceCode,7,8,0.0,0.000456300000223564,0.0,0
b32_c256,32,256,success,exact_zero,0,0,1,0,,0.0017451999992772471,0.00023830000100133475,0.001983500000278582,8,8,0.0,not_run_in_development_grid,c79699bc553ba266feca0cc48d12346c9fa31633f6c158d26ee08f6599c9d82f,surface_code_6,SurfaceCode,7,8,0.0,0.000456300000223564,0.0,0
b1_c64,1,64,success,exact,120,120,51264,0,,1.136130700000649,0.03340329999991809,1.1695340000005672,1900,1780,0.06315789473684208,not_run_in_development_grid,f88dd26fe808edabf53419e020b87e3b4a517886def363d693787b3bc9728cf8,qwalk_5,QuantumWalk,6,1780,0.06315789473684208,0.08503070000006119,0.0,1
b8_c64,8,64,success,exact,120,120,51264,0,,7.382337799999732,0.033762699998987955,7.41610049999872,1900,1780,0.06315789473684208,not_run_in_development_grid,f88dd26fe808edabf53419e020b87e3b4a517886def363d693787b3bc9728cf8,qwalk_5,QuantumWalk,6,1780,0.06315789473684208,0.08503070000006119,0.0,1
b32_c64,32,64,success,exact,120,120,51264,0,,25.23796399999992,0.03596990000005462,25.273933899999975,1900,1780,0.06315789473684208,not_run_in_development_grid,f88dd26fe808edabf53419e020b87e3b4a517886def363d693787b3bc9728cf8,qwalk_5,QuantumWalk,6,1780,0.06315789473684208,0.08503070000006119,0.0,1
b1_c256,1,256,success,exact,120,120,51264,0,,1.0529803000008542,0.03419659999963187,1.087176900000486,1900,1780,0.06315789473684208,not_run_in_development_grid,f88dd26fe808edabf53419e020b87e3b4a517886def363d693787b3bc9728cf8,qwalk_5,QuantumWalk,6,1780,0.06315789473684208,0.08503070000006119,0.0,1
b8_c256,8,256,success,exact,120,120,51264,0,,7.089932499999122,0.032715200000893674,7.122647700000016,1900,1780,0.06315789473684208,not_run_in_development_grid,f88dd26fe808edabf53419e020b87e3b4a517886def363d693787b3bc9728cf8,qwalk_5,QuantumWalk,6,1780,0.06315789473684208,0.08503070000006119,0.0,1
b32_c256,32,256,success,exact,120,120,51264,0,,26.082545900000696,0.03386610000052315,26.11641200000122,1900,1780,0.06315789473684208,not_run_in_development_grid,f88dd26fe808edabf53419e020b87e3b4a517886def363d693787b3bc9728cf8,qwalk_5,QuantumWalk,6,1780,0.06315789473684208,0.08503070000006119,0.0,1
b1_c64,1,64,success,exact,8,8,126,0,,0.0028442999991966644,0.0018263000001752516,0.004670599999371916,86,78,0.09302325581395354,not_run_in_development_grid,fcc1daadc89b349ed68d575311f3e662b665486c74c598f45f3b363c8841378d,grover_4,Grover,4,78,0.09302325581395354,0.002126599998518941,0.0,1
b8_c64,8,64,success,exact,8,8,126,0,,0.0029780999993818114,0.0012265000004845206,0.004204599999866332,86,78,0.09302325581395354,not_run_in_development_grid,fcc1daadc89b349ed68d575311f3e662b665486c74c598f45f3b363c8841378d,grover_4,Grover,4,78,0.09302325581395354,0.002126599998518941,0.0,1
b32_c64,32,64,success,exact,8,8,126,0,,0.0024819999998726416,0.0012112999993405538,0.0036932999992131954,86,78,0.09302325581395354,not_run_in_development_grid,fcc1daadc89b349ed68d575311f3e662b665486c74c598f45f3b363c8841378d,grover_4,Grover,4,78,0.09302325581395354,0.002126599998518941,0.0,1
b1_c256,1,256,success,exact,8,8,126,0,,0.0030573999993066536,0.0013409000002866378,0.004398299999593291,86,78,0.09302325581395354,not_run_in_development_grid,fcc1daadc89b349ed68d575311f3e662b665486c74c598f45f3b363c8841378d,grover_4,Grover,4,78,0.09302325581395354,0.002126599998518941,0.0,1
b8_c256,8,256,success,exact,8,8,126,0,,0.0028335000006336486,0.0012475000003178138,0.004081000000951462,86,78,0.09302325581395354,not_run_in_development_grid,fcc1daadc89b349ed68d575311f3e662b665486c74c598f45f3b363c8841378d,grover_4,Grover,4,78,0.09302325581395354,0.002126599998518941,0.0,1
b32_c256,32,256,success,exact,8,8,126,0,,0.003545499999745516,0.0020961000009265263,0.005641600000672042,86,78,0.09302325581395354,not_run_in_development_grid,fcc1daadc89b349ed68d575311f3e662b665486c74c598f45f3b363c8841378d,grover_4,Grover,4,78,0.09302325581395354,0.002126599998518941,0.0,1
b1_c64,1,64,success,exact,12,12,218,0,,0.008955000001151348,0.006030200000168406,0.014985200001319754,80,68,0.15000000000000002,not_run_in_development_grid,327b728c1ca9b595df52e9004e38fd5c2c86f6df6d8c5681d21e504efae558cc,uccsd_8,UCCSD_inspired,8,68,0.15000000000000002,0.007264600000780774,0.0,1
b8_c64,8,64,success,exact,12,12,218,0,,0.008102100000542123,0.006176400000185822,0.014278500000727945,80,68,0.15000000000000002,not_run_in_development_grid,327b728c1ca9b595df52e9004e38fd5c2c86f6df6d8c5681d21e504efae558cc,uccsd_8,UCCSD_inspired,8,68,0.15000000000000002,0.007264600000780774,0.0,1
b32_c64,32,64,success,exact,12,12,218,0,,0.008625000000392902,0.0055852999994385755,0.014210299999831477,80,68,0.15000000000000002,not_run_in_development_grid,327b728c1ca9b595df52e9004e38fd5c2c86f6df6d8c5681d21e504efae558cc,uccsd_8,UCCSD_inspired,8,68,0.15000000000000002,0.007264600000780774,0.0,1
b1_c256,1,256,success,exact,12,12,218,0,,0.008704100000613835,0.00600029999986873,0.014704400000482565,80,68,0.15000000000000002,not_run_in_development_grid,327b728c1ca9b595df52e9004e38fd5c2c86f6df6d8c5681d21e504efae558cc,uccsd_8,UCCSD_inspired,8,68,0.15000000000000002,0.007264600000780774,0.0,1
b8_c256,8,256,success,exact,12,12,218,0,,0.008194000000003143,0.005481000000145286,0.01367500000014843,80,68,0.15000000000000002,not_run_in_development_grid,327b728c1ca9b595df52e9004e38fd5c2c86f6df6d8c5681d21e504efae558cc,uccsd_8,UCCSD_inspired,8,68,0.15000000000000002,0.007264600000780774,0.0,1
b32_c256,32,256,success,exact,12,12,218,0,,0.008068000001003384,0.005453699999634409,0.013521700000637793,80,68,0.15000000000000002,not_run_in_development_grid,327b728c1ca9b595df52e9004e38fd5c2c86f6df6d8c5681d21e504efae558cc,uccsd_8,UCCSD_inspired,8,68,0.15000000000000002,0.007264600000780774,0.0,1
b1_c64,1,64,success,exact_zero,0,0,0,0,,0.001131199998781085,0.00012430000060703605,0.001255499999388121,7,7,0.0,not_run_in_development_grid,0cdd5a16e73c23ba58925f4d39695d1266fd02932361888693ce1d5d922fd6ce,adder_3,Adder,4,7,0.0,0.000534999999217689,0.0,0
b8_c64,8,64,success,exact_zero,0,0,0,0,,0.0007459000007656869,0.00011810000069090165,0.0008640000014565885,7,7,0.0,not_run_in_development_grid,0cdd5a16e73c23ba58925f4d39695d1266fd02932361888693ce1d5d922fd6ce,adder_3,Adder,4,7,0.0,0.000534999999217689,0.0,0
b32_c64,32,64,success,exact_zero,0,0,0,0,,0.0006995999992795987,0.00011839999933727086,0.0008179999986168696,7,7,0.0,not_run_in_development_grid,0cdd5a16e73c23ba58925f4d39695d1266fd02932361888693ce1d5d922fd6ce,adder_3,Adder,4,7,0.0,0.000534999999217689,0.0,0
b1_c256,1,256,success,exact_zero,0,0,0,0,,0.0007216000012704171,0.00011550000090210233,0.0008371000021725195,7,7,0.0,not_run_in_development_grid,0cdd5a16e73c23ba58925f4d39695d1266fd02932361888693ce1d5d922fd6ce,adder_3,Adder,4,7,0.0,0.000534999999217689,0.0,0
b8_c256,8,256,success,exact_zero,0,0,0,0,,0.0006819999998697313,0.00011720000111381523,0.0007992000009835465,7,7,0.0,not_run_in_development_grid,0cdd5a16e73c23ba58925f4d39695d1266fd02932361888693ce1d5d922fd6ce,adder_3,Adder,4,7,0.0,0.000534999999217689,0.0,0
b32_c256,32,256,success,exact_zero,0,0,0,0,,0.0006910000010975637,0.0001159999992523808,0.0008070000003499445,7,7,0.0,not_run_in_development_grid,0cdd5a16e73c23ba58925f4d39695d1266fd02932361888693ce1d5d922fd6ce,adder_3,Adder,4,7,0.0,0.000534999999217689,0.0,0
b1_c64,1,64,success,exact,108,108,13305,0,,0.16760449999856064,0.012941199998749653,0.1805456999973103,646,538,0.16718266253869973,not_run_in_development_grid,3423136e859fa215b3b360e805aaa1303009ced372beda3ec71687a13e80c4b6,qwalk_4,QuantumWalk,5,538,0.16718266253869973,0.016579600001932704,0.0,1
b8_c64,8,64,success,exact,108,108,13305,0,,1.1629135000002861,0.012626099998669815,1.175539599998956,646,538,0.16718266253869973,not_run_in_development_grid,3423136e859fa215b3b360e805aaa1303009ced372beda3ec71687a13e80c4b6,qwalk_4,QuantumWalk,5,538,0.16718266253869973,0.016579600001932704,0.0,1
b32_c64,32,64,success,exact,108,108,13305,0,,4.095153800000844,0.012178200000562356,4.107332000001406,646,538,0.16718266253869973,not_run_in_development_grid,3423136e859fa215b3b360e805aaa1303009ced372beda3ec71687a13e80c4b6,qwalk_4,QuantumWalk,5,538,0.16718266253869973,0.016579600001932704,0.0,1
b1_c256,1,256,success,exact,108,108,13305,0,,0.16829540000071574,0.012507999999797903,0.18080340000051365,646,538,0.16718266253869973,not_run_in_development_grid,3423136e859fa215b3b360e805aaa1303009ced372beda3ec71687a13e80c4b6,qwalk_4,QuantumWalk,5,538,0.16718266253869973,0.016579600001932704,0.0,1
b8_c256,8,256,success,exact,108,108,13305,0,,1.111579399999755,0.01321260000077018,1.1247920000005251,646,538,0.16718266253869973,not_run_in_development_grid,3423136e859fa215b3b360e805aaa1303009ced372beda3ec71687a13e80c4b6,qwalk_4,QuantumWalk,5,538,0.16718266253869973,0.016579600001932704,0.0,1
b32_c256,32,256,success,exact,108,108,13305,0,,4.141501300000527,0.022933199999897624,4.164434500000425,646,538,0.16718266253869973,not_run_in_development_grid,3423136e859fa215b3b360e805aaa1303009ced372beda3ec71687a13e80c4b6,qwalk_4,QuantumWalk,5,538,0.16718266253869973,0.016579600001932704,0.0,1
b1_c64,1,64,success,exact_zero,0,0,7,0,,0.0011529000003065448,0.0010136999990209006,0.0021665999993274454,62,62,0.0,not_run_in_development_grid,251f2e6bde8df1f5e9ec01838a8651a4178e7cd4f49748cd82510544d5869691,vqe_twolocal_8,VQE,8,62,0.0,0.002140700000381912,0.0,0
b8_c64,8,64,success,exact_zero,0,0,7,0,,0.000842400000692578,0.001076100001228042,0.00191850000192062,62,62,0.0,not_run_in_development_grid,251f2e6bde8df1f5e9ec01838a8651a4178e7cd4f49748cd82510544d5869691,vqe_twolocal_8,VQE,8,62,0.0,0.002140700000381912,0.0,0
b32_c64,32,64,success,exact_zero,0,0,7,0,,0.0012851999999838881,0.0010130999999091728,0.002298299999893061,62,62,0.0,not_run_in_development_grid,251f2e6bde8df1f5e9ec01838a8651a4178e7cd4f49748cd82510544d5869691,vqe_twolocal_8,VQE,8,62,0.0,0.002140700000381912,0.0,0
b1_c256,1,256,success,exact_zero,0,0,7,0,,0.0008330000000569271,0.0010181000016018515,0.0018511000016587786,62,62,0.0,not_run_in_development_grid,251f2e6bde8df1f5e9ec01838a8651a4178e7cd4f49748cd82510544d5869691,vqe_twolocal_8,VQE,8,62,0.0,0.002140700000381912,0.0,0
b8_c256,8,256,success,exact_zero,0,0,7,0,,0.0007982999995874707,0.0011388000002625631,0.0019370999998500338,62,62,0.0,not_run_in_development_grid,251f2e6bde8df1f5e9ec01838a8651a4178e7cd4f49748cd82510544d5869691,vqe_twolocal_8,VQE,8,62,0.0,0.002140700000381912,0.0,0
b32_c256,32,256,success,exact_zero,0,0,7,0,,0.000927699999010656,0.0012091999997210223,0.0021368999987316784,62,62,0.0,not_run_in_development_grid,251f2e6bde8df1f5e9ec01838a8651a4178e7cd4f49748cd82510544d5869691,vqe_twolocal_8,VQE,8,62,0.0,0.002140700000381912,0.0,0
b1_c64,1,64,success,exact_zero,0,0,1,0,,0.0008481000004394446,0.00015050000001792796,0.0009986000004573725,10,10,0.0,not_run_in_development_grid,1c82b236ba06c15d01c63ef7f002938983d64d0466097126e6dd69be4a8ec39b,surface_code_8,SurfaceCode,9,10,0.0,0.0005679999994754326,0.0,0
b8_c64,8,64,success,exact_zero,0,0,1,0,,0.0007046000009722775,0.00014879999980621506,0.0008534000007784925,10,10,0.0,not_run_in_development_grid,1c82b236ba06c15d01c63ef7f002938983d64d0466097126e6dd69be4a8ec39b,surface_code_8,SurfaceCode,9,10,0.0,0.0005679999994754326,0.0,0
b32_c64,32,64,success,exact_zero,0,0,1,0,,0.0007363999993685866,0.00014229999942472205,0.0008786999987933086,10,10,0.0,not_run_in_development_grid,1c82b236ba06c15d01c63ef7f002938983d64d0466097126e6dd69be4a8ec39b,surface_code_8,SurfaceCode,9,10,0.0,0.0005679999994754326,0.0,0
b1_c256,1,256,success,exact_zero,0,0,1,0,,0.0006587999996554572,0.00013980000039737206,0.0007986000000528293,10,10,0.0,not_run_in_development_grid,1c82b236ba06c15d01c63ef7f002938983d64d0466097126e6dd69be4a8ec39b,surface_code_8,SurfaceCode,9,10,0.0,0.0005679999994754326,0.0,0
b8_c256,8,256,success,exact_zero,0,0,1,0,,0.000637700000879704,0.0001412999990861863,0.0007789999999658903,10,10,0.0,not_run_in_development_grid,1c82b236ba06c15d01c63ef7f002938983d64d0466097126e6dd69be4a8ec39b,surface_code_8,SurfaceCode,9,10,0.0,0.0005679999994754326,0.0,0
b32_c256,32,256,success,exact_zero,0,0,1,0,,0.0006308000010903925,0.00013330000001587905,0.0007641000011062715,10,10,0.0,not_run_in_development_grid,1c82b236ba06c15d01c63ef7f002938983d64d0466097126e6dd69be4a8ec39b,surface_code_8,SurfaceCode,9,10,0.0,0.0005679999994754326,0.0,0
b1_c64,1,64,success,exact,6,6,135,0,,0.0017506000003777444,0.0025998999990406446,0.004350499999418389,58,52,0.10344827586206895,not_run_in_development_grid,1d4853bca63144935eeb81d785f652a95967ee4e4ffe44f0b753e62a72490a87,uccsd_6,UCCSD_inspired,6,52,0.10344827586206895,0.0038076000000728527,0.0,1
b8_c64,8,64,success,exact,6,6,135,0,,0.0021039000002929242,0.002681099998881109,0.004784999999174033,58,52,0.10344827586206895,not_run_in_development_grid,1d4853bca63144935eeb81d785f652a95967ee4e4ffe44f0b753e62a72490a87,uccsd_6,UCCSD_inspired,6,52,0.10344827586206895,0.0038076000000728527,0.0,1
b32_c64,32,64,success,exact,6,6,135,0,,0.0017161000014311867,0.0030133999989629956,0.004729500000394182,58,52,0.10344827586206895,not_run_in_development_grid,1d4853bca63144935eeb81d785f652a95967ee4e4ffe44f0b753e62a72490a87,uccsd_6,UCCSD_inspired,6,52,0.10344827586206895,0.0038076000000728527,0.0,1
b1_c256,1,256,success,exact,6,6,135,0,,0.002250899999125977,0.0022570000000996515,0.0045078999992256286,58,52,0.10344827586206895,not_run_in_development_grid,1d4853bca63144935eeb81d785f652a95967ee4e4ffe44f0b753e62a72490a87,uccsd_6,UCCSD_inspired,6,52,0.10344827586206895,0.0038076000000728527,0.0,1
b8_c256,8,256,success,exact,6,6,135,0,,0.0014967000006436137,0.0023283999998966465,0.0038251000005402602,58,52,0.10344827586206895,not_run_in_development_grid,1d4853bca63144935eeb81d785f652a95967ee4e4ffe44f0b753e62a72490a87,uccsd_6,UCCSD_inspired,6,52,0.10344827586206895,0.0038076000000728527,0.0,1
b32_c256,32,256,success,exact,6,6,135,0,,0.002201999999670079,0.0022558000000572065,0.0044577999997272855,58,52,0.10344827586206895,not_run_in_development_grid,1d4853bca63144935eeb81d785f652a95967ee4e4ffe44f0b753e62a72490a87,uccsd_6,UCCSD_inspired,6,52,0.10344827586206895,0.0038076000000728527,0.0,1
b1_c64,1,64,success,truncated,132,128,148923,2,conservative_overlap_check_budget_predicted:20000000:2190159,0.055068300000129966,0.07010400000035588,0.12517230000048585,3922,3790,0.03365629780724122,not_run_in_development_grid,13240229abe2d895d5bb8fac7699ccee2bd1c05a0deabd9eec9a4d3087670510,qwalk_6,QuantumWalk,7,3790,0.03365629780724122,0.10442740000144113,0.0,1
b8_c64,8,64,success,truncated,132,128,148923,2,conservative_overlap_check_budget_predicted:20000000:2190159,0.4848032999998395,0.06987180000032822,0.5546751000001677,3922,3790,0.03365629780724122,not_run_in_development_grid,13240229abe2d895d5bb8fac7699ccee2bd1c05a0deabd9eec9a4d3087670510,qwalk_6,QuantumWalk,7,3790,0.03365629780724122,0.10442740000144113,0.0,1
b32_c64,32,64,success,truncated,132,128,148923,2,conservative_overlap_check_budget_predicted:20000000:2190159,1.2448053000007349,0.06803519999994023,1.312840500000675,3922,3790,0.03365629780724122,not_run_in_development_grid,13240229abe2d895d5bb8fac7699ccee2bd1c05a0deabd9eec9a4d3087670510,qwalk_6,QuantumWalk,7,3790,0.03365629780724122,0.10442740000144113,0.0,1
b1_c256,1,256,success,exact,132,132,148923,0,conservative_overlap_check_budget_predicted:20000000:2190159,0.045380999999906635,0.06896120000055816,0.1143422000004648,3922,3790,0.03365629780724122,not_run_in_development_grid,13240229abe2d895d5bb8fac7699ccee2bd1c05a0deabd9eec9a4d3087670510,qwalk_6,QuantumWalk,7,3790,0.03365629780724122,0.10442740000144113,0.0,1
b8_c256,8,256,success,exact,132,132,148923,0,conservative_overlap_check_budget_predicted:20000000:2190159,0.4704316999996081,0.06940519999989192,0.5398368999995,3922,3790,0.03365629780724122,not_run_in_development_grid,13240229abe2d895d5bb8fac7699ccee2bd1c05a0deabd9eec9a4d3087670510,qwalk_6,QuantumWalk,7,3790,0.03365629780724122,0.10442740000144113,0.0,1
b32_c256,32,256,success,exact,132,132,148923,0,conservative_overlap_check_budget_predicted:20000000:2190159,1.2447952999991685,0.06838750000133587,1.3131828000005044,3922,3790,0.03365629780724122,not_run_in_development_grid,13240229abe2d895d5bb8fac7699ccee2bd1c05a0deabd9eec9a4d3087670510,qwalk_6,QuantumWalk,7,3790,0.03365629780724122,0.10442740000144113,0.0,1
b1_c64,1,64,success,exact,120,120,51264,0,,1.0597713999995904,0.038299100000585895,1.0980705000001763,1900,1780,0.06315789473684208,not_run_in_development_grid,bc22540f392dc6218ac675f61a3e1ee5a21f4dc4e1c913d2f494c41bf37a67ac,qwalk_5,QuantumWalk,6,1780,0.06315789473684208,0.05117719999907422,0.0,1
b8_c64,8,64,success,exact,120,120,51264,0,,7.071108100000856,0.033288500000708154,7.104396600001564,1900,1780,0.06315789473684208,not_run_in_development_grid,bc22540f392dc6218ac675f61a3e1ee5a21f4dc4e1c913d2f494c41bf37a67ac,qwalk_5,QuantumWalk,6,1780,0.06315789473684208,0.05117719999907422,0.0,1
b32_c64,32,64,success,exact,120,120,51264,0,,26.405344900000273,0.03325740000036603,26.43860230000064,1900,1780,0.06315789473684208,not_run_in_development_grid,bc22540f392dc6218ac675f61a3e1ee5a21f4dc4e1c913d2f494c41bf37a67ac,qwalk_5,QuantumWalk,6,1780,0.06315789473684208,0.05117719999907422,0.0,1
b1_c256,1,256,success,exact,120,120,51264,0,,1.1965868000006594,0.03349580000030983,1.2300826000009693,1900,1780,0.06315789473684208,not_run_in_development_grid,bc22540f392dc6218ac675f61a3e1ee5a21f4dc4e1c913d2f494c41bf37a67ac,qwalk_5,QuantumWalk,6,1780,0.06315789473684208,0.05117719999907422,0.0,1
b8_c256,8,256,success,exact,120,120,51264,0,,7.231214600000385,0.033544800000527175,7.264759400000912,1900,1780,0.06315789473684208,not_run_in_development_grid,bc22540f392dc6218ac675f61a3e1ee5a21f4dc4e1c913d2f494c41bf37a67ac,qwalk_5,QuantumWalk,6,1780,0.06315789473684208,0.05117719999907422,0.0,1
b32_c256,32,256,success,exact,120,120,51264,0,,25.402424100000644,0.032782899999801884,25.435207000000446,1900,1780,0.06315789473684208,not_run_in_development_grid,bc22540f392dc6218ac675f61a3e1ee5a21f4dc4e1c913d2f494c41bf37a67ac,qwalk_5,QuantumWalk,6,1780,0.06315789473684208,0.05117719999907422,0.0,1
b1_c64,1,64,success,truncated,252,128,1127757,62,conservative_overlap_check_budget_predicted:20000000:18299781,0.5669128999998065,0.2160228000011557,0.7829357000009622,12046,11794,0.0209198074049477,not_run_in_development_grid,54081630416519b0c77bbd353bb5998e32c8ddc6917cc148e526826f6f6debc6,qwalk_8,QuantumWalk,9,11794,0.0209198074049477,0.31488159999935306,0.0,1
b8_c64,8,64,success,truncated,252,128,1127757,62,conservative_overlap_check_budget_predicted:20000000:18299781,1.7763140000006388,0.21706689999882656,1.9933808999994653,12046,11794,0.0209198074049477,not_run_in_development_grid,54081630416519b0c77bbd353bb5998e32c8ddc6917cc148e526826f6f6debc6,qwalk_8,QuantumWalk,9,11794,0.0209198074049477,0.31488159999935306,0.0,1
b32_c64,32,64,success,truncated,252,128,1127757,62,conservative_overlap_check_budget_predicted:20000000:18299781,5.8990474000002,0.21681039999930363,6.115857799999503,12046,11794,0.0209198074049477,not_run_in_development_grid,54081630416519b0c77bbd353bb5998e32c8ddc6917cc148e526826f6f6debc6,qwalk_8,QuantumWalk,9,11794,0.0209198074049477,0.31488159999935306,0.0,1
b1_c256,1,256,success,exact,252,252,1127757,0,conservative_overlap_check_budget_predicted:20000000:18299781,0.5800079999989975,0.20761429999947723,0.7876222999984748,12046,11794,0.0209198074049477,not_run_in_development_grid,54081630416519b0c77bbd353bb5998e32c8ddc6917cc148e526826f6f6debc6,qwalk_8,QuantumWalk,9,11794,0.0209198074049477,0.31488159999935306,0.0,1
b8_c256,8,256,success,exact,252,252,1127757,0,conservative_overlap_check_budget_predicted:20000000:18299781,2.2888689000010345,0.21112079999875277,2.4999896999997873,12046,11794,0.0209198074049477,not_run_in_development_grid,54081630416519b0c77bbd353bb5998e32c8ddc6917cc148e526826f6f6debc6,qwalk_8,QuantumWalk,9,11794,0.0209198074049477,0.31488159999935306,0.0,1
b32_c256,32,256,success,exact,252,252,1127757,0,conservative_overlap_check_budget_predicted:20000000:18299781,7.808079600001292,0.218397399999958,8.02647700000125,12046,11794,0.0209198074049477,not_run_in_development_grid,54081630416519b0c77bbd353bb5998e32c8ddc6917cc148e526826f6f6debc6,qwalk_8,QuantumWalk,9,11794,0.0209198074049477,0.31488159999935306,0.0,1
b1_c64,1,64,success,exact_zero,0,0,17,0,,0.0015908999994280748,0.0010111999999935506,0.0026020999994216254,34,34,0.0,not_run_in_development_grid,93467de4ec8b6447d0046632416f75a2a2ec7eaa82fac32a3b3cb7e00e0debdb,hardware_eff_6,HardwareEfficient,6,34,0.0,0.0012875000011263182,0.0,0
b8_c64,8,64,success,exact_zero,0,0,17,0,,0.0018725999998423504,0.0009669000010035234,0.0028395000008458737,34,34,0.0,not_run_in_development_grid,93467de4ec8b6447d0046632416f75a2a2ec7eaa82fac32a3b3cb7e00e0debdb,hardware_eff_6,HardwareEfficient,6,34,0.0,0.0012875000011263182,0.0,0
b32_c64,32,64,success,exact_zero,0,0,17,0,,0.001359099998808233,0.0010490999993635342,0.0024081999981717672,34,34,0.0,not_run_in_development_grid,93467de4ec8b6447d0046632416f75a2a2ec7eaa82fac32a3b3cb7e00e0debdb,hardware_eff_6,HardwareEfficient,6,34,0.0,0.0012875000011263182,0.0,0
b1_c256,1,256,success,exact_zero,0,0,17,0,,0.002193500000430504,0.0009597000007488532,0.003153200001179357,34,34,0.0,not_run_in_development_grid,93467de4ec8b6447d0046632416f75a2a2ec7eaa82fac32a3b3cb7e00e0debdb,hardware_eff_6,HardwareEfficient,6,34,0.0,0.0012875000011263182,0.0,0
b8_c256,8,256,success,exact_zero,0,0,17,0,,0.0014559999999619322,0.006201700000019628,0.00765769999998156,34,34,0.0,not_run_in_development_grid,93467de4ec8b6447d0046632416f75a2a2ec7eaa82fac32a3b3cb7e00e0debdb,hardware_eff_6,HardwareEfficient,6,34,0.0,0.0012875000011263182,0.0,0
b32_c256,32,256,success,exact_zero,0,0,17,0,,0.001711899998554145,0.0008940000006987248,0.0026058999992528697,34,34,0.0,not_run_in_development_grid,93467de4ec8b6447d0046632416f75a2a2ec7eaa82fac32a3b3cb7e00e0debdb,hardware_eff_6,HardwareEfficient,6,34,0.0,0.0012875000011263182,0.0,0
b1_c64,1,64,success,exact_zero,0,0,822,0,,0.003497199999401346,0.003287399998953333,0.006784599998354679,226,226,0.0,not_run_in_development_grid,9d7bae7cb361f289bfa22b373c94a22b6cd06c8e0c5262709fba830673dcf4e2,qwalk_3,QuantumWalk,4,226,0.0,0.010930499998721643,0.0,0
b8_c64,8,64,success,exact_zero,0,0,822,0,,0.003586300001188647,0.003132200001346064,0.006718500002534711,226,226,0.0,not_run_in_development_grid,9d7bae7cb361f289bfa22b373c94a22b6cd06c8e0c5262709fba830673dcf4e2,qwalk_3,QuantumWalk,4,226,0.0,0.010930499998721643,0.0,0
b32_c64,32,64,success,exact_zero,0,0,822,0,,0.0038001000011718133,0.002888099999836413,0.0066882000010082265,226,226,0.0,not_run_in_development_grid,9d7bae7cb361f289bfa22b373c94a22b6cd06c8e0c5262709fba830673dcf4e2,qwalk_3,QuantumWalk,4,226,0.0,0.010930499998721643,0.0,0
b1_c256,1,256,success,exact_zero,0,0,822,0,,0.003983200000220677,0.0028354000005492708,0.006818600000769948,226,226,0.0,not_run_in_development_grid,9d7bae7cb361f289bfa22b373c94a22b6cd06c8e0c5262709fba830673dcf4e2,qwalk_3,QuantumWalk,4,226,0.0,0.010930499998721643,0.0,0
b8_c256,8,256,success,exact_zero,0,0,822,0,,0.003648300000349991,0.002823099999659462,0.006471400000009453,226,226,0.0,not_run_in_development_grid,9d7bae7cb361f289bfa22b373c94a22b6cd06c8e0c5262709fba830673dcf4e2,qwalk_3,QuantumWalk,4,226,0.0,0.010930499998721643,0.0,0
b32_c256,32,256,success,exact_zero,0,0,822,0,,0.0033863000007841038,0.003068100000746199,0.006454400001530303,226,226,0.0,not_run_in_development_grid,9d7bae7cb361f289bfa22b373c94a22b6cd06c8e0c5262709fba830673dcf4e2,qwalk_3,QuantumWalk,4,226,0.0,0.010930499998721643,0.0,0
b1_c64,1,64,success,truncated,252,128,1127757,62,conservative_overlap_check_budget_predicted:20000000:18299781,0.5210705999998027,0.21252460000141582,0.7335952000012185,12046,11794,0.0209198074049477,not_run_in_development_grid,c73af4761baf3dcf4f28a3987d55dab7647737f13e2d751db93c903d205972c6,qwalk_8,QuantumWalk,9,11794,0.0209198074049477,0.3392779000005248,0.0,1
b8_c64,8,64,success,truncated,252,128,1127757,62,conservative_overlap_check_budget_predicted:20000000:18299781,1.7750170999988768,0.29422210000120685,2.0692392000000837,12046,11794,0.0209198074049477,not_run_in_development_grid,c73af4761baf3dcf4f28a3987d55dab7647737f13e2d751db93c903d205972c6,qwalk_8,QuantumWalk,9,11794,0.0209198074049477,0.3392779000005248,0.0,1
b32_c64,32,64,success,truncated,252,128,1127757,62,conservative_overlap_check_budget_predicted:20000000:18299781,5.894088899998678,0.21298420000130136,6.10707309999998,12046,11794,0.0209198074049477,not_run_in_development_grid,c73af4761baf3dcf4f28a3987d55dab7647737f13e2d751db93c903d205972c6,qwalk_8,QuantumWalk,9,11794,0.0209198074049477,0.3392779000005248,0.0,1
b1_c256,1,256,success,exact,252,252,1127757,0,conservative_overlap_check_budget_predicted:20000000:18299781,0.5786932000009983,0.2129681000005803,0.7916613000015786,12046,11794,0.0209198074049477,not_run_in_development_grid,c73af4761baf3dcf4f28a3987d55dab7647737f13e2d751db93c903d205972c6,qwalk_8,QuantumWalk,9,11794,0.0209198074049477,0.3392779000005248,0.0,1
b8_c256,8,256,success,exact,252,252,1127757,0,conservative_overlap_check_budget_predicted:20000000:18299781,2.2514188999994076,0.21471070000006875,2.4661295999994763,12046,11794,0.0209198074049477,not_run_in_development_grid,c73af4761baf3dcf4f28a3987d55dab7647737f13e2d751db93c903d205972c6,qwalk_8,QuantumWalk,9,11794,0.0209198074049477,0.3392779000005248,0.0,1
b32_c256,32,256,success,exact,252,252,1127757,0,conservative_overlap_check_budget_predicted:20000000:18299781,8.612376900000527,0.31841780000104336,8.93079470000157,12046,11794,0.0209198074049477,not_run_in_development_grid,c73af4761baf3dcf4f28a3987d55dab7647737f13e2d751db93c903d205972c6,qwalk_8,QuantumWalk,9,11794,0.0209198074049477,0.3392779000005248,0.0,1
b1_c64,1,64,success,exact,16,16,53,0,,0.01806639999995241,0.0005923000007896917,0.0186587000007421,54,38,0.2962962962962963,not_run_in_development_grid,b63fd2de0ff796d62723a6961d9f93b047c283f4c15875f6f34624e5c2b51a09,clifford_6,RandomClifford,6,38,0.2962962962962963,0.002166999998735264,0.0,1
b8_c64,8,64,success,exact,16,16,53,0,,0.0155138000009174,0.0006455999991885619,0.01615940000010596,54,38,0.2962962962962963,not_run_in_development_grid,b63fd2de0ff796d62723a6961d9f93b047c283f4c15875f6f34624e5c2b51a09,clifford_6,RandomClifford,6,38,0.2962962962962963,0.002166999998735264,0.0,1
b32_c64,32,64,success,exact,16,16,53,0,,0.01687629999833007,0.0007067000005918089,0.017582999998921878,54,38,0.2962962962962963,not_run_in_development_grid,b63fd2de0ff796d62723a6961d9f93b047c283f4c15875f6f34624e5c2b51a09,clifford_6,RandomClifford,6,38,0.2962962962962963,0.002166999998735264,0.0,1
b1_c256,1,256,success,exact,16,16,53,0,,0.0177254999998695,0.0005808000005345093,0.018306300000404008,54,38,0.2962962962962963,not_run_in_development_grid,b63fd2de0ff796d62723a6961d9f93b047c283f4c15875f6f34624e5c2b51a09,clifford_6,RandomClifford,6,38,0.2962962962962963,0.002166999998735264,0.0,1
b8_c256,8,256,success,exact,16,16,53,0,,0.016172499999811407,0.0005740000015066471,0.016746500001318054,54,38,0.2962962962962963,not_run_in_development_grid,b63fd2de0ff796d62723a6961d9f93b047c283f4c15875f6f34624e5c2b51a09,clifford_6,RandomClifford,6,38,0.2962962962962963,0.002166999998735264,0.0,1
b32_c256,32,256,success,exact,16,16,53,0,,0.0188598999993701,0.0007845000000088476,0.019644399999378948,54,38,0.2962962962962963,not_run_in_development_grid,b63fd2de0ff796d62723a6961d9f93b047c283f4c15875f6f34624e5c2b51a09,clifford_6,RandomClifford,6,38,0.2962962962962963,0.002166999998735264,0.0,1
b1_c64,1,64,success,exact_zero,0,0,30,0,,0.0010806999998749234,0.0008120000002236338,0.0018927000000985572,48,48,0.0,not_run_in_development_grid,2c84ea80bde7fac580d458a541d4e4690eaff27a501e95e6eb5ade7c80642293,qaoa_line_6,QAOA,6,48,0.0,0.0018966999996337108,0.0,0
b8_c64,8,64,success,exact_zero,0,0,30,0,,0.0008354000001418171,0.0007155000002967427,0.0015509000004385598,48,48,0.0,not_run_in_development_grid,2c84ea80bde7fac580d458a541d4e4690eaff27a501e95e6eb5ade7c80642293,qaoa_line_6,QAOA,6,48,0.0,0.0018966999996337108,0.0,0
b32_c64,32,64,success,exact_zero,0,0,30,0,,0.000935800000661402,0.0007533999996667262,0.0016892000003281282,48,48,0.0,not_run_in_development_grid,2c84ea80bde7fac580d458a541d4e4690eaff27a501e95e6eb5ade7c80642293,qaoa_line_6,QAOA,6,48,0.0,0.0018966999996337108,0.0,0
b1_c256,1,256,success,exact_zero,0,0,30,0,,0.0008386000008613337,0.0009379999992233934,0.001776600000084727,48,48,0.0,not_run_in_development_grid,2c84ea80bde7fac580d458a541d4e4690eaff27a501e95e6eb5ade7c80642293,qaoa_line_6,QAOA,6,48,0.0,0.0018966999996337108,0.0,0
b8_c256,8,256,success,exact_zero,0,0,30,0,,0.0013821000011375872,0.0007521999996242812,0.0021343000007618684,48,48,0.0,not_run_in_development_grid,2c84ea80bde7fac580d458a541d4e4690eaff27a501e95e6eb5ade7c80642293,qaoa_line_6,QAOA,6,48,0.0,0.0018966999996337108,0.0,0
b32_c256,32,256,success,exact_zero,0,0,30,0,,0.0008811000006971881,0.0007513999989896547,0.0016324999996868428,48,48,0.0,not_run_in_development_grid,2c84ea80bde7fac580d458a541d4e4690eaff27a501e95e6eb5ade7c80642293,qaoa_line_6,QAOA,6,48,0.0,0.0018966999996337108,0.0,0
b1_c64,1,64,success,truncated,168,128,419190,20,conservative_overlap_check_budget_predicted:20000000:6771192,0.11179099999935715,0.1298507999999856,0.24164179999934277,7156,6988,0.02347680268306318,not_run_in_development_grid,0b12314b8f546448b63ec916582bdcd18c8f92e57f6756737f55de986300e4e8,qwalk_7,QuantumWalk,8,6988,0.02347680268306318,0.25968060000013793,0.0,1
b8_c64,8,64,success,truncated,168,128,419190,20,conservative_overlap_check_budget_predicted:20000000:6771192,0.8547907000011037,0.12788470000123198,0.9826754000023357,7156,6988,0.02347680268306318,not_run_in_development_grid,0b12314b8f546448b63ec916582bdcd18c8f92e57f6756737f55de986300e4e8,qwalk_7,QuantumWalk,8,6988,0.02347680268306318,0.25968060000013793,0.0,1
b32_c64,32,64,success,truncated,168,128,419190,20,conservative_overlap_check_budget_predicted:20000000:6771192,2.778897700000016,0.14430610000090383,2.9232038000009197,7156,6988,0.02347680268306318,not_run_in_development_grid,0b12314b8f546448b63ec916582bdcd18c8f92e57f6756737f55de986300e4e8,qwalk_7,QuantumWalk,8,6988,0.02347680268306318,0.25968060000013793,0.0,1
b1_c256,1,256,success,exact,168,168,419190,0,conservative_overlap_check_budget_predicted:20000000:6771192,0.1276436999996804,0.12335879999955068,0.2510024999992311,7156,6988,0.02347680268306318,not_run_in_development_grid,0b12314b8f546448b63ec916582bdcd18c8f92e57f6756737f55de986300e4e8,qwalk_7,QuantumWalk,8,6988,0.02347680268306318,0.25968060000013793,0.0,1
b8_c256,8,256,success,exact,168,168,419190,0,conservative_overlap_check_budget_predicted:20000000:6771192,0.910159000000931,0.12434390000089479,1.0345029000018258,7156,6988,0.02347680268306318,not_run_in_development_grid,0b12314b8f546448b63ec916582bdcd18c8f92e57f6756737f55de986300e4e8,qwalk_7,QuantumWalk,8,6988,0.02347680268306318,0.25968060000013793,0.0,1
b32_c256,32,256,success,exact,168,168,419190,0,conservative_overlap_check_budget_predicted:20000000:6771192,2.9826384000007238,0.12624310000137484,3.1088815000020986,7156,6988,0.02347680268306318,not_run_in_development_grid,0b12314b8f546448b63ec916582bdcd18c8f92e57f6756737f55de986300e4e8,qwalk_7,QuantumWalk,8,6988,0.02347680268306318,0.25968060000013793,0.0,1
b1_c64,1,64,success,exact,8,8,2405,0,,0.03102980000039679,0.00690270000086457,0.03793250000126136,456,448,0.01754385964912286,not_run_in_development_grid,50abdffe4514c651d5af9c7e16d8dce45ce300d5b27272614d921ca65abaa9e7,grover_6,Grover,6,448,0.01754385964912286,0.01079799999934039,0.0,1
b8_c64,8,64,success,exact,8,8,2405,0,,0.030404000000999076,0.007682600000407547,0.03808660000140662,456,448,0.01754385964912286,not_run_in_development_grid,50abdffe4514c651d5af9c7e16d8dce45ce300d5b27272614d921ca65abaa9e7,grover_6,Grover,6,448,0.01754385964912286,0.01079799999934039,0.0,1
b32_c64,32,64,success,exact,8,8,2405,0,,0.031078800000614137,0.006882400000904454,0.03796120000151859,456,448,0.01754385964912286,not_run_in_development_grid,50abdffe4514c651d5af9c7e16d8dce45ce300d5b27272614d921ca65abaa9e7,grover_6,Grover,6,448,0.01754385964912286,0.01079799999934039,0.0,1
b1_c256,1,256,success,exact,8,8,2405,0,,0.030039200000828714,0.0067882000003010035,0.03682740000112972,456,448,0.01754385964912286,not_run_in_development_grid,50abdffe4514c651d5af9c7e16d8dce45ce300d5b27272614d921ca65abaa9e7,grover_6,Grover,6,448,0.01754385964912286,0.01079799999934039,0.0,1
b8_c256,8,256,success,exact,8,8,2405,0,,0.030794500000411063,0.007101699999111588,0.03789619999952265,456,448,0.01754385964912286,not_run_in_development_grid,50abdffe4514c651d5af9c7e16d8dce45ce300d5b27272614d921ca65abaa9e7,grover_6,Grover,6,448,0.01754385964912286,0.01079799999934039,0.0,1
b32_c256,32,256,success,exact,8,8,2405,0,,0.03096000000005006,0.006949000000531669,0.03790900000058173,456,448,0.01754385964912286,not_run_in_development_grid,50abdffe4514c651d5af9c7e16d8dce45ce300d5b27272614d921ca65abaa9e7,grover_6,Grover,6,448,0.01754385964912286,0.01079799999934039,0.0,1
b1_c64,1,64,success,exact,120,120,51264,0,,1.2093901000007463,0.03356340000027558,1.242953500001022,1900,1780,0.06315789473684208,not_run_in_development_grid,1010c2dbb1601660a48ce8b64e27c68253f6807c2256d09369338a6eb3aec367,qwalk_5,QuantumWalk,6,1780,0.06315789473684208,0.04985339999984717,0.0,1
b8_c64,8,64,success,exact,120,120,51264,0,,7.116490500000509,0.03393099999993865,7.150421500000448,1900,1780,0.06315789473684208,not_run_in_development_grid,1010c2dbb1601660a48ce8b64e27c68253f6807c2256d09369338a6eb3aec367,qwalk_5,QuantumWalk,6,1780,0.06315789473684208,0.04985339999984717,0.0,1
b32_c64,32,64,success,exact,120,120,51264,0,,25.78731929999958,0.03474450000067009,25.82206380000025,1900,1780,0.06315789473684208,not_run_in_development_grid,1010c2dbb1601660a48ce8b64e27c68253f6807c2256d09369338a6eb3aec367,qwalk_5,QuantumWalk,6,1780,0.06315789473684208,0.04985339999984717,0.0,1
b1_c256,1,256,success,exact,120,120,51264,0,,1.0533645000014076,0.03602780000073835,1.089392300002146,1900,1780,0.06315789473684208,not_run_in_development_grid,1010c2dbb1601660a48ce8b64e27c68253f6807c2256d09369338a6eb3aec367,qwalk_5,QuantumWalk,6,1780,0.06315789473684208,0.04985339999984717,0.0,1
b8_c256,8,256,success,exact,120,120,51264,0,,7.494892300001084,0.033535400001710514,7.528427700002794,1900,1780,0.06315789473684208,not_run_in_development_grid,1010c2dbb1601660a48ce8b64e27c68253f6807c2256d09369338a6eb3aec367,qwalk_5,QuantumWalk,6,1780,0.06315789473684208,0.04985339999984717,0.0,1
b32_c256,32,256,success,exact,120,120,51264,0,,25.17304829999921,0.034183699999630335,25.20723199999884,1900,1780,0.06315789473684208,not_run_in_development_grid,1010c2dbb1601660a48ce8b64e27c68253f6807c2256d09369338a6eb3aec367,qwalk_5,QuantumWalk,6,1780,0.06315789473684208,0.04985339999984717,0.0,1
b1_c64,1,64,success,exact,2,2,5,0,,0.001277999999729218,0.00018819999968400225,0.0014661999994132202,12,10,0.16666666666666663,not_run_in_development_grid,69dc9b7c80d923f7c782eeecca4e015e05ed1068495a29bd0e903ae9e481abbf,bv_3,Oracle,4,10,0.16666666666666663,0.00047710000035294797,0.0,1
b8_c64,8,64,success,exact,2,2,5,0,,0.0011295999993308214,0.00020530000074359123,0.0013349000000744127,12,10,0.16666666666666663,not_run_in_development_grid,69dc9b7c80d923f7c782eeecca4e015e05ed1068495a29bd0e903ae9e481abbf,bv_3,Oracle,4,10,0.16666666666666663,0.00047710000035294797,0.0,1
b32_c64,32,64,success,exact,2,2,5,0,,0.0015375000002677552,0.00017889999980980065,0.0017164000000775559,12,10,0.16666666666666663,not_run_in_development_grid,69dc9b7c80d923f7c782eeecca4e015e05ed1068495a29bd0e903ae9e481abbf,bv_3,Oracle,4,10,0.16666666666666663,0.00047710000035294797,0.0,1
b1_c256,1,256,success,exact,2,2,5,0,,0.0007738000003882917,0.00017190000107802916,0.0009457000014663208,12,10,0.16666666666666663,not_run_in_development_grid,69dc9b7c80d923f7c782eeecca4e015e05ed1068495a29bd0e903ae9e481abbf,bv_3,Oracle,4,10,0.16666666666666663,0.00047710000035294797,0.0,1
b8_c256,8,256,success,exact,2,2,5,0,,0.0006878000003780471,0.0001632999992580153,0.0008510999996360624,12,10,0.16666666666666663,not_run_in_development_grid,69dc9b7c80d923f7c782eeecca4e015e05ed1068495a29bd0e903ae9e481abbf,bv_3,Oracle,4,10,0.16666666666666663,0.00047710000035294797,0.0,1
b32_c256,32,256,success,exact,2,2,5,0,,0.0006425999999919441,0.00015829999938432593,0.00080089999937627,12,10,0.16666666666666663,not_run_in_development_grid,69dc9b7c80d923f7c782eeecca4e015e05ed1068495a29bd0e903ae9e481abbf,bv_3,Oracle,4,10,0.16666666666666663,0.00047710000035294797,0.0,1
b1_c64,1,64,success,exact,18,18,9804,0,,1.1961382999998023,0.017482499999459833,1.213620799999262,1124,1106,0.016014234875444844,not_run_in_development_grid,bf030e55f967a90ee4eb2ded2fcf87d656a3c8d4b083d1929398168bd0de4ba9,grover_8,Grover,8,1106,0.016014234875444844,0.029635499999130843,0.0,1
b8_c64,8,64,success,exact,18,18,9804,0,,1.0988113999992493,0.01773270000012417,1.1165440999993734,1124,1106,0.016014234875444844,not_run_in_development_grid,bf030e55f967a90ee4eb2ded2fcf87d656a3c8d4b083d1929398168bd0de4ba9,grover_8,Grover,8,1106,0.016014234875444844,0.029635499999130843,0.0,1
b32_c64,32,64,success,exact,18,18,9804,0,,1.1493783999994776,0.016792200000054436,1.166170599999532,1124,1106,0.016014234875444844,not_run_in_development_grid,bf030e55f967a90ee4eb2ded2fcf87d656a3c8d4b083d1929398168bd0de4ba9,grover_8,Grover,8,1106,0.016014234875444844,0.029635499999130843,0.0,1
b1_c256,1,256,success,exact,18,18,9804,0,,1.134812399999646,0.021476599999004975,1.156288999998651,1124,1106,0.016014234875444844,not_run_in_development_grid,bf030e55f967a90ee4eb2ded2fcf87d656a3c8d4b083d1929398168bd0de4ba9,grover_8,Grover,8,1106,0.016014234875444844,0.029635499999130843,0.0,1
b8_c256,8,256,success,exact,18,18,9804,0,,1.1692426999998133,0.01758950000112236,1.1868322000009357,1124,1106,0.016014234875444844,not_run_in_development_grid,bf030e55f967a90ee4eb2ded2fcf87d656a3c8d4b083d1929398168bd0de4ba9,grover_8,Grover,8,1106,0.016014234875444844,0.029635499999130843,0.0,1
b32_c256,32,256,success,exact,18,18,9804,0,,1.111593300000095,0.019652700000733603,1.1312460000008286,1124,1106,0.016014234875444844,not_run_in_development_grid,bf030e55f967a90ee4eb2ded2fcf87d656a3c8d4b083d1929398168bd0de4ba9,grover_8,Grover,8,1106,0.016014234875444844,0.029635499999130843,0.0,1
b1_c64,1,64,success,truncated,252,128,1127757,62,conservative_overlap_check_budget_predicted:20000000:18299781,0.5229732999996486,0.21564700000089942,0.738620300000548,12046,11794,0.0209198074049477,not_run_in_development_grid,8664cf212e90101e901ea020a3d13bba14837c13195e5d2d2e6c78405c613790,qwalk_8,QuantumWalk,9,11794,0.0209198074049477,0.3433935000011843,0.0,1
b8_c64,8,64,success,truncated,252,128,1127757,62,conservative_overlap_check_budget_predicted:20000000:18299781,2.1103595000004134,0.21454020000055607,2.3248997000009695,12046,11794,0.0209198074049477,not_run_in_development_grid,8664cf212e90101e901ea020a3d13bba14837c13195e5d2d2e6c78405c613790,qwalk_8,QuantumWalk,9,11794,0.0209198074049477,0.3433935000011843,0.0,1
b32_c64,32,64,success,truncated,252,128,1127757,62,conservative_overlap_check_budget_predicted:20000000:18299781,5.903395500001352,0.24262739999903715,6.146022900000389,12046,11794,0.0209198074049477,not_run_in_development_grid,8664cf212e90101e901ea020a3d13bba14837c13195e5d2d2e6c78405c613790,qwalk_8,QuantumWalk,9,11794,0.0209198074049477,0.3433935000011843,0.0,1
b1_c256,1,256,success,exact,252,252,1127757,0,conservative_overlap_check_budget_predicted:20000000:18299781,0.6274439000007987,0.22550269999919692,0.8529465999999957,12046,11794,0.0209198074049477,not_run_in_development_grid,8664cf212e90101e901ea020a3d13bba14837c13195e5d2d2e6c78405c613790,qwalk_8,QuantumWalk,9,11794,0.0209198074049477,0.3433935000011843,0.0,1
b8_c256,8,256,success,exact,252,252,1127757,0,conservative_overlap_check_budget_predicted:20000000:18299781,2.289130200000727,0.24274069999955827,2.5318709000002855,12046,11794,0.0209198074049477,not_run_in_development_grid,8664cf212e90101e901ea020a3d13bba14837c13195e5d2d2e6c78405c613790,qwalk_8,QuantumWalk,9,11794,0.0209198074049477,0.3433935000011843,0.0,1
b32_c256,32,256,success,exact,252,252,1127757,0,conservative_overlap_check_budget_predicted:20000000:18299781,8.011876800001119,0.2687373999997362,8.280614200000855,12046,11794,0.0209198074049477,not_run_in_development_grid,8664cf212e90101e901ea020a3d13bba14837c13195e5d2d2e6c78405c613790,qwalk_8,QuantumWalk,9,11794,0.0209198074049477,0.3433935000011843,0.0,1
b1_c64,1,64,success,exact,6,6,9,0,,0.0019420999997237232,0.00027889999910257757,0.0022209999988263007,22,16,0.2727272727272727,not_run_in_development_grid,9993748afb946e813a238ac5a076c27198681dc64512c0ce7cc22005a88285fa,bv_7,Oracle,8,16,0.2727272727272727,0.0006514999986393377,0.0,1
b8_c64,8,64,success,exact,6,6,9,0,,0.0008655999990878627,0.0002530999990995042,0.0011186999981873669,22,16,0.2727272727272727,not_run_in_development_grid,9993748afb946e813a238ac5a076c27198681dc64512c0ce7cc22005a88285fa,bv_7,Oracle,8,16,0.2727272727272727,0.0006514999986393377,0.0,1
b32_c64,32,64,success,exact,6,6,9,0,,0.0007566000003862428,0.0002511000002414221,0.0010077000006276648,22,16,0.2727272727272727,not_run_in_development_grid,9993748afb946e813a238ac5a076c27198681dc64512c0ce7cc22005a88285fa,bv_7,Oracle,8,16,0.2727272727272727,0.0006514999986393377,0.0,1
b1_c256,1,256,success,exact,6,6,9,0,,0.0007593999998789513,0.00026230000003124587,0.0010216999999101972,22,16,0.2727272727272727,not_run_in_development_grid,9993748afb946e813a238ac5a076c27198681dc64512c0ce7cc22005a88285fa,bv_7,Oracle,8,16,0.2727272727272727,0.0006514999986393377,0.0,1
b8_c256,8,256,success,exact,6,6,9,0,,0.0007250999988173135,0.0002432000001135748,0.0009682999989308883,22,16,0.2727272727272727,not_run_in_development_grid,9993748afb946e813a238ac5a076c27198681dc64512c0ce7cc22005a88285fa,bv_7,Oracle,8,16,0.2727272727272727,0.0006514999986393377,0.0,1
b32_c256,32,256,success,exact,6,6,9,0,,0.0007065000008878997,0.00025460000142629724,0.0009611000023141969,22,16,0.2727272727272727,not_run_in_development_grid,9993748afb946e813a238ac5a076c27198681dc64512c0ce7cc22005a88285fa,bv_7,Oracle,8,16,0.2727272727272727,0.0006514999986393377,0.0,1
b1_c64,1,64,success,exact_zero,0,0,7,0,,0.001029299999572686,0.0010334000016882783,0.002062700001260964,62,62,0.0,not_run_in_development_grid,1f2f7626c24f4a5e8e01afeec9043f45c1fe4598224d2f0f5664d76ef61ea065,vqe_twolocal_8,VQE,8,62,0.0,0.0017767999997886363,0.0,0
b8_c64,8,64,success,exact_zero,0,0,7,0,,0.0008674999990034848,0.0013777000003756257,0.0022451999993791105,62,62,0.0,not_run_in_development_grid,1f2f7626c24f4a5e8e01afeec9043f45c1fe4598224d2f0f5664d76ef61ea065,vqe_twolocal_8,VQE,8,62,0.0,0.0017767999997886363,0.0,0
b32_c64,32,64,success,exact_zero,0,0,7,0,,0.0015072000005602604,0.0018495000003895257,0.003356700000949786,62,62,0.0,not_run_in_development_grid,1f2f7626c24f4a5e8e01afeec9043f45c1fe4598224d2f0f5664d76ef61ea065,vqe_twolocal_8,VQE,8,62,0.0,0.0017767999997886363,0.0,0
b1_c256,1,256,success,exact_zero,0,0,7,0,,0.0012378999999782536,0.0016374000006180722,0.002875300000596326,62,62,0.0,not_run_in_development_grid,1f2f7626c24f4a5e8e01afeec9043f45c1fe4598224d2f0f5664d76ef61ea065,vqe_twolocal_8,VQE,8,62,0.0,0.0017767999997886363,0.0,0
b8_c256,8,256,success,exact_zero,0,0,7,0,,0.001701199998933589,0.001040699999066419,0.002741899998000008,62,62,0.0,not_run_in_development_grid,1f2f7626c24f4a5e8e01afeec9043f45c1fe4598224d2f0f5664d76ef61ea065,vqe_twolocal_8,VQE,8,62,0.0,0.0017767999997886363,0.0,0
b32_c256,32,256,success,exact_zero,0,0,7,0,,0.0009538000012980774,0.0010407999998278683,0.0019946000011259457,62,62,0.0,not_run_in_development_grid,1f2f7626c24f4a5e8e01afeec9043f45c1fe4598224d2f0f5664d76ef61ea065,vqe_twolocal_8,VQE,8,62,0.0,0.0017767999997886363,0.0,0
b1_c64,1,64,success,exact,108,108,13305,0,,0.1646108999993885,0.012945000000399887,0.17755589999978838,646,538,0.16718266253869973,not_run_in_development_grid,ac5cb7a1191241454b4fd01d93fcb219cc0a72bbf543d70ec604ba87a2a0d7ad,qwalk_4,QuantumWalk,5,538,0.16718266253869973,0.018788599998515565,0.0,1
b8_c64,8,64,success,exact,108,108,13305,0,,1.192645099999936,0.012195100000099046,1.204840200000035,646,538,0.16718266253869973,not_run_in_development_grid,ac5cb7a1191241454b4fd01d93fcb219cc0a72bbf543d70ec604ba87a2a0d7ad,qwalk_4,QuantumWalk,5,538,0.16718266253869973,0.018788599998515565,0.0,1
b32_c64,32,64,success,exact,108,108,13305,0,,4.273454599999241,0.012584400001287577,4.286039000000528,646,538,0.16718266253869973,not_run_in_development_grid,ac5cb7a1191241454b4fd01d93fcb219cc0a72bbf543d70ec604ba87a2a0d7ad,qwalk_4,QuantumWalk,5,538,0.16718266253869973,0.018788599998515565,0.0,1
b1_c256,1,256,success,exact,108,108,13305,0,,0.17095069999959378,0.013011200000619283,0.18396190000021306,646,538,0.16718266253869973,not_run_in_development_grid,ac5cb7a1191241454b4fd01d93fcb219cc0a72bbf543d70ec604ba87a2a0d7ad,qwalk_4,QuantumWalk,5,538,0.16718266253869973,0.018788599998515565,0.0,1
b8_c256,8,256,success,exact,108,108,13305,0,,1.1375864000001457,0.0213807000000088,1.1589671000001545,646,538,0.16718266253869973,not_run_in_development_grid,ac5cb7a1191241454b4fd01d93fcb219cc0a72bbf543d70ec604ba87a2a0d7ad,qwalk_4,QuantumWalk,5,538,0.16718266253869973,0.018788599998515565,0.0,1
b32_c256,32,256,success,exact,108,108,13305,0,,4.495954100000745,0.013032699998802855,4.508986799999548,646,538,0.16718266253869973,not_run_in_development_grid,ac5cb7a1191241454b4fd01d93fcb219cc0a72bbf543d70ec604ba87a2a0d7ad,qwalk_4,QuantumWalk,5,538,0.16718266253869973,0.018788599998515565,0.0,1
b1_c64,1,64,success,exact_zero,0,0,42,0,,0.0010893999988184078,0.001438600000255974,0.0025279999990743818,66,66,0.0,not_run_in_development_grid,5713a5dbe3be0670eb39317ac7b841739b453b10c8966fa6018e22c62466cb23,qaoa_line_8,QAOA,8,66,0.0,0.0016881000010471325,0.0,0
b8_c64,8,64,success,exact_zero,0,0,42,0,,0.0013668999999936204,0.0012151999999332475,0.002582099999926868,66,66,0.0,not_run_in_development_grid,5713a5dbe3be0670eb39317ac7b841739b453b10c8966fa6018e22c62466cb23,qaoa_line_8,QAOA,8,66,0.0,0.0016881000010471325,0.0,0
b32_c64,32,64,success,exact_zero,0,0,42,0,,0.0009373000011692056,0.0009606000003259396,0.0018979000014951453,66,66,0.0,not_run_in_development_grid,5713a5dbe3be0670eb39317ac7b841739b453b10c8966fa6018e22c62466cb23,qaoa_line_8,QAOA,8,66,0.0,0.0016881000010471325,0.0,0
b1_c256,1,256,success,exact_zero,0,0,42,0,,0.0008510999996360624,0.0009959999988495838,0.0018470999984856462,66,66,0.0,not_run_in_development_grid,5713a5dbe3be0670eb39317ac7b841739b453b10c8966fa6018e22c62466cb23,qaoa_line_8,QAOA,8,66,0.0,0.0016881000010471325,0.0,0
b8_c256,8,256,success,exact_zero,0,0,42,0,,0.000846099999762373,0.001079700001355377,0.00192580000111775,66,66,0.0,not_run_in_development_grid,5713a5dbe3be0670eb39317ac7b841739b453b10c8966fa6018e22c62466cb23,qaoa_line_8,QAOA,8,66,0.0,0.0016881000010471325,0.0,0
b32_c256,32,256,success,exact_zero,0,0,42,0,,0.0010584000010567252,0.0010117999991052784,0.0020702000001620036,66,66,0.0,not_run_in_development_grid,5713a5dbe3be0670eb39317ac7b841739b453b10c8966fa6018e22c62466cb23,qaoa_line_8,QAOA,8,66,0.0,0.0016881000010471325,0.0,0
b1_c64,1,64,success,exact,5,5,14,0,,0.0010901000005105743,0.0006468000010499964,0.0017369000015605707,22,17,0.2272727272727273,not_run_in_development_grid,930cb78f04ba9cb29ab33d24598112a6118327a15181d12512e9f28c264180b8,iqp_4,IQP,4,19,0.13636363636363635,0.0014510000000882428,9.090909090909093,1
b8_c64,8,64,success,exact,5,5,14,0,,0.0010531000007176772,0.0007119999991118675,0.0017650999998295447,22,17,0.2272727272727273,not_run_in_development_grid,930cb78f04ba9cb29ab33d24598112a6118327a15181d12512e9f28c264180b8,iqp_4,IQP,4,19,0.13636363636363635,0.0014510000000882428,9.090909090909093,1
b32_c64,32,64,success,exact,5,5,14,0,,0.0012640999993891455,0.0006107999997766456,0.001874899999165791,22,17,0.2272727272727273,not_run_in_development_grid,930cb78f04ba9cb29ab33d24598112a6118327a15181d12512e9f28c264180b8,iqp_4,IQP,4,19,0.13636363636363635,0.0014510000000882428,9.090909090909093,1
b1_c256,1,256,success,exact,5,5,14,0,,0.0009387000009155599,0.000602699999944889,0.001541400000860449,22,17,0.2272727272727273,not_run_in_development_grid,930cb78f04ba9cb29ab33d24598112a6118327a15181d12512e9f28c264180b8,iqp_4,IQP,4,19,0.13636363636363635,0.0014510000000882428,9.090909090909093,1
b8_c256,8,256,success,exact,5,5,14,0,,0.000962799998887931,0.000601400000959984,0.001564199999847915,22,17,0.2272727272727273,not_run_in_development_grid,930cb78f04ba9cb29ab33d24598112a6118327a15181d12512e9f28c264180b8,iqp_4,IQP,4,19,0.13636363636363635,0.0014510000000882428,9.090909090909093,1
b32_c256,32,256,success,exact,5,5,14,0,,0.0009084000012080651,0.0005958000001555774,0.0015042000013636425,22,17,0.2272727272727273,not_run_in_development_grid,930cb78f04ba9cb29ab33d24598112a6118327a15181d12512e9f28c264180b8,iqp_4,IQP,4,19,0.13636363636363635,0.0014510000000882428,9.090909090909093,1
b1_c64,1,64,success,truncated,168,128,419190,20,conservative_overlap_check_budget_predicted:20000000:6771192,0.10422070000095118,0.12698470000032103,0.2312054000012722,7156,6988,0.02347680268306318,not_run_in_development_grid,dc8ceaecb8e2ef6b2a8168d75f511498a0bb1c550f459c37996e52c89e84ba85,qwalk_7,QuantumWalk,8,6988,0.02347680268306318,0.1980825000009645,0.0,1
b8_c64,8,64,success,truncated,168,128,419190,20,conservative_overlap_check_budget_predicted:20000000:6771192,0.9073352999985218,0.12472060000072815,1.03205589999925,7156,6988,0.02347680268306318,not_run_in_development_grid,dc8ceaecb8e2ef6b2a8168d75f511498a0bb1c550f459c37996e52c89e84ba85,qwalk_7,QuantumWalk,8,6988,0.02347680268306318,0.1980825000009645,0.0,1
b32_c64,32,64,success,truncated,168,128,419190,20,conservative_overlap_check_budget_predicted:20000000:6771192,2.8308026999984577,0.12458060000062687,2.9553832999990846,7156,6988,0.02347680268306318,not_run_in_development_grid,dc8ceaecb8e2ef6b2a8168d75f511498a0bb1c550f459c37996e52c89e84ba85,qwalk_7,QuantumWalk,8,6988,0.02347680268306318,0.1980825000009645,0.0,1
b1_c256,1,256,success,exact,168,168,419190,0,conservative_overlap_check_budget_predicted:20000000:6771192,0.15331850000075065,0.22846449999997276,0.3817830000007234,7156,6988,0.02347680268306318,not_run_in_development_grid,dc8ceaecb8e2ef6b2a8168d75f511498a0bb1c550f459c37996e52c89e84ba85,qwalk_7,QuantumWalk,8,6988,0.02347680268306318,0.1980825000009645,0.0,1
b8_c256,8,256,success,exact,168,168,419190,0,conservative_overlap_check_budget_predicted:20000000:6771192,0.8877242999988084,0.12431040000046778,1.0120346999992762,7156,6988,0.02347680268306318,not_run_in_development_grid,dc8ceaecb8e2ef6b2a8168d75f511498a0bb1c550f459c37996e52c89e84ba85,qwalk_7,QuantumWalk,8,6988,0.02347680268306318,0.1980825000009645,0.0,1
b32_c256,32,256,success,exact,168,168,419190,0,conservative_overlap_check_budget_predicted:20000000:6771192,2.950123700000404,0.12750239999877522,3.077626099999179,7156,6988,0.02347680268306318,not_run_in_development_grid,dc8ceaecb8e2ef6b2a8168d75f511498a0bb1c550f459c37996e52c89e84ba85,qwalk_7,QuantumWalk,8,6988,0.02347680268306318,0.1980825000009645,0.0,1
b1_c64,1,64,success,exact_zero,0,0,822,0,,0.0034780999994836748,0.0031879000016488135,0.006666000001132488,226,226,0.0,not_run_in_development_grid,40b2ed79783ce1a4b95b1d1ef139d1741d958ea40b9841f763ef32f8f0761c21,qwalk_3,QuantumWalk,4,226,0.0,0.006079299999328214,0.0,0
b8_c64,8,64,success,exact_zero,0,0,822,0,,0.0032986999995046062,0.0032845999994606245,0.006583299998965231,226,226,0.0,not_run_in_development_grid,40b2ed79783ce1a4b95b1d1ef139d1741d958ea40b9841f763ef32f8f0761c21,qwalk_3,QuantumWalk,4,226,0.0,0.006079299999328214,0.0,0
b32_c64,32,64,success,exact_zero,0,0,822,0,,0.004061800000272342,0.002723600000535953,0.006785400000808295,226,226,0.0,not_run_in_development_grid,40b2ed79783ce1a4b95b1d1ef139d1741d958ea40b9841f763ef32f8f0761c21,qwalk_3,QuantumWalk,4,226,0.0,0.006079299999328214,0.0,0
b1_c256,1,256,success,exact_zero,0,0,822,0,,0.0042763000001286855,0.002745699999650242,0.007021999999778927,226,226,0.0,not_run_in_development_grid,40b2ed79783ce1a4b95b1d1ef139d1741d958ea40b9841f763ef32f8f0761c21,qwalk_3,QuantumWalk,4,226,0.0,0.006079299999328214,0.0,0
b8_c256,8,256,success,exact_zero,0,0,822,0,,0.003270400000474183,0.0027781999997387175,0.0060486000002129,226,226,0.0,not_run_in_development_grid,40b2ed79783ce1a4b95b1d1ef139d1741d958ea40b9841f763ef32f8f0761c21,qwalk_3,QuantumWalk,4,226,0.0,0.006079299999328214,0.0,0
b32_c256,32,256,success,exact_zero,0,0,822,0,,0.003366999999343534,0.0030772000009164913,0.006444200000260025,226,226,0.0,not_run_in_development_grid,40b2ed79783ce1a4b95b1d1ef139d1741d958ea40b9841f763ef32f8f0761c21,qwalk_3,QuantumWalk,4,226,0.0,0.006079299999328214,0.0,0
b1_c64,1,64,success,exact,3,3,2444,0,,0.008104299999104114,0.012687499998719431,0.020791799997823546,275,272,0.010909090909090868,not_run_in_development_grid,f5218a03ce51439316bb3e4b2f5acfecbedb82b79c39fa380d33bec3ad235abe,haar_4,HaarRandom,4,275,0.0,0.00713970000106201,1.0909090909090868,1
b8_c64,8,64,success,exact,3,3,2444,0,,0.010151300000870833,0.010876300000745687,0.02102760000161652,275,272,0.010909090909090868,not_run_in_development_grid,f5218a03ce51439316bb3e4b2f5acfecbedb82b79c39fa380d33bec3ad235abe,haar_4,HaarRandom,4,275,0.0,0.00713970000106201,1.0909090909090868,1
b32_c64,32,64,success,exact,3,3,2444,0,,0.009119800000917166,0.012152899998909561,0.021272699999826727,275,272,0.010909090909090868,not_run_in_development_grid,f5218a03ce51439316bb3e4b2f5acfecbedb82b79c39fa380d33bec3ad235abe,haar_4,HaarRandom,4,275,0.0,0.00713970000106201,1.0909090909090868,1
b1_c256,1,256,success,exact,3,3,2444,0,,0.009881800000584917,0.011080599999331753,0.02096239999991667,275,272,0.010909090909090868,not_run_in_development_grid,f5218a03ce51439316bb3e4b2f5acfecbedb82b79c39fa380d33bec3ad235abe,haar_4,HaarRandom,4,275,0.0,0.00713970000106201,1.0909090909090868,1
b8_c256,8,256,success,exact,3,3,2444,0,,0.008959900000263588,0.011617399999522604,0.02057729999978619,275,272,0.010909090909090868,not_run_in_development_grid,f5218a03ce51439316bb3e4b2f5acfecbedb82b79c39fa380d33bec3ad235abe,haar_4,HaarRandom,4,275,0.0,0.00713970000106201,1.0909090909090868,1
b32_c256,32,256,success,exact,3,3,2444,0,,0.007716500000242377,0.011740500000087195,0.019457000000329572,275,272,0.010909090909090868,not_run_in_development_grid,f5218a03ce51439316bb3e4b2f5acfecbedb82b79c39fa380d33bec3ad235abe,haar_4,HaarRandom,4,275,0.0,0.00713970000106201,1.0909090909090868,1
b1_c64,1,64,success,exact_zero,0,0,3,0,,0.0010318999993614852,0.0005715000006603077,0.001603400000021793,30,30,0.0,not_run_in_development_grid,a0ce795cd049a6a5d79e6ebd68db90d152d868a0c823cf524ea052b7c5e56697,vqe_twolocal_4,VQE,4,30,0.0,0.0009759000004123664,0.0,0
b8_c64,8,64,success,exact_zero,0,0,3,0,,0.0008443999995506601,0.0007997000011528144,0.0016441000007034745,30,30,0.0,not_run_in_development_grid,a0ce795cd049a6a5d79e6ebd68db90d152d868a0c823cf524ea052b7c5e56697,vqe_twolocal_4,VQE,4,30,0.0,0.0009759000004123664,0.0,0
b32_c64,32,64,success,exact_zero,0,0,3,0,,0.001456900001358008,0.0007980999998835614,0.0022550000012415694,30,30,0.0,not_run_in_development_grid,a0ce795cd049a6a5d79e6ebd68db90d152d868a0c823cf524ea052b7c5e56697,vqe_twolocal_4,VQE,4,30,0.0,0.0009759000004123664,0.0,0
b1_c256,1,256,success,exact_zero,0,0,3,0,,0.0010985999997501494,0.0005571999990934273,0.0016557999988435768,30,30,0.0,not_run_in_development_grid,a0ce795cd049a6a5d79e6ebd68db90d152d868a0c823cf524ea052b7c5e56697,vqe_twolocal_4,VQE,4,30,0.0,0.0009759000004123664,0.0,0
b8_c256,8,256,success,exact_zero,0,0,3,0,,0.0008054999998421408,0.0005347000005713198,0.0013402000004134607,30,30,0.0,not_run_in_development_grid,a0ce795cd049a6a5d79e6ebd68db90d152d868a0c823cf524ea052b7c5e56697,vqe_twolocal_4,VQE,4,30,0.0,0.0009759000004123664,0.0,0
b32_c256,32,256,success,exact_zero,0,0,3,0,,0.0007664000004297122,0.000540299999556737,0.0013066999999864493,30,30,0.0,not_run_in_development_grid,a0ce795cd049a6a5d79e6ebd68db90d152d868a0c823cf524ea052b7c5e56697,vqe_twolocal_4,VQE,4,30,0.0,0.0009759000004123664,0.0,0
b1_c64,1,64,success,exact_zero,0,0,5,0,,0.0012703999982477399,0.0007637999988219235,0.0020341999970696634,46,46,0.0,not_run_in_development_grid,350c8060ffd6c0e538db61490c774b4be2c7b6e47f358cfe7277cbb05914efda,vqe_twolocal_6,VQE,6,46,0.0,0.0020648999998229556,0.0,0
b8_c64,8,64,success,exact_zero,0,0,5,0,,0.000822899999548099,0.0007619999996677507,0.0015848999992158497,46,46,0.0,not_run_in_development_grid,350c8060ffd6c0e538db61490c774b4be2c7b6e47f358cfe7277cbb05914efda,vqe_twolocal_6,VQE,6,46,0.0,0.0020648999998229556,0.0,0
b32_c64,32,64,success,exact_zero,0,0,5,0,,0.0007365000001300359,0.0007528000005549984,0.0014893000006850343,46,46,0.0,not_run_in_development_grid,350c8060ffd6c0e538db61490c774b4be2c7b6e47f358cfe7277cbb05914efda,vqe_twolocal_6,VQE,6,46,0.0,0.0020648999998229556,0.0,0
b1_c256,1,256,success,exact_zero,0,0,5,0,,0.001048399999490357,0.0011450000001786975,0.0021933999996690545,46,46,0.0,not_run_in_development_grid,350c8060ffd6c0e538db61490c774b4be2c7b6e47f358cfe7277cbb05914efda,vqe_twolocal_6,VQE,6,46,0.0,0.0020648999998229556,0.0,0
b8_c256,8,256,success,exact_zero,0,0,5,0,,0.0015490000005229376,0.0007714000003034016,0.0023204000008263392,46,46,0.0,not_run_in_development_grid,350c8060ffd6c0e538db61490c774b4be2c7b6e47f358cfe7277cbb05914efda,vqe_twolocal_6,VQE,6,46,0.0,0.0020648999998229556,0.0,0
b32_c256,32,256,success,exact_zero,0,0,5,0,,0.0008290000005217735,0.0007574999999633292,0.0015865000004851026,46,46,0.0,not_run_in_development_grid,350c8060ffd6c0e538db61490c774b4be2c7b6e47f358cfe7277cbb05914efda,vqe_twolocal_6,VQE,6,46,0.0,0.0020648999998229556,0.0,0
b1_c64,1,64,success,exact,6,6,13,0,,0.0016725000004953472,0.00045540000064647757,0.0021279000011418248,30,24,0.19999999999999996,not_run_in_development_grid,65a4561aab303f3d2678d1f01adae25c9c9feed7706b20ba64b34673afc99bc5,clifford_4,RandomClifford,4,24,0.19999999999999996,0.0010908999993262114,0.0,1
b8_c64,8,64,success,exact,6,6,13,0,,0.0015636000007361872,0.000608799999099574,0.0021723999998357613,30,24,0.19999999999999996,not_run_in_development_grid,65a4561aab303f3d2678d1f01adae25c9c9feed7706b20ba64b34673afc99bc5,clifford_4,RandomClifford,4,24,0.19999999999999996,0.0010908999993262114,0.0,1
b32_c64,32,64,success,exact,6,6,13,0,,0.0011721000009856652,0.00031210000088321976,0.001484200001868885,30,24,0.19999999999999996,not_run_in_development_grid,65a4561aab303f3d2678d1f01adae25c9c9feed7706b20ba64b34673afc99bc5,clifford_4,RandomClifford,4,24,0.19999999999999996,0.0010908999993262114,0.0,1
b1_c256,1,256,success,exact,6,6,13,0,,0.0008367000009457115,0.0003094000003329711,0.0011461000012786826,30,24,0.19999999999999996,not_run_in_development_grid,65a4561aab303f3d2678d1f01adae25c9c9feed7706b20ba64b34673afc99bc5,clifford_4,RandomClifford,4,24,0.19999999999999996,0.0010908999993262114,0.0,1
b8_c256,8,256,success,exact,6,6,13,0,,0.000799600000391365,0.00036220000038156286,0.0011618000007729279,30,24,0.19999999999999996,not_run_in_development_grid,65a4561aab303f3d2678d1f01adae25c9c9feed7706b20ba64b34673afc99bc5,clifford_4,RandomClifford,4,24,0.19999999999999996,0.0010908999993262114,0.0,1
b32_c256,32,256,success,exact,6,6,13,0,,0.0015103000005183276,0.00042050000047311187,0.0019308000009914394,30,24,0.19999999999999996,not_run_in_development_grid,65a4561aab303f3d2678d1f01adae25c9c9feed7706b20ba64b34673afc99bc5,clifford_4,RandomClifford,4,24,0.19999999999999996,0.0010908999993262114,0.0,1
b1_c64,1,64,success,exact_zero,0,0,0,0,,0.0010409999995317776,0.00017750000006344635,0.001218499999595224,12,12,0.0,not_run_in_development_grid,3aee8fb917c05afbe6186cad1160779a632dee4212db5acd705c807383e6b682,adder_6,Adder,7,12,0.0,0.0004270000008546049,0.0,0
b8_c64,8,64,success,exact_zero,0,0,0,0,,0.0007153999995352933,0.00018249999993713573,0.000897899999472429,12,12,0.0,not_run_in_development_grid,3aee8fb917c05afbe6186cad1160779a632dee4212db5acd705c807383e6b682,adder_6,Adder,7,12,0.0,0.0004270000008546049,0.0,0
b32_c64,32,64,success,exact_zero,0,0,0,0,,0.000681800000165822,0.000170899998920504,0.000852699999086326,12,12,0.0,not_run_in_development_grid,3aee8fb917c05afbe6186cad1160779a632dee4212db5acd705c807383e6b682,adder_6,Adder,7,12,0.0,0.0004270000008546049,0.0,0
b1_c256,1,256,success,exact_zero,0,0,0,0,,0.000705099999322556,0.0001695000009931391,0.0008746000003156951,12,12,0.0,not_run_in_development_grid,3aee8fb917c05afbe6186cad1160779a632dee4212db5acd705c807383e6b682,adder_6,Adder,7,12,0.0,0.0004270000008546049,0.0,0
b8_c256,8,256,success,exact_zero,0,0,0,0,,0.0008056999995460501,0.00041760000021895394,0.001223299999765004,12,12,0.0,not_run_in_development_grid,3aee8fb917c05afbe6186cad1160779a632dee4212db5acd705c807383e6b682,adder_6,Adder,7,12,0.0,0.0004270000008546049,0.0,0
b32_c256,32,256,success,exact_zero,0,0,0,0,,0.001327399999354384,0.00027120000049762893,0.0015985999998520128,12,12,0.0,not_run_in_development_grid,3aee8fb917c05afbe6186cad1160779a632dee4212db5acd705c807383e6b682,adder_6,Adder,7,12,0.0,0.0004270000008546049,0.0,0
b1_c64,1,64,success,exact,3,3,2444,0,,0.007585800000015297,0.010854000000108499,0.018439800000123796,275,272,0.010909090909090868,not_run_in_development_grid,2a80f64340c58306fb04a784ab1f93b8bc47dddf3b2084721a18783df59e4275,haar_4,HaarRandom,4,275,0.0,0.006863700000394601,1.0909090909090868,1
b8_c64,8,64,success,exact,3,3,2444,0,,0.009113099999012775,0.013519500000256812,0.022632599999269587,275,272,0.010909090909090868,not_run_in_development_grid,2a80f64340c58306fb04a784ab1f93b8bc47dddf3b2084721a18783df59e4275,haar_4,HaarRandom,4,275,0.0,0.006863700000394601,1.0909090909090868,1
b32_c64,32,64,success,exact,3,3,2444,0,,0.008134699999573058,0.011064500000429689,0.019199200000002747,275,272,0.010909090909090868,not_run_in_development_grid,2a80f64340c58306fb04a784ab1f93b8bc47dddf3b2084721a18783df59e4275,haar_4,HaarRandom,4,275,0.0,0.006863700000394601,1.0909090909090868,1
b1_c256,1,256,success,exact,3,3,2444,0,,0.008307800000693533,0.011014499999873806,0.01932230000056734,275,272,0.010909090909090868,not_run_in_development_grid,2a80f64340c58306fb04a784ab1f93b8bc47dddf3b2084721a18783df59e4275,haar_4,HaarRandom,4,275,0.0,0.006863700000394601,1.0909090909090868,1
b8_c256,8,256,success,exact,3,3,2444,0,,0.00816579999991518,0.010944100000415347,0.019109900000330526,275,272,0.010909090909090868,not_run_in_development_grid,2a80f64340c58306fb04a784ab1f93b8bc47dddf3b2084721a18783df59e4275,haar_4,HaarRandom,4,275,0.0,0.006863700000394601,1.0909090909090868,1
b32_c256,32,256,success,exact,3,3,2444,0,,0.008056499998929212,0.01084410000112257,0.01890060000005178,275,272,0.010909090909090868,not_run_in_development_grid,2a80f64340c58306fb04a784ab1f93b8bc47dddf3b2084721a18783df59e4275,haar_4,HaarRandom,4,275,0.0,0.006863700000394601,1.0909090909090868,1
b1_c64,1,64,success,exact,10,10,10,0,,0.0009952000000339467,0.00023639999926672317,0.0012315999993006699,23,13,0.4347826086956522,not_run_in_development_grid,27c1cdf3eda94e12894f67e152b42d888e3e26b135a7921a2ff59c204f99788d,bv_8,Oracle,9,13,0.4347826086956522,0.0005868000007467344,0.0,1
b8_c64,8,64,success,exact,10,10,10,0,,0.000817599999209051,0.00022050000006856862,0.0010380999992776196,23,13,0.4347826086956522,not_run_in_development_grid,27c1cdf3eda94e12894f67e152b42d888e3e26b135a7921a2ff59c204f99788d,bv_8,Oracle,9,13,0.4347826086956522,0.0005868000007467344,0.0,1
b32_c64,32,64,success,exact,10,10,10,0,,0.0008003000002645422,0.0005096999993838836,0.0013099999996484257,23,13,0.4347826086956522,not_run_in_development_grid,27c1cdf3eda94e12894f67e152b42d888e3e26b135a7921a2ff59c204f99788d,bv_8,Oracle,9,13,0.4347826086956522,0.0005868000007467344,0.0,1
b1_c256,1,256,success,exact,10,10,10,0,,0.0017541999986860901,0.0003203000014764257,0.002074500000162516,23,13,0.4347826086956522,not_run_in_development_grid,27c1cdf3eda94e12894f67e152b42d888e3e26b135a7921a2ff59c204f99788d,bv_8,Oracle,9,13,0.4347826086956522,0.0005868000007467344,0.0,1
b8_c256,8,256,success,exact,10,10,10,0,,0.0008732999995118007,0.00022880000142322388,0.0011021000009350246,23,13,0.4347826086956522,not_run_in_development_grid,27c1cdf3eda94e12894f67e152b42d888e3e26b135a7921a2ff59c204f99788d,bv_8,Oracle,9,13,0.4347826086956522,0.0005868000007467344,0.0,1
b32_c256,32,256,success,exact,10,10,10,0,,0.0008170999990397831,0.00022339999850373715,0.0010404999975435203,23,13,0.4347826086956522,not_run_in_development_grid,27c1cdf3eda94e12894f67e152b42d888e3e26b135a7921a2ff59c204f99788d,bv_8,Oracle,9,13,0.4347826086956522,0.0005868000007467344,0.0,1
b1_c64,1,64,success,exact_zero,0,0,23,0,,0.0008109000009426381,0.001356599999780883,0.0021675000007235212,46,46,0.0,not_run_in_development_grid,4572941712e8aea150c8fa425b7e51001a6c0edaee560e513ec57c86bf5900af,hardware_eff_8,HardwareEfficient,8,46,0.0,0.0011438999990787124,0.0,0
b8_c64,8,64,success,exact_zero,0,0,23,0,,0.0016149999992194353,0.0006680000005871989,0.002282999999806634,46,46,0.0,not_run_in_development_grid,4572941712e8aea150c8fa425b7e51001a6c0edaee560e513ec57c86bf5900af,hardware_eff_8,HardwareEfficient,8,46,0.0,0.0011438999990787124,0.0,0
b32_c64,32,64,success,exact_zero,0,0,23,0,,0.0009454000010009622,0.0006780999992770376,0.0016235000002779998,46,46,0.0,not_run_in_development_grid,4572941712e8aea150c8fa425b7e51001a6c0edaee560e513ec57c86bf5900af,hardware_eff_8,HardwareEfficient,8,46,0.0,0.0011438999990787124,0.0,0
b1_c256,1,256,success,exact_zero,0,0,23,0,,0.0007798999995429767,0.0006625999994867016,0.0014424999990296783,46,46,0.0,not_run_in_development_grid,4572941712e8aea150c8fa425b7e51001a6c0edaee560e513ec57c86bf5900af,hardware_eff_8,HardwareEfficient,8,46,0.0,0.0011438999990787124,0.0,0
b8_c256,8,256,success,exact_zero,0,0,23,0,,0.0008786999987933086,0.000777600000219536,0.0016562999990128446,46,46,0.0,not_run_in_development_grid,4572941712e8aea150c8fa425b7e51001a6c0edaee560e513ec57c86bf5900af,hardware_eff_8,HardwareEfficient,8,46,0.0,0.0011438999990787124,0.0,0
b32_c256,32,256,success,exact_zero,0,0,23,0,,0.0009429999990970828,0.0006511999999929685,0.0015941999990900513,46,46,0.0,not_run_in_development_grid,4572941712e8aea150c8fa425b7e51001a6c0edaee560e513ec57c86bf5900af,hardware_eff_8,HardwareEfficient,8,46,0.0,0.0011438999990787124,0.0,0
b1_c64,1,64,success,exact,12,12,33,0,,0.0022473999997600913,0.0005172999990463722,0.0027646999988064636,52,40,0.23076923076923073,not_run_in_development_grid,28fa1a35d35427a92d30c622a80840edaaf759c54c7873b8ef1ace832c84a0de,clifford_8,RandomClifford,8,40,0.23076923076923073,0.0010100999988935655,0.0,1
b8_c64,8,64,success,exact,12,12,33,0,,0.003181100000801962,0.0005239000001893146,0.0037050000009912765,52,40,0.23076923076923073,not_run_in_development_grid,28fa1a35d35427a92d30c622a80840edaaf759c54c7873b8ef1ace832c84a0de,clifford_8,RandomClifford,8,40,0.23076923076923073,0.0010100999988935655,0.0,1
b32_c64,32,64,success,exact,12,12,33,0,,0.0019809999994322425,0.0005399000001489185,0.002520899999581161,52,40,0.23076923076923073,not_run_in_development_grid,28fa1a35d35427a92d30c622a80840edaaf759c54c7873b8ef1ace832c84a0de,clifford_8,RandomClifford,8,40,0.23076923076923073,0.0010100999988935655,0.0,1
b1_c256,1,256,success,exact,12,12,33,0,,0.0018436999998812098,0.0005323000004864298,0.0023760000003676396,52,40,0.23076923076923073,not_run_in_development_grid,28fa1a35d35427a92d30c622a80840edaaf759c54c7873b8ef1ace832c84a0de,clifford_8,RandomClifford,8,40,0.23076923076923073,0.0010100999988935655,0.0,1
b8_c256,8,256,success,exact,12,12,33,0,,0.002713699999731034,0.0005356000001484063,0.0032492999998794403,52,40,0.23076923076923073,not_run_in_development_grid,28fa1a35d35427a92d30c622a80840edaaf759c54c7873b8ef1ace832c84a0de,clifford_8,RandomClifford,8,40,0.23076923076923073,0.0010100999988935655,0.0,1
b32_c256,32,256,success,exact,12,12,33,0,,0.0020410999986779643,0.0005510999999387423,0.0025921999986167066,52,40,0.23076923076923073,not_run_in_development_grid,28fa1a35d35427a92d30c622a80840edaaf759c54c7873b8ef1ace832c84a0de,clifford_8,RandomClifford,8,40,0.23076923076923073,0.0010100999988935655,0.0,1
b1_c64,1,64,success,exact,12,12,28,0,,0.021963400000458932,0.002299699999639415,0.024263100000098348,46,34,0.26086956521739135,not_run_in_development_grid,83736b18a61dd9b2fd86cf7fc2f36d12cbe6d26237036b39893a814898578b01,iqp_8,IQP,8,41,0.10869565217391308,0.001660400001128437,15.217391304347828,1
b8_c64,8,64,success,exact,12,12,28,0,,0.02232230000117852,0.0018053999992844183,0.024127700000462937,46,34,0.26086956521739135,not_run_in_development_grid,83736b18a61dd9b2fd86cf7fc2f36d12cbe6d26237036b39893a814898578b01,iqp_8,IQP,8,41,0.10869565217391308,0.001660400001128437,15.217391304347828,1
b32_c64,32,64,success,exact,12,12,28,0,,0.02202909999869007,0.001750999999785563,0.023780099998475634,46,34,0.26086956521739135,not_run_in_development_grid,83736b18a61dd9b2fd86cf7fc2f36d12cbe6d26237036b39893a814898578b01,iqp_8,IQP,8,41,0.10869565217391308,0.001660400001128437,15.217391304347828,1
b1_c256,1,256,success,exact,12,12,28,0,,0.02230520000011893,0.0017439000002923422,0.024049100000411272,46,34,0.26086956521739135,not_run_in_development_grid,83736b18a61dd9b2fd86cf7fc2f36d12cbe6d26237036b39893a814898578b01,iqp_8,IQP,8,41,0.10869565217391308,0.001660400001128437,15.217391304347828,1
b8_c256,8,256,success,exact,12,12,28,0,,0.021921899999142624,0.0021500000002561137,0.024071899999398738,46,34,0.26086956521739135,not_run_in_development_grid,83736b18a61dd9b2fd86cf7fc2f36d12cbe6d26237036b39893a814898578b01,iqp_8,IQP,8,41,0.10869565217391308,0.001660400001128437,15.217391304347828,1
b32_c256,32,256,success,exact,12,12,28,0,,0.021832200000062585,0.001811799998904462,0.023643999998967047,46,34,0.26086956521739135,not_run_in_development_grid,83736b18a61dd9b2fd86cf7fc2f36d12cbe6d26237036b39893a814898578b01,iqp_8,IQP,8,41,0.10869565217391308,0.001660400001128437,15.217391304347828,1
b1_c64,1,64,success,exact,10,10,2415,0,,0.1812019999997574,0.006683100000373088,0.18788510000013048,460,450,0.021739130434782594,not_run_in_development_grid,f6bad2be7e968d27cb136e3528e2562cdb27eccfd23b265b21bc4684c8c2ff48,grover_6,Grover,6,450,0.021739130434782594,0.010724199999458506,0.0,1
b8_c64,8,64,success,exact,10,10,2415,0,,0.18411720000040077,0.007571600001028855,0.19168880000142963,460,450,0.021739130434782594,not_run_in_development_grid,f6bad2be7e968d27cb136e3528e2562cdb27eccfd23b265b21bc4684c8c2ff48,grover_6,Grover,6,450,0.021739130434782594,0.010724199999458506,0.0,1
b32_c64,32,64,success,exact,10,10,2415,0,,0.2019308999988425,0.008207100001527579,0.21013800000037008,460,450,0.021739130434782594,not_run_in_development_grid,f6bad2be7e968d27cb136e3528e2562cdb27eccfd23b265b21bc4684c8c2ff48,grover_6,Grover,6,450,0.021739130434782594,0.010724199999458506,0.0,1
b1_c256,1,256,success,exact,10,10,2415,0,,0.27924349999921105,0.007358700000622775,0.28660219999983383,460,450,0.021739130434782594,not_run_in_development_grid,f6bad2be7e968d27cb136e3528e2562cdb27eccfd23b265b21bc4684c8c2ff48,grover_6,Grover,6,450,0.021739130434782594,0.010724199999458506,0.0,1
b8_c256,8,256,success,exact,10,10,2415,0,,0.21545880000121542,0.0073178999991796445,0.22277670000039507,460,450,0.021739130434782594,not_run_in_development_grid,f6bad2be7e968d27cb136e3528e2562cdb27eccfd23b265b21bc4684c8c2ff48,grover_6,Grover,6,450,0.021739130434782594,0.010724199999458506,0.0,1
b32_c256,32,256,success,exact,10,10,2415,0,,0.19790810000085912,0.00770129999909841,0.20560939999995753,460,450,0.021739130434782594,not_run_in_development_grid,f6bad2be7e968d27cb136e3528e2562cdb27eccfd23b265b21bc4684c8c2ff48,grover_6,Grover,6,450,0.021739130434782594,0.010724199999458506,0.0,1
b1_c64,1,64,success,exact_zero,0,0,23,0,,0.0012746000011247816,0.0007629000010638265,0.002037500002188608,46,46,0.0,not_run_in_development_grid,146c3e821e8145d085eb90027904fa7f60f9de8430825fefc368f5c286fa991b,hardware_eff_8,HardwareEfficient,8,46,0.0,0.001370899999528774,0.0,0
b8_c64,8,64,success,exact_zero,0,0,23,0,,0.0008760999990045093,0.0008311999990837649,0.0017072999980882742,46,46,0.0,not_run_in_development_grid,146c3e821e8145d085eb90027904fa7f60f9de8430825fefc368f5c286fa991b,hardware_eff_8,HardwareEfficient,8,46,0.0,0.001370899999528774,0.0,0
b32_c64,32,64,success,exact_zero,0,0,23,0,,0.0013354000002436806,0.0007034999998722924,0.002038900000115973,46,46,0.0,not_run_in_development_grid,146c3e821e8145d085eb90027904fa7f60f9de8430825fefc368f5c286fa991b,hardware_eff_8,HardwareEfficient,8,46,0.0,0.001370899999528774,0.0,0
b1_c256,1,256,success,exact_zero,0,0,23,0,,0.0008794999994279351,0.0007151000008889241,0.0015946000003168592,46,46,0.0,not_run_in_development_grid,146c3e821e8145d085eb90027904fa7f60f9de8430825fefc368f5c286fa991b,hardware_eff_8,HardwareEfficient,8,46,0.0,0.001370899999528774,0.0,0
b8_c256,8,256,success,exact_zero,0,0,23,0,,0.0008137999993778067,0.0007099000013113255,0.0015237000006891321,46,46,0.0,not_run_in_development_grid,146c3e821e8145d085eb90027904fa7f60f9de8430825fefc368f5c286fa991b,hardware_eff_8,HardwareEfficient,8,46,0.0,0.001370899999528774,0.0,0
b32_c256,32,256,success,exact_zero,0,0,23,0,,0.000738900000214926,0.0006974999996600673,0.0014363999998749932,46,46,0.0,not_run_in_development_grid,146c3e821e8145d085eb90027904fa7f60f9de8430825fefc368f5c286fa991b,hardware_eff_8,HardwareEfficient,8,46,0.0,0.001370899999528774,0.0,0
b1_c64,1,64,success,exact,2,2,47,0,,0.001138899999205023,0.0006400000002031447,0.0017788999994081678,28,26,0.0714285714285714,not_run_in_development_grid,264d1b73ac4524485965989504c9021bc175f53d087f673a4187e2e9d2d8234b,uccsd_4,UCCSD_inspired,4,26,0.0714285714285714,0.001704599999357015,0.0,1
b8_c64,8,64,success,exact,2,2,47,0,,0.0008225000001402805,0.0006307999992714031,0.0014532999994116835,28,26,0.0714285714285714,not_run_in_development_grid,264d1b73ac4524485965989504c9021bc175f53d087f673a4187e2e9d2d8234b,uccsd_4,UCCSD_inspired,4,26,0.0714285714285714,0.001704599999357015,0.0,1
b32_c64,32,64,success,exact,2,2,47,0,,0.0008106999994197395,0.0006524000000354135,0.001463099999455153,28,26,0.0714285714285714,not_run_in_development_grid,264d1b73ac4524485965989504c9021bc175f53d087f673a4187e2e9d2d8234b,uccsd_4,UCCSD_inspired,4,26,0.0714285714285714,0.001704599999357015,0.0,1
b1_c256,1,256,success,exact,2,2,47,0,,0.0011962999997194856,0.0007463000001735054,0.001942599999892991,28,26,0.0714285714285714,not_run_in_development_grid,264d1b73ac4524485965989504c9021bc175f53d087f673a4187e2e9d2d8234b,uccsd_4,UCCSD_inspired,4,26,0.0714285714285714,0.001704599999357015,0.0,1
b8_c256,8,256,success,exact,2,2,47,0,,0.001142999999501626,0.0006517000001622364,0.0017946999996638624,28,26,0.0714285714285714,not_run_in_development_grid,264d1b73ac4524485965989504c9021bc175f53d087f673a4187e2e9d2d8234b,uccsd_4,UCCSD_inspired,4,26,0.0714285714285714,0.001704599999357015,0.0,1
b32_c256,32,256,success,exact,2,2,47,0,,0.0012625999988813419,0.000625900000159163,0.001888499999040505,28,26,0.0714285714285714,not_run_in_development_grid,264d1b73ac4524485965989504c9021bc175f53d087f673a4187e2e9d2d8234b,uccsd_4,UCCSD_inspired,4,26,0.0714285714285714,0.001704599999357015,0.0,1
b1_c64,1,64,success,exact,8,8,8,0,,0.0008314000006066635,0.00019940000129281543,0.001030800001899479,18,10,0.4444444444444444,not_run_in_development_grid,c0c051c7a9295d5137a161ac09714dc00806ce534ed42ba562204e5c4a2bdbb3,bv_6,Oracle,7,10,0.4444444444444444,0.00044460000026447233,0.0,1
b8_c64,8,64,success,exact,8,8,8,0,,0.000782900000558584,0.00022570000146515667,0.0010086000020237407,18,10,0.4444444444444444,not_run_in_development_grid,c0c051c7a9295d5137a161ac09714dc00806ce534ed42ba562204e5c4a2bdbb3,bv_6,Oracle,7,10,0.4444444444444444,0.00044460000026447233,0.0,1
b32_c64,32,64,success,exact,8,8,8,0,,0.0016286999998555984,0.00019329999850015156,0.00182199999835575,18,10,0.4444444444444444,not_run_in_development_grid,c0c051c7a9295d5137a161ac09714dc00806ce534ed42ba562204e5c4a2bdbb3,bv_6,Oracle,7,10,0.4444444444444444,0.00044460000026447233,0.0,1
b1_c256,1,256,success,exact,8,8,8,0,,0.0007547999994130805,0.00018600000112201087,0.0009408000005350914,18,10,0.4444444444444444,not_run_in_development_grid,c0c051c7a9295d5137a161ac09714dc00806ce534ed42ba562204e5c4a2bdbb3,bv_6,Oracle,7,10,0.4444444444444444,0.00044460000026447233,0.0,1
b8_c256,8,256,success,exact,8,8,8,0,,0.0008717000000615371,0.00018740000086836517,0.0010591000009299023,18,10,0.4444444444444444,not_run_in_development_grid,c0c051c7a9295d5137a161ac09714dc00806ce534ed42ba562204e5c4a2bdbb3,bv_6,Oracle,7,10,0.4444444444444444,0.00044460000026447233,0.0,1
b32_c256,32,256,success,exact,8,8,8,0,,0.0006871999994473299,0.0001818999990064185,0.0008690999984537484,18,10,0.4444444444444444,not_run_in_development_grid,c0c051c7a9295d5137a161ac09714dc00806ce534ed42ba562204e5c4a2bdbb3,bv_6,Oracle,7,10,0.4444444444444444,0.00044460000026447233,0.0,1
b1_c64,1,64,success,exact_zero,0,0,7,0,,0.0013295999997353647,0.0010283999999955995,0.002357999999730964,62,62,0.0,not_run_in_development_grid,4cb477caf5f46aa76b3f54b03574649768b408906ee78ac4652943020cb7be7c,vqe_twolocal_8,VQE,8,62,0.0,0.0018334000014874619,0.0,0
b8_c64,8,64,success,exact_zero,0,0,7,0,,0.0009314999988419004,0.0010091000003740191,0.0019405999992159195,62,62,0.0,not_run_in_development_grid,4cb477caf5f46aa76b3f54b03574649768b408906ee78ac4652943020cb7be7c,vqe_twolocal_8,VQE,8,62,0.0,0.0018334000014874619,0.0,0
b32_c64,32,64,success,exact_zero,0,0,7,0,,0.0008132999992085388,0.0010359000007156283,0.001849199999924167,62,62,0.0,not_run_in_development_grid,4cb477caf5f46aa76b3f54b03574649768b408906ee78ac4652943020cb7be7c,vqe_twolocal_8,VQE,8,62,0.0,0.0018334000014874619,0.0,0
b1_c256,1,256,success,exact_zero,0,0,7,0,,0.0010817000002134591,0.0012925000010000076,0.0023742000012134667,62,62,0.0,not_run_in_development_grid,4cb477caf5f46aa76b3f54b03574649768b408906ee78ac4652943020cb7be7c,vqe_twolocal_8,VQE,8,62,0.0,0.0018334000014874619,0.0,0
b8_c256,8,256,success,exact_zero,0,0,7,0,,0.001035799999954179,0.0010053000005427748,0.0020411000004969537,62,62,0.0,not_run_in_development_grid,4cb477caf5f46aa76b3f54b03574649768b408906ee78ac4652943020cb7be7c,vqe_twolocal_8,VQE,8,62,0.0,0.0018334000014874619,0.0,0
b32_c256,32,256,success,exact_zero,0,0,7,0,,0.0008790000010776566,0.001005500000246684,0.0018845000013243407,62,62,0.0,not_run_in_development_grid,4cb477caf5f46aa76b3f54b03574649768b408906ee78ac4652943020cb7be7c,vqe_twolocal_8,VQE,8,62,0.0,0.0018334000014874619,0.0,0
b1_c64,1,64,success,exact_zero,0,0,42,0,,0.0010987000005115988,0.0010098000002471963,0.002108500000758795,66,66,0.0,not_run_in_development_grid,0080a63f816f580541538093d5448ae336ed333ac6933bc71da115de0011b707,qaoa_line_8,QAOA,8,66,0.0,0.0029966999991302146,0.0,0
b8_c64,8,64,success,exact_zero,0,0,42,0,,0.0008925000001909211,0.0010022999995271675,0.0018947999997180887,66,66,0.0,not_run_in_development_grid,0080a63f816f580541538093d5448ae336ed333ac6933bc71da115de0011b707,qaoa_line_8,QAOA,8,66,0.0,0.0029966999991302146,0.0,0
b32_c64,32,64,success,exact_zero,0,0,42,0,,0.0016132999990077224,0.001023999999233638,0.0026372999982413603,66,66,0.0,not_run_in_development_grid,0080a63f816f580541538093d5448ae336ed333ac6933bc71da115de0011b707,qaoa_line_8,QAOA,8,66,0.0,0.0029966999991302146,0.0,0
b1_c256,1,256,success,exact_zero,0,0,42,0,,0.0010363999990659067,0.001003100000161794,0.0020394999992277008,66,66,0.0,not_run_in_development_grid,0080a63f816f580541538093d5448ae336ed333ac6933bc71da115de0011b707,qaoa_line_8,QAOA,8,66,0.0,0.0029966999991302146,0.0,0
b8_c256,8,256,success,exact_zero,0,0,42,0,,0.0008815999990474666,0.0019317000005685259,0.0028132999996159924,66,66,0.0,not_run_in_development_grid,0080a63f816f580541538093d5448ae336ed333ac6933bc71da115de0011b707,qaoa_line_8,QAOA,8,66,0.0,0.0029966999991302146,0.0,0
b32_c256,32,256,success,exact_zero,0,0,42,0,,0.0011466000014479505,0.0011863999989145668,0.0023330000003625173,66,66,0.0,not_run_in_development_grid,0080a63f816f580541538093d5448ae336ed333ac6933bc71da115de0011b707,qaoa_line_8,QAOA,8,66,0.0,0.0029966999991302146,0.0,0
b1_c64,1,64,success,exact,12,12,158,0,,0.007516900001064641,0.005506900000909809,0.01302380000197445,66,54,0.18181818181818177,not_run_in_development_grid,4fd56a4aef3db179df3c4a37d4ed820b90cc557115cd93951084f3d6b478ad8a,uccsd_8,UCCSD_inspired,8,54,0.18181818181818177,0.00547529999857943,0.0,1
b8_c64,8,64,success,exact,12,12,158,0,,0.0073219999994762475,0.005132500000399887,0.012454499999876134,66,54,0.18181818181818177,not_run_in_development_grid,4fd56a4aef3db179df3c4a37d4ed820b90cc557115cd93951084f3d6b478ad8a,uccsd_8,UCCSD_inspired,8,54,0.18181818181818177,0.00547529999857943,0.0,1
b32_c64,32,64,success,exact,12,12,158,0,,0.00788029999966966,0.005059600000095088,0.012939899999764748,66,54,0.18181818181818177,not_run_in_development_grid,4fd56a4aef3db179df3c4a37d4ed820b90cc557115cd93951084f3d6b478ad8a,uccsd_8,UCCSD_inspired,8,54,0.18181818181818177,0.00547529999857943,0.0,1
b1_c256,1,256,success,exact,12,12,158,0,,0.007766200000332901,0.005265300000246498,0.013031500000579399,66,54,0.18181818181818177,not_run_in_development_grid,4fd56a4aef3db179df3c4a37d4ed820b90cc557115cd93951084f3d6b478ad8a,uccsd_8,UCCSD_inspired,8,54,0.18181818181818177,0.00547529999857943,0.0,1
b8_c256,8,256,success,exact,12,12,158,0,,0.009372200000143494,0.009582200000295416,0.01895440000043891,66,54,0.18181818181818177,not_run_in_development_grid,4fd56a4aef3db179df3c4a37d4ed820b90cc557115cd93951084f3d6b478ad8a,uccsd_8,UCCSD_inspired,8,54,0.18181818181818177,0.00547529999857943,0.0,1
b32_c256,32,256,success,exact,12,12,158,0,,0.014988999999332009,0.008877399999619229,0.023866399998951238,66,54,0.18181818181818177,not_run_in_development_grid,4fd56a4aef3db179df3c4a37d4ed820b90cc557115cd93951084f3d6b478ad8a,uccsd_8,UCCSD_inspired,8,54,0.18181818181818177,0.00547529999857943,0.0,1
b1_c64,1,64,success,exact,8,8,136,0,,0.004948499999954947,0.0024699999994481914,0.007418499999403139,90,82,0.0888888888888889,not_run_in_development_grid,c91f83f84726fdd86c22a20ea08453d780f2bdd292a5b3b056d983430ea40d06,grover_4,Grover,4,82,0.0888888888888889,0.0038514000007126015,0.0,1
b8_c64,8,64,success,exact,8,8,136,0,,0.0047790999997232575,0.002660099999047816,0.007439199998771073,90,82,0.0888888888888889,not_run_in_development_grid,c91f83f84726fdd86c22a20ea08453d780f2bdd292a5b3b056d983430ea40d06,grover_4,Grover,4,82,0.0888888888888889,0.0038514000007126015,0.0,1
b32_c64,32,64,success,exact,8,8,136,0,,0.004540699999779463,0.002141900000424357,0.00668260000020382,90,82,0.0888888888888889,not_run_in_development_grid,c91f83f84726fdd86c22a20ea08453d780f2bdd292a5b3b056d983430ea40d06,grover_4,Grover,4,82,0.0888888888888889,0.0038514000007126015,0.0,1
b1_c256,1,256,success,exact,8,8,136,0,,0.004452099999980419,0.002504800000679097,0.006956900000659516,90,82,0.0888888888888889,not_run_in_development_grid,c91f83f84726fdd86c22a20ea08453d780f2bdd292a5b3b056d983430ea40d06,grover_4,Grover,4,82,0.0888888888888889,0.0038514000007126015,0.0,1
b8_c256,8,256,success,exact,8,8,136,0,,0.006155999999464257,0.0017150999992736615,0.007871099998737918,90,82,0.0888888888888889,not_run_in_development_grid,c91f83f84726fdd86c22a20ea08453d780f2bdd292a5b3b056d983430ea40d06,grover_4,Grover,4,82,0.0888888888888889,0.0038514000007126015,0.0,1
b32_c256,32,256,success,exact,8,8,136,0,,0.0032523000008950476,0.0015471999995497754,0.004799500000444823,90,82,0.0888888888888889,not_run_in_development_grid,c91f83f84726fdd86c22a20ea08453d780f2bdd292a5b3b056d983430ea40d06,grover_4,Grover,4,82,0.0888888888888889,0.0038514000007126015,0.0,1
b1_c64,1,64,success,exact_zero,0,0,0,0,,0.0008878000007825904,0.00018979999913426582,0.0010775999999168562,12,12,0.0,not_run_in_development_grid,12aba0a55cc5324f1f86a4be0a6e11b63595a323c727cbf9b31cd9615f0e057d,adder_6,Adder,7,12,0.0,0.0004484000000957167,0.0,0
b8_c64,8,64,success,exact_zero,0,0,0,0,,0.0007699999987380579,0.00018500000078347512,0.000954999999521533,12,12,0.0,not_run_in_development_grid,12aba0a55cc5324f1f86a4be0a6e11b63595a323c727cbf9b31cd9615f0e057d,adder_6,Adder,7,12,0.0,0.0004484000000957167,0.0,0
b32_c64,32,64,success,exact_zero,0,0,0,0,,0.0007027000010566553,0.00018540000019129366,0.000888100001247949,12,12,0.0,not_run_in_development_grid,12aba0a55cc5324f1f86a4be0a6e11b63595a323c727cbf9b31cd9615f0e057d,adder_6,Adder,7,12,0.0,0.0004484000000957167,0.0,0
b1_c256,1,256,success,exact_zero,0,0,0,0,,0.0006955000008019852,0.0001768000001902692,0.0008723000009922544,12,12,0.0,not_run_in_development_grid,12aba0a55cc5324f1f86a4be0a6e11b63595a323c727cbf9b31cd9615f0e057d,adder_6,Adder,7,12,0.0,0.0004484000000957167,0.0,0
b8_c256,8,256,success,exact_zero,0,0,0,0,,0.0006979999998293351,0.00017079999997804407,0.0008687999998073792,12,12,0.0,not_run_in_development_grid,12aba0a55cc5324f1f86a4be0a6e11b63595a323c727cbf9b31cd9615f0e057d,adder_6,Adder,7,12,0.0,0.0004484000000957167,0.0,0
b32_c256,32,256,success,exact_zero,0,0,0,0,,0.0010944000005110865,0.0002122999994753627,0.0013066999999864493,12,12,0.0,not_run_in_development_grid,12aba0a55cc5324f1f86a4be0a6e11b63595a323c727cbf9b31cd9615f0e057d,adder_6,Adder,7,12,0.0,0.0004484000000957167,0.0,0
b1_c64,1,64,success,exact_zero,0,0,3,0,,0.0008665000004839385,0.0005438000007416122,0.0014103000012255507,30,30,0.0,not_run_in_development_grid,fa9e1b48ab72bf8257e53fa08802bb8190d6d9ea0feacf0444e455c6a6058b83,vqe_twolocal_4,VQE,4,30,0.0,0.0008944000001065433,0.0,0
b8_c64,8,64,success,exact_zero,0,0,3,0,,0.0007573999992018798,0.0005397999993874691,0.001297199998589349,30,30,0.0,not_run_in_development_grid,fa9e1b48ab72bf8257e53fa08802bb8190d6d9ea0feacf0444e455c6a6058b83,vqe_twolocal_4,VQE,4,30,0.0,0.0008944000001065433,0.0,0
b32_c64,32,64,success,exact_zero,0,0,3,0,,0.0007368000005953945,0.0005361000003176741,0.0012729000009130687,30,30,0.0,not_run_in_development_grid,fa9e1b48ab72bf8257e53fa08802bb8190d6d9ea0feacf0444e455c6a6058b83,vqe_twolocal_4,VQE,4,30,0.0,0.0008944000001065433,0.0,0
b1_c256,1,256,success,exact_zero,0,0,3,0,,0.0010624000005918788,0.0005802000014227815,0.0016426000020146603,30,30,0.0,not_run_in_development_grid,fa9e1b48ab72bf8257e53fa08802bb8190d6d9ea0feacf0444e455c6a6058b83,vqe_twolocal_4,VQE,4,30,0.0,0.0008944000001065433,0.0,0
b8_c256,8,256,success,exact_zero,0,0,3,0,,0.0010621000001265202,0.000558699999601231,0.0016207999997277511,30,30,0.0,not_run_in_development_grid,fa9e1b48ab72bf8257e53fa08802bb8190d6d9ea0feacf0444e455c6a6058b83,vqe_twolocal_4,VQE,4,30,0.0,0.0008944000001065433,0.0,0
b32_c256,32,256,success,exact_zero,0,0,3,0,,0.0008226999998441897,0.0006642000007559545,0.0014869000006001443,30,30,0.0,not_run_in_development_grid,fa9e1b48ab72bf8257e53fa08802bb8190d6d9ea0feacf0444e455c6a6058b83,vqe_twolocal_4,VQE,4,30,0.0,0.0008944000001065433,0.0,0
b1_c64,1,64,success,exact,8,8,19,0,,0.0015855000001465669,0.0013820999993185978,0.0029675999994651647,32,24,0.25,not_run_in_development_grid,061145114cca873e3d8fcf98f0fa0a719cdf86dc6144864cc899a7493711240b,iqp_6,IQP,6,31,0.03125,0.0013722000003326684,21.875,1
b8_c64,8,64,success,exact,8,8,19,0,,0.0024986000007629627,0.0017914999989443459,0.004290099999707309,32,24,0.25,not_run_in_development_grid,061145114cca873e3d8fcf98f0fa0a719cdf86dc6144864cc899a7493711240b,iqp_6,IQP,6,31,0.03125,0.0013722000003326684,21.875,1
b32_c64,32,64,success,exact,8,8,19,0,,0.0024431000001641223,0.002036400001088623,0.004479500001252745,32,24,0.25,not_run_in_development_grid,061145114cca873e3d8fcf98f0fa0a719cdf86dc6144864cc899a7493711240b,iqp_6,IQP,6,31,0.03125,0.0013722000003326684,21.875,1
b1_c256,1,256,success,exact,8,8,19,0,,0.0025451999990764307,0.0018901000003097579,0.004435299999386189,32,24,0.25,not_run_in_development_grid,061145114cca873e3d8fcf98f0fa0a719cdf86dc6144864cc899a7493711240b,iqp_6,IQP,6,31,0.03125,0.0013722000003326684,21.875,1
b8_c256,8,256,success,exact,8,8,19,0,,0.0021909000006417045,0.0010719000001699897,0.003262800000811694,32,24,0.25,not_run_in_development_grid,061145114cca873e3d8fcf98f0fa0a719cdf86dc6144864cc899a7493711240b,iqp_6,IQP,6,31,0.03125,0.0013722000003326684,21.875,1
b32_c256,32,256,success,exact,8,8,19,0,,0.002583499999673222,0.00181700000030105,0.004400499999974272,32,24,0.25,not_run_in_development_grid,061145114cca873e3d8fcf98f0fa0a719cdf86dc6144864cc899a7493711240b,iqp_6,IQP,6,31,0.03125,0.0013722000003326684,21.875,1
b1_c64,1,64,success,exact,4,4,6,0,,0.0011934000012843171,0.0003513999999995576,0.0015448000012838747,14,10,0.2857142857142857,not_run_in_development_grid,b81e1fce8a1444d85177c6bc7af38bad39960f4060e55d08611f399ee4619722,bv_4,Oracle,5,10,0.2857142857142857,0.00046189999920898117,0.0,1
b8_c64,8,64,success,exact,4,4,6,0,,0.0009535999997751787,0.00019329999850015156,0.0011468999982753303,14,10,0.2857142857142857,not_run_in_development_grid,b81e1fce8a1444d85177c6bc7af38bad39960f4060e55d08611f399ee4619722,bv_4,Oracle,5,10,0.2857142857142857,0.00046189999920898117,0.0,1
b32_c64,32,64,success,exact,4,4,6,0,,0.0009747000003699213,0.0002426999999443069,0.0012174000003142282,14,10,0.2857142857142857,not_run_in_development_grid,b81e1fce8a1444d85177c6bc7af38bad39960f4060e55d08611f399ee4619722,bv_4,Oracle,5,10,0.2857142857142857,0.00046189999920898117,0.0,1
b1_c256,1,256,success,exact,4,4,6,0,,0.001101399999242858,0.0001883000004454516,0.0012896999996883096,14,10,0.2857142857142857,not_run_in_development_grid,b81e1fce8a1444d85177c6bc7af38bad39960f4060e55d08611f399ee4619722,bv_4,Oracle,5,10,0.2857142857142857,0.00046189999920898117,0.0,1
b8_c256,8,256,success,exact,4,4,6,0,,0.000818000000435859,0.0003102999999100575,0.0011283000003459165,14,10,0.2857142857142857,not_run_in_development_grid,b81e1fce8a1444d85177c6bc7af38bad39960f4060e55d08611f399ee4619722,bv_4,Oracle,5,10,0.2857142857142857,0.00046189999920898117,0.0,1
b32_c256,32,256,success,exact,4,4,6,0,,0.0009737000000313856,0.00019740000061574392,0.0011711000006471295,14,10,0.2857142857142857,not_run_in_development_grid,b81e1fce8a1444d85177c6bc7af38bad39960f4060e55d08611f399ee4619722,bv_4,Oracle,5,10,0.2857142857142857,0.00046189999920898117,0.0,1
b1_c64,1,64,success,exact,10,10,42,0,,0.0012373000008665258,0.0003780999995797174,0.0016154000004462432,36,26,0.2777777777777778,not_run_in_development_grid,96561fd3e0765c0456e8f0b0e5c9c800074d4f866c985077bc85ca4c0fb159aa,clifford_4,RandomClifford,4,28,0.2222222222222222,0.000787899998613284,5.555555555555558,1
b8_c64,8,64,success,exact,10,10,42,0,,0.0017308999995293561,0.00036809999983233865,0.002098999999361695,36,26,0.2777777777777778,not_run_in_development_grid,96561fd3e0765c0456e8f0b0e5c9c800074d4f866c985077bc85ca4c0fb159aa,clifford_4,RandomClifford,4,28,0.2222222222222222,0.000787899998613284,5.555555555555558,1
b32_c64,32,64,success,exact,10,10,42,0,,0.001172000000224216,0.0003640000013547251,0.001536000001578941,36,26,0.2777777777777778,not_run_in_development_grid,96561fd3e0765c0456e8f0b0e5c9c800074d4f866c985077bc85ca4c0fb159aa,clifford_4,RandomClifford,4,28,0.2222222222222222,0.000787899998613284,5.555555555555558,1
b1_c256,1,256,success,exact,10,10,42,0,,0.0011104000004706904,0.0003609000013966579,0.0014713000018673483,36,26,0.2777777777777778,not_run_in_development_grid,96561fd3e0765c0456e8f0b0e5c9c800074d4f866c985077bc85ca4c0fb159aa,clifford_4,RandomClifford,4,28,0.2222222222222222,0.000787899998613284,5.555555555555558,1
b8_c256,8,256,success,exact,10,10,42,0,,0.0010669000002963003,0.00036539999928209,0.0014322999995783903,36,26,0.2777777777777778,not_run_in_development_grid,96561fd3e0765c0456e8f0b0e5c9c800074d4f866c985077bc85ca4c0fb159aa,clifford_4,RandomClifford,4,28,0.2222222222222222,0.000787899998613284,5.555555555555558,1
b32_c256,32,256,success,exact,10,10,42,0,,0.0011443000003055204,0.00037340000017138664,0.001517700000476907,36,26,0.2777777777777778,not_run_in_development_grid,96561fd3e0765c0456e8f0b0e5c9c800074d4f866c985077bc85ca4c0fb159aa,clifford_4,RandomClifford,4,28,0.2222222222222222,0.000787899998613284,5.555555555555558,1
b1_c64,1,64,success,exact,6,6,6,0,,0.001111900000978494,0.0001534000002720859,0.00126530000125058,13,7,0.46153846153846156,not_run_in_development_grid,4621ef48fbfa81d505e50e099d2d9bb268c3bcebb00ba5aac807e68b83d47cc6,bv_4,Oracle,5,7,0.46153846153846156,0.0005927999991399702,0.0,1
b8_c64,8,64,success,exact,6,6,6,0,,0.0007826000000932254,0.0001503000003140187,0.0009329000004072441,13,7,0.46153846153846156,not_run_in_development_grid,4621ef48fbfa81d505e50e099d2d9bb268c3bcebb00ba5aac807e68b83d47cc6,bv_4,Oracle,5,7,0.46153846153846156,0.0005927999991399702,0.0,1
b32_c64,32,64,success,exact,6,6,6,0,,0.0007795000001351582,0.00014850000115984585,0.000928000001295004,13,7,0.46153846153846156,not_run_in_development_grid,4621ef48fbfa81d505e50e099d2d9bb268c3bcebb00ba5aac807e68b83d47cc6,bv_4,Oracle,5,7,0.46153846153846156,0.0005927999991399702,0.0,1
b1_c256,1,256,success,exact,6,6,6,0,,0.0007155999992392026,0.00014000000010128133,0.0008555999993404839,13,7,0.46153846153846156,not_run_in_development_grid,4621ef48fbfa81d505e50e099d2d9bb268c3bcebb00ba5aac807e68b83d47cc6,bv_4,Oracle,5,7,0.46153846153846156,0.0005927999991399702,0.0,1
b8_c256,8,256,success,exact,6,6,6,0,,0.0007043999994493788,0.0001368000012007542,0.000841200000650133,13,7,0.46153846153846156,not_run_in_development_grid,4621ef48fbfa81d505e50e099d2d9bb268c3bcebb00ba5aac807e68b83d47cc6,bv_4,Oracle,5,7,0.46153846153846156,0.0005927999991399702,0.0,1
b32_c256,32,256,success,exact,6,6,6,0,,0.0007070999999996275,0.00014009999904374126,0.0008471999990433687,13,7,0.46153846153846156,not_run_in_development_grid,4621ef48fbfa81d505e50e099d2d9bb268c3bcebb00ba5aac807e68b83d47cc6,bv_4,Oracle,5,7,0.46153846153846156,0.0005927999991399702,0.0,1
b1_c64,1,64,success,exact,4,4,7,0,,0.0014229999997041887,0.00022709999939252157,0.0016500999990967102,17,13,0.23529411764705888,not_run_in_development_grid,8fade07fc864918c4a4969c2781f2c199d2cec46f63e96c10290027163d5a455,bv_5,Oracle,6,13,0.23529411764705888,0.00047030000132508576,0.0,1
b8_c64,8,64,success,exact,4,4,7,0,,0.000826999999844702,0.00020419999964360613,0.001031199999488308,17,13,0.23529411764705888,not_run_in_development_grid,8fade07fc864918c4a4969c2781f2c199d2cec46f63e96c10290027163d5a455,bv_5,Oracle,6,13,0.23529411764705888,0.00047030000132508576,0.0,1
b32_c64,32,64,success,exact,4,4,7,0,,0.0007701000013184967,0.0001995999991777353,0.000969700000496232,17,13,0.23529411764705888,not_run_in_development_grid,8fade07fc864918c4a4969c2781f2c199d2cec46f63e96c10290027163d5a455,bv_5,Oracle,6,13,0.23529411764705888,0.00047030000132508576,0.0,1
b1_c256,1,256,success,exact,4,4,7,0,,0.0007117000004654983,0.00020480000057432335,0.0009165000010398217,17,13,0.23529411764705888,not_run_in_development_grid,8fade07fc864918c4a4969c2781f2c199d2cec46f63e96c10290027163d5a455,bv_5,Oracle,6,13,0.23529411764705888,0.00047030000132508576,0.0,1
b8_c256,8,256,success,exact,4,4,7,0,,0.0007061000014800811,0.00020229999972798396,0.0009084000012080651,17,13,0.23529411764705888,not_run_in_development_grid,8fade07fc864918c4a4969c2781f2c199d2cec46f63e96c10290027163d5a455,bv_5,Oracle,6,13,0.23529411764705888,0.00047030000132508576,0.0,1
b32_c256,32,256,success,exact,4,4,7,0,,0.0007363000004261266,0.00021179999930609483,0.0009480999997322215,17,13,0.23529411764705888,not_run_in_development_grid,8fade07fc864918c4a4969c2781f2c199d2cec46f63e96c10290027163d5a455,bv_5,Oracle,6,13,0.23529411764705888,0.00047030000132508576,0.0,1
b1_c64,1,64,success,exact,3,3,2444,0,,0.007051799999317154,0.010316199999579112,0.017367999998896266,275,272,0.010909090909090868,not_run_in_development_grid,ea616cc3027e3233ee7136c2491ed791a67189fd196da0c12b55f980a7200a76,haar_4,HaarRandom,4,275,0.0,0.00659300000006624,1.0909090909090868,1
b8_c64,8,64,success,exact,3,3,2444,0,,0.007740899998680106,0.010976699999446282,0.01871759999812639,275,272,0.010909090909090868,not_run_in_development_grid,ea616cc3027e3233ee7136c2491ed791a67189fd196da0c12b55f980a7200a76,haar_4,HaarRandom,4,275,0.0,0.00659300000006624,1.0909090909090868,1
b32_c64,32,64,success,exact,3,3,2444,0,,0.008073500001046341,0.011039300001357333,0.019112800002403674,275,272,0.010909090909090868,not_run_in_development_grid,ea616cc3027e3233ee7136c2491ed791a67189fd196da0c12b55f980a7200a76,haar_4,HaarRandom,4,275,0.0,0.00659300000006624,1.0909090909090868,1
b1_c256,1,256,success,exact,3,3,2444,0,,0.007837199998903088,0.01119020000078308,0.019027399999686168,275,272,0.010909090909090868,not_run_in_development_grid,ea616cc3027e3233ee7136c2491ed791a67189fd196da0c12b55f980a7200a76,haar_4,HaarRandom,4,275,0.0,0.00659300000006624,1.0909090909090868,1
b8_c256,8,256,success,exact,3,3,2444,0,,0.008087500000328873,0.010499800000616233,0.018587300000945106,275,272,0.010909090909090868,not_run_in_development_grid,ea616cc3027e3233ee7136c2491ed791a67189fd196da0c12b55f980a7200a76,haar_4,HaarRandom,4,275,0.0,0.00659300000006624,1.0909090909090868,1
b32_c256,32,256,success,exact,3,3,2444,0,,0.007766299999275361,0.009982399998989422,0.017748699998264783,275,272,0.010909090909090868,not_run_in_development_grid,ea616cc3027e3233ee7136c2491ed791a67189fd196da0c12b55f980a7200a76,haar_4,HaarRandom,4,275,0.0,0.00659300000006624,1.0909090909090868,1
b1_c64,1,64,success,exact_zero,0,0,5,0,,0.0017998000002990011,0.000968099999226979,0.00276789999952598,46,46,0.0,not_run_in_development_grid,96459b4f823e438eec56e9c1a97a6dd324300ee70290658957d9ad22142ab813,vqe_twolocal_6,VQE,6,46,0.0,0.0015824000001884997,0.0,0
b8_c64,8,64,success,exact_zero,0,0,5,0,,0.0009092000000237022,0.0007659999992029043,0.0016751999992266065,46,46,0.0,not_run_in_development_grid,96459b4f823e438eec56e9c1a97a6dd324300ee70290658957d9ad22142ab813,vqe_twolocal_6,VQE,6,46,0.0,0.0015824000001884997,0.0,0
b32_c64,32,64,success,exact_zero,0,0,5,0,,0.0007834000007278519,0.0007726000003458466,0.0015560000010736985,46,46,0.0,not_run_in_development_grid,96459b4f823e438eec56e9c1a97a6dd324300ee70290658957d9ad22142ab813,vqe_twolocal_6,VQE,6,46,0.0,0.0015824000001884997,0.0,0
b1_c256,1,256,success,exact_zero,0,0,5,0,,0.0007576999996672384,0.0007573000002594199,0.0015149999999266583,46,46,0.0,not_run_in_development_grid,96459b4f823e438eec56e9c1a97a6dd324300ee70290658957d9ad22142ab813,vqe_twolocal_6,VQE,6,46,0.0,0.0015824000001884997,0.0,0
b8_c256,8,256,success,exact_zero,0,0,5,0,,0.0009599000004527625,0.0009821000003285008,0.0019420000007812632,46,46,0.0,not_run_in_development_grid,96459b4f823e438eec56e9c1a97a6dd324300ee70290658957d9ad22142ab813,vqe_twolocal_6,VQE,6,46,0.0,0.0015824000001884997,0.0,0
b32_c256,32,256,success,exact_zero,0,0,5,0,,0.0009854999989329372,0.0007860999994591111,0.0017715999983920483,46,46,0.0,not_run_in_development_grid,96459b4f823e438eec56e9c1a97a6dd324300ee70290658957d9ad22142ab813,vqe_twolocal_6,VQE,6,46,0.0,0.0015824000001884997,0.0,0
b1_c64,1,64,success,exact,7,7,9,0,,0.0008584999995946418,0.0005555999996431638,0.0014140999992378056,20,13,0.35,not_run_in_development_grid,154e1b21a6daa22758883ad015b7502a4335e2bb3e6358f3a61131487aa4a47c,iqp_4,IQP,4,18,0.09999999999999998,0.0005780999999842606,25.0,1
b8_c64,8,64,success,exact,7,7,9,0,,0.0007966000011947472,0.0007506999991164776,0.0015473000003112247,20,13,0.35,not_run_in_development_grid,154e1b21a6daa22758883ad015b7502a4335e2bb3e6358f3a61131487aa4a47c,iqp_4,IQP,4,18,0.09999999999999998,0.0005780999999842606,25.0,1
b32_c64,32,64,success,exact,7,7,9,0,,0.0016169999998965068,0.0005135000010341173,0.002130500000930624,20,13,0.35,not_run_in_development_grid,154e1b21a6daa22758883ad015b7502a4335e2bb3e6358f3a61131487aa4a47c,iqp_4,IQP,4,18,0.09999999999999998,0.0005780999999842606,25.0,1
b1_c256,1,256,success,exact,7,7,9,0,,0.0008014000013645273,0.0005085000011604279,0.0013099000025249552,20,13,0.35,not_run_in_development_grid,154e1b21a6daa22758883ad015b7502a4335e2bb3e6358f3a61131487aa4a47c,iqp_4,IQP,4,18,0.09999999999999998,0.0005780999999842606,25.0,1
b8_c256,8,256,success,exact,7,7,9,0,,0.0007659000002604444,0.0005067000001872657,0.00127260000044771,20,13,0.35,not_run_in_development_grid,154e1b21a6daa22758883ad015b7502a4335e2bb3e6358f3a61131487aa4a47c,iqp_4,IQP,4,18,0.09999999999999998,0.0005780999999842606,25.0,1
b32_c256,32,256,success,exact,7,7,9,0,,0.0007777000009809854,0.0005193999986659037,0.001297099999646889,20,13,0.35,not_run_in_development_grid,154e1b21a6daa22758883ad015b7502a4335e2bb3e6358f3a61131487aa4a47c,iqp_4,IQP,4,18,0.09999999999999998,0.0005780999999842606,25.0,1
b1_c64,1,64,success,exact,6,6,25,0,,0.0017317999991064426,0.0004073000000062166,0.002139099999112659,36,30,0.16666666666666663,not_run_in_development_grid,fdae7380efaf259898d620665d1e44cd04b23f73bf766b851f7195de78f58d9d,clifford_4,RandomClifford,4,30,0.16666666666666663,0.000773599998865393,0.0,1
b8_c64,8,64,success,exact,6,6,25,0,,0.0008663999997224892,0.0003868000003421912,0.0012532000000646804,36,30,0.16666666666666663,not_run_in_development_grid,fdae7380efaf259898d620665d1e44cd04b23f73bf766b851f7195de78f58d9d,clifford_4,RandomClifford,4,30,0.16666666666666663,0.000773599998865393,0.0,1
b32_c64,32,64,success,exact,6,6,25,0,,0.0007967000001372071,0.0003857000010611955,0.0011824000011984026,36,30,0.16666666666666663,not_run_in_development_grid,fdae7380efaf259898d620665d1e44cd04b23f73bf766b851f7195de78f58d9d,clifford_4,RandomClifford,4,30,0.16666666666666663,0.000773599998865393,0.0,1
b1_c256,1,256,success,exact,6,6,25,0,,0.0009558000001561595,0.0003986000010627322,0.0013544000012188917,36,30,0.16666666666666663,not_run_in_development_grid,fdae7380efaf259898d620665d1e44cd04b23f73bf766b851f7195de78f58d9d,clifford_4,RandomClifford,4,30,0.16666666666666663,0.000773599998865393,0.0,1
b8_c256,8,256,success,exact,6,6,25,0,,0.0007724000006419374,0.00039590000051248353,0.001168300001154421,36,30,0.16666666666666663,not_run_in_development_grid,fdae7380efaf259898d620665d1e44cd04b23f73bf766b851f7195de78f58d9d,clifford_4,RandomClifford,4,30,0.16666666666666663,0.000773599998865393,0.0,1
b32_c256,32,256,success,exact,6,6,25,0,,0.0007913000008556992,0.00045589999899675604,0.0012471999998524552,36,30,0.16666666666666663,not_run_in_development_grid,fdae7380efaf259898d620665d1e44cd04b23f73bf766b851f7195de78f58d9d,clifford_4,RandomClifford,4,30,0.16666666666666663,0.000773599998865393,0.0,1
b1_c64,1,64,success,exact_zero,0,0,0,0,,0.000947600001381943,0.00019109999993816018,0.0011387000013201032,12,12,0.0,not_run_in_development_grid,ffbccff06f7f6ee0e5485c7374bbae521e513bf19f08f375c992f0d2c68d895c,adder_6,Adder,7,12,0.0,0.0004183000000921311,0.0,0
b8_c64,8,64,success,exact_zero,0,0,0,0,,0.0008056000006035902,0.0003042999996978324,0.0011099000003014226,12,12,0.0,not_run_in_development_grid,ffbccff06f7f6ee0e5485c7374bbae521e513bf19f08f375c992f0d2c68d895c,adder_6,Adder,7,12,0.0,0.0004183000000921311,0.0,0
b32_c64,32,64,success,exact_zero,0,0,0,0,,0.0010282000002916902,0.00029600000016216654,0.0013242000004538568,12,12,0.0,not_run_in_development_grid,ffbccff06f7f6ee0e5485c7374bbae521e513bf19f08f375c992f0d2c68d895c,adder_6,Adder,7,12,0.0,0.0004183000000921311,0.0,0
b1_c256,1,256,success,exact_zero,0,0,0,0,,0.0009442999999009771,0.0001675000003160676,0.0011118000002170447,12,12,0.0,not_run_in_development_grid,ffbccff06f7f6ee0e5485c7374bbae521e513bf19f08f375c992f0d2c68d895c,adder_6,Adder,7,12,0.0,0.0004183000000921311,0.0,0
b8_c256,8,256,success,exact_zero,0,0,0,0,,0.00069199999961711,0.0002168000009987736,0.0009088000006158836,12,12,0.0,not_run_in_development_grid,ffbccff06f7f6ee0e5485c7374bbae521e513bf19f08f375c992f0d2c68d895c,adder_6,Adder,7,12,0.0,0.0004183000000921311,0.0,0
b32_c256,32,256,success,exact_zero,0,0,0,0,,0.0011094000001321547,0.00021290000040607993,0.0013223000005382346,12,12,0.0,not_run_in_development_grid,ffbccff06f7f6ee0e5485c7374bbae521e513bf19f08f375c992f0d2c68d895c,adder_6,Adder,7,12,0.0,0.0004183000000921311,0.0,0
b1_c64,1,64,success,exact_zero,0,0,11,0,,0.0007742000016150996,0.00035740000021178275,0.0011316000018268824,22,22,0.0,not_run_in_development_grid,5562a10a2385796690312a16c52884a150b99c123c39cb6b12089a46cad0a542,hardware_eff_4,HardwareEfficient,4,22,0.0,0.0006424999992304947,0.0,0
b8_c64,8,64,success,exact_zero,0,0,11,0,,0.000698499999998603,0.00035150000076100696,0.00105000000075961,22,22,0.0,not_run_in_development_grid,5562a10a2385796690312a16c52884a150b99c123c39cb6b12089a46cad0a542,hardware_eff_4,HardwareEfficient,4,22,0.0,0.0006424999992304947,0.0,0
b32_c64,32,64,success,exact_zero,0,0,11,0,,0.0007007000003795838,0.0005178999999770895,0.0012186000003566733,22,22,0.0,not_run_in_development_grid,5562a10a2385796690312a16c52884a150b99c123c39cb6b12089a46cad0a542,hardware_eff_4,HardwareEfficient,4,22,0.0,0.0006424999992304947,0.0,0
b1_c256,1,256,success,exact_zero,0,0,11,0,,0.0010325000002922025,0.0006396999997377861,0.0016722000000299886,22,22,0.0,not_run_in_development_grid,5562a10a2385796690312a16c52884a150b99c123c39cb6b12089a46cad0a542,hardware_eff_4,HardwareEfficient,4,22,0.0,0.0006424999992304947,0.0,0
b8_c256,8,256,success,exact_zero,0,0,11,0,,0.0014552999982697656,0.0003510000005917391,0.0018062999988615047,22,22,0.0,not_run_in_development_grid,5562a10a2385796690312a16c52884a150b99c123c39cb6b12089a46cad0a542,hardware_eff_4,HardwareEfficient,4,22,0.0,0.0006424999992304947,0.0,0
b32_c256,32,256,success,exact_zero,0,0,11,0,,0.0007368000005953945,0.00035740000021178275,0.0010942000008071773,22,22,0.0,not_run_in_development_grid,5562a10a2385796690312a16c52884a150b99c123c39cb6b12089a46cad0a542,hardware_eff_4,HardwareEfficient,4,22,0.0,0.0006424999992304947,0.0,0
b1_c64,1,64,success,exact,108,108,13305,0,,0.16705449999972188,0.013013199999477365,0.18006769999919925,646,538,0.16718266253869973,not_run_in_development_grid,ea4cff4dbbb34657d0633d5d1bcc4831684ba4949396d8256e08ea5b99fa4636,qwalk_4,QuantumWalk,5,538,0.16718266253869973,0.01812229999995907,0.0,1
b8_c64,8,64,success,exact,108,108,13305,0,,1.2650621999982832,0.012193099999421975,1.2772552999977052,646,538,0.16718266253869973,not_run_in_development_grid,ea4cff4dbbb34657d0633d5d1bcc4831684ba4949396d8256e08ea5b99fa4636,qwalk_4,QuantumWalk,5,538,0.16718266253869973,0.01812229999995907,0.0,1
b32_c64,32,64,success,exact,108,108,13305,0,,4.106725400000869,0.012191499999971711,4.1189169000008405,646,538,0.16718266253869973,not_run_in_development_grid,ea4cff4dbbb34657d0633d5d1bcc4831684ba4949396d8256e08ea5b99fa4636,qwalk_4,QuantumWalk,5,538,0.16718266253869973,0.01812229999995907,0.0,1
b1_c256,1,256,success,exact,108,108,13305,0,,0.16711380000015197,0.01271679999990738,0.17983060000005935,646,538,0.16718266253869973,not_run_in_development_grid,ea4cff4dbbb34657d0633d5d1bcc4831684ba4949396d8256e08ea5b99fa4636,qwalk_4,QuantumWalk,5,538,0.16718266253869973,0.01812229999995907,0.0,1
b8_c256,8,256,success,exact,108,108,13305,0,,1.1053875000015978,0.014780999999857158,1.120168500001455,646,538,0.16718266253869973,not_run_in_development_grid,ea4cff4dbbb34657d0633d5d1bcc4831684ba4949396d8256e08ea5b99fa4636,qwalk_4,QuantumWalk,5,538,0.16718266253869973,0.01812229999995907,0.0,1
b32_c256,32,256,success,exact,108,108,13305,0,,4.134360199999719,0.013017999999647145,4.147378199999366,646,538,0.16718266253869973,not_run_in_development_grid,ea4cff4dbbb34657d0633d5d1bcc4831684ba4949396d8256e08ea5b99fa4636,qwalk_4,QuantumWalk,5,538,0.16718266253869973,0.01812229999995907,0.0,1
b1_c64,1,64,success,exact,108,108,13305,0,,0.16920770000069751,0.013127800000802381,0.1823355000014999,646,538,0.16718266253869973,not_run_in_development_grid,599763794bd11a8ee3fb857551c69c3afd29964ebeb7ee6c9a144ee61a7e51c3,qwalk_4,QuantumWalk,5,538,0.16718266253869973,0.017498799999884795,0.0,1
b8_c64,8,64,success,exact,108,108,13305,0,,1.086516200000915,0.012624099999811733,1.0991403000007267,646,538,0.16718266253869973,not_run_in_development_grid,599763794bd11a8ee3fb857551c69c3afd29964ebeb7ee6c9a144ee61a7e51c3,qwalk_4,QuantumWalk,5,538,0.16718266253869973,0.017498799999884795,0.0,1
b32_c64,32,64,success,exact,108,108,13305,0,,4.057653400001072,0.012930900000355905,4.070584300001428,646,538,0.16718266253869973,not_run_in_development_grid,599763794bd11a8ee3fb857551c69c3afd29964ebeb7ee6c9a144ee61a7e51c3,qwalk_4,QuantumWalk,5,538,0.16718266253869973,0.017498799999884795,0.0,1
b1_c256,1,256,success,exact,108,108,13305,0,,0.26531359999898996,0.0129756999995152,0.27828929999850516,646,538,0.16718266253869973,not_run_in_development_grid,599763794bd11a8ee3fb857551c69c3afd29964ebeb7ee6c9a144ee61a7e51c3,qwalk_4,QuantumWalk,5,538,0.16718266253869973,0.017498799999884795,0.0,1
b8_c256,8,256,success,exact,108,108,13305,0,,1.0824702999998408,0.012128099999245023,1.0945983999990858,646,538,0.16718266253869973,not_run_in_development_grid,599763794bd11a8ee3fb857551c69c3afd29964ebeb7ee6c9a144ee61a7e51c3,qwalk_4,QuantumWalk,5,538,0.16718266253869973,0.017498799999884795,0.0,1
b32_c256,32,256,success,exact,108,108,13305,0,,4.065667499999108,0.012602000000697444,4.078269499999806,646,538,0.16718266253869973,not_run_in_development_grid,599763794bd11a8ee3fb857551c69c3afd29964ebeb7ee6c9a144ee61a7e51c3,qwalk_4,QuantumWalk,5,538,0.16718266253869973,0.017498799999884795,0.0,1
b1_c64,1,64,success,exact,4,4,7,0,,0.0013829999988956843,0.00023290000171982683,0.001615900000615511,17,13,0.23529411764705888,not_run_in_development_grid,b72eb04aad8622c714692f86379ddbd86e546720b70e03867b27fc5229606036,bv_5,Oracle,6,13,0.23529411764705888,0.0005173999998078216,0.0,1
b8_c64,8,64,success,exact,4,4,7,0,,0.000760499999159947,0.000210000000151922,0.000970499999311869,17,13,0.23529411764705888,not_run_in_development_grid,b72eb04aad8622c714692f86379ddbd86e546720b70e03867b27fc5229606036,bv_5,Oracle,6,13,0.23529411764705888,0.0005173999998078216,0.0,1
b32_c64,32,64,success,exact,4,4,7,0,,0.0006929999999556458,0.0002054999986285111,0.0008984999985841569,17,13,0.23529411764705888,not_run_in_development_grid,b72eb04aad8622c714692f86379ddbd86e546720b70e03867b27fc5229606036,bv_5,Oracle,6,13,0.23529411764705888,0.0005173999998078216,0.0,1
b1_c256,1,256,success,exact,4,4,7,0,,0.0006952000003366265,0.00020229999972798396,0.0008975000000646105,17,13,0.23529411764705888,not_run_in_development_grid,b72eb04aad8622c714692f86379ddbd86e546720b70e03867b27fc5229606036,bv_5,Oracle,6,13,0.23529411764705888,0.0005173999998078216,0.0,1
b8_c256,8,256,success,exact,4,4,7,0,,0.0006718000004184432,0.00019950000023527537,0.0008713000006537186,17,13,0.23529411764705888,not_run_in_development_grid,b72eb04aad8622c714692f86379ddbd86e546720b70e03867b27fc5229606036,bv_5,Oracle,6,13,0.23529411764705888,0.0005173999998078216,0.0,1
b32_c256,32,256,success,exact,4,4,7,0,,0.0010706999983085552,0.0002449000003252877,0.001315599998633843,17,13,0.23529411764705888,not_run_in_development_grid,b72eb04aad8622c714692f86379ddbd86e546720b70e03867b27fc5229606036,bv_5,Oracle,6,13,0.23529411764705888,0.0005173999998078216,0.0,1
b1_c64,1,64,success,exact_zero,0,0,30,0,,0.0015330000005633337,0.0007838999990781303,0.002316899999641464,48,48,0.0,not_run_in_development_grid,cf3c03de2da7d0f3afc65dcd7a8b9bf97cc30cecd8d496b48c60f839667848c4,qaoa_line_6,QAOA,6,48,0.0,0.001443900000595022,0.0,0
b8_c64,8,64,success,exact_zero,0,0,30,0,,0.0009093999997276114,0.000897899999472429,0.0018072999992000405,48,48,0.0,not_run_in_development_grid,cf3c03de2da7d0f3afc65dcd7a8b9bf97cc30cecd8d496b48c60f839667848c4,qaoa_line_6,QAOA,6,48,0.0,0.001443900000595022,0.0,0
b32_c64,32,64,success,exact_zero,0,0,30,0,,0.0015757000001030974,0.0007287999997060979,0.0023044999998091953,48,48,0.0,not_run_in_development_grid,cf3c03de2da7d0f3afc65dcd7a8b9bf97cc30cecd8d496b48c60f839667848c4,qaoa_line_6,QAOA,6,48,0.0,0.001443900000595022,0.0,0
b1_c256,1,256,success,exact_zero,0,0,30,0,,0.0008560999995097518,0.0007114000000001397,0.0015674999995098915,48,48,0.0,not_run_in_development_grid,cf3c03de2da7d0f3afc65dcd7a8b9bf97cc30cecd8d496b48c60f839667848c4,qaoa_line_6,QAOA,6,48,0.0,0.001443900000595022,0.0,0
b8_c256,8,256,success,exact_zero,0,0,30,0,,0.0008120000002236338,0.0007053999997879146,0.0015174000000115484,48,48,0.0,not_run_in_development_grid,cf3c03de2da7d0f3afc65dcd7a8b9bf97cc30cecd8d496b48c60f839667848c4,qaoa_line_6,QAOA,6,48,0.0,0.001443900000595022,0.0,0
b32_c256,32,256,success,exact_zero,0,0,30,0,,0.0007933999986562412,0.0009827999983826885,0.0017761999970389297,48,48,0.0,not_run_in_development_grid,cf3c03de2da7d0f3afc65dcd7a8b9bf97cc30cecd8d496b48c60f839667848c4,qaoa_line_6,QAOA,6,48,0.0,0.001443900000595022,0.0,0
b1_c64,1,64,success,exact_zero,0,0,7,0,,0.0009723000002850313,0.001014999999824795,0.001987300000109826,62,62,0.0,not_run_in_development_grid,5d82d980193b330314da27f4c315ba0460259d09cae3ee69bfb5598f13a62ac8,vqe_twolocal_8,VQE,8,62,0.0,0.00166700000045239,0.0,0
b8_c64,8,64,success,exact_zero,0,0,7,0,,0.0008030000008147908,0.0010037000010925112,0.001806700001907302,62,62,0.0,not_run_in_development_grid,5d82d980193b330314da27f4c315ba0460259d09cae3ee69bfb5598f13a62ac8,vqe_twolocal_8,VQE,8,62,0.0,0.00166700000045239,0.0,0
b32_c64,32,64,success,exact_zero,0,0,7,0,,0.0013135000008333009,0.0010326999999961117,0.0023462000008294126,62,62,0.0,not_run_in_development_grid,5d82d980193b330314da27f4c315ba0460259d09cae3ee69bfb5598f13a62ac8,vqe_twolocal_8,VQE,8,62,0.0,0.00166700000045239,0.0,0
b1_c256,1,256,success,exact_zero,0,0,7,0,,0.001026300000376068,0.0010581000005913666,0.0020844000009674346,62,62,0.0,not_run_in_development_grid,5d82d980193b330314da27f4c315ba0460259d09cae3ee69bfb5598f13a62ac8,vqe_twolocal_8,VQE,8,62,0.0,0.00166700000045239,0.0,0
b8_c256,8,256,success,exact_zero,0,0,7,0,,0.0009109000002354151,0.0010089999996125698,0.0019198999998479849,62,62,0.0,not_run_in_development_grid,5d82d980193b330314da27f4c315ba0460259d09cae3ee69bfb5598f13a62ac8,vqe_twolocal_8,VQE,8,62,0.0,0.00166700000045239,0.0,0
b32_c256,32,256,success,exact_zero,0,0,7,0,,0.0010118999998667277,0.0014372999994520796,0.0024491999993188074,62,62,0.0,not_run_in_development_grid,5d82d980193b330314da27f4c315ba0460259d09cae3ee69bfb5598f13a62ac8,vqe_twolocal_8,VQE,8,62,0.0,0.00166700000045239,0.0,0
b1_c64,1,64,success,exact,2,2,12,0,,0.0009011000001919456,0.0003432000012253411,0.0012443000014172867,28,26,0.0714285714285714,not_run_in_development_grid,3ddeba643cb1262108f3aa16deb98fff7a1b48b89c7248b1fb063953fca055c7,clifford_4,RandomClifford,4,26,0.0714285714285714,0.0006894000016473001,0.0,1
b8_c64,8,64,success,exact,2,2,12,0,,0.0007449000004271511,0.00033430000075895805,0.0010792000011861091,28,26,0.0714285714285714,not_run_in_development_grid,3ddeba643cb1262108f3aa16deb98fff7a1b48b89c7248b1fb063953fca055c7,clifford_4,RandomClifford,4,26,0.0714285714285714,0.0006894000016473001,0.0,1
b32_c64,32,64,success,exact,2,2,12,0,,0.0007384000000456581,0.00033059999987017363,0.0010689999999158317,28,26,0.0714285714285714,not_run_in_development_grid,3ddeba643cb1262108f3aa16deb98fff7a1b48b89c7248b1fb063953fca055c7,clifford_4,RandomClifford,4,26,0.0714285714285714,0.0006894000016473001,0.0,1
b1_c256,1,256,success,exact,2,2,12,0,,0.0007234999993670499,0.0003221000006305985,0.0010455999999976484,28,26,0.0714285714285714,not_run_in_development_grid,3ddeba643cb1262108f3aa16deb98fff7a1b48b89c7248b1fb063953fca055c7,clifford_4,RandomClifford,4,26,0.0714285714285714,0.0006894000016473001,0.0,1
b8_c256,8,256,success,exact,2,2,12,0,,0.0007139000008464791,0.00040359999911743216,0.0011174999999639113,28,26,0.0714285714285714,not_run_in_development_grid,3ddeba643cb1262108f3aa16deb98fff7a1b48b89c7248b1fb063953fca055c7,clifford_4,RandomClifford,4,26,0.0714285714285714,0.0006894000016473001,0.0,1
b32_c256,32,256,success,exact,2,2,12,0,,0.0013312000010046177,0.00032809999902383424,0.001659300000028452,28,26,0.0714285714285714,not_run_in_development_grid,3ddeba643cb1262108f3aa16deb98fff7a1b48b89c7248b1fb063953fca055c7,clifford_4,RandomClifford,4,26,0.0714285714285714,0.0006894000016473001,0.0,1
b1_c64,1,64,success,exact,4,4,8,0,,0.0008873000006133225,0.0002471000007062685,0.001134400001319591,20,16,0.19999999999999996,not_run_in_development_grid,6a6cf0f00d85ece4ad64c271afdd08b4cd8473655919bce2bcfa5db0713a4a8f,bv_6,Oracle,7,16,0.19999999999999996,0.0006785000023228349,0.0,1
b8_c64,8,64,success,exact,4,4,8,0,,0.000753100001020357,0.0002469000010023592,0.0010000000020227162,20,16,0.19999999999999996,not_run_in_development_grid,6a6cf0f00d85ece4ad64c271afdd08b4cd8473655919bce2bcfa5db0713a4a8f,bv_6,Oracle,7,16,0.19999999999999996,0.0006785000023228349,0.0,1
b32_c64,32,64,success,exact,4,4,8,0,,0.0007140000016079284,0.0002449000003252877,0.0009589000019332161,20,16,0.19999999999999996,not_run_in_development_grid,6a6cf0f00d85ece4ad64c271afdd08b4cd8473655919bce2bcfa5db0713a4a8f,bv_6,Oracle,7,16,0.19999999999999996,0.0006785000023228349,0.0,1
b1_c256,1,256,success,exact,4,4,8,0,,0.0007255000000441214,0.00024050000138231553,0.0009660000014264369,20,16,0.19999999999999996,not_run_in_development_grid,6a6cf0f00d85ece4ad64c271afdd08b4cd8473655919bce2bcfa5db0713a4a8f,bv_6,Oracle,7,16,0.19999999999999996,0.0006785000023228349,0.0,1
b8_c256,8,256,success,exact,4,4,8,0,,0.0012764999992214143,0.0002994999995280523,0.0015759999987494666,20,16,0.19999999999999996,not_run_in_development_grid,6a6cf0f00d85ece4ad64c271afdd08b4cd8473655919bce2bcfa5db0713a4a8f,bv_6,Oracle,7,16,0.19999999999999996,0.0006785000023228349,0.0,1
b32_c256,32,256,success,exact,4,4,8,0,,0.0009425999996892642,0.00041899999996530823,0.0013615999996545725,20,16,0.19999999999999996,not_run_in_development_grid,6a6cf0f00d85ece4ad64c271afdd08b4cd8473655919bce2bcfa5db0713a4a8f,bv_6,Oracle,7,16,0.19999999999999996,0.0006785000023228349,0.0,1
b1_c64,1,64,success,exact,16,16,9819,0,,0.24030140000104439,0.01949840000088443,0.2597998000019288,1130,1114,0.01415929203539823,not_run_in_development_grid,0a54b71bfd47499f18a2421cd6bf97c15dc3f348b2d97f00df878dc6173f5324,grover_8,Grover,8,1114,0.01415929203539823,0.026961900000969763,0.0,1
b8_c64,8,64,success,exact,16,16,9819,0,,0.27268960000037623,0.02253530000052706,0.2952249000009033,1130,1114,0.01415929203539823,not_run_in_development_grid,0a54b71bfd47499f18a2421cd6bf97c15dc3f348b2d97f00df878dc6173f5324,grover_8,Grover,8,1114,0.01415929203539823,0.026961900000969763,0.0,1
b32_c64,32,64,success,exact,16,16,9819,0,,0.22996109999985492,0.017921699998623808,0.24788279999847873,1130,1114,0.01415929203539823,not_run_in_development_grid,0a54b71bfd47499f18a2421cd6bf97c15dc3f348b2d97f00df878dc6173f5324,grover_8,Grover,8,1114,0.01415929203539823,0.026961900000969763,0.0,1
b1_c256,1,256,success,exact,16,16,9819,0,,0.23695090000001073,0.01766440000028524,0.254615300000296,1130,1114,0.01415929203539823,not_run_in_development_grid,0a54b71bfd47499f18a2421cd6bf97c15dc3f348b2d97f00df878dc6173f5324,grover_8,Grover,8,1114,0.01415929203539823,0.026961900000969763,0.0,1
b8_c256,8,256,success,exact,16,16,9819,0,,0.22280030000001716,0.018043899999611313,0.24084419999962847,1130,1114,0.01415929203539823,not_run_in_development_grid,0a54b71bfd47499f18a2421cd6bf97c15dc3f348b2d97f00df878dc6173f5324,grover_8,Grover,8,1114,0.01415929203539823,0.026961900000969763,0.0,1
b32_c256,32,256,success,exact,16,16,9819,0,,0.22449070000038773,0.017708700001094257,0.242199400001482,1130,1114,0.01415929203539823,not_run_in_development_grid,0a54b71bfd47499f18a2421cd6bf97c15dc3f348b2d97f00df878dc6173f5324,grover_8,Grover,8,1114,0.01415929203539823,0.026961900000969763,0.0,1
b1_c64,1,64,success,exact,6,6,135,0,,0.0019007999999303138,0.0027406000008340925,0.004641400000764406,58,52,0.10344827586206895,not_run_in_development_grid,3caaac792211b208d26d1723c5c6222b514fd3fec82d2da780fcda89e7b16a2e,uccsd_6,UCCSD_inspired,6,52,0.10344827586206895,0.003115999998044572,0.0,1
b8_c64,8,64,success,exact,6,6,135,0,,0.0017571000007592374,0.002244100000098115,0.004001200000857352,58,52,0.10344827586206895,not_run_in_development_grid,3caaac792211b208d26d1723c5c6222b514fd3fec82d2da780fcda89e7b16a2e,uccsd_6,UCCSD_inspired,6,52,0.10344827586206895,0.003115999998044572,0.0,1
b32_c64,32,64,success,exact,6,6,135,0,,0.001481400000557187,0.002524900000935304,0.004006300001492491,58,52,0.10344827586206895,not_run_in_development_grid,3caaac792211b208d26d1723c5c6222b514fd3fec82d2da780fcda89e7b16a2e,uccsd_6,UCCSD_inspired,6,52,0.10344827586206895,0.003115999998044572,0.0,1
b1_c256,1,256,success,exact,6,6,135,0,,0.0020750000003317837,0.0023635999987163814,0.004438599999048165,58,52,0.10344827586206895,not_run_in_development_grid,3caaac792211b208d26d1723c5c6222b514fd3fec82d2da780fcda89e7b16a2e,uccsd_6,UCCSD_inspired,6,52,0.10344827586206895,0.003115999998044572,0.0,1
b8_c256,8,256,success,exact,6,6,135,0,,0.0016243999998550862,0.002356099999815342,0.003980499999670428,58,52,0.10344827586206895,not_run_in_development_grid,3caaac792211b208d26d1723c5c6222b514fd3fec82d2da780fcda89e7b16a2e,uccsd_6,UCCSD_inspired,6,52,0.10344827586206895,0.003115999998044572,0.0,1
b32_c256,32,256,success,exact,6,6,135,0,,0.002036099998804275,0.0023252999999385793,0.004361399998742854,58,52,0.10344827586206895,not_run_in_development_grid,3caaac792211b208d26d1723c5c6222b514fd3fec82d2da780fcda89e7b16a2e,uccsd_6,UCCSD_inspired,6,52,0.10344827586206895,0.003115999998044572,0.0,1
b1_c64,1,64,success,exact_zero,0,0,1,0,,0.0008390999992116122,0.00012099999912607018,0.0009600999983376823,7,7,0.0,not_run_in_development_grid,e70adb6d3e5448619b259d6e825d34f94cb868684eb2b940009ecdb58c7275ee,surface_code_4,SurfaceCode,5,7,0.0,0.0003133000009256648,0.0,0
b8_c64,8,64,success,exact_zero,0,0,1,0,,0.0007691999999224208,0.00011330000052112155,0.0008825000004435424,7,7,0.0,not_run_in_development_grid,e70adb6d3e5448619b259d6e825d34f94cb868684eb2b940009ecdb58c7275ee,surface_code_4,SurfaceCode,5,7,0.0,0.0003133000009256648,0.0,0
b32_c64,32,64,success,exact_zero,0,0,1,0,,0.0007273999999597436,0.00011159999849041924,0.0008389999984501628,7,7,0.0,not_run_in_development_grid,e70adb6d3e5448619b259d6e825d34f94cb868684eb2b940009ecdb58c7275ee,surface_code_4,SurfaceCode,5,7,0.0,0.0003133000009256648,0.0,0
b1_c256,1,256,success,exact_zero,0,0,1,0,,0.0006674999985989416,0.00020009999934700318,0.0008675999979459448,7,7,0.0,not_run_in_development_grid,e70adb6d3e5448619b259d6e825d34f94cb868684eb2b940009ecdb58c7275ee,surface_code_4,SurfaceCode,5,7,0.0,0.0003133000009256648,0.0,0
b8_c256,8,256,success,exact_zero,0,0,1,0,,0.001506399999925634,0.00012459999925340526,0.0016309999991790392,7,7,0.0,not_run_in_development_grid,e70adb6d3e5448619b259d6e825d34f94cb868684eb2b940009ecdb58c7275ee,surface_code_4,SurfaceCode,5,7,0.0,0.0003133000009256648,0.0,0
b32_c256,32,256,success,exact_zero,0,0,1,0,,0.0007248999991134042,0.00011110000014014076,0.000835999999253545,7,7,0.0,not_run_in_development_grid,e70adb6d3e5448619b259d6e825d34f94cb868684eb2b940009ecdb58c7275ee,surface_code_4,SurfaceCode,5,7,0.0,0.0003133000009256648,0.0,0
b1_c64,1,64,success,exact_zero,0,0,18,0,,0.000900399998499779,0.0005954000007477589,0.001495799999247538,30,30,0.0,not_run_in_development_grid,03b7ba6584cd57903d9049d3d8d9d802e36a1d22303218b80bcdf8645fad3484,qaoa_line_4,QAOA,4,30,0.0,0.0008055999987846008,0.0,0
b8_c64,8,64,success,exact_zero,0,0,18,0,,0.0011814000008598669,0.0008748000000196043,0.002056200000879471,30,30,0.0,not_run_in_development_grid,03b7ba6584cd57903d9049d3d8d9d802e36a1d22303218b80bcdf8645fad3484,qaoa_line_4,QAOA,4,30,0.0,0.0008055999987846008,0.0,0
b32_c64,32,64,success,exact_zero,0,0,18,0,,0.0012468000004446367,0.00048660000175004825,0.001733400002194685,30,30,0.0,not_run_in_development_grid,03b7ba6584cd57903d9049d3d8d9d802e36a1d22303218b80bcdf8645fad3484,qaoa_line_4,QAOA,4,30,0.0,0.0008055999987846008,0.0,0
b1_c256,1,256,success,exact_zero,0,0,18,0,,0.0007511999992857454,0.0006115000014688121,0.0013627000007545575,30,30,0.0,not_run_in_development_grid,03b7ba6584cd57903d9049d3d8d9d802e36a1d22303218b80bcdf8645fad3484,qaoa_line_4,QAOA,4,30,0.0,0.0008055999987846008,0.0,0
b8_c256,8,256,success,exact_zero,0,0,18,0,,0.001037400001223432,0.00046930000098655,0.001506700002209982,30,30,0.0,not_run_in_development_grid,03b7ba6584cd57903d9049d3d8d9d802e36a1d22303218b80bcdf8645fad3484,qaoa_line_4,QAOA,4,30,0.0,0.0008055999987846008,0.0,0
b32_c256,32,256,success,exact_zero,0,0,18,0,,0.000734799999918323,0.00047819999963394366,0.0012129999995522667,30,30,0.0,not_run_in_development_grid,03b7ba6584cd57903d9049d3d8d9d802e36a1d22303218b80bcdf8645fad3484,qaoa_line_4,QAOA,4,30,0.0,0.0008055999987846008,0.0,0
b1_c64,1,64,success,truncated,168,128,419190,20,conservative_overlap_check_budget_predicted:20000000:6771192,0.3659265999995114,0.2241451000008965,0.5900717000004079,7156,6988,0.02347680268306318,not_run_in_development_grid,1e2e846760ffae18723d5eeb34d434e2b4745acb5f1ca7dbfd34512dbe0f8b16,qwalk_7,QuantumWalk,8,6988,0.02347680268306318,0.18766130000039993,0.0,1
b8_c64,8,64,success,truncated,168,128,419190,20,conservative_overlap_check_budget_predicted:20000000:6771192,1.0518291999997018,0.1565093999997771,1.208338599999479,7156,6988,0.02347680268306318,not_run_in_development_grid,1e2e846760ffae18723d5eeb34d434e2b4745acb5f1ca7dbfd34512dbe0f8b16,qwalk_7,QuantumWalk,8,6988,0.02347680268306318,0.18766130000039993,0.0,1
b32_c64,32,64,success,truncated,168,128,419190,20,conservative_overlap_check_budget_predicted:20000000:6771192,2.722649100000126,0.14260160000048927,2.8652507000006153,7156,6988,0.02347680268306318,not_run_in_development_grid,1e2e846760ffae18723d5eeb34d434e2b4745acb5f1ca7dbfd34512dbe0f8b16,qwalk_7,QuantumWalk,8,6988,0.02347680268306318,0.18766130000039993,0.0,1
b1_c256,1,256,success,exact,168,168,419190,0,conservative_overlap_check_budget_predicted:20000000:6771192,0.10927690000062285,0.16094929999962915,0.270226200000252,7156,6988,0.02347680268306318,not_run_in_development_grid,1e2e846760ffae18723d5eeb34d434e2b4745acb5f1ca7dbfd34512dbe0f8b16,qwalk_7,QuantumWalk,8,6988,0.02347680268306318,0.18766130000039993,0.0,1
b8_c256,8,256,success,exact,168,168,419190,0,conservative_overlap_check_budget_predicted:20000000:6771192,0.9606297999998787,0.12304600000061328,1.083675800000492,7156,6988,0.02347680268306318,not_run_in_development_grid,1e2e846760ffae18723d5eeb34d434e2b4745acb5f1ca7dbfd34512dbe0f8b16,qwalk_7,QuantumWalk,8,6988,0.02347680268306318,0.18766130000039993,0.0,1
b32_c256,32,256,success,exact,168,168,419190,0,conservative_overlap_check_budget_predicted:20000000:6771192,2.891591800000242,0.14072369999848888,3.032315499998731,7156,6988,0.02347680268306318,not_run_in_development_grid,1e2e846760ffae18723d5eeb34d434e2b4745acb5f1ca7dbfd34512dbe0f8b16,qwalk_7,QuantumWalk,8,6988,0.02347680268306318,0.18766130000039993,0.0,1
b1_c64,1,64,success,exact,8,8,136,0,,0.003637699999671895,0.0027282999999442836,0.006365999999616179,90,82,0.0888888888888889,not_run_in_development_grid,cc1ddd28093a20372a6d256992968b8bc18e2829750947498955a406113f5f52,grover_4,Grover,4,82,0.0888888888888889,0.003482100000837818,0.0,1
b8_c64,8,64,success,exact,8,8,136,0,,0.0031190999998216284,0.002882199998566648,0.0060012999983882764,90,82,0.0888888888888889,not_run_in_development_grid,cc1ddd28093a20372a6d256992968b8bc18e2829750947498955a406113f5f52,grover_4,Grover,4,82,0.0888888888888889,0.003482100000837818,0.0,1
b32_c64,32,64,success,exact,8,8,136,0,,0.003100300000369316,0.002662400000190246,0.005762700000559562,90,82,0.0888888888888889,not_run_in_development_grid,cc1ddd28093a20372a6d256992968b8bc18e2829750947498955a406113f5f52,grover_4,Grover,4,82,0.0888888888888889,0.003482100000837818,0.0,1
b1_c256,1,256,success,exact,8,8,136,0,,0.004007200001069577,0.0025408000001334585,0.006548000001203036,90,82,0.0888888888888889,not_run_in_development_grid,cc1ddd28093a20372a6d256992968b8bc18e2829750947498955a406113f5f52,grover_4,Grover,4,82,0.0888888888888889,0.003482100000837818,0.0,1
b8_c256,8,256,success,exact,8,8,136,0,,0.0025217000002157874,0.0026758000003610505,0.005197500000576838,90,82,0.0888888888888889,not_run_in_development_grid,cc1ddd28093a20372a6d256992968b8bc18e2829750947498955a406113f5f52,grover_4,Grover,4,82,0.0888888888888889,0.003482100000837818,0.0,1
b32_c256,32,256,success,exact,8,8,136,0,,0.003150800001094467,0.0023289000000659144,0.005479700001160381,90,82,0.0888888888888889,not_run_in_development_grid,cc1ddd28093a20372a6d256992968b8bc18e2829750947498955a406113f5f52,grover_4,Grover,4,82,0.0888888888888889,0.003482100000837818,0.0,1
b1_c64,1,64,success,exact,6,6,7,0,,0.0011384000008547446,0.0002134000005753478,0.0013518000014300924,16,10,0.375,not_run_in_development_grid,8a0f6aa4d86982e6f5d44dfb1933a65cba2e861eeaa794468785325cd7f38e8a,bv_5,Oracle,6,10,0.375,0.0007571999994979706,0.0,1
b8_c64,8,64,success,exact,6,6,7,0,,0.0008606000010331627,0.00020739999854413327,0.001067999999577296,16,10,0.375,not_run_in_development_grid,8a0f6aa4d86982e6f5d44dfb1933a65cba2e861eeaa794468785325cd7f38e8a,bv_5,Oracle,6,10,0.375,0.0007571999994979706,0.0,1
b32_c64,32,64,success,exact,6,6,7,0,,0.0008328999992954778,0.00019919999976991676,0.0010320999990653945,16,10,0.375,not_run_in_development_grid,8a0f6aa4d86982e6f5d44dfb1933a65cba2e861eeaa794468785325cd7f38e8a,bv_5,Oracle,6,10,0.375,0.0007571999994979706,0.0,1
b1_c256,1,256,success,exact,6,6,7,0,,0.0007738000003882917,0.00020629999926313758,0.0009800999996514292,16,10,0.375,not_run_in_development_grid,8a0f6aa4d86982e6f5d44dfb1933a65cba2e861eeaa794468785325cd7f38e8a,bv_5,Oracle,6,10,0.375,0.0007571999994979706,0.0,1
b8_c256,8,256,success,exact,6,6,7,0,,0.00108870000076422,0.00039199999991978984,0.0014807000006840099,16,10,0.375,not_run_in_development_grid,8a0f6aa4d86982e6f5d44dfb1933a65cba2e861eeaa794468785325cd7f38e8a,bv_5,Oracle,6,10,0.375,0.0007571999994979706,0.0,1
b32_c256,32,256,success,exact,6,6,7,0,,0.0013865000000805594,0.0002043999993475154,0.0015908999994280748,16,10,0.375,not_run_in_development_grid,8a0f6aa4d86982e6f5d44dfb1933a65cba2e861eeaa794468785325cd7f38e8a,bv_5,Oracle,6,10,0.375,0.0007571999994979706,0.0,1
b1_c64,1,64,success,exact_zero,0,0,0,0,,0.001151200000094832,0.0003285999991931021,0.001479799999287934,11,11,0.0,not_run_in_development_grid,2bc3bac3e16a924e0b659e514bdadb24402dd25bb43047e6292e84d6f96ed9cf,adder_6,Adder,7,11,0.0,0.0007155000002967427,0.0,0
b8_c64,8,64,success,exact_zero,0,0,0,0,,0.0010543999997025821,0.00032780000037746504,0.0013822000000800472,11,11,0.0,not_run_in_development_grid,2bc3bac3e16a924e0b659e514bdadb24402dd25bb43047e6292e84d6f96ed9cf,adder_6,Adder,7,11,0.0,0.0007155000002967427,0.0,0
b32_c64,32,64,success,exact_zero,0,0,0,0,,0.001031699999657576,0.00034950000008393545,0.0013811999997415114,11,11,0.0,not_run_in_development_grid,2bc3bac3e16a924e0b659e514bdadb24402dd25bb43047e6292e84d6f96ed9cf,adder_6,Adder,7,11,0.0,0.0007155000002967427,0.0,0
b1_c256,1,256,success,exact_zero,0,0,0,0,,0.0015163999996730126,0.00030109999897831585,0.0018174999986513285,11,11,0.0,not_run_in_development_grid,2bc3bac3e16a924e0b659e514bdadb24402dd25bb43047e6292e84d6f96ed9cf,adder_6,Adder,7,11,0.0,0.0007155000002967427,0.0,0
b8_c256,8,256,success,exact_zero,0,0,0,0,,0.001032999998642481,0.0002103000006172806,0.0012432999992597615,11,11,0.0,not_run_in_development_grid,2bc3bac3e16a924e0b659e514bdadb24402dd25bb43047e6292e84d6f96ed9cf,adder_6,Adder,7,11,0.0,0.0007155000002967427,0.0,0
b32_c256,32,256,success,exact_zero,0,0,0,0,,0.0009212999993906124,0.00018090000048687216,0.0011021999998774845,11,11,0.0,not_run_in_development_grid,2bc3bac3e16a924e0b659e514bdadb24402dd25bb43047e6292e84d6f96ed9cf,adder_6,Adder,7,11,0.0,0.0007155000002967427,0.0,0
b1_c64,1,64,success,exact,2,2,47,0,,0.00201059999926656,0.0008219999999710126,0.0028325999992375728,28,26,0.0714285714285714,not_run_in_development_grid,ecdc88be58bf549d56d32e78bd4bc92867b980440b9b1b2d29c6a6a0c98bcfe2,uccsd_4,UCCSD_inspired,4,26,0.0714285714285714,0.0019532000023900764,0.0,1
b8_c64,8,64,success,exact,2,2,47,0,,0.001031199999488308,0.0007024999995337566,0.0017336999990220647,28,26,0.0714285714285714,not_run_in_development_grid,ecdc88be58bf549d56d32e78bd4bc92867b980440b9b1b2d29c6a6a0c98bcfe2,uccsd_4,UCCSD_inspired,4,26,0.0714285714285714,0.0019532000023900764,0.0,1
b32_c64,32,64,success,exact,2,2,47,0,,0.0009480000007897615,0.0011176999996678205,0.002065700000457582,28,26,0.0714285714285714,not_run_in_development_grid,ecdc88be58bf549d56d32e78bd4bc92867b980440b9b1b2d29c6a6a0c98bcfe2,uccsd_4,UCCSD_inspired,4,26,0.0714285714285714,0.0019532000023900764,0.0,1
b1_c256,1,256,success,exact,2,2,47,0,,0.0020568000018101884,0.0013080999997328036,0.003364900001542992,28,26,0.0714285714285714,not_run_in_development_grid,ecdc88be58bf549d56d32e78bd4bc92867b980440b9b1b2d29c6a6a0c98bcfe2,uccsd_4,UCCSD_inspired,4,26,0.0714285714285714,0.0019532000023900764,0.0,1
b8_c256,8,256,success,exact,2,2,47,0,,0.0016090999997686595,0.0012431000013748417,0.002852200001143501,28,26,0.0714285714285714,not_run_in_development_grid,ecdc88be58bf549d56d32e78bd4bc92867b980440b9b1b2d29c6a6a0c98bcfe2,uccsd_4,UCCSD_inspired,4,26,0.0714285714285714,0.0019532000023900764,0.0,1
b32_c256,32,256,success,exact,2,2,47,0,,0.0015468999990844168,0.0007340999982261565,0.0022809999973105732,28,26,0.0714285714285714,not_run_in_development_grid,ecdc88be58bf549d56d32e78bd4bc92867b980440b9b1b2d29c6a6a0c98bcfe2,uccsd_4,UCCSD_inspired,4,26,0.0714285714285714,0.0019532000023900764,0.0,1
b1_c64,1,64,success,exact,108,108,13305,0,,0.16909889999988081,0.01206110000020999,0.1811600000000908,646,538,0.16718266253869973,not_run_in_development_grid,ccea9ac438850bdbc663c5c72a67f5ea0eacc8d96469a1fb20d748e4a81b5c76,qwalk_4,QuantumWalk,5,538,0.16718266253869973,0.01766729999872041,0.0,1
b8_c64,8,64,success,exact,108,108,13305,0,,1.1132857000011427,0.013727700001254561,1.1270134000023972,646,538,0.16718266253869973,not_run_in_development_grid,ccea9ac438850bdbc663c5c72a67f5ea0eacc8d96469a1fb20d748e4a81b5c76,qwalk_4,QuantumWalk,5,538,0.16718266253869973,0.01766729999872041,0.0,1
b32_c64,32,64,success,exact,108,108,13305,0,,4.061275000000023,0.012478399999963585,4.073753399999987,646,538,0.16718266253869973,not_run_in_development_grid,ccea9ac438850bdbc663c5c72a67f5ea0eacc8d96469a1fb20d748e4a81b5c76,qwalk_4,QuantumWalk,5,538,0.16718266253869973,0.01766729999872041,0.0,1
b1_c256,1,256,success,exact,108,108,13305,0,,0.1998673999987659,0.016206499998588697,0.2160738999973546,646,538,0.16718266253869973,not_run_in_development_grid,ccea9ac438850bdbc663c5c72a67f5ea0eacc8d96469a1fb20d748e4a81b5c76,qwalk_4,QuantumWalk,5,538,0.16718266253869973,0.01766729999872041,0.0,1
b8_c256,8,256,success,exact,108,108,13305,0,,1.1446262999997998,0.012201899999126908,1.1568281999989267,646,538,0.16718266253869973,not_run_in_development_grid,ccea9ac438850bdbc663c5c72a67f5ea0eacc8d96469a1fb20d748e4a81b5c76,qwalk_4,QuantumWalk,5,538,0.16718266253869973,0.01766729999872041,0.0,1
b32_c256,32,256,success,exact,108,108,13305,0,,4.184519300000829,0.012370599999485421,4.196889900000315,646,538,0.16718266253869973,not_run_in_development_grid,ccea9ac438850bdbc663c5c72a67f5ea0eacc8d96469a1fb20d748e4a81b5c76,qwalk_4,QuantumWalk,5,538,0.16718266253869973,0.01766729999872041,0.0,1
b1_c64,1,64,success,exact,14,14,46,0,,0.002336300000024494,0.0005548000008275267,0.0028911000008520205,57,43,0.24561403508771928,not_run_in_development_grid,d47fbcf86d26708129ff7ec50334223b04f3b91344825d19f2600cab1a7800c0,clifford_8,RandomClifford,8,43,0.24561403508771928,0.0016535000013391254,0.0,1
b8_c64,8,64,success,exact,14,14,46,0,,0.002202699999543256,0.000599899998633191,0.002802599998176447,57,43,0.24561403508771928,not_run_in_development_grid,d47fbcf86d26708129ff7ec50334223b04f3b91344825d19f2600cab1a7800c0,clifford_8,RandomClifford,8,43,0.24561403508771928,0.0016535000013391254,0.0,1
b32_c64,32,64,success,exact,14,14,46,0,,0.0024653000000398606,0.000711599999704049,0.0031768999997439096,57,43,0.24561403508771928,not_run_in_development_grid,d47fbcf86d26708129ff7ec50334223b04f3b91344825d19f2600cab1a7800c0,clifford_8,RandomClifford,8,43,0.24561403508771928,0.0016535000013391254,0.0,1
b1_c256,1,256,success,exact,14,14,46,0,,0.00229600000056962,0.0005365999986679526,0.0028325999992375728,57,43,0.24561403508771928,not_run_in_development_grid,d47fbcf86d26708129ff7ec50334223b04f3b91344825d19f2600cab1a7800c0,clifford_8,RandomClifford,8,43,0.24561403508771928,0.0016535000013391254,0.0,1
b8_c256,8,256,success,exact,14,14,46,0,,0.0022243000003072666,0.0005834999992657686,0.002807799999573035,57,43,0.24561403508771928,not_run_in_development_grid,d47fbcf86d26708129ff7ec50334223b04f3b91344825d19f2600cab1a7800c0,clifford_8,RandomClifford,8,43,0.24561403508771928,0.0016535000013391254,0.0,1
b32_c256,32,256,success,exact,14,14,46,0,,0.0023255999985849485,0.0005447000003186986,0.002870299998903647,57,43,0.24561403508771928,not_run_in_development_grid,d47fbcf86d26708129ff7ec50334223b04f3b91344825d19f2600cab1a7800c0,clifford_8,RandomClifford,8,43,0.24561403508771928,0.0016535000013391254,0.0,1
b1_c64,1,64,success,exact,2,2,47,0,,0.0009463000005780486,0.0006283000002440531,0.0015746000008221017,28,26,0.0714285714285714,not_run_in_development_grid,569144f1f4ed5900a4ee35afd5c24a98a42de6ce3c141773dc514b4ea44405f4,uccsd_4,UCCSD_inspired,4,26,0.0714285714285714,0.0009885000017675338,0.0,1
b8_c64,8,64,success,exact,2,2,47,0,,0.0009544000004098052,0.0007627999984833878,0.001717199998893193,28,26,0.0714285714285714,not_run_in_development_grid,569144f1f4ed5900a4ee35afd5c24a98a42de6ce3c141773dc514b4ea44405f4,uccsd_4,UCCSD_inspired,4,26,0.0714285714285714,0.0009885000017675338,0.0,1
b32_c64,32,64,success,exact,2,2,47,0,,0.001222099999722559,0.0006437000010919292,0.0018658000008144882,28,26,0.0714285714285714,not_run_in_development_grid,569144f1f4ed5900a4ee35afd5c24a98a42de6ce3c141773dc514b4ea44405f4,uccsd_4,UCCSD_inspired,4,26,0.0714285714285714,0.0009885000017675338,0.0,1
b1_c256,1,256,success,exact,2,2,47,0,,0.0008663999997224892,0.000679300001138472,0.0015457000008609612,28,26,0.0714285714285714,not_run_in_development_grid,569144f1f4ed5900a4ee35afd5c24a98a42de6ce3c141773dc514b4ea44405f4,uccsd_4,UCCSD_inspired,4,26,0.0714285714285714,0.0009885000017675338,0.0,1
b8_c256,8,256,success,exact,2,2,47,0,,0.000804599998446065,0.0006410999994841404,0.0014456999979302054,28,26,0.0714285714285714,not_run_in_development_grid,569144f1f4ed5900a4ee35afd5c24a98a42de6ce3c141773dc514b4ea44405f4,uccsd_4,UCCSD_inspired,4,26,0.0714285714285714,0.0009885000017675338,0.0,1
b32_c256,32,256,success,exact,2,2,47,0,,0.0008201000000553904,0.0006474999991041841,0.0014675999991595745,28,26,0.0714285714285714,not_run_in_development_grid,569144f1f4ed5900a4ee35afd5c24a98a42de6ce3c141773dc514b4ea44405f4,uccsd_4,UCCSD_inspired,4,26,0.0714285714285714,0.0009885000017675338,0.0,1
b1_c64,1,64,success,exact,6,6,19,0,,0.0011921000004804228,0.0015062999991641846,0.0026983999996446073,34,28,0.17647058823529416,not_run_in_development_grid,75870b8acd8d1782e558f24ff067ff0af4fd0fc15314bc31b3a27e06c4595379,iqp_6,IQP,6,31,0.08823529411764708,0.0015309000009438023,8.823529411764708,1
b8_c64,8,64,success,exact,6,6,19,0,,0.0014823999990767334,0.0018886999987444142,0.0033710999978211476,34,28,0.17647058823529416,not_run_in_development_grid,75870b8acd8d1782e558f24ff067ff0af4fd0fc15314bc31b3a27e06c4595379,iqp_6,IQP,6,31,0.08823529411764708,0.0015309000009438023,8.823529411764708,1
b32_c64,32,64,success,exact,6,6,19,0,,0.0016813999991427409,0.001326800000242656,0.003008199999385397,34,28,0.17647058823529416,not_run_in_development_grid,75870b8acd8d1782e558f24ff067ff0af4fd0fc15314bc31b3a27e06c4595379,iqp_6,IQP,6,31,0.08823529411764708,0.0015309000009438023,8.823529411764708,1
b1_c256,1,256,success,exact,6,6,19,0,,0.0011735000007320195,0.0010675000012270175,0.002241000001959037,34,28,0.17647058823529416,not_run_in_development_grid,75870b8acd8d1782e558f24ff067ff0af4fd0fc15314bc31b3a27e06c4595379,iqp_6,IQP,6,31,0.08823529411764708,0.0015309000009438023,8.823529411764708,1
b8_c256,8,256,success,exact,6,6,19,0,,0.0010111999999935506,0.0010831999989022734,0.002094399998895824,34,28,0.17647058823529416,not_run_in_development_grid,75870b8acd8d1782e558f24ff067ff0af4fd0fc15314bc31b3a27e06c4595379,iqp_6,IQP,6,31,0.08823529411764708,0.0015309000009438023,8.823529411764708,1
b32_c256,32,256,success,exact,6,6,19,0,,0.0009379000002809335,0.0010814999986905605,0.002019399998971494,34,28,0.17647058823529416,not_run_in_development_grid,75870b8acd8d1782e558f24ff067ff0af4fd0fc15314bc31b3a27e06c4595379,iqp_6,IQP,6,31,0.08823529411764708,0.0015309000009438023,8.823529411764708,1
b1_c64,1,64,success,exact_zero,0,0,822,0,,0.004153399999268004,0.0027568000004976057,0.006910199999765609,226,226,0.0,not_run_in_development_grid,9b814e3da54f5c874ddcbdff9fe61f872bb409035a9acff0f2c7ae13b5c91b90,qwalk_3,QuantumWalk,4,226,0.0,0.005159199999980046,0.0,0
b8_c64,8,64,success,exact_zero,0,0,822,0,,0.003270600000178092,0.002778500000204076,0.006049100000382168,226,226,0.0,not_run_in_development_grid,9b814e3da54f5c874ddcbdff9fe61f872bb409035a9acff0f2c7ae13b5c91b90,qwalk_3,QuantumWalk,4,226,0.0,0.005159199999980046,0.0,0
b32_c64,32,64,success,exact_zero,0,0,822,0,,0.0033670000011625234,0.003580500000680331,0.0069475000018428545,226,226,0.0,not_run_in_development_grid,9b814e3da54f5c874ddcbdff9fe61f872bb409035a9acff0f2c7ae13b5c91b90,qwalk_3,QuantumWalk,4,226,0.0,0.005159199999980046,0.0,0
b1_c256,1,256,success,exact_zero,0,0,822,0,,0.0057761000007303664,0.0032940000000962755,0.009070100000826642,226,226,0.0,not_run_in_development_grid,9b814e3da54f5c874ddcbdff9fe61f872bb409035a9acff0f2c7ae13b5c91b90,qwalk_3,QuantumWalk,4,226,0.0,0.005159199999980046,0.0,0
b8_c256,8,256,success,exact_zero,0,0,822,0,,0.003562100000635837,0.0032881000006454997,0.006850200001281337,226,226,0.0,not_run_in_development_grid,9b814e3da54f5c874ddcbdff9fe61f872bb409035a9acff0f2c7ae13b5c91b90,qwalk_3,QuantumWalk,4,226,0.0,0.005159199999980046,0.0,0
b32_c256,32,256,success,exact_zero,0,0,822,0,,0.003507999999783351,0.002736999998887768,0.006244999998671119,226,226,0.0,not_run_in_development_grid,9b814e3da54f5c874ddcbdff9fe61f872bb409035a9acff0f2c7ae13b5c91b90,qwalk_3,QuantumWalk,4,226,0.0,0.005159199999980046,0.0,0
b1_c64,1,64,success,exact_zero,0,0,42,0,,0.0010932000004686415,0.0010116000012203585,0.002104800001689,66,66,0.0,not_run_in_development_grid,a7f212f7ecd7ee7353a7ba466a9af47a975f54aa9c15ab288c44982273c22d68,qaoa_line_8,QAOA,8,66,0.0,0.0023734999995213,0.0,0
b8_c64,8,64,success,exact_zero,0,0,42,0,,0.0009046000013768207,0.0009970999999495689,0.0019017000013263896,66,66,0.0,not_run_in_development_grid,a7f212f7ecd7ee7353a7ba466a9af47a975f54aa9c15ab288c44982273c22d68,qaoa_line_8,QAOA,8,66,0.0,0.0023734999995213,0.0,0
b32_c64,32,64,success,exact_zero,0,0,42,0,,0.0009470000004512258,0.001123899999583955,0.0020709000000351807,66,66,0.0,not_run_in_development_grid,a7f212f7ecd7ee7353a7ba466a9af47a975f54aa9c15ab288c44982273c22d68,qaoa_line_8,QAOA,8,66,0.0,0.0023734999995213,0.0,0
b1_c256,1,256,success,exact_zero,0,0,42,0,,0.0010231999985990115,0.0014404999983526068,0.0024636999969516182,66,66,0.0,not_run_in_development_grid,a7f212f7ecd7ee7353a7ba466a9af47a975f54aa9c15ab288c44982273c22d68,qaoa_line_8,QAOA,8,66,0.0,0.0023734999995213,0.0,0
b8_c256,8,256,success,exact_zero,0,0,42,0,,0.0015394000001833774,0.0010150000016437843,0.0025544000018271618,66,66,0.0,not_run_in_development_grid,a7f212f7ecd7ee7353a7ba466a9af47a975f54aa9c15ab288c44982273c22d68,qaoa_line_8,QAOA,8,66,0.0,0.0023734999995213,0.0,0
b32_c256,32,256,success,exact_zero,0,0,42,0,,0.0009289000008720905,0.0022226999990380136,0.003151599999910104,66,66,0.0,not_run_in_development_grid,a7f212f7ecd7ee7353a7ba466a9af47a975f54aa9c15ab288c44982273c22d68,qaoa_line_8,QAOA,8,66,0.0,0.0023734999995213,0.0,0
b1_c64,1,64,success,exact,10,10,21,0,,0.003205099999831873,0.0015452999996341532,0.004750399999466026,34,24,0.2941176470588235,not_run_in_development_grid,3e53f339ce23bcd55c9745a7e473937d8df2b36146b0e3872cd78980fcbfe035,iqp_6,IQP,6,33,0.02941176470588236,0.001374999999825377,26.470588235294112,1
b8_c64,8,64,success,exact,10,10,21,0,,0.004062699999849428,0.0012977999995200662,0.005360499999369495,34,24,0.2941176470588235,not_run_in_development_grid,3e53f339ce23bcd55c9745a7e473937d8df2b36146b0e3872cd78980fcbfe035,iqp_6,IQP,6,33,0.02941176470588236,0.001374999999825377,26.470588235294112,1
b32_c64,32,64,success,exact,10,10,21,0,,0.002992600000652601,0.0014913999984855764,0.004483999999138177,34,24,0.2941176470588235,not_run_in_development_grid,3e53f339ce23bcd55c9745a7e473937d8df2b36146b0e3872cd78980fcbfe035,iqp_6,IQP,6,33,0.02941176470588236,0.001374999999825377,26.470588235294112,1
b1_c256,1,256,success,exact,10,10,21,0,,0.0037890999992669094,0.0013177000000723638,0.005106799999339273,34,24,0.2941176470588235,not_run_in_development_grid,3e53f339ce23bcd55c9745a7e473937d8df2b36146b0e3872cd78980fcbfe035,iqp_6,IQP,6,33,0.02941176470588236,0.001374999999825377,26.470588235294112,1
b8_c256,8,256,success,exact,10,10,21,0,,0.0031127000002015848,0.0013317000011738855,0.00444440000137547,34,24,0.2941176470588235,not_run_in_development_grid,3e53f339ce23bcd55c9745a7e473937d8df2b36146b0e3872cd78980fcbfe035,iqp_6,IQP,6,33,0.02941176470588236,0.001374999999825377,26.470588235294112,1
b32_c256,32,256,success,exact,10,10,21,0,,0.005089300000690855,0.0016556999999011168,0.006745000000591972,34,24,0.2941176470588235,not_run_in_development_grid,3e53f339ce23bcd55c9745a7e473937d8df2b36146b0e3872cd78980fcbfe035,iqp_6,IQP,6,33,0.02941176470588236,0.001374999999825377,26.470588235294112,1
b1_c64,1,64,success,exact,3,3,2444,0,,0.008086499999990338,0.011058799998863833,0.01914529999885417,275,272,0.010909090909090868,not_run_in_development_grid,06a9d110c02d1aaba25d743baf96461b3dd1bb878757e9b6610aa31e5bd58915,haar_4,HaarRandom,4,275,0.0,0.007190899999841349,1.0909090909090868,1
b8_c64,8,64,success,exact,3,3,2444,0,,0.010058900001240545,0.012536300000647316,0.02259520000188786,275,272,0.010909090909090868,not_run_in_development_grid,06a9d110c02d1aaba25d743baf96461b3dd1bb878757e9b6610aa31e5bd58915,haar_4,HaarRandom,4,275,0.0,0.007190899999841349,1.0909090909090868,1
b32_c64,32,64,success,exact,3,3,2444,0,,0.007436800000505173,0.011269100001300103,0.018705900001805276,275,272,0.010909090909090868,not_run_in_development_grid,06a9d110c02d1aaba25d743baf96461b3dd1bb878757e9b6610aa31e5bd58915,haar_4,HaarRandom,4,275,0.0,0.007190899999841349,1.0909090909090868,1
b1_c256,1,256,success,exact,3,3,2444,0,,0.0077627999999094754,0.010907599998972728,0.018670399998882203,275,272,0.010909090909090868,not_run_in_development_grid,06a9d110c02d1aaba25d743baf96461b3dd1bb878757e9b6610aa31e5bd58915,haar_4,HaarRandom,4,275,0.0,0.007190899999841349,1.0909090909090868,1
b8_c256,8,256,success,exact,3,3,2444,0,,0.007658099999389378,0.010791499998958898,0.018449599998348276,275,272,0.010909090909090868,not_run_in_development_grid,06a9d110c02d1aaba25d743baf96461b3dd1bb878757e9b6610aa31e5bd58915,haar_4,HaarRandom,4,275,0.0,0.007190899999841349,1.0909090909090868,1
b32_c256,32,256,success,exact,3,3,2444,0,,0.011689999999362044,0.010919799999101087,0.02260979999846313,275,272,0.010909090909090868,not_run_in_development_grid,06a9d110c02d1aaba25d743baf96461b3dd1bb878757e9b6610aa31e5bd58915,haar_4,HaarRandom,4,275,0.0,0.007190899999841349,1.0909090909090868,1
b1_c64,1,64,success,exact,12,12,218,0,,0.008400700000493089,0.005868700000064564,0.014269400000557653,80,68,0.15000000000000002,not_run_in_development_grid,91e4aec91029d653afc2f4cfd9acf0f34aa36fd0f56363bd622f0d0b2fbd912f,uccsd_8,UCCSD_inspired,8,68,0.15000000000000002,0.007070100000419188,0.0,1
b8_c64,8,64,success,exact,12,12,218,0,,0.008945699999458157,0.006204900000739144,0.0151506000001973,80,68,0.15000000000000002,not_run_in_development_grid,91e4aec91029d653afc2f4cfd9acf0f34aa36fd0f56363bd622f0d0b2fbd912f,uccsd_8,UCCSD_inspired,8,68,0.15000000000000002,0.007070100000419188,0.0,1
b32_c64,32,64,success,exact,12,12,218,0,,0.007989499999894178,0.006370199998855242,0.01435969999874942,80,68,0.15000000000000002,not_run_in_development_grid,91e4aec91029d653afc2f4cfd9acf0f34aa36fd0f56363bd622f0d0b2fbd912f,uccsd_8,UCCSD_inspired,8,68,0.15000000000000002,0.007070100000419188,0.0,1
b1_c256,1,256,success,exact,12,12,218,0,,0.008863400000336696,0.00621089999913238,0.015074299999469076,80,68,0.15000000000000002,not_run_in_development_grid,91e4aec91029d653afc2f4cfd9acf0f34aa36fd0f56363bd622f0d0b2fbd912f,uccsd_8,UCCSD_inspired,8,68,0.15000000000000002,0.007070100000419188,0.0,1
b8_c256,8,256,success,exact,12,12,218,0,,0.007836900000256719,0.0064325999992433935,0.014269499999500113,80,68,0.15000000000000002,not_run_in_development_grid,91e4aec91029d653afc2f4cfd9acf0f34aa36fd0f56363bd622f0d0b2fbd912f,uccsd_8,UCCSD_inspired,8,68,0.15000000000000002,0.007070100000419188,0.0,1
b32_c256,32,256,success,exact,12,12,218,0,,0.008550700000341749,0.005681799999365467,0.014232499999707215,80,68,0.15000000000000002,not_run_in_development_grid,91e4aec91029d653afc2f4cfd9acf0f34aa36fd0f56363bd622f0d0b2fbd912f,uccsd_8,UCCSD_inspired,8,68,0.15000000000000002,0.007070100000419188,0.0,1
b1_c64,1,64,success,exact,18,18,9794,0,,1.157759800000349,0.01767419999850972,1.1754339999988588,1120,1102,0.016071428571428625,not_run_in_development_grid,e166fa2a19a186e5e1137d16871bf8113bf541253cf619d063dff93086ac2fbd,grover_8,Grover,8,1102,0.016071428571428625,0.03456290000031004,0.0,1
b8_c64,8,64,success,exact,18,18,9794,0,,1.1129197000009299,0.019466199999442324,1.1323859000003722,1120,1102,0.016071428571428625,not_run_in_development_grid,e166fa2a19a186e5e1137d16871bf8113bf541253cf619d063dff93086ac2fbd,grover_8,Grover,8,1102,0.016071428571428625,0.03456290000031004,0.0,1
b32_c64,32,64,success,exact,18,18,9794,0,,1.1390121000004,0.017608199999813223,1.1566203000002133,1120,1102,0.016071428571428625,not_run_in_development_grid,e166fa2a19a186e5e1137d16871bf8113bf541253cf619d063dff93086ac2fbd,grover_8,Grover,8,1102,0.016071428571428625,0.03456290000031004,0.0,1
b1_c256,1,256,success,exact,18,18,9794,0,,1.117268399999375,0.02371570000104839,1.1409841000004235,1120,1102,0.016071428571428625,not_run_in_development_grid,e166fa2a19a186e5e1137d16871bf8113bf541253cf619d063dff93086ac2fbd,grover_8,Grover,8,1102,0.016071428571428625,0.03456290000031004,0.0,1
b8_c256,8,256,success,exact,18,18,9794,0,,1.1281993000011425,0.017467800000304123,1.1456671000014467,1120,1102,0.016071428571428625,not_run_in_development_grid,e166fa2a19a186e5e1137d16871bf8113bf541253cf619d063dff93086ac2fbd,grover_8,Grover,8,1102,0.016071428571428625,0.03456290000031004,0.0,1
b32_c256,32,256,success,exact,18,18,9794,0,,1.1714477999994415,0.028067200000805315,1.1995150000002468,1120,1102,0.016071428571428625,not_run_in_development_grid,e166fa2a19a186e5e1137d16871bf8113bf541253cf619d063dff93086ac2fbd,grover_8,Grover,8,1102,0.016071428571428625,0.03456290000031004,0.0,1
b1_c64,1,64,success,exact,6,6,27,0,,0.0023174000016297214,0.002797600000121747,0.0051150000017514685,46,40,0.13043478260869568,not_run_in_development_grid,2305d8f3c5c816b9903c87f6b6aefe0e169f33ae47188898aac6fc16bdc0b91d,iqp_8,IQP,8,46,0.0,0.0013705000001209555,13.043478260869568,1
b8_c64,8,64,success,exact,6,6,27,0,,0.001701600000160397,0.0030221999986679293,0.004723799998828326,46,40,0.13043478260869568,not_run_in_development_grid,2305d8f3c5c816b9903c87f6b6aefe0e169f33ae47188898aac6fc16bdc0b91d,iqp_8,IQP,8,46,0.0,0.0013705000001209555,13.043478260869568,1
b32_c64,32,64,success,exact,6,6,27,0,,0.0017453000000386965,0.0017542999994475394,0.003499599999486236,46,40,0.13043478260869568,not_run_in_development_grid,2305d8f3c5c816b9903c87f6b6aefe0e169f33ae47188898aac6fc16bdc0b91d,iqp_8,IQP,8,46,0.0,0.0013705000001209555,13.043478260869568,1
b1_c256,1,256,success,exact,6,6,27,0,,0.001874000001407694,0.0016453000007459195,0.0035193000021536136,46,40,0.13043478260869568,not_run_in_development_grid,2305d8f3c5c816b9903c87f6b6aefe0e169f33ae47188898aac6fc16bdc0b91d,iqp_8,IQP,8,46,0.0,0.0013705000001209555,13.043478260869568,1
b8_c256,8,256,success,exact,6,6,27,0,,0.0013010000002395827,0.002318899998499546,0.003619899998739129,46,40,0.13043478260869568,not_run_in_development_grid,2305d8f3c5c816b9903c87f6b6aefe0e169f33ae47188898aac6fc16bdc0b91d,iqp_8,IQP,8,46,0.0,0.0013705000001209555,13.043478260869568,1
b32_c256,32,256,success,exact,6,6,27,0,,0.0019541000001481734,0.002321699999811244,0.004275799999959418,46,40,0.13043478260869568,not_run_in_development_grid,2305d8f3c5c816b9903c87f6b6aefe0e169f33ae47188898aac6fc16bdc0b91d,iqp_8,IQP,8,46,0.0,0.0013705000001209555,13.043478260869568,1
b1_c64,1,64,success,exact_zero,0,0,822,0,,0.004332099999373895,0.0026877000000240514,0.0070197999993979465,226,226,0.0,not_run_in_development_grid,0f71b269d40b142731582d0d62f4b9d2f8ad11f78887960b3215d7cb2db34e25,qwalk_3,QuantumWalk,4,226,0.0,0.00517030000082741,0.0,0
b8_c64,8,64,success,exact_zero,0,0,822,0,,0.0031730000009702053,0.0027454000010038726,0.005918400001974078,226,226,0.0,not_run_in_development_grid,0f71b269d40b142731582d0d62f4b9d2f8ad11f78887960b3215d7cb2db34e25,qwalk_3,QuantumWalk,4,226,0.0,0.00517030000082741,0.0,0
b32_c64,32,64,success,exact_zero,0,0,822,0,,0.0034451999999873806,0.003391899999769521,0.0068370999997569015,226,226,0.0,not_run_in_development_grid,0f71b269d40b142731582d0d62f4b9d2f8ad11f78887960b3215d7cb2db34e25,qwalk_3,QuantumWalk,4,226,0.0,0.00517030000082741,0.0,0
b1_c256,1,256,success,exact_zero,0,0,822,0,,0.0033625999985815724,0.003055299999687122,0.006417899998268695,226,226,0.0,not_run_in_development_grid,0f71b269d40b142731582d0d62f4b9d2f8ad11f78887960b3215d7cb2db34e25,qwalk_3,QuantumWalk,4,226,0.0,0.00517030000082741,0.0,0
b8_c256,8,256,success,exact_zero,0,0,822,0,,0.004604799998560338,0.0027399999999033753,0.0073447999984637136,226,226,0.0,not_run_in_development_grid,0f71b269d40b142731582d0d62f4b9d2f8ad11f78887960b3215d7cb2db34e25,qwalk_3,QuantumWalk,4,226,0.0,0.00517030000082741,0.0,0
b32_c256,32,256,success,exact_zero,0,0,822,0,,0.004435599999851547,0.0025957999987440417,0.007031399998595589,226,226,0.0,not_run_in_development_grid,0f71b269d40b142731582d0d62f4b9d2f8ad11f78887960b3215d7cb2db34e25,qwalk_3,QuantumWalk,4,226,0.0,0.00517030000082741,0.0,0
b1_c64,1,64,success,exact,13,13,29,0,,0.019490200000291225,0.002399400000285823,0.021889600000577047,47,34,0.276595744680851,not_run_in_development_grid,c250d0ccb4006b4e767ef51fbcbcf33ec45690c2483928f4ce6a525259b23d35,iqp_8,IQP,8,47,0.0,0.0010672000007616589,27.6595744680851,1
b8_c64,8,64,success,exact,13,13,29,0,,0.01965109999946435,0.002238799999759067,0.021889899999223417,47,34,0.276595744680851,not_run_in_development_grid,c250d0ccb4006b4e767ef51fbcbcf33ec45690c2483928f4ce6a525259b23d35,iqp_8,IQP,8,47,0.0,0.0010672000007616589,27.6595744680851,1
b32_c64,32,64,success,exact,13,13,29,0,,0.024275399999169167,0.0019510999991325662,0.026226499998301733,47,34,0.276595744680851,not_run_in_development_grid,c250d0ccb4006b4e767ef51fbcbcf33ec45690c2483928f4ce6a525259b23d35,iqp_8,IQP,8,47,0.0,0.0010672000007616589,27.6595744680851,1
b1_c256,1,256,success,exact,13,13,29,0,,0.021057800000562565,0.0019498000001476612,0.023007600000710227,47,34,0.276595744680851,not_run_in_development_grid,c250d0ccb4006b4e767ef51fbcbcf33ec45690c2483928f4ce6a525259b23d35,iqp_8,IQP,8,47,0.0,0.0010672000007616589,27.6595744680851,1
b8_c256,8,256,success,exact,13,13,29,0,,0.01987109999936365,0.0019179999999323627,0.021789099999296013,47,34,0.276595744680851,not_run_in_development_grid,c250d0ccb4006b4e767ef51fbcbcf33ec45690c2483928f4ce6a525259b23d35,iqp_8,IQP,8,47,0.0,0.0010672000007616589,27.6595744680851,1
b32_c256,32,256,success,exact,13,13,29,0,,0.021824200000992278,0.002139000000170199,0.023963200001162477,47,34,0.276595744680851,not_run_in_development_grid,c250d0ccb4006b4e767ef51fbcbcf33ec45690c2483928f4ce6a525259b23d35,iqp_8,IQP,8,47,0.0,0.0010672000007616589,27.6595744680851,1
b1_c64,1,64,success,exact_zero,0,0,30,0,,0.0010399999991932418,0.0007453999987774296,0.0017853999979706714,48,48,0.0,not_run_in_development_grid,6b06e5f02a79dad7060380635124093ca1f091f78aa2c79881017c4349543c35,qaoa_line_6,QAOA,6,48,0.0,0.0014690999996673781,0.0,0
b8_c64,8,64,success,exact_zero,0,0,30,0,,0.0009294999999838183,0.0007415000000037253,0.0016709999999875436,48,48,0.0,not_run_in_development_grid,6b06e5f02a79dad7060380635124093ca1f091f78aa2c79881017c4349543c35,qaoa_line_6,QAOA,6,48,0.0,0.0014690999996673781,0.0,0
b32_c64,32,64,success,exact_zero,0,0,30,0,,0.0008049999996728729,0.0008108000001811888,0.0016157999998540618,48,48,0.0,not_run_in_development_grid,6b06e5f02a79dad7060380635124093ca1f091f78aa2c79881017c4349543c35,qaoa_line_6,QAOA,6,48,0.0,0.0014690999996673781,0.0,0
b1_c256,1,256,success,exact_zero,0,0,30,0,,0.0010711000013543526,0.0007224999990285141,0.0017936000003828667,48,48,0.0,not_run_in_development_grid,6b06e5f02a79dad7060380635124093ca1f091f78aa2c79881017c4349543c35,qaoa_line_6,QAOA,6,48,0.0,0.0014690999996673781,0.0,0
b8_c256,8,256,success,exact_zero,0,0,30,0,,0.0007699999987380579,0.0007142999984353082,0.0014842999971733661,48,48,0.0,not_run_in_development_grid,6b06e5f02a79dad7060380635124093ca1f091f78aa2c79881017c4349543c35,qaoa_line_6,QAOA,6,48,0.0,0.0014690999996673781,0.0,0
b32_c256,32,256,success,exact_zero,0,0,30,0,,0.0008354000001418171,0.0007281999987753807,0.0015635999989171978,48,48,0.0,not_run_in_development_grid,6b06e5f02a79dad7060380635124093ca1f091f78aa2c79881017c4349543c35,qaoa_line_6,QAOA,6,48,0.0,0.0014690999996673781,0.0,0
b1_c64,1,64,success,exact,8,8,2405,0,,0.029261700001370627,0.006974300000365474,0.0362360000017361,456,448,0.01754385964912286,not_run_in_development_grid,f0ce08a94e8912e5622a6df3ca1903091c67e592bc993e854d2aac9723e208a7,grover_6,Grover,6,448,0.01754385964912286,0.010279199999786215,0.0,1
b8_c64,8,64,success,exact,8,8,2405,0,,0.03040529999998398,0.006936900001164759,0.03734220000114874,456,448,0.01754385964912286,not_run_in_development_grid,f0ce08a94e8912e5622a6df3ca1903091c67e592bc993e854d2aac9723e208a7,grover_6,Grover,6,448,0.01754385964912286,0.010279199999786215,0.0,1
b32_c64,32,64,success,exact,8,8,2405,0,,0.030234200001359568,0.007023000000117463,0.03725720000147703,456,448,0.01754385964912286,not_run_in_development_grid,f0ce08a94e8912e5622a6df3ca1903091c67e592bc993e854d2aac9723e208a7,grover_6,Grover,6,448,0.01754385964912286,0.010279199999786215,0.0,1
b1_c256,1,256,success,exact,8,8,2405,0,,0.03033349999896018,0.008731300000363262,0.03906479999932344,456,448,0.01754385964912286,not_run_in_development_grid,f0ce08a94e8912e5622a6df3ca1903091c67e592bc993e854d2aac9723e208a7,grover_6,Grover,6,448,0.01754385964912286,0.010279199999786215,0.0,1
b8_c256,8,256,success,exact,8,8,2405,0,,0.030721900000571623,0.006863299999167793,0.037585199999739416,456,448,0.01754385964912286,not_run_in_development_grid,f0ce08a94e8912e5622a6df3ca1903091c67e592bc993e854d2aac9723e208a7,grover_6,Grover,6,448,0.01754385964912286,0.010279199999786215,0.0,1
b32_c256,32,256,success,exact,8,8,2405,0,,0.029543399999965914,0.006844100000307662,0.036387500000273576,456,448,0.01754385964912286,not_run_in_development_grid,f0ce08a94e8912e5622a6df3ca1903091c67e592bc993e854d2aac9723e208a7,grover_6,Grover,6,448,0.01754385964912286,0.010279199999786215,0.0,1
b1_c64,1,64,success,exact,6,6,10,0,,0.0013294000000314554,0.00034109999978682026,0.0016704999998182757,25,19,0.24,not_run_in_development_grid,826a81832c43fd3beaa5ea66f63d19579c7ae7c3f309c590d3c64709d2be3057,bv_8,Oracle,9,19,0.24,0.0006720000001223525,0.0,1
b8_c64,8,64,success,exact,6,6,10,0,,0.0008171000008587725,0.0003257000007579336,0.0011428000016167061,25,19,0.24,not_run_in_development_grid,826a81832c43fd3beaa5ea66f63d19579c7ae7c3f309c590d3c64709d2be3057,bv_8,Oracle,9,19,0.24,0.0006720000001223525,0.0,1
b32_c64,32,64,success,exact,6,6,10,0,,0.0007573000002594199,0.00027550000049814116,0.001032800000757561,25,19,0.24,not_run_in_development_grid,826a81832c43fd3beaa5ea66f63d19579c7ae7c3f309c590d3c64709d2be3057,bv_8,Oracle,9,19,0.24,0.0006720000001223525,0.0,1
b1_c256,1,256,success,exact,6,6,10,0,,0.0007567000011476921,0.0002753000007942319,0.001032000001941924,25,19,0.24,not_run_in_development_grid,826a81832c43fd3beaa5ea66f63d19579c7ae7c3f309c590d3c64709d2be3057,bv_8,Oracle,9,19,0.24,0.0006720000001223525,0.0,1
b8_c256,8,256,success,exact,6,6,10,0,,0.0007368999995378545,0.0002767999994830461,0.0010136999990209006,25,19,0.24,not_run_in_development_grid,826a81832c43fd3beaa5ea66f63d19579c7ae7c3f309c590d3c64709d2be3057,bv_8,Oracle,9,19,0.24,0.0006720000001223525,0.0,1
b32_c256,32,256,success,exact,6,6,10,0,,0.0007380000006378395,0.00028249999922991265,0.0010204999998677522,25,19,0.24,not_run_in_development_grid,826a81832c43fd3beaa5ea66f63d19579c7ae7c3f309c590d3c64709d2be3057,bv_8,Oracle,9,19,0.24,0.0006720000001223525,0.0,1
b1_c64,1,64,success,exact_zero,0,0,0,0,,0.00149039999996603,0.00023569999939354602,0.001726099999359576,17,17,0.0,not_run_in_development_grid,f82bca5573e6e4f880dd93e93fbd33df5af794da6882ff8adad6e33e221312b3,adder_8,Adder,10,17,0.0,0.0006748000014340505,0.0,0
b8_c64,8,64,success,exact_zero,0,0,0,0,,0.0007344000005105045,0.00022530000023834873,0.0009597000007488532,17,17,0.0,not_run_in_development_grid,f82bca5573e6e4f880dd93e93fbd33df5af794da6882ff8adad6e33e221312b3,adder_8,Adder,10,17,0.0,0.0006748000014340505,0.0,0
b32_c64,32,64,success,exact_zero,0,0,0,0,,0.0007003000009717653,0.0002173000011680415,0.0009176000021398067,17,17,0.0,not_run_in_development_grid,f82bca5573e6e4f880dd93e93fbd33df5af794da6882ff8adad6e33e221312b3,adder_8,Adder,10,17,0.0,0.0006748000014340505,0.0,0
b1_c256,1,256,success,exact_zero,0,0,0,0,,0.000690799999574665,0.000213699999221717,0.000904499998796382,17,17,0.0,not_run_in_development_grid,f82bca5573e6e4f880dd93e93fbd33df5af794da6882ff8adad6e33e221312b3,adder_8,Adder,10,17,0.0,0.0006748000014340505,0.0,0
b8_c256,8,256,success,exact_zero,0,0,0,0,,0.0006821999995736405,0.00021610000112559646,0.000898300000699237,17,17,0.0,not_run_in_development_grid,f82bca5573e6e4f880dd93e93fbd33df5af794da6882ff8adad6e33e221312b3,adder_8,Adder,10,17,0.0,0.0006748000014340505,0.0,0
b32_c256,32,256,success,exact_zero,0,0,0,0,,0.0006704999996145489,0.00021249999917927198,0.0008829999987938209,17,17,0.0,not_run_in_development_grid,f82bca5573e6e4f880dd93e93fbd33df5af794da6882ff8adad6e33e221312b3,adder_8,Adder,10,17,0.0,0.0006748000014340505,0.0,0
b1_c64,1,64,success,exact,4,4,7,0,,0.0011742999995476566,0.00022279999939200934,0.001397099998939666,17,13,0.23529411764705888,not_run_in_development_grid,c2bc1600a43475bd792ec7ca2dfb34c87d2b32b84e9b2893c489410f17e2a572,bv_5,Oracle,6,13,0.23529411764705888,0.0011844999989989446,0.0,1
b8_c64,8,64,success,exact,4,4,7,0,,0.0010361999993619975,0.00020709999989776406,0.0012432999992597615,17,13,0.23529411764705888,not_run_in_development_grid,c2bc1600a43475bd792ec7ca2dfb34c87d2b32b84e9b2893c489410f17e2a572,bv_5,Oracle,6,13,0.23529411764705888,0.0011844999989989446,0.0,1
b32_c64,32,64,success,exact,4,4,7,0,,0.0009516999998595566,0.00020789999871340115,0.0011595999985729577,17,13,0.23529411764705888,not_run_in_development_grid,c2bc1600a43475bd792ec7ca2dfb34c87d2b32b84e9b2893c489410f17e2a572,bv_5,Oracle,6,13,0.23529411764705888,0.0011844999989989446,0.0,1
b1_c256,1,256,success,exact,4,4,7,0,,0.0007320999993680744,0.0002012999993894482,0.0009333999987575226,17,13,0.23529411764705888,not_run_in_development_grid,c2bc1600a43475bd792ec7ca2dfb34c87d2b32b84e9b2893c489410f17e2a572,bv_5,Oracle,6,13,0.23529411764705888,0.0011844999989989446,0.0,1
b8_c256,8,256,success,exact,4,4,7,0,,0.0006954000000405358,0.00019740000061574392,0.0008928000006562797,17,13,0.23529411764705888,not_run_in_development_grid,c2bc1600a43475bd792ec7ca2dfb34c87d2b32b84e9b2893c489410f17e2a572,bv_5,Oracle,6,13,0.23529411764705888,0.0011844999989989446,0.0,1
b32_c256,32,256,success,exact,4,4,7,0,,0.0007098000005498761,0.00019550000070012175,0.0009053000012499979,17,13,0.23529411764705888,not_run_in_development_grid,c2bc1600a43475bd792ec7ca2dfb34c87d2b32b84e9b2893c489410f17e2a572,bv_5,Oracle,6,13,0.23529411764705888,0.0011844999989989446,0.0,1
b1_c64,1,64,success,exact,3,3,2444,0,,0.0072684999995544786,0.010094700000990997,0.017363200000545476,275,272,0.010909090909090868,not_run_in_development_grid,60cbd40ccece385b0f47d6dbd5667c78d5709e2708b86620c809015e346ab443,haar_4,HaarRandom,4,275,0.0,0.006475599999248516,1.0909090909090868,1
b8_c64,8,64,success,exact,3,3,2444,0,,0.007739399999991292,0.010714099998949678,0.01845349999894097,275,272,0.010909090909090868,not_run_in_development_grid,60cbd40ccece385b0f47d6dbd5667c78d5709e2708b86620c809015e346ab443,haar_4,HaarRandom,4,275,0.0,0.006475599999248516,1.0909090909090868,1
b32_c64,32,64,success,exact,3,3,2444,0,,0.008008999999219668,0.01083440000002156,0.018843399999241228,275,272,0.010909090909090868,not_run_in_development_grid,60cbd40ccece385b0f47d6dbd5667c78d5709e2708b86620c809015e346ab443,haar_4,HaarRandom,4,275,0.0,0.006475599999248516,1.0909090909090868,1
b1_c256,1,256,success,exact,3,3,2444,0,,0.008029599999645143,0.01077400000031048,0.018803599999955622,275,272,0.010909090909090868,not_run_in_development_grid,60cbd40ccece385b0f47d6dbd5667c78d5709e2708b86620c809015e346ab443,haar_4,HaarRandom,4,275,0.0,0.006475599999248516,1.0909090909090868,1
b8_c256,8,256,success,exact,3,3,2444,0,,0.007948399999804678,0.010916299999735202,0.01886469999953988,275,272,0.010909090909090868,not_run_in_development_grid,60cbd40ccece385b0f47d6dbd5667c78d5709e2708b86620c809015e346ab443,haar_4,HaarRandom,4,275,0.0,0.006475599999248516,1.0909090909090868,1
b32_c256,32,256,success,exact,3,3,2444,0,,0.00803269999960321,0.010951499998554937,0.018984199998158147,275,272,0.010909090909090868,not_run_in_development_grid,60cbd40ccece385b0f47d6dbd5667c78d5709e2708b86620c809015e346ab443,haar_4,HaarRandom,4,275,0.0,0.006475599999248516,1.0909090909090868,1
b1_c64,1,64,success,exact,5,5,14,0,,0.0012365999991743593,0.0007066999987728195,0.0019432999979471788,22,17,0.2272727272727273,not_run_in_development_grid,21ae7cff0e4c85366dd65e6e4172d4dc07c4d0910264670dc6bd54046b03b08f,iqp_4,IQP,4,18,0.18181818181818177,0.0012653999983740505,4.545454545454552,1
b8_c64,8,64,success,exact,5,5,14,0,,0.0013699000010092277,0.0006477999995695427,0.0020177000005787704,22,17,0.2272727272727273,not_run_in_development_grid,21ae7cff0e4c85366dd65e6e4172d4dc07c4d0910264670dc6bd54046b03b08f,iqp_4,IQP,4,18,0.18181818181818177,0.0012653999983740505,4.545454545454552,1
b32_c64,32,64,success,exact,5,5,14,0,,0.0009808000013435958,0.0006381000002875226,0.0016189000016311184,22,17,0.2272727272727273,not_run_in_development_grid,21ae7cff0e4c85366dd65e6e4172d4dc07c4d0910264670dc6bd54046b03b08f,iqp_4,IQP,4,18,0.18181818181818177,0.0012653999983740505,4.545454545454552,1
b1_c256,1,256,success,exact,5,5,14,0,,0.0009473000009165844,0.0006441999994422076,0.001591500000358792,22,17,0.2272727272727273,not_run_in_development_grid,21ae7cff0e4c85366dd65e6e4172d4dc07c4d0910264670dc6bd54046b03b08f,iqp_4,IQP,4,18,0.18181818181818177,0.0012653999983740505,4.545454545454552,1
b8_c256,8,256,success,exact,5,5,14,0,,0.0009198000007017981,0.0008554999985790346,0.0017752999992808327,22,17,0.2272727272727273,not_run_in_development_grid,21ae7cff0e4c85366dd65e6e4172d4dc07c4d0910264670dc6bd54046b03b08f,iqp_4,IQP,4,18,0.18181818181818177,0.0012653999983740505,4.545454545454552,1
b32_c256,32,256,success,exact,5,5,14,0,,0.0010354999994888203,0.0010192999998253072,0.0020547999993141275,22,17,0.2272727272727273,not_run_in_development_grid,21ae7cff0e4c85366dd65e6e4172d4dc07c4d0910264670dc6bd54046b03b08f,iqp_4,IQP,4,18,0.18181818181818177,0.0012653999983740505,4.545454545454552,1
b1_c64,1,64,success,exact_zero,0,0,0,0,,0.0008323000001837499,0.00023750000036670826,0.0010698000005504582,18,18,0.0,not_run_in_development_grid,08824540c17b7e5551c4fed38e25fb7c445eb88bc2adf305e2ac828fad4d56a8,adder_8,Adder,10,18,0.0,0.0005258999990473967,0.0,0
b8_c64,8,64,success,exact_zero,0,0,0,0,,0.0007576999996672384,0.0002305999987584073,0.0009882999984256458,18,18,0.0,not_run_in_development_grid,08824540c17b7e5551c4fed38e25fb7c445eb88bc2adf305e2ac828fad4d56a8,adder_8,Adder,10,18,0.0,0.0005258999990473967,0.0,0
b32_c64,32,64,success,exact_zero,0,0,0,0,,0.0006976999993639765,0.0002199000009568408,0.0009176000003208173,18,18,0.0,not_run_in_development_grid,08824540c17b7e5551c4fed38e25fb7c445eb88bc2adf305e2ac828fad4d56a8,adder_8,Adder,10,18,0.0,0.0005258999990473967,0.0,0
b1_c256,1,256,success,exact_zero,0,0,0,0,,0.0007057000002532732,0.00021980000019539148,0.0009255000004486647,18,18,0.0,not_run_in_development_grid,08824540c17b7e5551c4fed38e25fb7c445eb88bc2adf305e2ac828fad4d56a8,adder_8,Adder,10,18,0.0,0.0005258999990473967,0.0,0
b8_c256,8,256,success,exact_zero,0,0,0,0,,0.0006935000001249136,0.00021610000112559646,0.0009096000012505101,18,18,0.0,not_run_in_development_grid,08824540c17b7e5551c4fed38e25fb7c445eb88bc2adf305e2ac828fad4d56a8,adder_8,Adder,10,18,0.0,0.0005258999990473967,0.0,0
b32_c256,32,256,success,exact_zero,0,0,0,0,,0.0012365999991743593,0.00030080000033194665,0.001537399999506306,18,18,0.0,not_run_in_development_grid,08824540c17b7e5551c4fed38e25fb7c445eb88bc2adf305e2ac828fad4d56a8,adder_8,Adder,10,18,0.0,0.0005258999990473967,0.0,0
b1_c64,1,64,success,exact_zero,0,0,42,0,,0.0009520999992673751,0.0009618999993108446,0.0019139999985782197,66,66,0.0,not_run_in_development_grid,706c0447268ee506ac59afcbc771e7db4407d41470f6beb3af60fa431e739c66,qaoa_line_8,QAOA,8,66,0.0,0.0016481000002386281,0.0,0
b8_c64,8,64,success,exact_zero,0,0,42,0,,0.0008475999984511873,0.0011629000000539236,0.002010499998505111,66,66,0.0,not_run_in_development_grid,706c0447268ee506ac59afcbc771e7db4407d41470f6beb3af60fa431e739c66,qaoa_line_8,QAOA,8,66,0.0,0.0016481000002386281,0.0,0
b32_c64,32,64,success,exact_zero,0,0,42,0,,0.001110899998820969,0.000978199999735807,0.002089099998556776,66,66,0.0,not_run_in_development_grid,706c0447268ee506ac59afcbc771e7db4407d41470f6beb3af60fa431e739c66,qaoa_line_8,QAOA,8,66,0.0,0.0016481000002386281,0.0,0
b1_c256,1,256,success,exact_zero,0,0,42,0,,0.0008389999984501628,0.000969299999269424,0.0018082999977195868,66,66,0.0,not_run_in_development_grid,706c0447268ee506ac59afcbc771e7db4407d41470f6beb3af60fa431e739c66,qaoa_line_8,QAOA,8,66,0.0,0.0016481000002386281,0.0,0
b8_c256,8,256,success,exact_zero,0,0,42,0,,0.0008119000012811739,0.0009605999985069502,0.0017724999997881241,66,66,0.0,not_run_in_development_grid,706c0447268ee506ac59afcbc771e7db4407d41470f6beb3af60fa431e739c66,qaoa_line_8,QAOA,8,66,0.0,0.0016481000002386281,0.0,0
b32_c256,32,256,success,exact_zero,0,0,42,0,,0.0010289999991073273,0.0010564000003796536,0.002085399999486981,66,66,0.0,not_run_in_development_grid,706c0447268ee506ac59afcbc771e7db4407d41470f6beb3af60fa431e739c66,qaoa_line_8,QAOA,8,66,0.0,0.0016481000002386281,0.0,0
b1_c64,1,64,success,exact,6,6,135,0,,0.0018397999992885161,0.0025122999995801365,0.004352099998868653,58,52,0.10344827586206895,not_run_in_development_grid,67ac65461d4b57621b92856148cbe19f65ec089efa10dd8e0ec245c21403aea1,uccsd_6,UCCSD_inspired,6,52,0.10344827586206895,0.0034986999999091495,0.0,1
b8_c64,8,64,success,exact,6,6,135,0,,0.001687800000581774,0.002250399998956709,0.003938199999538483,58,52,0.10344827586206895,not_run_in_development_grid,67ac65461d4b57621b92856148cbe19f65ec089efa10dd8e0ec245c21403aea1,uccsd_6,UCCSD_inspired,6,52,0.10344827586206895,0.0034986999999091495,0.0,1
b32_c64,32,64,success,exact,6,6,135,0,,0.0014461999999184627,0.0027002999995602295,0.004146499999478692,58,52,0.10344827586206895,not_run_in_development_grid,67ac65461d4b57621b92856148cbe19f65ec089efa10dd8e0ec245c21403aea1,uccsd_6,UCCSD_inspired,6,52,0.10344827586206895,0.0034986999999091495,0.0,1
b1_c256,1,256,success,exact,6,6,135,0,,0.0018909000009443844,0.0022369999987859046,0.004127899999730289,58,52,0.10344827586206895,not_run_in_development_grid,67ac65461d4b57621b92856148cbe19f65ec089efa10dd8e0ec245c21403aea1,uccsd_6,UCCSD_inspired,6,52,0.10344827586206895,0.0034986999999091495,0.0,1
b8_c256,8,256,success,exact,6,6,135,0,,0.0014845999994577141,0.0024450000000797445,0.003929599999537459,58,52,0.10344827586206895,not_run_in_development_grid,67ac65461d4b57621b92856148cbe19f65ec089efa10dd8e0ec245c21403aea1,uccsd_6,UCCSD_inspired,6,52,0.10344827586206895,0.0034986999999091495,0.0,1
b32_c256,32,256,success,exact,6,6,135,0,,0.002364399999351008,0.0022241000006033573,0.004588499999954365,58,52,0.10344827586206895,not_run_in_development_grid,67ac65461d4b57621b92856148cbe19f65ec089efa10dd8e0ec245c21403aea1,uccsd_6,UCCSD_inspired,6,52,0.10344827586206895,0.0034986999999091495,0.0,1
b1_c64,1,64,success,exact,16,16,34,0,,0.0013264000008348376,0.0008851999991748016,0.002211600000009639,58,42,0.27586206896551724,not_run_in_development_grid,2b75895aa27cbc6b06ca489c63a0acceb9af896130529bb5c000766f1e53267c,clifford_8,RandomClifford,8,44,0.24137931034482762,0.0010977000019920524,3.4482758620689613,1
b8_c64,8,64,success,exact,16,16,34,0,,0.0018073999999614898,0.0005482000015035737,0.0023556000014650635,58,42,0.27586206896551724,not_run_in_development_grid,2b75895aa27cbc6b06ca489c63a0acceb9af896130529bb5c000766f1e53267c,clifford_8,RandomClifford,8,44,0.24137931034482762,0.0010977000019920524,3.4482758620689613,1
b32_c64,32,64,success,exact,16,16,34,0,,0.0012425999993865844,0.0005326999998942483,0.0017752999992808327,58,42,0.27586206896551724,not_run_in_development_grid,2b75895aa27cbc6b06ca489c63a0acceb9af896130529bb5c000766f1e53267c,clifford_8,RandomClifford,8,44,0.24137931034482762,0.0010977000019920524,3.4482758620689613,1
b1_c256,1,256,success,exact,16,16,34,0,,0.0012145999990025302,0.0005380000002332963,0.0017525999992358265,58,42,0.27586206896551724,not_run_in_development_grid,2b75895aa27cbc6b06ca489c63a0acceb9af896130529bb5c000766f1e53267c,clifford_8,RandomClifford,8,44,0.24137931034482762,0.0010977000019920524,3.4482758620689613,1
b8_c256,8,256,success,exact,16,16,34,0,,0.0014254999987315387,0.0007920000007288763,0.002217499999460415,58,42,0.27586206896551724,not_run_in_development_grid,2b75895aa27cbc6b06ca489c63a0acceb9af896130529bb5c000766f1e53267c,clifford_8,RandomClifford,8,44,0.24137931034482762,0.0010977000019920524,3.4482758620689613,1
b32_c256,32,256,success,exact,16,16,34,0,,0.001752199999828008,0.000546000001122593,0.002298200000950601,58,42,0.27586206896551724,not_run_in_development_grid,2b75895aa27cbc6b06ca489c63a0acceb9af896130529bb5c000766f1e53267c,clifford_8,RandomClifford,8,44,0.24137931034482762,0.0010977000019920524,3.4482758620689613,1
b1_c64,1,64,success,exact,108,108,13305,0,,0.16890930000045046,0.012597099999766215,0.18150640000021667,646,538,0.16718266253869973,not_run_in_development_grid,5b1e86584da3b6e4065a29ec23dcba8ca2e23b69da2d3d2debdbc7a05920c733,qwalk_4,QuantumWalk,5,538,0.16718266253869973,0.01960990000043239,0.0,1
b8_c64,8,64,success,exact,108,108,13305,0,,1.221811899999011,0.012480199999117758,1.2342920999981288,646,538,0.16718266253869973,not_run_in_development_grid,5b1e86584da3b6e4065a29ec23dcba8ca2e23b69da2d3d2debdbc7a05920c733,qwalk_4,QuantumWalk,5,538,0.16718266253869973,0.01960990000043239,0.0,1
b32_c64,32,64,success,exact,108,108,13305,0,,4.115976099999898,0.01186760000018694,4.127843700000085,646,538,0.16718266253869973,not_run_in_development_grid,5b1e86584da3b6e4065a29ec23dcba8ca2e23b69da2d3d2debdbc7a05920c733,qwalk_4,QuantumWalk,5,538,0.16718266253869973,0.01960990000043239,0.0,1
b1_c256,1,256,success,exact,108,108,13305,0,,0.17179469999973662,0.011932600000363891,0.1837273000001005,646,538,0.16718266253869973,not_run_in_development_grid,5b1e86584da3b6e4065a29ec23dcba8ca2e23b69da2d3d2debdbc7a05920c733,qwalk_4,QuantumWalk,5,538,0.16718266253869973,0.01960990000043239,0.0,1
b8_c256,8,256,success,exact,108,108,13305,0,,1.0807867999992595,0.012074799999027164,1.0928615999982867,646,538,0.16718266253869973,not_run_in_development_grid,5b1e86584da3b6e4065a29ec23dcba8ca2e23b69da2d3d2debdbc7a05920c733,qwalk_4,QuantumWalk,5,538,0.16718266253869973,0.01960990000043239,0.0,1
b32_c256,32,256,success,exact,108,108,13305,0,,4.0792563000013615,0.012494599999627098,4.091750900000989,646,538,0.16718266253869973,not_run_in_development_grid,5b1e86584da3b6e4065a29ec23dcba8ca2e23b69da2d3d2debdbc7a05920c733,qwalk_4,QuantumWalk,5,538,0.16718266253869973,0.01960990000043239,0.0,1
b1_c64,1,64,success,exact_zero,0,0,42,0,,0.0011367000006430317,0.0009697999994386919,0.0021065000000817236,66,66,0.0,not_run_in_development_grid,914e1499c292081bdc75f6dcd9813bbb7b2085fe470253f7000b70ace6ba61c9,qaoa_line_8,QAOA,8,66,0.0,0.0020949999980075518,0.0,0
b8_c64,8,64,success,exact_zero,0,0,42,0,,0.0008863000002747867,0.0009491000000707572,0.001835400000345544,66,66,0.0,not_run_in_development_grid,914e1499c292081bdc75f6dcd9813bbb7b2085fe470253f7000b70ace6ba61c9,qaoa_line_8,QAOA,8,66,0.0,0.0020949999980075518,0.0,0
b32_c64,32,64,success,exact_zero,0,0,42,0,,0.0009067000009963522,0.0011142000003019348,0.002020900001298287,66,66,0.0,not_run_in_development_grid,914e1499c292081bdc75f6dcd9813bbb7b2085fe470253f7000b70ace6ba61c9,qaoa_line_8,QAOA,8,66,0.0,0.0020949999980075518,0.0,0
b1_c256,1,256,success,exact_zero,0,0,42,0,,0.0011515999995026505,0.0009767000010469928,0.0021283000005496433,66,66,0.0,not_run_in_development_grid,914e1499c292081bdc75f6dcd9813bbb7b2085fe470253f7000b70ace6ba61c9,qaoa_line_8,QAOA,8,66,0.0,0.0020949999980075518,0.0,0
b8_c256,8,256,success,exact_zero,0,0,42,0,,0.0008727999993425328,0.0009769000007509021,0.001849700000093435,66,66,0.0,not_run_in_development_grid,914e1499c292081bdc75f6dcd9813bbb7b2085fe470253f7000b70ace6ba61c9,qaoa_line_8,QAOA,8,66,0.0,0.0020949999980075518,0.0,0
b32_c256,32,256,success,exact_zero,0,0,42,0,,0.0008529999995516846,0.0009950999992724974,0.001848099998824182,66,66,0.0,not_run_in_development_grid,914e1499c292081bdc75f6dcd9813bbb7b2085fe470253f7000b70ace6ba61c9,qaoa_line_8,QAOA,8,66,0.0,0.0020949999980075518,0.0,0
b1_c64,1,64,success,exact,14,14,35,0,,0.19413559999884455,0.002539700000852463,0.19667529999969702,51,37,0.27450980392156865,not_run_in_development_grid,bb4d201ec90fe59ed3e9c9ab9ff269487e716ab1bee068bff9f74529b1de6f93,iqp_8,IQP,8,48,0.05882352941176472,0.00251620000017283,21.568627450980394,1
b8_c64,8,64,success,exact,14,14,35,0,,0.19456700000046112,0.001837399999203626,0.19640439999966475,51,37,0.27450980392156865,not_run_in_development_grid,bb4d201ec90fe59ed3e9c9ab9ff269487e716ab1bee068bff9f74529b1de6f93,iqp_8,IQP,8,48,0.05882352941176472,0.00251620000017283,21.568627450980394,1
b32_c64,32,64,success,exact,14,14,35,0,,0.1888636999992741,0.002319799999895622,0.19118349999916973,51,37,0.27450980392156865,not_run_in_development_grid,bb4d201ec90fe59ed3e9c9ab9ff269487e716ab1bee068bff9f74529b1de6f93,iqp_8,IQP,8,48,0.05882352941176472,0.00251620000017283,21.568627450980394,1
b1_c256,1,256,success,exact,14,14,35,0,,0.18976260000090406,0.002051499999652151,0.1918141000005562,51,37,0.27450980392156865,not_run_in_development_grid,bb4d201ec90fe59ed3e9c9ab9ff269487e716ab1bee068bff9f74529b1de6f93,iqp_8,IQP,8,48,0.05882352941176472,0.00251620000017283,21.568627450980394,1
b8_c256,8,256,success,exact,14,14,35,0,,0.1893856999995478,0.0018747000012808712,0.19126040000082867,51,37,0.27450980392156865,not_run_in_development_grid,bb4d201ec90fe59ed3e9c9ab9ff269487e716ab1bee068bff9f74529b1de6f93,iqp_8,IQP,8,48,0.05882352941176472,0.00251620000017283,21.568627450980394,1
b32_c256,32,256,success,exact,14,14,35,0,,0.18676569999843196,0.0021645000015269034,0.18893019999995886,51,37,0.27450980392156865,not_run_in_development_grid,bb4d201ec90fe59ed3e9c9ab9ff269487e716ab1bee068bff9f74529b1de6f93,iqp_8,IQP,8,48,0.05882352941176472,0.00251620000017283,21.568627450980394,1
b1_c64,1,64,success,exact,8,8,2400,0,,0.03259090000028664,0.007045199999993201,0.03963610000027984,454,446,0.017621145374449365,not_run_in_development_grid,c63e19873423ccaaf570f0b635947cafec97a5e60d7fb9d0985ab0dc116133d6,grover_6,Grover,6,446,0.017621145374449365,0.010542399999394547,0.0,1
b8_c64,8,64,success,exact,8,8,2400,0,,0.03022650000093563,0.006805099999837694,0.037031600000773324,454,446,0.017621145374449365,not_run_in_development_grid,c63e19873423ccaaf570f0b635947cafec97a5e60d7fb9d0985ab0dc116133d6,grover_6,Grover,6,446,0.017621145374449365,0.010542399999394547,0.0,1
b32_c64,32,64,success,exact,8,8,2400,0,,0.0314066000009916,0.007203499999377527,0.03861010000036913,454,446,0.017621145374449365,not_run_in_development_grid,c63e19873423ccaaf570f0b635947cafec97a5e60d7fb9d0985ab0dc116133d6,grover_6,Grover,6,446,0.017621145374449365,0.010542399999394547,0.0,1
b1_c256,1,256,success,exact,8,8,2400,0,,0.031229899999743793,0.006771200000002864,0.03800109999974666,454,446,0.017621145374449365,not_run_in_development_grid,c63e19873423ccaaf570f0b635947cafec97a5e60d7fb9d0985ab0dc116133d6,grover_6,Grover,6,446,0.017621145374449365,0.010542399999394547,0.0,1
b8_c256,8,256,success,exact,8,8,2400,0,,0.028833700000177487,0.006478700001025572,0.03531240000120306,454,446,0.017621145374449365,not_run_in_development_grid,c63e19873423ccaaf570f0b635947cafec97a5e60d7fb9d0985ab0dc116133d6,grover_6,Grover,6,446,0.017621145374449365,0.010542399999394547,0.0,1
b32_c256,32,256,success,exact,8,8,2400,0,,0.029146099999707076,0.007044100000712206,0.03619020000041928,454,446,0.017621145374449365,not_run_in_development_grid,c63e19873423ccaaf570f0b635947cafec97a5e60d7fb9d0985ab0dc116133d6,grover_6,Grover,6,446,0.017621145374449365,0.010542399999394547,0.0,1
b1_c64,1,64,success,exact_zero,0,0,822,0,,0.004500099999859231,0.002669199999218108,0.007169299999077339,226,226,0.0,not_run_in_development_grid,920715dea765673c0d3337786b5f66da8038c75428d4b37e5c288736db47b69d,qwalk_3,QuantumWalk,4,226,0.0,0.005587900001046364,0.0,0
b8_c64,8,64,success,exact_zero,0,0,822,0,,0.003630900000644033,0.002580800000941963,0.006211700001585996,226,226,0.0,not_run_in_development_grid,920715dea765673c0d3337786b5f66da8038c75428d4b37e5c288736db47b69d,qwalk_3,QuantumWalk,4,226,0.0,0.005587900001046364,0.0,0
b32_c64,32,64,success,exact_zero,0,0,822,0,,0.0030934999995224643,0.0030951000007917173,0.006188600000314182,226,226,0.0,not_run_in_development_grid,920715dea765673c0d3337786b5f66da8038c75428d4b37e5c288736db47b69d,qwalk_3,QuantumWalk,4,226,0.0,0.005587900001046364,0.0,0
b1_c256,1,256,success,exact_zero,0,0,822,0,,0.003767899999729707,0.0035127000010106713,0.007280600000740378,226,226,0.0,not_run_in_development_grid,920715dea765673c0d3337786b5f66da8038c75428d4b37e5c288736db47b69d,qwalk_3,QuantumWalk,4,226,0.0,0.005587900001046364,0.0,0
b8_c256,8,256,success,exact_zero,0,0,822,0,,0.003592200000639423,0.0027943000004597707,0.0063865000010991935,226,226,0.0,not_run_in_development_grid,920715dea765673c0d3337786b5f66da8038c75428d4b37e5c288736db47b69d,qwalk_3,QuantumWalk,4,226,0.0,0.005587900001046364,0.0,0
b32_c256,32,256,success,exact_zero,0,0,822,0,,0.003816000000369968,0.0026735999999800697,0.006489600000350038,226,226,0.0,not_run_in_development_grid,920715dea765673c0d3337786b5f66da8038c75428d4b37e5c288736db47b69d,qwalk_3,QuantumWalk,4,226,0.0,0.005587900001046364,0.0,0
b1_c64,1,64,success,exact_zero,0,0,18,0,,0.0010980999995808816,0.0005473000001074979,0.0016453999996883795,30,30,0.0,not_run_in_development_grid,98288a8bb24c6c4e673cdd1a4153610759a5259eab1700308a6bb0e7520a1d09,qaoa_line_4,QAOA,4,30,0.0,0.0008907000010367483,0.0,0
b8_c64,8,64,success,exact_zero,0,0,18,0,,0.001043400001435657,0.00047559999984514434,0.0015190000012808014,30,30,0.0,not_run_in_development_grid,98288a8bb24c6c4e673cdd1a4153610759a5259eab1700308a6bb0e7520a1d09,qaoa_line_4,QAOA,4,30,0.0,0.0008907000010367483,0.0,0
b32_c64,32,64,success,exact_zero,0,0,18,0,,0.0009509000010439195,0.0004802000003110152,0.0014311000013549346,30,30,0.0,not_run_in_development_grid,98288a8bb24c6c4e673cdd1a4153610759a5259eab1700308a6bb0e7520a1d09,qaoa_line_4,QAOA,4,30,0.0,0.0008907000010367483,0.0,0
b1_c256,1,256,success,exact_zero,0,0,18,0,,0.0007048999996186467,0.00047110000014072284,0.0011759999997593695,30,30,0.0,not_run_in_development_grid,98288a8bb24c6c4e673cdd1a4153610759a5259eab1700308a6bb0e7520a1d09,qaoa_line_4,QAOA,4,30,0.0,0.0008907000010367483,0.0,0
b8_c256,8,256,success,exact_zero,0,0,18,0,,0.0007232999996631406,0.0004826000003959052,0.0012059000000590459,30,30,0.0,not_run_in_development_grid,98288a8bb24c6c4e673cdd1a4153610759a5259eab1700308a6bb0e7520a1d09,qaoa_line_4,QAOA,4,30,0.0,0.0008907000010367483,0.0,0
b32_c256,32,256,success,exact_zero,0,0,18,0,,0.0007513000000471948,0.0006071999996493105,0.0013584999996965053,30,30,0.0,not_run_in_development_grid,98288a8bb24c6c4e673cdd1a4153610759a5259eab1700308a6bb0e7520a1d09,qaoa_line_4,QAOA,4,30,0.0,0.0008907000010367483,0.0,0
b1_c64,1,64,success,exact,12,12,218,0,,0.0077961999995750375,0.006175800001074094,0.013972000000649132,80,68,0.15000000000000002,not_run_in_development_grid,d75b107d6610e55aacfddff9d177a41d58656d6851d4b751fc8b7a09d03890a5,uccsd_8,UCCSD_inspired,8,68,0.15000000000000002,0.007474099998944439,0.0,1
b8_c64,8,64,success,exact,12,12,218,0,,0.011222900000575464,0.0072583000001031905,0.018481200000678655,80,68,0.15000000000000002,not_run_in_development_grid,d75b107d6610e55aacfddff9d177a41d58656d6851d4b751fc8b7a09d03890a5,uccsd_8,UCCSD_inspired,8,68,0.15000000000000002,0.007474099998944439,0.0,1
b32_c64,32,64,success,exact,12,12,218,0,,0.010278899999320856,0.006752299999789102,0.01703119999910996,80,68,0.15000000000000002,not_run_in_development_grid,d75b107d6610e55aacfddff9d177a41d58656d6851d4b751fc8b7a09d03890a5,uccsd_8,UCCSD_inspired,8,68,0.15000000000000002,0.007474099998944439,0.0,1
b1_c256,1,256,success,exact,12,12,218,0,,0.014489699999103323,0.006340100000670645,0.020829799999773968,80,68,0.15000000000000002,not_run_in_development_grid,d75b107d6610e55aacfddff9d177a41d58656d6851d4b751fc8b7a09d03890a5,uccsd_8,UCCSD_inspired,8,68,0.15000000000000002,0.007474099998944439,0.0,1
b8_c256,8,256,success,exact,12,12,218,0,,0.007930599998871912,0.006410299998606206,0.014340899997478118,80,68,0.15000000000000002,not_run_in_development_grid,d75b107d6610e55aacfddff9d177a41d58656d6851d4b751fc8b7a09d03890a5,uccsd_8,UCCSD_inspired,8,68,0.15000000000000002,0.007474099998944439,0.0,1
b32_c256,32,256,success,exact,12,12,218,0,,0.008553900001061265,0.010317700000086916,0.01887160000114818,80,68,0.15000000000000002,not_run_in_development_grid,d75b107d6610e55aacfddff9d177a41d58656d6851d4b751fc8b7a09d03890a5,uccsd_8,UCCSD_inspired,8,68,0.15000000000000002,0.007474099998944439,0.0,1
b1_c64,1,64,success,exact,10,10,9,0,,0.0014249999985622708,0.0003767000016523525,0.0018017000002146233,20,10,0.5,not_run_in_development_grid,7130c27a527965bb0f258cb842a9113fb05e3fbe44a5dfbedcb9b9003b5cc534,bv_7,Oracle,8,10,0.5,0.0008814999982860172,0.0,1
b8_c64,8,64,success,exact,10,10,9,0,,0.001153699999122182,0.0001993000005313661,0.001352999999653548,20,10,0.5,not_run_in_development_grid,7130c27a527965bb0f258cb842a9113fb05e3fbe44a5dfbedcb9b9003b5cc534,bv_7,Oracle,8,10,0.5,0.0008814999982860172,0.0,1
b32_c64,32,64,success,exact,10,10,9,0,,0.001260000000911532,0.000247500000114087,0.001507500001025619,20,10,0.5,not_run_in_development_grid,7130c27a527965bb0f258cb842a9113fb05e3fbe44a5dfbedcb9b9003b5cc534,bv_7,Oracle,8,10,0.5,0.0008814999982860172,0.0,1
b1_c256,1,256,success,exact,10,10,9,0,,0.0009286999993491918,0.0002012999993894482,0.00112999999873864,20,10,0.5,not_run_in_development_grid,7130c27a527965bb0f258cb842a9113fb05e3fbe44a5dfbedcb9b9003b5cc534,bv_7,Oracle,8,10,0.5,0.0008814999982860172,0.0,1
b8_c256,8,256,success,exact,10,10,9,0,,0.0008010000001377193,0.00019549999888113234,0.0009964999990188517,20,10,0.5,not_run_in_development_grid,7130c27a527965bb0f258cb842a9113fb05e3fbe44a5dfbedcb9b9003b5cc534,bv_7,Oracle,8,10,0.5,0.0008814999982860172,0.0,1
b32_c256,32,256,success,exact,10,10,9,0,,0.0008802000011201017,0.0002086000004055677,0.0010888000015256694,20,10,0.5,not_run_in_development_grid,7130c27a527965bb0f258cb842a9113fb05e3fbe44a5dfbedcb9b9003b5cc534,bv_7,Oracle,8,10,0.5,0.0008814999982860172,0.0,1
b1_c64,1,64,success,exact,10,10,25,0,,0.001188600001114537,0.0009285000014642719,0.002117100002578809,46,36,0.21739130434782605,not_run_in_development_grid,2d4868c22c53a34ba2e5046296f2ed6dd8a3b0bac61263a35b7a2fc4521fef18,clifford_6,RandomClifford,6,36,0.21739130434782605,0.0011270000013610115,0.0,1
b8_c64,8,64,success,exact,10,10,25,0,,0.002015199999732431,0.0008667000001878478,0.002881899999920279,46,36,0.21739130434782605,not_run_in_development_grid,2d4868c22c53a34ba2e5046296f2ed6dd8a3b0bac61263a35b7a2fc4521fef18,clifford_6,RandomClifford,6,36,0.21739130434782605,0.0011270000013610115,0.0,1
b32_c64,32,64,success,exact,10,10,25,0,,0.0018324999982723966,0.0005099999998492422,0.0023424999981216388,46,36,0.21739130434782605,not_run_in_development_grid,2d4868c22c53a34ba2e5046296f2ed6dd8a3b0bac61263a35b7a2fc4521fef18,clifford_6,RandomClifford,6,36,0.21739130434782605,0.0011270000013610115,0.0,1
b1_c256,1,256,success,exact,10,10,25,0,,0.001303699998970842,0.0004929999995511025,0.0017966999985219445,46,36,0.21739130434782605,not_run_in_development_grid,2d4868c22c53a34ba2e5046296f2ed6dd8a3b0bac61263a35b7a2fc4521fef18,clifford_6,RandomClifford,6,36,0.21739130434782605,0.0011270000013610115,0.0,1
b8_c256,8,256,success,exact,10,10,25,0,,0.0013031000016781036,0.000622300000031828,0.0019254000017099315,46,36,0.21739130434782605,not_run_in_development_grid,2d4868c22c53a34ba2e5046296f2ed6dd8a3b0bac61263a35b7a2fc4521fef18,clifford_6,RandomClifford,6,36,0.21739130434782605,0.0011270000013610115,0.0,1
b32_c256,32,256,success,exact,10,10,25,0,,0.002255499999591848,0.0006871999994473299,0.0029426999990391778,46,36,0.21739130434782605,not_run_in_development_grid,2d4868c22c53a34ba2e5046296f2ed6dd8a3b0bac61263a35b7a2fc4521fef18,clifford_6,RandomClifford,6,36,0.21739130434782605,0.0011270000013610115,0.0,1
b1_c64,1,64,success,exact,4,4,8,0,,0.0008751999994274229,0.00025859999914246146,0.0011337999985698843,20,16,0.19999999999999996,not_run_in_development_grid,ea35cdaebcc83e38febe7db50517ceef51edfed198ba7cbb4f3cc64485df66df,bv_6,Oracle,7,16,0.19999999999999996,0.0007578999993711477,0.0,1
b8_c64,8,64,success,exact,4,4,8,0,,0.0017145000001619337,0.0004980999983672518,0.0022125999985291855,20,16,0.19999999999999996,not_run_in_development_grid,ea35cdaebcc83e38febe7db50517ceef51edfed198ba7cbb4f3cc64485df66df,bv_6,Oracle,7,16,0.19999999999999996,0.0007578999993711477,0.0,1
b32_c64,32,64,success,exact,4,4,8,0,,0.0011909999993804377,0.0004568999993352918,0.0016478999987157295,20,16,0.19999999999999996,not_run_in_development_grid,ea35cdaebcc83e38febe7db50517ceef51edfed198ba7cbb4f3cc64485df66df,bv_6,Oracle,7,16,0.19999999999999996,0.0007578999993711477,0.0,1
b1_c256,1,256,success,exact,4,4,8,0,,0.0011012000013579382,0.00047509999967587646,0.0015763000010338146,20,16,0.19999999999999996,not_run_in_development_grid,ea35cdaebcc83e38febe7db50517ceef51edfed198ba7cbb4f3cc64485df66df,bv_6,Oracle,7,16,0.19999999999999996,0.0007578999993711477,0.0,1
b8_c256,8,256,success,exact,4,4,8,0,,0.0010196000002906658,0.0004349999999249121,0.001454600000215578,20,16,0.19999999999999996,not_run_in_development_grid,ea35cdaebcc83e38febe7db50517ceef51edfed198ba7cbb4f3cc64485df66df,bv_6,Oracle,7,16,0.19999999999999996,0.0007578999993711477,0.0,1
b32_c256,32,256,success,exact,4,4,8,0,,0.0011512999990372919,0.0005305999984557275,0.0016818999974930193,20,16,0.19999999999999996,not_run_in_development_grid,ea35cdaebcc83e38febe7db50517ceef51edfed198ba7cbb4f3cc64485df66df,bv_6,Oracle,7,16,0.19999999999999996,0.0007578999993711477,0.0,1
b1_c64,1,64,success,exact,8,8,9,0,,0.0011130999992019497,0.00024650000159454066,0.0013596000007964903,21,13,0.38095238095238093,not_run_in_development_grid,8ff9e347f089a38379fb8b9dddac5f467f20f23caa1892008b74218e158a33c3,bv_7,Oracle,8,13,0.38095238095238093,0.0007605999999213964,0.0,1
b8_c64,8,64,success,exact,8,8,9,0,,0.0008924999983719317,0.00023559999863209669,0.0011280999970040284,21,13,0.38095238095238093,not_run_in_development_grid,8ff9e347f089a38379fb8b9dddac5f467f20f23caa1892008b74218e158a33c3,bv_7,Oracle,8,13,0.38095238095238093,0.0007605999999213964,0.0,1
b32_c64,32,64,success,exact,8,8,9,0,,0.0008207999999285676,0.0003195999997842591,0.0011403999997128267,21,13,0.38095238095238093,not_run_in_development_grid,8ff9e347f089a38379fb8b9dddac5f467f20f23caa1892008b74218e158a33c3,bv_7,Oracle,8,13,0.38095238095238093,0.0007605999999213964,0.0,1
b1_c256,1,256,success,exact,8,8,9,0,,0.001319500001045526,0.0005625000012514647,0.0018820000022969907,21,13,0.38095238095238093,not_run_in_development_grid,8ff9e347f089a38379fb8b9dddac5f467f20f23caa1892008b74218e158a33c3,bv_7,Oracle,8,13,0.38095238095238093,0.0007605999999213964,0.0,1
b8_c256,8,256,success,exact,8,8,9,0,,0.0016371000001527136,0.0004500999984884402,0.002087199998641154,21,13,0.38095238095238093,not_run_in_development_grid,8ff9e347f089a38379fb8b9dddac5f467f20f23caa1892008b74218e158a33c3,bv_7,Oracle,8,13,0.38095238095238093,0.0007605999999213964,0.0,1
b32_c256,32,256,success,exact,8,8,9,0,,0.001480299999457202,0.0008257999998022569,0.002306099999259459,21,13,0.38095238095238093,not_run_in_development_grid,8ff9e347f089a38379fb8b9dddac5f467f20f23caa1892008b74218e158a33c3,bv_7,Oracle,8,13,0.38095238095238093,0.0007605999999213964,0.0,1
b1_c64,1,64,success,exact,2,2,6,0,,0.001382000000376138,0.0004140999990340788,0.0017960999994102167,15,13,0.1333333333333333,not_run_in_development_grid,769bc5dd2330d3ce3c3b1c380e24657d4ac0458a73f5b99db5f78043adaa2bba,bv_4,Oracle,5,13,0.1333333333333333,0.0020583000004990026,0.0,1
b8_c64,8,64,success,exact,2,2,6,0,,0.0022117000007710885,0.00041319999945699237,0.002624900000228081,15,13,0.1333333333333333,not_run_in_development_grid,769bc5dd2330d3ce3c3b1c380e24657d4ac0458a73f5b99db5f78043adaa2bba,bv_4,Oracle,5,13,0.1333333333333333,0.0020583000004990026,0.0,1
b32_c64,32,64,success,exact,2,2,6,0,,0.0014950000004319008,0.00045250000039231963,0.0019475000008242205,15,13,0.1333333333333333,not_run_in_development_grid,769bc5dd2330d3ce3c3b1c380e24657d4ac0458a73f5b99db5f78043adaa2bba,bv_4,Oracle,5,13,0.1333333333333333,0.0020583000004990026,0.0,1
b1_c256,1,256,success,exact,2,2,6,0,,0.0014779999983147718,0.00023460000011255033,0.0017125999984273221,15,13,0.1333333333333333,not_run_in_development_grid,769bc5dd2330d3ce3c3b1c380e24657d4ac0458a73f5b99db5f78043adaa2bba,bv_4,Oracle,5,13,0.1333333333333333,0.0020583000004990026,0.0,1
b8_c256,8,256,success,exact,2,2,6,0,,0.0009860999998636544,0.0003603999994084006,0.001346499999272055,15,13,0.1333333333333333,not_run_in_development_grid,769bc5dd2330d3ce3c3b1c380e24657d4ac0458a73f5b99db5f78043adaa2bba,bv_4,Oracle,5,13,0.1333333333333333,0.0020583000004990026,0.0,1
b32_c256,32,256,success,exact,2,2,6,0,,0.001028000000587781,0.00036689999978989363,0.0013949000003776746,15,13,0.1333333333333333,not_run_in_development_grid,769bc5dd2330d3ce3c3b1c380e24657d4ac0458a73f5b99db5f78043adaa2bba,bv_4,Oracle,5,13,0.1333333333333333,0.0020583000004990026,0.0,1
b1_c64,1,64,success,exact,12,12,26,0,,0.010179199998674449,0.0016744999993534293,0.011853699998027878,45,33,0.2666666666666667,not_run_in_development_grid,5b2a31e79d9fc799bfce71b0e4edb7e81603780d93caa25247f243bb4205dfc2,iqp_8,IQP,8,43,0.0444444444444444,0.0029375000012805685,22.222222222222232,1
b8_c64,8,64,success,exact,12,12,26,0,,0.006774100000257022,0.002165199999581091,0.008939299999838113,45,33,0.2666666666666667,not_run_in_development_grid,5b2a31e79d9fc799bfce71b0e4edb7e81603780d93caa25247f243bb4205dfc2,iqp_8,IQP,8,43,0.0444444444444444,0.0029375000012805685,22.222222222222232,1
b32_c64,32,64,success,exact,12,12,26,0,,0.0087465999986307,0.002448299999741721,0.01119489999837242,45,33,0.2666666666666667,not_run_in_development_grid,5b2a31e79d9fc799bfce71b0e4edb7e81603780d93caa25247f243bb4205dfc2,iqp_8,IQP,8,43,0.0444444444444444,0.0029375000012805685,22.222222222222232,1
b1_c256,1,256,success,exact,12,12,26,0,,0.009371500000270316,0.003030699999726494,0.01240219999999681,45,33,0.2666666666666667,not_run_in_development_grid,5b2a31e79d9fc799bfce71b0e4edb7e81603780d93caa25247f243bb4205dfc2,iqp_8,IQP,8,43,0.0444444444444444,0.0029375000012805685,22.222222222222232,1
b8_c256,8,256,success,exact,12,12,26,0,,0.005700100000467501,0.0017253999994863989,0.0074254999999538995,45,33,0.2666666666666667,not_run_in_development_grid,5b2a31e79d9fc799bfce71b0e4edb7e81603780d93caa25247f243bb4205dfc2,iqp_8,IQP,8,43,0.0444444444444444,0.0029375000012805685,22.222222222222232,1
b32_c256,32,256,success,exact,12,12,26,0,,0.008406400000239955,0.003349299999172217,0.011755699999412172,45,33,0.2666666666666667,not_run_in_development_grid,5b2a31e79d9fc799bfce71b0e4edb7e81603780d93caa25247f243bb4205dfc2,iqp_8,IQP,8,43,0.0444444444444444,0.0029375000012805685,22.222222222222232,1
b1_c64,1,64,success,truncated,168,128,419190,20,conservative_overlap_check_budget_predicted:20000000:6771192,0.11214920000020356,0.1332920999993803,0.24544129999958386,7156,6988,0.02347680268306318,not_run_in_development_grid,e541b465d3e72bc04ff8e5a4eb83441dd9b5c474b735a707e491dfff3e8ff456,qwalk_7,QuantumWalk,8,6988,0.02347680268306318,0.27474459999939427,0.0,1
b8_c64,8,64,success,truncated,168,128,419190,20,conservative_overlap_check_budget_predicted:20000000:6771192,1.0339447999995173,0.12882469999931345,1.1627694999988307,7156,6988,0.02347680268306318,not_run_in_development_grid,e541b465d3e72bc04ff8e5a4eb83441dd9b5c474b735a707e491dfff3e8ff456,qwalk_7,QuantumWalk,8,6988,0.02347680268306318,0.27474459999939427,0.0,1
b32_c64,32,64,success,truncated,168,128,419190,20,conservative_overlap_check_budget_predicted:20000000:6771192,2.7401687000001402,0.15197000000080152,2.8921387000009418,7156,6988,0.02347680268306318,not_run_in_development_grid,e541b465d3e72bc04ff8e5a4eb83441dd9b5c474b735a707e491dfff3e8ff456,qwalk_7,QuantumWalk,8,6988,0.02347680268306318,0.27474459999939427,0.0,1
b1_c256,1,256,success,exact,168,168,419190,0,conservative_overlap_check_budget_predicted:20000000:6771192,0.10941020000063872,0.12974279999980354,0.23915300000044226,7156,6988,0.02347680268306318,not_run_in_development_grid,e541b465d3e72bc04ff8e5a4eb83441dd9b5c474b735a707e491dfff3e8ff456,qwalk_7,QuantumWalk,8,6988,0.02347680268306318,0.27474459999939427,0.0,1
b8_c256,8,256,success,exact,168,168,419190,0,conservative_overlap_check_budget_predicted:20000000:6771192,0.8873188999987178,0.12699140000040643,1.0143102999991243,7156,6988,0.02347680268306318,not_run_in_development_grid,e541b465d3e72bc04ff8e5a4eb83441dd9b5c474b735a707e491dfff3e8ff456,qwalk_7,QuantumWalk,8,6988,0.02347680268306318,0.27474459999939427,0.0,1
b32_c256,32,256,success,exact,168,168,419190,0,conservative_overlap_check_budget_predicted:20000000:6771192,2.944280300000173,0.12523419999888574,3.069514499999059,7156,6988,0.02347680268306318,not_run_in_development_grid,e541b465d3e72bc04ff8e5a4eb83441dd9b5c474b735a707e491dfff3e8ff456,qwalk_7,QuantumWalk,8,6988,0.02347680268306318,0.27474459999939427,0.0,1
b1_c64,1,64,success,exact_zero,0,0,3,0,,0.001143099998444086,0.0005498999998962972,0.0016929999983403832,30,30,0.0,not_run_in_development_grid,59fbafb4a84f6e3bf7095d58daa93081c2109f6d48baaa6615d62eb5baec28bb,vqe_twolocal_4,VQE,4,30,0.0,0.0016198999983316753,0.0,0
b8_c64,8,64,success,exact_zero,0,0,3,0,,0.0010868999997910578,0.0006320000011328375,0.0017189000009238953,30,30,0.0,not_run_in_development_grid,59fbafb4a84f6e3bf7095d58daa93081c2109f6d48baaa6615d62eb5baec28bb,vqe_twolocal_4,VQE,4,30,0.0,0.0016198999983316753,0.0,0
b32_c64,32,64,success,exact_zero,0,0,3,0,,0.0008791999989625765,0.0005208000002312474,0.001399999999193824,30,30,0.0,not_run_in_development_grid,59fbafb4a84f6e3bf7095d58daa93081c2109f6d48baaa6615d62eb5baec28bb,vqe_twolocal_4,VQE,4,30,0.0,0.0016198999983316753,0.0,0
b1_c256,1,256,success,exact_zero,0,0,3,0,,0.0007351000003836816,0.0005232999992585974,0.001258399999642279,30,30,0.0,not_run_in_development_grid,59fbafb4a84f6e3bf7095d58daa93081c2109f6d48baaa6615d62eb5baec28bb,vqe_twolocal_4,VQE,4,30,0.0,0.0016198999983316753,0.0,0
b8_c256,8,256,success,exact_zero,0,0,3,0,,0.0008080000006884802,0.0005184000001463573,0.0013264000008348376,30,30,0.0,not_run_in_development_grid,59fbafb4a84f6e3bf7095d58daa93081c2109f6d48baaa6615d62eb5baec28bb,vqe_twolocal_4,VQE,4,30,0.0,0.0016198999983316753,0.0,0
b32_c256,32,256,success,exact_zero,0,0,3,0,,0.0007066999987728195,0.0005041000003984664,0.0012107999991712859,30,30,0.0,not_run_in_development_grid,59fbafb4a84f6e3bf7095d58daa93081c2109f6d48baaa6615d62eb5baec28bb,vqe_twolocal_4,VQE,4,30,0.0,0.0016198999983316753,0.0,0
b1_c64,1,64,success,exact_zero,0,0,5,0,,0.0009515000001556473,0.0008015000003069872,0.0017530000004626345,46,46,0.0,not_run_in_development_grid,6844da2119d733a01e2a77eb368d455c86913e069a73316edac258bedf73a884,vqe_twolocal_6,VQE,6,46,0.0,0.0016321999992214842,0.0,0
b8_c64,8,64,success,exact_zero,0,0,5,0,,0.0008484999998472631,0.0007544999989477219,0.001602999998794985,46,46,0.0,not_run_in_development_grid,6844da2119d733a01e2a77eb368d455c86913e069a73316edac258bedf73a884,vqe_twolocal_6,VQE,6,46,0.0,0.0016321999992214842,0.0,0
b32_c64,32,64,success,exact_zero,0,0,5,0,,0.0007678999991185265,0.0007664999993721722,0.0015343999984906986,46,46,0.0,not_run_in_development_grid,6844da2119d733a01e2a77eb368d455c86913e069a73316edac258bedf73a884,vqe_twolocal_6,VQE,6,46,0.0,0.0016321999992214842,0.0,0
b1_c256,1,256,success,exact_zero,0,0,5,0,,0.0007814000000507804,0.0012670000014622929,0.0020484000015130732,46,46,0.0,not_run_in_development_grid,6844da2119d733a01e2a77eb368d455c86913e069a73316edac258bedf73a884,vqe_twolocal_6,VQE,6,46,0.0,0.0016321999992214842,0.0,0
b8_c256,8,256,success,exact_zero,0,0,5,0,,0.0012120999999751803,0.0007628000003023772,0.0019749000002775574,46,46,0.0,not_run_in_development_grid,6844da2119d733a01e2a77eb368d455c86913e069a73316edac258bedf73a884,vqe_twolocal_6,VQE,6,46,0.0,0.0016321999992214842,0.0,0
b32_c256,32,256,success,exact_zero,0,0,5,0,,0.0007870999997976469,0.0007637999988219235,0.0015508999986195704,46,46,0.0,not_run_in_development_grid,6844da2119d733a01e2a77eb368d455c86913e069a73316edac258bedf73a884,vqe_twolocal_6,VQE,6,46,0.0,0.0016321999992214842,0.0,0
b1_c64,1,64,success,truncated,132,128,148923,2,conservative_overlap_check_budget_predicted:20000000:2190159,0.048531200000070385,0.0755286999992677,0.12405989999933809,3922,3790,0.03365629780724122,not_run_in_development_grid,272804f10f95ecb2895a565280f8594781730f41735af2d503194d428323e8a2,qwalk_6,QuantumWalk,7,3790,0.03365629780724122,0.10444099999767786,0.0,1
b8_c64,8,64,success,truncated,132,128,148923,2,conservative_overlap_check_budget_predicted:20000000:2190159,0.4676400000007561,0.0674364999995305,0.5350765000002866,3922,3790,0.03365629780724122,not_run_in_development_grid,272804f10f95ecb2895a565280f8594781730f41735af2d503194d428323e8a2,qwalk_6,QuantumWalk,7,3790,0.03365629780724122,0.10444099999767786,0.0,1
b32_c64,32,64,success,truncated,132,128,148923,2,conservative_overlap_check_budget_predicted:20000000:2190159,1.3323208000001614,0.06900450000102865,1.40132530000119,3922,3790,0.03365629780724122,not_run_in_development_grid,272804f10f95ecb2895a565280f8594781730f41735af2d503194d428323e8a2,qwalk_6,QuantumWalk,7,3790,0.03365629780724122,0.10444099999767786,0.0,1
b1_c256,1,256,success,exact,132,132,148923,0,conservative_overlap_check_budget_predicted:20000000:2190159,0.048376199998529046,0.0679325000000972,0.11630869999862625,3922,3790,0.03365629780724122,not_run_in_development_grid,272804f10f95ecb2895a565280f8594781730f41735af2d503194d428323e8a2,qwalk_6,QuantumWalk,7,3790,0.03365629780724122,0.10444099999767786,0.0,1
b8_c256,8,256,success,exact,132,132,148923,0,conservative_overlap_check_budget_predicted:20000000:2190159,0.48906929999975546,0.06789410000055796,0.5569634000003134,3922,3790,0.03365629780724122,not_run_in_development_grid,272804f10f95ecb2895a565280f8594781730f41735af2d503194d428323e8a2,qwalk_6,QuantumWalk,7,3790,0.03365629780724122,0.10444099999767786,0.0,1
b32_c256,32,256,success,exact,132,132,148923,0,conservative_overlap_check_budget_predicted:20000000:2190159,1.3043710999991163,0.06740800000079616,1.3717790999999124,3922,3790,0.03365629780724122,not_run_in_development_grid,272804f10f95ecb2895a565280f8594781730f41735af2d503194d428323e8a2,qwalk_6,QuantumWalk,7,3790,0.03365629780724122,0.10444099999767786,0.0,1
b1_c64,1,64,success,exact_zero,0,0,17,0,,0.0011067000014008954,0.0005259000008663861,0.0016326000022672815,34,34,0.0,not_run_in_development_grid,adbb48a0ef0579f1930cd5635450dda6ac0134b70ed705fee57896785a5c920c,hardware_eff_6,HardwareEfficient,6,34,0.0,0.0016061000005720416,0.0,0
b8_c64,8,64,success,exact_zero,0,0,17,0,,0.0007426000011037104,0.0005063000007794471,0.0012489000018831575,34,34,0.0,not_run_in_development_grid,adbb48a0ef0579f1930cd5635450dda6ac0134b70ed705fee57896785a5c920c,hardware_eff_6,HardwareEfficient,6,34,0.0,0.0016061000005720416,0.0,0
b32_c64,32,64,success,exact_zero,0,0,17,0,,0.0008976999997685198,0.0005239000001893146,0.0014215999999578344,34,34,0.0,not_run_in_development_grid,adbb48a0ef0579f1930cd5635450dda6ac0134b70ed705fee57896785a5c920c,hardware_eff_6,HardwareEfficient,6,34,0.0,0.0016061000005720416,0.0,0
b1_c256,1,256,success,exact_zero,0,0,17,0,,0.0011126999997941311,0.0006072999985917704,0.0017199999983859016,34,34,0.0,not_run_in_development_grid,adbb48a0ef0579f1930cd5635450dda6ac0134b70ed705fee57896785a5c920c,hardware_eff_6,HardwareEfficient,6,34,0.0,0.0016061000005720416,0.0,0
b8_c256,8,256,success,exact_zero,0,0,17,0,,0.000787000000855187,0.0005111999998916872,0.0012982000007468741,34,34,0.0,not_run_in_development_grid,adbb48a0ef0579f1930cd5635450dda6ac0134b70ed705fee57896785a5c920c,hardware_eff_6,HardwareEfficient,6,34,0.0,0.0016061000005720416,0.0,0
b32_c256,32,256,success,exact_zero,0,0,17,0,,0.0007217000002128771,0.0005913000004511559,0.001313000000664033,34,34,0.0,not_run_in_development_grid,adbb48a0ef0579f1930cd5635450dda6ac0134b70ed705fee57896785a5c920c,hardware_eff_6,HardwareEfficient,6,34,0.0,0.0016061000005720416,0.0,0
b1_c64,1,64,success,exact_zero,0,0,1,0,,0.0007298000000446336,0.0001739999988785712,0.0009037999989232048,13,13,0.0,not_run_in_development_grid,b5ac35a68d5e59c46c6564e09d414ba98d05d318ac2cd28aaf6914b943c91c9b,surface_code_8,SurfaceCode,9,13,0.0,0.00038080000012996607,0.0,0
b8_c64,8,64,success,exact_zero,0,0,1,0,,0.0009272999996028375,0.00025239999922632705,0.0011796999988291645,13,13,0.0,not_run_in_development_grid,b5ac35a68d5e59c46c6564e09d414ba98d05d318ac2cd28aaf6914b943c91c9b,surface_code_8,SurfaceCode,9,13,0.0,0.00038080000012996607,0.0,0
b32_c64,32,64,success,exact_zero,0,0,1,0,,0.0009284000007028226,0.00017110000044340268,0.0010995000011462253,13,13,0.0,not_run_in_development_grid,b5ac35a68d5e59c46c6564e09d414ba98d05d318ac2cd28aaf6914b943c91c9b,surface_code_8,SurfaceCode,9,13,0.0,0.00038080000012996607,0.0,0
b1_c256,1,256,success,exact_zero,0,0,1,0,,0.0007051000011415454,0.00016460000006190967,0.000869700001203455,13,13,0.0,not_run_in_development_grid,b5ac35a68d5e59c46c6564e09d414ba98d05d318ac2cd28aaf6914b943c91c9b,surface_code_8,SurfaceCode,9,13,0.0,0.00038080000012996607,0.0,0
b8_c256,8,256,success,exact_zero,0,0,1,0,,0.0006656000005023088,0.0001596000001882203,0.0008252000006905291,13,13,0.0,not_run_in_development_grid,b5ac35a68d5e59c46c6564e09d414ba98d05d318ac2cd28aaf6914b943c91c9b,surface_code_8,SurfaceCode,9,13,0.0,0.00038080000012996607,0.0,0
b32_c256,32,256,success,exact_zero,0,0,1,0,,0.000668700000460376,0.00016689999938535038,0.0008355999998457264,13,13,0.0,not_run_in_development_grid,b5ac35a68d5e59c46c6564e09d414ba98d05d318ac2cd28aaf6914b943c91c9b,surface_code_8,SurfaceCode,9,13,0.0,0.00038080000012996607,0.0,0
b1_c64,1,64,success,truncated,252,128,1127757,62,conservative_overlap_check_budget_predicted:20000000:18299781,0.5352464000006876,0.24906820000069274,0.7843146000013803,12046,11794,0.0209198074049477,not_run_in_development_grid,37cdb70bdc0a40384c6a1a0824df270d7d181388d831d4788c2d190a5106be0d,qwalk_8,QuantumWalk,9,11794,0.0209198074049477,0.3310614000001806,0.0,1
b8_c64,8,64,success,truncated,252,128,1127757,62,conservative_overlap_check_budget_predicted:20000000:18299781,1.781450299999051,0.20645150000018475,1.9879017999992357,12046,11794,0.0209198074049477,not_run_in_development_grid,37cdb70bdc0a40384c6a1a0824df270d7d181388d831d4788c2d190a5106be0d,qwalk_8,QuantumWalk,9,11794,0.0209198074049477,0.3310614000001806,0.0,1
b32_c64,32,64,success,truncated,252,128,1127757,62,conservative_overlap_check_budget_predicted:20000000:18299781,6.742573999999877,0.21137869999984105,6.953952699999718,12046,11794,0.0209198074049477,not_run_in_development_grid,37cdb70bdc0a40384c6a1a0824df270d7d181388d831d4788c2d190a5106be0d,qwalk_8,QuantumWalk,9,11794,0.0209198074049477,0.3310614000001806,0.0,1
b1_c256,1,256,success,exact,252,252,1127757,0,conservative_overlap_check_budget_predicted:20000000:18299781,0.5827738999996654,0.2126802000002499,0.7954540999999153,12046,11794,0.0209198074049477,not_run_in_development_grid,37cdb70bdc0a40384c6a1a0824df270d7d181388d831d4788c2d190a5106be0d,qwalk_8,QuantumWalk,9,11794,0.0209198074049477,0.3310614000001806,0.0,1
b8_c256,8,256,success,exact,252,252,1127757,0,conservative_overlap_check_budget_predicted:20000000:18299781,2.3405997999998363,0.21339690000058908,2.5539967000004253,12046,11794,0.0209198074049477,not_run_in_development_grid,37cdb70bdc0a40384c6a1a0824df270d7d181388d831d4788c2d190a5106be0d,qwalk_8,QuantumWalk,9,11794,0.0209198074049477,0.3310614000001806,0.0,1
b32_c256,32,256,success,exact,252,252,1127757,0,conservative_overlap_check_budget_predicted:20000000:18299781,7.999599800001306,0.22966409999935422,8.22926390000066,12046,11794,0.0209198074049477,not_run_in_development_grid,37cdb70bdc0a40384c6a1a0824df270d7d181388d831d4788c2d190a5106be0d,qwalk_8,QuantumWalk,9,11794,0.0209198074049477,0.3310614000001806,0.0,1
b1_c64,1,64,success,exact,4,4,12,0,,0.001205499998832238,0.00041319999945699237,0.0016186999982892303,30,26,0.1333333333333333,not_run_in_development_grid,6a3bfdb78a913f36bec2d7b63d723fb999cfb365f557915f888a35b62c45de5f,clifford_4,RandomClifford,4,26,0.1333333333333333,0.00075960000140185,0.0,1
b8_c64,8,64,success,exact,4,4,12,0,,0.0009024999999382999,0.0003350000006321352,0.001237500000570435,30,26,0.1333333333333333,not_run_in_development_grid,6a3bfdb78a913f36bec2d7b63d723fb999cfb365f557915f888a35b62c45de5f,clifford_4,RandomClifford,4,26,0.1333333333333333,0.00075960000140185,0.0,1
b32_c64,32,64,success,exact,4,4,12,0,,0.0008027999992918922,0.0003916000005119713,0.0011943999998038635,30,26,0.1333333333333333,not_run_in_development_grid,6a3bfdb78a913f36bec2d7b63d723fb999cfb365f557915f888a35b62c45de5f,clifford_4,RandomClifford,4,26,0.1333333333333333,0.00075960000140185,0.0,1
b1_c256,1,256,success,exact,4,4,12,0,,0.001135299999077688,0.0003378000001248438,0.0014730999992025318,30,26,0.1333333333333333,not_run_in_development_grid,6a3bfdb78a913f36bec2d7b63d723fb999cfb365f557915f888a35b62c45de5f,clifford_4,RandomClifford,4,26,0.1333333333333333,0.00075960000140185,0.0,1
b8_c256,8,256,success,exact,4,4,12,0,,0.0007757000003039138,0.00033289999919361435,0.0011085999994975282,30,26,0.1333333333333333,not_run_in_development_grid,6a3bfdb78a913f36bec2d7b63d723fb999cfb365f557915f888a35b62c45de5f,clifford_4,RandomClifford,4,26,0.1333333333333333,0.00075960000140185,0.0,1
b32_c256,32,256,success,exact,4,4,12,0,,0.0007412000013573561,0.0003359000002092216,0.0010771000015665777,30,26,0.1333333333333333,not_run_in_development_grid,6a3bfdb78a913f36bec2d7b63d723fb999cfb365f557915f888a35b62c45de5f,clifford_4,RandomClifford,4,26,0.1333333333333333,0.00075960000140185,0.0,1
b1_c64,1,64,success,exact_zero,0,0,23,0,,0.0008355999998457264,0.0008455000006506452,0.0016811000004963716,46,46,0.0,not_run_in_development_grid,43bca13faef5c6cfe77a9608604ef4b0638bd1866f694ba91570d8417f61f6dc,hardware_eff_8,HardwareEfficient,8,46,0.0,0.001135200000135228,0.0,0
b8_c64,8,64,success,exact_zero,0,0,23,0,,0.0016056999993452337,0.000668799999402836,0.0022744999987480696,46,46,0.0,not_run_in_development_grid,43bca13faef5c6cfe77a9608604ef4b0638bd1866f694ba91570d8417f61f6dc,hardware_eff_8,HardwareEfficient,8,46,0.0,0.001135200000135228,0.0,0
b32_c64,32,64,success,exact_zero,0,0,23,0,,0.0007624999998370185,0.0006673999996564817,0.0014298999994935002,46,46,0.0,not_run_in_development_grid,43bca13faef5c6cfe77a9608604ef4b0638bd1866f694ba91570d8417f61f6dc,hardware_eff_8,HardwareEfficient,8,46,0.0,0.001135200000135228,0.0,0
b1_c256,1,256,success,exact_zero,0,0,23,0,,0.0007427999989886303,0.0006778000006306684,0.0014205999996192986,46,46,0.0,not_run_in_development_grid,43bca13faef5c6cfe77a9608604ef4b0638bd1866f694ba91570d8417f61f6dc,hardware_eff_8,HardwareEfficient,8,46,0.0,0.001135200000135228,0.0,0
b8_c256,8,256,success,exact_zero,0,0,23,0,,0.0007621000004292,0.0007029000007605646,0.0014650000011897646,46,46,0.0,not_run_in_development_grid,43bca13faef5c6cfe77a9608604ef4b0638bd1866f694ba91570d8417f61f6dc,hardware_eff_8,HardwareEfficient,8,46,0.0,0.001135200000135228,0.0,0
b32_c256,32,256,success,exact_zero,0,0,23,0,,0.0013383000004978385,0.0012138000001868932,0.0025521000006847316,46,46,0.0,not_run_in_development_grid,43bca13faef5c6cfe77a9608604ef4b0638bd1866f694ba91570d8417f61f6dc,hardware_eff_8,HardwareEfficient,8,46,0.0,0.001135200000135228,0.0,0
b1_c64,1,64,success,exact_zero,0,0,0,0,,0.000951399999394198,0.002649800000654068,0.003601200000048266,36,36,0.0,not_run_in_development_grid,b2f83603b76f95e86e3b51898d6ea360adf3a62f51aa296baf0178913d4108b2,qft_8,QFT,8,36,0.0,0.002186400000937283,0.0,0
b8_c64,8,64,success,exact_zero,0,0,0,0,,0.0011062000012316275,0.0017793999995774357,0.002885600000809063,36,36,0.0,not_run_in_development_grid,b2f83603b76f95e86e3b51898d6ea360adf3a62f51aa296baf0178913d4108b2,qft_8,QFT,8,36,0.0,0.002186400000937283,0.0,0
b32_c64,32,64,success,exact_zero,0,0,0,0,,0.0008539000009477604,0.0018877000002248678,0.0027416000011726283,36,36,0.0,not_run_in_development_grid,b2f83603b76f95e86e3b51898d6ea360adf3a62f51aa296baf0178913d4108b2,qft_8,QFT,8,36,0.0,0.002186400000937283,0.0,0
b1_c256,1,256,success,exact_zero,0,0,0,0,,0.0008241000014095334,0.0018770999995467719,0.0027012000009563053,36,36,0.0,not_run_in_development_grid,b2f83603b76f95e86e3b51898d6ea360adf3a62f51aa296baf0178913d4108b2,qft_8,QFT,8,36,0.0,0.002186400000937283,0.0,0
b8_c256,8,256,success,exact_zero,0,0,0,0,,0.0009542000007058959,0.001823400001740083,0.002777600002445979,36,36,0.0,not_run_in_development_grid,b2f83603b76f95e86e3b51898d6ea360adf3a62f51aa296baf0178913d4108b2,qft_8,QFT,8,36,0.0,0.002186400000937283,0.0,0
b32_c256,32,256,success,exact_zero,0,0,0,0,,0.000802099999418715,0.0018603999997139908,0.002662499999132706,36,36,0.0,not_run_in_development_grid,b2f83603b76f95e86e3b51898d6ea360adf3a62f51aa296baf0178913d4108b2,qft_8,QFT,8,36,0.0,0.002186400000937283,0.0,0
b1_c64,1,64,success,exact_zero,0,0,0,0,,0.0014554999997926643,0.00018210000052931719,0.0016376000003219815,12,12,0.0,not_run_in_development_grid,701484a18ee7e28286cedd323ee9dc71b83cfa896d35865ca7cdab0545cc5b6a,adder_6,Adder,7,12,0.0,0.0006458000007114606,0.0,0
b8_c64,8,64,success,exact_zero,0,0,0,0,,0.0007243000000016764,0.00017440000010537915,0.0008987000001070555,12,12,0.0,not_run_in_development_grid,701484a18ee7e28286cedd323ee9dc71b83cfa896d35865ca7cdab0545cc5b6a,adder_6,Adder,7,12,0.0,0.0006458000007114606,0.0,0
b32_c64,32,64,success,exact_zero,0,0,0,0,,0.0007184999994933605,0.00029769999855489004,0.0010161999980482506,12,12,0.0,not_run_in_development_grid,701484a18ee7e28286cedd323ee9dc71b83cfa896d35865ca7cdab0545cc5b6a,adder_6,Adder,7,12,0.0,0.0006458000007114606,0.0,0
b1_c256,1,256,success,exact_zero,0,0,0,0,,0.0007040000000415603,0.0001706000002741348,0.0008746000003156951,12,12,0.0,not_run_in_development_grid,701484a18ee7e28286cedd323ee9dc71b83cfa896d35865ca7cdab0545cc5b6a,adder_6,Adder,7,12,0.0,0.0006458000007114606,0.0,0
b8_c256,8,256,success,exact_zero,0,0,0,0,,0.0007084999997459818,0.00016529999993508682,0.0008737999996810686,12,12,0.0,not_run_in_development_grid,701484a18ee7e28286cedd323ee9dc71b83cfa896d35865ca7cdab0545cc5b6a,adder_6,Adder,7,12,0.0,0.0006458000007114606,0.0,0
b32_c256,32,256,success,exact_zero,0,0,0,0,,0.0007015999999566702,0.00016959999993559904,0.0008711999998922693,12,12,0.0,not_run_in_development_grid,701484a18ee7e28286cedd323ee9dc71b83cfa896d35865ca7cdab0545cc5b6a,adder_6,Adder,7,12,0.0,0.0006458000007114606,0.0,0
b1_c64,1,64,success,exact,12,12,218,0,,0.008778299999903538,0.006519700000353623,0.015298000000257161,80,68,0.15000000000000002,not_run_in_development_grid,b4cd6266c1d6b1edd7ea9ea096d9648f4a7ea3feb36e3428f392b9ca88c53b4a,uccsd_8,UCCSD_inspired,8,68,0.15000000000000002,0.011056200000894023,0.0,1
b8_c64,8,64,success,exact,12,12,218,0,,0.008762900000874652,0.006396400000085123,0.015159300000959774,80,68,0.15000000000000002,not_run_in_development_grid,b4cd6266c1d6b1edd7ea9ea096d9648f4a7ea3feb36e3428f392b9ca88c53b4a,uccsd_8,UCCSD_inspired,8,68,0.15000000000000002,0.011056200000894023,0.0,1
b32_c64,32,64,success,exact,12,12,218,0,,0.007501500000216765,0.0054233999999269145,0.01292490000014368,80,68,0.15000000000000002,not_run_in_development_grid,b4cd6266c1d6b1edd7ea9ea096d9648f4a7ea3feb36e3428f392b9ca88c53b4a,uccsd_8,UCCSD_inspired,8,68,0.15000000000000002,0.011056200000894023,0.0,1
b1_c256,1,256,success,exact,12,12,218,0,,0.008362700000361656,0.005436900000859168,0.013799600001220824,80,68,0.15000000000000002,not_run_in_development_grid,b4cd6266c1d6b1edd7ea9ea096d9648f4a7ea3feb36e3428f392b9ca88c53b4a,uccsd_8,UCCSD_inspired,8,68,0.15000000000000002,0.011056200000894023,0.0,1
b8_c256,8,256,success,exact,12,12,218,0,,0.008369500001208507,0.0060142999991512625,0.01438380000035977,80,68,0.15000000000000002,not_run_in_development_grid,b4cd6266c1d6b1edd7ea9ea096d9648f4a7ea3feb36e3428f392b9ca88c53b4a,uccsd_8,UCCSD_inspired,8,68,0.15000000000000002,0.011056200000894023,0.0,1
b32_c256,32,256,success,exact,12,12,218,0,,0.007726299998466857,0.005664299998898059,0.013390599997364916,80,68,0.15000000000000002,not_run_in_development_grid,b4cd6266c1d6b1edd7ea9ea096d9648f4a7ea3feb36e3428f392b9ca88c53b4a,uccsd_8,UCCSD_inspired,8,68,0.15000000000000002,0.011056200000894023,0.0,1
b1_c64,1,64,success,exact,6,6,17,0,,0.001271400000405265,0.0013091000000713393,0.0025805000004766043,30,24,0.19999999999999996,not_run_in_development_grid,0fd6af0acc8eee48624686a699bf40efbe937b9bf892e969565c84409f02f473,iqp_6,IQP,6,27,0.09999999999999998,0.001145800000813324,9.999999999999998,1
b8_c64,8,64,success,exact,6,6,17,0,,0.0016896999986784067,0.0010056999999505933,0.002695399998629,30,24,0.19999999999999996,not_run_in_development_grid,0fd6af0acc8eee48624686a699bf40efbe937b9bf892e969565c84409f02f473,iqp_6,IQP,6,27,0.09999999999999998,0.001145800000813324,9.999999999999998,1
b32_c64,32,64,success,exact,6,6,17,0,,0.0010990999999194173,0.0009676000008767005,0.002066700000796118,30,24,0.19999999999999996,not_run_in_development_grid,0fd6af0acc8eee48624686a699bf40efbe937b9bf892e969565c84409f02f473,iqp_6,IQP,6,27,0.09999999999999998,0.001145800000813324,9.999999999999998,1
b1_c256,1,256,success,exact,6,6,17,0,,0.0011243000008107629,0.000968000000284519,0.002092300001095282,30,24,0.19999999999999996,not_run_in_development_grid,0fd6af0acc8eee48624686a699bf40efbe937b9bf892e969565c84409f02f473,iqp_6,IQP,6,27,0.09999999999999998,0.001145800000813324,9.999999999999998,1
b8_c256,8,256,success,exact,6,6,17,0,,0.001441000000340864,0.0010228999999526422,0.0024639000002935063,30,24,0.19999999999999996,not_run_in_development_grid,0fd6af0acc8eee48624686a699bf40efbe937b9bf892e969565c84409f02f473,iqp_6,IQP,6,27,0.09999999999999998,0.001145800000813324,9.999999999999998,1
b32_c256,32,256,success,exact,6,6,17,0,,0.001222000000780099,0.001420600001438288,0.002642600002218387,30,24,0.19999999999999996,not_run_in_development_grid,0fd6af0acc8eee48624686a699bf40efbe937b9bf892e969565c84409f02f473,iqp_6,IQP,6,27,0.09999999999999998,0.001145800000813324,9.999999999999998,1
b1_c64,1,64,success,exact,8,8,131,0,,0.0028538000005937647,0.001242499998625135,0.0040962999992189,88,80,0.09090909090909094,not_run_in_development_grid,0a90fc5e637b6da47ad2addab3dcc441b7340b4c926ab8292227e140ae48b338,grover_4,Grover,4,80,0.09090909090909094,0.0020201000006636605,0.0,1
b8_c64,8,64,success,exact,8,8,131,0,,0.0026091999989148462,0.0012319999987084884,0.0038411999976233346,88,80,0.09090909090909094,not_run_in_development_grid,0a90fc5e637b6da47ad2addab3dcc441b7340b4c926ab8292227e140ae48b338,grover_4,Grover,4,80,0.09090909090909094,0.0020201000006636605,0.0,1
b32_c64,32,64,success,exact,8,8,131,0,,0.0033932999995158752,0.0016997000002447749,0.00509299999976065,88,80,0.09090909090909094,not_run_in_development_grid,0a90fc5e637b6da47ad2addab3dcc441b7340b4c926ab8292227e140ae48b338,grover_4,Grover,4,80,0.09090909090909094,0.0020201000006636605,0.0,1
b1_c256,1,256,success,exact,8,8,131,0,,0.0027479000000312226,0.001249400000233436,0.003997300000264659,88,80,0.09090909090909094,not_run_in_development_grid,0a90fc5e637b6da47ad2addab3dcc441b7340b4c926ab8292227e140ae48b338,grover_4,Grover,4,80,0.09090909090909094,0.0020201000006636605,0.0,1
b8_c256,8,256,success,exact,8,8,131,0,,0.003399699999135919,0.0012426000012055738,0.004642300000341493,88,80,0.09090909090909094,not_run_in_development_grid,0a90fc5e637b6da47ad2addab3dcc441b7340b4c926ab8292227e140ae48b338,grover_4,Grover,4,80,0.09090909090909094,0.0020201000006636605,0.0,1
b32_c256,32,256,success,exact,8,8,131,0,,0.002520399999411893,0.001285700000153156,0.003806099999565049,88,80,0.09090909090909094,not_run_in_development_grid,0a90fc5e637b6da47ad2addab3dcc441b7340b4c926ab8292227e140ae48b338,grover_4,Grover,4,80,0.09090909090909094,0.0020201000006636605,0.0,1
b1_c64,1,64,success,exact_zero,0,0,0,0,,0.00116139999954612,0.00017150000167021062,0.0013329000012163306,6,6,0.0,not_run_in_development_grid,df499dded1e0518f2f6266b9f0e35d3c81e6057b5ba6e6decbb0f26370e5bb03,ghz_6,GHZ,6,6,0.0,0.00026729999990493525,0.0,0
b8_c64,8,64,success,exact_zero,0,0,0,0,,0.0007628999992448371,0.00011590000030992087,0.000878799999554758,6,6,0.0,not_run_in_development_grid,df499dded1e0518f2f6266b9f0e35d3c81e6057b5ba6e6decbb0f26370e5bb03,ghz_6,GHZ,6,6,0.0,0.00026729999990493525,0.0,0
b32_c64,32,64,success,exact_zero,0,0,0,0,,0.0007153999995352933,0.0001872000011644559,0.0009026000006997492,6,6,0.0,not_run_in_development_grid,df499dded1e0518f2f6266b9f0e35d3c81e6057b5ba6e6decbb0f26370e5bb03,ghz_6,GHZ,6,6,0.0,0.00026729999990493525,0.0,0
b1_c256,1,256,success,exact_zero,0,0,0,0,,0.0008285000003525056,0.0001145999995060265,0.0009430999998585321,6,6,0.0,not_run_in_development_grid,df499dded1e0518f2f6266b9f0e35d3c81e6057b5ba6e6decbb0f26370e5bb03,ghz_6,GHZ,6,6,0.0,0.00026729999990493525,0.0,0
b8_c256,8,256,success,exact_zero,0,0,0,0,,0.0009470999993936857,0.00011129999984405003,0.0010583999992377358,6,6,0.0,not_run_in_development_grid,df499dded1e0518f2f6266b9f0e35d3c81e6057b5ba6e6decbb0f26370e5bb03,ghz_6,GHZ,6,6,0.0,0.00026729999990493525,0.0,0
b32_c256,32,256,success,exact_zero,0,0,0,0,,0.0006632000004174188,0.00010780000047816429,0.0007710000008955831,6,6,0.0,not_run_in_development_grid,df499dded1e0518f2f6266b9f0e35d3c81e6057b5ba6e6decbb0f26370e5bb03,ghz_6,GHZ,6,6,0.0,0.00026729999990493525,0.0,0
b1_c64,1,64,success,exact_zero,0,0,18,0,,0.0014135000001260778,0.00047649999942223076,0.0018899999995483086,30,30,0.0,not_run_in_development_grid,4089615b62e2dc0c0b1b7723660abedb66020a4036e6d847a938a772d0d6172b,qaoa_line_4,QAOA,4,30,0.0,0.0011123000003863126,0.0,0
b8_c64,8,64,success,exact_zero,0,0,18,0,,0.0007629000010638265,0.000464000000647502,0.0012269000017113285,30,30,0.0,not_run_in_development_grid,4089615b62e2dc0c0b1b7723660abedb66020a4036e6d847a938a772d0d6172b,qaoa_line_4,QAOA,4,30,0.0,0.0011123000003863126,0.0,0
b32_c64,32,64,success,exact_zero,0,0,18,0,,0.00072589999945194,0.0004608999988704454,0.0011867999983223854,30,30,0.0,not_run_in_development_grid,4089615b62e2dc0c0b1b7723660abedb66020a4036e6d847a938a772d0d6172b,qaoa_line_4,QAOA,4,30,0.0,0.0011123000003863126,0.0,0
b1_c256,1,256,success,exact_zero,0,0,18,0,,0.0007052999990264652,0.0006898999999975786,0.0013951999990240438,30,30,0.0,not_run_in_development_grid,4089615b62e2dc0c0b1b7723660abedb66020a4036e6d847a938a772d0d6172b,qaoa_line_4,QAOA,4,30,0.0,0.0011123000003863126,0.0,0
b8_c256,8,256,success,exact_zero,0,0,18,0,,0.0007741999997961102,0.0004850999994232552,0.0012592999992193654,30,30,0.0,not_run_in_development_grid,4089615b62e2dc0c0b1b7723660abedb66020a4036e6d847a938a772d0d6172b,qaoa_line_4,QAOA,4,30,0.0,0.0011123000003863126,0.0,0
b32_c256,32,256,success,exact_zero,0,0,18,0,,0.0010657999991963152,0.0005416000003606314,0.0016073999995569466,30,30,0.0,not_run_in_development_grid,4089615b62e2dc0c0b1b7723660abedb66020a4036e6d847a938a772d0d6172b,qaoa_line_4,QAOA,4,30,0.0,0.0011123000003863126,0.0,0
b1_c64,1,64,success,exact,18,18,9809,0,,1.1104504999984783,0.020984799999496317,1.1314352999979747,1126,1108,0.01598579040852577,not_run_in_development_grid,1b84760a272ee5b898d6856ea47d7309859a0aaa27c6d9f54caa0a3ca7965d66,grover_8,Grover,8,1108,0.01598579040852577,0.02727259999846865,0.0,1
b8_c64,8,64,success,exact,18,18,9809,0,,1.1190638999996736,0.017743599999448634,1.1368074999991222,1126,1108,0.01598579040852577,not_run_in_development_grid,1b84760a272ee5b898d6856ea47d7309859a0aaa27c6d9f54caa0a3ca7965d66,grover_8,Grover,8,1108,0.01598579040852577,0.02727259999846865,0.0,1
b32_c64,32,64,success,exact,18,18,9809,0,,1.141326000000845,0.023409500001434935,1.1647355000022799,1126,1108,0.01598579040852577,not_run_in_development_grid,1b84760a272ee5b898d6856ea47d7309859a0aaa27c6d9f54caa0a3ca7965d66,grover_8,Grover,8,1108,0.01598579040852577,0.02727259999846865,0.0,1
b1_c256,1,256,success,exact,18,18,9809,0,,1.096956000001228,0.018142799999623094,1.115098800000851,1126,1108,0.01598579040852577,not_run_in_development_grid,1b84760a272ee5b898d6856ea47d7309859a0aaa27c6d9f54caa0a3ca7965d66,grover_8,Grover,8,1108,0.01598579040852577,0.02727259999846865,0.0,1
b8_c256,8,256,success,exact,18,18,9809,0,,1.1052717000002303,0.01895900000090478,1.1242307000011351,1126,1108,0.01598579040852577,not_run_in_development_grid,1b84760a272ee5b898d6856ea47d7309859a0aaa27c6d9f54caa0a3ca7965d66,grover_8,Grover,8,1108,0.01598579040852577,0.02727259999846865,0.0,1
b32_c256,32,256,success,exact,18,18,9809,0,,1.171925700000429,0.017999000001509557,1.1899247000019386,1126,1108,0.01598579040852577,not_run_in_development_grid,1b84760a272ee5b898d6856ea47d7309859a0aaa27c6d9f54caa0a3ca7965d66,grover_8,Grover,8,1108,0.01598579040852577,0.02727259999846865,0.0,1
b1_c64,1,64,success,exact_zero,0,0,1,0,,0.0012382000004436122,0.00017110000044340268,0.001409300000887015,10,10,0.0,not_run_in_development_grid,efe05a598852b28e2f1b7f34b2184f3989d4eb2ea9ee1ee00b340a751d905e75,surface_code_7,SurfaceCode,8,10,0.0,0.000497900000482332,0.0,0
b8_c64,8,64,success,exact_zero,0,0,1,0,,0.0008385000000998843,0.00017449999904783908,0.0010129999991477234,10,10,0.0,not_run_in_development_grid,efe05a598852b28e2f1b7f34b2184f3989d4eb2ea9ee1ee00b340a751d905e75,surface_code_7,SurfaceCode,8,10,0.0,0.000497900000482332,0.0,0
b32_c64,32,64,success,exact_zero,0,0,1,0,,0.0007083000000420725,0.00014989999908721074,0.0008581999991292832,10,10,0.0,not_run_in_development_grid,efe05a598852b28e2f1b7f34b2184f3989d4eb2ea9ee1ee00b340a751d905e75,surface_code_7,SurfaceCode,8,10,0.0,0.000497900000482332,0.0,0
b1_c256,1,256,success,exact_zero,0,0,1,0,,0.0007968999998411164,0.0003324999997857958,0.0011293999996269122,10,10,0.0,not_run_in_development_grid,efe05a598852b28e2f1b7f34b2184f3989d4eb2ea9ee1ee00b340a751d905e75,surface_code_7,SurfaceCode,8,10,0.0,0.000497900000482332,0.0,0
b8_c256,8,256,success,exact_zero,0,0,1,0,,0.0015156999997998355,0.00015009999879112002,0.0016657999985909555,10,10,0.0,not_run_in_development_grid,efe05a598852b28e2f1b7f34b2184f3989d4eb2ea9ee1ee00b340a751d905e75,surface_code_7,SurfaceCode,8,10,0.0,0.000497900000482332,0.0,0
b32_c256,32,256,success,exact_zero,0,0,1,0,,0.0007554999992862577,0.0001432999997632578,0.0008987999990495155,10,10,0.0,not_run_in_development_grid,efe05a598852b28e2f1b7f34b2184f3989d4eb2ea9ee1ee00b340a751d905e75,surface_code_7,SurfaceCode,8,10,0.0,0.000497900000482332,0.0,0
b1_c64,1,64,success,exact_zero,0,0,0,0,,0.0009332000008726027,0.0004490000010264339,0.0013822000018990366,10,10,0.0,not_run_in_development_grid,ec754f7e3892ee8ca405ace36ffa2cf3d8489863d2f83852f623de773dd94b1e,qft_4,QFT,4,10,0.0,0.0006427000007533934,0.0,0
b8_c64,8,64,success,exact_zero,0,0,0,0,,0.0007249999998748535,0.0004427999992913101,0.0011677999991661636,10,10,0.0,not_run_in_development_grid,ec754f7e3892ee8ca405ace36ffa2cf3d8489863d2f83852f623de773dd94b1e,qft_4,QFT,4,10,0.0,0.0006427000007533934,0.0,0
b32_c64,32,64,success,exact_zero,0,0,0,0,,0.0007043000005069189,0.0008393999996769708,0.0015437000001838896,10,10,0.0,not_run_in_development_grid,ec754f7e3892ee8ca405ace36ffa2cf3d8489863d2f83852f623de773dd94b1e,qft_4,QFT,4,10,0.0,0.0006427000007533934,0.0,0
b1_c256,1,256,success,exact_zero,0,0,0,0,,0.0013221999997767853,0.00045449999925040174,0.001776699999027187,10,10,0.0,not_run_in_development_grid,ec754f7e3892ee8ca405ace36ffa2cf3d8489863d2f83852f623de773dd94b1e,qft_4,QFT,4,10,0.0,0.0006427000007533934,0.0,0
b8_c256,8,256,success,exact_zero,0,0,0,0,,0.0007798999995429767,0.0006230000017239945,0.0014029000012669712,10,10,0.0,not_run_in_development_grid,ec754f7e3892ee8ca405ace36ffa2cf3d8489863d2f83852f623de773dd94b1e,qft_4,QFT,4,10,0.0,0.0006427000007533934,0.0,0
b32_c256,32,256,success,exact_zero,0,0,0,0,,0.000694800000928808,0.0007677000012336066,0.0014625000021624146,10,10,0.0,not_run_in_development_grid,ec754f7e3892ee8ca405ace36ffa2cf3d8489863d2f83852f623de773dd94b1e,qft_4,QFT,4,10,0.0,0.0006427000007533934,0.0,0
b1_c64,1,64,success,exact,6,6,23,0,,0.0009288999990531011,0.0007946999994601356,0.0017235999985132366,46,40,0.13043478260869568,not_run_in_development_grid,e26eca49b8903c7b025bb5c3be2146eaa21c6fab5a1606c2bb182de89c74b664,clifford_6,RandomClifford,6,40,0.13043478260869568,0.0009477000021433923,0.0,1
b8_c64,8,64,success,exact,6,6,23,0,,0.0015543999998044455,0.0004893999994237674,0.002043799999228213,46,40,0.13043478260869568,not_run_in_development_grid,e26eca49b8903c7b025bb5c3be2146eaa21c6fab5a1606c2bb182de89c74b664,clifford_6,RandomClifford,6,40,0.13043478260869568,0.0009477000021433923,0.0,1
b32_c64,32,64,success,exact,6,6,23,0,,0.0008868999993865145,0.00048299999980372377,0.0013698999991902383,46,40,0.13043478260869568,not_run_in_development_grid,e26eca49b8903c7b025bb5c3be2146eaa21c6fab5a1606c2bb182de89c74b664,clifford_6,RandomClifford,6,40,0.13043478260869568,0.0009477000021433923,0.0,1
b1_c256,1,256,success,exact,6,6,23,0,,0.0008311999990837649,0.0004847999989578966,0.0013159999980416615,46,40,0.13043478260869568,not_run_in_development_grid,e26eca49b8903c7b025bb5c3be2146eaa21c6fab5a1606c2bb182de89c74b664,clifford_6,RandomClifford,6,40,0.13043478260869568,0.0009477000021433923,0.0,1
b8_c256,8,256,success,exact,6,6,23,0,,0.0008560000005672919,0.00048570000035397243,0.0013417000009212643,46,40,0.13043478260869568,not_run_in_development_grid,e26eca49b8903c7b025bb5c3be2146eaa21c6fab5a1606c2bb182de89c74b664,clifford_6,RandomClifford,6,40,0.13043478260869568,0.0009477000021433923,0.0,1
b32_c256,32,256,success,exact,6,6,23,0,,0.0008414000003540423,0.0004871000001003267,0.001328500000454369,46,40,0.13043478260869568,not_run_in_development_grid,e26eca49b8903c7b025bb5c3be2146eaa21c6fab5a1606c2bb182de89c74b664,clifford_6,RandomClifford,6,40,0.13043478260869568,0.0009477000021433923,0.0,1
b1_c64,1,64,success,exact,10,10,24,0,,0.006715800000165473,0.0014176999993651407,0.008133499999530613,36,26,0.2777777777777778,not_run_in_development_grid,76380e1d43ba4786b298e59145a5b74e4ad206b97e7bc9815e90e25dce301a8f,iqp_6,IQP,6,33,0.08333333333333337,0.0013473999988491414,19.444444444444443,1
b8_c64,8,64,success,exact,10,10,24,0,,0.00731649999943329,0.0011599000008573057,0.008476400000290596,36,26,0.2777777777777778,not_run_in_development_grid,76380e1d43ba4786b298e59145a5b74e4ad206b97e7bc9815e90e25dce301a8f,iqp_6,IQP,6,33,0.08333333333333337,0.0013473999988491414,19.444444444444443,1
b32_c64,32,64,success,exact,10,10,24,0,,0.007434899998770561,0.0011236999998800457,0.008558599998650607,36,26,0.2777777777777778,not_run_in_development_grid,76380e1d43ba4786b298e59145a5b74e4ad206b97e7bc9815e90e25dce301a8f,iqp_6,IQP,6,33,0.08333333333333337,0.0013473999988491414,19.444444444444443,1
b1_c256,1,256,success,exact,10,10,24,0,,0.006794900000386406,0.001407199999448494,0.0082020999998349,36,26,0.2777777777777778,not_run_in_development_grid,76380e1d43ba4786b298e59145a5b74e4ad206b97e7bc9815e90e25dce301a8f,iqp_6,IQP,6,33,0.08333333333333337,0.0013473999988491414,19.444444444444443,1
b8_c256,8,256,success,exact,10,10,24,0,,0.007109300000593066,0.0010541999999986729,0.008163500000591739,36,26,0.2777777777777778,not_run_in_development_grid,76380e1d43ba4786b298e59145a5b74e4ad206b97e7bc9815e90e25dce301a8f,iqp_6,IQP,6,33,0.08333333333333337,0.0013473999988491414,19.444444444444443,1
b32_c256,32,256,success,exact,10,10,24,0,,0.0058184999998047715,0.001580199999807519,0.00739869999961229,36,26,0.2777777777777778,not_run_in_development_grid,76380e1d43ba4786b298e59145a5b74e4ad206b97e7bc9815e90e25dce301a8f,iqp_6,IQP,6,33,0.08333333333333337,0.0013473999988491414,19.444444444444443,1
b1_c64,1,64,success,exact_zero,0,0,11,0,,0.0009709999994811369,0.00038689999928465113,0.001357899998765788,22,22,0.0,not_run_in_development_grid,6f3c72445c6c7b4ac694c7b6dcacbe9c97681c8c27c6ab4fd6a32ec94a0d5a2e,hardware_eff_4,HardwareEfficient,4,22,0.0,0.000981999997748062,0.0,0
b8_c64,8,64,success,exact_zero,0,0,11,0,,0.0007368999995378545,0.00036249999902793206,0.0010993999985657865,22,22,0.0,not_run_in_development_grid,6f3c72445c6c7b4ac694c7b6dcacbe9c97681c8c27c6ab4fd6a32ec94a0d5a2e,hardware_eff_4,HardwareEfficient,4,22,0.0,0.000981999997748062,0.0,0
b32_c64,32,64,success,exact_zero,0,0,11,0,,0.0007218999999167863,0.00034719999894150533,0.0010690999988582917,22,22,0.0,not_run_in_development_grid,6f3c72445c6c7b4ac694c7b6dcacbe9c97681c8c27c6ab4fd6a32ec94a0d5a2e,hardware_eff_4,HardwareEfficient,4,22,0.0,0.000981999997748062,0.0,0
b1_c256,1,256,success,exact_zero,0,0,11,0,,0.0007243000000016764,0.00036860000000160653,0.001092900000003283,22,22,0.0,not_run_in_development_grid,6f3c72445c6c7b4ac694c7b6dcacbe9c97681c8c27c6ab4fd6a32ec94a0d5a2e,hardware_eff_4,HardwareEfficient,4,22,0.0,0.000981999997748062,0.0,0
b8_c256,8,256,success,exact_zero,0,0,11,0,,0.0011406999983591959,0.00038080000012996607,0.001521499998489162,22,22,0.0,not_run_in_development_grid,6f3c72445c6c7b4ac694c7b6dcacbe9c97681c8c27c6ab4fd6a32ec94a0d5a2e,hardware_eff_4,HardwareEfficient,4,22,0.0,0.000981999997748062,0.0,0
b32_c256,32,256,success,exact_zero,0,0,11,0,,0.0008813999993435573,0.00035489999936544336,0.0012362999987090006,22,22,0.0,not_run_in_development_grid,6f3c72445c6c7b4ac694c7b6dcacbe9c97681c8c27c6ab4fd6a32ec94a0d5a2e,hardware_eff_4,HardwareEfficient,4,22,0.0,0.000981999997748062,0.0,0
b1_c64,1,64,success,exact_zero,0,0,0,0,,0.0007955000000947621,0.0001709000007394934,0.0009664000008342555,12,12,0.0,not_run_in_development_grid,84fde07bd40be8d7a95d24cc510e9db8ab0d019aaad3c30a43907f561b19ebb6,adder_6,Adder,7,12,0.0,0.00042690000009315554,0.0,0
b8_c64,8,64,success,exact_zero,0,0,0,0,,0.0007241000002977671,0.00016629999845463317,0.0008903999987524003,12,12,0.0,not_run_in_development_grid,84fde07bd40be8d7a95d24cc510e9db8ab0d019aaad3c30a43907f561b19ebb6,adder_6,Adder,7,12,0.0,0.00042690000009315554,0.0,0
b32_c64,32,64,success,exact_zero,0,0,0,0,,0.0006726000010530697,0.0001680999994277954,0.0008407000004808651,12,12,0.0,not_run_in_development_grid,84fde07bd40be8d7a95d24cc510e9db8ab0d019aaad3c30a43907f561b19ebb6,adder_6,Adder,7,12,0.0,0.00042690000009315554,0.0,0
b1_c256,1,256,success,exact_zero,0,0,0,0,,0.000681399998939014,0.0002559000004112022,0.0009372999993502162,12,12,0.0,not_run_in_development_grid,84fde07bd40be8d7a95d24cc510e9db8ab0d019aaad3c30a43907f561b19ebb6,adder_6,Adder,7,12,0.0,0.00042690000009315554,0.0,0
b8_c256,8,256,success,exact_zero,0,0,0,0,,0.000981099999989965,0.0001995999991777353,0.0011806999991677003,12,12,0.0,not_run_in_development_grid,84fde07bd40be8d7a95d24cc510e9db8ab0d019aaad3c30a43907f561b19ebb6,adder_6,Adder,7,12,0.0,0.00042690000009315554,0.0,0
b32_c256,32,256,success,exact_zero,0,0,0,0,,0.0007851000009395648,0.0001750999999785563,0.0009602000009181211,12,12,0.0,not_run_in_development_grid,84fde07bd40be8d7a95d24cc510e9db8ab0d019aaad3c30a43907f561b19ebb6,adder_6,Adder,7,12,0.0,0.00042690000009315554,0.0,0
b1_c64,1,64,success,exact,10,10,2395,0,,0.17771499999980733,0.007159599999795319,0.18487459999960265,452,442,0.02212389380530977,not_run_in_development_grid,a8fb890216921697e75dec718450347728fa67236e477ce8e39377128e6df537,grover_6,Grover,6,442,0.02212389380530977,0.011367399998562178,0.0,1
b8_c64,8,64,success,exact,10,10,2395,0,,0.18513870000060706,0.006965000000491273,0.19210370000109833,452,442,0.02212389380530977,not_run_in_development_grid,a8fb890216921697e75dec718450347728fa67236e477ce8e39377128e6df537,grover_6,Grover,6,442,0.02212389380530977,0.011367399998562178,0.0,1
b32_c64,32,64,success,exact,10,10,2395,0,,0.18243619999884686,0.0076277999996818835,0.19006399999852874,452,442,0.02212389380530977,not_run_in_development_grid,a8fb890216921697e75dec718450347728fa67236e477ce8e39377128e6df537,grover_6,Grover,6,442,0.02212389380530977,0.011367399998562178,0.0,1
b1_c256,1,256,success,exact,10,10,2395,0,,0.1828613999987283,0.006978499999604537,0.18983989999833284,452,442,0.02212389380530977,not_run_in_development_grid,a8fb890216921697e75dec718450347728fa67236e477ce8e39377128e6df537,grover_6,Grover,6,442,0.02212389380530977,0.011367399998562178,0.0,1
b8_c256,8,256,success,exact,10,10,2395,0,,0.21882300000106625,0.007303600001250743,0.226126600002317,452,442,0.02212389380530977,not_run_in_development_grid,a8fb890216921697e75dec718450347728fa67236e477ce8e39377128e6df537,grover_6,Grover,6,442,0.02212389380530977,0.011367399998562178,0.0,1
b32_c256,32,256,success,exact,10,10,2395,0,,0.26791729999968084,0.006203199998708442,0.2741204999983893,452,442,0.02212389380530977,not_run_in_development_grid,a8fb890216921697e75dec718450347728fa67236e477ce8e39377128e6df537,grover_6,Grover,6,442,0.02212389380530977,0.011367399998562178,0.0,1
b1_c64,1,64,success,exact,18,18,9819,0,,1.1030529999989085,0.017741400000886642,1.1207943999997951,1130,1112,0.015929203539822967,not_run_in_development_grid,621e78a0d5cbbcbb2a75d4d9755c646061565d0ead3e3cb962144cea9ad7496d,grover_8,Grover,8,1112,0.015929203539822967,0.026117200000953744,0.0,1
b8_c64,8,64,success,exact,18,18,9819,0,,1.1664865000002465,0.017724499999530963,1.1842109999997774,1130,1112,0.015929203539822967,not_run_in_development_grid,621e78a0d5cbbcbb2a75d4d9755c646061565d0ead3e3cb962144cea9ad7496d,grover_8,Grover,8,1112,0.015929203539822967,0.026117200000953744,0.0,1
b32_c64,32,64,success,exact,18,18,9819,0,,1.0896253000009892,0.017804099999921164,1.1074294000009104,1130,1112,0.015929203539822967,not_run_in_development_grid,621e78a0d5cbbcbb2a75d4d9755c646061565d0ead3e3cb962144cea9ad7496d,grover_8,Grover,8,1112,0.015929203539822967,0.026117200000953744,0.0,1
b1_c256,1,256,success,exact,18,18,9819,0,,1.2245607999993808,0.016957199999524164,1.241517999998905,1130,1112,0.015929203539822967,not_run_in_development_grid,621e78a0d5cbbcbb2a75d4d9755c646061565d0ead3e3cb962144cea9ad7496d,grover_8,Grover,8,1112,0.015929203539822967,0.026117200000953744,0.0,1
b8_c256,8,256,success,exact,18,18,9819,0,,1.0924603999992542,0.017936300000656047,1.1103966999999102,1130,1112,0.015929203539822967,not_run_in_development_grid,621e78a0d5cbbcbb2a75d4d9755c646061565d0ead3e3cb962144cea9ad7496d,grover_8,Grover,8,1112,0.015929203539822967,0.026117200000953744,0.0,1
b32_c256,32,256,success,exact,18,18,9819,0,,1.1906675000009272,0.017420800000763847,1.208088300001691,1130,1112,0.015929203539822967,not_run_in_development_grid,621e78a0d5cbbcbb2a75d4d9755c646061565d0ead3e3cb962144cea9ad7496d,grover_8,Grover,8,1112,0.015929203539822967,0.026117200000953744,0.0,1
b1_c64,1,64,success,exact_zero,0,0,1,0,,0.00105489999987185,0.00016710000090824906,0.001222000000780099,11,11,0.0,not_run_in_development_grid,a1b0ba8e9683b6e8fb7f674fec300eb87f2d2387d58f482c81187c497cdc2175,surface_code_8,SurfaceCode,9,11,0.0,0.0006185000002005836,0.0,0
b8_c64,8,64,success,exact_zero,0,0,1,0,,0.0007420999991154531,0.0001537000007374445,0.0008957999998528976,11,11,0.0,not_run_in_development_grid,a1b0ba8e9683b6e8fb7f674fec300eb87f2d2387d58f482c81187c497cdc2175,surface_code_8,SurfaceCode,9,11,0.0,0.0006185000002005836,0.0,0
b32_c64,32,64,success,exact_zero,0,0,1,0,,0.0007034999998722924,0.0001497999983257614,0.0008532999981980538,11,11,0.0,not_run_in_development_grid,a1b0ba8e9683b6e8fb7f674fec300eb87f2d2387d58f482c81187c497cdc2175,surface_code_8,SurfaceCode,9,11,0.0,0.0006185000002005836,0.0,0
b1_c256,1,256,success,exact_zero,0,0,1,0,,0.0006647999998676823,0.00015190000158327166,0.000816700001450954,11,11,0.0,not_run_in_development_grid,a1b0ba8e9683b6e8fb7f674fec300eb87f2d2387d58f482c81187c497cdc2175,surface_code_8,SurfaceCode,9,11,0.0,0.0006185000002005836,0.0,0
b8_c256,8,256,success,exact_zero,0,0,1,0,,0.0006563000006281072,0.00015019999955256935,0.0008065000001806766,11,11,0.0,not_run_in_development_grid,a1b0ba8e9683b6e8fb7f674fec300eb87f2d2387d58f482c81187c497cdc2175,surface_code_8,SurfaceCode,9,11,0.0,0.0006185000002005836,0.0,0
b32_c256,32,256,success,exact_zero,0,0,1,0,,0.0006512999989354284,0.00014879999980621506,0.0008000999987416435,11,11,0.0,not_run_in_development_grid,a1b0ba8e9683b6e8fb7f674fec300eb87f2d2387d58f482c81187c497cdc2175,surface_code_8,SurfaceCode,9,11,0.0,0.0006185000002005836,0.0,0
b1_c64,1,64,success,exact,24,24,84,0,,0.006086999999752152,0.00014799999917158857,0.00623499999892374,24,0,1.0,not_run_in_development_grid,c15ccd1efbe0b71c21464e888a978afbe6b6cf006bd895873c7d9b8e51efbaf0,cnot_chain_4,CNOT,4,0,1.0,0.0005075999997643521,0.0,1
b8_c64,8,64,success,exact,24,24,84,0,,0.006269800000154646,0.00015139999959501438,0.0064211999997496605,24,0,1.0,not_run_in_development_grid,c15ccd1efbe0b71c21464e888a978afbe6b6cf006bd895873c7d9b8e51efbaf0,cnot_chain_4,CNOT,4,0,1.0,0.0005075999997643521,0.0,1
b32_c64,32,64,success,exact,24,24,84,0,,0.006159000000479864,0.00014940000073693227,0.006308400001216796,24,0,1.0,not_run_in_development_grid,c15ccd1efbe0b71c21464e888a978afbe6b6cf006bd895873c7d9b8e51efbaf0,cnot_chain_4,CNOT,4,0,1.0,0.0005075999997643521,0.0,1
b1_c256,1,256,success,exact,24,24,84,0,,0.006770799998776056,0.0001467000001866836,0.0069174999989627395,24,0,1.0,not_run_in_development_grid,c15ccd1efbe0b71c21464e888a978afbe6b6cf006bd895873c7d9b8e51efbaf0,cnot_chain_4,CNOT,4,0,1.0,0.0005075999997643521,0.0,1
b8_c256,8,256,success,exact,24,24,84,0,,0.006634600000325008,0.00021610000112559646,0.006850700001450605,24,0,1.0,not_run_in_development_grid,c15ccd1efbe0b71c21464e888a978afbe6b6cf006bd895873c7d9b8e51efbaf0,cnot_chain_4,CNOT,4,0,1.0,0.0005075999997643521,0.0,1
b32_c256,32,256,success,exact,24,24,84,0,,0.0061981999988347525,0.00014480000027106144,0.006342999999105814,24,0,1.0,not_run_in_development_grid,c15ccd1efbe0b71c21464e888a978afbe6b6cf006bd895873c7d9b8e51efbaf0,cnot_chain_4,CNOT,4,0,1.0,0.0005075999997643521,0.0,1
b1_c64,1,64,success,exact,8,8,22,0,,0.0104207000003953,0.0013935000006313203,0.01181420000102662,34,26,0.23529411764705888,not_run_in_development_grid,411fb287ad09f5ba59dc8928c41c7d63890830c6fb4a8d8bbc17d6aa448f59f5,iqp_6,IQP,6,34,0.0,0.0014694999990751967,23.529411764705888,1
b8_c64,8,64,success,exact,8,8,22,0,,0.008423299999776646,0.0013587999983428745,0.00978209999811952,34,26,0.23529411764705888,not_run_in_development_grid,411fb287ad09f5ba59dc8928c41c7d63890830c6fb4a8d8bbc17d6aa448f59f5,iqp_6,IQP,6,34,0.0,0.0014694999990751967,23.529411764705888,1
b32_c64,32,64,success,exact,8,8,22,0,,0.006698600000163424,0.0013894999992771773,0.008088099999440601,34,26,0.23529411764705888,not_run_in_development_grid,411fb287ad09f5ba59dc8928c41c7d63890830c6fb4a8d8bbc17d6aa448f59f5,iqp_6,IQP,6,34,0.0,0.0014694999990751967,23.529411764705888,1
b1_c256,1,256,success,exact,8,8,22,0,,0.0068322000006446615,0.0018428999992465833,0.008675099999891245,34,26,0.23529411764705888,not_run_in_development_grid,411fb287ad09f5ba59dc8928c41c7d63890830c6fb4a8d8bbc17d6aa448f59f5,iqp_6,IQP,6,34,0.0,0.0014694999990751967,23.529411764705888,1
b8_c256,8,256,success,exact,8,8,22,0,,0.007123599998521968,0.0015371999998023966,0.008660799998324364,34,26,0.23529411764705888,not_run_in_development_grid,411fb287ad09f5ba59dc8928c41c7d63890830c6fb4a8d8bbc17d6aa448f59f5,iqp_6,IQP,6,34,0.0,0.0014694999990751967,23.529411764705888,1
b32_c256,32,256,success,exact,8,8,22,0,,0.007166999999753898,0.001328500000454369,0.008495500000208267,34,26,0.23529411764705888,not_run_in_development_grid,411fb287ad09f5ba59dc8928c41c7d63890830c6fb4a8d8bbc17d6aa448f59f5,iqp_6,IQP,6,34,0.0,0.0014694999990751967,23.529411764705888,1
b1_c64,1,64,success,exact_zero,0,0,1,0,,0.0008062000015343074,0.0002558999985922128,0.0010621000001265202,9,9,0.0,not_run_in_development_grid,3f042fa9b9dbce7185f41afba08f1499752dc0e6949614c29d69df95229d96bd,surface_code_6,SurfaceCode,7,9,0.0,0.0003255000010540243,0.0,0
b8_c64,8,64,success,exact_zero,0,0,1,0,,0.001176399999167188,0.0003037999995285645,0.0014801999986957526,9,9,0.0,not_run_in_development_grid,3f042fa9b9dbce7185f41afba08f1499752dc0e6949614c29d69df95229d96bd,surface_code_6,SurfaceCode,7,9,0.0,0.0003255000010540243,0.0,0
b32_c64,32,64,success,exact_zero,0,0,1,0,,0.0010765999995783204,0.0002299999996466795,0.001306599999225,9,9,0.0,not_run_in_development_grid,3f042fa9b9dbce7185f41afba08f1499752dc0e6949614c29d69df95229d96bd,surface_code_6,SurfaceCode,7,9,0.0,0.0003255000010540243,0.0,0
b1_c256,1,256,success,exact_zero,0,0,1,0,,0.001003600000331062,0.0001412999990861863,0.0011448999994172482,9,9,0.0,not_run_in_development_grid,3f042fa9b9dbce7185f41afba08f1499752dc0e6949614c29d69df95229d96bd,surface_code_6,SurfaceCode,7,9,0.0,0.0003255000010540243,0.0,0
b8_c256,8,256,success,exact_zero,0,0,1,0,,0.0006771000007574912,0.00013529999887396116,0.0008123999996314524,9,9,0.0,not_run_in_development_grid,3f042fa9b9dbce7185f41afba08f1499752dc0e6949614c29d69df95229d96bd,surface_code_6,SurfaceCode,7,9,0.0,0.0003255000010540243,0.0,0
b32_c256,32,256,success,exact_zero,0,0,1,0,,0.0006408999997802312,0.00013030000081926119,0.0007712000005994923,9,9,0.0,not_run_in_development_grid,3f042fa9b9dbce7185f41afba08f1499752dc0e6949614c29d69df95229d96bd,surface_code_6,SurfaceCode,7,9,0.0,0.0003255000010540243,0.0,0
b1_c64,1,64,success,exact_zero,0,0,0,0,,0.0007368000005953945,0.0002531000009184936,0.0009899000015138881,10,10,0.0,not_run_in_development_grid,0639b3b3f7a5228332fd6ea0cb7de6e464b224d886d779e81c774cab81bfce25,adder_6,Adder,7,10,0.0,0.00043510000068636145,0.0,0
b8_c64,8,64,success,exact_zero,0,0,0,0,,0.0012955999991390854,0.00021329999981389847,0.0015088999989529839,10,10,0.0,not_run_in_development_grid,0639b3b3f7a5228332fd6ea0cb7de6e464b224d886d779e81c774cab81bfce25,adder_6,Adder,7,10,0.0,0.00043510000068636145,0.0,0
b32_c64,32,64,success,exact_zero,0,0,0,0,,0.0008780999996815808,0.00015530000018770806,0.0010333999998692889,10,10,0.0,not_run_in_development_grid,0639b3b3f7a5228332fd6ea0cb7de6e464b224d886d779e81c774cab81bfce25,adder_6,Adder,7,10,0.0,0.00043510000068636145,0.0,0
b1_c256,1,256,success,exact_zero,0,0,0,0,,0.0006868000000395114,0.00015160000111791305,0.0008384000011574244,10,10,0.0,not_run_in_development_grid,0639b3b3f7a5228332fd6ea0cb7de6e464b224d886d779e81c774cab81bfce25,adder_6,Adder,7,10,0.0,0.00043510000068636145,0.0,0
b8_c256,8,256,success,exact_zero,0,0,0,0,,0.00065579999863985,0.000149200001033023,0.0008049999996728729,10,10,0.0,not_run_in_development_grid,0639b3b3f7a5228332fd6ea0cb7de6e464b224d886d779e81c774cab81bfce25,adder_6,Adder,7,10,0.0,0.00043510000068636145,0.0,0
b32_c256,32,256,success,exact_zero,0,0,0,0,,0.0006382999999914318,0.00014519999967887998,0.0007834999996703118,10,10,0.0,not_run_in_development_grid,0639b3b3f7a5228332fd6ea0cb7de6e464b224d886d779e81c774cab81bfce25,adder_6,Adder,7,10,0.0,0.00043510000068636145,0.0,0
b1_c64,1,64,success,exact_zero,0,0,822,0,,0.0033096999995905207,0.0031799999997019768,0.0064896999992924975,226,226,0.0,not_run_in_development_grid,adb7f9987b9b0c05e801b5fd0511f99788c5efa1cba7a076de804d89d6620b85,qwalk_3,QuantumWalk,4,226,0.0,0.005098500001622597,0.0,0
b8_c64,8,64,success,exact_zero,0,0,822,0,,0.0033244999995076796,0.0028240000010555377,0.006148500000563217,226,226,0.0,not_run_in_development_grid,adb7f9987b9b0c05e801b5fd0511f99788c5efa1cba7a076de804d89d6620b85,qwalk_3,QuantumWalk,4,226,0.0,0.005098500001622597,0.0,0
b32_c64,32,64,success,exact_zero,0,0,822,0,,0.005466399999932037,0.003153999999994994,0.008620399999927031,226,226,0.0,not_run_in_development_grid,adb7f9987b9b0c05e801b5fd0511f99788c5efa1cba7a076de804d89d6620b85,qwalk_3,QuantumWalk,4,226,0.0,0.005098500001622597,0.0,0
b1_c256,1,256,success,exact_zero,0,0,822,0,,0.004097799999726703,0.002748799999608309,0.006846599999335012,226,226,0.0,not_run_in_development_grid,adb7f9987b9b0c05e801b5fd0511f99788c5efa1cba7a076de804d89d6620b85,qwalk_3,QuantumWalk,4,226,0.0,0.005098500001622597,0.0,0
b8_c256,8,256,success,exact_zero,0,0,822,0,,0.003412100000787177,0.0028793999990739394,0.0062914999998611165,226,226,0.0,not_run_in_development_grid,adb7f9987b9b0c05e801b5fd0511f99788c5efa1cba7a076de804d89d6620b85,qwalk_3,QuantumWalk,4,226,0.0,0.005098500001622597,0.0,0
b32_c256,32,256,success,exact_zero,0,0,822,0,,0.0032346999996661907,0.0031101000004127854,0.006344800000078976,226,226,0.0,not_run_in_development_grid,adb7f9987b9b0c05e801b5fd0511f99788c5efa1cba7a076de804d89d6620b85,qwalk_3,QuantumWalk,4,226,0.0,0.005098500001622597,0.0,0
b1_c64,1,64,success,exact,3,3,7,0,,0.0009196999999403488,0.00044950000119570177,0.0013692000011360506,15,12,0.19999999999999996,not_run_in_development_grid,a184604fe8e9fff65d7fc4b04a0374176884155f49835fc64a3e78eeea2e3335,iqp_4,IQP,4,12,0.19999999999999996,0.0006955000008019852,0.0,1
b8_c64,8,64,success,exact,3,3,7,0,,0.0007289999994100071,0.0004138000003877096,0.0011427999997977167,15,12,0.19999999999999996,not_run_in_development_grid,a184604fe8e9fff65d7fc4b04a0374176884155f49835fc64a3e78eeea2e3335,iqp_4,IQP,4,12,0.19999999999999996,0.0006955000008019852,0.0,1
b32_c64,32,64,success,exact,3,3,7,0,,0.0008570000009058276,0.0004160999997111503,0.001273100000616978,15,12,0.19999999999999996,not_run_in_development_grid,a184604fe8e9fff65d7fc4b04a0374176884155f49835fc64a3e78eeea2e3335,iqp_4,IQP,4,12,0.19999999999999996,0.0006955000008019852,0.0,1
b1_c256,1,256,success,exact,3,3,7,0,,0.0011008000001311302,0.000939900000958005,0.002040700001089135,15,12,0.19999999999999996,not_run_in_development_grid,a184604fe8e9fff65d7fc4b04a0374176884155f49835fc64a3e78eeea2e3335,iqp_4,IQP,4,12,0.19999999999999996,0.0006955000008019852,0.0,1
b8_c256,8,256,success,exact,3,3,7,0,,0.0014283000000432367,0.0007240000013553072,0.002152300001398544,15,12,0.19999999999999996,not_run_in_development_grid,a184604fe8e9fff65d7fc4b04a0374176884155f49835fc64a3e78eeea2e3335,iqp_4,IQP,4,12,0.19999999999999996,0.0006955000008019852,0.0,1
b32_c256,32,256,success,exact,3,3,7,0,,0.0009255999993911246,0.00042839999878196977,0.0013539999981730944,15,12,0.19999999999999996,not_run_in_development_grid,a184604fe8e9fff65d7fc4b04a0374176884155f49835fc64a3e78eeea2e3335,iqp_4,IQP,4,12,0.19999999999999996,0.0006955000008019852,0.0,1
b1_c64,1,64,success,exact_zero,0,0,30,0,,0.0012521999997261446,0.0008287000000564149,0.0020808999997825595,48,48,0.0,not_run_in_development_grid,8e6db4fdd8b1e74adfbeaf694b8f894260e2dc63ceccc8e39646673ee43949df,qaoa_line_6,QAOA,6,48,0.0,0.0012650999997276813,0.0,0
b8_c64,8,64,success,exact_zero,0,0,30,0,,0.0008985999993456062,0.0007289999994100071,0.0016275999987556133,48,48,0.0,not_run_in_development_grid,8e6db4fdd8b1e74adfbeaf694b8f894260e2dc63ceccc8e39646673ee43949df,qaoa_line_6,QAOA,6,48,0.0,0.0012650999997276813,0.0,0
b32_c64,32,64,success,exact_zero,0,0,30,0,,0.0007923999983177055,0.0007332000004680594,0.001525599998785765,48,48,0.0,not_run_in_development_grid,8e6db4fdd8b1e74adfbeaf694b8f894260e2dc63ceccc8e39646673ee43949df,qaoa_line_6,QAOA,6,48,0.0,0.0012650999997276813,0.0,0
b1_c256,1,256,success,exact_zero,0,0,30,0,,0.0007831999992049532,0.0007373999997071223,0.0015205999989120755,48,48,0.0,not_run_in_development_grid,8e6db4fdd8b1e74adfbeaf694b8f894260e2dc63ceccc8e39646673ee43949df,qaoa_line_6,QAOA,6,48,0.0,0.0012650999997276813,0.0,0
b8_c256,8,256,success,exact_zero,0,0,30,0,,0.0007500000010622898,0.0012801000011677388,0.0020301000022300286,48,48,0.0,not_run_in_development_grid,8e6db4fdd8b1e74adfbeaf694b8f894260e2dc63ceccc8e39646673ee43949df,qaoa_line_6,QAOA,6,48,0.0,0.0012650999997276813,0.0,0
b32_c256,32,256,success,exact_zero,0,0,30,0,,0.0015127999995456776,0.0007325000005948823,0.00224530000014056,48,48,0.0,not_run_in_development_grid,8e6db4fdd8b1e74adfbeaf694b8f894260e2dc63ceccc8e39646673ee43949df,qaoa_line_6,QAOA,6,48,0.0,0.0012650999997276813,0.0,0
b1_c64,1,64,success,exact_zero,0,0,1,0,,0.0007743999995000195,0.00011830000039481092,0.0008926999998948304,7,7,0.0,not_run_in_development_grid,1db722a4ab864b09920242db5924585ffb2e655a8900901ff640e894a1a58a2d,surface_code_5,SurfaceCode,6,7,0.0,0.0002820999998220941,0.0,0
b8_c64,8,64,success,exact_zero,0,0,1,0,,0.000640199999907054,0.00011500000073283445,0.0007552000006398885,7,7,0.0,not_run_in_development_grid,1db722a4ab864b09920242db5924585ffb2e655a8900901ff640e894a1a58a2d,surface_code_5,SurfaceCode,6,7,0.0,0.0002820999998220941,0.0,0
b32_c64,32,64,success,exact_zero,0,0,1,0,,0.0006278000000747852,0.00011099999937869143,0.0007387999994534766,7,7,0.0,not_run_in_development_grid,1db722a4ab864b09920242db5924585ffb2e655a8900901ff640e894a1a58a2d,surface_code_5,SurfaceCode,6,7,0.0,0.0002820999998220941,0.0,0
b1_c256,1,256,success,exact_zero,0,0,1,0,,0.0007726000003458466,0.00010850000035134144,0.0008811000006971881,7,7,0.0,not_run_in_development_grid,1db722a4ab864b09920242db5924585ffb2e655a8900901ff640e894a1a58a2d,surface_code_5,SurfaceCode,6,7,0.0,0.0002820999998220941,0.0,0
b8_c256,8,256,success,exact_zero,0,0,1,0,,0.0008760999990045093,0.00016839999989315402,0.0010444999988976633,7,7,0.0,not_run_in_development_grid,1db722a4ab864b09920242db5924585ffb2e655a8900901ff640e894a1a58a2d,surface_code_5,SurfaceCode,6,7,0.0,0.0002820999998220941,0.0,0
b32_c256,32,256,success,exact_zero,0,0,1,0,,0.0010686999994504731,0.00011489999997138511,0.0011835999994218582,7,7,0.0,not_run_in_development_grid,1db722a4ab864b09920242db5924585ffb2e655a8900901ff640e894a1a58a2d,surface_code_5,SurfaceCode,6,7,0.0,0.0002820999998220941,0.0,0
b1_c64,1,64,success,exact_zero,0,0,0,0,,0.0009124999996856786,0.0010048999993159669,0.0019173999990016455,21,21,0.0,not_run_in_development_grid,e761adf8efeac5c21762208c08429dd4686d16eb4cbc1582e6d4ebc809852f66,qft_6,QFT,6,21,0.0,0.001655100000789389,0.0,0
b8_c64,8,64,success,exact_zero,0,0,0,0,,0.0007380000006378395,0.0010184000002482207,0.0017564000008860603,21,21,0.0,not_run_in_development_grid,e761adf8efeac5c21762208c08429dd4686d16eb4cbc1582e6d4ebc809852f66,qft_6,QFT,6,21,0.0,0.001655100000789389,0.0,0
b32_c64,32,64,success,exact_zero,0,0,0,0,,0.0010238999984721886,0.0010999999994965037,0.0021238999979686923,21,21,0.0,not_run_in_development_grid,e761adf8efeac5c21762208c08429dd4686d16eb4cbc1582e6d4ebc809852f66,qft_6,QFT,6,21,0.0,0.001655100000789389,0.0,0
b1_c256,1,256,success,exact_zero,0,0,0,0,,0.0008844000003591646,0.000993699999526143,0.0018780999998853076,21,21,0.0,not_run_in_development_grid,e761adf8efeac5c21762208c08429dd4686d16eb4cbc1582e6d4ebc809852f66,qft_6,QFT,6,21,0.0,0.001655100000789389,0.0,0
b8_c256,8,256,success,exact_zero,0,0,0,0,,0.0007951000006869435,0.0010286999986419687,0.0018237999993289122,21,21,0.0,not_run_in_development_grid,e761adf8efeac5c21762208c08429dd4686d16eb4cbc1582e6d4ebc809852f66,qft_6,QFT,6,21,0.0,0.001655100000789389,0.0,0
b32_c256,32,256,success,exact_zero,0,0,0,0,,0.0008053000001382316,0.001030400000672671,0.0018357000008109026,21,21,0.0,not_run_in_development_grid,e761adf8efeac5c21762208c08429dd4686d16eb4cbc1582e6d4ebc809852f66,qft_6,QFT,6,21,0.0,0.001655100000789389,0.0,0
b1_c64,1,64,success,exact_zero,0,0,7,0,,0.0010588000004645437,0.001010100000712555,0.0020689000011770986,62,62,0.0,not_run_in_development_grid,1e333b11b12581118a6220fdba235f1333b716caf85326bcbcae657ee5f5010d,vqe_twolocal_8,VQE,8,62,0.0,0.001922299999932875,0.0,0
b8_c64,8,64,success,exact_zero,0,0,7,0,,0.0008559999987483025,0.0010051000008388655,0.001861099999587168,62,62,0.0,not_run_in_development_grid,1e333b11b12581118a6220fdba235f1333b716caf85326bcbcae657ee5f5010d,vqe_twolocal_8,VQE,8,62,0.0,0.001922299999932875,0.0,0
b32_c64,32,64,success,exact_zero,0,0,7,0,,0.0009288000001106411,0.0013221999997767853,0.0022509999998874264,62,62,0.0,not_run_in_development_grid,1e333b11b12581118a6220fdba235f1333b716caf85326bcbcae657ee5f5010d,vqe_twolocal_8,VQE,8,62,0.0,0.001922299999932875,0.0,0
b1_c256,1,256,success,exact_zero,0,0,7,0,,0.0010753000005934155,0.0010249000006297138,0.0021002000012231292,62,62,0.0,not_run_in_development_grid,1e333b11b12581118a6220fdba235f1333b716caf85326bcbcae657ee5f5010d,vqe_twolocal_8,VQE,8,62,0.0,0.001922299999932875,0.0,0
b8_c256,8,256,success,exact_zero,0,0,7,0,,0.0008684999993420206,0.0010044999999081483,0.001872999999250169,62,62,0.0,not_run_in_development_grid,1e333b11b12581118a6220fdba235f1333b716caf85326bcbcae657ee5f5010d,vqe_twolocal_8,VQE,8,62,0.0,0.001922299999932875,0.0,0
b32_c256,32,256,success,exact_zero,0,0,7,0,,0.0008280000001832377,0.0010039999997388804,0.0018319999999221181,62,62,0.0,not_run_in_development_grid,1e333b11b12581118a6220fdba235f1333b716caf85326bcbcae657ee5f5010d,vqe_twolocal_8,VQE,8,62,0.0,0.001922299999932875,0.0,0
b1_c64,1,64,success,exact_zero,0,0,0,0,,0.001264900000023772,0.00010110000039276201,0.001366000000416534,5,5,0.0,not_run_in_development_grid,f1385dea23b197291382303ec5ddac0c2b35748e3eb579fdc7cf835943215c47,adder_4,Adder,4,5,0.0,0.00040609999996377155,0.0,0
b8_c64,8,64,success,exact_zero,0,0,0,0,,0.0007160000004660105,9.239999963028822e-05,0.0008084000000962988,5,5,0.0,not_run_in_development_grid,f1385dea23b197291382303ec5ddac0c2b35748e3eb579fdc7cf835943215c47,adder_4,Adder,4,5,0.0,0.00040609999996377155,0.0,0
b32_c64,32,64,success,exact_zero,0,0,0,0,,0.0006512999989354284,0.0001021999996737577,0.0007534999986091862,5,5,0.0,not_run_in_development_grid,f1385dea23b197291382303ec5ddac0c2b35748e3eb579fdc7cf835943215c47,adder_4,Adder,4,5,0.0,0.00040609999996377155,0.0,0
b1_c256,1,256,success,exact_zero,0,0,0,0,,0.0006900999997014878,9.339999996882398e-05,0.0007834999996703118,5,5,0.0,not_run_in_development_grid,f1385dea23b197291382303ec5ddac0c2b35748e3eb579fdc7cf835943215c47,adder_4,Adder,4,5,0.0,0.00040609999996377155,0.0,0
b8_c256,8,256,success,exact_zero,0,0,0,0,,0.0006816999994043726,0.00022370000078808516,0.0009054000001924578,5,5,0.0,not_run_in_development_grid,f1385dea23b197291382303ec5ddac0c2b35748e3eb579fdc7cf835943215c47,adder_4,Adder,4,5,0.0,0.00040609999996377155,0.0,0
b32_c256,32,256,success,exact_zero,0,0,0,0,,0.0006761999993614154,9.510000018053688e-05,0.0007712999995419523,5,5,0.0,not_run_in_development_grid,f1385dea23b197291382303ec5ddac0c2b35748e3eb579fdc7cf835943215c47,adder_4,Adder,4,5,0.0,0.00040609999996377155,0.0,0
b1_c64,1,64,success,truncated,252,128,1127757,62,conservative_overlap_check_budget_predicted:20000000:18299781,0.5321815000006609,0.2634987999990699,0.7956802999997308,12046,11794,0.0209198074049477,not_run_in_development_grid,be09cfe6fcb270823374495faa12de7dd56fe873b61ea5f4780fe001b3ab1ec1,qwalk_8,QuantumWalk,9,11794,0.0209198074049477,0.31908669999938866,0.0,1
b8_c64,8,64,success,truncated,252,128,1127757,62,conservative_overlap_check_budget_predicted:20000000:18299781,1.7590581999993447,0.21235849999902712,1.9714166999983718,12046,11794,0.0209198074049477,not_run_in_development_grid,be09cfe6fcb270823374495faa12de7dd56fe873b61ea5f4780fe001b3ab1ec1,qwalk_8,QuantumWalk,9,11794,0.0209198074049477,0.31908669999938866,0.0,1
b32_c64,32,64,success,truncated,252,128,1127757,62,conservative_overlap_check_budget_predicted:20000000:18299781,6.0331839000009495,0.23717089999991003,6.2703548000008595,12046,11794,0.0209198074049477,not_run_in_development_grid,be09cfe6fcb270823374495faa12de7dd56fe873b61ea5f4780fe001b3ab1ec1,qwalk_8,QuantumWalk,9,11794,0.0209198074049477,0.31908669999938866,0.0,1
b1_c256,1,256,success,exact,252,252,1127757,0,conservative_overlap_check_budget_predicted:20000000:18299781,0.650961899998947,0.219973299999765,0.870935199998712,12046,11794,0.0209198074049477,not_run_in_development_grid,be09cfe6fcb270823374495faa12de7dd56fe873b61ea5f4780fe001b3ab1ec1,qwalk_8,QuantumWalk,9,11794,0.0209198074049477,0.31908669999938866,0.0,1
b8_c256,8,256,success,exact,252,252,1127757,0,conservative_overlap_check_budget_predicted:20000000:18299781,2.3695250999990094,0.21714630000133184,2.5866714000003412,12046,11794,0.0209198074049477,not_run_in_development_grid,be09cfe6fcb270823374495faa12de7dd56fe873b61ea5f4780fe001b3ab1ec1,qwalk_8,QuantumWalk,9,11794,0.0209198074049477,0.31908669999938866,0.0,1
b32_c256,32,256,success,exact,252,252,1127757,0,conservative_overlap_check_budget_predicted:20000000:18299781,8.488579499999105,0.21926110000094923,8.707840600000054,12046,11794,0.0209198074049477,not_run_in_development_grid,be09cfe6fcb270823374495faa12de7dd56fe873b61ea5f4780fe001b3ab1ec1,qwalk_8,QuantumWalk,9,11794,0.0209198074049477,0.31908669999938866,0.0,1
b1_c64,1,64,success,exact_zero,0,0,822,0,,0.0037598999988404103,0.0033595999993849546,0.007119499998225365,226,226,0.0,not_run_in_development_grid,fbc4d3c061750bc2d5462260e0508f2ff85141dcec68e851026e02ad27734a4c,qwalk_3,QuantumWalk,4,226,0.0,0.015545699998256168,0.0,0
b8_c64,8,64,success,exact_zero,0,0,822,0,,0.004597700000886107,0.002880100000766106,0.007477800001652213,226,226,0.0,not_run_in_development_grid,fbc4d3c061750bc2d5462260e0508f2ff85141dcec68e851026e02ad27734a4c,qwalk_3,QuantumWalk,4,226,0.0,0.015545699998256168,0.0,0
b32_c64,32,64,success,exact_zero,0,0,822,0,,0.0045577000000776025,0.002829799999744864,0.007387499999822467,226,226,0.0,not_run_in_development_grid,fbc4d3c061750bc2d5462260e0508f2ff85141dcec68e851026e02ad27734a4c,qwalk_3,QuantumWalk,4,226,0.0,0.015545699998256168,0.0,0
b1_c256,1,256,success,exact_zero,0,0,822,0,,0.004060699999172357,0.0029113000000506872,0.006971999999223044,226,226,0.0,not_run_in_development_grid,fbc4d3c061750bc2d5462260e0508f2ff85141dcec68e851026e02ad27734a4c,qwalk_3,QuantumWalk,4,226,0.0,0.015545699998256168,0.0,0
b8_c256,8,256,success,exact_zero,0,0,822,0,,0.003876799999488867,0.003393599999981234,0.007270399999470101,226,226,0.0,not_run_in_development_grid,fbc4d3c061750bc2d5462260e0508f2ff85141dcec68e851026e02ad27734a4c,qwalk_3,QuantumWalk,4,226,0.0,0.015545699998256168,0.0,0
b32_c256,32,256,success,exact_zero,0,0,822,0,,0.004776300000230549,0.0031029000001581153,0.007879200000388664,226,226,0.0,not_run_in_development_grid,fbc4d3c061750bc2d5462260e0508f2ff85141dcec68e851026e02ad27734a4c,qwalk_3,QuantumWalk,4,226,0.0,0.015545699998256168,0.0,0
b1_c64,1,64,success,truncated,132,128,148923,2,conservative_overlap_check_budget_predicted:20000000:2190159,0.05822670000088692,0.08096470000054978,0.1391914000014367,3922,3790,0.03365629780724122,not_run_in_development_grid,b4accbdc8bd4599d8f4a4a4f335254fe7d27c0867b844bb682bb307303bce702,qwalk_6,QuantumWalk,7,3790,0.03365629780724122,0.1273196000001917,0.0,1
b8_c64,8,64,success,truncated,132,128,148923,2,conservative_overlap_check_budget_predicted:20000000:2190159,0.5087801000008767,0.07231490000049234,0.581095000001369,3922,3790,0.03365629780724122,not_run_in_development_grid,b4accbdc8bd4599d8f4a4a4f335254fe7d27c0867b844bb682bb307303bce702,qwalk_6,QuantumWalk,7,3790,0.03365629780724122,0.1273196000001917,0.0,1
b32_c64,32,64,success,truncated,132,128,148923,2,conservative_overlap_check_budget_predicted:20000000:2190159,1.3343469000010373,0.07441280000057304,1.4087597000016103,3922,3790,0.03365629780724122,not_run_in_development_grid,b4accbdc8bd4599d8f4a4a4f335254fe7d27c0867b844bb682bb307303bce702,qwalk_6,QuantumWalk,7,3790,0.03365629780724122,0.1273196000001917,0.0,1
b1_c256,1,256,success,exact,132,132,148923,0,conservative_overlap_check_budget_predicted:20000000:2190159,0.06537179999941145,0.09670360000018263,0.16207539999959408,3922,3790,0.03365629780724122,not_run_in_development_grid,b4accbdc8bd4599d8f4a4a4f335254fe7d27c0867b844bb682bb307303bce702,qwalk_6,QuantumWalk,7,3790,0.03365629780724122,0.1273196000001917,0.0,1
b8_c256,8,256,success,exact,132,132,148923,0,conservative_overlap_check_budget_predicted:20000000:2190159,0.47273479999967094,0.07017289999930654,0.5429076999989775,3922,3790,0.03365629780724122,not_run_in_development_grid,b4accbdc8bd4599d8f4a4a4f335254fe7d27c0867b844bb682bb307303bce702,qwalk_6,QuantumWalk,7,3790,0.03365629780724122,0.1273196000001917,0.0,1
b32_c256,32,256,success,exact,132,132,148923,0,conservative_overlap_check_budget_predicted:20000000:2190159,1.2619059000007837,0.0684942999996565,1.3304002000004402,3922,3790,0.03365629780724122,not_run_in_development_grid,b4accbdc8bd4599d8f4a4a4f335254fe7d27c0867b844bb682bb307303bce702,qwalk_6,QuantumWalk,7,3790,0.03365629780724122,0.1273196000001917,0.0,1
b1_c64,1,64,success,exact,14,14,52,0,,0.0024195000005420297,0.0008810999988781987,0.0033005999994202284,56,42,0.25,not_run_in_development_grid,3cb9f2651afb8f2f779991fabaa51b5b5213c87aadc3075b406a14441a8d4cdd,clifford_8,RandomClifford,8,42,0.25,0.0019322999996802537,0.0,1
b8_c64,8,64,success,exact,14,14,52,0,,0.0038311000007524854,0.0005507999994733837,0.004381900000225869,56,42,0.25,not_run_in_development_grid,3cb9f2651afb8f2f779991fabaa51b5b5213c87aadc3075b406a14441a8d4cdd,clifford_8,RandomClifford,8,42,0.25,0.0019322999996802537,0.0,1
b32_c64,32,64,success,exact,14,14,52,0,,0.002160800000638119,0.0005600999993475853,0.002720899999985704,56,42,0.25,not_run_in_development_grid,3cb9f2651afb8f2f779991fabaa51b5b5213c87aadc3075b406a14441a8d4cdd,clifford_8,RandomClifford,8,42,0.25,0.0019322999996802537,0.0,1
b1_c256,1,256,success,exact,14,14,52,0,,0.0023074000000633532,0.0005971000009594718,0.002904500001022825,56,42,0.25,not_run_in_development_grid,3cb9f2651afb8f2f779991fabaa51b5b5213c87aadc3075b406a14441a8d4cdd,clifford_8,RandomClifford,8,42,0.25,0.0019322999996802537,0.0,1
b8_c256,8,256,success,exact,14,14,52,0,,0.002328299999135197,0.0005869999986316543,0.0029152999977668514,56,42,0.25,not_run_in_development_grid,3cb9f2651afb8f2f779991fabaa51b5b5213c87aadc3075b406a14441a8d4cdd,clifford_8,RandomClifford,8,42,0.25,0.0019322999996802537,0.0,1
b32_c256,32,256,success,exact,14,14,52,0,,0.002249099999971804,0.0005700000001525041,0.0028191000001243083,56,42,0.25,not_run_in_development_grid,3cb9f2651afb8f2f779991fabaa51b5b5213c87aadc3075b406a14441a8d4cdd,clifford_8,RandomClifford,8,42,0.25,0.0019322999996802537,0.0,1
b1_c64,1,64,success,exact,12,12,218,0,,0.008570699999836506,0.006399900001269998,0.014970600001106504,80,68,0.15000000000000002,not_run_in_development_grid,6d3b95d34d14070b7343cb878e296c782e0bb8553754324f96aa3678075d10e1,uccsd_8,UCCSD_inspired,8,68,0.15000000000000002,0.008075399999142974,0.0,1
b8_c64,8,64,success,exact,12,12,218,0,,0.007638900000529247,0.0055090000005293405,0.013147900001058588,80,68,0.15000000000000002,not_run_in_development_grid,6d3b95d34d14070b7343cb878e296c782e0bb8553754324f96aa3678075d10e1,uccsd_8,UCCSD_inspired,8,68,0.15000000000000002,0.008075399999142974,0.0,1
b32_c64,32,64,success,exact,12,12,218,0,,0.008376800000405638,0.005820700000185752,0.01419750000059139,80,68,0.15000000000000002,not_run_in_development_grid,6d3b95d34d14070b7343cb878e296c782e0bb8553754324f96aa3678075d10e1,uccsd_8,UCCSD_inspired,8,68,0.15000000000000002,0.008075399999142974,0.0,1
b1_c256,1,256,success,exact,12,12,218,0,,0.00812450000012177,0.006161999999676482,0.014286499999798252,80,68,0.15000000000000002,not_run_in_development_grid,6d3b95d34d14070b7343cb878e296c782e0bb8553754324f96aa3678075d10e1,uccsd_8,UCCSD_inspired,8,68,0.15000000000000002,0.008075399999142974,0.0,1
b8_c256,8,256,success,exact,12,12,218,0,,0.008722999999008607,0.0059934999990218785,0.014716499998030486,80,68,0.15000000000000002,not_run_in_development_grid,6d3b95d34d14070b7343cb878e296c782e0bb8553754324f96aa3678075d10e1,uccsd_8,UCCSD_inspired,8,68,0.15000000000000002,0.008075399999142974,0.0,1
b32_c256,32,256,success,exact,12,12,218,0,,0.008676800000102958,0.006163299998661387,0.014840099998764344,80,68,0.15000000000000002,not_run_in_development_grid,6d3b95d34d14070b7343cb878e296c782e0bb8553754324f96aa3678075d10e1,uccsd_8,UCCSD_inspired,8,68,0.15000000000000002,0.008075399999142974,0.0,1
b1_c64,1,64,success,exact,6,6,7,0,,0.000959000000875676,0.00020279999989725184,0.0011618000007729279,16,10,0.375,not_run_in_development_grid,351812e2422dea6a191df1adc81100a4fd431345cee8a8a72b1f7b04de1a0395,bv_5,Oracle,6,10,0.375,0.00046490000022458844,0.0,1
b8_c64,8,64,success,exact,6,6,7,0,,0.0008266000004368834,0.00019160000010742806,0.0010182000005443115,16,10,0.375,not_run_in_development_grid,351812e2422dea6a191df1adc81100a4fd431345cee8a8a72b1f7b04de1a0395,bv_5,Oracle,6,10,0.375,0.00046490000022458844,0.0,1
b32_c64,32,64,success,exact,6,6,7,0,,0.0007435000006807968,0.00018649999947228935,0.0009300000001530861,16,10,0.375,not_run_in_development_grid,351812e2422dea6a191df1adc81100a4fd431345cee8a8a72b1f7b04de1a0395,bv_5,Oracle,6,10,0.375,0.00046490000022458844,0.0,1
b1_c256,1,256,success,exact,6,6,7,0,,0.0007609999993292149,0.0001832999987527728,0.0009442999980819877,16,10,0.375,not_run_in_development_grid,351812e2422dea6a191df1adc81100a4fd431345cee8a8a72b1f7b04de1a0395,bv_5,Oracle,6,10,0.375,0.00046490000022458844,0.0,1
b8_c256,8,256,success,exact,6,6,7,0,,0.000948900000366848,0.00022079999871493783,0.0011696999990817858,16,10,0.375,not_run_in_development_grid,351812e2422dea6a191df1adc81100a4fd431345cee8a8a72b1f7b04de1a0395,bv_5,Oracle,6,10,0.375,0.00046490000022458844,0.0,1
b32_c256,32,256,success,exact,6,6,7,0,,0.0014444999997067498,0.00018420000014884863,0.0016286999998555984,16,10,0.375,not_run_in_development_grid,351812e2422dea6a191df1adc81100a4fd431345cee8a8a72b1f7b04de1a0395,bv_5,Oracle,6,10,0.375,0.00046490000022458844,0.0,1
b1_c64,1,64,success,exact_zero,0,0,1,0,,0.0007879999993747333,0.0001480999999330379,0.0009360999993077712,10,10,0.0,not_run_in_development_grid,08654d0b844c66f30029c8c41a7a668b9899dc14c7c9d5a5445fa5df75b6a5f4,surface_code_5,SurfaceCode,6,10,0.0,0.0003242999991925899,0.0,0
b8_c64,8,64,success,exact_zero,0,0,1,0,,0.0006878000003780471,0.00015069999972183723,0.0008385000000998843,10,10,0.0,not_run_in_development_grid,08654d0b844c66f30029c8c41a7a668b9899dc14c7c9d5a5445fa5df75b6a5f4,surface_code_5,SurfaceCode,6,10,0.0,0.0003242999991925899,0.0,0
b32_c64,32,64,success,exact_zero,0,0,1,0,,0.0006628000010096002,0.00014370000099006575,0.000806500001999666,10,10,0.0,not_run_in_development_grid,08654d0b844c66f30029c8c41a7a668b9899dc14c7c9d5a5445fa5df75b6a5f4,surface_code_5,SurfaceCode,6,10,0.0,0.0003242999991925899,0.0,0
b1_c256,1,256,success,exact_zero,0,0,1,0,,0.0006720000001223525,0.00014399999963643495,0.0008159999997587875,10,10,0.0,not_run_in_development_grid,08654d0b844c66f30029c8c41a7a668b9899dc14c7c9d5a5445fa5df75b6a5f4,surface_code_5,SurfaceCode,6,10,0.0,0.0003242999991925899,0.0,0
b8_c256,8,256,success,exact_zero,0,0,1,0,,0.0006941000010556309,0.000139899999339832,0.0008340000003954628,10,10,0.0,not_run_in_development_grid,08654d0b844c66f30029c8c41a7a668b9899dc14c7c9d5a5445fa5df75b6a5f4,surface_code_5,SurfaceCode,6,10,0.0,0.0003242999991925899,0.0,0
b32_c256,32,256,success,exact_zero,0,0,1,0,,0.0012521999997261446,0.00021540000125241932,0.001467600000978564,10,10,0.0,not_run_in_development_grid,08654d0b844c66f30029c8c41a7a668b9899dc14c7c9d5a5445fa5df75b6a5f4,surface_code_5,SurfaceCode,6,10,0.0,0.0003242999991925899,0.0,0
b1_c64,1,64,success,exact_zero,0,0,42,0,,0.0009775999988050899,0.0010289000001648674,0.0020064999989699572,66,66,0.0,not_run_in_development_grid,887988d6755fe3aeb072232cdd949704ce84134ffba601652f00a321dc5040c3,qaoa_line_8,QAOA,8,66,0.0,0.0017100999993999721,0.0,0
b8_c64,8,64,success,exact_zero,0,0,42,0,,0.0008603000005678041,0.0016709000010450836,0.0025312000016128877,66,66,0.0,not_run_in_development_grid,887988d6755fe3aeb072232cdd949704ce84134ffba601652f00a321dc5040c3,qaoa_line_8,QAOA,8,66,0.0,0.0017100999993999721,0.0,0
b32_c64,32,64,success,exact_zero,0,0,42,0,,0.0010808999995788326,0.0010395000008429633,0.002120400000421796,66,66,0.0,not_run_in_development_grid,887988d6755fe3aeb072232cdd949704ce84134ffba601652f00a321dc5040c3,qaoa_line_8,QAOA,8,66,0.0,0.0017100999993999721,0.0,0
b1_c256,1,256,success,exact_zero,0,0,42,0,,0.0011267999998381129,0.0010332000001653796,0.0021600000000034925,66,66,0.0,not_run_in_development_grid,887988d6755fe3aeb072232cdd949704ce84134ffba601652f00a321dc5040c3,qaoa_line_8,QAOA,8,66,0.0,0.0017100999993999721,0.0,0
b8_c256,8,256,success,exact_zero,0,0,42,0,,0.0008581999991292832,0.0013496999999915715,0.0022078999991208548,66,66,0.0,not_run_in_development_grid,887988d6755fe3aeb072232cdd949704ce84134ffba601652f00a321dc5040c3,qaoa_line_8,QAOA,8,66,0.0,0.0017100999993999721,0.0,0
b32_c256,32,256,success,exact_zero,0,0,42,0,,0.0014778999993723119,0.0011542000011104392,0.002632100000482751,66,66,0.0,not_run_in_development_grid,887988d6755fe3aeb072232cdd949704ce84134ffba601652f00a321dc5040c3,qaoa_line_8,QAOA,8,66,0.0,0.0017100999993999721,0.0,0
b1_c64,1,64,success,exact_zero,0,0,3,0,,0.0008778000010352116,0.0005700000001525041,0.0014478000011877157,30,30,0.0,not_run_in_development_grid,53b73b5cd49bf304f89e5343449a253cb9005287952a8e3fd40f0f4538bd6356,vqe_twolocal_4,VQE,4,30,0.0,0.0009403000003658235,0.0,0
b8_c64,8,64,success,exact_zero,0,0,3,0,,0.0008044000005611451,0.0006955999997444451,0.0015000000003055902,30,30,0.0,not_run_in_development_grid,53b73b5cd49bf304f89e5343449a253cb9005287952a8e3fd40f0f4538bd6356,vqe_twolocal_4,VQE,4,30,0.0,0.0009403000003658235,0.0,0
b32_c64,32,64,success,exact_zero,0,0,3,0,,0.0012071999990439508,0.0005684000007022405,0.0017755999997461913,30,30,0.0,not_run_in_development_grid,53b73b5cd49bf304f89e5343449a253cb9005287952a8e3fd40f0f4538bd6356,vqe_twolocal_4,VQE,4,30,0.0,0.0009403000003658235,0.0,0
b1_c256,1,256,success,exact_zero,0,0,3,0,,0.0009957999991456745,0.0005542999988392694,0.001550099997984944,30,30,0.0,not_run_in_development_grid,53b73b5cd49bf304f89e5343449a253cb9005287952a8e3fd40f0f4538bd6356,vqe_twolocal_4,VQE,4,30,0.0,0.0009403000003658235,0.0,0
b8_c256,8,256,success,exact_zero,0,0,3,0,,0.000846099999762373,0.0009362000000692206,0.0017822999998315936,30,30,0.0,not_run_in_development_grid,53b73b5cd49bf304f89e5343449a253cb9005287952a8e3fd40f0f4538bd6356,vqe_twolocal_4,VQE,4,30,0.0,0.0009403000003658235,0.0,0
b32_c256,32,256,success,exact_zero,0,0,3,0,,0.0009432999995624414,0.000547200001165038,0.0014905000007274793,30,30,0.0,not_run_in_development_grid,53b73b5cd49bf304f89e5343449a253cb9005287952a8e3fd40f0f4538bd6356,vqe_twolocal_4,VQE,4,30,0.0,0.0009403000003658235,0.0,0
b1_c64,1,64,success,exact,8,8,17,0,,0.0017031000006682007,0.0010404000004200498,0.0027435000010882504,31,23,0.25806451612903225,not_run_in_development_grid,469f3c49f6eef6fbc27961be39affa9dd7a346b81fe5a14dbe7113d65cab2cb2,iqp_6,IQP,6,28,0.09677419354838712,0.0017834000009315787,16.129032258064512,1
b8_c64,8,64,success,exact,8,8,17,0,,0.0016195000007428462,0.0009188999993057223,0.0025384000000485685,31,23,0.25806451612903225,not_run_in_development_grid,469f3c49f6eef6fbc27961be39affa9dd7a346b81fe5a14dbe7113d65cab2cb2,iqp_6,IQP,6,28,0.09677419354838712,0.0017834000009315787,16.129032258064512,1
b32_c64,32,64,success,exact,8,8,17,0,,0.0014449999998760177,0.0014625000003434252,0.002907500000219443,31,23,0.25806451612903225,not_run_in_development_grid,469f3c49f6eef6fbc27961be39affa9dd7a346b81fe5a14dbe7113d65cab2cb2,iqp_6,IQP,6,28,0.09677419354838712,0.0017834000009315787,16.129032258064512,1
b1_c256,1,256,success,exact,8,8,17,0,,0.0018767000001389533,0.0009294999999838183,0.0028062000001227716,31,23,0.25806451612903225,not_run_in_development_grid,469f3c49f6eef6fbc27961be39affa9dd7a346b81fe5a14dbe7113d65cab2cb2,iqp_6,IQP,6,28,0.09677419354838712,0.0017834000009315787,16.129032258064512,1
b8_c256,8,256,success,exact,8,8,17,0,,0.0014257000002544373,0.0009141999998973915,0.002339900000151829,31,23,0.25806451612903225,not_run_in_development_grid,469f3c49f6eef6fbc27961be39affa9dd7a346b81fe5a14dbe7113d65cab2cb2,iqp_6,IQP,6,28,0.09677419354838712,0.0017834000009315787,16.129032258064512,1
b32_c256,32,256,success,exact,8,8,17,0,,0.0014040999994904269,0.0009330000011686934,0.0023371000006591203,31,23,0.25806451612903225,not_run_in_development_grid,469f3c49f6eef6fbc27961be39affa9dd7a346b81fe5a14dbe7113d65cab2cb2,iqp_6,IQP,6,28,0.09677419354838712,0.0017834000009315787,16.129032258064512,1
b1_c64,1,64,success,exact_zero,0,0,1,0,,0.0013213000001996988,0.00014080000073590782,0.0014621000009356067,9,9,0.0,not_run_in_development_grid,f1bbfe2c5554ef1e3780c3589fe5016e2871845659c086dd38a099ad9bd9415e,surface_code_6,SurfaceCode,7,9,0.0,0.000571700000364217,0.0,0
b8_c64,8,64,success,exact_zero,0,0,1,0,,0.0006819000009272713,0.00013500000022759195,0.0008169000011548633,9,9,0.0,not_run_in_development_grid,f1bbfe2c5554ef1e3780c3589fe5016e2871845659c086dd38a099ad9bd9415e,surface_code_6,SurfaceCode,7,9,0.0,0.000571700000364217,0.0,0
b32_c64,32,64,success,exact_zero,0,0,1,0,,0.0012198999993415782,0.00014109999938227702,0.0013609999987238552,9,9,0.0,not_run_in_development_grid,f1bbfe2c5554ef1e3780c3589fe5016e2871845659c086dd38a099ad9bd9415e,surface_code_6,SurfaceCode,7,9,0.0,0.000571700000364217,0.0,0
b1_c256,1,256,success,exact_zero,0,0,1,0,,0.000712799999746494,0.0001353999996354105,0.0008481999993819045,9,9,0.0,not_run_in_development_grid,f1bbfe2c5554ef1e3780c3589fe5016e2871845659c086dd38a099ad9bd9415e,surface_code_6,SurfaceCode,7,9,0.0,0.000571700000364217,0.0,0
b8_c256,8,256,success,exact_zero,0,0,1,0,,0.0006529000002046814,0.00013039999976172112,0.0007832999999664025,9,9,0.0,not_run_in_development_grid,f1bbfe2c5554ef1e3780c3589fe5016e2871845659c086dd38a099ad9bd9415e,surface_code_6,SurfaceCode,7,9,0.0,0.000571700000364217,0.0,0
b32_c256,32,256,success,exact_zero,0,0,1,0,,0.0006733999998687068,0.00013559999933931977,0.0008089999992080266,9,9,0.0,not_run_in_development_grid,f1bbfe2c5554ef1e3780c3589fe5016e2871845659c086dd38a099ad9bd9415e,surface_code_6,SurfaceCode,7,9,0.0,0.000571700000364217,0.0,0
b1_c64,1,64,success,exact_zero,0,0,1,0,,0.0012635999992198776,0.00020770000082848128,0.001471300000048359,11,11,0.0,not_run_in_development_grid,c03a59f09d1814f61e8886ce6c504c04c0bf89965ff911746bb96e21e9cd570c,surface_code_7,SurfaceCode,8,11,0.0,0.000353900000845897,0.0,0
b8_c64,8,64,success,exact_zero,0,0,1,0,,0.000826999999844702,0.00015750000056868885,0.0009845000004133908,11,11,0.0,not_run_in_development_grid,c03a59f09d1814f61e8886ce6c504c04c0bf89965ff911746bb96e21e9cd570c,surface_code_7,SurfaceCode,8,11,0.0,0.000353900000845897,0.0,0
b32_c64,32,64,success,exact_zero,0,0,1,0,,0.0008339000014530029,0.00015110000094864517,0.000985000002401648,11,11,0.0,not_run_in_development_grid,c03a59f09d1814f61e8886ce6c504c04c0bf89965ff911746bb96e21e9cd570c,surface_code_7,SurfaceCode,8,11,0.0,0.000353900000845897,0.0,0
b1_c256,1,256,success,exact_zero,0,0,1,0,,0.0006647999998676823,0.0001494999996793922,0.0008142999995470745,11,11,0.0,not_run_in_development_grid,c03a59f09d1814f61e8886ce6c504c04c0bf89965ff911746bb96e21e9cd570c,surface_code_7,SurfaceCode,8,11,0.0,0.000353900000845897,0.0,0
b8_c256,8,256,success,exact_zero,0,0,1,0,,0.0006482999997388106,0.00014569999984814785,0.0007939999995869584,11,11,0.0,not_run_in_development_grid,c03a59f09d1814f61e8886ce6c504c04c0bf89965ff911746bb96e21e9cd570c,surface_code_7,SurfaceCode,8,11,0.0,0.000353900000845897,0.0,0
b32_c256,32,256,success,exact_zero,0,0,1,0,,0.0006611999997403473,0.00014969999938330147,0.0008108999991236487,11,11,0.0,not_run_in_development_grid,c03a59f09d1814f61e8886ce6c504c04c0bf89965ff911746bb96e21e9cd570c,surface_code_7,SurfaceCode,8,11,0.0,0.000353900000845897,0.0,0
b1_c64,1,64,success,exact_zero,0,0,23,0,,0.0014899000016157515,0.0007097999987308867,0.0021997000003466383,46,46,0.0,not_run_in_development_grid,7b4fd106d73016d705a5586e9b761915a1ae550e15f90ea6ef09404df6cc4937,hardware_eff_8,HardwareEfficient,8,46,0.0,0.0012721000002784422,0.0,0
b8_c64,8,64,success,exact_zero,0,0,23,0,,0.0008209000006900169,0.0006849000001238892,0.001505800000813906,46,46,0.0,not_run_in_development_grid,7b4fd106d73016d705a5586e9b761915a1ae550e15f90ea6ef09404df6cc4937,hardware_eff_8,HardwareEfficient,8,46,0.0,0.0012721000002784422,0.0,0
b32_c64,32,64,success,exact_zero,0,0,23,0,,0.0007346000002144137,0.0007004999988566851,0.0014350999990710989,46,46,0.0,not_run_in_development_grid,7b4fd106d73016d705a5586e9b761915a1ae550e15f90ea6ef09404df6cc4937,hardware_eff_8,HardwareEfficient,8,46,0.0,0.0012721000002784422,0.0,0
b1_c256,1,256,success,exact_zero,0,0,23,0,,0.0008997000004455913,0.0007063000011839904,0.0016060000016295817,46,46,0.0,not_run_in_development_grid,7b4fd106d73016d705a5586e9b761915a1ae550e15f90ea6ef09404df6cc4937,hardware_eff_8,HardwareEfficient,8,46,0.0,0.0012721000002784422,0.0,0
b8_c256,8,256,success,exact_zero,0,0,23,0,,0.0010450000008859206,0.0008319999997183913,0.001877000000604312,46,46,0.0,not_run_in_development_grid,7b4fd106d73016d705a5586e9b761915a1ae550e15f90ea6ef09404df6cc4937,hardware_eff_8,HardwareEfficient,8,46,0.0,0.0012721000002784422,0.0,0
b32_c256,32,256,success,exact_zero,0,0,23,0,,0.0014881999995850492,0.0008851999991748016,0.002373399998759851,46,46,0.0,not_run_in_development_grid,7b4fd106d73016d705a5586e9b761915a1ae550e15f90ea6ef09404df6cc4937,hardware_eff_8,HardwareEfficient,8,46,0.0,0.0012721000002784422,0.0,0
b1_c64,1,64,success,exact_zero,0,0,5,0,,0.0015968999996403,0.0014673000005132053,0.0030642000001535052,46,46,0.0,not_run_in_development_grid,aef180d7cfe4026d3e6db4acce1baa759ce2591ce74fa6b84d10d2c6bd83dc03,vqe_twolocal_6,VQE,6,46,0.0,0.0017544000002089888,0.0,0
b8_c64,8,64,success,exact_zero,0,0,5,0,,0.0015755000003991881,0.0027200000004086178,0.004295500000807806,46,46,0.0,not_run_in_development_grid,aef180d7cfe4026d3e6db4acce1baa759ce2591ce74fa6b84d10d2c6bd83dc03,vqe_twolocal_6,VQE,6,46,0.0,0.0017544000002089888,0.0,0
b32_c64,32,64,success,exact_zero,0,0,5,0,,0.0018319999999221181,0.0014842000000498956,0.0033161999999720138,46,46,0.0,not_run_in_development_grid,aef180d7cfe4026d3e6db4acce1baa759ce2591ce74fa6b84d10d2c6bd83dc03,vqe_twolocal_6,VQE,6,46,0.0,0.0017544000002089888,0.0,0
b1_c256,1,256,success,exact_zero,0,0,5,0,,0.0014833000004728092,0.0028091000003769295,0.004292400000849739,46,46,0.0,not_run_in_development_grid,aef180d7cfe4026d3e6db4acce1baa759ce2591ce74fa6b84d10d2c6bd83dc03,vqe_twolocal_6,VQE,6,46,0.0,0.0017544000002089888,0.0,0
b8_c256,8,256,success,exact_zero,0,0,5,0,,0.001571900000271853,0.0014559000010194723,0.0030278000012913253,46,46,0.0,not_run_in_development_grid,aef180d7cfe4026d3e6db4acce1baa759ce2591ce74fa6b84d10d2c6bd83dc03,vqe_twolocal_6,VQE,6,46,0.0,0.0017544000002089888,0.0,0
b32_c256,32,256,success,exact_zero,0,0,5,0,,0.0015493999999307562,0.0014224999995349208,0.002971899999465677,46,46,0.0,not_run_in_development_grid,aef180d7cfe4026d3e6db4acce1baa759ce2591ce74fa6b84d10d2c6bd83dc03,vqe_twolocal_6,VQE,6,46,0.0,0.0017544000002089888,0.0,0
b1_c64,1,64,success,exact,8,8,141,0,,0.004387799999676645,0.002564100001109182,0.006951900000785827,92,84,0.08695652173913049,not_run_in_development_grid,93777dbb1396f34119a3c7abd792673d63abea48eb3460371bc0edff6ad7e7d7,grover_4,Grover,4,84,0.08695652173913049,0.00529149999965739,0.0,1
b8_c64,8,64,success,exact,8,8,141,0,,0.0037926999993942445,0.0020762000003742287,0.005868899999768473,92,84,0.08695652173913049,not_run_in_development_grid,93777dbb1396f34119a3c7abd792673d63abea48eb3460371bc0edff6ad7e7d7,grover_4,Grover,4,84,0.08695652173913049,0.00529149999965739,0.0,1
b32_c64,32,64,success,exact,8,8,141,0,,0.0032857999995030696,0.0016789000001153909,0.00496469999961846,92,84,0.08695652173913049,not_run_in_development_grid,93777dbb1396f34119a3c7abd792673d63abea48eb3460371bc0edff6ad7e7d7,grover_4,Grover,4,84,0.08695652173913049,0.00529149999965739,0.0,1
b1_c256,1,256,success,exact,8,8,141,0,,0.009334799999123788,0.0014614000010624295,0.010796200000186218,92,84,0.08695652173913049,not_run_in_development_grid,93777dbb1396f34119a3c7abd792673d63abea48eb3460371bc0edff6ad7e7d7,grover_4,Grover,4,84,0.08695652173913049,0.00529149999965739,0.0,1
b8_c256,8,256,success,exact,8,8,141,0,,0.0026617000003170688,0.0018242000005557202,0.004485900000872789,92,84,0.08695652173913049,not_run_in_development_grid,93777dbb1396f34119a3c7abd792673d63abea48eb3460371bc0edff6ad7e7d7,grover_4,Grover,4,84,0.08695652173913049,0.00529149999965739,0.0,1
b32_c256,32,256,success,exact,8,8,141,0,,0.0021242999991955003,0.0019277999999758322,0.0040520999991713325,92,84,0.08695652173913049,not_run_in_development_grid,93777dbb1396f34119a3c7abd792673d63abea48eb3460371bc0edff6ad7e7d7,grover_4,Grover,4,84,0.08695652173913049,0.00529149999965739,0.0,1
b1_c64,1,64,success,exact,8,8,29,0,,0.0011016000007657567,0.0009426999986317242,0.002044299999397481,44,36,0.18181818181818177,not_run_in_development_grid,b259423cfea000395faab3e5ca8720b18bebae620bc17f21338f9ffae251d987,clifford_6,RandomClifford,6,36,0.18181818181818177,0.001098999999157968,0.0,1
b8_c64,8,64,success,exact,8,8,29,0,,0.0016577999995206483,0.0005021000015403843,0.0021599000010610325,44,36,0.18181818181818177,not_run_in_development_grid,b259423cfea000395faab3e5ca8720b18bebae620bc17f21338f9ffae251d987,clifford_6,RandomClifford,6,36,0.18181818181818177,0.001098999999157968,0.0,1
b32_c64,32,64,success,exact,8,8,29,0,,0.0010124999989784556,0.0004822000009880867,0.0014946999999665422,44,36,0.18181818181818177,not_run_in_development_grid,b259423cfea000395faab3e5ca8720b18bebae620bc17f21338f9ffae251d987,clifford_6,RandomClifford,6,36,0.18181818181818177,0.001098999999157968,0.0,1
b1_c256,1,256,success,exact,8,8,29,0,,0.0009640000007493654,0.0004864000002271496,0.001450400000976515,44,36,0.18181818181818177,not_run_in_development_grid,b259423cfea000395faab3e5ca8720b18bebae620bc17f21338f9ffae251d987,clifford_6,RandomClifford,6,36,0.18181818181818177,0.001098999999157968,0.0,1
b8_c256,8,256,success,exact,8,8,29,0,,0.0011358000010659453,0.00048609999976179097,0.0016219000008277362,44,36,0.18181818181818177,not_run_in_development_grid,b259423cfea000395faab3e5ca8720b18bebae620bc17f21338f9ffae251d987,clifford_6,RandomClifford,6,36,0.18181818181818177,0.001098999999157968,0.0,1
b32_c256,32,256,success,exact,8,8,29,0,,0.0009649999992689118,0.0011571999984880676,0.0021221999977569794,44,36,0.18181818181818177,not_run_in_development_grid,b259423cfea000395faab3e5ca8720b18bebae620bc17f21338f9ffae251d987,clifford_6,RandomClifford,6,36,0.18181818181818177,0.001098999999157968,0.0,1
b1_c64,1,64,success,exact_zero,0,0,0,0,,0.0013186999985919101,0.0004890000000159489,0.001807699998607859,18,18,0.0,not_run_in_development_grid,e0b3e1cffafcde6de2affb92f841e127bb661b6483670899f818b5dc9fe9021e,adder_8,Adder,10,18,0.0,0.0010421999995742226,0.0,0
b8_c64,8,64,success,exact_zero,0,0,0,0,,0.0010880000008910429,0.0004751999986183364,0.0015631999995093793,18,18,0.0,not_run_in_development_grid,e0b3e1cffafcde6de2affb92f841e127bb661b6483670899f818b5dc9fe9021e,adder_8,Adder,10,18,0.0,0.0010421999995742226,0.0,0
b32_c64,32,64,success,exact_zero,0,0,0,0,,0.0010695000000850996,0.0004028000003017951,0.0014723000003868947,18,18,0.0,not_run_in_development_grid,e0b3e1cffafcde6de2affb92f841e127bb661b6483670899f818b5dc9fe9021e,adder_8,Adder,10,18,0.0,0.0010421999995742226,0.0,0
b1_c256,1,256,success,exact_zero,0,0,0,0,,0.0013288000009197276,0.0002561999990575714,0.001584999999977299,18,18,0.0,not_run_in_development_grid,e0b3e1cffafcde6de2affb92f841e127bb661b6483670899f818b5dc9fe9021e,adder_8,Adder,10,18,0.0,0.0010421999995742226,0.0,0
b8_c256,8,256,success,exact_zero,0,0,0,0,,0.0008522000007360475,0.00025630000163801014,0.0011085000023740577,18,18,0.0,not_run_in_development_grid,e0b3e1cffafcde6de2affb92f841e127bb661b6483670899f818b5dc9fe9021e,adder_8,Adder,10,18,0.0,0.0010421999995742226,0.0,0
b32_c256,32,256,success,exact_zero,0,0,0,0,,0.0007719999994151294,0.0002621000003273366,0.001034099999742466,18,18,0.0,not_run_in_development_grid,e0b3e1cffafcde6de2affb92f841e127bb661b6483670899f818b5dc9fe9021e,adder_8,Adder,10,18,0.0,0.0010421999995742226,0.0,0
b1_c64,1,64,success,exact,10,10,10,0,,0.0009492000008322066,0.00025550000100338366,0.0012047000018355902,23,13,0.4347826086956522,not_run_in_development_grid,4914698abc41ccf5c102d58cea869a0486728ed0832f0910ccf6c1306d1b49b0,bv_8,Oracle,9,13,0.4347826086956522,0.0005529999998543644,0.0,1
b8_c64,8,64,success,exact,10,10,10,0,,0.0013521000000764616,0.0004669999998441199,0.0018190999999205815,23,13,0.4347826086956522,not_run_in_development_grid,4914698abc41ccf5c102d58cea869a0486728ed0832f0910ccf6c1306d1b49b0,bv_8,Oracle,9,13,0.4347826086956522,0.0005529999998543644,0.0,1
b32_c64,32,64,success,exact,10,10,10,0,,0.0015032000010251068,0.0002576000006229151,0.0017608000016480219,23,13,0.4347826086956522,not_run_in_development_grid,4914698abc41ccf5c102d58cea869a0486728ed0832f0910ccf6c1306d1b49b0,bv_8,Oracle,9,13,0.4347826086956522,0.0005529999998543644,0.0,1
b1_c256,1,256,success,exact,10,10,10,0,,0.0009253000007447554,0.0002492000003257999,0.0011745000010705553,23,13,0.4347826086956522,not_run_in_development_grid,4914698abc41ccf5c102d58cea869a0486728ed0832f0910ccf6c1306d1b49b0,bv_8,Oracle,9,13,0.4347826086956522,0.0005529999998543644,0.0,1
b8_c256,8,256,success,exact,10,10,10,0,,0.0008520999999745982,0.00024479999956383836,0.0010968999995384365,23,13,0.4347826086956522,not_run_in_development_grid,4914698abc41ccf5c102d58cea869a0486728ed0832f0910ccf6c1306d1b49b0,bv_8,Oracle,9,13,0.4347826086956522,0.0005529999998543644,0.0,1
b32_c256,32,256,success,exact,10,10,10,0,,0.0008558999998058425,0.00024709999888727907,0.0011029999986931216,23,13,0.4347826086956522,not_run_in_development_grid,4914698abc41ccf5c102d58cea869a0486728ed0832f0910ccf6c1306d1b49b0,bv_8,Oracle,9,13,0.4347826086956522,0.0005529999998543644,0.0,1
b1_c64,1,64,success,exact,2,2,47,0,,0.0012153999996371567,0.0007220999996206956,0.0019374999992578523,28,26,0.0714285714285714,not_run_in_development_grid,7b3522676d252291940c2a9e9f17d81dfc1a5077c6b697e15563a3447cfc72ab,uccsd_4,UCCSD_inspired,4,26,0.0714285714285714,0.0018569000021670945,0.0,1
b8_c64,8,64,success,exact,2,2,47,0,,0.0009985000015149126,0.0007007000003795838,0.0016992000018944964,28,26,0.0714285714285714,not_run_in_development_grid,7b3522676d252291940c2a9e9f17d81dfc1a5077c6b697e15563a3447cfc72ab,uccsd_4,UCCSD_inspired,4,26,0.0714285714285714,0.0018569000021670945,0.0,1
b32_c64,32,64,success,exact,2,2,47,0,,0.0009117000008700415,0.0007110000005923212,0.0016227000014623627,28,26,0.0714285714285714,not_run_in_development_grid,7b3522676d252291940c2a9e9f17d81dfc1a5077c6b697e15563a3447cfc72ab,uccsd_4,UCCSD_inspired,4,26,0.0714285714285714,0.0018569000021670945,0.0,1
b1_c256,1,256,success,exact,2,2,47,0,,0.0009083000004466157,0.0011942000000999542,0.00210250000054657,28,26,0.0714285714285714,not_run_in_development_grid,7b3522676d252291940c2a9e9f17d81dfc1a5077c6b697e15563a3447cfc72ab,uccsd_4,UCCSD_inspired,4,26,0.0714285714285714,0.0018569000021670945,0.0,1
b8_c256,8,256,success,exact,2,2,47,0,,0.001445199999579927,0.0006933999993634643,0.0021385999989433913,28,26,0.0714285714285714,not_run_in_development_grid,7b3522676d252291940c2a9e9f17d81dfc1a5077c6b697e15563a3447cfc72ab,uccsd_4,UCCSD_inspired,4,26,0.0714285714285714,0.0018569000021670945,0.0,1
b32_c256,32,256,success,exact,2,2,47,0,,0.0009804000001167879,0.0008513999982824316,0.0018317999983992195,28,26,0.0714285714285714,not_run_in_development_grid,7b3522676d252291940c2a9e9f17d81dfc1a5077c6b697e15563a3447cfc72ab,uccsd_4,UCCSD_inspired,4,26,0.0714285714285714,0.0018569000021670945,0.0,1
b1_c64,1,64,success,exact_zero,0,0,5,0,,0.0016777000000729458,0.001125500000853208,0.0028032000009261537,46,46,0.0,not_run_in_development_grid,fc2908d6c4fd8d02ebb288c7d8a25dc4e5b9a8036c7104236e5788bd6a0d11cd,vqe_twolocal_6,VQE,6,46,0.0,0.002594600000520586,0.0,0
b8_c64,8,64,success,exact_zero,0,0,5,0,,0.0011481999990792247,0.000856700000440469,0.0020048999995196937,46,46,0.0,not_run_in_development_grid,fc2908d6c4fd8d02ebb288c7d8a25dc4e5b9a8036c7104236e5788bd6a0d11cd,vqe_twolocal_6,VQE,6,46,0.0,0.002594600000520586,0.0,0
b32_c64,32,64,success,exact_zero,0,0,5,0,,0.000952500000494183,0.000842400000692578,0.001794900001186761,46,46,0.0,not_run_in_development_grid,fc2908d6c4fd8d02ebb288c7d8a25dc4e5b9a8036c7104236e5788bd6a0d11cd,vqe_twolocal_6,VQE,6,46,0.0,0.002594600000520586,0.0,0
b1_c256,1,256,success,exact_zero,0,0,5,0,,0.0013944000002084067,0.0009577000000717817,0.0023521000002801884,46,46,0.0,not_run_in_development_grid,fc2908d6c4fd8d02ebb288c7d8a25dc4e5b9a8036c7104236e5788bd6a0d11cd,vqe_twolocal_6,VQE,6,46,0.0,0.002594600000520586,0.0,0
b8_c256,8,256,success,exact_zero,0,0,5,0,,0.0009503000001132023,0.0008354000001418171,0.0017857000002550194,46,46,0.0,not_run_in_development_grid,fc2908d6c4fd8d02ebb288c7d8a25dc4e5b9a8036c7104236e5788bd6a0d11cd,vqe_twolocal_6,VQE,6,46,0.0,0.002594600000520586,0.0,0
b32_c256,32,256,success,exact_zero,0,0,5,0,,0.0009991999995691003,0.0008791000000201166,0.001878299999589217,46,46,0.0,not_run_in_development_grid,fc2908d6c4fd8d02ebb288c7d8a25dc4e5b9a8036c7104236e5788bd6a0d11cd,vqe_twolocal_6,VQE,6,46,0.0,0.002594600000520586,0.0,0
b1_c64,1,64,success,exact,108,108,13305,0,,0.18669059999956517,0.013038900000537978,0.19972950000010314,646,538,0.16718266253869973,not_run_in_development_grid,b566c5863a335453fb112204e335b3b8c73d2037c3d0809e6850d62248548ca5,qwalk_4,QuantumWalk,5,538,0.16718266253869973,0.022047099999326747,0.0,1
b8_c64,8,64,success,exact,108,108,13305,0,,1.0855302999989362,0.013101200000164681,1.098631499999101,646,538,0.16718266253869973,not_run_in_development_grid,b566c5863a335453fb112204e335b3b8c73d2037c3d0809e6850d62248548ca5,qwalk_4,QuantumWalk,5,538,0.16718266253869973,0.022047099999326747,0.0,1
b32_c64,32,64,success,exact,108,108,13305,0,,4.120370200000252,0.012304500000027474,4.13267470000028,646,538,0.16718266253869973,not_run_in_development_grid,b566c5863a335453fb112204e335b3b8c73d2037c3d0809e6850d62248548ca5,qwalk_4,QuantumWalk,5,538,0.16718266253869973,0.022047099999326747,0.0,1
b1_c256,1,256,success,exact,108,108,13305,0,,0.16724369999974442,0.012465700001484947,0.17970940000122937,646,538,0.16718266253869973,not_run_in_development_grid,b566c5863a335453fb112204e335b3b8c73d2037c3d0809e6850d62248548ca5,qwalk_4,QuantumWalk,5,538,0.16718266253869973,0.022047099999326747,0.0,1
b8_c256,8,256,success,exact,108,108,13305,0,,1.1693789000000834,0.012665399999605143,1.1820442999996885,646,538,0.16718266253869973,not_run_in_development_grid,b566c5863a335453fb112204e335b3b8c73d2037c3d0809e6850d62248548ca5,qwalk_4,QuantumWalk,5,538,0.16718266253869973,0.022047099999326747,0.0,1
b32_c256,32,256,success,exact,108,108,13305,0,,4.1235009000010905,0.01278719999936584,4.136288100000456,646,538,0.16718266253869973,not_run_in_development_grid,b566c5863a335453fb112204e335b3b8c73d2037c3d0809e6850d62248548ca5,qwalk_4,QuantumWalk,5,538,0.16718266253869973,0.022047099999326747,0.0,1
b1_c64,1,64,success,exact_zero,0,0,17,0,,0.0010534000011830358,0.0005345999998098705,0.0015880000009929063,34,34,0.0,not_run_in_development_grid,9122b5a207a4c0a8ffeedf35af10c42a747aa84296b789e02a6bac63a0970083,hardware_eff_6,HardwareEfficient,6,34,0.0,0.001012199998513097,0.0,0
b8_c64,8,64,success,exact_zero,0,0,17,0,,0.0007707999993726844,0.0005037999999331078,0.0012745999993057922,34,34,0.0,not_run_in_development_grid,9122b5a207a4c0a8ffeedf35af10c42a747aa84296b789e02a6bac63a0970083,hardware_eff_6,HardwareEfficient,6,34,0.0,0.001012199998513097,0.0,0
b32_c64,32,64,success,exact_zero,0,0,17,0,,0.0007411000005959067,0.0005008999996789498,0.0012420000002748566,34,34,0.0,not_run_in_development_grid,9122b5a207a4c0a8ffeedf35af10c42a747aa84296b789e02a6bac63a0970083,hardware_eff_6,HardwareEfficient,6,34,0.0,0.001012199998513097,0.0,0
b1_c256,1,256,success,exact_zero,0,0,17,0,,0.0007404000007227296,0.0006047999995644204,0.00134520000028715,34,34,0.0,not_run_in_development_grid,9122b5a207a4c0a8ffeedf35af10c42a747aa84296b789e02a6bac63a0970083,hardware_eff_6,HardwareEfficient,6,34,0.0,0.001012199998513097,0.0,0
b8_c256,8,256,success,exact_zero,0,0,17,0,,0.0013830000007146737,0.0005838999986735871,0.0019668999993882608,34,34,0.0,not_run_in_development_grid,9122b5a207a4c0a8ffeedf35af10c42a747aa84296b789e02a6bac63a0970083,hardware_eff_6,HardwareEfficient,6,34,0.0,0.001012199998513097,0.0,0
b32_c256,32,256,success,exact_zero,0,0,17,0,,0.0007980999998835614,0.0005426999996416271,0.0013407999995251885,34,34,0.0,not_run_in_development_grid,9122b5a207a4c0a8ffeedf35af10c42a747aa84296b789e02a6bac63a0970083,hardware_eff_6,HardwareEfficient,6,34,0.0,0.001012199998513097,0.0,0
b1_c64,1,64,success,exact,18,18,9804,0,,1.1961966999988363,0.01829370000086783,1.214490399999704,1124,1106,0.016014234875444844,not_run_in_development_grid,48b1b2262a81838842891d34d28e8bb95c6ab5d240dc058f0b6299173c5a36fe,grover_8,Grover,8,1106,0.016014234875444844,0.029330499997740844,0.0,1
b8_c64,8,64,success,exact,18,18,9804,0,,1.0802592000000004,0.02123109999956796,1.1014902999995684,1124,1106,0.016014234875444844,not_run_in_development_grid,48b1b2262a81838842891d34d28e8bb95c6ab5d240dc058f0b6299173c5a36fe,grover_8,Grover,8,1106,0.016014234875444844,0.029330499997740844,0.0,1
b32_c64,32,64,success,exact,18,18,9804,0,,1.1691553999989992,0.017415999998775078,1.1865713999977743,1124,1106,0.016014234875444844,not_run_in_development_grid,48b1b2262a81838842891d34d28e8bb95c6ab5d240dc058f0b6299173c5a36fe,grover_8,Grover,8,1106,0.016014234875444844,0.029330499997740844,0.0,1
b1_c256,1,256,success,exact,18,18,9804,0,,1.078284100000019,0.01792089999980817,1.0962049999998271,1124,1106,0.016014234875444844,not_run_in_development_grid,48b1b2262a81838842891d34d28e8bb95c6ab5d240dc058f0b6299173c5a36fe,grover_8,Grover,8,1106,0.016014234875444844,0.029330499997740844,0.0,1
b8_c256,8,256,success,exact,18,18,9804,0,,1.1290779000009934,0.017849500000011176,1.1469274000010046,1124,1106,0.016014234875444844,not_run_in_development_grid,48b1b2262a81838842891d34d28e8bb95c6ab5d240dc058f0b6299173c5a36fe,grover_8,Grover,8,1106,0.016014234875444844,0.029330499997740844,0.0,1
b32_c256,32,256,success,exact,18,18,9804,0,,1.09008890000041,0.017493299999841838,1.1075822000002518,1124,1106,0.016014234875444844,not_run_in_development_grid,48b1b2262a81838842891d34d28e8bb95c6ab5d240dc058f0b6299173c5a36fe,grover_8,Grover,8,1106,0.016014234875444844,0.029330499997740844,0.0,1
b1_c64,1,64,success,exact_zero,0,0,23,0,,0.001057800000126008,0.0006747999996150611,0.001732599999741069,46,46,0.0,not_run_in_development_grid,e531af1f8b94fffea8b8bce63a1597bd0985b332e393c62efb10770617f93294,hardware_eff_8,HardwareEfficient,8,46,0.0,0.002086900001813774,0.0,0
b8_c64,8,64,success,exact_zero,0,0,23,0,,0.0007867000003898283,0.0006576000014320016,0.00144430000182183,46,46,0.0,not_run_in_development_grid,e531af1f8b94fffea8b8bce63a1597bd0985b332e393c62efb10770617f93294,hardware_eff_8,HardwareEfficient,8,46,0.0,0.002086900001813774,0.0,0
b32_c64,32,64,success,exact_zero,0,0,23,0,,0.0007291999991139164,0.0006524999989778735,0.00138169999809179,46,46,0.0,not_run_in_development_grid,e531af1f8b94fffea8b8bce63a1597bd0985b332e393c62efb10770617f93294,hardware_eff_8,HardwareEfficient,8,46,0.0,0.002086900001813774,0.0,0
b1_c256,1,256,success,exact_zero,0,0,23,0,,0.0007547000004706206,0.0007626000005984679,0.0015173000010690885,46,46,0.0,not_run_in_development_grid,e531af1f8b94fffea8b8bce63a1597bd0985b332e393c62efb10770617f93294,hardware_eff_8,HardwareEfficient,8,46,0.0,0.002086900001813774,0.0,0
b8_c256,8,256,success,exact_zero,0,0,23,0,,0.001087500000721775,0.0006588999985979171,0.0017463999993196921,46,46,0.0,not_run_in_development_grid,e531af1f8b94fffea8b8bce63a1597bd0985b332e393c62efb10770617f93294,hardware_eff_8,HardwareEfficient,8,46,0.0,0.002086900001813774,0.0,0
b32_c256,32,256,success,exact_zero,0,0,23,0,,0.0009833000003709458,0.0006883999994897749,0.0016716999998607207,46,46,0.0,not_run_in_development_grid,e531af1f8b94fffea8b8bce63a1597bd0985b332e393c62efb10770617f93294,hardware_eff_8,HardwareEfficient,8,46,0.0,0.002086900001813774,0.0,0
b1_c64,1,64,success,exact_zero,0,0,7,0,,0.0014168000016070437,0.001018199998725322,0.0024350000003323657,62,62,0.0,not_run_in_development_grid,a7ab9db53d4fc264f2d6a392f086a33f96e5c9b66ca7eb54d656793b0b5aeb07,vqe_twolocal_8,VQE,8,62,0.0,0.0017829999997047707,0.0,0
b8_c64,8,64,success,exact_zero,0,0,7,0,,0.0008886999985406874,0.0010190999983024085,0.0019077999968430959,62,62,0.0,not_run_in_development_grid,a7ab9db53d4fc264f2d6a392f086a33f96e5c9b66ca7eb54d656793b0b5aeb07,vqe_twolocal_8,VQE,8,62,0.0,0.0017829999997047707,0.0,0
b32_c64,32,64,success,exact_zero,0,0,7,0,,0.00079590000132157,0.0010311000005458482,0.0018270000018674182,62,62,0.0,not_run_in_development_grid,a7ab9db53d4fc264f2d6a392f086a33f96e5c9b66ca7eb54d656793b0b5aeb07,vqe_twolocal_8,VQE,8,62,0.0,0.0017829999997047707,0.0,0
b1_c256,1,256,success,exact_zero,0,0,7,0,,0.0008166000006895047,0.0011795999998867046,0.0019962000005762093,62,62,0.0,not_run_in_development_grid,a7ab9db53d4fc264f2d6a392f086a33f96e5c9b66ca7eb54d656793b0b5aeb07,vqe_twolocal_8,VQE,8,62,0.0,0.0017829999997047707,0.0,0
b8_c256,8,256,success,exact_zero,0,0,7,0,,0.0012330000008660136,0.0010609000000840751,0.0022939000009500887,62,62,0.0,not_run_in_development_grid,a7ab9db53d4fc264f2d6a392f086a33f96e5c9b66ca7eb54d656793b0b5aeb07,vqe_twolocal_8,VQE,8,62,0.0,0.0017829999997047707,0.0,0
b32_c256,32,256,success,exact_zero,0,0,7,0,,0.0010478000003786292,0.0010904999999183929,0.002138300000297022,62,62,0.0,not_run_in_development_grid,a7ab9db53d4fc264f2d6a392f086a33f96e5c9b66ca7eb54d656793b0b5aeb07,vqe_twolocal_8,VQE,8,62,0.0,0.0017829999997047707,0.0,0
b1_c64,1,64,success,exact,12,12,218,0,,0.038720200000170735,0.005413699998825905,0.04413389999899664,80,68,0.15000000000000002,not_run_in_development_grid,22551b784d24a75d9256bbd007b935019702d979f1a26edaef3c56d99546120b,uccsd_8,UCCSD_inspired,8,68,0.15000000000000002,0.006935699999303324,0.0,1
b8_c64,8,64,success,exact,12,12,218,0,,0.008435800000370364,0.006007300000419491,0.014443100000789855,80,68,0.15000000000000002,not_run_in_development_grid,22551b784d24a75d9256bbd007b935019702d979f1a26edaef3c56d99546120b,uccsd_8,UCCSD_inspired,8,68,0.15000000000000002,0.006935699999303324,0.0,1
b32_c64,32,64,success,exact,12,12,218,0,,0.007890799999586307,0.006146400000943686,0.014037200000529992,80,68,0.15000000000000002,not_run_in_development_grid,22551b784d24a75d9256bbd007b935019702d979f1a26edaef3c56d99546120b,uccsd_8,UCCSD_inspired,8,68,0.15000000000000002,0.006935699999303324,0.0,1
b1_c256,1,256,success,exact,12,12,218,0,,0.008987700000943732,0.005423500000688364,0.014411200001632096,80,68,0.15000000000000002,not_run_in_development_grid,22551b784d24a75d9256bbd007b935019702d979f1a26edaef3c56d99546120b,uccsd_8,UCCSD_inspired,8,68,0.15000000000000002,0.006935699999303324,0.0,1
b8_c256,8,256,success,exact,12,12,218,0,,0.007878599999457947,0.0057393999995838385,0.013617999999041785,80,68,0.15000000000000002,not_run_in_development_grid,22551b784d24a75d9256bbd007b935019702d979f1a26edaef3c56d99546120b,uccsd_8,UCCSD_inspired,8,68,0.15000000000000002,0.006935699999303324,0.0,1
b32_c256,32,256,success,exact,12,12,218,0,,0.0077121000012994045,0.006032699999195756,0.013744800000495161,80,68,0.15000000000000002,not_run_in_development_grid,22551b784d24a75d9256bbd007b935019702d979f1a26edaef3c56d99546120b,uccsd_8,UCCSD_inspired,8,68,0.15000000000000002,0.006935699999303324,0.0,1
b1_c64,1,64,success,exact,8,8,16,0,,0.0016180999991775025,0.0009057999996002764,0.002523899998777779,24,16,0.33333333333333337,not_run_in_development_grid,4ac2702c1b96c4bb94104c83ed1f70861d0f3fced7f279ffff33418db3943556,iqp_4,IQP,4,22,0.08333333333333337,0.0008938000009948155,25.0,1
b8_c64,8,64,success,exact,8,8,16,0,,0.002729899999394547,0.0010909000011452008,0.003820800000539748,24,16,0.33333333333333337,not_run_in_development_grid,4ac2702c1b96c4bb94104c83ed1f70861d0f3fced7f279ffff33418db3943556,iqp_4,IQP,4,22,0.08333333333333337,0.0008938000009948155,25.0,1
b32_c64,32,64,success,exact,8,8,16,0,,0.0020034999997733394,0.00072580000050948,0.0027293000002828194,24,16,0.33333333333333337,not_run_in_development_grid,4ac2702c1b96c4bb94104c83ed1f70861d0f3fced7f279ffff33418db3943556,iqp_4,IQP,4,22,0.08333333333333337,0.0008938000009948155,25.0,1
b1_c256,1,256,success,exact,8,8,16,0,,0.0015062999991641846,0.0007177999996201834,0.002224099998784368,24,16,0.33333333333333337,not_run_in_development_grid,4ac2702c1b96c4bb94104c83ed1f70861d0f3fced7f279ffff33418db3943556,iqp_4,IQP,4,22,0.08333333333333337,0.0008938000009948155,25.0,1
b8_c256,8,256,success,exact,8,8,16,0,,0.002814000001308159,0.0007765000009385403,0.0035905000022466993,24,16,0.33333333333333337,not_run_in_development_grid,4ac2702c1b96c4bb94104c83ed1f70861d0f3fced7f279ffff33418db3943556,iqp_4,IQP,4,22,0.08333333333333337,0.0008938000009948155,25.0,1
b32_c256,32,256,success,exact,8,8,16,0,,0.0014824000008957228,0.0007196999995358055,0.0022021000004315283,24,16,0.33333333333333337,not_run_in_development_grid,4ac2702c1b96c4bb94104c83ed1f70861d0f3fced7f279ffff33418db3943556,iqp_4,IQP,4,22,0.08333333333333337,0.0008938000009948155,25.0,1
b1_c64,1,64,success,exact,12,12,40,0,,0.0018662999991647666,0.0006307000003289431,0.0024969999994937098,60,48,0.19999999999999996,not_run_in_development_grid,d9314ccce0f63523afe008acf2a9b627f9cd1bc22c527bfb6df0dd4c5f4c780c,clifford_8,RandomClifford,8,48,0.19999999999999996,0.0011346000010235002,0.0,1
b8_c64,8,64,success,exact,12,12,40,0,,0.0012462000013329089,0.0005968000004941132,0.001843000001827022,60,48,0.19999999999999996,not_run_in_development_grid,d9314ccce0f63523afe008acf2a9b627f9cd1bc22c527bfb6df0dd4c5f4c780c,clifford_8,RandomClifford,8,48,0.19999999999999996,0.0011346000010235002,0.0,1
b32_c64,32,64,success,exact,12,12,40,0,,0.001107899999624351,0.0005812999988847878,0.0016891999985091388,60,48,0.19999999999999996,not_run_in_development_grid,d9314ccce0f63523afe008acf2a9b627f9cd1bc22c527bfb6df0dd4c5f4c780c,clifford_8,RandomClifford,8,48,0.19999999999999996,0.0011346000010235002,0.0,1
b1_c256,1,256,success,exact,12,12,40,0,,0.0010925000005954644,0.0005920000003243331,0.0016845000009197975,60,48,0.19999999999999996,not_run_in_development_grid,d9314ccce0f63523afe008acf2a9b627f9cd1bc22c527bfb6df0dd4c5f4c780c,clifford_8,RandomClifford,8,48,0.19999999999999996,0.0011346000010235002,0.0,1
b8_c256,8,256,success,exact,12,12,40,0,,0.0013739000005443813,0.0007245999986480456,0.002098499999192427,60,48,0.19999999999999996,not_run_in_development_grid,d9314ccce0f63523afe008acf2a9b627f9cd1bc22c527bfb6df0dd4c5f4c780c,clifford_8,RandomClifford,8,48,0.19999999999999996,0.0011346000010235002,0.0,1
b32_c256,32,256,success,exact,12,12,40,0,,0.0017695000005915063,0.0006089000016800128,0.002378400002271519,60,48,0.19999999999999996,not_run_in_development_grid,d9314ccce0f63523afe008acf2a9b627f9cd1bc22c527bfb6df0dd4c5f4c780c,clifford_8,RandomClifford,8,48,0.19999999999999996,0.0011346000010235002,0.0,1
b1_c64,1,64,success,exact_zero,0,0,23,0,,0.0008345000005647307,0.0006595999984710943,0.001494099999035825,46,46,0.0,not_run_in_development_grid,326af35614abc61489f1ad4018e0d4e3dedd5328f5de7283c2efd6199cf76236,hardware_eff_8,HardwareEfficient,8,46,0.0,0.0011460999994596932,0.0,0
b8_c64,8,64,success,exact_zero,0,0,23,0,,0.0012597999993886333,0.0007476000009773998,0.002007400000366033,46,46,0.0,not_run_in_development_grid,326af35614abc61489f1ad4018e0d4e3dedd5328f5de7283c2efd6199cf76236,hardware_eff_8,HardwareEfficient,8,46,0.0,0.0011460999994596932,0.0,0
b32_c64,32,64,success,exact_zero,0,0,23,0,,0.0009368999999423977,0.0011789000000135275,0.002115799999955925,46,46,0.0,not_run_in_development_grid,326af35614abc61489f1ad4018e0d4e3dedd5328f5de7283c2efd6199cf76236,hardware_eff_8,HardwareEfficient,8,46,0.0,0.0011460999994596932,0.0,0
b1_c256,1,256,success,exact_zero,0,0,23,0,,0.0012585999993461883,0.0012377000002743443,0.0024962999996205326,46,46,0.0,not_run_in_development_grid,326af35614abc61489f1ad4018e0d4e3dedd5328f5de7283c2efd6199cf76236,hardware_eff_8,HardwareEfficient,8,46,0.0,0.0011460999994596932,0.0,0
b8_c256,8,256,success,exact_zero,0,0,23,0,,0.0011375000012776582,0.0011051999990741024,0.0022427000003517605,46,46,0.0,not_run_in_development_grid,326af35614abc61489f1ad4018e0d4e3dedd5328f5de7283c2efd6199cf76236,hardware_eff_8,HardwareEfficient,8,46,0.0,0.0011460999994596932,0.0,0
b32_c256,32,256,success,exact_zero,0,0,23,0,,0.0016114000009110896,0.0006797000005462905,0.00229110000145738,46,46,0.0,not_run_in_development_grid,326af35614abc61489f1ad4018e0d4e3dedd5328f5de7283c2efd6199cf76236,hardware_eff_8,HardwareEfficient,8,46,0.0,0.0011460999994596932,0.0,0
b1_c64,1,64,success,exact,6,6,135,0,,0.0023510000009991927,0.0028794999998353887,0.0052305000008345814,58,52,0.10344827586206895,not_run_in_development_grid,da3d5d211a834bc0eae3944ac1de0713b7822563ca9f58d191717e39618f430e,uccsd_6,UCCSD_inspired,6,52,0.10344827586206895,0.0030392999997275183,0.0,1
b8_c64,8,64,success,exact,6,6,135,0,,0.001708600000711158,0.0023350999999820488,0.004043700000693207,58,52,0.10344827586206895,not_run_in_development_grid,da3d5d211a834bc0eae3944ac1de0713b7822563ca9f58d191717e39618f430e,uccsd_6,UCCSD_inspired,6,52,0.10344827586206895,0.0030392999997275183,0.0,1
b32_c64,32,64,success,exact,6,6,135,0,,0.002391100000750157,0.002263999998831423,0.00465509999958158,58,52,0.10344827586206895,not_run_in_development_grid,da3d5d211a834bc0eae3944ac1de0713b7822563ca9f58d191717e39618f430e,uccsd_6,UCCSD_inspired,6,52,0.10344827586206895,0.0030392999997275183,0.0,1
b1_c256,1,256,success,exact,6,6,135,0,,0.0015335000007326016,0.0023485999990953133,0.003882099999827915,58,52,0.10344827586206895,not_run_in_development_grid,da3d5d211a834bc0eae3944ac1de0713b7822563ca9f58d191717e39618f430e,uccsd_6,UCCSD_inspired,6,52,0.10344827586206895,0.0030392999997275183,0.0,1
b8_c256,8,256,success,exact,6,6,135,0,,0.0014714999997522682,0.0023557000004075235,0.0038272000001597917,58,52,0.10344827586206895,not_run_in_development_grid,da3d5d211a834bc0eae3944ac1de0713b7822563ca9f58d191717e39618f430e,uccsd_6,UCCSD_inspired,6,52,0.10344827586206895,0.0030392999997275183,0.0,1
b32_c256,32,256,success,exact,6,6,135,0,,0.0015570999985357048,0.002268000000185566,0.003825099998721271,58,52,0.10344827586206895,not_run_in_development_grid,da3d5d211a834bc0eae3944ac1de0713b7822563ca9f58d191717e39618f430e,uccsd_6,UCCSD_inspired,6,52,0.10344827586206895,0.0030392999997275183,0.0,1
b1_c64,1,64,success,exact_zero,0,0,3,0,,0.0011997000001429114,0.0010636999995767837,0.002263399999719695,30,30,0.0,not_run_in_development_grid,de948303c9c984b841388b3aa67f077ef51521bf18b9a003b8ea79b973958b75,vqe_twolocal_4,VQE,4,30,0.0,0.0008608999996795319,0.0,0
b8_c64,8,64,success,exact_zero,0,0,3,0,,0.0012630000001081498,0.0008975000000646105,0.0021605000001727603,30,30,0.0,not_run_in_development_grid,de948303c9c984b841388b3aa67f077ef51521bf18b9a003b8ea79b973958b75,vqe_twolocal_4,VQE,4,30,0.0,0.0008608999996795319,0.0,0
b32_c64,32,64,success,exact_zero,0,0,3,0,,0.0009074999998119893,0.0005383999996411148,0.001445899999453104,30,30,0.0,not_run_in_development_grid,de948303c9c984b841388b3aa67f077ef51521bf18b9a003b8ea79b973958b75,vqe_twolocal_4,VQE,4,30,0.0,0.0008608999996795319,0.0,0
b1_c256,1,256,success,exact_zero,0,0,3,0,,0.0009964999990188517,0.0005307999999786261,0.0015272999989974778,30,30,0.0,not_run_in_development_grid,de948303c9c984b841388b3aa67f077ef51521bf18b9a003b8ea79b973958b75,vqe_twolocal_4,VQE,4,30,0.0,0.0008608999996795319,0.0,0
b8_c256,8,256,success,exact_zero,0,0,3,0,,0.0007458000000042375,0.0010468000000400934,0.001792600000044331,30,30,0.0,not_run_in_development_grid,de948303c9c984b841388b3aa67f077ef51521bf18b9a003b8ea79b973958b75,vqe_twolocal_4,VQE,4,30,0.0,0.0008608999996795319,0.0,0
b32_c256,32,256,success,exact_zero,0,0,3,0,,0.001520100000561797,0.0009214000001520617,0.0024415000007138588,30,30,0.0,not_run_in_development_grid,de948303c9c984b841388b3aa67f077ef51521bf18b9a003b8ea79b973958b75,vqe_twolocal_4,VQE,4,30,0.0,0.0008608999996795319,0.0,0
b1_c64,1,64,success,truncated,132,128,148923,2,conservative_overlap_check_budget_predicted:20000000:2190159,0.04679059999944002,0.06784669999979087,0.11463729999923089,3922,3790,0.03365629780724122,not_run_in_development_grid,f1284efd15a9080f1c608580385172943d833e7426babe23f2a385b344fca9ac,qwalk_6,QuantumWalk,7,3790,0.03365629780724122,0.10721639999974286,0.0,1
b8_c64,8,64,success,truncated,132,128,148923,2,conservative_overlap_check_budget_predicted:20000000:2190159,0.505206799998632,0.0686612999998033,0.5738680999984354,3922,3790,0.03365629780724122,not_run_in_development_grid,f1284efd15a9080f1c608580385172943d833e7426babe23f2a385b344fca9ac,qwalk_6,QuantumWalk,7,3790,0.03365629780724122,0.10721639999974286,0.0,1
b32_c64,32,64,success,truncated,132,128,148923,2,conservative_overlap_check_budget_predicted:20000000:2190159,1.3107845000013185,0.06631209999977727,1.3770966000010958,3922,3790,0.03365629780724122,not_run_in_development_grid,f1284efd15a9080f1c608580385172943d833e7426babe23f2a385b344fca9ac,qwalk_6,QuantumWalk,7,3790,0.03365629780724122,0.10721639999974286,0.0,1
b1_c256,1,256,success,exact,132,132,148923,0,conservative_overlap_check_budget_predicted:20000000:2190159,0.04707869999947434,0.07003070000064326,0.1171094000001176,3922,3790,0.03365629780724122,not_run_in_development_grid,f1284efd15a9080f1c608580385172943d833e7426babe23f2a385b344fca9ac,qwalk_6,QuantumWalk,7,3790,0.03365629780724122,0.10721639999974286,0.0,1
b8_c256,8,256,success,exact,132,132,148923,0,conservative_overlap_check_budget_predicted:20000000:2190159,0.4749186999997619,0.06748950000110199,0.5424082000008639,3922,3790,0.03365629780724122,not_run_in_development_grid,f1284efd15a9080f1c608580385172943d833e7426babe23f2a385b344fca9ac,qwalk_6,QuantumWalk,7,3790,0.03365629780724122,0.10721639999974286,0.0,1
b32_c256,32,256,success,exact,132,132,148923,0,conservative_overlap_check_budget_predicted:20000000:2190159,1.2547020999991219,0.06764089999887801,1.3223429999979999,3922,3790,0.03365629780724122,not_run_in_development_grid,f1284efd15a9080f1c608580385172943d833e7426babe23f2a385b344fca9ac,qwalk_6,QuantumWalk,7,3790,0.03365629780724122,0.10721639999974286,0.0,1
b1_c64,1,64,success,exact,120,120,51264,0,,1.0704752000001463,0.034118199999284116,1.1045933999994304,1900,1780,0.06315789473684208,not_run_in_development_grid,948333538f192e047cf807ea8eaf140facd1c784484d67f3d731205abea6929e,qwalk_5,QuantumWalk,6,1780,0.06315789473684208,0.04990379999981087,0.0,1
b8_c64,8,64,success,exact,120,120,51264,0,,7.170433999999659,0.03363280000121449,7.204066800000874,1900,1780,0.06315789473684208,not_run_in_development_grid,948333538f192e047cf807ea8eaf140facd1c784484d67f3d731205abea6929e,qwalk_5,QuantumWalk,6,1780,0.06315789473684208,0.04990379999981087,0.0,1
b32_c64,32,64,success,exact,120,120,51264,0,,26.712355800000296,0.03836740000042482,26.75072320000072,1900,1780,0.06315789473684208,not_run_in_development_grid,948333538f192e047cf807ea8eaf140facd1c784484d67f3d731205abea6929e,qwalk_5,QuantumWalk,6,1780,0.06315789473684208,0.04990379999981087,0.0,1
b1_c256,1,256,success,exact,120,120,51264,0,,1.0935881999994308,0.03457900000103109,1.128167200000462,1900,1780,0.06315789473684208,not_run_in_development_grid,948333538f192e047cf807ea8eaf140facd1c784484d67f3d731205abea6929e,qwalk_5,QuantumWalk,6,1780,0.06315789473684208,0.04990379999981087,0.0,1
b8_c256,8,256,success,exact,120,120,51264,0,,6.97140489999947,0.03463310000006459,7.006037999999535,1900,1780,0.06315789473684208,not_run_in_development_grid,948333538f192e047cf807ea8eaf140facd1c784484d67f3d731205abea6929e,qwalk_5,QuantumWalk,6,1780,0.06315789473684208,0.04990379999981087,0.0,1
b32_c256,32,256,success,exact,120,120,51264,0,,25.420073200000843,0.050890000000435975,25.47096320000128,1900,1780,0.06315789473684208,not_run_in_development_grid,948333538f192e047cf807ea8eaf140facd1c784484d67f3d731205abea6929e,qwalk_5,QuantumWalk,6,1780,0.06315789473684208,0.04990379999981087,0.0,1
b1_c64,1,64,success,exact,108,108,13305,0,,0.251203899999382,0.014353900000060094,0.26555779999944207,646,538,0.16718266253869973,not_run_in_development_grid,08d1f72d01ec4aea7a1db3a931475f5b6dec3dbcbae9f261b9ca622d0598111e,qwalk_4,QuantumWalk,5,538,0.16718266253869973,0.02324849999968137,0.0,1
b8_c64,8,64,success,exact,108,108,13305,0,,1.447960499999681,0.012478900000132853,1.4604393999998138,646,538,0.16718266253869973,not_run_in_development_grid,08d1f72d01ec4aea7a1db3a931475f5b6dec3dbcbae9f261b9ca622d0598111e,qwalk_4,QuantumWalk,5,538,0.16718266253869973,0.02324849999968137,0.0,1
b32_c64,32,64,success,exact,108,108,13305,0,,4.87006780000047,0.013044499999523396,4.883112299999993,646,538,0.16718266253869973,not_run_in_development_grid,08d1f72d01ec4aea7a1db3a931475f5b6dec3dbcbae9f261b9ca622d0598111e,qwalk_4,QuantumWalk,5,538,0.16718266253869973,0.02324849999968137,0.0,1
b1_c256,1,256,success,exact,108,108,13305,0,,0.19244910000088566,0.012697000000116532,0.2051461000010022,646,538,0.16718266253869973,not_run_in_development_grid,08d1f72d01ec4aea7a1db3a931475f5b6dec3dbcbae9f261b9ca622d0598111e,qwalk_4,QuantumWalk,5,538,0.16718266253869973,0.02324849999968137,0.0,1
b8_c256,8,256,success,exact,108,108,13305,0,,1.1066120000014052,0.012669600000663195,1.1192816000020684,646,538,0.16718266253869973,not_run_in_development_grid,08d1f72d01ec4aea7a1db3a931475f5b6dec3dbcbae9f261b9ca622d0598111e,qwalk_4,QuantumWalk,5,538,0.16718266253869973,0.02324849999968137,0.0,1
b32_c256,32,256,success,exact,108,108,13305,0,,4.1769000999993295,0.01302170000053593,4.1899217999998655,646,538,0.16718266253869973,not_run_in_development_grid,08d1f72d01ec4aea7a1db3a931475f5b6dec3dbcbae9f261b9ca622d0598111e,qwalk_4,QuantumWalk,5,538,0.16718266253869973,0.02324849999968137,0.0,1
b1_c64,1,64,success,exact,8,8,8,0,,0.0012173000013717683,0.00022280000121099874,0.001440100002582767,18,10,0.4444444444444444,not_run_in_development_grid,b98a3363c993ad5edbd737590039c24e4937feb19e9844969467b91522d86dd8,bv_6,Oracle,7,10,0.4444444444444444,0.0010710999977163738,0.0,1
b8_c64,8,64,success,exact,8,8,8,0,,0.0008160999987012474,0.0001965000010386575,0.0010125999997399049,18,10,0.4444444444444444,not_run_in_development_grid,b98a3363c993ad5edbd737590039c24e4937feb19e9844969467b91522d86dd8,bv_6,Oracle,7,10,0.4444444444444444,0.0010710999977163738,0.0,1
b32_c64,32,64,success,exact,8,8,8,0,,0.0007665000011911616,0.00019119999888062011,0.0009577000000717817,18,10,0.4444444444444444,not_run_in_development_grid,b98a3363c993ad5edbd737590039c24e4937feb19e9844969467b91522d86dd8,bv_6,Oracle,7,10,0.4444444444444444,0.0010710999977163738,0.0,1
b1_c256,1,256,success,exact,8,8,8,0,,0.0007664000004297122,0.00018710000040300656,0.0009535000008327188,18,10,0.4444444444444444,not_run_in_development_grid,b98a3363c993ad5edbd737590039c24e4937feb19e9844969467b91522d86dd8,bv_6,Oracle,7,10,0.4444444444444444,0.0010710999977163738,0.0,1
b8_c256,8,256,success,exact,8,8,8,0,,0.001000199999907636,0.00021299999934853986,0.001213199999256176,18,10,0.4444444444444444,not_run_in_development_grid,b98a3363c993ad5edbd737590039c24e4937feb19e9844969467b91522d86dd8,bv_6,Oracle,7,10,0.4444444444444444,0.0010710999977163738,0.0,1
b32_c256,32,256,success,exact,8,8,8,0,,0.0011928999992960598,0.0001971000001503853,0.0013899999994464451,18,10,0.4444444444444444,not_run_in_development_grid,b98a3363c993ad5edbd737590039c24e4937feb19e9844969467b91522d86dd8,bv_6,Oracle,7,10,0.4444444444444444,0.0010710999977163738,0.0,1
b1_c64,1,64,success,exact,2,2,7,0,,0.0011157999997521983,0.00024290000146720558,0.001358700001219404,18,16,0.11111111111111116,not_run_in_development_grid,b1eea75a6b9b0df65f92fc8a6cc335196d0e181b16f0295c85e61c1ab5bcff75,bv_5,Oracle,6,16,0.11111111111111116,0.0004939000009471783,0.0,1
b8_c64,8,64,success,exact,2,2,7,0,,0.000775200000134646,0.00023039999905449804,0.001005599999189144,18,16,0.11111111111111116,not_run_in_development_grid,b1eea75a6b9b0df65f92fc8a6cc335196d0e181b16f0295c85e61c1ab5bcff75,bv_5,Oracle,6,16,0.11111111111111116,0.0004939000009471783,0.0,1
b32_c64,32,64,success,exact,2,2,7,0,,0.000733500000933418,0.0002500000009604264,0.0009835000018938445,18,16,0.11111111111111116,not_run_in_development_grid,b1eea75a6b9b0df65f92fc8a6cc335196d0e181b16f0295c85e61c1ab5bcff75,bv_5,Oracle,6,16,0.11111111111111116,0.0004939000009471783,0.0,1
b1_c256,1,256,success,exact,2,2,7,0,,0.000683000000208267,0.000331900000674068,0.001014900000882335,18,16,0.11111111111111116,not_run_in_development_grid,b1eea75a6b9b0df65f92fc8a6cc335196d0e181b16f0295c85e61c1ab5bcff75,bv_5,Oracle,6,16,0.11111111111111116,0.0004939000009471783,0.0,1
b8_c256,8,256,success,exact,2,2,7,0,,0.0010772999994514976,0.00028510000083770137,0.001362400000289199,18,16,0.11111111111111116,not_run_in_development_grid,b1eea75a6b9b0df65f92fc8a6cc335196d0e181b16f0295c85e61c1ab5bcff75,bv_5,Oracle,6,16,0.11111111111111116,0.0004939000009471783,0.0,1
b32_c256,32,256,success,exact,2,2,7,0,,0.000846199998704833,0.0002330999996047467,0.0010792999983095797,18,16,0.11111111111111116,not_run_in_development_grid,b1eea75a6b9b0df65f92fc8a6cc335196d0e181b16f0295c85e61c1ab5bcff75,bv_5,Oracle,6,16,0.11111111111111116,0.0004939000009471783,0.0,1
b1_c64,1,64,success,exact_zero,0,0,0,0,,0.0008028000011108816,0.000130899999930989,0.0009337000010418706,8,8,0.0,not_run_in_development_grid,587577f385cf54a3edd3cc639b3ac8cc5aa139f2ef414827515ddc7be4c12104,ghz_8,GHZ,8,8,0.0,0.0003326999994897051,0.0,0
b8_c64,8,64,success,exact_zero,0,0,0,0,,0.0007173999983933754,0.00012480000077630393,0.0008421999991696794,8,8,0.0,not_run_in_development_grid,587577f385cf54a3edd3cc639b3ac8cc5aa139f2ef414827515ddc7be4c12104,ghz_8,GHZ,8,8,0.0,0.0003326999994897051,0.0,0
b32_c64,32,64,success,exact_zero,0,0,0,0,,0.0011106000001745997,0.00013330000001587905,0.0012439000001904787,8,8,0.0,not_run_in_development_grid,587577f385cf54a3edd3cc639b3ac8cc5aa139f2ef414827515ddc7be4c12104,ghz_8,GHZ,8,8,0.0,0.0003326999994897051,0.0,0
b1_c256,1,256,success,exact_zero,0,0,0,0,,0.000756800000090152,0.00012649999916902743,0.0008832999992591795,8,8,0.0,not_run_in_development_grid,587577f385cf54a3edd3cc639b3ac8cc5aa139f2ef414827515ddc7be4c12104,ghz_8,GHZ,8,8,0.0,0.0003326999994897051,0.0,0
b8_c256,8,256,success,exact_zero,0,0,0,0,,0.0009050999997270992,0.0002758999999059597,0.001180999999633059,8,8,0.0,not_run_in_development_grid,587577f385cf54a3edd3cc639b3ac8cc5aa139f2ef414827515ddc7be4c12104,ghz_8,GHZ,8,8,0.0,0.0003326999994897051,0.0,0
b32_c256,32,256,success,exact_zero,0,0,0,0,,0.0013918000004196074,0.00013020000005781185,0.0015220000004774192,8,8,0.0,not_run_in_development_grid,587577f385cf54a3edd3cc639b3ac8cc5aa139f2ef414827515ddc7be4c12104,ghz_8,GHZ,8,8,0.0,0.0003326999994897051,0.0,0
b1_c64,1,64,success,exact_zero,0,0,11,0,,0.0008465999999316409,0.0003480000013951212,0.0011946000013267621,22,22,0.0,not_run_in_development_grid,b2b8ea4ed9aecdcfd921ea28cb16d178c46018000c9dec2eead95b2c37123b51,hardware_eff_4,HardwareEfficient,4,22,0.0,0.0007327999992412515,0.0,0
b8_c64,8,64,success,exact_zero,0,0,11,0,,0.0009654999994381797,0.0005096999993838836,0.0014751999988220632,22,22,0.0,not_run_in_development_grid,b2b8ea4ed9aecdcfd921ea28cb16d178c46018000c9dec2eead95b2c37123b51,hardware_eff_4,HardwareEfficient,4,22,0.0,0.0007327999992412515,0.0,0
b32_c64,32,64,success,exact_zero,0,0,11,0,,0.0011092999993707053,0.0003664999985630857,0.001475799997933791,22,22,0.0,not_run_in_development_grid,b2b8ea4ed9aecdcfd921ea28cb16d178c46018000c9dec2eead95b2c37123b51,hardware_eff_4,HardwareEfficient,4,22,0.0,0.0007327999992412515,0.0,0
b1_c256,1,256,success,exact_zero,0,0,11,0,,0.0008459000000584638,0.0003569999989849748,0.0012028999990434386,22,22,0.0,not_run_in_development_grid,b2b8ea4ed9aecdcfd921ea28cb16d178c46018000c9dec2eead95b2c37123b51,hardware_eff_4,HardwareEfficient,4,22,0.0,0.0007327999992412515,0.0,0
b8_c256,8,256,success,exact_zero,0,0,11,0,,0.0008096000001387438,0.00034560000131023116,0.001155200001448975,22,22,0.0,not_run_in_development_grid,b2b8ea4ed9aecdcfd921ea28cb16d178c46018000c9dec2eead95b2c37123b51,hardware_eff_4,HardwareEfficient,4,22,0.0,0.0007327999992412515,0.0,0
b32_c256,32,256,success,exact_zero,0,0,11,0,,0.0009128999990934972,0.00034700000105658546,0.0012599000001500826,22,22,0.0,not_run_in_development_grid,b2b8ea4ed9aecdcfd921ea28cb16d178c46018000c9dec2eead95b2c37123b51,hardware_eff_4,HardwareEfficient,4,22,0.0,0.0007327999992412515,0.0,0
b1_c64,1,64,success,exact,6,6,16,0,,0.0018732999997155275,0.0008577999997214647,0.0027310999994369922,43,37,0.13953488372093026,not_run_in_development_grid,71d778addd8ccb7f497d5f93f4f8f4243fe3239acec2e394b798baf7763c879e,clifford_6,RandomClifford,6,37,0.13953488372093026,0.001074199997674441,0.0,1
b8_c64,8,64,success,exact,6,6,16,0,,0.0014314999989437638,0.00048329999845009297,0.0019147999973938568,43,37,0.13953488372093026,not_run_in_development_grid,71d778addd8ccb7f497d5f93f4f8f4243fe3239acec2e394b798baf7763c879e,clifford_6,RandomClifford,6,37,0.13953488372093026,0.001074199997674441,0.0,1
b32_c64,32,64,success,exact,6,6,16,0,,0.0009482000004936708,0.000498699999297969,0.0014468999997916399,43,37,0.13953488372093026,not_run_in_development_grid,71d778addd8ccb7f497d5f93f4f8f4243fe3239acec2e394b798baf7763c879e,clifford_6,RandomClifford,6,37,0.13953488372093026,0.001074199997674441,0.0,1
b1_c256,1,256,success,exact,6,6,16,0,,0.000904399999853922,0.0008441999998467509,0.001748599999700673,43,37,0.13953488372093026,not_run_in_development_grid,71d778addd8ccb7f497d5f93f4f8f4243fe3239acec2e394b798baf7763c879e,clifford_6,RandomClifford,6,37,0.13953488372093026,0.001074199997674441,0.0,1
b8_c256,8,256,success,exact,6,6,16,0,,0.0017541000015626196,0.00047110000014072284,0.0022252000017033424,43,37,0.13953488372093026,not_run_in_development_grid,71d778addd8ccb7f497d5f93f4f8f4243fe3239acec2e394b798baf7763c879e,clifford_6,RandomClifford,6,37,0.13953488372093026,0.001074199997674441,0.0,1
b32_c256,32,256,success,exact,6,6,16,0,,0.0008496999998897081,0.0004580000004352769,0.001307700000324985,43,37,0.13953488372093026,not_run_in_development_grid,71d778addd8ccb7f497d5f93f4f8f4243fe3239acec2e394b798baf7763c879e,clifford_6,RandomClifford,6,37,0.13953488372093026,0.001074199997674441,0.0,1
b1_c64,1,64,success,exact_zero,0,0,822,0,,0.004114100000151666,0.0027484999991429504,0.006862599999294616,226,226,0.0,not_run_in_development_grid,5ead28e37038eedb416b5fe421b9e506b37e9503475ca2360ad0cdb94409277f,qwalk_3,QuantumWalk,4,226,0.0,0.005684200001269346,0.0,0
b8_c64,8,64,success,exact_zero,0,0,822,0,,0.0034106999992218334,0.0031291000013879966,0.00653980000060983,226,226,0.0,not_run_in_development_grid,5ead28e37038eedb416b5fe421b9e506b37e9503475ca2360ad0cdb94409277f,qwalk_3,QuantumWalk,4,226,0.0,0.005684200001269346,0.0,0
b32_c64,32,64,success,exact_zero,0,0,822,0,,0.003660800000943709,0.002798100000291015,0.006458900001234724,226,226,0.0,not_run_in_development_grid,5ead28e37038eedb416b5fe421b9e506b37e9503475ca2360ad0cdb94409277f,qwalk_3,QuantumWalk,4,226,0.0,0.005684200001269346,0.0,0
b1_c256,1,256,success,exact_zero,0,0,822,0,,0.0031328999994002515,0.0032221000001300126,0.006354999999530264,226,226,0.0,not_run_in_development_grid,5ead28e37038eedb416b5fe421b9e506b37e9503475ca2360ad0cdb94409277f,qwalk_3,QuantumWalk,4,226,0.0,0.005684200001269346,0.0,0
b8_c256,8,256,success,exact_zero,0,0,822,0,,0.0035642000002553686,0.0026204000005236594,0.006184600000779028,226,226,0.0,not_run_in_development_grid,5ead28e37038eedb416b5fe421b9e506b37e9503475ca2360ad0cdb94409277f,qwalk_3,QuantumWalk,4,226,0.0,0.005684200001269346,0.0,0
b32_c256,32,256,success,exact_zero,0,0,822,0,,0.00418569999965257,0.0026895000009972136,0.006875200000649784,226,226,0.0,not_run_in_development_grid,5ead28e37038eedb416b5fe421b9e506b37e9503475ca2360ad0cdb94409277f,qwalk_3,QuantumWalk,4,226,0.0,0.005684200001269346,0.0,0
b1_c64,1,64,success,exact_zero,0,0,18,0,,0.000954999999521533,0.0005664999989676289,0.001521499998489162,30,30,0.0,not_run_in_development_grid,5c672ebce573529c490baac76666f3d7035c91d1a2552a4c883752c77353c5da,qaoa_line_4,QAOA,4,30,0.0,0.0008982999988802476,0.0,0
b8_c64,8,64,success,exact_zero,0,0,18,0,,0.0011556999997992534,0.0004902999990008539,0.0016459999988001073,30,30,0.0,not_run_in_development_grid,5c672ebce573529c490baac76666f3d7035c91d1a2552a4c883752c77353c5da,qaoa_line_4,QAOA,4,30,0.0,0.0008982999988802476,0.0,0
b32_c64,32,64,success,exact_zero,0,0,18,0,,0.0008398000009037787,0.0004845000003115274,0.0013243000012153061,30,30,0.0,not_run_in_development_grid,5c672ebce573529c490baac76666f3d7035c91d1a2552a4c883752c77353c5da,qaoa_line_4,QAOA,4,30,0.0,0.0008982999988802476,0.0,0
b1_c256,1,256,success,exact_zero,0,0,18,0,,0.0007581000008940464,0.000488499999846681,0.0012466000007407274,30,30,0.0,not_run_in_development_grid,5c672ebce573529c490baac76666f3d7035c91d1a2552a4c883752c77353c5da,qaoa_line_4,QAOA,4,30,0.0,0.0008982999988802476,0.0,0
b8_c256,8,256,success,exact_zero,0,0,18,0,,0.0007607999996253056,0.0004910000006930204,0.001251800000318326,30,30,0.0,not_run_in_development_grid,5c672ebce573529c490baac76666f3d7035c91d1a2552a4c883752c77353c5da,qaoa_line_4,QAOA,4,30,0.0,0.0008982999988802476,0.0,0
b32_c256,32,256,success,exact_zero,0,0,18,0,,0.0008035999999265186,0.0005006000010325806,0.0013042000009590993,30,30,0.0,not_run_in_development_grid,5c672ebce573529c490baac76666f3d7035c91d1a2552a4c883752c77353c5da,qaoa_line_4,QAOA,4,30,0.0,0.0008982999988802476,0.0,0
b1_c64,1,64,success,exact_zero,0,0,822,0,,0.004729599999336642,0.003219499998522224,0.007949099997858866,226,226,0.0,not_run_in_development_grid,0beefbe297b32dc9ec283501ebd271f6102e615e89859d51183e5d935cb94f45,qwalk_3,QuantumWalk,4,226,0.0,0.005922499998632702,0.0,0
b8_c64,8,64,success,exact_zero,0,0,822,0,,0.003501299999697949,0.004227400000672787,0.007728700000370736,226,226,0.0,not_run_in_development_grid,0beefbe297b32dc9ec283501ebd271f6102e615e89859d51183e5d935cb94f45,qwalk_3,QuantumWalk,4,226,0.0,0.005922499998632702,0.0,0
b32_c64,32,64,success,exact_zero,0,0,822,0,,0.00652059999993071,0.0029364000001805834,0.009457000000111293,226,226,0.0,not_run_in_development_grid,0beefbe297b32dc9ec283501ebd271f6102e615e89859d51183e5d935cb94f45,qwalk_3,QuantumWalk,4,226,0.0,0.005922499998632702,0.0,0
b1_c256,1,256,success,exact_zero,0,0,822,0,,0.003487299998596427,0.002883099999962724,0.006370399998559151,226,226,0.0,not_run_in_development_grid,0beefbe297b32dc9ec283501ebd271f6102e615e89859d51183e5d935cb94f45,qwalk_3,QuantumWalk,4,226,0.0,0.005922499998632702,0.0,0
b8_c256,8,256,success,exact_zero,0,0,822,0,,0.00393889999941166,0.0025850999991234858,0.006523999998535146,226,226,0.0,not_run_in_development_grid,0beefbe297b32dc9ec283501ebd271f6102e615e89859d51183e5d935cb94f45,qwalk_3,QuantumWalk,4,226,0.0,0.005922499998632702,0.0,0
b32_c256,32,256,success,exact_zero,0,0,822,0,,0.004377600000225357,0.002579600000899518,0.006957200001124875,226,226,0.0,not_run_in_development_grid,0beefbe297b32dc9ec283501ebd271f6102e615e89859d51183e5d935cb94f45,qwalk_3,QuantumWalk,4,226,0.0,0.005922499998632702,0.0,0
b1_c64,1,64,success,exact,8,8,2410,0,,0.0372812999994494,0.006950300001335563,0.044231600000784965,458,450,0.017467248908296984,not_run_in_development_grid,2bee44a161fa6c431fbd0ee8af1ba0d00e29dddddd1803be82a2bf7ca95465b8,grover_6,Grover,6,450,0.017467248908296984,0.01155799999833107,0.0,1
b8_c64,8,64,success,exact,8,8,2410,0,,0.032526099999813596,0.010541900001044269,0.043068000000857865,458,450,0.017467248908296984,not_run_in_development_grid,2bee44a161fa6c431fbd0ee8af1ba0d00e29dddddd1803be82a2bf7ca95465b8,grover_6,Grover,6,450,0.017467248908296984,0.01155799999833107,0.0,1
b32_c64,32,64,success,exact,8,8,2410,0,,0.05907169999954931,0.013217300000178511,0.07228899999972782,458,450,0.017467248908296984,not_run_in_development_grid,2bee44a161fa6c431fbd0ee8af1ba0d00e29dddddd1803be82a2bf7ca95465b8,grover_6,Grover,6,450,0.017467248908296984,0.01155799999833107,0.0,1
b1_c256,1,256,success,exact,8,8,2410,0,,0.04774409999845375,0.007241299999805051,0.0549853999982588,458,450,0.017467248908296984,not_run_in_development_grid,2bee44a161fa6c431fbd0ee8af1ba0d00e29dddddd1803be82a2bf7ca95465b8,grover_6,Grover,6,450,0.017467248908296984,0.01155799999833107,0.0,1
b8_c256,8,256,success,exact,8,8,2410,0,,0.03607009999905131,0.0072791000002325745,0.04334919999928388,458,450,0.017467248908296984,not_run_in_development_grid,2bee44a161fa6c431fbd0ee8af1ba0d00e29dddddd1803be82a2bf7ca95465b8,grover_6,Grover,6,450,0.017467248908296984,0.01155799999833107,0.0,1
b32_c256,32,256,success,exact,8,8,2410,0,,0.03172129999984463,0.006763899998986744,0.038485199998831376,458,450,0.017467248908296984,not_run_in_development_grid,2bee44a161fa6c431fbd0ee8af1ba0d00e29dddddd1803be82a2bf7ca95465b8,grover_6,Grover,6,450,0.017467248908296984,0.01155799999833107,0.0,1
b1_c64,1,64,success,exact_zero,0,0,18,0,,0.0015043000003061024,0.0005215000001044245,0.002025800000410527,30,30,0.0,not_run_in_development_grid,c838d74688b6214d2871ed53c97174482edaa079269b7f347a8a6bf095e67a70,qaoa_line_4,QAOA,4,30,0.0,0.0008486999995511724,0.0,0
b8_c64,8,64,success,exact_zero,0,0,18,0,,0.0008338999996340135,0.000473000000056345,0.0013068999996903585,30,30,0.0,not_run_in_development_grid,c838d74688b6214d2871ed53c97174482edaa079269b7f347a8a6bf095e67a70,qaoa_line_4,QAOA,4,30,0.0,0.0008486999995511724,0.0,0
b32_c64,32,64,success,exact_zero,0,0,18,0,,0.0008074000015767524,0.0004755000009026844,0.0012829000024794368,30,30,0.0,not_run_in_development_grid,c838d74688b6214d2871ed53c97174482edaa079269b7f347a8a6bf095e67a70,qaoa_line_4,QAOA,4,30,0.0,0.0008486999995511724,0.0,0
b1_c256,1,256,success,exact_zero,0,0,18,0,,0.0007571000005555106,0.0004740999993373407,0.0012311999998928513,30,30,0.0,not_run_in_development_grid,c838d74688b6214d2871ed53c97174482edaa079269b7f347a8a6bf095e67a70,qaoa_line_4,QAOA,4,30,0.0,0.0008486999995511724,0.0,0
b8_c256,8,256,success,exact_zero,0,0,18,0,,0.0009143999996013008,0.0004948999994667247,0.0014092999990680255,30,30,0.0,not_run_in_development_grid,c838d74688b6214d2871ed53c97174482edaa079269b7f347a8a6bf095e67a70,qaoa_line_4,QAOA,4,30,0.0,0.0008486999995511724,0.0,0
b32_c256,32,256,success,exact_zero,0,0,18,0,,0.0007834999996703118,0.0007120000009308569,0.0014955000006011687,30,30,0.0,not_run_in_development_grid,c838d74688b6214d2871ed53c97174482edaa079269b7f347a8a6bf095e67a70,qaoa_line_4,QAOA,4,30,0.0,0.0008486999995511724,0.0,0
b1_c64,1,64,success,exact_zero,0,0,11,0,,0.00090970000019297,0.0003483000000414904,0.0012580000002344605,22,22,0.0,not_run_in_development_grid,1f7ce6e1ac59964310bdbd87991235d720efcce0cd2bcfa26c140ef95e59e2e8,hardware_eff_4,HardwareEfficient,4,22,0.0,0.0006441999994422076,0.0,0
b8_c64,8,64,success,exact_zero,0,0,11,0,,0.0007397999997920124,0.0003391999998711981,0.0010789999996632105,22,22,0.0,not_run_in_development_grid,1f7ce6e1ac59964310bdbd87991235d720efcce0cd2bcfa26c140ef95e59e2e8,hardware_eff_4,HardwareEfficient,4,22,0.0,0.0006441999994422076,0.0,0
b32_c64,32,64,success,exact_zero,0,0,11,0,,0.0007433000009768875,0.0003425999984756345,0.001085899999452522,22,22,0.0,not_run_in_development_grid,1f7ce6e1ac59964310bdbd87991235d720efcce0cd2bcfa26c140ef95e59e2e8,hardware_eff_4,HardwareEfficient,4,22,0.0,0.0006441999994422076,0.0,0
b1_c256,1,256,success,exact_zero,0,0,11,0,,0.0007120999998733168,0.0003589999996620463,0.0010710999995353632,22,22,0.0,not_run_in_development_grid,1f7ce6e1ac59964310bdbd87991235d720efcce0cd2bcfa26c140ef95e59e2e8,hardware_eff_4,HardwareEfficient,4,22,0.0,0.0006441999994422076,0.0,0
b8_c256,8,256,success,exact_zero,0,0,11,0,,0.0008379000009881565,0.0005125999996380415,0.001350500000626198,22,22,0.0,not_run_in_development_grid,1f7ce6e1ac59964310bdbd87991235d720efcce0cd2bcfa26c140ef95e59e2e8,hardware_eff_4,HardwareEfficient,4,22,0.0,0.0006441999994422076,0.0,0
b32_c256,32,256,success,exact_zero,0,0,11,0,,0.001408899999660207,0.000344599999152706,0.001753499998812913,22,22,0.0,not_run_in_development_grid,1f7ce6e1ac59964310bdbd87991235d720efcce0cd2bcfa26c140ef95e59e2e8,hardware_eff_4,HardwareEfficient,4,22,0.0,0.0006441999994422076,0.0,0
b1_c64,1,64,success,exact,2,2,47,0,,0.0009387999998580199,0.0006511999999929685,0.0015899999998509884,28,26,0.0714285714285714,not_run_in_development_grid,6198918025e9d52620fa49da1e8fc24880b8cdf9ed5759f2b77490edd5060dc2,uccsd_4,UCCSD_inspired,4,26,0.0714285714285714,0.0009919999993144302,0.0,1
b8_c64,8,64,success,exact,2,2,47,0,,0.0008521999989170581,0.0006355000004987232,0.0014876999994157813,28,26,0.0714285714285714,not_run_in_development_grid,6198918025e9d52620fa49da1e8fc24880b8cdf9ed5759f2b77490edd5060dc2,uccsd_4,UCCSD_inspired,4,26,0.0714285714285714,0.0009919999993144302,0.0,1
b32_c64,32,64,success,exact,2,2,47,0,,0.001163000000815373,0.001271900000574533,0.002434900001389906,28,26,0.0714285714285714,not_run_in_development_grid,6198918025e9d52620fa49da1e8fc24880b8cdf9ed5759f2b77490edd5060dc2,uccsd_4,UCCSD_inspired,4,26,0.0714285714285714,0.0009919999993144302,0.0,1
b1_c256,1,256,success,exact,2,2,47,0,,0.0018856000006053364,0.0011582999995880527,0.003043900000193389,28,26,0.0714285714285714,not_run_in_development_grid,6198918025e9d52620fa49da1e8fc24880b8cdf9ed5759f2b77490edd5060dc2,uccsd_4,UCCSD_inspired,4,26,0.0714285714285714,0.0009919999993144302,0.0,1
b8_c256,8,256,success,exact,2,2,47,0,,0.0015525999988312833,0.0006505000001197914,0.0022030999989510747,28,26,0.0714285714285714,not_run_in_development_grid,6198918025e9d52620fa49da1e8fc24880b8cdf9ed5759f2b77490edd5060dc2,uccsd_4,UCCSD_inspired,4,26,0.0714285714285714,0.0009919999993144302,0.0,1
b32_c256,32,256,success,exact,2,2,47,0,,0.001426899998477893,0.0011304999989079079,0.002557399997385801,28,26,0.0714285714285714,not_run_in_development_grid,6198918025e9d52620fa49da1e8fc24880b8cdf9ed5759f2b77490edd5060dc2,uccsd_4,UCCSD_inspired,4,26,0.0714285714285714,0.0009919999993144302,0.0,1
b1_c64,1,64,success,exact,4,4,6,0,,0.0009608000000298489,0.00019289999909233302,0.001153699999122182,14,10,0.2857142857142857,not_run_in_development_grid,d666adb13ce66e444e16398e08fd2d7d2169fcc728eb154e78b91f40918df82c,bv_4,Oracle,5,10,0.2857142857142857,0.0006728999996994389,0.0,1
b8_c64,8,64,success,exact,4,4,6,0,,0.0007930000010674121,0.00018650000129127875,0.0009795000023586908,14,10,0.2857142857142857,not_run_in_development_grid,d666adb13ce66e444e16398e08fd2d7d2169fcc728eb154e78b91f40918df82c,bv_4,Oracle,5,10,0.2857142857142857,0.0006728999996994389,0.0,1
b32_c64,32,64,success,exact,4,4,6,0,,0.000758000000132597,0.0001750999999785563,0.0009331000001111533,14,10,0.2857142857142857,not_run_in_development_grid,d666adb13ce66e444e16398e08fd2d7d2169fcc728eb154e78b91f40918df82c,bv_4,Oracle,5,10,0.2857142857142857,0.0006728999996994389,0.0,1
b1_c256,1,256,success,exact,4,4,6,0,,0.0007535000004281756,0.0001716999995551305,0.000925199999983306,14,10,0.2857142857142857,not_run_in_development_grid,d666adb13ce66e444e16398e08fd2d7d2169fcc728eb154e78b91f40918df82c,bv_4,Oracle,5,10,0.2857142857142857,0.0006728999996994389,0.0,1
b8_c256,8,256,success,exact,4,4,6,0,,0.0012335999999777414,0.0003656999997474486,0.00159929999972519,14,10,0.2857142857142857,not_run_in_development_grid,d666adb13ce66e444e16398e08fd2d7d2169fcc728eb154e78b91f40918df82c,bv_4,Oracle,5,10,0.2857142857142857,0.0006728999996994389,0.0,1
b32_c256,32,256,success,exact,4,4,6,0,,0.0009253999996872153,0.00017689999913272914,0.0011022999988199444,14,10,0.2857142857142857,not_run_in_development_grid,d666adb13ce66e444e16398e08fd2d7d2169fcc728eb154e78b91f40918df82c,bv_4,Oracle,5,10,0.2857142857142857,0.0006728999996994389,0.0,1
b1_c64,1,64,success,truncated,168,128,419190,20,conservative_overlap_check_budget_predicted:20000000:6771192,0.10621999999966647,0.12820990000000165,0.23442989999966812,7156,6988,0.02347680268306318,not_run_in_development_grid,9a041e65e0425acb6f1da0991581cf3416dbc278e761b7a398593dbb6f7ed442,qwalk_7,QuantumWalk,8,6988,0.02347680268306318,0.21157729999868025,0.0,1
b8_c64,8,64,success,truncated,168,128,419190,20,conservative_overlap_check_budget_predicted:20000000:6771192,0.8629842000009376,0.14323870000043826,1.0062229000013758,7156,6988,0.02347680268306318,not_run_in_development_grid,9a041e65e0425acb6f1da0991581cf3416dbc278e761b7a398593dbb6f7ed442,qwalk_7,QuantumWalk,8,6988,0.02347680268306318,0.21157729999868025,0.0,1
b32_c64,32,64,success,truncated,168,128,419190,20,conservative_overlap_check_budget_predicted:20000000:6771192,2.820832399998835,0.12746460000016668,2.948296999999002,7156,6988,0.02347680268306318,not_run_in_development_grid,9a041e65e0425acb6f1da0991581cf3416dbc278e761b7a398593dbb6f7ed442,qwalk_7,QuantumWalk,8,6988,0.02347680268306318,0.21157729999868025,0.0,1
b1_c256,1,256,success,exact,168,168,419190,0,conservative_overlap_check_budget_predicted:20000000:6771192,0.10300120000101742,0.12865489999967394,0.23165610000069137,7156,6988,0.02347680268306318,not_run_in_development_grid,9a041e65e0425acb6f1da0991581cf3416dbc278e761b7a398593dbb6f7ed442,qwalk_7,QuantumWalk,8,6988,0.02347680268306318,0.21157729999868025,0.0,1
b8_c256,8,256,success,exact,168,168,419190,0,conservative_overlap_check_budget_predicted:20000000:6771192,0.9894798999994237,0.1265278999999282,1.1160077999993518,7156,6988,0.02347680268306318,not_run_in_development_grid,9a041e65e0425acb6f1da0991581cf3416dbc278e761b7a398593dbb6f7ed442,qwalk_7,QuantumWalk,8,6988,0.02347680268306318,0.21157729999868025,0.0,1
b32_c256,32,256,success,exact,168,168,419190,0,conservative_overlap_check_budget_predicted:20000000:6771192,2.8928639000005205,0.12528350000138744,3.018147400001908,7156,6988,0.02347680268306318,not_run_in_development_grid,9a041e65e0425acb6f1da0991581cf3416dbc278e761b7a398593dbb6f7ed442,qwalk_7,QuantumWalk,8,6988,0.02347680268306318,0.21157729999868025,0.0,1
b1_c64,1,64,success,exact,2,2,8,0,,0.001459800001612166,0.0005713999998988584,0.0020312000015110243,21,19,0.09523809523809523,not_run_in_development_grid,cc5fe9a32e955a3c62cf12c58fdd8fe6ea17b2a383a2d9c22c7b0c1576080d57,bv_6,Oracle,7,19,0.09523809523809523,0.001079300000128569,0.0,1
b8_c64,8,64,success,exact,2,2,8,0,,0.0011079000014433404,0.0005825999996886821,0.0016905000011320226,21,19,0.09523809523809523,not_run_in_development_grid,cc5fe9a32e955a3c62cf12c58fdd8fe6ea17b2a383a2d9c22c7b0c1576080d57,bv_6,Oracle,7,19,0.09523809523809523,0.001079300000128569,0.0,1
b32_c64,32,64,success,exact,2,2,8,0,,0.0019981999994342914,0.0005756999998993706,0.002573899999333662,21,19,0.09523809523809523,not_run_in_development_grid,cc5fe9a32e955a3c62cf12c58fdd8fe6ea17b2a383a2d9c22c7b0c1576080d57,bv_6,Oracle,7,19,0.09523809523809523,0.001079300000128569,0.0,1
b1_c256,1,256,success,exact,2,2,8,0,,0.001244600000063656,0.0005000000001018634,0.0017446000001655193,21,19,0.09523809523809523,not_run_in_development_grid,cc5fe9a32e955a3c62cf12c58fdd8fe6ea17b2a383a2d9c22c7b0c1576080d57,bv_6,Oracle,7,19,0.09523809523809523,0.001079300000128569,0.0,1
b8_c256,8,256,success,exact,2,2,8,0,,0.0010726000000431668,0.0003121999998256797,0.0013847999998688465,21,19,0.09523809523809523,not_run_in_development_grid,cc5fe9a32e955a3c62cf12c58fdd8fe6ea17b2a383a2d9c22c7b0c1576080d57,bv_6,Oracle,7,19,0.09523809523809523,0.001079300000128569,0.0,1
b32_c256,32,256,success,exact,2,2,8,0,,0.0008330000000569271,0.00028250000104890205,0.0011155000011058291,21,19,0.09523809523809523,not_run_in_development_grid,cc5fe9a32e955a3c62cf12c58fdd8fe6ea17b2a383a2d9c22c7b0c1576080d57,bv_6,Oracle,7,19,0.09523809523809523,0.001079300000128569,0.0,1
b1_c64,1,64,success,exact_zero,0,0,1,0,,0.0010468999989825534,0.00018350000027567148,0.0012303999992582249,13,13,0.0,not_run_in_development_grid,15085463bb9acfc3d3c2fcc7416945689cf8dbdf38ee63960843c17c716d519e,surface_code_8,SurfaceCode,9,13,0.0,0.0008594000009907177,0.0,0
b8_c64,8,64,success,exact_zero,0,0,1,0,,0.0007801000010658754,0.00017899999875226058,0.000959099999818136,13,13,0.0,not_run_in_development_grid,15085463bb9acfc3d3c2fcc7416945689cf8dbdf38ee63960843c17c716d519e,surface_code_8,SurfaceCode,9,13,0.0,0.0008594000009907177,0.0,0
b32_c64,32,64,success,exact_zero,0,0,1,0,,0.0007136999993235804,0.0003099999994446989,0.0010236999987682793,13,13,0.0,not_run_in_development_grid,15085463bb9acfc3d3c2fcc7416945689cf8dbdf38ee63960843c17c716d519e,surface_code_8,SurfaceCode,9,13,0.0,0.0008594000009907177,0.0,0
b1_c256,1,256,success,exact_zero,0,0,1,0,,0.001152800001364085,0.00025300000015704427,0.0014058000015211292,13,13,0.0,not_run_in_development_grid,15085463bb9acfc3d3c2fcc7416945689cf8dbdf38ee63960843c17c716d519e,surface_code_8,SurfaceCode,9,13,0.0,0.0008594000009907177,0.0,0
b8_c256,8,256,success,exact_zero,0,0,1,0,,0.0009483999983785907,0.00018199999976786785,0.0011303999981464585,13,13,0.0,not_run_in_development_grid,15085463bb9acfc3d3c2fcc7416945689cf8dbdf38ee63960843c17c716d519e,surface_code_8,SurfaceCode,9,13,0.0,0.0008594000009907177,0.0,0
b32_c256,32,256,success,exact_zero,0,0,1,0,,0.0010800000000017462,0.00025260000074922573,0.001332600000750972,13,13,0.0,not_run_in_development_grid,15085463bb9acfc3d3c2fcc7416945689cf8dbdf38ee63960843c17c716d519e,surface_code_8,SurfaceCode,9,13,0.0,0.0008594000009907177,0.0,0
b1_c64,1,64,success,exact_zero,0,0,17,0,,0.0015284999990399228,0.0006808999987697462,0.002209399997809669,34,34,0.0,not_run_in_development_grid,fd904e687f3606b7bbc5cd8c5f015303fb63612af2cc5137bd4ac9367a00f3f1,hardware_eff_6,HardwareEfficient,6,34,0.0,0.002114800001436379,0.0,0
b8_c64,8,64,success,exact_zero,0,0,17,0,,0.0016809999997349223,0.0005686000004061498,0.002249600000141072,34,34,0.0,not_run_in_development_grid,fd904e687f3606b7bbc5cd8c5f015303fb63612af2cc5137bd4ac9367a00f3f1,hardware_eff_6,HardwareEfficient,6,34,0.0,0.002114800001436379,0.0,0
b32_c64,32,64,success,exact_zero,0,0,17,0,,0.0011383999990357552,0.0009642000004532747,0.00210259999948903,34,34,0.0,not_run_in_development_grid,fd904e687f3606b7bbc5cd8c5f015303fb63612af2cc5137bd4ac9367a00f3f1,hardware_eff_6,HardwareEfficient,6,34,0.0,0.002114800001436379,0.0,0
b1_c256,1,256,success,exact_zero,0,0,17,0,,0.0011035999996238388,0.0011985000001004664,0.0023020999997243052,34,34,0.0,not_run_in_development_grid,fd904e687f3606b7bbc5cd8c5f015303fb63612af2cc5137bd4ac9367a00f3f1,hardware_eff_6,HardwareEfficient,6,34,0.0,0.002114800001436379,0.0,0
b8_c256,8,256,success,exact_zero,0,0,17,0,,0.0017711000000417698,0.0010245000012218952,0.002795600001263665,34,34,0.0,not_run_in_development_grid,fd904e687f3606b7bbc5cd8c5f015303fb63612af2cc5137bd4ac9367a00f3f1,hardware_eff_6,HardwareEfficient,6,34,0.0,0.002114800001436379,0.0,0
b32_c256,32,256,success,exact_zero,0,0,17,0,,0.0012337000007391907,0.0010325000002922025,0.002266200001031393,34,34,0.0,not_run_in_development_grid,fd904e687f3606b7bbc5cd8c5f015303fb63612af2cc5137bd4ac9367a00f3f1,hardware_eff_6,HardwareEfficient,6,34,0.0,0.002114800001436379,0.0,0
b1_c64,1,64,success,exact_zero,0,0,17,0,,0.0014204999988578493,0.0010930000007647322,0.0025134999996225815,34,34,0.0,not_run_in_development_grid,ae182db40b924159285ac8bdf3845f1ffd37b35456f942ececf2ce981152b240,hardware_eff_6,HardwareEfficient,6,34,0.0,0.0018497999990358949,0.0,0
b8_c64,8,64,success,exact_zero,0,0,17,0,,0.001199300000735093,0.001037699999869801,0.002237000000604894,34,34,0.0,not_run_in_development_grid,ae182db40b924159285ac8bdf3845f1ffd37b35456f942ececf2ce981152b240,hardware_eff_6,HardwareEfficient,6,34,0.0,0.0018497999990358949,0.0,0
b32_c64,32,64,success,exact_zero,0,0,17,0,,0.0011802999997598818,0.00112269999954151,0.0023029999993013917,34,34,0.0,not_run_in_development_grid,ae182db40b924159285ac8bdf3845f1ffd37b35456f942ececf2ce981152b240,hardware_eff_6,HardwareEfficient,6,34,0.0,0.0018497999990358949,0.0,0
b1_c256,1,256,success,exact_zero,0,0,17,0,,0.0015763999999762746,0.0010812000000441913,0.002657600000020466,34,34,0.0,not_run_in_development_grid,ae182db40b924159285ac8bdf3845f1ffd37b35456f942ececf2ce981152b240,hardware_eff_6,HardwareEfficient,6,34,0.0,0.0018497999990358949,0.0,0
b8_c256,8,256,success,exact_zero,0,0,17,0,,0.0011998999998468207,0.0010567999997874722,0.002256699999634293,34,34,0.0,not_run_in_development_grid,ae182db40b924159285ac8bdf3845f1ffd37b35456f942ececf2ce981152b240,hardware_eff_6,HardwareEfficient,6,34,0.0,0.0018497999990358949,0.0,0
b32_c256,32,256,success,exact_zero,0,0,17,0,,0.0011585000011109514,0.001117399999202462,0.0022759000003134133,34,34,0.0,not_run_in_development_grid,ae182db40b924159285ac8bdf3845f1ffd37b35456f942ececf2ce981152b240,hardware_eff_6,HardwareEfficient,6,34,0.0,0.0018497999990358949,0.0,0
b1_c64,1,64,success,exact,7,7,31,0,,0.01069659999848227,0.003434700000070734,0.014131299998553004,46,39,0.15217391304347827,not_run_in_development_grid,40b8a20d828582d60cc0a21652298c67f1af38c18b2ccf8811937d13a9714a38,iqp_8,IQP,8,45,0.021739130434782594,0.0020125000010011718,13.043478260869568,1
b8_c64,8,64,success,exact,7,7,31,0,,0.011616300000241608,0.001863900000898866,0.013480200001140474,46,39,0.15217391304347827,not_run_in_development_grid,40b8a20d828582d60cc0a21652298c67f1af38c18b2ccf8811937d13a9714a38,iqp_8,IQP,8,45,0.021739130434782594,0.0020125000010011718,13.043478260869568,1
b32_c64,32,64,success,exact,7,7,31,0,,0.005549600000449573,0.0020373000006657094,0.007586900001115282,46,39,0.15217391304347827,not_run_in_development_grid,40b8a20d828582d60cc0a21652298c67f1af38c18b2ccf8811937d13a9714a38,iqp_8,IQP,8,45,0.021739130434782594,0.0020125000010011718,13.043478260869568,1
b1_c256,1,256,success,exact,7,7,31,0,,0.0057185999994544545,0.0015966999999363907,0.007315299999390845,46,39,0.15217391304347827,not_run_in_development_grid,40b8a20d828582d60cc0a21652298c67f1af38c18b2ccf8811937d13a9714a38,iqp_8,IQP,8,45,0.021739130434782594,0.0020125000010011718,13.043478260869568,1
b8_c256,8,256,success,exact,7,7,31,0,,0.0063433999985136325,0.0016871000007085968,0.00803049999922223,46,39,0.15217391304347827,not_run_in_development_grid,40b8a20d828582d60cc0a21652298c67f1af38c18b2ccf8811937d13a9714a38,iqp_8,IQP,8,45,0.021739130434782594,0.0020125000010011718,13.043478260869568,1
b32_c256,32,256,success,exact,7,7,31,0,,0.0057797999998001615,0.0017438000013498822,0.007523600001150044,46,39,0.15217391304347827,not_run_in_development_grid,40b8a20d828582d60cc0a21652298c67f1af38c18b2ccf8811937d13a9714a38,iqp_8,IQP,8,45,0.021739130434782594,0.0020125000010011718,13.043478260869568,1
b1_c64,1,64,success,exact,8,8,8,0,,0.001389700000800076,0.000357599999915692,0.001747300000715768,18,10,0.4444444444444444,not_run_in_development_grid,ea73428471a9248638dd006062cec1db6ccaa07e8d43e75ef1c93ebe8cdb08c1,bv_6,Oracle,7,10,0.4444444444444444,0.000470199998744647,0.0,1
b8_c64,8,64,success,exact,8,8,8,0,,0.0011852000006911112,0.0003713000005518552,0.0015565000012429664,18,10,0.4444444444444444,not_run_in_development_grid,ea73428471a9248638dd006062cec1db6ccaa07e8d43e75ef1c93ebe8cdb08c1,bv_6,Oracle,7,10,0.4444444444444444,0.000470199998744647,0.0,1
b32_c64,32,64,success,exact,8,8,8,0,,0.0011924000009457814,0.00046380000094359275,0.001656200001889374,18,10,0.4444444444444444,not_run_in_development_grid,ea73428471a9248638dd006062cec1db6ccaa07e8d43e75ef1c93ebe8cdb08c1,bv_6,Oracle,7,10,0.4444444444444444,0.000470199998744647,0.0,1
b1_c256,1,256,success,exact,8,8,8,0,,0.0014407999988179654,0.00039769999966665637,0.0018384999984846218,18,10,0.4444444444444444,not_run_in_development_grid,ea73428471a9248638dd006062cec1db6ccaa07e8d43e75ef1c93ebe8cdb08c1,bv_6,Oracle,7,10,0.4444444444444444,0.000470199998744647,0.0,1
b8_c256,8,256,success,exact,8,8,8,0,,0.0011966000001848442,0.00038719999975000974,0.001583799999934854,18,10,0.4444444444444444,not_run_in_development_grid,ea73428471a9248638dd006062cec1db6ccaa07e8d43e75ef1c93ebe8cdb08c1,bv_6,Oracle,7,10,0.4444444444444444,0.000470199998744647,0.0,1
b32_c256,32,256,success,exact,8,8,8,0,,0.0011646999992080964,0.0003744000005099224,0.0015390999997180188,18,10,0.4444444444444444,not_run_in_development_grid,ea73428471a9248638dd006062cec1db6ccaa07e8d43e75ef1c93ebe8cdb08c1,bv_6,Oracle,7,10,0.4444444444444444,0.000470199998744647,0.0,1
b1_c64,1,64,success,exact,16,16,9804,0,,0.22633640000094601,0.01761879999867233,0.24395519999961834,1124,1108,0.014234875444839812,not_run_in_development_grid,ab626155e296fef5bbc2642087791bce56ed006287bde666542289458665c89d,grover_8,Grover,8,1108,0.014234875444839812,0.03731100000004517,0.0,1
b8_c64,8,64,success,exact,16,16,9804,0,,0.22706399999879068,0.01857209999980114,0.24563609999859182,1124,1108,0.014234875444839812,not_run_in_development_grid,ab626155e296fef5bbc2642087791bce56ed006287bde666542289458665c89d,grover_8,Grover,8,1108,0.014234875444839812,0.03731100000004517,0.0,1
b32_c64,32,64,success,exact,16,16,9804,0,,0.22228720000020985,0.017010400000799564,0.23929760000100941,1124,1108,0.014234875444839812,not_run_in_development_grid,ab626155e296fef5bbc2642087791bce56ed006287bde666542289458665c89d,grover_8,Grover,8,1108,0.014234875444839812,0.03731100000004517,0.0,1
b1_c256,1,256,success,exact,16,16,9804,0,,0.22204710000005434,0.017326700000921846,0.2393738000009762,1124,1108,0.014234875444839812,not_run_in_development_grid,ab626155e296fef5bbc2642087791bce56ed006287bde666542289458665c89d,grover_8,Grover,8,1108,0.014234875444839812,0.03731100000004517,0.0,1
b8_c256,8,256,success,exact,16,16,9804,0,,0.22526450000077602,0.017567400000189082,0.2428319000009651,1124,1108,0.014234875444839812,not_run_in_development_grid,ab626155e296fef5bbc2642087791bce56ed006287bde666542289458665c89d,grover_8,Grover,8,1108,0.014234875444839812,0.03731100000004517,0.0,1
b32_c256,32,256,success,exact,16,16,9804,0,,0.22047469999961322,0.02025320000029751,0.24072789999991073,1124,1108,0.014234875444839812,not_run_in_development_grid,ab626155e296fef5bbc2642087791bce56ed006287bde666542289458665c89d,grover_8,Grover,8,1108,0.014234875444839812,0.03731100000004517,0.0,1
