experiment_id,run_id,run_order,protocol_sha256,block_id,circuit_id,circuit_family,n_qubits,input_circuit_sha256,qasm_path,source_rows_collapsed,primary_pair_orientation,listing_model,rule_set,window_gates,budget_seconds,listing_seed,memory_budget_mb
E31-factorial-pareto-v1,d678e04d0fabcd95344a5b83a8c144a54612a9db98d0ba0e613c5f894f5d1bff,0,2464d1d531032a71c2947e9e8abd2b6b84de9fc6f048239944ee9357097365e8,8fe6a04fb57130ecbb92ca64358dee1b21d52ec1cfd3a2ce2f134a6345166151,bv_3,Oracle,4,8fe6a04fb57130ecbb92ca64358dee1b21d52ec1cfd3a2ce2f134a6345166151,data/v10/prepaper/sota/inputs/qasm/t01_000_bv_3_8fe6a04fb571.qasm,1,-1,LBL,COMMUTATION_ONLY,64,10,1216317263,3072
E31-factorial-pareto-v1,25b5362d66e795a241832fb634126f57304b8ac1713d4551623659b1afa135f6,1,2464d1d531032a71c2947e9e8abd2b6b84de9fc6f048239944ee9357097365e8,1bfe5860998e2d3ca1f048c0a396d2f3f0d4c199e4369ef422a20e44335b026d,iqp_4,IQP,4,1bfe5860998e2d3ca1f048c0a396d2f3f0d4c199e4369ef422a20e44335b026d,data/v10/prepaper/sota/inputs/qasm/t05_013_iqp_4_1bfe5860998e.qasm,1,1,LBL,COMMUTATION_PLUS_TEMPLATES,64,120,131481594,3072
E31-factorial-pareto-v1,027941b051e6945c0be91628109ac2efc722849276cd90346be6a0bab91f3467,2,2464d1d531032a71c2947e9e8abd2b6b84de9fc6f048239944ee9357097365e8,1af7528f5f0b083d8fb217d2aaa8db5ea8fabaefadf375ad667c53198edfbaae,iqp_6,IQP,6,1af7528f5f0b083d8fb217d2aaa8db5ea8fabaefadf375ad667c53198edfbaae,data/v10/prepaper/sota/inputs/qasm/t02_030_iqp_6_1af7528f5f0b.qasm,1,1,RANDOM_TOPOLOGICAL,COMMUTATION_ONLY,64,1,3085509863,3072
E31-factorial-pareto-v1,8397fba08516d8b7996321ce46dd74026f67779b6ca83e8b1544ee2ae4a4a91a,3,2464d1d531032a71c2947e9e8abd2b6b84de9fc6f048239944ee9357097365e8,e4d691f8c012af76095e7a10ad56544d75b24ab2672cd278233741ac8ea1250f,bv_4,Oracle,5,e4d691f8c012af76095e7a10ad56544d75b24ab2672cd278233741ac8ea1250f,data/v10/prepaper/sota/inputs/qasm/t03_006_bv_4_e4d691f8c012.qasm,2,1,RANDOM_TOPOLOGICAL,COMMUTATION_PLUS_TEMPLATES,16,1,1400181195,3072
E31-factorial-pareto-v1,d50ebd30fa9c88d89fd4f3198aebed8b5d1824943d52b8298dba9ff9fe242cde,4,2464d1d531032a71c2947e9e8abd2b6b84de9fc6f048239944ee9357097365e8,a9cbe813352eb8bbddbb6de7feecde853f066b5cf29e96a7a2f84a6cd354761a,cnot_chain_6,CNOT,6,a9cbe813352eb8bbddbb6de7feecde853f066b5cf29e96a7a2f84a6cd354761a,data/v10/prepaper/sota/inputs/qasm/t00_022_cnot_chain_6_a9cbe813352e.qasm,10,-1,RANDOM_TOPOLOGICAL,COMMUTATION_ONLY,64,10,450582246,3072
E31-factorial-pareto-v1,b1c7f1d15022be0586df266991e6624068a4711d0b5332fa178563a50df8b02e,5,2464d1d531032a71c2947e9e8abd2b6b84de9fc6f048239944ee9357097365e8,8a2dab910f6b0fb4138b6288249055697b4a82d54aeb40f1b365d52677ecd74e,qwalk_7,QuantumWalk,8,8a2dab910f6b0fb4138b6288249055697b4a82d54aeb40f1b365d52677ecd74e,data/v10/prepaper/sota/inputs/qasm/t07_035_qwalk_7_8a2dab910f6b.qasm,1,1,LBL,COMMUTATION_PLUS_TEMPLATES,16,1,970426306,3072
E31-factorial-pareto-v1,363f8d27e9bc626cb81a2abba4cd706de64a1d4c9c844a5acfb49b5924cea276,6,2464d1d531032a71c2947e9e8abd2b6b84de9fc6f048239944ee9357097365e8,5644fee5bd8328c655b27bf4202f33cb49d6ff723364d466a3a1421f12c14466,hardware_eff_6,HardwareEfficient,6,5644fee5bd8328c655b27bf4202f33cb49d6ff723364d466a3a1421f12c14466,data/v10/prepaper/sota/inputs/qasm/t03_026_hardware_eff_6_5644fee5bd83.qasm,1,-1,WCL,COMMUTATION_PLUS_TEMPLATES,4,10,3159895447,3072
E31-factorial-pareto-v1,a518d2161d5259cb78918d7e8d94f31732e92985c18cb70d4abd771af83f422c,7,2464d1d531032a71c2947e9e8abd2b6b84de9fc6f048239944ee9357097365e8,3113b971b548c7ee4e78af92d32b392c5bfcc30e701ff59f7420abc819314785,qaoa_line_6,QAOA,6,3113b971b548c7ee4e78af92d32b392c5bfcc30e701ff59f7420abc819314785,data/v10/prepaper/sota/inputs/qasm/t00_024_qaoa_line_6_3113b971b548.qasm,1,1,LBL,COMMUTATION_PLUS_TEMPLATES,4,10,4072870806,3072
E31-factorial-pareto-v1,02bd2bbf0b94f365848b2e77ae31562377840ee56914cb00bda9b2d9fbd24961,8,2464d1d531032a71c2947e9e8abd2b6b84de9fc6f048239944ee9357097365e8,974adb34b1a2c479396dd1800d00c4417c08a4c562a7370805ba00b5d6610880,clifford_6,RandomClifford,6,974adb34b1a2c479396dd1800d00c4417c08a4c562a7370805ba00b5d6610880,data/v10/prepaper/sota/inputs/qasm/t07_031_clifford_6_974adb34b1a2.qasm,1,-1,LBL,COMMUTATION_ONLY,4,120,2467019334,3072
E31-factorial-pareto-v1,fff9c6c8a45d44b2534693785134d42e13ae0b5786273a50a964804c0f4c06eb,9,2464d1d531032a71c2947e9e8abd2b6b84de9fc6f048239944ee9357097365e8,f5800ccda7bc5fe6d0223d2c5024b1e92540cfdc9389dbbd217178e1660d20cb,iqp_8,IQP,8,f5800ccda7bc5fe6d0223d2c5024b1e92540cfdc9389dbbd217178e1660d20cb,data/v10/prepaper/sota/inputs/qasm/t02_047_iqp_8_f5800ccda7bc.qasm,1,-1,LBL,COMMUTATION_PLUS_TEMPLATES,64,120,1279742981,3072
E31-factorial-pareto-v1,88866bfc056fd999fb8f3f497d6d2b79738839aab5736bd9ebc611d0125d7845,10,2464d1d531032a71c2947e9e8abd2b6b84de9fc6f048239944ee9357097365e8,400ce4e70469d8d27ab3ac5495866397a68ae2ee6ba481d37cd7f7e03df762d3,iqp_6,IQP,6,400ce4e70469d8d27ab3ac5495866397a68ae2ee6ba481d37cd7f7e03df762d3,data/v10/prepaper/sota/inputs/qasm/t04_030_iqp_6_400ce4e70469.qasm,1,-1,RANDOM_TOPOLOGICAL,COMMUTATION_PLUS_TEMPLATES,64,1,4288356876,3072
E31-factorial-pareto-v1,63693367c0dd9fe9b6584a172e9b24b11abd593f6d7761b4d46883be3059e355,11,2464d1d531032a71c2947e9e8abd2b6b84de9fc6f048239944ee9357097365e8,b48696525dc16ace3d17f7656e6602f2710e54d030274a737712c3dc966a5f93,qwalk_6,QuantumWalk,7,b48696525dc16ace3d17f7656e6602f2710e54d030274a737712c3dc966a5f93,data/v10/prepaper/sota/inputs/qasm/t05_029_qwalk_6_b48696525dc1.qasm,1,-1,LBL,COMMUTATION_ONLY,4,1,126241841,3072
E31-factorial-pareto-v1,c5bcfe6d30c6d52f4d0a3f044d9840f41ca64a918f0cc1fed1b7ef4d74019504,12,2464d1d531032a71c2947e9e8abd2b6b84de9fc6f048239944ee9357097365e8,376ceef4983731f7550ead348027cf64df326a3131ced4b5445918208feab683,adder_3,Adder,4,376ceef4983731f7550ead348027cf64df326a3131ced4b5445918208feab683,data/v10/prepaper/sota/inputs/qasm/t00_001_adder_3_376ceef49837.qasm,8,-1,WCL,COMMUTATION_ONLY,16,120,1891581336,3072
E31-factorial-pareto-v1,0530f3e9edaf2bc69f8f59edb9ede0044335fe36d8841ed56ed21bf8ceb0ebb6,14,2464d1d531032a71c2947e9e8abd2b6b84de9fc6f048239944ee9357097365e8,95300c7f12f75049fd4f840f8155f54ae4f02dfc980112dcf6f32aa7fa26c259,haar_4,HaarRandom,4,95300c7f12f75049fd4f840f8155f54ae4f02dfc980112dcf6f32aa7fa26c259,data/v10/prepaper/sota/inputs/qasm/t07_051_haar_4_95300c7f12f7.qasm,1,-1,RANDOM_TOPOLOGICAL,COMMUTATION_ONLY,64,30,3697858630,3072
E31-factorial-pareto-v1,752d7c4febc93cc5828f71f773f1378c22842ff27ea548b632d75a295291248f,15,2464d1d531032a71c2947e9e8abd2b6b84de9fc6f048239944ee9357097365e8,688a54258c5fc58844911584b848f67ef97f01928a47184b30d01cdff70937e2,qaoa_line_8,QAOA,8,688a54258c5fc58844911584b848f67ef97f01928a47184b30d01cdff70937e2,data/v10/prepaper/sota/inputs/qasm/t08_041_qaoa_line_8_688a54258c5f.qasm,1,-1,RANDOM_TOPOLOGICAL,COMMUTATION_ONLY,4,120,3685667067,3072
E31-factorial-pareto-v1,47acbecab823129608bba6303e6e781c22ea379a283c18f91267fe64332197d3,16,2464d1d531032a71c2947e9e8abd2b6b84de9fc6f048239944ee9357097365e8,7ca61cc51f86f8358466b512f82fdd1bedfd46f4ebc65d118de7a2b190605e78,qaoa_line_6,QAOA,6,7ca61cc51f86f8358466b512f82fdd1bedfd46f4ebc65d118de7a2b190605e78,data/v10/prepaper/sota/inputs/qasm/t04_024_qaoa_line_6_7ca61cc51f86.qasm,1,1,RANDOM_TOPOLOGICAL,COMMUTATION_ONLY,4,30,1525608943,3072
E31-factorial-pareto-v1,4ac335bdd1e3c75624a9ce461d768b78c17e794f018821bfe5ebf9bb9c60e376,17,2464d1d531032a71c2947e9e8abd2b6b84de9fc6f048239944ee9357097365e8,4c91554a6a7a29ac388f41e86df4db15dc97853874c7d6e7defca805db616d06,vqe_twolocal_6,VQE,6,4c91554a6a7a29ac388f41e86df4db15dc97853874c7d6e7defca805db616d06,data/v10/prepaper/sota/inputs/qasm/t04_025_vqe_twolocal_6_4c91554a6a7a.qasm,1,1,WCL,COMMUTATION_PLUS_TEMPLATES,4,120,1439796121,3072
E31-factorial-pareto-v1,c3cb4b7f2d3f21377ba0be341de76f3d9ec2b73d930a8b8d40205d98698ab418,18,2464d1d531032a71c2947e9e8abd2b6b84de9fc6f048239944ee9357097365e8,02163c542c157c61ed7195186ff2f5485f3042166bff997c922c173ac06103d0,bv_3,Oracle,4,02163c542c157c61ed7195186ff2f5485f3042166bff997c922c173ac06103d0,data/v10/prepaper/sota/inputs/qasm/t02_000_bv_3_02163c542c15.qasm,4,-1,LBL,COMMUTATION_PLUS_TEMPLATES,16,1,2151863957,3072
E31-factorial-pareto-v1,85b1b32115055d08104b854cf5547bd095bbef38a8600ae317534fad397a0e60,19,2464d1d531032a71c2947e9e8abd2b6b84de9fc6f048239944ee9357097365e8,b15d50df71933b4745ec5799d5ef54fb7c162bc3ca92e983a8aeafe41413e0a6,vqe_twolocal_4,VQE,4,b15d50df71933b4745ec5799d5ef54fb7c162bc3ca92e983a8aeafe41413e0a6,data/v10/prepaper/sota/inputs/qasm/t00_008_vqe_twolocal_4_b15d50df7193.qasm,1,1,RANDOM_TOPOLOGICAL,COMMUTATION_ONLY,16,30,325192058,3072
E31-factorial-pareto-v1,7c26929ad1628f5e8988ad0c0e0c90d4b64c670dd95bfb052673bc431667f972,20,2464d1d531032a71c2947e9e8abd2b6b84de9fc6f048239944ee9357097365e8,ccdc8f9f8df42bd9ba725c7a01cb969824ddf0f3041bb56bc2f91791a8b9db06,clifford_8,RandomClifford,8,ccdc8f9f8df42bd9ba725c7a01cb969824ddf0f3041bb56bc2f91791a8b9db06,data/v10/prepaper/sota/inputs/qasm/t09_048_clifford_8_ccdc8f9f8df4.qasm,1,1,WCL,COMMUTATION_ONLY,4,1,1948469532,3072
E31-factorial-pareto-v1,998a52b9114f07e346e1ee0c4afd78fdc24927c3db504b7a31a29d1c047c7655,21,2464d1d531032a71c2947e9e8abd2b6b84de9fc6f048239944ee9357097365e8,f4b0bcb6432520607dadb467eb5e704c725dfbb16639473eee8c5a019635e799,qwalk_7,QuantumWalk,8,f4b0bcb6432520607dadb467eb5e704c725dfbb16639473eee8c5a019635e799,data/v10/prepaper/sota/inputs/qasm/t05_035_qwalk_7_f4b0bcb64325.qasm,1,1,RANDOM_TOPOLOGICAL,COMMUTATION_PLUS_TEMPLATES,16,1,1296108790,3072
E31-factorial-pareto-v1,2c7e3c64c9e9c3b315b474919f2712f8b8aeecf599b14d7f00a751636bc4b88b,22,2464d1d531032a71c2947e9e8abd2b6b84de9fc6f048239944ee9357097365e8,8a29549e2e2fa7f01199af622b2eca0054357c598c80d4060397da27d98f6196,qaoa_line_8,QAOA,8,8a29549e2e2fa7f01199af622b2eca0054357c598c80d4060397da27d98f6196,data/v10/prepaper/sota/inputs/qasm/t05_041_qaoa_line_8_8a29549e2e2f.qasm,1,1,RANDOM_TOPOLOGICAL,COMMUTATION_PLUS_TEMPLATES,64,1,2325055648,3072
E31-factorial-pareto-v1,333d82b6799c633e302457ceb44549a2af3318c393b15b9a933ad531357f18a7,23,2464d1d531032a71c2947e9e8abd2b6b84de9fc6f048239944ee9357097365e8,5a934ea58cefe89266217b8814d0f05d97ee7364560c39b14857c236af49988b,qwalk_5,QuantumWalk,6,5a934ea58cefe89266217b8814d0f05d97ee7364560c39b14857c236af49988b,data/v10/prepaper/sota/inputs/qasm/t01_018_qwalk_5_5a934ea58cef.qasm,1,1,WCL,COMMUTATION_PLUS_TEMPLATES,4,1,827222034,3072
E31-factorial-pareto-v1,907ba6d14b4c55fe5b46846d4026835a03e370f0810afe906450ac9ee9b82fca,24,2464d1d531032a71c2947e9e8abd2b6b84de9fc6f048239944ee9357097365e8,819de267fab80716cb86e286e98db600de07f39e06fb46f98a0783888e0e19a6,bv_6,Oracle,7,819de267fab80716cb86e286e98db600de07f39e06fb46f98a0783888e0e19a6,data/v10/prepaper/sota/inputs/qasm/t04_023_bv_6_819de267fab8.qasm,1,1,RANDOM_TOPOLOGICAL,COMMUTATION_PLUS_TEMPLATES,16,30,337169218,3072
E31-factorial-pareto-v1,80ec3db63a3908bca8caf4b518eb834b953d2f24fe9692b3f6f98dbcccc43a46,26,2464d1d531032a71c2947e9e8abd2b6b84de9fc6f048239944ee9357097365e8,dce7762d954de1250538ce0ef1982983332ffbdb47daa6e5f864c86712de8393,iqp_4,IQP,4,dce7762d954de1250538ce0ef1982983332ffbdb47daa6e5f864c86712de8393,data/v10/prepaper/sota/inputs/qasm/t02_013_iqp_4_dce7762d954d.qasm,1,1,RANDOM_TOPOLOGICAL,COMMUTATION_PLUS_TEMPLATES,16,1,2761472050,3072
E31-factorial-pareto-v1,f65a72b49f260b52dd0cdf0c1a12889e9eda123ea43e850298bca5cc5420b9f7,27,2464d1d531032a71c2947e9e8abd2b6b84de9fc6f048239944ee9357097365e8,c2f59740e6b3e2a395683f9a2c34a12a350af985f437251f55c71e43bf23f1ab,adder_3,Adder,4,c2f59740e6b3e2a395683f9a2c34a12a350af985f437251f55c71e43bf23f1ab,data/v10/prepaper/sota/inputs/qasm/t01_001_adder_3_c2f59740e6b3.qasm,4,-1,WCL,COMMUTATION_ONLY,16,1,1801010507,3072
E31-factorial-pareto-v1,ec24f70b4676a8fb60fafe27565086dd9ea8e31892faa2be6265596d59b10df2,28,2464d1d531032a71c2947e9e8abd2b6b84de9fc6f048239944ee9357097365e8,9622962052cfcefe2e8d5fcff75c437ddc1262dc21b471fdc6bd179d3b83f28b,grover_8,Grover,8,9622962052cfcefe2e8d5fcff75c437ddc1262dc21b471fdc6bd179d3b83f28b,data/v10/prepaper/sota/inputs/qasm/t03_044_grover_8_9622962052cf.qasm,1,1,RANDOM_TOPOLOGICAL,COMMUTATION_ONLY,4,1,1910832847,3072
E31-factorial-pareto-v1,0508123ac704a8c99f0956a41262e68de1282c126e44c8c6042573ed162decf6,29,2464d1d531032a71c2947e9e8abd2b6b84de9fc6f048239944ee9357097365e8,52fa838edc0ec27d2776b0f16823e23c9dd0d9fcbc80dde3c63633de21d71851,surface_code_7,SurfaceCode,8,52fa838edc0ec27d2776b0f16823e23c9dd0d9fcbc80dde3c63633de21d71851,data/v10/prepaper/sota/inputs/qasm/t03_036_surface_code_7_52fa838edc0e.qasm,4,1,WCL,COMMUTATION_ONLY,16,10,274193217,3072
E31-factorial-pareto-v1,4ce6f9f5dcac8a556415dd347a8d0f690bbd919d337fd81d8e1f458bba10f9df,30,2464d1d531032a71c2947e9e8abd2b6b84de9fc6f048239944ee9357097365e8,b23d5b47568d035621cb80cca02e66ed29fa44d2e21a148d6383023cfd01a848,clifford_8,RandomClifford,8,b23d5b47568d035621cb80cca02e66ed29fa44d2e21a148d6383023cfd01a848,data/v10/prepaper/sota/inputs/qasm/t05_048_clifford_8_b23d5b47568d.qasm,1,-1,LBL,COMMUTATION_PLUS_TEMPLATES,64,30,338559638,3072
E31-factorial-pareto-v1,8a3a6bbb52d0b35a24bc536901cf0752dd386891a92505fa1d0d5db76dc2892d,31,2464d1d531032a71c2947e9e8abd2b6b84de9fc6f048239944ee9357097365e8,6194c79c6876f931fd4dd2e105ee631824a9635fa4fec3f8ff6e7642655610e8,qwalk_7,QuantumWalk,8,6194c79c6876f931fd4dd2e105ee631824a9635fa4fec3f8ff6e7642655610e8,data/v10/prepaper/sota/inputs/qasm/t09_035_qwalk_7_6194c79c6876.qasm,1,-1,RANDOM_TOPOLOGICAL,COMMUTATION_ONLY,16,1,2357790391,3072
E31-factorial-pareto-v1,c7acf6e8c76ce49d9183b320c371463ca6042d0e42acce97bbb079e3e48e76a9,32,2464d1d531032a71c2947e9e8abd2b6b84de9fc6f048239944ee9357097365e8,5f5b6844177bd52e8c187fc996896ec6118d9e360e258d5f3707493673cae096,uccsd_4,UCCSD_inspired,4,5f5b6844177bd52e8c187fc996896ec6118d9e360e258d5f3707493673cae096,data/v10/prepaper/sota/inputs/qasm/t00_016_uccsd_4_5f5b6844177b.qasm,1,1,RANDOM_TOPOLOGICAL,COMMUTATION_ONLY,16,120,863137551,3072
E31-factorial-pareto-v1,f6346bf77ebcd845c980075d5f7ed49e1c2c35488d44599b78fe9b49c27dce69,33,2464d1d531032a71c2947e9e8abd2b6b84de9fc6f048239944ee9357097365e8,9a6752a986b7de67a2977ce77e0634b35bfc7e4d5a12d7062bff9e2c4b218176,surface_code_5,SurfaceCode,6,9a6752a986b7de67a2977ce77e0634b35bfc7e4d5a12d7062bff9e2c4b218176,data/v10/prepaper/sota/inputs/qasm/t01_019_surface_code_5_9a6752a986b7.qasm,1,1,LBL,COMMUTATION_ONLY,64,120,4156800604,3072
E31-factorial-pareto-v1,0b710a4465fa20ca26fd64b070ba69ceea5f53eafdcea0262fe3c13a585bc38a,34,2464d1d531032a71c2947e9e8abd2b6b84de9fc6f048239944ee9357097365e8,9b819e13eadb54421cd96fd869adb2ed0aa6de9853a854066e3d928117142acf,qwalk_7,QuantumWalk,8,9b819e13eadb54421cd96fd869adb2ed0aa6de9853a854066e3d928117142acf,data/v10/prepaper/sota/inputs/qasm/t08_035_qwalk_7_9b819e13eadb.qasm,1,-1,LBL,COMMUTATION_PLUS_TEMPLATES,4,10,2938710884,3072
E31-factorial-pareto-v1,d2a264e7e98fed82320b98b1882062d1b2dbe63ff368d2f758ea02c9ed78c105,36,2464d1d531032a71c2947e9e8abd2b6b84de9fc6f048239944ee9357097365e8,c80dc910531d98ab04912a54ca6e6cff211f9569ba484ea14b21a9fcde6bec0c,bv_7,Oracle,8,c80dc910531d98ab04912a54ca6e6cff211f9569ba484ea14b21a9fcde6bec0c,data/v10/prepaper/sota/inputs/qasm/t06_034_bv_7_c80dc910531d.qasm,1,-1,RANDOM_TOPOLOGICAL,COMMUTATION_PLUS_TEMPLATES,64,10,1848453846,3072
E31-factorial-pareto-v1,9a04c5c233928f4b3a1010777b50eccd81743075908f6a326abd00d030ddee22,37,2464d1d531032a71c2947e9e8abd2b6b84de9fc6f048239944ee9357097365e8,d3b5ace1ffcfa1395fa7475de82da131003d95cdf3358f349d791df72f45b4ae,bv_8,Oracle,9,d3b5ace1ffcfa1395fa7475de82da131003d95cdf3358f349d791df72f45b4ae,data/v10/prepaper/sota/inputs/qasm/t05_040_bv_8_d3b5ace1ffcf.qasm,1,1,WCL,COMMUTATION_ONLY,16,120,1984865885,3072
E31-factorial-pareto-v1,ea7bd6d10d7d4af3a0841572dd5147ea8792cbc93991995fbabc46959b60cd98,38,2464d1d531032a71c2947e9e8abd2b6b84de9fc6f048239944ee9357097365e8,aba6140f6f41bb9a15bf0b99954920f2f59a73deff2d6fea22ba7c52a34ffc96,bv_8,Oracle,9,aba6140f6f41bb9a15bf0b99954920f2f59a73deff2d6fea22ba7c52a34ffc96,data/v10/prepaper/sota/inputs/qasm/t01_040_bv_8_aba6140f6f41.qasm,1,-1,LBL,COMMUTATION_ONLY,4,1,4256750698,3072
E31-factorial-pareto-v1,78efa3ae3b1e585a0c6f8de00189e3aada1ec41d74c425167e03eb71ae0bc106,39,2464d1d531032a71c2947e9e8abd2b6b84de9fc6f048239944ee9357097365e8,0ea94971bc42ea5f21350b8ee791f5ddd3a86cabd0502a4f2ecd331789793740,iqp_8,IQP,8,0ea94971bc42ea5f21350b8ee791f5ddd3a86cabd0502a4f2ecd331789793740,data/v10/prepaper/sota/inputs/qasm/t01_047_iqp_8_0ea94971bc42.qasm,1,-1,RANDOM_TOPOLOGICAL,COMMUTATION_PLUS_TEMPLATES,16,10,561479022,3072
E31-factorial-pareto-v1,729ce62367c26202af8a16033020065ae63fadb3c85bd86d3bc520778542e8f9,40,2464d1d531032a71c2947e9e8abd2b6b84de9fc6f048239944ee9357097365e8,ad24aca845e266cfd8d2120a528eaaa1b8189e8618686a63cc593efe3ae9c728,uccsd_8,UCCSD_inspired,8,ad24aca845e266cfd8d2120a528eaaa1b8189e8618686a63cc593efe3ae9c728,data/v10/prepaper/sota/inputs/qasm/t02_050_uccsd_8_ad24aca845e2.qasm,1,1,LBL,COMMUTATION_PLUS_TEMPLATES,16,10,517406777,3072
E31-factorial-pareto-v1,2e9daa39cd6d47dd02d90372135fe87450afa929edcf12ce2bf1ffbfe838fbc0,41,2464d1d531032a71c2947e9e8abd2b6b84de9fc6f048239944ee9357097365e8,faa92b4b8c5dc1e1c3f300c4914c715114a30697cd05ffab2f7353daa84168d5,hardware_eff_6,HardwareEfficient,6,faa92b4b8c5dc1e1c3f300c4914c715114a30697cd05ffab2f7353daa84168d5,data/v10/prepaper/sota/inputs/qasm/t04_026_hardware_eff_6_faa92b4b8c5d.qasm,1,1,WCL,COMMUTATION_ONLY,16,10,4021937374,3072
E31-factorial-pareto-v1,8e7f56180f5fa274e1490aa874fbc6524c6f134f99040fcda4490af50c1e6dee,42,2464d1d531032a71c2947e9e8abd2b6b84de9fc6f048239944ee9357097365e8,41691b11f094e6d0a2948bdb40851a9dc8a1792a04c3badae293f622ddbf18c3,grover_6,Grover,6,41691b11f094e6d0a2948bdb40851a9dc8a1792a04c3badae293f622ddbf18c3,data/v10/prepaper/sota/inputs/qasm/t05_027_grover_6_41691b11f094.qasm,1,-1,RANDOM_TOPOLOGICAL,COMMUTATION_ONLY,16,10,1838165642,3072
E31-factorial-pareto-v1,5f6f038d43218eae6077677372c2197b9cce9fbb13fe86aee7b991270db4dd09,43,2464d1d531032a71c2947e9e8abd2b6b84de9fc6f048239944ee9357097365e8,dd0bd9d601309ab2409129880f851b4a0aa922f7e24924a06c30ef6874a5a00b,grover_4,Grover,4,dd0bd9d601309ab2409129880f851b4a0aa922f7e24924a06c30ef6874a5a00b,data/v10/prepaper/sota/inputs/qasm/t03_010_grover_4_dd0bd9d60130.qasm,1,1,RANDOM_TOPOLOGICAL,COMMUTATION_ONLY,4,10,280418110,3072
E31-factorial-pareto-v1,911d846bd8c82b4b34de7001e2c095282b82eba2e728008c0e8ec0cbd1215e3f,44,2464d1d531032a71c2947e9e8abd2b6b84de9fc6f048239944ee9357097365e8,ca837fd5027f82056681081774fff9507cfd1c727e71867d93a552ff2a4cdc99,hardware_eff_8,HardwareEfficient,8,ca837fd5027f82056681081774fff9507cfd1c727e71867d93a552ff2a4cdc99,data/v10/prepaper/sota/inputs/qasm/t01_043_hardware_eff_8_ca837fd5027f.qasm,1,1,LBL,COMMUTATION_ONLY,4,1,414133545,3072
E31-factorial-pareto-v1,062d7c7b15ef6b277fd0bfade31f364cd6b96b61463e24ba78642af457ea7979,45,2464d1d531032a71c2947e9e8abd2b6b84de9fc6f048239944ee9357097365e8,db73dc3dec7c024cc43e6fa9f7009bc8675da1af254d45987392008ad0a477b4,vqe_twolocal_4,VQE,4,db73dc3dec7c024cc43e6fa9f7009bc8675da1af254d45987392008ad0a477b4,data/v10/prepaper/sota/inputs/qasm/t06_008_vqe_twolocal_4_db73dc3dec7c.qasm,1,1,WCL,COMMUTATION_PLUS_TEMPLATES,16,1,3094887816,3072
E31-factorial-pareto-v1,f5a813df2649702fa6a0d5e318848f1ed1af4bda3d2013ef14cbe45e8140ab85,46,2464d1d531032a71c2947e9e8abd2b6b84de9fc6f048239944ee9357097365e8,e4bc9db5147e3cf352a2b34eb199daa122ba5549fa5d7b3f3f678a4af97036f6,surface_code_8,SurfaceCode,9,e4bc9db5147e3cf352a2b34eb199daa122ba5549fa5d7b3f3f678a4af97036f6,data/v10/prepaper/sota/inputs/qasm/t09_049_surface_code_8_e4bc9db5147e.qasm,1,-1,WCL,COMMUTATION_PLUS_TEMPLATES,16,30,3464966892,3072
E31-factorial-pareto-v1,29e8646aa0c280f41cf8551e4bf2965a52c0bd4c2692be36b63110077cb68e7d,47,2464d1d531032a71c2947e9e8abd2b6b84de9fc6f048239944ee9357097365e8,f9d16c2d718e8feb24e5f21b7bc25db092d80ca773e1eeec21eebaf6cdf07b81,bv_8,Oracle,9,f9d16c2d718e8feb24e5f21b7bc25db092d80ca773e1eeec21eebaf6cdf07b81,data/v10/prepaper/sota/inputs/qasm/t06_040_bv_8_f9d16c2d718e.qasm,1,-1,WCL,COMMUTATION_ONLY,64,1,2014901471,3072
E31-factorial-pareto-v1,dcc63e5072dc8cc77c9dc444599065b6f40d58744845043b7f0d362812ae870a,48,2464d1d531032a71c2947e9e8abd2b6b84de9fc6f048239944ee9357097365e8,e1e87948c1add56cf7276d71868a09a47fa9a3c181b86099ca4c0991612b1e44,uccsd_6,UCCSD_inspired,6,e1e87948c1add56cf7276d71868a09a47fa9a3c181b86099ca4c0991612b1e44,data/v10/prepaper/sota/inputs/qasm/t00_033_uccsd_6_e1e87948c1ad.qasm,1,-1,WCL,COMMUTATION_ONLY,64,120,275161255,3072
E31-factorial-pareto-v1,c0ab1f0c5c6d1f4911bd5f255cbf555454c53215910cbd377b01a7fcdfd9ff4e,49,2464d1d531032a71c2947e9e8abd2b6b84de9fc6f048239944ee9357097365e8,4f0c8b34713d2fca63f5142fe0549056f4fe97f079b14a9139a45918778858fe,qaoa_line_6,QAOA,6,4f0c8b34713d2fca63f5142fe0549056f4fe97f079b14a9139a45918778858fe,data/v10/prepaper/sota/inputs/qasm/t03_024_qaoa_line_6_4f0c8b34713d.qasm,1,-1,WCL,COMMUTATION_ONLY,64,30,3422306412,3072
E31-factorial-pareto-v1,554324b8530c42476f20d6334da6dc34328f08ea3a5927549f279c937183b44b,50,2464d1d531032a71c2947e9e8abd2b6b84de9fc6f048239944ee9357097365e8,c89d31d25881b4b5dd8323251c36c8c21866d3fa920f89cfd20f0916925d98ed,uccsd_6,UCCSD_inspired,6,c89d31d25881b4b5dd8323251c36c8c21866d3fa920f89cfd20f0916925d98ed,data/v10/prepaper/sota/inputs/qasm/t08_033_uccsd_6_c89d31d25881.qasm,1,1,RANDOM_TOPOLOGICAL,COMMUTATION_PLUS_TEMPLATES,64,10,3224771233,3072
E31-factorial-pareto-v1,873b7588e1733ebd4fdb335ab89b73fd69e080aada5240aa8c2791c2b2b27240,51,2464d1d531032a71c2947e9e8abd2b6b84de9fc6f048239944ee9357097365e8,337a3eaa7a1c3a0e02cc2a645e6f2877a665d33c46c1b9ffe66b69734d333bd6,iqp_6,IQP,6,337a3eaa7a1c3a0e02cc2a645e6f2877a665d33c46c1b9ffe66b69734d333bd6,data/v10/prepaper/sota/inputs/qasm/t07_030_iqp_6_337a3eaa7a1c.qasm,1,-1,LBL,COMMUTATION_PLUS_TEMPLATES,16,30,2763596191,3072
E31-factorial-pareto-v1,236b04467d26c176e402ce3d0cf252a40283c925a077e6ece2ea8f91b9237988,52,2464d1d531032a71c2947e9e8abd2b6b84de9fc6f048239944ee9357097365e8,27de95acc938a43758948985fc9dc86e4a392285121eaca84e3a9c40bceb4e31,qaoa_line_4,QAOA,4,27de95acc938a43758948985fc9dc86e4a392285121eaca84e3a9c40bceb4e31,data/v10/prepaper/sota/inputs/qasm/t08_007_qaoa_line_4_27de95acc938.qasm,1,1,LBL,COMMUTATION_ONLY,4,120,950022746,3072
E31-factorial-pareto-v1,dc4cd46d331815b1269149f139e33c168b4e3e087f3e0c9e02bc4619ddea86a7,53,2464d1d531032a71c2947e9e8abd2b6b84de9fc6f048239944ee9357097365e8,5f481c17ba4296b0a33c041b7470ec4748e61766c334712778a0ff41f81805da,haar_4,HaarRandom,4,5f481c17ba4296b0a33c041b7470ec4748e61766c334712778a0ff41f81805da,data/v10/prepaper/sota/inputs/qasm/t04_051_haar_4_5f481c17ba42.qasm,1,-1,LBL,COMMUTATION_ONLY,16,120,2765575077,3072
E31-factorial-pareto-v1,bb7ccbcc1da1df4798f7293fc2efa5c10ba00193e89a747208858de0e62c29bc,54,2464d1d531032a71c2947e9e8abd2b6b84de9fc6f048239944ee9357097365e8,74e97e3e91fec3c194d338dbf07fe463abbee30e6ec302a429dd67d4ec2a8b92,clifford_6,RandomClifford,6,74e97e3e91fec3c194d338dbf07fe463abbee30e6ec302a429dd67d4ec2a8b92,data/v10/prepaper/sota/inputs/qasm/t09_031_clifford_6_74e97e3e91fe.qasm,1,-1,WCL,COMMUTATION_ONLY,4,10,2250885768,3072
E31-factorial-pareto-v1,783c6dff77bf59cb2bde0841026c331c737db7bdb878eba5861070bd2a4cea07,55,2464d1d531032a71c2947e9e8abd2b6b84de9fc6f048239944ee9357097365e8,edd5a22e6ec1e0d26a85c6c718e1e94836f192ceab2dbfb5f4d8a6786339dd0d,qaoa_line_6,QAOA,6,edd5a22e6ec1e0d26a85c6c718e1e94836f192ceab2dbfb5f4d8a6786339dd0d,data/v10/prepaper/sota/inputs/qasm/t02_024_qaoa_line_6_edd5a22e6ec1.qasm,1,-1,LBL,COMMUTATION_ONLY,64,1,4051427364,3072
E31-factorial-pareto-v1,c9f7795969e269e4d222eb54fcb470ab8153c6729452271f18e21780c22c2002,56,2464d1d531032a71c2947e9e8abd2b6b84de9fc6f048239944ee9357097365e8,eddd39fb7713c30765eff96b2b18a93b5a81f161905df421991d8256e7b31b8f,clifford_4,RandomClifford,4,eddd39fb7713c30765eff96b2b18a93b5a81f161905df421991d8256e7b31b8f,data/v10/prepaper/sota/inputs/qasm/t08_014_clifford_4_eddd39fb7713.qasm,1,-1,RANDOM_TOPOLOGICAL,COMMUTATION_ONLY,16,30,3853685014,3072
E31-factorial-pareto-v1,18f856e395e0dbb241be6be1fada6d6163d1cb4644cbd8590ed8a7a00a485df3,57,2464d1d531032a71c2947e9e8abd2b6b84de9fc6f048239944ee9357097365e8,9fac801b9c9b3af1aab1409fb21f666a7b588bdf8dd5282a5a0b081971ec442e,vqe_twolocal_4,VQE,4,9fac801b9c9b3af1aab1409fb21f666a7b588bdf8dd5282a5a0b081971ec442e,data/v10/prepaper/sota/inputs/qasm/t02_008_vqe_twolocal_4_9fac801b9c9b.qasm,1,-1,LBL,COMMUTATION_ONLY,4,1,683632804,3072
E31-factorial-pareto-v1,813a41010c699e47ec9caad4ef6ee4bf5c897509f8a9c670b5869ba2aa7ba39c,58,2464d1d531032a71c2947e9e8abd2b6b84de9fc6f048239944ee9357097365e8,0c385466b36d1cfb45b9905a2268a95cbec405473b691709845e71a0553c0b79,bv_8,Oracle,9,0c385466b36d1cfb45b9905a2268a95cbec405473b691709845e71a0553c0b79,data/v10/prepaper/sota/inputs/qasm/t07_040_bv_8_0c385466b36d.qasm,1,-1,WCL,COMMUTATION_ONLY,16,1,3218952112,3072
E31-factorial-pareto-v1,a8e4268cc57334e0f5c22b36d0385c4519b486b5494d339754be943b6eb138c6,59,2464d1d531032a71c2947e9e8abd2b6b84de9fc6f048239944ee9357097365e8,916e8ca7c9598753b3e23a7ed30b002882a72b04507e198132b31ffc6a26ef74,qwalk_8,QuantumWalk,9,916e8ca7c9598753b3e23a7ed30b002882a72b04507e198132b31ffc6a26ef74,data/v10/prepaper/sota/inputs/qasm/t04_046_qwalk_8_916e8ca7c959.qasm,1,-1,WCL,COMMUTATION_ONLY,64,10,2432510294,3072
E31-factorial-pareto-v1,672f413c6f99c73143d793816003df07302fb3a27c16b61033c9ea2bdf9bd681,60,2464d1d531032a71c2947e9e8abd2b6b84de9fc6f048239944ee9357097365e8,fbbb1f6cb302de75c9077919dccba48d46bf95447cc57a644a2377416daa7c26,hardware_eff_4,HardwareEfficient,4,fbbb1f6cb302de75c9077919dccba48d46bf95447cc57a644a2377416daa7c26,data/v10/prepaper/sota/inputs/qasm/t04_009_hardware_eff_4_fbbb1f6cb302.qasm,1,-1,LBL,COMMUTATION_PLUS_TEMPLATES,16,10,2716141415,3072
E31-factorial-pareto-v1,ff3777e90e87b9ae41bff60ed4e4c6bf729b8a07a12a789df75aa62f520f475a,62,2464d1d531032a71c2947e9e8abd2b6b84de9fc6f048239944ee9357097365e8,e2143d08e116cb3586d657f776bf753f5b6696964a06ed9814fe6dc5d6a4f903,surface_code_5,SurfaceCode,6,e2143d08e116cb3586d657f776bf753f5b6696964a06ed9814fe6dc5d6a4f903,data/v10/prepaper/sota/inputs/qasm/t08_019_surface_code_5_e2143d08e116.qasm,1,1,WCL,COMMUTATION_PLUS_TEMPLATES,64,1,1399117835,3072
E31-factorial-pareto-v1,08ae89313a8baac1c11225b1776922637a7f212014918fae78bebfd2c116ed11,64,2464d1d531032a71c2947e9e8abd2b6b84de9fc6f048239944ee9357097365e8,fff9e82ccf288b69ac39de668fca6fe3c6b30b9b7b6254dc68246f60aa6e303c,uccsd_4,UCCSD_inspired,4,fff9e82ccf288b69ac39de668fca6fe3c6b30b9b7b6254dc68246f60aa6e303c,data/v10/prepaper/sota/inputs/qasm/t04_016_uccsd_4_fff9e82ccf28.qasm,1,-1,RANDOM_TOPOLOGICAL,COMMUTATION_PLUS_TEMPLATES,64,10,1898160096,3072
E31-factorial-pareto-v1,9ebbfe6cf013d42ecd2b1dfdedba8a74f876bb0a94e169c5b5842a2bc9a45550,65,2464d1d531032a71c2947e9e8abd2b6b84de9fc6f048239944ee9357097365e8,d3e8b51351e86caa6d8939fe0a903f48a089e7d220d46a14b52d6c94e6e43394,cnot_chain_8,CNOT,8,d3e8b51351e86caa6d8939fe0a903f48a089e7d220d46a14b52d6c94e6e43394,data/v10/prepaper/sota/inputs/qasm/t00_039_cnot_chain_8_d3e8b51351e8.qasm,10,1,LBL,COMMUTATION_ONLY,64,120,2515796089,3072
E31-factorial-pareto-v1,961a21bb9ea2daa9b09adc7b6ef0d193bbe26aae3c008a20d04fff08d7fe7175,66,2464d1d531032a71c2947e9e8abd2b6b84de9fc6f048239944ee9357097365e8,2c4eabb9f48c4ae3c75c74a5d4378f67f7d301aceb9b8651680f3c6aa91a6477,adder_6,Adder,7,2c4eabb9f48c4ae3c75c74a5d4378f67f7d301aceb9b8651680f3c6aa91a6477,data/v10/prepaper/sota/inputs/qasm/t06_028_adder_6_2c4eabb9f48c.qasm,1,-1,LBL,COMMUTATION_PLUS_TEMPLATES,64,10,1626883237,3072
E31-factorial-pareto-v1,7bcd155a170bf0f2130fee17a232b6ac2cc8abf51e2dffc322dc13d445b685ce,67,2464d1d531032a71c2947e9e8abd2b6b84de9fc6f048239944ee9357097365e8,495bef64d81542b62d65ea7f3ea2f68c15fd96f817571830c26016e760cb0b20,surface_code_7,SurfaceCode,8,495bef64d81542b62d65ea7f3ea2f68c15fd96f817571830c26016e760cb0b20,data/v10/prepaper/sota/inputs/qasm/t09_036_surface_code_7_495bef64d815.qasm,1,1,LBL,COMMUTATION_PLUS_TEMPLATES,16,10,3117334103,3072
E31-factorial-pareto-v1,254c9aefd15129c3c01ab80ca9c5c6d39dad0667501f363e8180a134499cc532,68,2464d1d531032a71c2947e9e8abd2b6b84de9fc6f048239944ee9357097365e8,998d28f393fb6fe8a78d18a2436597cf82c17978859d430e5e43e089471944d1,qwalk_6,QuantumWalk,7,998d28f393fb6fe8a78d18a2436597cf82c17978859d430e5e43e089471944d1,data/v10/prepaper/sota/inputs/qasm/t03_029_qwalk_6_998d28f393fb.qasm,1,-1,LBL,COMMUTATION_ONLY,4,10,1159088963,3072
E31-factorial-pareto-v1,1ff7f3d394787c5a17029e704c5c53a35d2a6c60da81e877647607d1a70e0b98,69,2464d1d531032a71c2947e9e8abd2b6b84de9fc6f048239944ee9357097365e8,83c7c3f2143beb462726dd5669eb691fae0cabe693debd1cd6c9926ec8aac05b,clifford_6,RandomClifford,6,83c7c3f2143beb462726dd5669eb691fae0cabe693debd1cd6c9926ec8aac05b,data/v10/prepaper/sota/inputs/qasm/t00_031_clifford_6_83c7c3f2143b.qasm,1,-1,RANDOM_TOPOLOGICAL,COMMUTATION_ONLY,16,30,771160131,3072
E31-factorial-pareto-v1,d422a7942c6bf3f8dcc79bc6054d646a27425ee6f36680a1b8be707638441fad,70,2464d1d531032a71c2947e9e8abd2b6b84de9fc6f048239944ee9357097365e8,50b8786b19b903fee03c7d549eeadd02f826e61a98ec20ccfe13816a21e87930,grover_8,Grover,8,50b8786b19b903fee03c7d549eeadd02f826e61a98ec20ccfe13816a21e87930,data/v10/prepaper/sota/inputs/qasm/t07_044_grover_8_50b8786b19b9.qasm,1,-1,WCL,COMMUTATION_PLUS_TEMPLATES,16,120,3448311711,3072
E31-factorial-pareto-v1,1782f5e35e0c0f9c3d6ca7afd12f0448a2ab0481b7b84b0c62d05ddd9fd4a85f,71,2464d1d531032a71c2947e9e8abd2b6b84de9fc6f048239944ee9357097365e8,5eaf1f2b9f33724492a3e71d4e8ceaefbf99cfd60c760cd93842c60ec7375ec3,vqe_twolocal_6,VQE,6,5eaf1f2b9f33724492a3e71d4e8ceaefbf99cfd60c760cd93842c60ec7375ec3,data/v10/prepaper/sota/inputs/qasm/t00_025_vqe_twolocal_6_5eaf1f2b9f33.qasm,1,1,WCL,COMMUTATION_ONLY,16,30,2608313598,3072
E31-factorial-pareto-v1,de739b7c64676897aa233d090c4a93c127500674c596521562c1ad9bb1eeb803,72,2464d1d531032a71c2947e9e8abd2b6b84de9fc6f048239944ee9357097365e8,27a0f06f7cc08a8cc737a4739dc368a6357264dac3917d9592477680c4557db2,clifford_4,RandomClifford,4,27a0f06f7cc08a8cc737a4739dc368a6357264dac3917d9592477680c4557db2,data/v10/prepaper/sota/inputs/qasm/t02_014_clifford_4_27a0f06f7cc0.qasm,1,1,RANDOM_TOPOLOGICAL,COMMUTATION_PLUS_TEMPLATES,4,30,1430777654,3072
E31-factorial-pareto-v1,7c385de19bdf59373f5d880e128c2de8a12f9685a33ed7b182e2d206e422dfe3,73,2464d1d531032a71c2947e9e8abd2b6b84de9fc6f048239944ee9357097365e8,329b15531e8ae55e3c8668f2b78d9dbb4532f68f6c3aa4cb36f07012787c1a07,hardware_eff_4,HardwareEfficient,4,329b15531e8ae55e3c8668f2b78d9dbb4532f68f6c3aa4cb36f07012787c1a07,data/v10/prepaper/sota/inputs/qasm/t06_009_hardware_eff_4_329b15531e8a.qasm,1,1,WCL,COMMUTATION_ONLY,4,30,2883387145,3072
E31-factorial-pareto-v1,1f7a5cb079b00f60a15243c1e2214b57b499fbd07d25037d18d37e4908241c20,75,2464d1d531032a71c2947e9e8abd2b6b84de9fc6f048239944ee9357097365e8,a5f7781ed3e4e651a2e5798f49ae601eea6d43bc87e45d3700bb4db9feee5c3a,bv_7,Oracle,8,a5f7781ed3e4e651a2e5798f49ae601eea6d43bc87e45d3700bb4db9feee5c3a,data/v10/prepaper/sota/inputs/qasm/t05_034_bv_7_a5f7781ed3e4.qasm,1,1,WCL,COMMUTATION_PLUS_TEMPLATES,4,30,3265071658,3072
E31-factorial-pareto-v1,589456621303ca0dc41753e6c7a9a61bc02619d9873f89b87329e5b83f3a3489,76,2464d1d531032a71c2947e9e8abd2b6b84de9fc6f048239944ee9357097365e8,69fbd289de660bed2b78ee9f9d1cc83e5a306b8d5606c47a6ad36a8643ea1d45,qwalk_4,QuantumWalk,5,69fbd289de660bed2b78ee9f9d1cc83e5a306b8d5606c47a6ad36a8643ea1d45,data/v10/prepaper/sota/inputs/qasm/t04_012_qwalk_4_69fbd289de66.qasm,1,1,WCL,COMMUTATION_PLUS_TEMPLATES,4,10,2928062510,3072
E31-factorial-pareto-v1,cfd67e13c615872fd9fb13532781fb1c5e3b39c3bc9c9ac1eb6be65bee7f4986,77,2464d1d531032a71c2947e9e8abd2b6b84de9fc6f048239944ee9357097365e8,78372196a76be5b171c8c8652020a17fffda66c247774a77d4b49a122e356bf7,adder_8,Adder,10,78372196a76be5b171c8c8652020a17fffda66c247774a77d4b49a122e356bf7,data/v10/prepaper/sota/inputs/qasm/t05_045_adder_8_78372196a76b.qasm,1,-1,WCL,COMMUTATION_PLUS_TEMPLATES,4,10,553482692,3072
E31-factorial-pareto-v1,907b7dfc801e90d12ba65b536e140ccab7e293364d59c14f2b3ba1fdc541102b,78,2464d1d531032a71c2947e9e8abd2b6b84de9fc6f048239944ee9357097365e8,b45c3a20db4f3ccbe86b7028b2a3ed6875c846178b3f7e82a870185c5a08cbaa,qwalk_8,QuantumWalk,9,b45c3a20db4f3ccbe86b7028b2a3ed6875c846178b3f7e82a870185c5a08cbaa,data/v10/prepaper/sota/inputs/qasm/t03_046_qwalk_8_b45c3a20db4f.qasm,1,1,LBL,COMMUTATION_ONLY,16,120,745296551,3072
E31-factorial-pareto-v1,6262c0bf8b3da3d1235f960bc532f133b4487e2db505cf507a755e2a9024983e,79,2464d1d531032a71c2947e9e8abd2b6b84de9fc6f048239944ee9357097365e8,ac23376052bba9fcf5428066a06b89b96da995a9acb10b13e8626b43ae59a3f4,iqp_4,IQP,4,ac23376052bba9fcf5428066a06b89b96da995a9acb10b13e8626b43ae59a3f4,data/v10/prepaper/sota/inputs/qasm/t04_013_iqp_4_ac23376052bb.qasm,1,1,LBL,COMMUTATION_ONLY,4,30,1051928794,3072
E31-factorial-pareto-v1,4c0e5a7bf648632391772e9170a757c3d539f76db8c6484d3d1490cda6e8eec2,81,2464d1d531032a71c2947e9e8abd2b6b84de9fc6f048239944ee9357097365e8,a56b84561ace0423d3f71194279f62be3b29e47c98491c316e3446561f61dbf1,vqe_twolocal_6,VQE,6,a56b84561ace0423d3f71194279f62be3b29e47c98491c316e3446561f61dbf1,data/v10/prepaper/sota/inputs/qasm/t08_025_vqe_twolocal_6_a56b84561ace.qasm,1,1,WCL,COMMUTATION_ONLY,64,30,2160418466,3072
E31-factorial-pareto-v1,6e0709cec10dbca02de72e7845190693c0d7a152eea4608434fa6d46545df6b2,82,2464d1d531032a71c2947e9e8abd2b6b84de9fc6f048239944ee9357097365e8,2164019ee5e79f18f2d1ccc22ecf54065aa0ae6d801bbde583c7eea6b58de838,adder_8,Adder,10,2164019ee5e79f18f2d1ccc22ecf54065aa0ae6d801bbde583c7eea6b58de838,data/v10/prepaper/sota/inputs/qasm/t00_045_adder_8_2164019ee5e7.qasm,1,1,WCL,COMMUTATION_PLUS_TEMPLATES,4,30,1581430970,3072
E31-factorial-pareto-v1,6ba3961441e2ad8594683a2c66bdd3fa986853d2688e8cc36813c559ccf79046,83,2464d1d531032a71c2947e9e8abd2b6b84de9fc6f048239944ee9357097365e8,e7fffabc07b75ea40680bf5a6622f4cdc16711362459ed4523e903018e295e22,hardware_eff_6,HardwareEfficient,6,e7fffabc07b75ea40680bf5a6622f4cdc16711362459ed4523e903018e295e22,data/v10/prepaper/sota/inputs/qasm/t07_026_hardware_eff_6_e7fffabc07b7.qasm,1,-1,LBL,COMMUTATION_PLUS_TEMPLATES,4,30,967577901,3072
E31-factorial-pareto-v1,a82550747909feff0c82b2efd7e653d85fe05f2957d47c056aaf1ea5322fdd86,84,2464d1d531032a71c2947e9e8abd2b6b84de9fc6f048239944ee9357097365e8,ca386edd88164ffa11c481f7253c35755085ab3b89dc4a040baf53ef07db46b7,qaoa_line_8,QAOA,8,ca386edd88164ffa11c481f7253c35755085ab3b89dc4a040baf53ef07db46b7,data/v10/prepaper/sota/inputs/qasm/t00_041_qaoa_line_8_ca386edd8816.qasm,1,1,RANDOM_TOPOLOGICAL,COMMUTATION_ONLY,16,120,1761618374,3072
E31-factorial-pareto-v1,ed3d8a8f83120807db305165e6891ad57a306ba7ed4f67cf6cb1e2c561cb37b6,85,2464d1d531032a71c2947e9e8abd2b6b84de9fc6f048239944ee9357097365e8,014e8da4cad4f97582e18a894f34fc8c3a41b14e6c31d3b3736404a1cf5b8e78,vqe_twolocal_8,VQE,8,014e8da4cad4f97582e18a894f34fc8c3a41b14e6c31d3b3736404a1cf5b8e78,data/v10/prepaper/sota/inputs/qasm/t04_042_vqe_twolocal_8_014e8da4cad4.qasm,1,-1,LBL,COMMUTATION_PLUS_TEMPLATES,4,30,1723464517,3072
E31-factorial-pareto-v1,3e6ba6bdf9747d9ec7946f66c8e6cf1a90746b73299a75546263250c935de069,86,2464d1d531032a71c2947e9e8abd2b6b84de9fc6f048239944ee9357097365e8,c76911ce3c699af70df27c30a55cb7d4fd150a3f8bf77edf7314c601b966ce1d,qwalk_5,QuantumWalk,6,c76911ce3c699af70df27c30a55cb7d4fd150a3f8bf77edf7314c601b966ce1d,data/v10/prepaper/sota/inputs/qasm/t07_018_qwalk_5_c76911ce3c69.qasm,1,1,LBL,COMMUTATION_PLUS_TEMPLATES,16,30,570374000,3072
E31-factorial-pareto-v1,2596e07992b6c8dd9916722290b03958e844e7435ff3f760a288f1bf1f3d5c20,87,2464d1d531032a71c2947e9e8abd2b6b84de9fc6f048239944ee9357097365e8,798f2da3852850a248b844c609e1ad7fb57b023a680e6d42dc556d31133c1a31,surface_code_7,SurfaceCode,8,798f2da3852850a248b844c609e1ad7fb57b023a680e6d42dc556d31133c1a31,data/v10/prepaper/sota/inputs/qasm/t06_036_surface_code_7_798f2da38528.qasm,1,1,WCL,COMMUTATION_ONLY,4,1,795194252,3072
E31-factorial-pareto-v1,90e6e11fe2b4698847851c0ce6e9963b519ea37669ac027f42504cf1adf55756,88,2464d1d531032a71c2947e9e8abd2b6b84de9fc6f048239944ee9357097365e8,6b50423744cf6c022eecde33a07e710ea071ad97745eda5ae14badb443b4a3d4,uccsd_4,UCCSD_inspired,4,6b50423744cf6c022eecde33a07e710ea071ad97745eda5ae14badb443b4a3d4,data/v10/prepaper/sota/inputs/qasm/t03_016_uccsd_4_6b50423744cf.qasm,1,1,WCL,COMMUTATION_ONLY,64,10,3576903361,3072
E31-factorial-pareto-v1,0ad650c9473a635ec1b3ce9d82c3ca6a8240959e55ddbf9713159876550ea1ef,89,2464d1d531032a71c2947e9e8abd2b6b84de9fc6f048239944ee9357097365e8,cc7c4783b7000be0e3c619b0c96a7ebef0b8efc8519c4f8c90d9d9b1b3a49f6e,qaoa_line_6,QAOA,6,cc7c4783b7000be0e3c619b0c96a7ebef0b8efc8519c4f8c90d9d9b1b3a49f6e,data/v10/prepaper/sota/inputs/qasm/t09_024_qaoa_line_6_cc7c4783b700.qasm,1,1,WCL,COMMUTATION_ONLY,4,10,202813582,3072
E31-factorial-pareto-v1,6737ac278d09e5a49252d8d8370198d4d7416bf0c84da80c6a451ca9bd95b247,90,2464d1d531032a71c2947e9e8abd2b6b84de9fc6f048239944ee9357097365e8,96cd385647c924a15dadcdee8b59db5e9352e18d77f51d5aa446cd42c94b7327,qwalk_5,QuantumWalk,6,96cd385647c924a15dadcdee8b59db5e9352e18d77f51d5aa446cd42c94b7327,data/v10/prepaper/sota/inputs/qasm/t00_018_qwalk_5_96cd385647c9.qasm,1,-1,RANDOM_TOPOLOGICAL,COMMUTATION_PLUS_TEMPLATES,16,30,747281891,3072
E31-factorial-pareto-v1,baf14a4b86a41ce09e1197c2852a7b16fec85082ab749e2fc375413a7c0d9d08,92,2464d1d531032a71c2947e9e8abd2b6b84de9fc6f048239944ee9357097365e8,38fb79c22e616a17ca079d6ac91f1593bb639b1c9cdc24b819719a203860bb1c,haar_4,HaarRandom,4,38fb79c22e616a17ca079d6ac91f1593bb639b1c9cdc24b819719a203860bb1c,data/v10/prepaper/sota/inputs/qasm/t06_051_haar_4_38fb79c22e61.qasm,1,1,WCL,COMMUTATION_PLUS_TEMPLATES,64,10,835467877,3072
E31-factorial-pareto-v1,4103fd9aaff4018d45bf6ffafe55bb31f44f1a911b3bf9314da35bdcfe9ec571,93,2464d1d531032a71c2947e9e8abd2b6b84de9fc6f048239944ee9357097365e8,1a7bfb668baba31b5cb74057590661843ab8c6a997dc5e21c16d38ca42dee44b,qwalk_7,QuantumWalk,8,1a7bfb668baba31b5cb74057590661843ab8c6a997dc5e21c16d38ca42dee44b,data/v10/prepaper/sota/inputs/qasm/t03_035_qwalk_7_1a7bfb668bab.qasm,1,1,RANDOM_TOPOLOGICAL,COMMUTATION_ONLY,64,30,2047129214,3072
E31-factorial-pareto-v1,eed3ce5e83623c07b3319feb5c326de6f6955d63cbb029ba7a28cbcc83e200cc,94,2464d1d531032a71c2947e9e8abd2b6b84de9fc6f048239944ee9357097365e8,50d9a47ee18d2e3012d55867372cff942253cf0f5194a46210afdf68c5391777,bv_4,Oracle,5,50d9a47ee18d2e3012d55867372cff942253cf0f5194a46210afdf68c5391777,data/v10/prepaper/sota/inputs/qasm/t01_006_bv_4_50d9a47ee18d.qasm,2,-1,RANDOM_TOPOLOGICAL,COMMUTATION_ONLY,64,10,887840424,3072
E31-factorial-pareto-v1,784f3deedba7503d84af1d75e686cac37c683198317ff66c602687085a700a37,95,2464d1d531032a71c2947e9e8abd2b6b84de9fc6f048239944ee9357097365e8,2b1cde4abea2ed44a9eb8279de400f807116abcb88a364fd04bbb05b1c3244ae,bv_3,Oracle,4,2b1cde4abea2ed44a9eb8279de400f807116abcb88a364fd04bbb05b1c3244ae,data/v10/prepaper/sota/inputs/qasm/t00_000_bv_3_2b1cde4abea2.qasm,2,1,LBL,COMMUTATION_PLUS_TEMPLATES,64,10,1541585498,3072
E31-factorial-pareto-v1,4af5319bc6642e3de833462dd4ea69780d579d5587c288dd60e4545faacba749,96,2464d1d531032a71c2947e9e8abd2b6b84de9fc6f048239944ee9357097365e8,c3e848fe6db54137fa92444db2668cef254476947d748c8e25e29c13f6d30cb7,qaoa_line_4,QAOA,4,c3e848fe6db54137fa92444db2668cef254476947d748c8e25e29c13f6d30cb7,data/v10/prepaper/sota/inputs/qasm/t04_007_qaoa_line_4_c3e848fe6db5.qasm,1,-1,RANDOM_TOPOLOGICAL,COMMUTATION_ONLY,64,30,163541955,3072
E31-factorial-pareto-v1,fbd5804015eb44ef13d921a0691563a46fdccdbccf1abac655563cf47e3b4253,97,2464d1d531032a71c2947e9e8abd2b6b84de9fc6f048239944ee9357097365e8,0a81cc4d0a797c511cc7757f221f526b65d937b82fd056476c0518a352f5005b,iqp_4,IQP,4,0a81cc4d0a797c511cc7757f221f526b65d937b82fd056476c0518a352f5005b,data/v10/prepaper/sota/inputs/qasm/t03_013_iqp_4_0a81cc4d0a79.qasm,1,-1,RANDOM_TOPOLOGICAL,COMMUTATION_PLUS_TEMPLATES,16,30,844954656,3072
E31-factorial-pareto-v1,fef23109accae82a95f62246babe694204d6e9d441c5b3d109efa15951bc5e53,98,2464d1d531032a71c2947e9e8abd2b6b84de9fc6f048239944ee9357097365e8,a16dbe89e98ec8eef49995c9edecf7e520b6fce018b74c0aa8248506ead433db,surface_code_6,SurfaceCode,7,a16dbe89e98ec8eef49995c9edecf7e520b6fce018b74c0aa8248506ead433db,data/v10/prepaper/sota/inputs/qasm/t02_032_surface_code_6_a16dbe89e98e.qasm,1,1,RANDOM_TOPOLOGICAL,COMMUTATION_PLUS_TEMPLATES,16,1,927773952,3072
E31-factorial-pareto-v1,798b4d8320386e1cc1abdf4c5b7626373e03a238ed09de9dedcd9679a54190d7,99,2464d1d531032a71c2947e9e8abd2b6b84de9fc6f048239944ee9357097365e8,50bbfd9444a3a7981af5bef5ec6064a7c26b4cc07f48e50d38a5bd018f876bda,clifford_8,RandomClifford,8,50bbfd9444a3a7981af5bef5ec6064a7c26b4cc07f48e50d38a5bd018f876bda,data/v10/prepaper/sota/inputs/qasm/t06_048_clifford_8_50bbfd9444a3.qasm,1,1,RANDOM_TOPOLOGICAL,COMMUTATION_ONLY,64,120,1223864461,3072
E31-factorial-pareto-v1,574da60b17c7dbef937335274d3dbc0453dfcd45b14c8d2fa2969a9d6cc19dc8,100,2464d1d531032a71c2947e9e8abd2b6b84de9fc6f048239944ee9357097365e8,dbf410d1e5693402b537af90e7218374f0c429041426b90bd4d34500d64685d5,bv_6,Oracle,7,dbf410d1e5693402b537af90e7218374f0c429041426b90bd4d34500d64685d5,data/v10/prepaper/sota/inputs/qasm/t00_023_bv_6_dbf410d1e569.qasm,1,1,WCL,COMMUTATION_PLUS_TEMPLATES,64,1,328279331,3072
E31-factorial-pareto-v1,5134fc5fbe062bfa9a9daf2c9ac5f5e562a909f00a6fbc40c5431d66d9028654,102,2464d1d531032a71c2947e9e8abd2b6b84de9fc6f048239944ee9357097365e8,98123c419282ef8d7ead755526545f8d1b8e6129c506a92b5eb114e588eb0ab3,surface_code_4,SurfaceCode,5,98123c419282ef8d7ead755526545f8d1b8e6129c506a92b5eb114e588eb0ab3,data/v10/prepaper/sota/inputs/qasm/t01_015_surface_code_4_98123c419282.qasm,6,1,WCL,COMMUTATION_ONLY,16,120,4173629306,3072
E31-factorial-pareto-v1,fd19d52abaf6ee0b6c55a28e96295563f968dd032bd224e922d20a5158bc19f6,103,2464d1d531032a71c2947e9e8abd2b6b84de9fc6f048239944ee9357097365e8,84e5ffa52ff593155fe71d6c5301d13481243936c02d7dea5e63cbb838e247aa,bv_5,Oracle,6,84e5ffa52ff593155fe71d6c5301d13481243936c02d7dea5e63cbb838e247aa,data/v10/prepaper/sota/inputs/qasm/t05_017_bv_5_84e5ffa52ff5.qasm,1,-1,LBL,COMMUTATION_ONLY,16,1,1602411964,3072
E31-factorial-pareto-v1,bad65ef0b1d3efd103bff186ccb6cf9cb2f5867aa1a51bbebc39eff4ee00f88b,104,2464d1d531032a71c2947e9e8abd2b6b84de9fc6f048239944ee9357097365e8,20bd807cbfd98fe4ea82e3516bf2d4a8503636ee5a9f7d3e47639df20a82b08a,qaoa_line_4,QAOA,4,20bd807cbfd98fe4ea82e3516bf2d4a8503636ee5a9f7d3e47639df20a82b08a,data/v10/prepaper/sota/inputs/qasm/t05_007_qaoa_line_4_20bd807cbfd9.qasm,1,-1,LBL,COMMUTATION_PLUS_TEMPLATES,16,30,1945583068,3072
E31-factorial-pareto-v1,731c473c014ef92e170e1eb80d8640626aa2b36ed70167f02518087653bb23f0,105,2464d1d531032a71c2947e9e8abd2b6b84de9fc6f048239944ee9357097365e8,b7163b3a00248ea960a5124b05a311a33fb77506ed9fa5aaef446ad5230301a1,bv_5,Oracle,6,b7163b3a00248ea960a5124b05a311a33fb77506ed9fa5aaef446ad5230301a1,data/v10/prepaper/sota/inputs/qasm/t06_017_bv_5_b7163b3a0024.qasm,1,1,LBL,COMMUTATION_ONLY,4,30,1853141292,3072
E31-factorial-pareto-v1,198ead89df21d4d5bde3d0f0f0a9aefacb103bba5721986d73e0545303ed4e99,106,2464d1d531032a71c2947e9e8abd2b6b84de9fc6f048239944ee9357097365e8,e7c3197175704bce082edb885d4fa6328a0f697d629942098860c96b5b014a8c,qaoa_line_8,QAOA,8,e7c3197175704bce082edb885d4fa6328a0f697d629942098860c96b5b014a8c,data/v10/prepaper/sota/inputs/qasm/t06_041_qaoa_line_8_e7c319717570.qasm,1,1,WCL,COMMUTATION_PLUS_TEMPLATES,64,10,3359691914,3072
E31-factorial-pareto-v1,134d428e2151328b349524d408a300ad85d69ec30889c61a90d50e2c3012586e,107,2464d1d531032a71c2947e9e8abd2b6b84de9fc6f048239944ee9357097365e8,f360b2738c36711c1019ce7764c30286bb612c574b1f9d512b2ca2afeaad5639,grover_6,Grover,6,f360b2738c36711c1019ce7764c30286bb612c574b1f9d512b2ca2afeaad5639,data/v10/prepaper/sota/inputs/qasm/t02_027_grover_6_f360b2738c36.qasm,1,1,LBL,COMMUTATION_PLUS_TEMPLATES,4,120,3962445688,3072
E31-factorial-pareto-v1,d72e4949a67831fd61046ebce29c34f37a902843bb6444a179229a24ef37e479,110,2464d1d531032a71c2947e9e8abd2b6b84de9fc6f048239944ee9357097365e8,a25cdf698d5ca8a8af744fd0fd1ebd652891919421d5e150b2a7e5e42e0cf9e7,surface_code_8,SurfaceCode,9,a25cdf698d5ca8a8af744fd0fd1ebd652891919421d5e150b2a7e5e42e0cf9e7,data/v10/prepaper/sota/inputs/qasm/t01_049_surface_code_8_a25cdf698d5c.qasm,1,1,RANDOM_TOPOLOGICAL,COMMUTATION_ONLY,4,30,1813714090,3072
E31-factorial-pareto-v1,379b06432477e49d98e9bcb0ce30966f773394032141a5b33ccbd993f5b571af,113,2464d1d531032a71c2947e9e8abd2b6b84de9fc6f048239944ee9357097365e8,380136ad69bebfc3d05fdf4d7fab225d1325b53da9391f41c26a567f88a08608,qwalk_6,QuantumWalk,7,380136ad69bebfc3d05fdf4d7fab225d1325b53da9391f41c26a567f88a08608,data/v10/prepaper/sota/inputs/qasm/t02_029_qwalk_6_380136ad69be.qasm,1,1,WCL,COMMUTATION_PLUS_TEMPLATES,64,30,2326481606,3072
E31-factorial-pareto-v1,47c37f9cdcc2d41c23cbee77876d1d0a019ae33dd2f3d597a56343c7be0208c7,114,2464d1d531032a71c2947e9e8abd2b6b84de9fc6f048239944ee9357097365e8,11ca0a34ccfcff1362a4d080d776863708b5bb85227870100bccb7ea7d29a31f,surface_code_6,SurfaceCode,7,11ca0a34ccfcff1362a4d080d776863708b5bb85227870100bccb7ea7d29a31f,data/v10/prepaper/sota/inputs/qasm/t03_032_surface_code_6_11ca0a34ccfc.qasm,1,-1,LBL,COMMUTATION_PLUS_TEMPLATES,4,1,3733264909,3072
E31-factorial-pareto-v1,3ff8581424ec7f5fb690416d4e957834f30510a51f4369cf5aab92736dc797c6,117,2464d1d531032a71c2947e9e8abd2b6b84de9fc6f048239944ee9357097365e8,6fb483683d8a22c1752bbd74856400a9e8dc76f6c7498dc4e96e958be1a4c939,hardware_eff_4,HardwareEfficient,4,6fb483683d8a22c1752bbd74856400a9e8dc76f6c7498dc4e96e958be1a4c939,data/v10/prepaper/sota/inputs/qasm/t07_009_hardware_eff_4_6fb483683d8a.qasm,1,-1,RANDOM_TOPOLOGICAL,COMMUTATION_ONLY,16,120,273863095,3072
E31-factorial-pareto-v1,17de51fa428e682d28cf01dbde04c19a81183f1ce4565c6d533ba85b8afcb26d,118,2464d1d531032a71c2947e9e8abd2b6b84de9fc6f048239944ee9357097365e8,2da0675bcf3b7abb3d5daf9177c5c708714eb652339263c60ffc5cfc077ab523,grover_6,Grover,6,2da0675bcf3b7abb3d5daf9177c5c708714eb652339263c60ffc5cfc077ab523,data/v10/prepaper/sota/inputs/qasm/t01_027_grover_6_2da0675bcf3b.qasm,1,1,RANDOM_TOPOLOGICAL,COMMUTATION_PLUS_TEMPLATES,64,120,2992808669,3072
E31-factorial-pareto-v1,bf87df750f7cf4f1763ad5d6d0a81a046a824b4d708145d9f957c163d3e83dfe,120,2464d1d531032a71c2947e9e8abd2b6b84de9fc6f048239944ee9357097365e8,06c44d32c85d1c06864d6f9775908c5d875e7b32ddcad6ee5dfed8d86c27ca6f,surface_code_5,SurfaceCode,6,06c44d32c85d1c06864d6f9775908c5d875e7b32ddcad6ee5dfed8d86c27ca6f,data/v10/prepaper/sota/inputs/qasm/t00_019_surface_code_5_06c44d32c85d.qasm,3,1,WCL,COMMUTATION_ONLY,4,10,173759430,3072
E31-factorial-pareto-v1,d0931b1bc4944a48a3a5825719cbcc7cdb6c4160d1f0123e5a5bd2321c3178d6,121,2464d1d531032a71c2947e9e8abd2b6b84de9fc6f048239944ee9357097365e8,32c9e772774deff17d4b957250f4893cf8bc7cbe5983475de6b326cdc1ece616,hardware_eff_4,HardwareEfficient,4,32c9e772774deff17d4b957250f4893cf8bc7cbe5983475de6b326cdc1ece616,data/v10/prepaper/sota/inputs/qasm/t00_009_hardware_eff_4_32c9e772774d.qasm,1,1,WCL,COMMUTATION_PLUS_TEMPLATES,4,30,734838979,3072
E31-factorial-pareto-v1,6bd1767b947f763d584613dabd23fea4c62a33b221d4804ee586992c8583efd9,122,2464d1d531032a71c2947e9e8abd2b6b84de9fc6f048239944ee9357097365e8,8aaf01a56bcab37914ddfaba82a75a16e140d95441d873784a6ddbc0cb82048b,qwalk_6,QuantumWalk,7,8aaf01a56bcab37914ddfaba82a75a16e140d95441d873784a6ddbc0cb82048b,data/v10/prepaper/sota/inputs/qasm/t01_029_qwalk_6_8aaf01a56bca.qasm,1,-1,WCL,COMMUTATION_PLUS_TEMPLATES,4,1,1915724105,3072
E31-factorial-pareto-v1,e6d044cc7942dc3236088e475b83b9518bf71e3f3f685f6f056818a9744ba45b,123,2464d1d531032a71c2947e9e8abd2b6b84de9fc6f048239944ee9357097365e8,dfb04a777b1d92f2bd1c26ca8fecfc77e6e9e7fe6b9091cef1ea2753dd14dae8,clifford_4,RandomClifford,4,dfb04a777b1d92f2bd1c26ca8fecfc77e6e9e7fe6b9091cef1ea2753dd14dae8,data/v10/prepaper/sota/inputs/qasm/t09_014_clifford_4_dfb04a777b1d.qasm,1,-1,LBL,COMMUTATION_PLUS_TEMPLATES,16,10,2666994239,3072
E31-factorial-pareto-v1,0721d74676cb2d0aab27fdef6a9615aff3d76f46ba88b4f306f8e680a12e538c,126,2464d1d531032a71c2947e9e8abd2b6b84de9fc6f048239944ee9357097365e8,03eaab10a83e1dfeb034fd7582bcf4a2ea7fa5b71a897818b9064ad6fb621c5a,uccsd_6,UCCSD_inspired,6,03eaab10a83e1dfeb034fd7582bcf4a2ea7fa5b71a897818b9064ad6fb621c5a,data/v10/prepaper/sota/inputs/qasm/t09_033_uccsd_6_03eaab10a83e.qasm,1,1,LBL,COMMUTATION_PLUS_TEMPLATES,16,30,2265858430,3072
E31-factorial-pareto-v1,2c23c89380481a194e548c1397949b35c06a663629afd87cade3d0add8d0b67f,128,2464d1d531032a71c2947e9e8abd2b6b84de9fc6f048239944ee9357097365e8,50acc8cca2f23db161ca0e99de8435635242080dcd80d6ee45c483913667385d,surface_code_6,SurfaceCode,7,50acc8cca2f23db161ca0e99de8435635242080dcd80d6ee45c483913667385d,data/v10/prepaper/sota/inputs/qasm/t00_032_surface_code_6_50acc8cca2f2.qasm,1,-1,RANDOM_TOPOLOGICAL,COMMUTATION_ONLY,4,10,4031560067,3072
E31-factorial-pareto-v1,52074b0dba4c831c1900b40cf9f75256ee4a8ac3f293ae50a702e70e72fefcce,129,2464d1d531032a71c2947e9e8abd2b6b84de9fc6f048239944ee9357097365e8,6a973daf65bd418bdd08beaf9461e58945e15cfd7d372f99f1bfabdf665daccf,adder_8,Adder,10,6a973daf65bd418bdd08beaf9461e58945e15cfd7d372f99f1bfabdf665daccf,data/v10/prepaper/sota/inputs/qasm/t02_045_adder_8_6a973daf65bd.qasm,1,1,LBL,COMMUTATION_PLUS_TEMPLATES,16,1,3486724705,3072
E31-factorial-pareto-v1,d3103dee7daa12878802abb47f9a2b1fdda93c37500d17379cce7592e095c606,131,2464d1d531032a71c2947e9e8abd2b6b84de9fc6f048239944ee9357097365e8,572ced8466222c9cce73f7c74264b2354fd93bd719eafb0290bc144dcb80224f,uccsd_6,UCCSD_inspired,6,572ced8466222c9cce73f7c74264b2354fd93bd719eafb0290bc144dcb80224f,data/v10/prepaper/sota/inputs/qasm/t01_033_uccsd_6_572ced846622.qasm,1,1,RANDOM_TOPOLOGICAL,COMMUTATION_ONLY,4,120,4086190432,3072
E31-factorial-pareto-v1,c5db478e7da7dec989cf8811540b7b59883ffc8a564ff5ae281f231deb7d4e90,132,2464d1d531032a71c2947e9e8abd2b6b84de9fc6f048239944ee9357097365e8,c9e5b59e32c53d4772620b8ccf8ab1e16870e879379d57c33dae662522f67ce3,qwalk_6,QuantumWalk,7,c9e5b59e32c53d4772620b8ccf8ab1e16870e879379d57c33dae662522f67ce3,data/v10/prepaper/sota/inputs/qasm/t07_029_qwalk_6_c9e5b59e32c5.qasm,1,1,LBL,COMMUTATION_PLUS_TEMPLATES,64,10,198214791,3072
E31-factorial-pareto-v1,eb3e7b8cba9e8394b87530fae8a900b9f352d34934b406a82f6ceee889bf28d2,133,2464d1d531032a71c2947e9e8abd2b6b84de9fc6f048239944ee9357097365e8,439cf4a4745745332319327dc1b01075748fee45c1a0f2e6280ba8e9fbbe0487,surface_code_7,SurfaceCode,8,439cf4a4745745332319327dc1b01075748fee45c1a0f2e6280ba8e9fbbe0487,data/v10/prepaper/sota/inputs/qasm/t02_036_surface_code_7_439cf4a47457.qasm,1,-1,RANDOM_TOPOLOGICAL,COMMUTATION_ONLY,64,1,2240299925,3072
E31-factorial-pareto-v1,83718abe8b7f633e81071d0f48a0cabd18850b52113c91d4caba950d32170962,134,2464d1d531032a71c2947e9e8abd2b6b84de9fc6f048239944ee9357097365e8,5d1c48263acc18a36d062c98661594cfac7e4418c02437f7200168f655d79429,bv_7,Oracle,8,5d1c48263acc18a36d062c98661594cfac7e4418c02437f7200168f655d79429,data/v10/prepaper/sota/inputs/qasm/t09_034_bv_7_5d1c48263acc.qasm,1,-1,LBL,COMMUTATION_PLUS_TEMPLATES,64,1,2306277899,3072
E31-factorial-pareto-v1,d25bbf8eb23bc202e5771a3c48d754dc883811855323bad9fe14692a31785176,135,2464d1d531032a71c2947e9e8abd2b6b84de9fc6f048239944ee9357097365e8,4035c390bb35bd7735df397046c84d406ef79095dfe0cf931033a80c28b17459,grover_4,Grover,4,4035c390bb35bd7735df397046c84d406ef79095dfe0cf931033a80c28b17459,data/v10/prepaper/sota/inputs/qasm/t01_010_grover_4_4035c390bb35.qasm,3,1,WCL,COMMUTATION_ONLY,4,120,2857567977,3072
E31-factorial-pareto-v1,dfa1ea43078a5de991770a9159569fb58a55873437cf893b402fec0807cea5c7,136,2464d1d531032a71c2947e9e8abd2b6b84de9fc6f048239944ee9357097365e8,c3781847e3b476f0de097ecb06e247f54b9b45f604f5ccafeaab4169f506470a,adder_8,Adder,10,c3781847e3b476f0de097ecb06e247f54b9b45f604f5ccafeaab4169f506470a,data/v10/prepaper/sota/inputs/qasm/t07_045_adder_8_c3781847e3b4.qasm,1,1,LBL,COMMUTATION_PLUS_TEMPLATES,64,10,755527727,3072
E31-factorial-pareto-v1,72bf5010b004a96939b7a1f2cc90b4d479dad9d21024d1d36b46acc0c399ad98,137,2464d1d531032a71c2947e9e8abd2b6b84de9fc6f048239944ee9357097365e8,1e0a27417d327285c170dedda1a30b6477266b0adcb25849edabf48071b99ff9,hardware_eff_6,HardwareEfficient,6,1e0a27417d327285c170dedda1a30b6477266b0adcb25849edabf48071b99ff9,data/v10/prepaper/sota/inputs/qasm/t02_026_hardware_eff_6_1e0a27417d32.qasm,1,1,LBL,COMMUTATION_PLUS_TEMPLATES,4,120,1988395866,3072
E31-factorial-pareto-v1,4cd90a6409f6d23af08c56e9ca0b9ae24422102a8984443d1f029016df0468d0,138,2464d1d531032a71c2947e9e8abd2b6b84de9fc6f048239944ee9357097365e8,566d2d8e6e0997a8b51a95c78b1f3ed52607b20964f2c0ae7de1115cada224ab,bv_7,Oracle,8,566d2d8e6e0997a8b51a95c78b1f3ed52607b20964f2c0ae7de1115cada224ab,data/v10/prepaper/sota/inputs/qasm/t04_034_bv_7_566d2d8e6e09.qasm,1,-1,RANDOM_TOPOLOGICAL,COMMUTATION_PLUS_TEMPLATES,16,30,1878354019,3072
E31-factorial-pareto-v1,04e36137fa1fb209c9d50a6bc594c12a582002278f51cc8d41998d478741f19c,139,2464d1d531032a71c2947e9e8abd2b6b84de9fc6f048239944ee9357097365e8,a8db7c393892d2adec545708e5f0d633c2a3a558227f079b35365b5a62cf7950,bv_7,Oracle,8,a8db7c393892d2adec545708e5f0d633c2a3a558227f079b35365b5a62cf7950,data/v10/prepaper/sota/inputs/qasm/t03_034_bv_7_a8db7c393892.qasm,1,1,WCL,COMMUTATION_ONLY,4,10,1228304851,3072
E31-factorial-pareto-v1,94881fb7a32cc8cf415bef5d39b75cbbda8f85b1ecbc2cdce88b8268b80485f4,142,2464d1d531032a71c2947e9e8abd2b6b84de9fc6f048239944ee9357097365e8,efcc1de189949fabda88791e6b68d73aff3b14e37c742a15535d4e16dce0f0ac,qwalk_8,QuantumWalk,9,efcc1de189949fabda88791e6b68d73aff3b14e37c742a15535d4e16dce0f0ac,data/v10/prepaper/sota/inputs/qasm/t00_046_qwalk_8_efcc1de18994.qasm,1,-1,LBL,COMMUTATION_ONLY,64,30,1610858518,3072
E31-factorial-pareto-v1,2981fd03eb8f8d3f762a3e0d18d63748b7fc3c6829cb5f15e248bafd6d0547e3,145,2464d1d531032a71c2947e9e8abd2b6b84de9fc6f048239944ee9357097365e8,d38566d48961c0f4bf6be3a09a849c118d9719eaeb3ba58b46b96218d1814c2e,qaoa_line_4,QAOA,4,d38566d48961c0f4bf6be3a09a849c118d9719eaeb3ba58b46b96218d1814c2e,data/v10/prepaper/sota/inputs/qasm/t01_007_qaoa_line_4_d38566d48961.qasm,1,1,LBL,COMMUTATION_ONLY,4,10,3637356008,3072
E31-factorial-pareto-v1,ed850c79392235ac35648c0ae1631204ba1e1b6befda8d7579c972f013f3defc,146,2464d1d531032a71c2947e9e8abd2b6b84de9fc6f048239944ee9357097365e8,2d043f6785f08c83f853dfb793626cfb8e1e5c2265f0d61dc52cab5049ee4b4d,vqe_twolocal_8,VQE,8,2d043f6785f08c83f853dfb793626cfb8e1e5c2265f0d61dc52cab5049ee4b4d,data/v10/prepaper/sota/inputs/qasm/t02_042_vqe_twolocal_8_2d043f6785f0.qasm,1,1,LBL,COMMUTATION_ONLY,64,1,458935599,3072
E31-factorial-pareto-v1,0e2026f0246e35b05411e0431f90b18ff8ee5827d0c5ff96169f8c4855022f80,148,2464d1d531032a71c2947e9e8abd2b6b84de9fc6f048239944ee9357097365e8,834aeb4ed3be004b7a0b3e681d43de66de6de8f35a5e9fb1bfa818d7b959284b,vqe_twolocal_8,VQE,8,834aeb4ed3be004b7a0b3e681d43de66de6de8f35a5e9fb1bfa818d7b959284b,data/v10/prepaper/sota/inputs/qasm/t07_042_vqe_twolocal_8_834aeb4ed3be.qasm,1,-1,RANDOM_TOPOLOGICAL,COMMUTATION_ONLY,16,1,941510457,3072
E31-factorial-pareto-v1,490817803fa3855e8b5875ab7518b62a060e1e36094d607e067983fe4af47868,151,2464d1d531032a71c2947e9e8abd2b6b84de9fc6f048239944ee9357097365e8,9d28cb9bb42a70f9fa00e7efba94348562efdd144be3a7aef8382f0ab9e0b925,bv_5,Oracle,6,9d28cb9bb42a70f9fa00e7efba94348562efdd144be3a7aef8382f0ab9e0b925,data/v10/prepaper/sota/inputs/qasm/t09_017_bv_5_9d28cb9bb42a.qasm,1,1,WCL,COMMUTATION_PLUS_TEMPLATES,4,10,2263498593,3072
E31-factorial-pareto-v1,c7881e83fbc1e80dc1f2ab3ca09cd29a7c1769c83b68aaa0f47bb6a5e844825d,152,2464d1d531032a71c2947e9e8abd2b6b84de9fc6f048239944ee9357097365e8,50b395729f861742949308b817a01e0a10080914e86479b908b73eb2a45bdba8,bv_7,Oracle,8,50b395729f861742949308b817a01e0a10080914e86479b908b73eb2a45bdba8,data/v10/prepaper/sota/inputs/qasm/t00_034_bv_7_50b395729f86.qasm,1,1,WCL,COMMUTATION_PLUS_TEMPLATES,16,30,3254845707,3072
E31-factorial-pareto-v1,7ab11241fa213bf887694a5962c355a452c67181e1daaafd804145d30389834f,153,2464d1d531032a71c2947e9e8abd2b6b84de9fc6f048239944ee9357097365e8,3fb029699c8404b78c36d862792e62b0892de0e1c100f0d29978e2b9ce549abd,bv_3,Oracle,4,3fb029699c8404b78c36d862792e62b0892de0e1c100f0d29978e2b9ce549abd,data/v10/prepaper/sota/inputs/qasm/t04_000_bv_3_3fb029699c84.qasm,2,1,LBL,COMMUTATION_ONLY,4,1,1902340898,3072
E31-factorial-pareto-v1,162517ed26c3b83e12b88bd995e46cdf27ea598c34ce5faa12f649922523d7df,155,2464d1d531032a71c2947e9e8abd2b6b84de9fc6f048239944ee9357097365e8,3e0c8afaa2c7ac511c66cdc6f54a4f59ecec9d97e00b3f1ed0997592613b2ff4,vqe_twolocal_8,VQE,8,3e0c8afaa2c7ac511c66cdc6f54a4f59ecec9d97e00b3f1ed0997592613b2ff4,data/v10/prepaper/sota/inputs/qasm/t00_042_vqe_twolocal_8_3e0c8afaa2c7.qasm,1,-1,LBL,COMMUTATION_PLUS_TEMPLATES,4,1,978966812,3072
E31-factorial-pareto-v1,03bb087bb16912ea73750998cee35dcd585b770253c8cc91ab02ab6fc85a5034,157,2464d1d531032a71c2947e9e8abd2b6b84de9fc6f048239944ee9357097365e8,3d81f170b70b37bcf04340d03252bc648978848cc80013b68533b757c45bbf0b,qwalk_5,QuantumWalk,6,3d81f170b70b37bcf04340d03252bc648978848cc80013b68533b757c45bbf0b,data/v10/prepaper/sota/inputs/qasm/t06_018_qwalk_5_3d81f170b70b.qasm,1,1,RANDOM_TOPOLOGICAL,COMMUTATION_ONLY,64,10,3269676029,3072
E31-factorial-pareto-v1,61ee3af7cedd3e3aa32dab891f398d3620f28d9e7e6926b32ebc0d773ced729c,158,2464d1d531032a71c2947e9e8abd2b6b84de9fc6f048239944ee9357097365e8,f5abe5e6eaa29a69e1bf7d01179729f0dbdaec8309b1956baf7cc1f60ae61b0a,grover_8,Grover,8,f5abe5e6eaa29a69e1bf7d01179729f0dbdaec8309b1956baf7cc1f60ae61b0a,data/v10/prepaper/sota/inputs/qasm/t06_044_grover_8_f5abe5e6eaa2.qasm,1,-1,WCL,COMMUTATION_PLUS_TEMPLATES,64,120,925146552,3072
E31-factorial-pareto-v1,c068e4cf1cd4d8af59705cfe1df2369155c9145700a4ceadb23135146988ce0d,161,2464d1d531032a71c2947e9e8abd2b6b84de9fc6f048239944ee9357097365e8,dbf2ecc496a8a4f6e88f13828e776d93956e73b115d0ae52ddd4ce1fa1fc5605,hardware_eff_4,HardwareEfficient,4,dbf2ecc496a8a4f6e88f13828e776d93956e73b115d0ae52ddd4ce1fa1fc5605,data/v10/prepaper/sota/inputs/qasm/t01_009_hardware_eff_4_dbf2ecc496a8.qasm,1,1,LBL,COMMUTATION_ONLY,64,10,1081653133,3072
E31-factorial-pareto-v1,154741c0bd1869902e2131ac767ad30cf347e900a86a7f467e92b4767780b938,163,2464d1d531032a71c2947e9e8abd2b6b84de9fc6f048239944ee9357097365e8,fc9c0098d5d07331d9cb6faf263afc0d636a3b06394b50375880dd47fed4a931,qwalk_8,QuantumWalk,9,fc9c0098d5d07331d9cb6faf263afc0d636a3b06394b50375880dd47fed4a931,data/v10/prepaper/sota/inputs/qasm/t09_046_qwalk_8_fc9c0098d5d0.qasm,1,-1,WCL,COMMUTATION_PLUS_TEMPLATES,64,30,1355138025,3072
E31-factorial-pareto-v1,76750c7e00e5e82c28d1d5e51eddce78aa000d3f4c639be171ca4ada92806d93,164,2464d1d531032a71c2947e9e8abd2b6b84de9fc6f048239944ee9357097365e8,50d40ab13a27632abb0016ec2e9af6972f0134cee65529429f585010b7f83a33,clifford_8,RandomClifford,8,50d40ab13a27632abb0016ec2e9af6972f0134cee65529429f585010b7f83a33,data/v10/prepaper/sota/inputs/qasm/t07_048_clifford_8_50d40ab13a27.qasm,1,-1,LBL,COMMUTATION_ONLY,16,120,2503075781,3072
E31-factorial-pareto-v1,f248032008b5d7466e2b3284e53edb2e0647dcca624b443342bf13227ba14019,169,2464d1d531032a71c2947e9e8abd2b6b84de9fc6f048239944ee9357097365e8,4272cac3e6706df983c44985b044af11779366997597cd338541fc66ccef446f,bv_5,Oracle,6,4272cac3e6706df983c44985b044af11779366997597cd338541fc66ccef446f,data/v10/prepaper/sota/inputs/qasm/t01_017_bv_5_4272cac3e670.qasm,1,-1,RANDOM_TOPOLOGICAL,COMMUTATION_PLUS_TEMPLATES,64,120,3338276664,3072
E31-factorial-pareto-v1,7910aaa78384c55c5e49c040415423647f0a000cf1fda956c94d19da2814e0d9,171,2464d1d531032a71c2947e9e8abd2b6b84de9fc6f048239944ee9357097365e8,cdbe33fccd70c92e6cc7d2b7574511bac38dc61b4808e8978c79d8fe49b754db,qaoa_line_4,QAOA,4,cdbe33fccd70c92e6cc7d2b7574511bac38dc61b4808e8978c79d8fe49b754db,data/v10/prepaper/sota/inputs/qasm/t06_007_qaoa_line_4_cdbe33fccd70.qasm,1,1,LBL,COMMUTATION_PLUS_TEMPLATES,64,10,2426912210,3072
E31-factorial-pareto-v1,a86802fab1a025d93e545b005d6f7dee88fa517a3f908b02dbbd392ad288fa18,172,2464d1d531032a71c2947e9e8abd2b6b84de9fc6f048239944ee9357097365e8,9599f9974b14de7195d737812cbf1c818a7ceb9b98d68f8d815c350d4d59daaa,qwalk_3,QuantumWalk,4,9599f9974b14de7195d737812cbf1c818a7ceb9b98d68f8d815c350d4d59daaa,data/v10/prepaper/sota/inputs/qasm/t07_002_qwalk_3_9599f9974b14.qasm,1,-1,WCL,COMMUTATION_ONLY,4,30,38291503,3072
E31-factorial-pareto-v1,2c6b8dab72c93b4c5a52f7129a67c83a2801349b25c9d0593e86526f1afe5952,173,2464d1d531032a71c2947e9e8abd2b6b84de9fc6f048239944ee9357097365e8,01a23834d951decd141adabe1307f2ad87488faaf5ff243ee1ed65f08cf396e8,haar_4,HaarRandom,4,01a23834d951decd141adabe1307f2ad87488faaf5ff243ee1ed65f08cf396e8,data/v10/prepaper/sota/inputs/qasm/t08_051_haar_4_01a23834d951.qasm,1,-1,WCL,COMMUTATION_PLUS_TEMPLATES,4,10,531252704,3072
E31-factorial-pareto-v1,0644b906050db3d975908af030b542c9810478eea27c7818166b49ff15a5d1d0,174,2464d1d531032a71c2947e9e8abd2b6b84de9fc6f048239944ee9357097365e8,f82545ab8dd2e124bb20b12a2943a1f6d29666837c03c9275f4c803dc1929c72,bv_4,Oracle,5,f82545ab8dd2e124bb20b12a2943a1f6d29666837c03c9275f4c803dc1929c72,data/v10/prepaper/sota/inputs/qasm/t00_006_bv_4_f82545ab8dd2.qasm,1,-1,RANDOM_TOPOLOGICAL,COMMUTATION_ONLY,4,30,1716346168,3072
E31-factorial-pareto-v1,4a479780055dcdaedf09ecb2d1fb9b77629f2cfdce0e92443f068899a618665f,175,2464d1d531032a71c2947e9e8abd2b6b84de9fc6f048239944ee9357097365e8,59b729dbea5b2457f083d3577ed253a3b4f24dfc11f1e185af454468b65fb400,clifford_4,RandomClifford,4,59b729dbea5b2457f083d3577ed253a3b4f24dfc11f1e185af454468b65fb400,data/v10/prepaper/sota/inputs/qasm/t07_014_clifford_4_59b729dbea5b.qasm,1,1,RANDOM_TOPOLOGICAL,COMMUTATION_ONLY,16,30,1069126921,3072
E31-factorial-pareto-v1,4f9fdf097877651ec17369b5840a20284e19f38f82ae29879601e9ac9b85d9d2,176,2464d1d531032a71c2947e9e8abd2b6b84de9fc6f048239944ee9357097365e8,7de15138171180eddd35e0f29e3e3ce11f0b20302daab2bc45c5be3302e9cf4d,surface_code_4,SurfaceCode,5,7de15138171180eddd35e0f29e3e3ce11f0b20302daab2bc45c5be3302e9cf4d,data/v10/prepaper/sota/inputs/qasm/t00_015_surface_code_4_7de151381711.qasm,2,-1,RANDOM_TOPOLOGICAL,COMMUTATION_PLUS_TEMPLATES,64,30,3356079814,3072
E31-factorial-pareto-v1,ac6fdba1934d8947a60072abf5c210fa788e97b29d92b0fc5227a508db664b69,177,2464d1d531032a71c2947e9e8abd2b6b84de9fc6f048239944ee9357097365e8,28bfaeeecb293e1f876f9558f967228672ed62c635b047fed680c0fd03f9b918,clifford_6,RandomClifford,6,28bfaeeecb293e1f876f9558f967228672ed62c635b047fed680c0fd03f9b918,data/v10/prepaper/sota/inputs/qasm/t06_031_clifford_6_28bfaeeecb29.qasm,1,1,RANDOM_TOPOLOGICAL,COMMUTATION_ONLY,16,30,2361456683,3072
E31-factorial-pareto-v1,277e008eae1c4cf2e07c99a8854fcd534d718abc39251e32018f27ad252971d0,178,2464d1d531032a71c2947e9e8abd2b6b84de9fc6f048239944ee9357097365e8,de6c0eaa11dbb8cb038759ba22e2ae33584fddad76d7f93a185f16b9e2034ea9,uccsd_4,UCCSD_inspired,4,de6c0eaa11dbb8cb038759ba22e2ae33584fddad76d7f93a185f16b9e2034ea9,data/v10/prepaper/sota/inputs/qasm/t06_016_uccsd_4_de6c0eaa11db.qasm,1,1,WCL,COMMUTATION_ONLY,16,10,1699722464,3072
E31-factorial-pareto-v1,7f0ee8636c309a7d251318b22945592e70ab6d77b74a616661523c4e3735041e,179,2464d1d531032a71c2947e9e8abd2b6b84de9fc6f048239944ee9357097365e8,437020e3b14d16381ddae29b4c8219401888281530fe7a429e0e50cdf87b176c,adder_8,Adder,10,437020e3b14d16381ddae29b4c8219401888281530fe7a429e0e50cdf87b176c,data/v10/prepaper/sota/inputs/qasm/t09_045_adder_8_437020e3b14d.qasm,1,-1,LBL,COMMUTATION_ONLY,16,30,726779565,3072
E31-factorial-pareto-v1,f98480f3043f0e04092e58330ce354409a50f9ad7850982f35ce4c4a74f9f960,180,2464d1d531032a71c2947e9e8abd2b6b84de9fc6f048239944ee9357097365e8,632a65a86fd9bfab17ccedbd10b32b45490cc33030a23af0d675ad3e8ad7a445,ghz_4,GHZ,4,632a65a86fd9bfab17ccedbd10b32b45490cc33030a23af0d675ad3e8ad7a445,data/v10/prepaper/sota/inputs/qasm/t00_004_ghz_4_632a65a86fd9.qasm,10,1,WCL,COMMUTATION_PLUS_TEMPLATES,16,120,3753920155,3072
E31-factorial-pareto-v1,a85310c157815a026058d123c295960dbd2b5a3109cba59edf1d2ce454433af5,181,2464d1d531032a71c2947e9e8abd2b6b84de9fc6f048239944ee9357097365e8,600a25f9f932f78c6da4a944f24dd2405d8beeea9631fa80ab0ba450ccbf7277,bv_6,Oracle,7,600a25f9f932f78c6da4a944f24dd2405d8beeea9631fa80ab0ba450ccbf7277,data/v10/prepaper/sota/inputs/qasm/t05_023_bv_6_600a25f9f932.qasm,1,1,WCL,COMMUTATION_ONLY,16,10,2482031199,3072
E31-factorial-pareto-v1,c1c5c1ba760eb326cb8a5c89f425e62a109dbc423812aecd5deec384a36c0db1,185,2464d1d531032a71c2947e9e8abd2b6b84de9fc6f048239944ee9357097365e8,0ed63ca188a0b57909ea58f75b874bc3ffbc1cf811ad49c73522148c5bd18b55,bv_6,Oracle,7,0ed63ca188a0b57909ea58f75b874bc3ffbc1cf811ad49c73522148c5bd18b55,data/v10/prepaper/sota/inputs/qasm/t08_023_bv_6_0ed63ca188a0.qasm,1,1,RANDOM_TOPOLOGICAL,COMMUTATION_ONLY,64,1,3596678445,3072
E31-factorial-pareto-v1,2b8d38e187ddbb3e0629970367ec489f3558ae7638d9be883cb7d81d12e23dbe,186,2464d1d531032a71c2947e9e8abd2b6b84de9fc6f048239944ee9357097365e8,e5bbbd1f18635ae8322525fdc27639ee5570adb4ddc5f530d7a8cb95f2790501,bv_8,Oracle,9,e5bbbd1f18635ae8322525fdc27639ee5570adb4ddc5f530d7a8cb95f2790501,data/v10/prepaper/sota/inputs/qasm/t04_040_bv_8_e5bbbd1f1863.qasm,1,-1,LBL,COMMUTATION_ONLY,64,120,1641576612,3072
E31-factorial-pareto-v1,53cbb774dd3df27d370611769053c22c457aaf79809a22806ceecf47d732915c,188,2464d1d531032a71c2947e9e8abd2b6b84de9fc6f048239944ee9357097365e8,46b9db66decc06088531b47b8ebb2df981fb151806949067077d84375b800a37,grover_4,Grover,4,46b9db66decc06088531b47b8ebb2df981fb151806949067077d84375b800a37,data/v10/prepaper/sota/inputs/qasm/t05_010_grover_4_46b9db66decc.qasm,1,1,LBL,COMMUTATION_PLUS_TEMPLATES,64,1,1296097423,3072
E31-factorial-pareto-v1,1f87a7710acc2df4c4db6d4755792e1b9385c5777fae928a5dec99cf4c0bb4e5,189,2464d1d531032a71c2947e9e8abd2b6b84de9fc6f048239944ee9357097365e8,e088528b02a19eec385f62f0fcc85a3229fa96910264b09991adb2dcc6fd3870,vqe_twolocal_6,VQE,6,e088528b02a19eec385f62f0fcc85a3229fa96910264b09991adb2dcc6fd3870,data/v10/prepaper/sota/inputs/qasm/t06_025_vqe_twolocal_6_e088528b02a1.qasm,1,1,RANDOM_TOPOLOGICAL,COMMUTATION_PLUS_TEMPLATES,64,10,1772811479,3072
E31-factorial-pareto-v1,a02dab46d6ed49d8fa4c92fe907a9888535e6058500e0067897460d959b20bfa,190,2464d1d531032a71c2947e9e8abd2b6b84de9fc6f048239944ee9357097365e8,3aae783a820f49c9540e519d2e0530dfc7772f6fca9d6281bb75cb295af6f03e,surface_code_6,SurfaceCode,7,3aae783a820f49c9540e519d2e0530dfc7772f6fca9d6281bb75cb295af6f03e,data/v10/prepaper/sota/inputs/qasm/t04_032_surface_code_6_3aae783a820f.qasm,1,-1,WCL,COMMUTATION_ONLY,64,120,3870282415,3072
E31-factorial-pareto-v1,fce0d8b6977be7efc8c05529e69309d7418ac6c5a9dc4771fa18fabd53bbe310,192,2464d1d531032a71c2947e9e8abd2b6b84de9fc6f048239944ee9357097365e8,1da141578648db952d0c0258f06e9ac1c658cc518f58ccc3eae0aa459e7dd61c,bv_8,Oracle,9,1da141578648db952d0c0258f06e9ac1c658cc518f58ccc3eae0aa459e7dd61c,data/v10/prepaper/sota/inputs/qasm/t02_040_bv_8_1da141578648.qasm,1,-1,LBL,COMMUTATION_PLUS_TEMPLATES,4,120,727422714,3072
E31-factorial-pareto-v1,ed5d3df9726fe9157c725571ea12688ace8b2ee8cca46d49d6fd4f7a9b12d261,194,2464d1d531032a71c2947e9e8abd2b6b84de9fc6f048239944ee9357097365e8,cdd100c7eff0d706945d603b660c1569d33187e1be34e594e80d66dbe901ac39,vqe_twolocal_4,VQE,4,cdd100c7eff0d706945d603b660c1569d33187e1be34e594e80d66dbe901ac39,data/v10/prepaper/sota/inputs/qasm/t03_008_vqe_twolocal_4_cdd100c7eff0.qasm,1,-1,LBL,COMMUTATION_PLUS_TEMPLATES,64,1,538921059,3072
E31-factorial-pareto-v1,83c2ebe9ad40b98f86cee6471ed2f2c5fa97943938b13b84037d8a4837412914,195,2464d1d531032a71c2947e9e8abd2b6b84de9fc6f048239944ee9357097365e8,c2edd0f05863f7c5791bbf5b6ee2131a4e62dce0b2cac1a356f178eeca043f8a,uccsd_8,UCCSD_inspired,8,c2edd0f05863f7c5791bbf5b6ee2131a4e62dce0b2cac1a356f178eeca043f8a,data/v10/prepaper/sota/inputs/qasm/t03_050_uccsd_8_c2edd0f05863.qasm,1,1,WCL,COMMUTATION_ONLY,4,120,719562817,3072
E31-factorial-pareto-v1,2d08459bcf5bd75911e47bb8275be2bb2018fb8e58d10048cf28c7e4c50ba0f4,196,2464d1d531032a71c2947e9e8abd2b6b84de9fc6f048239944ee9357097365e8,389bf6f7858d6a53b8763831df2427cec2bb16be06630b7211a9f557a2dfcd75,qwalk_4,QuantumWalk,5,389bf6f7858d6a53b8763831df2427cec2bb16be06630b7211a9f557a2dfcd75,data/v10/prepaper/sota/inputs/qasm/t08_012_qwalk_4_389bf6f7858d.qasm,1,-1,LBL,COMMUTATION_ONLY,64,10,3509250919,3072
E31-factorial-pareto-v1,56707aec7407e842ec11a97e1bd303fc422f66704c4d834e8c8109e67f382907,197,2464d1d531032a71c2947e9e8abd2b6b84de9fc6f048239944ee9357097365e8,7052aff8dd4903f03c23a3ac996d18fe787bf1c0241facc9c524e5ea4facd903,surface_code_6,SurfaceCode,7,7052aff8dd4903f03c23a3ac996d18fe787bf1c0241facc9c524e5ea4facd903,data/v10/prepaper/sota/inputs/qasm/t05_032_surface_code_6_7052aff8dd49.qasm,1,1,LBL,COMMUTATION_ONLY,16,30,2566239182,3072
E31-factorial-pareto-v1,7cbdc7cd53086f3643f65ea58f76a9ee74d93b7222dda09a4150cd8a114eebe5,199,2464d1d531032a71c2947e9e8abd2b6b84de9fc6f048239944ee9357097365e8,e00e580e23474658e32e03271e9930d065185c3eea39cd126893c951749d2ca8,iqp_8,IQP,8,e00e580e23474658e32e03271e9930d065185c3eea39cd126893c951749d2ca8,data/v10/prepaper/sota/inputs/qasm/t09_047_iqp_8_e00e580e2347.qasm,1,1,RANDOM_TOPOLOGICAL,COMMUTATION_ONLY,16,1,2710363711,3072
E31-factorial-pareto-v1,1d50dadf22a0a658211c51dad87679a132151beb2e0a81292924a1366c07547e,200,2464d1d531032a71c2947e9e8abd2b6b84de9fc6f048239944ee9357097365e8,db276c8d92545f754aab16b3664fca1ddb31410f3135295ca28b78969f0459a4,uccsd_4,UCCSD_inspired,4,db276c8d92545f754aab16b3664fca1ddb31410f3135295ca28b78969f0459a4,data/v10/prepaper/sota/inputs/qasm/t02_016_uccsd_4_db276c8d9254.qasm,1,-1,LBL,COMMUTATION_PLUS_TEMPLATES,4,10,3969497988,3072
E31-factorial-pareto-v1,c2fd7dbc66dd07ece89712bda6106fd02d6a3a67bf10afe987e86202f847d55b,203,2464d1d531032a71c2947e9e8abd2b6b84de9fc6f048239944ee9357097365e8,14da3f908abda6229c65d0aec602aaf53fad733479c969be7e0504eaa5dacae0,surface_code_7,SurfaceCode,8,14da3f908abda6229c65d0aec602aaf53fad733479c969be7e0504eaa5dacae0,data/v10/prepaper/sota/inputs/qasm/t01_036_surface_code_7_14da3f908abd.qasm,1,-1,RANDOM_TOPOLOGICAL,COMMUTATION_PLUS_TEMPLATES,16,120,3805751436,3072
E31-factorial-pareto-v1,48a91ca9798cd5199378eab031e4076a68bd51454fd0497c6172845ba1ba35a1,204,2464d1d531032a71c2947e9e8abd2b6b84de9fc6f048239944ee9357097365e8,baa36a6bacd09d29a4e1ac1a3471506608430765957e6bc127dfa683d2dcf33d,hardware_eff_6,HardwareEfficient,6,baa36a6bacd09d29a4e1ac1a3471506608430765957e6bc127dfa683d2dcf33d,data/v10/prepaper/sota/inputs/qasm/t01_026_hardware_eff_6_baa36a6bacd0.qasm,1,1,RANDOM_TOPOLOGICAL,COMMUTATION_PLUS_TEMPLATES,4,120,3459241057,3072
E31-factorial-pareto-v1,e180e7f524d1562c25a5bba82eebfdfe9c64be43211ba476fa90937d05c907b4,205,2464d1d531032a71c2947e9e8abd2b6b84de9fc6f048239944ee9357097365e8,c5d3cc7e27224a7f0435dbe10fc8c046011f5e3b58eea6c57431181a4bcbcb20,qwalk_6,QuantumWalk,7,c5d3cc7e27224a7f0435dbe10fc8c046011f5e3b58eea6c57431181a4bcbcb20,data/v10/prepaper/sota/inputs/qasm/t04_029_qwalk_6_c5d3cc7e2722.qasm,1,-1,RANDOM_TOPOLOGICAL,COMMUTATION_PLUS_TEMPLATES,4,1,13649361,3072
E31-factorial-pareto-v1,cf3a69562569e9b8b0f2288650cf8458d202a6201006c3f827cca7549ada6865,208,2464d1d531032a71c2947e9e8abd2b6b84de9fc6f048239944ee9357097365e8,ace916e35582c95d21da984fde2d1f6a3536707d59739f448aeda811b215f37b,qaoa_line_6,QAOA,6,ace916e35582c95d21da984fde2d1f6a3536707d59739f448aeda811b215f37b,data/v10/prepaper/sota/inputs/qasm/t01_024_qaoa_line_6_ace916e35582.qasm,1,1,LBL,COMMUTATION_PLUS_TEMPLATES,4,1,2433281237,3072
E31-factorial-pareto-v1,ad7eadbc870e8222191d1ba6511cdd6a0d65b51a3ed23185774c4e3e229ea5c6,209,2464d1d531032a71c2947e9e8abd2b6b84de9fc6f048239944ee9357097365e8,fad3c5f191237ccefb3283566a70159b1baa6b56d18ce49a8add74141be307f5,surface_code_4,SurfaceCode,5,fad3c5f191237ccefb3283566a70159b1baa6b56d18ce49a8add74141be307f5,data/v10/prepaper/sota/inputs/qasm/t05_015_surface_code_4_fad3c5f19123.qasm,1,-1,WCL,COMMUTATION_ONLY,4,1,629189446,3072
E31-factorial-pareto-v1,3cbac325413dc6528ffcea14c76df820c93b5f04496452f58cdb0d839f45915f,211,2464d1d531032a71c2947e9e8abd2b6b84de9fc6f048239944ee9357097365e8,90b9d6a98141cc942d3ded30a930bd0e1d014a4a74273b8ac4367eda1522afc9,qwalk_5,QuantumWalk,6,90b9d6a98141cc942d3ded30a930bd0e1d014a4a74273b8ac4367eda1522afc9,data/v10/prepaper/sota/inputs/qasm/t02_018_qwalk_5_90b9d6a98141.qasm,1,-1,LBL,COMMUTATION_PLUS_TEMPLATES,64,10,84466338,3072
E31-factorial-pareto-v1,c656a7b86f37dfc040960b392423bd5638b82ef5714052aea98d7ab645ec7d7d,212,2464d1d531032a71c2947e9e8abd2b6b84de9fc6f048239944ee9357097365e8,84d3281e5151bde9af2a7cc3de51f55b2dd2cfb8283f989bef5f9482034a8a54,uccsd_6,UCCSD_inspired,6,84d3281e5151bde9af2a7cc3de51f55b2dd2cfb8283f989bef5f9482034a8a54,data/v10/prepaper/sota/inputs/qasm/t06_033_uccsd_6_84d3281e5151.qasm,1,-1,WCL,COMMUTATION_ONLY,4,1,1112252009,3072
E31-factorial-pareto-v1,5439d3dc3eb90212d0b9f96f1cdd1ecb64aa1794d3fe5da6db1e7223ff5a1c5f,216,2464d1d531032a71c2947e9e8abd2b6b84de9fc6f048239944ee9357097365e8,dac7e56e9490cb5f19a852e1206995c9711c1c95c63e61eba2ed4a4acecf7099,hardware_eff_8,HardwareEfficient,8,dac7e56e9490cb5f19a852e1206995c9711c1c95c63e61eba2ed4a4acecf7099,data/v10/prepaper/sota/inputs/qasm/t03_043_hardware_eff_8_dac7e56e9490.qasm,1,-1,RANDOM_TOPOLOGICAL,COMMUTATION_ONLY,64,10,2168684527,3072
E31-factorial-pareto-v1,1b25ba5fc80dd47208633ab51b156de8fb4708f7ad577107b8bec0788241a6da,218,2464d1d531032a71c2947e9e8abd2b6b84de9fc6f048239944ee9357097365e8,ec9289c88d9acb9814cb60890e2e2d888e2853fae21087e87cdc61fd856c3ee5,surface_code_8,SurfaceCode,9,ec9289c88d9acb9814cb60890e2e2d888e2853fae21087e87cdc61fd856c3ee5,data/v10/prepaper/sota/inputs/qasm/t03_049_surface_code_8_ec9289c88d9a.qasm,1,1,WCL,COMMUTATION_PLUS_TEMPLATES,64,120,759748883,3072
E31-factorial-pareto-v1,e47edb981b35e35a68a6e141a41286e97ef39b18c375cbbe9057426875df765e,219,2464d1d531032a71c2947e9e8abd2b6b84de9fc6f048239944ee9357097365e8,c4a720840c00df3b0c2ea7000f573447922240d5d236a8c5747e3c48a1fb6259,qwalk_5,QuantumWalk,6,c4a720840c00df3b0c2ea7000f573447922240d5d236a8c5747e3c48a1fb6259,data/v10/prepaper/sota/inputs/qasm/t05_018_qwalk_5_c4a720840c00.qasm,1,1,WCL,COMMUTATION_ONLY,4,10,2689368513,3072
E31-factorial-pareto-v1,ae65f0dddcf73ffe19ac64a754ae7e476f3005a62cf78488a168774a892e684a,220,2464d1d531032a71c2947e9e8abd2b6b84de9fc6f048239944ee9357097365e8,2d71c39b26582071bf61dcf0fd75c33b46d5626b7983e36e786fa74e823155c6,iqp_8,IQP,8,2d71c39b26582071bf61dcf0fd75c33b46d5626b7983e36e786fa74e823155c6,data/v10/prepaper/sota/inputs/qasm/t00_047_iqp_8_2d71c39b2658.qasm,1,1,WCL,COMMUTATION_PLUS_TEMPLATES,64,10,2039794188,3072
E31-factorial-pareto-v1,b073157cb40aabd4b1d943af65b38efd89d963c77f7119c82cdb41ab76921a62,221,2464d1d531032a71c2947e9e8abd2b6b84de9fc6f048239944ee9357097365e8,ecfd2572e51eb6ffed7dc27ff03ff03e0340732f1c1277c844b7427722591d79,hardware_eff_8,HardwareEfficient,8,ecfd2572e51eb6ffed7dc27ff03ff03e0340732f1c1277c844b7427722591d79,data/v10/prepaper/sota/inputs/qasm/t06_043_hardware_eff_8_ecfd2572e51e.qasm,1,-1,LBL,COMMUTATION_PLUS_TEMPLATES,16,30,2329254375,3072
E31-factorial-pareto-v1,de17c51639c7ad7a052f59a967faa55cad2cfdcf19186b15a9271359734289f0,223,2464d1d531032a71c2947e9e8abd2b6b84de9fc6f048239944ee9357097365e8,1640ff7462e7311a41f33aa104a27eee9536fe8b771e28d6bc904b5a4f4f958a,vqe_twolocal_6,VQE,6,1640ff7462e7311a41f33aa104a27eee9536fe8b771e28d6bc904b5a4f4f958a,data/v10/prepaper/sota/inputs/qasm/t09_025_vqe_twolocal_6_1640ff7462e7.qasm,1,1,LBL,COMMUTATION_PLUS_TEMPLATES,4,30,4065655960,3072
E31-factorial-pareto-v1,df62da8ecb3564296bf5ae9370d7675e9156a09df7fbbc58a063cd42135c9d4a,224,2464d1d531032a71c2947e9e8abd2b6b84de9fc6f048239944ee9357097365e8,8b29e59e3a39db333187ef02a279d7723f487d94b438e8e97ce4d73eab48b4e8,clifford_4,RandomClifford,4,8b29e59e3a39db333187ef02a279d7723f487d94b438e8e97ce4d73eab48b4e8,data/v10/prepaper/sota/inputs/qasm/t06_014_clifford_4_8b29e59e3a39.qasm,1,1,LBL,COMMUTATION_PLUS_TEMPLATES,64,10,1321270700,3072
E31-factorial-pareto-v1,a2e24ad552e11c62d62abd2f286d404e0719fe4c336ba8f856b9e25af9ffb905,225,2464d1d531032a71c2947e9e8abd2b6b84de9fc6f048239944ee9357097365e8,082489d14e2c84f851b9515f5e16cffad519cec34fbf1349a6ba883153cfe252,clifford_6,RandomClifford,6,082489d14e2c84f851b9515f5e16cffad519cec34fbf1349a6ba883153cfe252,data/v10/prepaper/sota/inputs/qasm/t04_031_clifford_6_082489d14e2c.qasm,1,1,WCL,COMMUTATION_PLUS_TEMPLATES,16,1,2114520227,3072
E31-factorial-pareto-v1,7623f98dc7d0ca93b52a9ef57cd118ea67ba4253833750e6202f21ae8535eb5c,226,2464d1d531032a71c2947e9e8abd2b6b84de9fc6f048239944ee9357097365e8,34ac6807a367e4649c549bb7e5379b105efee316f5ac8c12566d937750d6a8fa,bv_8,Oracle,9,34ac6807a367e4649c549bb7e5379b105efee316f5ac8c12566d937750d6a8fa,data/v10/prepaper/sota/inputs/qasm/t03_040_bv_8_34ac6807a367.qasm,1,1,WCL,COMMUTATION_PLUS_TEMPLATES,64,30,4237719345,3072
E31-factorial-pareto-v1,7892921da59b096f77d55b1563f118db03398e395dd4e2ab6828883a20d2154c,229,2464d1d531032a71c2947e9e8abd2b6b84de9fc6f048239944ee9357097365e8,8d9675d03084170fe7ac5525f6fcb719077b9720d82fdfd3a3438964e78b6345,uccsd_6,UCCSD_inspired,6,8d9675d03084170fe7ac5525f6fcb719077b9720d82fdfd3a3438964e78b6345,data/v10/prepaper/sota/inputs/qasm/t02_033_uccsd_6_8d9675d03084.qasm,1,-1,LBL,COMMUTATION_PLUS_TEMPLATES,64,10,1233623621,3072
E31-factorial-pareto-v1,f36b1601215466db5013398230a39cd5180ad553248867e0ca760ec8af755750,230,2464d1d531032a71c2947e9e8abd2b6b84de9fc6f048239944ee9357097365e8,49e4535dd05722cfe2cfda0d59fcc03e485eca61c04e97f3b303a014d4a4357b,hardware_eff_8,HardwareEfficient,8,49e4535dd05722cfe2cfda0d59fcc03e485eca61c04e97f3b303a014d4a4357b,data/v10/prepaper/sota/inputs/qasm/t04_043_hardware_eff_8_49e4535dd057.qasm,1,1,LBL,COMMUTATION_ONLY,4,30,3054076491,3072
E31-factorial-pareto-v1,31ed05b41d20f31bc897ccc36867b593a09f447725e5bf785a3ce7e45def4051,231,2464d1d531032a71c2947e9e8abd2b6b84de9fc6f048239944ee9357097365e8,0b2df1631cec49dcdf94ae6c89b987525505936cb61ce3a67e0759c3b5437914,vqe_twolocal_4,VQE,4,0b2df1631cec49dcdf94ae6c89b987525505936cb61ce3a67e0759c3b5437914,data/v10/prepaper/sota/inputs/qasm/t09_008_vqe_twolocal_4_0b2df1631cec.qasm,1,-1,WCL,COMMUTATION_PLUS_TEMPLATES,16,30,1541142249,3072
E31-factorial-pareto-v1,9d2207e0b514b7e76d7479310b9b5510d6dd3b18d2144becb22e966c433a3fcd,238,2464d1d531032a71c2947e9e8abd2b6b84de9fc6f048239944ee9357097365e8,d200c6e5a74daf138e202579980ec549be8f1d3b945dcb231a735ae5ef935ab2,uccsd_8,UCCSD_inspired,8,d200c6e5a74daf138e202579980ec549be8f1d3b945dcb231a735ae5ef935ab2,data/v10/prepaper/sota/inputs/qasm/t07_050_uccsd_8_d200c6e5a74d.qasm,1,1,LBL,COMMUTATION_ONLY,16,30,3431501420,3072
E31-factorial-pareto-v1,8b39435508389d740b819eed81c6c13d1840b91f9003db882e8fd2d1306124d7,239,2464d1d531032a71c2947e9e8abd2b6b84de9fc6f048239944ee9357097365e8,5b48e826e65152b0af21cba70e11371c1b074a0c9c1e146e88104ebda8da7f44,qwalk_8,QuantumWalk,9,5b48e826e65152b0af21cba70e11371c1b074a0c9c1e146e88104ebda8da7f44,data/v10/prepaper/sota/inputs/qasm/t02_046_qwalk_8_5b48e826e651.qasm,1,-1,RANDOM_TOPOLOGICAL,COMMUTATION_ONLY,16,30,3237275648,3072
E31-factorial-pareto-v1,66df63a42c64631f433d6cc4525a280ccf8950a9aec82ceab1f8660fd6f69ddb,240,2464d1d531032a71c2947e9e8abd2b6b84de9fc6f048239944ee9357097365e8,893f6526bf6a6d3aeec9c02876eace88e08e93caa6ed56c50764daeba95b4560,haar_4,HaarRandom,4,893f6526bf6a6d3aeec9c02876eace88e08e93caa6ed56c50764daeba95b4560,data/v10/prepaper/sota/inputs/qasm/t00_051_haar_4_893f6526bf6a.qasm,1,-1,RANDOM_TOPOLOGICAL,COMMUTATION_ONLY,16,10,1078351637,3072
E31-factorial-pareto-v1,bde7b8aac3d00673250c45dd989b56e9414a614a2b54042a92cc9d6b13d408f4,242,2464d1d531032a71c2947e9e8abd2b6b84de9fc6f048239944ee9357097365e8,99bbb7d14c43822569de544c5e8a4b3ccfd00506bb1041b2da2a6c12d1b20f7f,adder_8,Adder,10,99bbb7d14c43822569de544c5e8a4b3ccfd00506bb1041b2da2a6c12d1b20f7f,data/v10/prepaper/sota/inputs/qasm/t06_045_adder_8_99bbb7d14c43.qasm,1,1,LBL,COMMUTATION_PLUS_TEMPLATES,4,10,3629254137,3072
E31-factorial-pareto-v1,0511911a342f257601cdb0f9ce7981572f9973a2a2f0bdaf53871456f9e24509,243,2464d1d531032a71c2947e9e8abd2b6b84de9fc6f048239944ee9357097365e8,9efcd7e7d63057f26477dd71e9cc9399123981e05ee8aa5ae613fa5f7681e66c,surface_code_5,SurfaceCode,6,9efcd7e7d63057f26477dd71e9cc9399123981e05ee8aa5ae613fa5f7681e66c,data/v10/prepaper/sota/inputs/qasm/t06_019_surface_code_5_9efcd7e7d630.qasm,2,-1,RANDOM_TOPOLOGICAL,COMMUTATION_ONLY,64,30,3253661831,3072
E31-factorial-pareto-v1,831e52f43f8ee41ed611ffdc2a61e013c88418c118c5a08ac2a695681989b4aa,244,2464d1d531032a71c2947e9e8abd2b6b84de9fc6f048239944ee9357097365e8,b866fb4b41003a7d731ad7258462101c103a99bb9ec5d149206b154bb5a479bf,surface_code_8,SurfaceCode,9,b866fb4b41003a7d731ad7258462101c103a99bb9ec5d149206b154bb5a479bf,data/v10/prepaper/sota/inputs/qasm/t05_049_surface_code_8_b866fb4b4100.qasm,2,1,LBL,COMMUTATION_ONLY,16,30,480691541,3072
E31-factorial-pareto-v1,f40ba1eeebb21c056cbe9625b91b14829c3fc400d56ce6d0e9e742fc152a51a5,245,2464d1d531032a71c2947e9e8abd2b6b84de9fc6f048239944ee9357097365e8,5e374d2d9df7152707d5a3b917c5572905ce53bc378306ed7da8919f036c289d,hardware_eff_4,HardwareEfficient,4,5e374d2d9df7152707d5a3b917c5572905ce53bc378306ed7da8919f036c289d,data/v10/prepaper/sota/inputs/qasm/t09_009_hardware_eff_4_5e374d2d9df7.qasm,1,-1,RANDOM_TOPOLOGICAL,COMMUTATION_ONLY,16,30,1272016751,3072
E31-factorial-pareto-v1,6f592790084f3505543253ba6c5d4766a02f61f10e8b1eaf2d1530fe0a5202e3,249,2464d1d531032a71c2947e9e8abd2b6b84de9fc6f048239944ee9357097365e8,1cfed9e8d4d3d922274c93ac90508b7632b2c9fb1a0d01862aa77ba6164bb231,iqp_4,IQP,4,1cfed9e8d4d3d922274c93ac90508b7632b2c9fb1a0d01862aa77ba6164bb231,data/v10/prepaper/sota/inputs/qasm/t06_013_iqp_4_1cfed9e8d4d3.qasm,1,1,LBL,COMMUTATION_PLUS_TEMPLATES,16,10,2682786020,3072
E31-factorial-pareto-v1,870571e67272130f39fcd043f369e7b8928301259036d45e7f3d2071f585c727,250,2464d1d531032a71c2947e9e8abd2b6b84de9fc6f048239944ee9357097365e8,ab6c0308e70783c337dc12cc3601cedbca26ad9ff939cc7bbedff27b595326e7,clifford_8,RandomClifford,8,ab6c0308e70783c337dc12cc3601cedbca26ad9ff939cc7bbedff27b595326e7,data/v10/prepaper/sota/inputs/qasm/t03_048_clifford_8_ab6c0308e707.qasm,1,1,LBL,COMMUTATION_ONLY,16,1,2303913191,3072
E31-factorial-pareto-v1,6e7e08402d6b73ba1032d9bf43027dee1f5d59bd754393d61fa0652cdae2f2c6,251,2464d1d531032a71c2947e9e8abd2b6b84de9fc6f048239944ee9357097365e8,c79699bc553ba266feca0cc48d12346c9fa31633f6c158d26ee08f6599c9d82f,surface_code_6,SurfaceCode,7,c79699bc553ba266feca0cc48d12346c9fa31633f6c158d26ee08f6599c9d82f,data/v10/prepaper/sota/inputs/qasm/t01_032_surface_code_6_c79699bc553b.qasm,3,1,WCL,COMMUTATION_ONLY,4,30,3218012492,3072
E31-factorial-pareto-v1,cdcd5de547d9f9f83873a605ed2c5723111966037a300919fd243dd2d6b6343a,252,2464d1d531032a71c2947e9e8abd2b6b84de9fc6f048239944ee9357097365e8,f88dd26fe808edabf53419e020b87e3b4a517886def363d693787b3bc9728cf8,qwalk_5,QuantumWalk,6,f88dd26fe808edabf53419e020b87e3b4a517886def363d693787b3bc9728cf8,data/v10/prepaper/sota/inputs/qasm/t09_018_qwalk_5_f88dd26fe808.qasm,1,-1,LBL,COMMUTATION_PLUS_TEMPLATES,4,1,2283320935,3072
E31-factorial-pareto-v1,3b6a11eeaac30b103158641a3f6ba75210e41b9c6f5619ca09ecd8d59ca3dd12,253,2464d1d531032a71c2947e9e8abd2b6b84de9fc6f048239944ee9357097365e8,fcc1daadc89b349ed68d575311f3e662b665486c74c598f45f3b363c8841378d,grover_4,Grover,4,fcc1daadc89b349ed68d575311f3e662b665486c74c598f45f3b363c8841378d,data/v10/prepaper/sota/inputs/qasm/t00_010_grover_4_fcc1daadc89b.qasm,1,1,LBL,COMMUTATION_PLUS_TEMPLATES,16,30,1361538848,3072
E31-factorial-pareto-v1,923c5c766e3f35cdc9e339adce44591a948d60bce11bc6e2b1f36c2454572e5b,255,2464d1d531032a71c2947e9e8abd2b6b84de9fc6f048239944ee9357097365e8,327b728c1ca9b595df52e9004e38fd5c2c86f6df6d8c5681d21e504efae558cc,uccsd_8,UCCSD_inspired,8,327b728c1ca9b595df52e9004e38fd5c2c86f6df6d8c5681d21e504efae558cc,data/v10/prepaper/sota/inputs/qasm/t01_050_uccsd_8_327b728c1ca9.qasm,1,1,WCL,COMMUTATION_PLUS_TEMPLATES,4,1,2524387633,3072
E31-factorial-pareto-v1,aa16ca4acb9224161f83cc9a2144c7edf4283a6f337879c24510d224b5d6f87a,256,2464d1d531032a71c2947e9e8abd2b6b84de9fc6f048239944ee9357097365e8,0cdd5a16e73c23ba58925f4d39695d1266fd02932361888693ce1d5d922fd6ce,adder_3,Adder,4,0cdd5a16e73c23ba58925f4d39695d1266fd02932361888693ce1d5d922fd6ce,data/v10/prepaper/sota/inputs/qasm/t02_001_adder_3_0cdd5a16e73c.qasm,7,1,LBL,COMMUTATION_ONLY,4,30,226387199,3072
E31-factorial-pareto-v1,2e4e7742a25dbae0a058b3a988181a9d4c3ac369425655b5bda10c66414aa627,258,2464d1d531032a71c2947e9e8abd2b6b84de9fc6f048239944ee9357097365e8,3423136e859fa215b3b360e805aaa1303009ced372beda3ec71687a13e80c4b6,qwalk_4,QuantumWalk,5,3423136e859fa215b3b360e805aaa1303009ced372beda3ec71687a13e80c4b6,data/v10/prepaper/sota/inputs/qasm/t07_012_qwalk_4_3423136e859f.qasm,1,1,LBL,COMMUTATION_PLUS_TEMPLATES,4,120,262248667,3072
E31-factorial-pareto-v1,284797a04df7f953e500f8ad3290e3afe2de917405d260ba57b36db741c43f92,259,2464d1d531032a71c2947e9e8abd2b6b84de9fc6f048239944ee9357097365e8,251f2e6bde8df1f5e9ec01838a8651a4178e7cd4f49748cd82510544d5869691,vqe_twolocal_8,VQE,8,251f2e6bde8df1f5e9ec01838a8651a4178e7cd4f49748cd82510544d5869691,data/v10/prepaper/sota/inputs/qasm/t08_042_vqe_twolocal_8_251f2e6bde8d.qasm,1,1,LBL,COMMUTATION_ONLY,64,30,2965840926,3072
E31-factorial-pareto-v1,2c46f9c883d9b3302fd69a4d659107eccf7d2d5e5be61c0326cecc433fd8b919,263,2464d1d531032a71c2947e9e8abd2b6b84de9fc6f048239944ee9357097365e8,1c82b236ba06c15d01c63ef7f002938983d64d0466097126e6dd69be4a8ec39b,surface_code_8,SurfaceCode,9,1c82b236ba06c15d01c63ef7f002938983d64d0466097126e6dd69be4a8ec39b,data/v10/prepaper/sota/inputs/qasm/t04_049_surface_code_8_1c82b236ba06.qasm,1,-1,LBL,COMMUTATION_ONLY,64,10,3675039832,3072
E31-factorial-pareto-v1,ee814f0119c885440d8c05f1d830d568d161de49506541a55e2d72f020f5d797,266,2464d1d531032a71c2947e9e8abd2b6b84de9fc6f048239944ee9357097365e8,1d4853bca63144935eeb81d785f652a95967ee4e4ffe44f0b753e62a72490a87,uccsd_6,UCCSD_inspired,6,1d4853bca63144935eeb81d785f652a95967ee4e4ffe44f0b753e62a72490a87,data/v10/prepaper/sota/inputs/qasm/t07_033_uccsd_6_1d4853bca631.qasm,1,-1,LBL,COMMUTATION_PLUS_TEMPLATES,64,120,2593815896,3072
E31-factorial-pareto-v1,67405e88be6c5bf271e7797e54a2c42683c44f6c57a21b2610831fdca28edafb,267,2464d1d531032a71c2947e9e8abd2b6b84de9fc6f048239944ee9357097365e8,13240229abe2d895d5bb8fac7699ccee2bd1c05a0deabd9eec9a4d3087670510,qwalk_6,QuantumWalk,7,13240229abe2d895d5bb8fac7699ccee2bd1c05a0deabd9eec9a4d3087670510,data/v10/prepaper/sota/inputs/qasm/t06_029_qwalk_6_13240229abe2.qasm,1,-1,WCL,COMMUTATION_ONLY,64,10,1216069049,3072
E31-factorial-pareto-v1,1829e5061f218c0135720d026ab7fe9166899ae1a035b5172d205289862afcc6,271,2464d1d531032a71c2947e9e8abd2b6b84de9fc6f048239944ee9357097365e8,bc22540f392dc6218ac675f61a3e1ee5a21f4dc4e1c913d2f494c41bf37a67ac,qwalk_5,QuantumWalk,6,bc22540f392dc6218ac675f61a3e1ee5a21f4dc4e1c913d2f494c41bf37a67ac,data/v10/prepaper/sota/inputs/qasm/t08_018_qwalk_5_bc22540f392d.qasm,1,-1,RANDOM_TOPOLOGICAL,COMMUTATION_PLUS_TEMPLATES,16,120,1093789771,3072
E31-factorial-pareto-v1,6d0625bdb9ce65256cbdca5f58bc226bb0e4107b2c86de522687d54b2ae482f5,273,2464d1d531032a71c2947e9e8abd2b6b84de9fc6f048239944ee9357097365e8,54081630416519b0c77bbd353bb5998e32c8ddc6917cc148e526826f6f6debc6,qwalk_8,QuantumWalk,9,54081630416519b0c77bbd353bb5998e32c8ddc6917cc148e526826f6f6debc6,data/v10/prepaper/sota/inputs/qasm/t05_046_qwalk_8_540816304165.qasm,1,-1,LBL,COMMUTATION_ONLY,16,1,3790801838,3072
E31-factorial-pareto-v1,20ba0a37a7ca567f9ed69dfa5463e4071f8aaf98e2a369c986d325c640b79fcf,274,2464d1d531032a71c2947e9e8abd2b6b84de9fc6f048239944ee9357097365e8,93467de4ec8b6447d0046632416f75a2a2ec7eaa82fac32a3b3cb7e00e0debdb,hardware_eff_6,HardwareEfficient,6,93467de4ec8b6447d0046632416f75a2a2ec7eaa82fac32a3b3cb7e00e0debdb,data/v10/prepaper/sota/inputs/qasm/t08_026_hardware_eff_6_93467de4ec8b.qasm,1,-1,LBL,COMMUTATION_PLUS_TEMPLATES,16,10,3556658822,3072
E31-factorial-pareto-v1,96d4e71b152d9d7bdca136d77cfed09d9e8dae4c0a31301485412dc6d03f0453,275,2464d1d531032a71c2947e9e8abd2b6b84de9fc6f048239944ee9357097365e8,9d7bae7cb361f289bfa22b373c94a22b6cd06c8e0c5262709fba830673dcf4e2,qwalk_3,QuantumWalk,4,9d7bae7cb361f289bfa22b373c94a22b6cd06c8e0c5262709fba830673dcf4e2,data/v10/prepaper/sota/inputs/qasm/t01_002_qwalk_3_9d7bae7cb361.qasm,1,-1,WCL,COMMUTATION_ONLY,4,10,1784671972,3072
E31-factorial-pareto-v1,afeefbe41117ab7d174e903cb977452ba974ab998efd3809e76ea2121f5d1b2e,276,2464d1d531032a71c2947e9e8abd2b6b84de9fc6f048239944ee9357097365e8,c73af4761baf3dcf4f28a3987d55dab7647737f13e2d751db93c903d205972c6,qwalk_8,QuantumWalk,9,c73af4761baf3dcf4f28a3987d55dab7647737f13e2d751db93c903d205972c6,data/v10/prepaper/sota/inputs/qasm/t08_046_qwalk_8_c73af4761baf.qasm,1,1,WCL,COMMUTATION_PLUS_TEMPLATES,64,10,3886317781,3072
E31-factorial-pareto-v1,9d3f4f1cda0234e7b149dd9f81770d62d7d7ef6a42918d073871c74a630d7c96,277,2464d1d531032a71c2947e9e8abd2b6b84de9fc6f048239944ee9357097365e8,b63fd2de0ff796d62723a6961d9f93b047c283f4c15875f6f34624e5c2b51a09,clifford_6,RandomClifford,6,b63fd2de0ff796d62723a6961d9f93b047c283f4c15875f6f34624e5c2b51a09,data/v10/prepaper/sota/inputs/qasm/t05_031_clifford_6_b63fd2de0ff7.qasm,1,-1,WCL,COMMUTATION_PLUS_TEMPLATES,4,30,854148242,3072
E31-factorial-pareto-v1,133fb96e085dc9fad37813394db8045096a50e0930ac6af40392ef1676e7a546,281,2464d1d531032a71c2947e9e8abd2b6b84de9fc6f048239944ee9357097365e8,2c84ea80bde7fac580d458a541d4e4690eaff27a501e95e6eb5ade7c80642293,qaoa_line_6,QAOA,6,2c84ea80bde7fac580d458a541d4e4690eaff27a501e95e6eb5ade7c80642293,data/v10/prepaper/sota/inputs/qasm/t07_024_qaoa_line_6_2c84ea80bde7.qasm,1,-1,LBL,COMMUTATION_ONLY,4,1,3981987789,3072
E31-factorial-pareto-v1,8806dce2ed622132ea0cf8b607184fd3aa66b3336483371c5f0679ed6ce90101,285,2464d1d531032a71c2947e9e8abd2b6b84de9fc6f048239944ee9357097365e8,0b12314b8f546448b63ec916582bdcd18c8f92e57f6756737f55de986300e4e8,qwalk_7,QuantumWalk,8,0b12314b8f546448b63ec916582bdcd18c8f92e57f6756737f55de986300e4e8,data/v10/prepaper/sota/inputs/qasm/t06_035_qwalk_7_0b12314b8f54.qasm,1,-1,LBL,COMMUTATION_PLUS_TEMPLATES,16,120,849213120,3072
E31-factorial-pareto-v1,5cd13522dc562a9b5f0ba1715a1f4eb29f1e2ae9f66628cb50fc1f3fd2f94951,287,2464d1d531032a71c2947e9e8abd2b6b84de9fc6f048239944ee9357097365e8,50abdffe4514c651d5af9c7e16d8dce45ce300d5b27272614d921ca65abaa9e7,grover_6,Grover,6,50abdffe4514c651d5af9c7e16d8dce45ce300d5b27272614d921ca65abaa9e7,data/v10/prepaper/sota/inputs/qasm/t00_027_grover_6_50abdffe4514.qasm,1,-1,LBL,COMMUTATION_PLUS_TEMPLATES,4,30,1393070106,3072
E31-factorial-pareto-v1,672ff01a77697704457905ef0f1a97fdd3789c741ec32d281971f2a1b6e2e2de,289,2464d1d531032a71c2947e9e8abd2b6b84de9fc6f048239944ee9357097365e8,1010c2dbb1601660a48ce8b64e27c68253f6807c2256d09369338a6eb3aec367,qwalk_5,QuantumWalk,6,1010c2dbb1601660a48ce8b64e27c68253f6807c2256d09369338a6eb3aec367,data/v10/prepaper/sota/inputs/qasm/t04_018_qwalk_5_1010c2dbb160.qasm,1,1,WCL,COMMUTATION_PLUS_TEMPLATES,64,10,2209195,3072
E31-factorial-pareto-v1,c2823132d6da98ad292ec114becd11f2213e35f65cda5771110a980e62551ab0,290,2464d1d531032a71c2947e9e8abd2b6b84de9fc6f048239944ee9357097365e8,69dc9b7c80d923f7c782eeecca4e015e05ed1068495a29bd0e903ae9e481abbf,bv_3,Oracle,4,69dc9b7c80d923f7c782eeecca4e015e05ed1068495a29bd0e903ae9e481abbf,data/v10/prepaper/sota/inputs/qasm/t06_000_bv_3_69dc9b7c80d9.qasm,1,-1,WCL,COMMUTATION_ONLY,4,10,59494157,3072
E31-factorial-pareto-v1,83d649dbe76d30fce7c7c38d03ff3563ddfc8acd2d508e0c3d7ee92ee3e0ccca,294,2464d1d531032a71c2947e9e8abd2b6b84de9fc6f048239944ee9357097365e8,bf030e55f967a90ee4eb2ded2fcf87d656a3c8d4b083d1929398168bd0de4ba9,grover_8,Grover,8,bf030e55f967a90ee4eb2ded2fcf87d656a3c8d4b083d1929398168bd0de4ba9,data/v10/prepaper/sota/inputs/qasm/t00_044_grover_8_bf030e55f967.qasm,1,-1,RANDOM_TOPOLOGICAL,COMMUTATION_ONLY,64,120,548595286,3072
E31-factorial-pareto-v1,067de242f197d80c86f5763f4ce362a5ab07d60854b1aae277c69cea39006f8e,296,2464d1d531032a71c2947e9e8abd2b6b84de9fc6f048239944ee9357097365e8,8664cf212e90101e901ea020a3d13bba14837c13195e5d2d2e6c78405c613790,qwalk_8,QuantumWalk,9,8664cf212e90101e901ea020a3d13bba14837c13195e5d2d2e6c78405c613790,data/v10/prepaper/sota/inputs/qasm/t07_046_qwalk_8_8664cf212e90.qasm,1,-1,LBL,COMMUTATION_PLUS_TEMPLATES,16,1,3808029308,3072
E31-factorial-pareto-v1,e12a4625222daff4d62125606ed25d6af220fa1748e186676e315d187f98b800,300,2464d1d531032a71c2947e9e8abd2b6b84de9fc6f048239944ee9357097365e8,9993748afb946e813a238ac5a076c27198681dc64512c0ce7cc22005a88285fa,bv_7,Oracle,8,9993748afb946e813a238ac5a076c27198681dc64512c0ce7cc22005a88285fa,data/v10/prepaper/sota/inputs/qasm/t07_034_bv_7_9993748afb94.qasm,1,-1,LBL,COMMUTATION_ONLY,64,1,3209013316,3072
E31-factorial-pareto-v1,55a46df1d4dc84c24276e8c29181d7acc19bd18889fb6144f4e02621100ffe8f,302,2464d1d531032a71c2947e9e8abd2b6b84de9fc6f048239944ee9357097365e8,1f2f7626c24f4a5e8e01afeec9043f45c1fe4598224d2f0f5664d76ef61ea065,vqe_twolocal_8,VQE,8,1f2f7626c24f4a5e8e01afeec9043f45c1fe4598224d2f0f5664d76ef61ea065,data/v10/prepaper/sota/inputs/qasm/t03_042_vqe_twolocal_8_1f2f7626c24f.qasm,1,1,WCL,COMMUTATION_PLUS_TEMPLATES,16,30,2233247736,3072
E31-factorial-pareto-v1,2ed1e19a53e108fe777a8432991ad3aeb7ebb725bf0eead4b355ce64b77b98aa,303,2464d1d531032a71c2947e9e8abd2b6b84de9fc6f048239944ee9357097365e8,ac5cb7a1191241454b4fd01d93fcb219cc0a72bbf543d70ec604ba87a2a0d7ad,qwalk_4,QuantumWalk,5,ac5cb7a1191241454b4fd01d93fcb219cc0a72bbf543d70ec604ba87a2a0d7ad,data/v10/prepaper/sota/inputs/qasm/t05_012_qwalk_4_ac5cb7a11912.qasm,1,1,WCL,COMMUTATION_PLUS_TEMPLATES,4,10,939890086,3072
E31-factorial-pareto-v1,6234dc2a08bfce2617501aa1e97f6e77d3176790a7b7f2075052aad6c7b59f84,306,2464d1d531032a71c2947e9e8abd2b6b84de9fc6f048239944ee9357097365e8,5713a5dbe3be0670eb39317ac7b841739b453b10c8966fa6018e22c62466cb23,qaoa_line_8,QAOA,8,5713a5dbe3be0670eb39317ac7b841739b453b10c8966fa6018e22c62466cb23,data/v10/prepaper/sota/inputs/qasm/t07_041_qaoa_line_8_5713a5dbe3be.qasm,1,-1,LBL,COMMUTATION_PLUS_TEMPLATES,4,30,4045560002,3072
E31-factorial-pareto-v1,e231a6d8c10f7e0049b9b45794503870df0412d0c3e39b0df04dd5efabf38735,307,2464d1d531032a71c2947e9e8abd2b6b84de9fc6f048239944ee9357097365e8,930cb78f04ba9cb29ab33d24598112a6118327a15181d12512e9f28c264180b8,iqp_4,IQP,4,930cb78f04ba9cb29ab33d24598112a6118327a15181d12512e9f28c264180b8,data/v10/prepaper/sota/inputs/qasm/t08_013_iqp_4_930cb78f04ba.qasm,1,1,RANDOM_TOPOLOGICAL,COMMUTATION_PLUS_TEMPLATES,16,1,1984143062,3072
E31-factorial-pareto-v1,5c315408b2054f96ad270a551829a74675509d397645defbdc629e979f6ee36b,308,2464d1d531032a71c2947e9e8abd2b6b84de9fc6f048239944ee9357097365e8,dc8ceaecb8e2ef6b2a8168d75f511498a0bb1c550f459c37996e52c89e84ba85,qwalk_7,QuantumWalk,8,dc8ceaecb8e2ef6b2a8168d75f511498a0bb1c550f459c37996e52c89e84ba85,data/v10/prepaper/sota/inputs/qasm/t04_035_qwalk_7_dc8ceaecb8e2.qasm,1,1,RANDOM_TOPOLOGICAL,COMMUTATION_ONLY,16,120,1000887904,3072
E31-factorial-pareto-v1,24f8bbcd4dcdf8d395637b559a78f286df0d351ad5b45e6e1e0a23a2985dc965,312,2464d1d531032a71c2947e9e8abd2b6b84de9fc6f048239944ee9357097365e8,40b2ed79783ce1a4b95b1d1ef139d1741d958ea40b9841f763ef32f8f0761c21,qwalk_3,QuantumWalk,4,40b2ed79783ce1a4b95b1d1ef139d1741d958ea40b9841f763ef32f8f0761c21,data/v10/prepaper/sota/inputs/qasm/t02_002_qwalk_3_40b2ed79783c.qasm,1,1,RANDOM_TOPOLOGICAL,COMMUTATION_PLUS_TEMPLATES,64,30,645938518,3072
E31-factorial-pareto-v1,51770731374f6bf222a908ff2809c93065111869a4bc08d55c8c2c988b09d7db,313,2464d1d531032a71c2947e9e8abd2b6b84de9fc6f048239944ee9357097365e8,f5218a03ce51439316bb3e4b2f5acfecbedb82b79c39fa380d33bec3ad235abe,haar_4,HaarRandom,4,f5218a03ce51439316bb3e4b2f5acfecbedb82b79c39fa380d33bec3ad235abe,data/v10/prepaper/sota/inputs/qasm/t05_051_haar_4_f5218a03ce51.qasm,1,1,WCL,COMMUTATION_PLUS_TEMPLATES,4,30,1320478789,3072
E31-factorial-pareto-v1,6d9801a67930696ebb03916499fdc0390880604cd890a2b7a293de8bd356e0d8,317,2464d1d531032a71c2947e9e8abd2b6b84de9fc6f048239944ee9357097365e8,a0ce795cd049a6a5d79e6ebd68db90d152d868a0c823cf524ea052b7c5e56697,vqe_twolocal_4,VQE,4,a0ce795cd049a6a5d79e6ebd68db90d152d868a0c823cf524ea052b7c5e56697,data/v10/prepaper/sota/inputs/qasm/t01_008_vqe_twolocal_4_a0ce795cd049.qasm,1,-1,RANDOM_TOPOLOGICAL,COMMUTATION_PLUS_TEMPLATES,64,10,2949297191,3072
E31-factorial-pareto-v1,47708021d1025ef9a9703cb9a2e6585f752e13e6b3aefedc4ff88a165066a05c,319,2464d1d531032a71c2947e9e8abd2b6b84de9fc6f048239944ee9357097365e8,350c8060ffd6c0e538db61490c774b4be2c7b6e47f358cfe7277cbb05914efda,vqe_twolocal_6,VQE,6,350c8060ffd6c0e538db61490c774b4be2c7b6e47f358cfe7277cbb05914efda,data/v10/prepaper/sota/inputs/qasm/t02_025_vqe_twolocal_6_350c8060ffd6.qasm,1,-1,RANDOM_TOPOLOGICAL,COMMUTATION_PLUS_TEMPLATES,16,1,3235187554,3072
E31-factorial-pareto-v1,895e2ab05c811a7ad0fd28c96694db791d00b3cd7bca2863423942b55dc61082,320,2464d1d531032a71c2947e9e8abd2b6b84de9fc6f048239944ee9357097365e8,65a4561aab303f3d2678d1f01adae25c9c9feed7706b20ba64b34673afc99bc5,clifford_4,RandomClifford,4,65a4561aab303f3d2678d1f01adae25c9c9feed7706b20ba64b34673afc99bc5,data/v10/prepaper/sota/inputs/qasm/t03_014_clifford_4_65a4561aab30.qasm,1,1,LBL,COMMUTATION_PLUS_TEMPLATES,4,30,4032564780,3072
E31-factorial-pareto-v1,8463d91bcd07f42d96cd9e97d894c7e0f0cdf8a5a1f8971b94e3bad6a8252a5e,322,2464d1d531032a71c2947e9e8abd2b6b84de9fc6f048239944ee9357097365e8,3aee8fb917c05afbe6186cad1160779a632dee4212db5acd705c807383e6b682,adder_6,Adder,7,3aee8fb917c05afbe6186cad1160779a632dee4212db5acd705c807383e6b682,data/v10/prepaper/sota/inputs/qasm/t09_028_adder_6_3aee8fb917c0.qasm,1,1,WCL,COMMUTATION_PLUS_TEMPLATES,64,30,1181264811,3072
E31-factorial-pareto-v1,09c1fd60abcc1de57a42fea97ffebe21cb163638af9f09e980510e6f4187c210,324,2464d1d531032a71c2947e9e8abd2b6b84de9fc6f048239944ee9357097365e8,2a80f64340c58306fb04a784ab1f93b8bc47dddf3b2084721a18783df59e4275,haar_4,HaarRandom,4,2a80f64340c58306fb04a784ab1f93b8bc47dddf3b2084721a18783df59e4275,data/v10/prepaper/sota/inputs/qasm/t03_051_haar_4_2a80f64340c5.qasm,1,1,WCL,COMMUTATION_PLUS_TEMPLATES,64,10,2329177358,3072
E31-factorial-pareto-v1,928f19bf7a1c465aac360f34220ccdea0ac4f8b8e4d80caa33ddb2998a04ddfb,326,2464d1d531032a71c2947e9e8abd2b6b84de9fc6f048239944ee9357097365e8,27c1cdf3eda94e12894f67e152b42d888e3e26b135a7921a2ff59c204f99788d,bv_8,Oracle,9,27c1cdf3eda94e12894f67e152b42d888e3e26b135a7921a2ff59c204f99788d,data/v10/prepaper/sota/inputs/qasm/t00_040_bv_8_27c1cdf3eda9.qasm,1,1,WCL,COMMUTATION_ONLY,64,1,4258139200,3072
E31-factorial-pareto-v1,20b2a39709dcb1afd5804e5eff2a3932804b8ff9bd1b6de22e9fdcc663f273c7,327,2464d1d531032a71c2947e9e8abd2b6b84de9fc6f048239944ee9357097365e8,4572941712e8aea150c8fa425b7e51001a6c0edaee560e513ec57c86bf5900af,hardware_eff_8,HardwareEfficient,8,4572941712e8aea150c8fa425b7e51001a6c0edaee560e513ec57c86bf5900af,data/v10/prepaper/sota/inputs/qasm/t08_043_hardware_eff_8_4572941712e8.qasm,1,-1,WCL,COMMUTATION_PLUS_TEMPLATES,64,30,3407200216,3072
E31-factorial-pareto-v1,91beb32cfde1f9f3ad590de243574a77dc3aa4be80dcabaa63f614379e3539fb,332,2464d1d531032a71c2947e9e8abd2b6b84de9fc6f048239944ee9357097365e8,28fa1a35d35427a92d30c622a80840edaaf759c54c7873b8ef1ace832c84a0de,clifford_8,RandomClifford,8,28fa1a35d35427a92d30c622a80840edaaf759c54c7873b8ef1ace832c84a0de,data/v10/prepaper/sota/inputs/qasm/t01_048_clifford_8_28fa1a35d354.qasm,1,1,RANDOM_TOPOLOGICAL,COMMUTATION_PLUS_TEMPLATES,4,10,3400496030,3072
E31-factorial-pareto-v1,4ce0043ec81da0897e04bbf4aadbd14583c64ae6c5b93772cd50a38728cbc382,338,2464d1d531032a71c2947e9e8abd2b6b84de9fc6f048239944ee9357097365e8,83736b18a61dd9b2fd86cf7fc2f36d12cbe6d26237036b39893a814898578b01,iqp_8,IQP,8,83736b18a61dd9b2fd86cf7fc2f36d12cbe6d26237036b39893a814898578b01,data/v10/prepaper/sota/inputs/qasm/t03_047_iqp_8_83736b18a61d.qasm,1,-1,LBL,COMMUTATION_ONLY,4,1,1712282200,3072
E31-factorial-pareto-v1,365918ef1af9b8bac3e6d14af061c23efdd4ca4f5903af97af6c176cd1fa8e13,340,2464d1d531032a71c2947e9e8abd2b6b84de9fc6f048239944ee9357097365e8,f6bad2be7e968d27cb136e3528e2562cdb27eccfd23b265b21bc4684c8c2ff48,grover_6,Grover,6,f6bad2be7e968d27cb136e3528e2562cdb27eccfd23b265b21bc4684c8c2ff48,data/v10/prepaper/sota/inputs/qasm/t09_027_grover_6_f6bad2be7e96.qasm,1,1,WCL,COMMUTATION_PLUS_TEMPLATES,64,120,1075865887,3072
E31-factorial-pareto-v1,66aee5eb16f3d60dc0cd6465e2012470853b2e77efc7455ca36cc3cedd05db58,343,2464d1d531032a71c2947e9e8abd2b6b84de9fc6f048239944ee9357097365e8,146c3e821e8145d085eb90027904fa7f60f9de8430825fefc368f5c286fa991b,hardware_eff_8,HardwareEfficient,8,146c3e821e8145d085eb90027904fa7f60f9de8430825fefc368f5c286fa991b,data/v10/prepaper/sota/inputs/qasm/t00_043_hardware_eff_8_146c3e821e81.qasm,1,-1,WCL,COMMUTATION_PLUS_TEMPLATES,64,30,2806192031,3072
E31-factorial-pareto-v1,3b6c903764a1f741af0a18a34a83a698922856e6cdbdbcd84e8de4b9258a7ef7,346,2464d1d531032a71c2947e9e8abd2b6b84de9fc6f048239944ee9357097365e8,264d1b73ac4524485965989504c9021bc175f53d087f673a4187e2e9d2d8234b,uccsd_4,UCCSD_inspired,4,264d1b73ac4524485965989504c9021bc175f53d087f673a4187e2e9d2d8234b,data/v10/prepaper/sota/inputs/qasm/t07_016_uccsd_4_264d1b73ac45.qasm,1,-1,RANDOM_TOPOLOGICAL,COMMUTATION_ONLY,16,30,1692910881,3072
E31-factorial-pareto-v1,793403ea7378634c33675633afa561a4fa9b47ff9c950aa5095179cad384eb2b,347,2464d1d531032a71c2947e9e8abd2b6b84de9fc6f048239944ee9357097365e8,c0c051c7a9295d5137a161ac09714dc00806ce534ed42ba562204e5c4a2bdbb3,bv_6,Oracle,7,c0c051c7a9295d5137a161ac09714dc00806ce534ed42ba562204e5c4a2bdbb3,data/v10/prepaper/sota/inputs/qasm/t09_023_bv_6_c0c051c7a929.qasm,1,-1,LBL,COMMUTATION_PLUS_TEMPLATES,16,10,4169170904,3072
E31-factorial-pareto-v1,06339866862210cc685079454cba0cfc970000d0f1a5ae89b933d0c715104c2b,348,2464d1d531032a71c2947e9e8abd2b6b84de9fc6f048239944ee9357097365e8,4cb477caf5f46aa76b3f54b03574649768b408906ee78ac4652943020cb7be7c,vqe_twolocal_8,VQE,8,4cb477caf5f46aa76b3f54b03574649768b408906ee78ac4652943020cb7be7c,data/v10/prepaper/sota/inputs/qasm/t09_042_vqe_twolocal_8_4cb477caf5f4.qasm,1,-1,RANDOM_TOPOLOGICAL,COMMUTATION_PLUS_TEMPLATES,4,10,3973218828,3072
E31-factorial-pareto-v1,1cc1fb66230dbc1977241a409722f9426602ba16f423905c6b1ee58eb564654e,353,2464d1d531032a71c2947e9e8abd2b6b84de9fc6f048239944ee9357097365e8,0080a63f816f580541538093d5448ae336ed333ac6933bc71da115de0011b707,qaoa_line_8,QAOA,8,0080a63f816f580541538093d5448ae336ed333ac6933bc71da115de0011b707,data/v10/prepaper/sota/inputs/qasm/t02_041_qaoa_line_8_0080a63f816f.qasm,1,-1,RANDOM_TOPOLOGICAL,COMMUTATION_ONLY,16,30,809437593,3072
E31-factorial-pareto-v1,4a6dd92b20fc57b59311d8bde88021a6c39150fc37515e4c765d647f11bca360,355,2464d1d531032a71c2947e9e8abd2b6b84de9fc6f048239944ee9357097365e8,4fd56a4aef3db179df3c4a37d4ed820b90cc557115cd93951084f3d6b478ad8a,uccsd_8,UCCSD_inspired,8,4fd56a4aef3db179df3c4a37d4ed820b90cc557115cd93951084f3d6b478ad8a,data/v10/prepaper/sota/inputs/qasm/t09_050_uccsd_8_4fd56a4aef3d.qasm,1,1,LBL,COMMUTATION_ONLY,16,10,2389249377,3072
E31-factorial-pareto-v1,1f590d4c8178900a0ec40b1bcd3e45a3ce23c9e2373188cb04dd5d477dc00676,356,2464d1d531032a71c2947e9e8abd2b6b84de9fc6f048239944ee9357097365e8,c91f83f84726fdd86c22a20ea08453d780f2bdd292a5b3b056d983430ea40d06,grover_4,Grover,4,c91f83f84726fdd86c22a20ea08453d780f2bdd292a5b3b056d983430ea40d06,data/v10/prepaper/sota/inputs/qasm/t09_010_grover_4_c91f83f84726.qasm,1,-1,WCL,COMMUTATION_PLUS_TEMPLATES,64,1,1132847122,3072
E31-factorial-pareto-v1,5d3440f6f102e6fdb267b5fc16e11377bbd542451a7eb174a3f4901606601d05,358,2464d1d531032a71c2947e9e8abd2b6b84de9fc6f048239944ee9357097365e8,12aba0a55cc5324f1f86a4be0a6e11b63595a323c727cbf9b31cd9615f0e057d,adder_6,Adder,7,12aba0a55cc5324f1f86a4be0a6e11b63595a323c727cbf9b31cd9615f0e057d,data/v10/prepaper/sota/inputs/qasm/t02_028_adder_6_12aba0a55cc5.qasm,1,1,RANDOM_TOPOLOGICAL,COMMUTATION_PLUS_TEMPLATES,16,1,1813553590,3072
E31-factorial-pareto-v1,242c284b056dde775fc82ad8828ae0cdb72e16ce4d736b5f698319bc80306ed2,363,2464d1d531032a71c2947e9e8abd2b6b84de9fc6f048239944ee9357097365e8,fa9e1b48ab72bf8257e53fa08802bb8190d6d9ea0feacf0444e455c6a6058b83,vqe_twolocal_4,VQE,4,fa9e1b48ab72bf8257e53fa08802bb8190d6d9ea0feacf0444e455c6a6058b83,data/v10/prepaper/sota/inputs/qasm/t07_008_vqe_twolocal_4_fa9e1b48ab72.qasm,1,-1,RANDOM_TOPOLOGICAL,COMMUTATION_PLUS_TEMPLATES,16,30,335092083,3072
E31-factorial-pareto-v1,a60c884171aeb33cc10339c2249e51f072542f819c6d134897ccaca300c3e1a2,365,2464d1d531032a71c2947e9e8abd2b6b84de9fc6f048239944ee9357097365e8,061145114cca873e3d8fcf98f0fa0a719cdf86dc6144864cc899a7493711240b,iqp_6,IQP,6,061145114cca873e3d8fcf98f0fa0a719cdf86dc6144864cc899a7493711240b,data/v10/prepaper/sota/inputs/qasm/t06_030_iqp_6_061145114cca.qasm,1,-1,LBL,COMMUTATION_ONLY,64,10,4196673426,3072
E31-factorial-pareto-v1,c6698a7b34623ec42dfadd6be084a32a656312e314f35ca0d2208d25fa290451,366,2464d1d531032a71c2947e9e8abd2b6b84de9fc6f048239944ee9357097365e8,b81e1fce8a1444d85177c6bc7af38bad39960f4060e55d08611f399ee4619722,bv_4,Oracle,5,b81e1fce8a1444d85177c6bc7af38bad39960f4060e55d08611f399ee4619722,data/v10/prepaper/sota/inputs/qasm/t09_006_bv_4_b81e1fce8a14.qasm,1,1,WCL,COMMUTATION_ONLY,4,1,392419928,3072
E31-factorial-pareto-v1,46eb1707ae329ac0350d19b337d9c2f28378672541344bbf5360ea8dd66fb658,368,2464d1d531032a71c2947e9e8abd2b6b84de9fc6f048239944ee9357097365e8,96561fd3e0765c0456e8f0b0e5c9c800074d4f866c985077bc85ca4c0fb159aa,clifford_4,RandomClifford,4,96561fd3e0765c0456e8f0b0e5c9c800074d4f866c985077bc85ca4c0fb159aa,data/v10/prepaper/sota/inputs/qasm/t01_014_clifford_4_96561fd3e076.qasm,1,-1,WCL,COMMUTATION_PLUS_TEMPLATES,4,30,802048550,3072
E31-factorial-pareto-v1,f7e9687d2faf485d376059c4b5dd2e1a338f5813d9827bca0f6b8b7e1e65d19e,370,2464d1d531032a71c2947e9e8abd2b6b84de9fc6f048239944ee9357097365e8,4621ef48fbfa81d505e50e099d2d9bb268c3bcebb00ba5aac807e68b83d47cc6,bv_4,Oracle,5,4621ef48fbfa81d505e50e099d2d9bb268c3bcebb00ba5aac807e68b83d47cc6,data/v10/prepaper/sota/inputs/qasm/t02_006_bv_4_4621ef48fbfa.qasm,1,1,RANDOM_TOPOLOGICAL,COMMUTATION_ONLY,4,120,4032204872,3072
E31-factorial-pareto-v1,13130a3a2793e80b3e0ccaadf3553b472d22a75143899e0e99bc3fa398876de1,371,2464d1d531032a71c2947e9e8abd2b6b84de9fc6f048239944ee9357097365e8,8fade07fc864918c4a4969c2781f2c199d2cec46f63e96c10290027163d5a455,bv_5,Oracle,6,8fade07fc864918c4a4969c2781f2c199d2cec46f63e96c10290027163d5a455,data/v10/prepaper/sota/inputs/qasm/t02_017_bv_5_8fade07fc864.qasm,1,-1,WCL,COMMUTATION_PLUS_TEMPLATES,64,30,177653527,3072
E31-factorial-pareto-v1,1d2679876eb8b6977925ae07f7b4a4127889d00d874238b2756f2124e51a35a5,374,2464d1d531032a71c2947e9e8abd2b6b84de9fc6f048239944ee9357097365e8,ea616cc3027e3233ee7136c2491ed791a67189fd196da0c12b55f980a7200a76,haar_4,HaarRandom,4,ea616cc3027e3233ee7136c2491ed791a67189fd196da0c12b55f980a7200a76,data/v10/prepaper/sota/inputs/qasm/t09_051_haar_4_ea616cc3027e.qasm,1,1,WCL,COMMUTATION_PLUS_TEMPLATES,4,30,677337004,3072
E31-factorial-pareto-v1,c52d3de8ed809ed8de92f0abc7e9311e628145e595a4942d12f2e3d302360760,377,2464d1d531032a71c2947e9e8abd2b6b84de9fc6f048239944ee9357097365e8,96459b4f823e438eec56e9c1a97a6dd324300ee70290658957d9ad22142ab813,vqe_twolocal_6,VQE,6,96459b4f823e438eec56e9c1a97a6dd324300ee70290658957d9ad22142ab813,data/v10/prepaper/sota/inputs/qasm/t07_025_vqe_twolocal_6_96459b4f823e.qasm,1,-1,RANDOM_TOPOLOGICAL,COMMUTATION_PLUS_TEMPLATES,4,120,1647789047,3072
E31-factorial-pareto-v1,23c0f91ca07451f01f61babb04fc511b7dc113484366abc6894dd9f831c40dfa,378,2464d1d531032a71c2947e9e8abd2b6b84de9fc6f048239944ee9357097365e8,154e1b21a6daa22758883ad015b7502a4335e2bb3e6358f3a61131487aa4a47c,iqp_4,IQP,4,154e1b21a6daa22758883ad015b7502a4335e2bb3e6358f3a61131487aa4a47c,data/v10/prepaper/sota/inputs/qasm/t09_013_iqp_4_154e1b21a6da.qasm,1,1,WCL,COMMUTATION_ONLY,4,1,220698135,3072
E31-factorial-pareto-v1,77b88942e78c7e857d9b2390bf86eb8e59b88c5798227db2588a913515d3e099,379,2464d1d531032a71c2947e9e8abd2b6b84de9fc6f048239944ee9357097365e8,fdae7380efaf259898d620665d1e44cd04b23f73bf766b851f7195de78f58d9d,clifford_4,RandomClifford,4,fdae7380efaf259898d620665d1e44cd04b23f73bf766b851f7195de78f58d9d,data/v10/prepaper/sota/inputs/qasm/t05_014_clifford_4_fdae7380efaf.qasm,1,-1,LBL,COMMUTATION_ONLY,64,30,2446876160,3072
E31-factorial-pareto-v1,870d948eae73119833ebac2672071125469dac930d4982b78991e97afbc2b0a1,381,2464d1d531032a71c2947e9e8abd2b6b84de9fc6f048239944ee9357097365e8,ffbccff06f7f6ee0e5485c7374bbae521e513bf19f08f375c992f0d2c68d895c,adder_6,Adder,7,ffbccff06f7f6ee0e5485c7374bbae521e513bf19f08f375c992f0d2c68d895c,data/v10/prepaper/sota/inputs/qasm/t00_028_adder_6_ffbccff06f7f.qasm,2,-1,WCL,COMMUTATION_ONLY,64,1,252528812,3072
E31-factorial-pareto-v1,e8a3750db5fbf69fef20d526195d40cf18ff8fc46b1c041841b03503b97cf65e,383,2464d1d531032a71c2947e9e8abd2b6b84de9fc6f048239944ee9357097365e8,5562a10a2385796690312a16c52884a150b99c123c39cb6b12089a46cad0a542,hardware_eff_4,HardwareEfficient,4,5562a10a2385796690312a16c52884a150b99c123c39cb6b12089a46cad0a542,data/v10/prepaper/sota/inputs/qasm/t02_009_hardware_eff_4_5562a10a2385.qasm,1,1,RANDOM_TOPOLOGICAL,COMMUTATION_PLUS_TEMPLATES,4,1,3218596365,3072
E31-factorial-pareto-v1,1aa8de2000708295657cecb98e11e4cdab88f0a7e8bab41d838a6337ff7ab863,385,2464d1d531032a71c2947e9e8abd2b6b84de9fc6f048239944ee9357097365e8,ea4cff4dbbb34657d0633d5d1bcc4831684ba4949396d8256e08ea5b99fa4636,qwalk_4,QuantumWalk,5,ea4cff4dbbb34657d0633d5d1bcc4831684ba4949396d8256e08ea5b99fa4636,data/v10/prepaper/sota/inputs/qasm/t01_012_qwalk_4_ea4cff4dbbb3.qasm,1,1,WCL,COMMUTATION_PLUS_TEMPLATES,4,30,1118638863,3072
E31-factorial-pareto-v1,f243b266bbfe0697c3bb170a90029260844314ce12b7c514317baf619050dcf9,387,2464d1d531032a71c2947e9e8abd2b6b84de9fc6f048239944ee9357097365e8,599763794bd11a8ee3fb857551c69c3afd29964ebeb7ee6c9a144ee61a7e51c3,qwalk_4,QuantumWalk,5,599763794bd11a8ee3fb857551c69c3afd29964ebeb7ee6c9a144ee61a7e51c3,data/v10/prepaper/sota/inputs/qasm/t03_012_qwalk_4_599763794bd1.qasm,1,-1,WCL,COMMUTATION_ONLY,4,1,2581609079,3072
E31-factorial-pareto-v1,9b8a45efa4104b2df388f02ba81d6bcdd18cfa43fb8d5a63dff113e2a3a30a84,388,2464d1d531032a71c2947e9e8abd2b6b84de9fc6f048239944ee9357097365e8,b72eb04aad8622c714692f86379ddbd86e546720b70e03867b27fc5229606036,bv_5,Oracle,6,b72eb04aad8622c714692f86379ddbd86e546720b70e03867b27fc5229606036,data/v10/prepaper/sota/inputs/qasm/t07_017_bv_5_b72eb04aad86.qasm,1,1,RANDOM_TOPOLOGICAL,COMMUTATION_ONLY,64,10,3089721375,3072
E31-factorial-pareto-v1,75198ff4714785671610e98e5a2c28d9fa83df9eec650d09a718c7f697730f22,389,2464d1d531032a71c2947e9e8abd2b6b84de9fc6f048239944ee9357097365e8,cf3c03de2da7d0f3afc65dcd7a8b9bf97cc30cecd8d496b48c60f839667848c4,qaoa_line_6,QAOA,6,cf3c03de2da7d0f3afc65dcd7a8b9bf97cc30cecd8d496b48c60f839667848c4,data/v10/prepaper/sota/inputs/qasm/t08_024_qaoa_line_6_cf3c03de2da7.qasm,1,-1,WCL,COMMUTATION_PLUS_TEMPLATES,4,10,818109822,3072
E31-factorial-pareto-v1,25080b44f385b13e1914f459975c45fdc946496a98157a61a472300a9915130d,390,2464d1d531032a71c2947e9e8abd2b6b84de9fc6f048239944ee9357097365e8,5d82d980193b330314da27f4c315ba0460259d09cae3ee69bfb5598f13a62ac8,vqe_twolocal_8,VQE,8,5d82d980193b330314da27f4c315ba0460259d09cae3ee69bfb5598f13a62ac8,data/v10/prepaper/sota/inputs/qasm/t06_042_vqe_twolocal_8_5d82d980193b.qasm,1,1,RANDOM_TOPOLOGICAL,COMMUTATION_PLUS_TEMPLATES,16,1,1911161731,3072
E31-factorial-pareto-v1,7b4e127c112872dbc82d43719f470b9ff67894d3fa18b3990c796a450494a28e,396,2464d1d531032a71c2947e9e8abd2b6b84de9fc6f048239944ee9357097365e8,3ddeba643cb1262108f3aa16deb98fff7a1b48b89c7248b1fb063953fca055c7,clifford_4,RandomClifford,4,3ddeba643cb1262108f3aa16deb98fff7a1b48b89c7248b1fb063953fca055c7,data/v10/prepaper/sota/inputs/qasm/t00_014_clifford_4_3ddeba643cb1.qasm,1,-1,WCL,COMMUTATION_PLUS_TEMPLATES,16,30,4216465701,3072
E31-factorial-pareto-v1,1b1d201672721fb58bcdab4deaa8e82cbd84104f7d2b975e80dff15d7b4e1351,397,2464d1d531032a71c2947e9e8abd2b6b84de9fc6f048239944ee9357097365e8,6a6cf0f00d85ece4ad64c271afdd08b4cd8473655919bce2bcfa5db0713a4a8f,bv_6,Oracle,7,6a6cf0f00d85ece4ad64c271afdd08b4cd8473655919bce2bcfa5db0713a4a8f,data/v10/prepaper/sota/inputs/qasm/t01_023_bv_6_6a6cf0f00d85.qasm,1,1,WCL,COMMUTATION_ONLY,4,30,1553391773,3072
E31-factorial-pareto-v1,45e4b5d9403e1762f21a05ea6ba2a721eac15c8dce882d9b6d7af59bbcaebde9,400,2464d1d531032a71c2947e9e8abd2b6b84de9fc6f048239944ee9357097365e8,0a54b71bfd47499f18a2421cd6bf97c15dc3f348b2d97f00df878dc6173f5324,grover_8,Grover,8,0a54b71bfd47499f18a2421cd6bf97c15dc3f348b2d97f00df878dc6173f5324,data/v10/prepaper/sota/inputs/qasm/t09_044_grover_8_0a54b71bfd47.qasm,1,-1,LBL,COMMUTATION_PLUS_TEMPLATES,16,30,482439464,3072
E31-factorial-pareto-v1,2cca4deebddb0769aa45196854514ad4967e46500d843a72ce457f669d2d4765,405,2464d1d531032a71c2947e9e8abd2b6b84de9fc6f048239944ee9357097365e8,3caaac792211b208d26d1723c5c6222b514fd3fec82d2da780fcda89e7b16a2e,uccsd_6,UCCSD_inspired,6,3caaac792211b208d26d1723c5c6222b514fd3fec82d2da780fcda89e7b16a2e,data/v10/prepaper/sota/inputs/qasm/t03_033_uccsd_6_3caaac792211.qasm,1,-1,RANDOM_TOPOLOGICAL,COMMUTATION_PLUS_TEMPLATES,64,120,317055087,3072
E31-factorial-pareto-v1,0f0cbbf3fec0efb1aa995a6cdaaffab2fbd04e5915ffdabfa47acfbbe3670490,412,2464d1d531032a71c2947e9e8abd2b6b84de9fc6f048239944ee9357097365e8,e70adb6d3e5448619b259d6e825d34f94cb868684eb2b940009ecdb58c7275ee,surface_code_4,SurfaceCode,5,e70adb6d3e5448619b259d6e825d34f94cb868684eb2b940009ecdb58c7275ee,data/v10/prepaper/sota/inputs/qasm/t09_015_surface_code_4_e70adb6d3e54.qasm,1,-1,LBL,COMMUTATION_ONLY,4,30,633410041,3072
E31-factorial-pareto-v1,8bd622340352bfbb54388b9c0137208df031584bfed1bc8847a4c21bc9b3c262,417,2464d1d531032a71c2947e9e8abd2b6b84de9fc6f048239944ee9357097365e8,03b7ba6584cd57903d9049d3d8d9d802e36a1d22303218b80bcdf8645fad3484,qaoa_line_4,QAOA,4,03b7ba6584cd57903d9049d3d8d9d802e36a1d22303218b80bcdf8645fad3484,data/v10/prepaper/sota/inputs/qasm/t07_007_qaoa_line_4_03b7ba6584cd.qasm,1,-1,RANDOM_TOPOLOGICAL,COMMUTATION_ONLY,16,30,3903405198,3072
E31-factorial-pareto-v1,92448c1933101db56f90c8c3dafe45728cd930245cc17d4a8360cc7433fbc5a9,418,2464d1d531032a71c2947e9e8abd2b6b84de9fc6f048239944ee9357097365e8,1e2e846760ffae18723d5eeb34d434e2b4745acb5f1ca7dbfd34512dbe0f8b16,qwalk_7,QuantumWalk,8,1e2e846760ffae18723d5eeb34d434e2b4745acb5f1ca7dbfd34512dbe0f8b16,data/v10/prepaper/sota/inputs/qasm/t00_035_qwalk_7_1e2e846760ff.qasm,1,1,LBL,COMMUTATION_PLUS_TEMPLATES,64,30,709101485,3072
E31-factorial-pareto-v1,67de0d938ed1185a7dbade70bde9f613269408651f38bef68e01fa711c9f76b3,419,2464d1d531032a71c2947e9e8abd2b6b84de9fc6f048239944ee9357097365e8,cc1ddd28093a20372a6d256992968b8bc18e2829750947498955a406113f5f52,grover_4,Grover,4,cc1ddd28093a20372a6d256992968b8bc18e2829750947498955a406113f5f52,data/v10/prepaper/sota/inputs/qasm/t02_010_grover_4_cc1ddd28093a.qasm,1,1,LBL,COMMUTATION_ONLY,4,30,3631746872,3072
E31-factorial-pareto-v1,df43dadeafeeb7f1914b2e447fd1536441d50e6c8ff89db02518b1ad212851c3,421,2464d1d531032a71c2947e9e8abd2b6b84de9fc6f048239944ee9357097365e8,8a0f6aa4d86982e6f5d44dfb1933a65cba2e861eeaa794468785325cd7f38e8a,bv_5,Oracle,6,8a0f6aa4d86982e6f5d44dfb1933a65cba2e861eeaa794468785325cd7f38e8a,data/v10/prepaper/sota/inputs/qasm/t08_017_bv_5_8a0f6aa4d869.qasm,1,1,RANDOM_TOPOLOGICAL,COMMUTATION_ONLY,64,10,3933572209,3072
E31-factorial-pareto-v1,8ba2e015bbccd38a75485147d28f3edb89ead99e6a9f1286c9000ce11965247f,423,2464d1d531032a71c2947e9e8abd2b6b84de9fc6f048239944ee9357097365e8,2bc3bac3e16a924e0b659e514bdadb24402dd25bb43047e6292e84d6f96ed9cf,adder_6,Adder,7,2bc3bac3e16a924e0b659e514bdadb24402dd25bb43047e6292e84d6f96ed9cf,data/v10/prepaper/sota/inputs/qasm/t01_028_adder_6_2bc3bac3e16a.qasm,1,-1,RANDOM_TOPOLOGICAL,COMMUTATION_PLUS_TEMPLATES,64,120,183273489,3072
E31-factorial-pareto-v1,cd7eaf62f9661f21f00ce60c6a8ba23d9fbe40398a7fec927782aa861a2892b7,426,2464d1d531032a71c2947e9e8abd2b6b84de9fc6f048239944ee9357097365e8,ecdc88be58bf549d56d32e78bd4bc92867b980440b9b1b2d29c6a6a0c98bcfe2,uccsd_4,UCCSD_inspired,4,ecdc88be58bf549d56d32e78bd4bc92867b980440b9b1b2d29c6a6a0c98bcfe2,data/v10/prepaper/sota/inputs/qasm/t05_016_uccsd_4_ecdc88be58bf.qasm,1,1,RANDOM_TOPOLOGICAL,COMMUTATION_PLUS_TEMPLATES,64,1,3743780872,3072
E31-factorial-pareto-v1,e89f67d101bbcc745c0a5708eaf4b297b42db3badab3f782f016aba72c556ea8,427,2464d1d531032a71c2947e9e8abd2b6b84de9fc6f048239944ee9357097365e8,ccea9ac438850bdbc663c5c72a67f5ea0eacc8d96469a1fb20d748e4a81b5c76,qwalk_4,QuantumWalk,5,ccea9ac438850bdbc663c5c72a67f5ea0eacc8d96469a1fb20d748e4a81b5c76,data/v10/prepaper/sota/inputs/qasm/t06_012_qwalk_4_ccea9ac43885.qasm,1,1,WCL,COMMUTATION_PLUS_TEMPLATES,64,1,3921086125,3072
E31-factorial-pareto-v1,277c7d18a827d9cd570783721049362aa838f447b10ef120e94f788f326f078f,430,2464d1d531032a71c2947e9e8abd2b6b84de9fc6f048239944ee9357097365e8,d47fbcf86d26708129ff7ec50334223b04f3b91344825d19f2600cab1a7800c0,clifford_8,RandomClifford,8,d47fbcf86d26708129ff7ec50334223b04f3b91344825d19f2600cab1a7800c0,data/v10/prepaper/sota/inputs/qasm/t08_048_clifford_8_d47fbcf86d26.qasm,1,1,LBL,COMMUTATION_ONLY,4,30,104101427,3072
E31-factorial-pareto-v1,28c3a7ede5fa5784a6b0d9116b9865d32a0ebbec96f1e1c5ac16fe6c6dd5f635,432,2464d1d531032a71c2947e9e8abd2b6b84de9fc6f048239944ee9357097365e8,569144f1f4ed5900a4ee35afd5c24a98a42de6ce3c141773dc514b4ea44405f4,uccsd_4,UCCSD_inspired,4,569144f1f4ed5900a4ee35afd5c24a98a42de6ce3c141773dc514b4ea44405f4,data/v10/prepaper/sota/inputs/qasm/t08_016_uccsd_4_569144f1f4ed.qasm,1,-1,RANDOM_TOPOLOGICAL,COMMUTATION_PLUS_TEMPLATES,16,30,1929652268,3072
E31-factorial-pareto-v1,8921d91dd2f9c7c3c87a78e65f02189444a5e015b70dd90b7089661c7a12d07c,439,2464d1d531032a71c2947e9e8abd2b6b84de9fc6f048239944ee9357097365e8,75870b8acd8d1782e558f24ff067ff0af4fd0fc15314bc31b3a27e06c4595379,iqp_6,IQP,6,75870b8acd8d1782e558f24ff067ff0af4fd0fc15314bc31b3a27e06c4595379,data/v10/prepaper/sota/inputs/qasm/t05_030_iqp_6_75870b8acd8d.qasm,1,-1,LBL,COMMUTATION_PLUS_TEMPLATES,64,30,354628570,3072
E31-factorial-pareto-v1,51c282303f1710c14c70bfbd0a91bd6027d6fc390ed5676e2ab58cfeeed219ee,441,2464d1d531032a71c2947e9e8abd2b6b84de9fc6f048239944ee9357097365e8,9b814e3da54f5c874ddcbdff9fe61f872bb409035a9acff0f2c7ae13b5c91b90,qwalk_3,QuantumWalk,4,9b814e3da54f5c874ddcbdff9fe61f872bb409035a9acff0f2c7ae13b5c91b90,data/v10/prepaper/sota/inputs/qasm/t05_002_qwalk_3_9b814e3da54f.qasm,1,-1,WCL,COMMUTATION_ONLY,64,1,1560694552,3072
E31-factorial-pareto-v1,6ea37d18c900da77492421784e6a9c21ff0267ff20c152180e562315df8cd2aa,445,2464d1d531032a71c2947e9e8abd2b6b84de9fc6f048239944ee9357097365e8,a7f212f7ecd7ee7353a7ba466a9af47a975f54aa9c15ab288c44982273c22d68,qaoa_line_8,QAOA,8,a7f212f7ecd7ee7353a7ba466a9af47a975f54aa9c15ab288c44982273c22d68,data/v10/prepaper/sota/inputs/qasm/t03_041_qaoa_line_8_a7f212f7ecd7.qasm,1,1,WCL,COMMUTATION_ONLY,64,10,873899397,3072
E31-factorial-pareto-v1,4bef657d648f6e0b9d7ee46cb240ac3243cc8534c3fa0f80625eed9ce2484109,449,2464d1d531032a71c2947e9e8abd2b6b84de9fc6f048239944ee9357097365e8,3e53f339ce23bcd55c9745a7e473937d8df2b36146b0e3872cd78980fcbfe035,iqp_6,IQP,6,3e53f339ce23bcd55c9745a7e473937d8df2b36146b0e3872cd78980fcbfe035,data/v10/prepaper/sota/inputs/qasm/t00_030_iqp_6_3e53f339ce23.qasm,1,-1,LBL,COMMUTATION_ONLY,4,30,3013926368,3072
E31-factorial-pareto-v1,e43d962aec36ddfa38f9383efa13b7e59be0ad39944e12efe152894604917273,465,2464d1d531032a71c2947e9e8abd2b6b84de9fc6f048239944ee9357097365e8,06a9d110c02d1aaba25d743baf96461b3dd1bb878757e9b6610aa31e5bd58915,haar_4,HaarRandom,4,06a9d110c02d1aaba25d743baf96461b3dd1bb878757e9b6610aa31e5bd58915,data/v10/prepaper/sota/inputs/qasm/t01_051_haar_4_06a9d110c02d.qasm,1,1,LBL,COMMUTATION_ONLY,4,1,1116122432,3072
E31-factorial-pareto-v1,a96d5b32b4b2f5767b0225bc8c07ea9b95a139996d7aa60e347a622d364a2fa5,468,2464d1d531032a71c2947e9e8abd2b6b84de9fc6f048239944ee9357097365e8,91e4aec91029d653afc2f4cfd9acf0f34aa36fd0f56363bd622f0d0b2fbd912f,uccsd_8,UCCSD_inspired,8,91e4aec91029d653afc2f4cfd9acf0f34aa36fd0f56363bd622f0d0b2fbd912f,data/v10/prepaper/sota/inputs/qasm/t04_050_uccsd_8_91e4aec91029.qasm,1,-1,RANDOM_TOPOLOGICAL,COMMUTATION_PLUS_TEMPLATES,4,10,3779236464,3072
E31-factorial-pareto-v1,14c255aee53e8250e7fc0a6b5b69134e8096865b505359e9fe505863d79939d5,470,2464d1d531032a71c2947e9e8abd2b6b84de9fc6f048239944ee9357097365e8,e166fa2a19a186e5e1137d16871bf8113bf541253cf619d063dff93086ac2fbd,grover_8,Grover,8,e166fa2a19a186e5e1137d16871bf8113bf541253cf619d063dff93086ac2fbd,data/v10/prepaper/sota/inputs/qasm/t08_044_grover_8_e166fa2a19a1.qasm,1,-1,LBL,COMMUTATION_ONLY,4,10,386171020,3072
E31-factorial-pareto-v1,542039c48e1ef0cc81b436fc233ff32629481828b64104bd65702517eb99f8c8,472,2464d1d531032a71c2947e9e8abd2b6b84de9fc6f048239944ee9357097365e8,2305d8f3c5c816b9903c87f6b6aefe0e169f33ae47188898aac6fc16bdc0b91d,iqp_8,IQP,8,2305d8f3c5c816b9903c87f6b6aefe0e169f33ae47188898aac6fc16bdc0b91d,data/v10/prepaper/sota/inputs/qasm/t05_047_iqp_8_2305d8f3c5c8.qasm,1,1,RANDOM_TOPOLOGICAL,COMMUTATION_ONLY,4,30,3663523161,3072
E31-factorial-pareto-v1,758c7b67c71121115756ba74594998672c2b6782e221b0ff3db2533cfd588d7c,484,2464d1d531032a71c2947e9e8abd2b6b84de9fc6f048239944ee9357097365e8,0f71b269d40b142731582d0d62f4b9d2f8ad11f78887960b3215d7cb2db34e25,qwalk_3,QuantumWalk,4,0f71b269d40b142731582d0d62f4b9d2f8ad11f78887960b3215d7cb2db34e25,data/v10/prepaper/sota/inputs/qasm/t09_002_qwalk_3_0f71b269d40b.qasm,1,-1,WCL,COMMUTATION_ONLY,4,120,1670530531,3072
E31-factorial-pareto-v1,efface555eb56226d85b85da1ee3835093738799b7a9bd8f08823b150316ea10,485,2464d1d531032a71c2947e9e8abd2b6b84de9fc6f048239944ee9357097365e8,c250d0ccb4006b4e767ef51fbcbcf33ec45690c2483928f4ce6a525259b23d35,iqp_8,IQP,8,c250d0ccb4006b4e767ef51fbcbcf33ec45690c2483928f4ce6a525259b23d35,data/v10/prepaper/sota/inputs/qasm/t08_047_iqp_8_c250d0ccb400.qasm,1,-1,RANDOM_TOPOLOGICAL,COMMUTATION_PLUS_TEMPLATES,16,10,139569494,3072
E31-factorial-pareto-v1,f3153760ff2587265fbca120da6325f9fb642007d102474da97acde13ab2d126,488,2464d1d531032a71c2947e9e8abd2b6b84de9fc6f048239944ee9357097365e8,6b06e5f02a79dad7060380635124093ca1f091f78aa2c79881017c4349543c35,qaoa_line_6,QAOA,6,6b06e5f02a79dad7060380635124093ca1f091f78aa2c79881017c4349543c35,data/v10/prepaper/sota/inputs/qasm/t05_024_qaoa_line_6_6b06e5f02a79.qasm,1,-1,RANDOM_TOPOLOGICAL,COMMUTATION_PLUS_TEMPLATES,64,1,1922839643,3072
E31-factorial-pareto-v1,8af8c490d7925bfaa69c7b78177b76dc41ed1ce02045bbb5a3d8cd6533e98fe7,490,2464d1d531032a71c2947e9e8abd2b6b84de9fc6f048239944ee9357097365e8,f0ce08a94e8912e5622a6df3ca1903091c67e592bc993e854d2aac9723e208a7,grover_6,Grover,6,f0ce08a94e8912e5622a6df3ca1903091c67e592bc993e854d2aac9723e208a7,data/v10/prepaper/sota/inputs/qasm/t04_027_grover_6_f0ce08a94e89.qasm,1,-1,WCL,COMMUTATION_ONLY,4,1,598658355,3072
E31-factorial-pareto-v1,cc90d04e993f71358cd3259606001e8f8ca27ed383d55144337a7410ee0c1671,498,2464d1d531032a71c2947e9e8abd2b6b84de9fc6f048239944ee9357097365e8,826a81832c43fd3beaa5ea66f63d19579c7ae7c3f309c590d3c64709d2be3057,bv_8,Oracle,9,826a81832c43fd3beaa5ea66f63d19579c7ae7c3f309c590d3c64709d2be3057,data/v10/prepaper/sota/inputs/qasm/t09_040_bv_8_826a81832c43.qasm,1,-1,WCL,COMMUTATION_ONLY,64,1,3742793801,3072
E31-factorial-pareto-v1,07de201bf67f91efc7b8fafb0b8f0506e452a1c896e03aac0e5a2aa194d7bac1,500,2464d1d531032a71c2947e9e8abd2b6b84de9fc6f048239944ee9357097365e8,f82bca5573e6e4f880dd93e93fbd33df5af794da6882ff8adad6e33e221312b3,adder_8,Adder,10,f82bca5573e6e4f880dd93e93fbd33df5af794da6882ff8adad6e33e221312b3,data/v10/prepaper/sota/inputs/qasm/t03_045_adder_8_f82bca5573e6.qasm,2,-1,LBL,COMMUTATION_PLUS_TEMPLATES,64,120,2548835220,3072
E31-factorial-pareto-v1,f96210d3d0c23b59eb92ba261fe906193392143d425222b50f2c5cae795c6a6d,509,2464d1d531032a71c2947e9e8abd2b6b84de9fc6f048239944ee9357097365e8,c2bc1600a43475bd792ec7ca2dfb34c87d2b32b84e9b2893c489410f17e2a572,bv_5,Oracle,6,c2bc1600a43475bd792ec7ca2dfb34c87d2b32b84e9b2893c489410f17e2a572,data/v10/prepaper/sota/inputs/qasm/t04_017_bv_5_c2bc1600a434.qasm,1,-1,RANDOM_TOPOLOGICAL,COMMUTATION_PLUS_TEMPLATES,64,10,912988763,3072
E31-factorial-pareto-v1,44a856bb86bd6c796c536d54b04fedfdec3b4a5a894c2ff9869fa3bbb3b5a13f,510,2464d1d531032a71c2947e9e8abd2b6b84de9fc6f048239944ee9357097365e8,60cbd40ccece385b0f47d6dbd5667c78d5709e2708b86620c809015e346ab443,haar_4,HaarRandom,4,60cbd40ccece385b0f47d6dbd5667c78d5709e2708b86620c809015e346ab443,data/v10/prepaper/sota/inputs/qasm/t02_051_haar_4_60cbd40ccece.qasm,1,-1,RANDOM_TOPOLOGICAL,COMMUTATION_ONLY,16,120,3463625481,3072
E31-factorial-pareto-v1,37d52c38fe1fa04f1451758ed1aae0745dc69e0d5b7c8f0d0dbe5c5ae045483b,518,2464d1d531032a71c2947e9e8abd2b6b84de9fc6f048239944ee9357097365e8,21ae7cff0e4c85366dd65e6e4172d4dc07c4d0910264670dc6bd54046b03b08f,iqp_4,IQP,4,21ae7cff0e4c85366dd65e6e4172d4dc07c4d0910264670dc6bd54046b03b08f,data/v10/prepaper/sota/inputs/qasm/t01_013_iqp_4_21ae7cff0e4c.qasm,1,1,WCL,COMMUTATION_PLUS_TEMPLATES,64,30,506694472,3072
E31-factorial-pareto-v1,4d549462171ae8268ce1a401326a177977f96aa8da025a0736daf9411004eb9c,522,2464d1d531032a71c2947e9e8abd2b6b84de9fc6f048239944ee9357097365e8,08824540c17b7e5551c4fed38e25fb7c445eb88bc2adf305e2ac828fad4d56a8,adder_8,Adder,10,08824540c17b7e5551c4fed38e25fb7c445eb88bc2adf305e2ac828fad4d56a8,data/v10/prepaper/sota/inputs/qasm/t01_045_adder_8_08824540c17b.qasm,1,1,RANDOM_TOPOLOGICAL,COMMUTATION_PLUS_TEMPLATES,4,10,537554444,3072
E31-factorial-pareto-v1,d3d17d179b2c5fd300c61f48d433a51c0fa4439ef08fb48cb5f65d612020f9d0,530,2464d1d531032a71c2947e9e8abd2b6b84de9fc6f048239944ee9357097365e8,706c0447268ee506ac59afcbc771e7db4407d41470f6beb3af60fa431e739c66,qaoa_line_8,QAOA,8,706c0447268ee506ac59afcbc771e7db4407d41470f6beb3af60fa431e739c66,data/v10/prepaper/sota/inputs/qasm/t01_041_qaoa_line_8_706c0447268e.qasm,1,1,WCL,COMMUTATION_ONLY,64,10,1852546425,3072
E31-factorial-pareto-v1,c150a78ed9a8a2632ccfa14aa799430b76e47cc280498745b6b21fe93235ec10,535,2464d1d531032a71c2947e9e8abd2b6b84de9fc6f048239944ee9357097365e8,67ac65461d4b57621b92856148cbe19f65ec089efa10dd8e0ec245c21403aea1,uccsd_6,UCCSD_inspired,6,67ac65461d4b57621b92856148cbe19f65ec089efa10dd8e0ec245c21403aea1,data/v10/prepaper/sota/inputs/qasm/t04_033_uccsd_6_67ac65461d4b.qasm,1,-1,WCL,COMMUTATION_ONLY,16,30,732310608,3072
E31-factorial-pareto-v1,e17715865482cbddac7d3efb3ec1d489ad137f5077cdd1c831a87893703f5bcd,538,2464d1d531032a71c2947e9e8abd2b6b84de9fc6f048239944ee9357097365e8,2b75895aa27cbc6b06ca489c63a0acceb9af896130529bb5c000766f1e53267c,clifford_8,RandomClifford,8,2b75895aa27cbc6b06ca489c63a0acceb9af896130529bb5c000766f1e53267c,data/v10/prepaper/sota/inputs/qasm/t04_048_clifford_8_2b75895aa27c.qasm,1,1,RANDOM_TOPOLOGICAL,COMMUTATION_ONLY,16,10,1478427965,3072
E31-factorial-pareto-v1,c3d1657cd6c0c6e9bb96de7087f3e3cb1ab2ee9e138f68225736f59608d09b5a,543,2464d1d531032a71c2947e9e8abd2b6b84de9fc6f048239944ee9357097365e8,5b1e86584da3b6e4065a29ec23dcba8ca2e23b69da2d3d2debdbc7a05920c733,qwalk_4,QuantumWalk,5,5b1e86584da3b6e4065a29ec23dcba8ca2e23b69da2d3d2debdbc7a05920c733,data/v10/prepaper/sota/inputs/qasm/t00_012_qwalk_4_5b1e86584da3.qasm,1,-1,LBL,COMMUTATION_PLUS_TEMPLATES,64,120,1145754673,3072
E31-factorial-pareto-v1,ac688e35c24569517e0722f52136460b8386dbbc19ab3f3dcedc0e795ad8fe00,544,2464d1d531032a71c2947e9e8abd2b6b84de9fc6f048239944ee9357097365e8,914e1499c292081bdc75f6dcd9813bbb7b2085fe470253f7000b70ace6ba61c9,qaoa_line_8,QAOA,8,914e1499c292081bdc75f6dcd9813bbb7b2085fe470253f7000b70ace6ba61c9,data/v10/prepaper/sota/inputs/qasm/t09_041_qaoa_line_8_914e1499c292.qasm,1,1,RANDOM_TOPOLOGICAL,COMMUTATION_ONLY,16,30,2310287612,3072
E31-factorial-pareto-v1,fc3ebc3f9f9dd6630fa25a284c3fcb71a40f4cd33a3e214ad9e1cbd3f7a25b00,547,2464d1d531032a71c2947e9e8abd2b6b84de9fc6f048239944ee9357097365e8,bb4d201ec90fe59ed3e9c9ab9ff269487e716ab1bee068bff9f74529b1de6f93,iqp_8,IQP,8,bb4d201ec90fe59ed3e9c9ab9ff269487e716ab1bee068bff9f74529b1de6f93,data/v10/prepaper/sota/inputs/qasm/t07_047_iqp_8_bb4d201ec90f.qasm,1,1,WCL,COMMUTATION_PLUS_TEMPLATES,16,10,131952925,3072
E31-factorial-pareto-v1,3521cdc57cf0abd2bbcd18c81335ca5314b09ebb06758431438e8d8fbc087cfd,548,2464d1d531032a71c2947e9e8abd2b6b84de9fc6f048239944ee9357097365e8,c63e19873423ccaaf570f0b635947cafec97a5e60d7fb9d0985ab0dc116133d6,grover_6,Grover,6,c63e19873423ccaaf570f0b635947cafec97a5e60d7fb9d0985ab0dc116133d6,data/v10/prepaper/sota/inputs/qasm/t06_027_grover_6_c63e19873423.qasm,1,1,WCL,COMMUTATION_PLUS_TEMPLATES,64,10,1724952317,3072
E31-factorial-pareto-v1,73f466e1ee03fc3351a5df2b0b3b9014e7b621333263657cd18656aa24b28af2,554,2464d1d531032a71c2947e9e8abd2b6b84de9fc6f048239944ee9357097365e8,920715dea765673c0d3337786b5f66da8038c75428d4b37e5c288736db47b69d,qwalk_3,QuantumWalk,4,920715dea765673c0d3337786b5f66da8038c75428d4b37e5c288736db47b69d,data/v10/prepaper/sota/inputs/qasm/t06_002_qwalk_3_920715dea765.qasm,1,1,LBL,COMMUTATION_ONLY,16,120,2974940438,3072
E31-factorial-pareto-v1,ee6ab7d97f2e51565bfb4104f064a61e8f06a4223090e03d95526df68f7eecdc,561,2464d1d531032a71c2947e9e8abd2b6b84de9fc6f048239944ee9357097365e8,98288a8bb24c6c4e673cdd1a4153610759a5259eab1700308a6bb0e7520a1d09,qaoa_line_4,QAOA,4,98288a8bb24c6c4e673cdd1a4153610759a5259eab1700308a6bb0e7520a1d09,data/v10/prepaper/sota/inputs/qasm/t02_007_qaoa_line_4_98288a8bb24c.qasm,1,-1,WCL,COMMUTATION_PLUS_TEMPLATES,16,120,866973430,3072
E31-factorial-pareto-v1,ad15bc7a810e04d4ff1933ce03e059c2767329432243837ce763be176693774e,566,2464d1d531032a71c2947e9e8abd2b6b84de9fc6f048239944ee9357097365e8,d75b107d6610e55aacfddff9d177a41d58656d6851d4b751fc8b7a09d03890a5,uccsd_8,UCCSD_inspired,8,d75b107d6610e55aacfddff9d177a41d58656d6851d4b751fc8b7a09d03890a5,data/v10/prepaper/sota/inputs/qasm/t08_050_uccsd_8_d75b107d6610.qasm,1,-1,WCL,COMMUTATION_ONLY,4,10,1630679148,3072
E31-factorial-pareto-v1,3ef47dd506904bf30d0904ddcd73ea3dbdf5b4e3f2a0b6d5a2c6d5961327e6bf,570,2464d1d531032a71c2947e9e8abd2b6b84de9fc6f048239944ee9357097365e8,7130c27a527965bb0f258cb842a9113fb05e3fbe44a5dfbedcb9b9003b5cc534,bv_7,Oracle,8,7130c27a527965bb0f258cb842a9113fb05e3fbe44a5dfbedcb9b9003b5cc534,data/v10/prepaper/sota/inputs/qasm/t01_034_bv_7_7130c27a5279.qasm,2,-1,LBL,COMMUTATION_ONLY,64,1,1526582115,3072
E31-factorial-pareto-v1,5b328f4bf9024827d267df57b9c5ba8f1c47936f754af02a33b41e09e291da45,573,2464d1d531032a71c2947e9e8abd2b6b84de9fc6f048239944ee9357097365e8,2d4868c22c53a34ba2e5046296f2ed6dd8a3b0bac61263a35b7a2fc4521fef18,clifford_6,RandomClifford,6,2d4868c22c53a34ba2e5046296f2ed6dd8a3b0bac61263a35b7a2fc4521fef18,data/v10/prepaper/sota/inputs/qasm/t02_031_clifford_6_2d4868c22c53.qasm,1,-1,RANDOM_TOPOLOGICAL,COMMUTATION_PLUS_TEMPLATES,4,10,918414392,3072
E31-factorial-pareto-v1,8e35b720bba165f504289e9b90e597f873c6351f580934cbe4c7ca06d8152e1a,576,2464d1d531032a71c2947e9e8abd2b6b84de9fc6f048239944ee9357097365e8,ea35cdaebcc83e38febe7db50517ceef51edfed198ba7cbb4f3cc64485df66df,bv_6,Oracle,7,ea35cdaebcc83e38febe7db50517ceef51edfed198ba7cbb4f3cc64485df66df,data/v10/prepaper/sota/inputs/qasm/t03_023_bv_6_ea35cdaebcc8.qasm,1,1,WCL,COMMUTATION_PLUS_TEMPLATES,4,30,1383191561,3072
E31-factorial-pareto-v1,be2c7f6fe243c6efe0e5ba0de77df0b5adbbf1e37dd84e889197e29f69277d8d,577,2464d1d531032a71c2947e9e8abd2b6b84de9fc6f048239944ee9357097365e8,8ff9e347f089a38379fb8b9dddac5f467f20f23caa1892008b74218e158a33c3,bv_7,Oracle,8,8ff9e347f089a38379fb8b9dddac5f467f20f23caa1892008b74218e158a33c3,data/v10/prepaper/sota/inputs/qasm/t08_034_bv_7_8ff9e347f089.qasm,1,1,RANDOM_TOPOLOGICAL,COMMUTATION_ONLY,4,30,3647993792,3072
E31-factorial-pareto-v1,77371cdc0ce18393c39cd05d28549fe68ced40381c43992588ddd3e9990bf58e,585,2464d1d531032a71c2947e9e8abd2b6b84de9fc6f048239944ee9357097365e8,769bc5dd2330d3ce3c3b1c380e24657d4ac0458a73f5b99db5f78043adaa2bba,bv_4,Oracle,5,769bc5dd2330d3ce3c3b1c380e24657d4ac0458a73f5b99db5f78043adaa2bba,data/v10/prepaper/sota/inputs/qasm/t05_006_bv_4_769bc5dd2330.qasm,2,1,WCL,COMMUTATION_PLUS_TEMPLATES,64,10,2897247854,3072
E31-factorial-pareto-v1,22a3af0b118a6e15fff68c153f4c2dbcb959eb6d04eb7e6023fac8c601613476,587,2464d1d531032a71c2947e9e8abd2b6b84de9fc6f048239944ee9357097365e8,5b2a31e79d9fc799bfce71b0e4edb7e81603780d93caa25247f243bb4205dfc2,iqp_8,IQP,8,5b2a31e79d9fc799bfce71b0e4edb7e81603780d93caa25247f243bb4205dfc2,data/v10/prepaper/sota/inputs/qasm/t04_047_iqp_8_5b2a31e79d9f.qasm,1,-1,RANDOM_TOPOLOGICAL,COMMUTATION_PLUS_TEMPLATES,4,1,2956597909,3072
E31-factorial-pareto-v1,6fd6204406b763163ad4be19eda4d54a249f16f3600963ec4787a3113eb7ca14,593,2464d1d531032a71c2947e9e8abd2b6b84de9fc6f048239944ee9357097365e8,e541b465d3e72bc04ff8e5a4eb83441dd9b5c474b735a707e491dfff3e8ff456,qwalk_7,QuantumWalk,8,e541b465d3e72bc04ff8e5a4eb83441dd9b5c474b735a707e491dfff3e8ff456,data/v10/prepaper/sota/inputs/qasm/t01_035_qwalk_7_e541b465d3e7.qasm,1,1,LBL,COMMUTATION_ONLY,64,1,1352295854,3072
E31-factorial-pareto-v1,3d1faed09403a0c9f1606a99f973d9169adf9f1e2ef926a2b380d66430a1d6cf,594,2464d1d531032a71c2947e9e8abd2b6b84de9fc6f048239944ee9357097365e8,59fbafb4a84f6e3bf7095d58daa93081c2109f6d48baaa6615d62eb5baec28bb,vqe_twolocal_4,VQE,4,59fbafb4a84f6e3bf7095d58daa93081c2109f6d48baaa6615d62eb5baec28bb,data/v10/prepaper/sota/inputs/qasm/t05_008_vqe_twolocal_4_59fbafb4a84f.qasm,1,-1,RANDOM_TOPOLOGICAL,COMMUTATION_ONLY,16,120,4029204705,3072
E31-factorial-pareto-v1,8a56b79528d0def205c954a9725fcc96917fcd17ba450525c5a41725be06ceb9,596,2464d1d531032a71c2947e9e8abd2b6b84de9fc6f048239944ee9357097365e8,6844da2119d733a01e2a77eb368d455c86913e069a73316edac258bedf73a884,vqe_twolocal_6,VQE,6,6844da2119d733a01e2a77eb368d455c86913e069a73316edac258bedf73a884,data/v10/prepaper/sota/inputs/qasm/t03_025_vqe_twolocal_6_6844da2119d7.qasm,1,1,RANDOM_TOPOLOGICAL,COMMUTATION_PLUS_TEMPLATES,4,120,1450105361,3072
E31-factorial-pareto-v1,0362f7243b27cd500f8c36805c48ea0e128d2a405e2ae82c6d89a28a956db8b4,597,2464d1d531032a71c2947e9e8abd2b6b84de9fc6f048239944ee9357097365e8,272804f10f95ecb2895a565280f8594781730f41735af2d503194d428323e8a2,qwalk_6,QuantumWalk,7,272804f10f95ecb2895a565280f8594781730f41735af2d503194d428323e8a2,data/v10/prepaper/sota/inputs/qasm/t09_029_qwalk_6_272804f10f95.qasm,1,-1,WCL,COMMUTATION_ONLY,64,120,3851883852,3072
E31-factorial-pareto-v1,0fcc36c54cdf7ae13103b7524f9292d13ceb818292d9753e1b7c85d90eb52c79,604,2464d1d531032a71c2947e9e8abd2b6b84de9fc6f048239944ee9357097365e8,adbb48a0ef0579f1930cd5635450dda6ac0134b70ed705fee57896785a5c920c,hardware_eff_6,HardwareEfficient,6,adbb48a0ef0579f1930cd5635450dda6ac0134b70ed705fee57896785a5c920c,data/v10/prepaper/sota/inputs/qasm/t06_026_hardware_eff_6_adbb48a0ef05.qasm,1,1,RANDOM_TOPOLOGICAL,COMMUTATION_ONLY,64,120,4030086445,3072
E31-factorial-pareto-v1,54d9a2720b60bfcff18df5ba08209ac6561bd4f995f9ee95b7031e50f5e092d1,606,2464d1d531032a71c2947e9e8abd2b6b84de9fc6f048239944ee9357097365e8,b5ac35a68d5e59c46c6564e09d414ba98d05d318ac2cd28aaf6914b943c91c9b,surface_code_8,SurfaceCode,9,b5ac35a68d5e59c46c6564e09d414ba98d05d318ac2cd28aaf6914b943c91c9b,data/v10/prepaper/sota/inputs/qasm/t02_049_surface_code_8_b5ac35a68d5e.qasm,1,1,RANDOM_TOPOLOGICAL,COMMUTATION_ONLY,4,30,1880151952,3072
E31-factorial-pareto-v1,90fb9450b858fb54cdb00430a2492e0ecefba5ee680fae3e6a1c3d7410f6bf9a,615,2464d1d531032a71c2947e9e8abd2b6b84de9fc6f048239944ee9357097365e8,37cdb70bdc0a40384c6a1a0824df270d7d181388d831d4788c2d190a5106be0d,qwalk_8,QuantumWalk,9,37cdb70bdc0a40384c6a1a0824df270d7d181388d831d4788c2d190a5106be0d,data/v10/prepaper/sota/inputs/qasm/t01_046_qwalk_8_37cdb70bdc0a.qasm,1,-1,RANDOM_TOPOLOGICAL,COMMUTATION_PLUS_TEMPLATES,64,120,4234444702,3072
E31-factorial-pareto-v1,df5598cf92907b70d05085e2dc630485c2513b404b690c3a1ec119d8591b91c5,619,2464d1d531032a71c2947e9e8abd2b6b84de9fc6f048239944ee9357097365e8,6a3bfdb78a913f36bec2d7b63d723fb999cfb365f557915f888a35b62c45de5f,clifford_4,RandomClifford,4,6a3bfdb78a913f36bec2d7b63d723fb999cfb365f557915f888a35b62c45de5f,data/v10/prepaper/sota/inputs/qasm/t04_014_clifford_4_6a3bfdb78a91.qasm,1,-1,WCL,COMMUTATION_ONLY,64,1,3326647336,3072
E31-factorial-pareto-v1,4540eb54b6a9af86e80b1a71d0ad769b08827f60369866fefa11f8004068e61f,620,2464d1d531032a71c2947e9e8abd2b6b84de9fc6f048239944ee9357097365e8,43bca13faef5c6cfe77a9608604ef4b0638bd1866f694ba91570d8417f61f6dc,hardware_eff_8,HardwareEfficient,8,43bca13faef5c6cfe77a9608604ef4b0638bd1866f694ba91570d8417f61f6dc,data/v10/prepaper/sota/inputs/qasm/t02_043_hardware_eff_8_43bca13faef5.qasm,1,-1,LBL,COMMUTATION_ONLY,16,120,2429260207,3072
E31-factorial-pareto-v1,58e9fc2a6c13fa5fc5b6ec1413ca27c1a20b08a791d382a8e864c8de3dde2b8f,621,2464d1d531032a71c2947e9e8abd2b6b84de9fc6f048239944ee9357097365e8,b2f83603b76f95e86e3b51898d6ea360adf3a62f51aa296baf0178913d4108b2,qft_8,QFT,8,b2f83603b76f95e86e3b51898d6ea360adf3a62f51aa296baf0178913d4108b2,data/v10/prepaper/sota/inputs/qasm/t00_037_qft_8_b2f83603b76f.qasm,10,1,WCL,COMMUTATION_ONLY,16,1,56770399,3072
E31-factorial-pareto-v1,49a2ce00c28097e3a07125f58d34d50d85b6ce087d9e3e902c4df494f31b8450,624,2464d1d531032a71c2947e9e8abd2b6b84de9fc6f048239944ee9357097365e8,701484a18ee7e28286cedd323ee9dc71b83cfa896d35865ca7cdab0545cc5b6a,adder_6,Adder,7,701484a18ee7e28286cedd323ee9dc71b83cfa896d35865ca7cdab0545cc5b6a,data/v10/prepaper/sota/inputs/qasm/t07_028_adder_6_701484a18ee7.qasm,1,1,RANDOM_TOPOLOGICAL,COMMUTATION_PLUS_TEMPLATES,64,30,1405020825,3072
E31-factorial-pareto-v1,9ca2cd503d25510c74d25d3fab79808e9929c67c9ed6c0aff720395154bd2592,625,2464d1d531032a71c2947e9e8abd2b6b84de9fc6f048239944ee9357097365e8,b4cd6266c1d6b1edd7ea9ea096d9648f4a7ea3feb36e3428f392b9ca88c53b4a,uccsd_8,UCCSD_inspired,8,b4cd6266c1d6b1edd7ea9ea096d9648f4a7ea3feb36e3428f392b9ca88c53b4a,data/v10/prepaper/sota/inputs/qasm/t06_050_uccsd_8_b4cd6266c1d6.qasm,1,1,LBL,COMMUTATION_PLUS_TEMPLATES,64,30,504281,3072
E31-factorial-pareto-v1,5a779a9d5d26e14e3f90e3f34f36b698cbdf588b37362947520eea0411dc77c0,626,2464d1d531032a71c2947e9e8abd2b6b84de9fc6f048239944ee9357097365e8,0fd6af0acc8eee48624686a699bf40efbe937b9bf892e969565c84409f02f473,iqp_6,IQP,6,0fd6af0acc8eee48624686a699bf40efbe937b9bf892e969565c84409f02f473,data/v10/prepaper/sota/inputs/qasm/t09_030_iqp_6_0fd6af0acc8e.qasm,1,-1,RANDOM_TOPOLOGICAL,COMMUTATION_ONLY,64,30,3375184688,3072
E31-factorial-pareto-v1,2dffd230900aef65bb1f1eca3454c1fb921ee0d45938e5fdb0f025456c4344e9,627,2464d1d531032a71c2947e9e8abd2b6b84de9fc6f048239944ee9357097365e8,0a90fc5e637b6da47ad2addab3dcc441b7340b4c926ab8292227e140ae48b338,grover_4,Grover,4,0a90fc5e637b6da47ad2addab3dcc441b7340b4c926ab8292227e140ae48b338,data/v10/prepaper/sota/inputs/qasm/t07_010_grover_4_0a90fc5e637b.qasm,1,1,LBL,COMMUTATION_ONLY,16,10,2406545059,3072
E31-factorial-pareto-v1,5451c5c08721e176729021c6c15b6aece66652c6f59e052cc133344ef6c7fb2b,631,2464d1d531032a71c2947e9e8abd2b6b84de9fc6f048239944ee9357097365e8,df499dded1e0518f2f6266b9f0e35d3c81e6057b5ba6e6decbb0f26370e5bb03,ghz_6,GHZ,6,df499dded1e0518f2f6266b9f0e35d3c81e6057b5ba6e6decbb0f26370e5bb03,data/v10/prepaper/sota/inputs/qasm/t00_021_ghz_6_df499dded1e0.qasm,10,-1,LBL,COMMUTATION_PLUS_TEMPLATES,4,1,480244532,3072
E31-factorial-pareto-v1,9558144e74af0dcb16b02b9e94896035e27299279400ee9284913c28507ca575,636,2464d1d531032a71c2947e9e8abd2b6b84de9fc6f048239944ee9357097365e8,4089615b62e2dc0c0b1b7723660abedb66020a4036e6d847a938a772d0d6172b,qaoa_line_4,QAOA,4,4089615b62e2dc0c0b1b7723660abedb66020a4036e6d847a938a772d0d6172b,data/v10/prepaper/sota/inputs/qasm/t00_007_qaoa_line_4_4089615b62e2.qasm,1,1,LBL,COMMUTATION_ONLY,16,120,1935568155,3072
E31-factorial-pareto-v1,da261f43daa218048e9e56526849191dbdbec2caf44661817d71ea5bb15083fc,637,2464d1d531032a71c2947e9e8abd2b6b84de9fc6f048239944ee9357097365e8,1b84760a272ee5b898d6856ea47d7309859a0aaa27c6d9f54caa0a3ca7965d66,grover_8,Grover,8,1b84760a272ee5b898d6856ea47d7309859a0aaa27c6d9f54caa0a3ca7965d66,data/v10/prepaper/sota/inputs/qasm/t04_044_grover_8_1b84760a272e.qasm,1,-1,LBL,COMMUTATION_PLUS_TEMPLATES,64,10,3092013564,3072
E31-factorial-pareto-v1,6ca530b3e9f9d9829b1ce9a5b98e4f8cbd34f6af5545e812ad8acff6558249d9,640,2464d1d531032a71c2947e9e8abd2b6b84de9fc6f048239944ee9357097365e8,efe05a598852b28e2f1b7f34b2184f3989d4eb2ea9ee1ee00b340a751d905e75,surface_code_7,SurfaceCode,8,efe05a598852b28e2f1b7f34b2184f3989d4eb2ea9ee1ee00b340a751d905e75,data/v10/prepaper/sota/inputs/qasm/t05_036_surface_code_7_efe05a598852.qasm,1,-1,RANDOM_TOPOLOGICAL,COMMUTATION_ONLY,16,1,4077501191,3072
E31-factorial-pareto-v1,2c8c3c6d828366cd93ad4ac61315e57ad13d67acdc5d9f375aeab196396c70dd,647,2464d1d531032a71c2947e9e8abd2b6b84de9fc6f048239944ee9357097365e8,ec754f7e3892ee8ca405ace36ffa2cf3d8489863d2f83852f623de773dd94b1e,qft_4,QFT,4,ec754f7e3892ee8ca405ace36ffa2cf3d8489863d2f83852f623de773dd94b1e,data/v10/prepaper/sota/inputs/qasm/t00_003_qft_4_ec754f7e3892.qasm,10,-1,RANDOM_TOPOLOGICAL,COMMUTATION_PLUS_TEMPLATES,16,120,4266969004,3072
E31-factorial-pareto-v1,c0ac160407c574335cda5ae69aeb920aa401417039bf8c3948863f1c0b34ad30,648,2464d1d531032a71c2947e9e8abd2b6b84de9fc6f048239944ee9357097365e8,e26eca49b8903c7b025bb5c3be2146eaa21c6fab5a1606c2bb182de89c74b664,clifford_6,RandomClifford,6,e26eca49b8903c7b025bb5c3be2146eaa21c6fab5a1606c2bb182de89c74b664,data/v10/prepaper/sota/inputs/qasm/t08_031_clifford_6_e26eca49b890.qasm,1,1,WCL,COMMUTATION_ONLY,64,120,872838148,3072
E31-factorial-pareto-v1,4b9b49d4b01eea97756f5af46b5fb932721ea4b751a7ca972132c6ed01c09351,651,2464d1d531032a71c2947e9e8abd2b6b84de9fc6f048239944ee9357097365e8,76380e1d43ba4786b298e59145a5b74e4ad206b97e7bc9815e90e25dce301a8f,iqp_6,IQP,6,76380e1d43ba4786b298e59145a5b74e4ad206b97e7bc9815e90e25dce301a8f,data/v10/prepaper/sota/inputs/qasm/t01_030_iqp_6_76380e1d43ba.qasm,1,-1,LBL,COMMUTATION_PLUS_TEMPLATES,16,10,1902982445,3072
E31-factorial-pareto-v1,e64c65f8a2f280212fa737e94135cb25209591719a54bf8276b503a06864a516,653,2464d1d531032a71c2947e9e8abd2b6b84de9fc6f048239944ee9357097365e8,6f3c72445c6c7b4ac694c7b6dcacbe9c97681c8c27c6ab4fd6a32ec94a0d5a2e,hardware_eff_4,HardwareEfficient,4,6f3c72445c6c7b4ac694c7b6dcacbe9c97681c8c27c6ab4fd6a32ec94a0d5a2e,data/v10/prepaper/sota/inputs/qasm/t05_009_hardware_eff_4_6f3c72445c6c.qasm,1,1,RANDOM_TOPOLOGICAL,COMMUTATION_ONLY,64,10,1949170875,3072
E31-factorial-pareto-v1,4f47575c5d762c91e47753d10e51df2acbaabe6439ae794447b8b427cb65e30c,657,2464d1d531032a71c2947e9e8abd2b6b84de9fc6f048239944ee9357097365e8,84fde07bd40be8d7a95d24cc510e9db8ab0d019aaad3c30a43907f561b19ebb6,adder_6,Adder,7,84fde07bd40be8d7a95d24cc510e9db8ab0d019aaad3c30a43907f561b19ebb6,data/v10/prepaper/sota/inputs/qasm/t08_028_adder_6_84fde07bd40b.qasm,1,-1,RANDOM_TOPOLOGICAL,COMMUTATION_PLUS_TEMPLATES,4,30,1609705275,3072
E31-factorial-pareto-v1,100a7797623e1201fa21869e65a971ebd6350601475129af13343a9ad752531a,658,2464d1d531032a71c2947e9e8abd2b6b84de9fc6f048239944ee9357097365e8,a8fb890216921697e75dec718450347728fa67236e477ce8e39377128e6df537,grover_6,Grover,6,a8fb890216921697e75dec718450347728fa67236e477ce8e39377128e6df537,data/v10/prepaper/sota/inputs/qasm/t07_027_grover_6_a8fb89021692.qasm,1,1,LBL,COMMUTATION_PLUS_TEMPLATES,64,120,995013853,3072
E31-factorial-pareto-v1,8a474db1d3e54342c3efa3220d7d072f8cf0bb7db925438c5662cb937907bcc1,660,2464d1d531032a71c2947e9e8abd2b6b84de9fc6f048239944ee9357097365e8,621e78a0d5cbbcbb2a75d4d9755c646061565d0ead3e3cb962144cea9ad7496d,grover_8,Grover,8,621e78a0d5cbbcbb2a75d4d9755c646061565d0ead3e3cb962144cea9ad7496d,data/v10/prepaper/sota/inputs/qasm/t01_044_grover_8_621e78a0d5cb.qasm,1,1,RANDOM_TOPOLOGICAL,COMMUTATION_ONLY,16,10,2085844943,3072
E31-factorial-pareto-v1,c1862d3763ed6c8c29eb1f55f7695b98b178e4fb0982c79577aeb3fad28e36ca,661,2464d1d531032a71c2947e9e8abd2b6b84de9fc6f048239944ee9357097365e8,a1b0ba8e9683b6e8fb7f674fec300eb87f2d2387d58f482c81187c497cdc2175,surface_code_8,SurfaceCode,9,a1b0ba8e9683b6e8fb7f674fec300eb87f2d2387d58f482c81187c497cdc2175,data/v10/prepaper/sota/inputs/qasm/t06_049_surface_code_8_a1b0ba8e9683.qasm,2,-1,RANDOM_TOPOLOGICAL,COMMUTATION_PLUS_TEMPLATES,4,10,3643645071,3072
E31-factorial-pareto-v1,8fcf6870a15bba626f3a04af70c39635959c49589662b33f3c2db69ad2bc7e83,663,2464d1d531032a71c2947e9e8abd2b6b84de9fc6f048239944ee9357097365e8,c15ccd1efbe0b71c21464e888a978afbe6b6cf006bd895873c7d9b8e51efbaf0,cnot_chain_4,CNOT,4,c15ccd1efbe0b71c21464e888a978afbe6b6cf006bd895873c7d9b8e51efbaf0,data/v10/prepaper/sota/inputs/qasm/t00_005_cnot_chain_4_c15ccd1efbe0.qasm,10,1,RANDOM_TOPOLOGICAL,COMMUTATION_ONLY,4,1,3006535565,3072
E31-factorial-pareto-v1,2fe753c83a39fed184484a491520e496d7c7a44d0c4feaada7ede0dcf1a3cb52,664,2464d1d531032a71c2947e9e8abd2b6b84de9fc6f048239944ee9357097365e8,411fb287ad09f5ba59dc8928c41c7d63890830c6fb4a8d8bbc17d6aa448f59f5,iqp_6,IQP,6,411fb287ad09f5ba59dc8928c41c7d63890830c6fb4a8d8bbc17d6aa448f59f5,data/v10/prepaper/sota/inputs/qasm/t08_030_iqp_6_411fb287ad09.qasm,1,1,LBL,COMMUTATION_PLUS_TEMPLATES,64,120,3562785694,3072
E31-factorial-pareto-v1,173fe98e5777834c3ff42c0cac54439a1f7844c06d2d1887538e5d630cb995e1,666,2464d1d531032a71c2947e9e8abd2b6b84de9fc6f048239944ee9357097365e8,3f042fa9b9dbce7185f41afba08f1499752dc0e6949614c29d69df95229d96bd,surface_code_6,SurfaceCode,7,3f042fa9b9dbce7185f41afba08f1499752dc0e6949614c29d69df95229d96bd,data/v10/prepaper/sota/inputs/qasm/t09_032_surface_code_6_3f042fa9b9db.qasm,1,-1,WCL,COMMUTATION_PLUS_TEMPLATES,4,120,2919017726,3072
E31-factorial-pareto-v1,e30d779040135927201fff90d6f46315f4890d2a44bf2efdd94e130843847b5e,674,2464d1d531032a71c2947e9e8abd2b6b84de9fc6f048239944ee9357097365e8,0639b3b3f7a5228332fd6ea0cb7de6e464b224d886d779e81c774cab81bfce25,adder_6,Adder,7,0639b3b3f7a5228332fd6ea0cb7de6e464b224d886d779e81c774cab81bfce25,data/v10/prepaper/sota/inputs/qasm/t03_028_adder_6_0639b3b3f7a5.qasm,2,1,WCL,COMMUTATION_PLUS_TEMPLATES,64,120,2487808931,3072
E31-factorial-pareto-v1,2863aeb6a635d1c37a3611b87eea82726317ddb2a31a34c12957dd0e6411edba,675,2464d1d531032a71c2947e9e8abd2b6b84de9fc6f048239944ee9357097365e8,adb7f9987b9b0c05e801b5fd0511f99788c5efa1cba7a076de804d89d6620b85,qwalk_3,QuantumWalk,4,adb7f9987b9b0c05e801b5fd0511f99788c5efa1cba7a076de804d89d6620b85,data/v10/prepaper/sota/inputs/qasm/t08_002_qwalk_3_adb7f9987b9b.qasm,1,1,LBL,COMMUTATION_ONLY,64,120,2080893034,3072
E31-factorial-pareto-v1,3da801dd8c196b9bcdc644f93f11288ae6fcce89f31ddcf3c50e9a3f5b2aeac9,676,2464d1d531032a71c2947e9e8abd2b6b84de9fc6f048239944ee9357097365e8,a184604fe8e9fff65d7fc4b04a0374176884155f49835fc64a3e78eeea2e3335,iqp_4,IQP,4,a184604fe8e9fff65d7fc4b04a0374176884155f49835fc64a3e78eeea2e3335,data/v10/prepaper/sota/inputs/qasm/t00_013_iqp_4_a184604fe8e9.qasm,1,1,RANDOM_TOPOLOGICAL,COMMUTATION_PLUS_TEMPLATES,4,10,1863089442,3072
E31-factorial-pareto-v1,053cf0f24e02bdb57c2c51a0905443a735b734949c267e5b8019ae5017d2bee6,693,2464d1d531032a71c2947e9e8abd2b6b84de9fc6f048239944ee9357097365e8,8e6db4fdd8b1e74adfbeaf694b8f894260e2dc63ceccc8e39646673ee43949df,qaoa_line_6,QAOA,6,8e6db4fdd8b1e74adfbeaf694b8f894260e2dc63ceccc8e39646673ee43949df,data/v10/prepaper/sota/inputs/qasm/t06_024_qaoa_line_6_8e6db4fdd8b1.qasm,1,-1,LBL,COMMUTATION_PLUS_TEMPLATES,16,120,1676827581,3072
E31-factorial-pareto-v1,6b0a4f9f7539aaa22260a14abe3329b925dc31cb0d41523e6f86d29a57492c31,698,2464d1d531032a71c2947e9e8abd2b6b84de9fc6f048239944ee9357097365e8,1db722a4ab864b09920242db5924585ffb2e655a8900901ff640e894a1a58a2d,surface_code_5,SurfaceCode,6,1db722a4ab864b09920242db5924585ffb2e655a8900901ff640e894a1a58a2d,data/v10/prepaper/sota/inputs/qasm/t05_019_surface_code_5_1db722a4ab86.qasm,2,-1,LBL,COMMUTATION_ONLY,64,10,1972662875,3072
E31-factorial-pareto-v1,92701112a93256be8648db94d26161eca4c98f6a610e089f18b8897265733402,725,2464d1d531032a71c2947e9e8abd2b6b84de9fc6f048239944ee9357097365e8,e761adf8efeac5c21762208c08429dd4686d16eb4cbc1582e6d4ebc809852f66,qft_6,QFT,6,e761adf8efeac5c21762208c08429dd4686d16eb4cbc1582e6d4ebc809852f66,data/v10/prepaper/sota/inputs/qasm/t00_020_qft_6_e761adf8efea.qasm,10,1,WCL,COMMUTATION_PLUS_TEMPLATES,16,30,1649714056,3072
E31-factorial-pareto-v1,4d39c8ec8e7c4f44f0b9b2058f03b95649aa6c8504ae451c311b955a7116e9a3,734,2464d1d531032a71c2947e9e8abd2b6b84de9fc6f048239944ee9357097365e8,1e333b11b12581118a6220fdba235f1333b716caf85326bcbcae657ee5f5010d,vqe_twolocal_8,VQE,8,1e333b11b12581118a6220fdba235f1333b716caf85326bcbcae657ee5f5010d,data/v10/prepaper/sota/inputs/qasm/t01_042_vqe_twolocal_8_1e333b11b125.qasm,1,1,RANDOM_TOPOLOGICAL,COMMUTATION_ONLY,16,120,4060679890,3072
E31-factorial-pareto-v1,ec3bbcdd0954ce12ae0252739e128497a378a6a9febaad3bfa735413fa621af3,739,2464d1d531032a71c2947e9e8abd2b6b84de9fc6f048239944ee9357097365e8,f1385dea23b197291382303ec5ddac0c2b35748e3eb579fdc7cf835943215c47,adder_4,Adder,4,f1385dea23b197291382303ec5ddac0c2b35748e3eb579fdc7cf835943215c47,data/v10/prepaper/sota/inputs/qasm/t01_011_adder_4_f1385dea23b1.qasm,1,-1,LBL,COMMUTATION_ONLY,64,30,295542805,3072
E31-factorial-pareto-v1,af0fd97a15182c94cb30917c33787d608d8ca0f6bab961241d966cb4413b7cd7,744,2464d1d531032a71c2947e9e8abd2b6b84de9fc6f048239944ee9357097365e8,be09cfe6fcb270823374495faa12de7dd56fe873b61ea5f4780fe001b3ab1ec1,qwalk_8,QuantumWalk,9,be09cfe6fcb270823374495faa12de7dd56fe873b61ea5f4780fe001b3ab1ec1,data/v10/prepaper/sota/inputs/qasm/t06_046_qwalk_8_be09cfe6fcb2.qasm,1,1,WCL,COMMUTATION_ONLY,64,30,3590844857,3072
E31-factorial-pareto-v1,9e349358d553e726c2e12615a1c4046a41bcedd95a4137ec421a8effee3747e0,746,2464d1d531032a71c2947e9e8abd2b6b84de9fc6f048239944ee9357097365e8,fbc4d3c061750bc2d5462260e0508f2ff85141dcec68e851026e02ad27734a4c,qwalk_3,QuantumWalk,4,fbc4d3c061750bc2d5462260e0508f2ff85141dcec68e851026e02ad27734a4c,data/v10/prepaper/sota/inputs/qasm/t04_002_qwalk_3_fbc4d3c06175.qasm,1,1,WCL,COMMUTATION_PLUS_TEMPLATES,64,10,733112472,3072
E31-factorial-pareto-v1,9c67ec60fed90da22aae0eb29280c647433531bc12408294092d20fe36fbf63a,751,2464d1d531032a71c2947e9e8abd2b6b84de9fc6f048239944ee9357097365e8,b4accbdc8bd4599d8f4a4a4f335254fe7d27c0867b844bb682bb307303bce702,qwalk_6,QuantumWalk,7,b4accbdc8bd4599d8f4a4a4f335254fe7d27c0867b844bb682bb307303bce702,data/v10/prepaper/sota/inputs/qasm/t00_029_qwalk_6_b4accbdc8bd4.qasm,1,1,RANDOM_TOPOLOGICAL,COMMUTATION_PLUS_TEMPLATES,4,10,447485723,3072
E31-factorial-pareto-v1,5fb814126ab9004e787c3567182c3afa9b557e8bdc88b19d318181a7e0823b10,752,2464d1d531032a71c2947e9e8abd2b6b84de9fc6f048239944ee9357097365e8,3cb9f2651afb8f2f779991fabaa51b5b5213c87aadc3075b406a14441a8d4cdd,clifford_8,RandomClifford,8,3cb9f2651afb8f2f779991fabaa51b5b5213c87aadc3075b406a14441a8d4cdd,data/v10/prepaper/sota/inputs/qasm/t00_048_clifford_8_3cb9f2651afb.qasm,1,-1,RANDOM_TOPOLOGICAL,COMMUTATION_PLUS_TEMPLATES,64,10,4262882402,3072
E31-factorial-pareto-v1,d062ae7964b2fa61d8a83833915975d7b4847809ab20f7709d68a19cf322a92a,773,2464d1d531032a71c2947e9e8abd2b6b84de9fc6f048239944ee9357097365e8,6d3b95d34d14070b7343cb878e296c782e0bb8553754324f96aa3678075d10e1,uccsd_8,UCCSD_inspired,8,6d3b95d34d14070b7343cb878e296c782e0bb8553754324f96aa3678075d10e1,data/v10/prepaper/sota/inputs/qasm/t05_050_uccsd_8_6d3b95d34d14.qasm,1,-1,RANDOM_TOPOLOGICAL,COMMUTATION_PLUS_TEMPLATES,16,30,3778701179,3072
E31-factorial-pareto-v1,28377a3f127d13b759e365034002b317221e55415815797f616e4214e04c1af5,788,2464d1d531032a71c2947e9e8abd2b6b84de9fc6f048239944ee9357097365e8,351812e2422dea6a191df1adc81100a4fd431345cee8a8a72b1f7b04de1a0395,bv_5,Oracle,6,351812e2422dea6a191df1adc81100a4fd431345cee8a8a72b1f7b04de1a0395,data/v10/prepaper/sota/inputs/qasm/t00_017_bv_5_351812e2422d.qasm,1,1,RANDOM_TOPOLOGICAL,COMMUTATION_PLUS_TEMPLATES,16,120,1716466981,3072
E31-factorial-pareto-v1,98f5531b6916adb9f11040a71e7b2762a49d5d631ef6aae735895a8e89373c5a,802,2464d1d531032a71c2947e9e8abd2b6b84de9fc6f048239944ee9357097365e8,08654d0b844c66f30029c8c41a7a668b9899dc14c7c9d5a5445fa5df75b6a5f4,surface_code_5,SurfaceCode,6,08654d0b844c66f30029c8c41a7a668b9899dc14c7c9d5a5445fa5df75b6a5f4,data/v10/prepaper/sota/inputs/qasm/t02_019_surface_code_5_08654d0b844c.qasm,1,1,WCL,COMMUTATION_PLUS_TEMPLATES,64,1,2302038056,3072
E31-factorial-pareto-v1,e49ac43f405e85dda0f1e17ceca48843403d100e97169731e95b65dc15d98a2b,814,2464d1d531032a71c2947e9e8abd2b6b84de9fc6f048239944ee9357097365e8,887988d6755fe3aeb072232cdd949704ce84134ffba601652f00a321dc5040c3,qaoa_line_8,QAOA,8,887988d6755fe3aeb072232cdd949704ce84134ffba601652f00a321dc5040c3,data/v10/prepaper/sota/inputs/qasm/t04_041_qaoa_line_8_887988d6755f.qasm,1,1,LBL,COMMUTATION_ONLY,4,10,2865774699,3072
E31-factorial-pareto-v1,31f192992d84ca98e7e9c4efa095e72ffe421b4c1d4db9da3e0fa97bdfc1120e,815,2464d1d531032a71c2947e9e8abd2b6b84de9fc6f048239944ee9357097365e8,53b73b5cd49bf304f89e5343449a253cb9005287952a8e3fd40f0f4538bd6356,vqe_twolocal_4,VQE,4,53b73b5cd49bf304f89e5343449a253cb9005287952a8e3fd40f0f4538bd6356,data/v10/prepaper/sota/inputs/qasm/t04_008_vqe_twolocal_4_53b73b5cd49b.qasm,1,-1,RANDOM_TOPOLOGICAL,COMMUTATION_PLUS_TEMPLATES,4,30,209195661,3072
E31-factorial-pareto-v1,5c3d68aea115c68a1163d148c6f6256e36a0ddc25fe3e15699e75841e5752606,821,2464d1d531032a71c2947e9e8abd2b6b84de9fc6f048239944ee9357097365e8,469f3c49f6eef6fbc27961be39affa9dd7a346b81fe5a14dbe7113d65cab2cb2,iqp_6,IQP,6,469f3c49f6eef6fbc27961be39affa9dd7a346b81fe5a14dbe7113d65cab2cb2,data/v10/prepaper/sota/inputs/qasm/t03_030_iqp_6_469f3c49f6ee.qasm,1,-1,WCL,COMMUTATION_PLUS_TEMPLATES,16,10,1029194919,3072
E31-factorial-pareto-v1,e7767736b5b348fc03fe1d892ccefddca376ed62d6350c258f2c8cd1372e5bf8,833,2464d1d531032a71c2947e9e8abd2b6b84de9fc6f048239944ee9357097365e8,f1bbfe2c5554ef1e3780c3589fe5016e2871845659c086dd38a099ad9bd9415e,surface_code_6,SurfaceCode,7,f1bbfe2c5554ef1e3780c3589fe5016e2871845659c086dd38a099ad9bd9415e,data/v10/prepaper/sota/inputs/qasm/t07_032_surface_code_6_f1bbfe2c5554.qasm,1,-1,WCL,COMMUTATION_ONLY,4,120,781821997,3072
E31-factorial-pareto-v1,86498c95b1a506818d7dffb924007404b6bc47d7ee67c4cd7e157ad994b7511a,835,2464d1d531032a71c2947e9e8abd2b6b84de9fc6f048239944ee9357097365e8,c03a59f09d1814f61e8886ce6c504c04c0bf89965ff911746bb96e21e9cd570c,surface_code_7,SurfaceCode,8,c03a59f09d1814f61e8886ce6c504c04c0bf89965ff911746bb96e21e9cd570c,data/v10/prepaper/sota/inputs/qasm/t00_036_surface_code_7_c03a59f09d18.qasm,1,1,RANDOM_TOPOLOGICAL,COMMUTATION_PLUS_TEMPLATES,64,30,2463150380,3072
E31-factorial-pareto-v1,75b66aabdd4a24dc55eb0012bacb60b4dab9e2342893268582c992f1bb6ac1af,838,2464d1d531032a71c2947e9e8abd2b6b84de9fc6f048239944ee9357097365e8,7b4fd106d73016d705a5586e9b761915a1ae550e15f90ea6ef09404df6cc4937,hardware_eff_8,HardwareEfficient,8,7b4fd106d73016d705a5586e9b761915a1ae550e15f90ea6ef09404df6cc4937,data/v10/prepaper/sota/inputs/qasm/t07_043_hardware_eff_8_7b4fd106d730.qasm,1,1,RANDOM_TOPOLOGICAL,COMMUTATION_ONLY,4,120,2504075872,3072
E31-factorial-pareto-v1,340d47ea63f20bae0ea004d8ead8d104e48895907d1a8270a357b06087a7443a,847,2464d1d531032a71c2947e9e8abd2b6b84de9fc6f048239944ee9357097365e8,aef180d7cfe4026d3e6db4acce1baa759ce2591ce74fa6b84d10d2c6bd83dc03,vqe_twolocal_6,VQE,6,aef180d7cfe4026d3e6db4acce1baa759ce2591ce74fa6b84d10d2c6bd83dc03,data/v10/prepaper/sota/inputs/qasm/t05_025_vqe_twolocal_6_aef180d7cfe4.qasm,1,-1,LBL,COMMUTATION_PLUS_TEMPLATES,64,10,438010834,3072
E31-factorial-pareto-v1,6180c20e9b319eb03defcd79fb476a174908a2d6ce8b0b9219c79def383bd5ad,851,2464d1d531032a71c2947e9e8abd2b6b84de9fc6f048239944ee9357097365e8,93777dbb1396f34119a3c7abd792673d63abea48eb3460371bc0edff6ad7e7d7,grover_4,Grover,4,93777dbb1396f34119a3c7abd792673d63abea48eb3460371bc0edff6ad7e7d7,data/v10/prepaper/sota/inputs/qasm/t08_010_grover_4_93777dbb1396.qasm,1,1,WCL,COMMUTATION_ONLY,4,120,2533717118,3072
E31-factorial-pareto-v1,6ff37fb597a43d77af8a44fc690e650c5b3a74af69bf1c53a326693b7c4532c8,868,2464d1d531032a71c2947e9e8abd2b6b84de9fc6f048239944ee9357097365e8,b259423cfea000395faab3e5ca8720b18bebae620bc17f21338f9ffae251d987,clifford_6,RandomClifford,6,b259423cfea000395faab3e5ca8720b18bebae620bc17f21338f9ffae251d987,data/v10/prepaper/sota/inputs/qasm/t03_031_clifford_6_b259423cfea0.qasm,1,1,RANDOM_TOPOLOGICAL,COMMUTATION_ONLY,4,120,1247541665,3072
E31-factorial-pareto-v1,79d1f009117e114fe48835936005f59a19214ce3917d1bc97d3408cd33b74b8b,872,2464d1d531032a71c2947e9e8abd2b6b84de9fc6f048239944ee9357097365e8,e0b3e1cffafcde6de2affb92f841e127bb661b6483670899f818b5dc9fe9021e,adder_8,Adder,10,e0b3e1cffafcde6de2affb92f841e127bb661b6483670899f818b5dc9fe9021e,data/v10/prepaper/sota/inputs/qasm/t08_045_adder_8_e0b3e1cffafc.qasm,1,1,WCL,COMMUTATION_ONLY,4,120,80564250,3072
E31-factorial-pareto-v1,03a0df071123878b8abca40a28c3b9310e43850857cb5b9482724a253eab2803,885,2464d1d531032a71c2947e9e8abd2b6b84de9fc6f048239944ee9357097365e8,4914698abc41ccf5c102d58cea869a0486728ed0832f0910ccf6c1306d1b49b0,bv_8,Oracle,9,4914698abc41ccf5c102d58cea869a0486728ed0832f0910ccf6c1306d1b49b0,data/v10/prepaper/sota/inputs/qasm/t08_040_bv_8_4914698abc41.qasm,1,-1,LBL,COMMUTATION_ONLY,4,30,1673346937,3072
E31-factorial-pareto-v1,45e77caf3c125a21d3ef8d814700ecb4a83259f049f3c664e7385079880debf7,893,2464d1d531032a71c2947e9e8abd2b6b84de9fc6f048239944ee9357097365e8,7b3522676d252291940c2a9e9f17d81dfc1a5077c6b697e15563a3447cfc72ab,uccsd_4,UCCSD_inspired,4,7b3522676d252291940c2a9e9f17d81dfc1a5077c6b697e15563a3447cfc72ab,data/v10/prepaper/sota/inputs/qasm/t01_016_uccsd_4_7b3522676d25.qasm,1,-1,LBL,COMMUTATION_PLUS_TEMPLATES,64,120,2230117557,3072
E31-factorial-pareto-v1,631e1e37b347cab227d2277470a770682ac26b0f9509923f97913d094f73d408,914,2464d1d531032a71c2947e9e8abd2b6b84de9fc6f048239944ee9357097365e8,fc2908d6c4fd8d02ebb288c7d8a25dc4e5b9a8036c7104236e5788bd6a0d11cd,vqe_twolocal_6,VQE,6,fc2908d6c4fd8d02ebb288c7d8a25dc4e5b9a8036c7104236e5788bd6a0d11cd,data/v10/prepaper/sota/inputs/qasm/t01_025_vqe_twolocal_6_fc2908d6c4fd.qasm,1,-1,WCL,COMMUTATION_PLUS_TEMPLATES,64,120,1647879805,3072
E31-factorial-pareto-v1,d3be3d1970e74c6f453f2f71e1e3d2eecabc1ede1a7571b4d5964582129291ff,924,2464d1d531032a71c2947e9e8abd2b6b84de9fc6f048239944ee9357097365e8,b566c5863a335453fb112204e335b3b8c73d2037c3d0809e6850d62248548ca5,qwalk_4,QuantumWalk,5,b566c5863a335453fb112204e335b3b8c73d2037c3d0809e6850d62248548ca5,data/v10/prepaper/sota/inputs/qasm/t09_012_qwalk_4_b566c5863a33.qasm,1,-1,LBL,COMMUTATION_PLUS_TEMPLATES,16,10,3827722275,3072
E31-factorial-pareto-v1,677345906083cd8dbd538c5e4c099d9907e194bcc22a2cf677eea6d32b143a7a,927,2464d1d531032a71c2947e9e8abd2b6b84de9fc6f048239944ee9357097365e8,9122b5a207a4c0a8ffeedf35af10c42a747aa84296b789e02a6bac63a0970083,hardware_eff_6,HardwareEfficient,6,9122b5a207a4c0a8ffeedf35af10c42a747aa84296b789e02a6bac63a0970083,data/v10/prepaper/sota/inputs/qasm/t00_026_hardware_eff_6_9122b5a207a4.qasm,1,-1,RANDOM_TOPOLOGICAL,COMMUTATION_ONLY,4,120,2966855207,3072
E31-factorial-pareto-v1,b31a80182f4f0a3bc3cfe6d1a6df4d739bb872c834be672ed678ea51730bcfbd,945,2464d1d531032a71c2947e9e8abd2b6b84de9fc6f048239944ee9357097365e8,48b1b2262a81838842891d34d28e8bb95c6ab5d240dc058f0b6299173c5a36fe,grover_8,Grover,8,48b1b2262a81838842891d34d28e8bb95c6ab5d240dc058f0b6299173c5a36fe,data/v10/prepaper/sota/inputs/qasm/t02_044_grover_8_48b1b2262a81.qasm,1,-1,WCL,COMMUTATION_ONLY,16,10,832147866,3072
E31-factorial-pareto-v1,7e7d45fcb04c190536ddc21f0d30cbe9f32f814f2cdedc9abac979f750bb61b0,994,2464d1d531032a71c2947e9e8abd2b6b84de9fc6f048239944ee9357097365e8,e531af1f8b94fffea8b8bce63a1597bd0985b332e393c62efb10770617f93294,hardware_eff_8,HardwareEfficient,8,e531af1f8b94fffea8b8bce63a1597bd0985b332e393c62efb10770617f93294,data/v10/prepaper/sota/inputs/qasm/t05_043_hardware_eff_8_e531af1f8b94.qasm,1,-1,WCL,COMMUTATION_ONLY,4,30,3960990612,3072
E31-factorial-pareto-v1,ab9ec9c0dce098085a3730c65751cd992b8b1da5401a4140eda85f4aaf574964,996,2464d1d531032a71c2947e9e8abd2b6b84de9fc6f048239944ee9357097365e8,a7ab9db53d4fc264f2d6a392f086a33f96e5c9b66ca7eb54d656793b0b5aeb07,vqe_twolocal_8,VQE,8,a7ab9db53d4fc264f2d6a392f086a33f96e5c9b66ca7eb54d656793b0b5aeb07,data/v10/prepaper/sota/inputs/qasm/t05_042_vqe_twolocal_8_a7ab9db53d4f.qasm,1,1,WCL,COMMUTATION_ONLY,16,10,2738256716,3072
E31-factorial-pareto-v1,124bbb50089edc90043997700441bcdf94cef4153374ff660df63f27a2960dbd,1022,2464d1d531032a71c2947e9e8abd2b6b84de9fc6f048239944ee9357097365e8,22551b784d24a75d9256bbd007b935019702d979f1a26edaef3c56d99546120b,uccsd_8,UCCSD_inspired,8,22551b784d24a75d9256bbd007b935019702d979f1a26edaef3c56d99546120b,data/v10/prepaper/sota/inputs/qasm/t00_050_uccsd_8_22551b784d24.qasm,1,-1,WCL,COMMUTATION_PLUS_TEMPLATES,16,30,1752765498,3072
E31-factorial-pareto-v1,9103752532d069e874c28225923a7d49dc544be5b98d4e1f1814afc0a0f376c8,1030,2464d1d531032a71c2947e9e8abd2b6b84de9fc6f048239944ee9357097365e8,4ac2702c1b96c4bb94104c83ed1f70861d0f3fced7f279ffff33418db3943556,iqp_4,IQP,4,4ac2702c1b96c4bb94104c83ed1f70861d0f3fced7f279ffff33418db3943556,data/v10/prepaper/sota/inputs/qasm/t07_013_iqp_4_4ac2702c1b96.qasm,1,-1,WCL,COMMUTATION_ONLY,16,10,1389043648,3072
E31-factorial-pareto-v1,a8a854a5126da6a5425763c48c53380b5f7821bc0025cdb2980030ace589cd2c,1048,2464d1d531032a71c2947e9e8abd2b6b84de9fc6f048239944ee9357097365e8,d9314ccce0f63523afe008acf2a9b627f9cd1bc22c527bfb6df0dd4c5f4c780c,clifford_8,RandomClifford,8,d9314ccce0f63523afe008acf2a9b627f9cd1bc22c527bfb6df0dd4c5f4c780c,data/v10/prepaper/sota/inputs/qasm/t02_048_clifford_8_d9314ccce0f6.qasm,1,1,WCL,COMMUTATION_PLUS_TEMPLATES,4,120,994003544,3072
E31-factorial-pareto-v1,5ad5c0664993e97c3f7c86e6a36509e42bbc3503cbb90e1d4f917c0b6d95d5d5,1055,2464d1d531032a71c2947e9e8abd2b6b84de9fc6f048239944ee9357097365e8,326af35614abc61489f1ad4018e0d4e3dedd5328f5de7283c2efd6199cf76236,hardware_eff_8,HardwareEfficient,8,326af35614abc61489f1ad4018e0d4e3dedd5328f5de7283c2efd6199cf76236,data/v10/prepaper/sota/inputs/qasm/t09_043_hardware_eff_8_326af35614ab.qasm,1,-1,RANDOM_TOPOLOGICAL,COMMUTATION_PLUS_TEMPLATES,64,120,4120906806,3072
E31-factorial-pareto-v1,a4fb360d0001f78cb66fc977ae5d5fec8c674c16e0e9188a20000abec85dea65,1062,2464d1d531032a71c2947e9e8abd2b6b84de9fc6f048239944ee9357097365e8,da3d5d211a834bc0eae3944ac1de0713b7822563ca9f58d191717e39618f430e,uccsd_6,UCCSD_inspired,6,da3d5d211a834bc0eae3944ac1de0713b7822563ca9f58d191717e39618f430e,data/v10/prepaper/sota/inputs/qasm/t05_033_uccsd_6_da3d5d211a83.qasm,1,1,LBL,COMMUTATION_ONLY,16,30,111124274,3072
E31-factorial-pareto-v1,53cabc65f1c28b975539421ce474acff7c99d521484e139776a82b39502dc5bb,1064,2464d1d531032a71c2947e9e8abd2b6b84de9fc6f048239944ee9357097365e8,de948303c9c984b841388b3aa67f077ef51521bf18b9a003b8ea79b973958b75,vqe_twolocal_4,VQE,4,de948303c9c984b841388b3aa67f077ef51521bf18b9a003b8ea79b973958b75,data/v10/prepaper/sota/inputs/qasm/t08_008_vqe_twolocal_4_de948303c9c9.qasm,1,1,WCL,COMMUTATION_PLUS_TEMPLATES,64,30,3414088803,3072
E31-factorial-pareto-v1,6edce557fef3b107dcbd4ddc43e26e45e9fefd9bf2defd3141a0fb98cda33590,1067,2464d1d531032a71c2947e9e8abd2b6b84de9fc6f048239944ee9357097365e8,f1284efd15a9080f1c608580385172943d833e7426babe23f2a385b344fca9ac,qwalk_6,QuantumWalk,7,f1284efd15a9080f1c608580385172943d833e7426babe23f2a385b344fca9ac,data/v10/prepaper/sota/inputs/qasm/t08_029_qwalk_6_f1284efd15a9.qasm,1,-1,LBL,COMMUTATION_PLUS_TEMPLATES,16,10,3506442971,3072
E31-factorial-pareto-v1,7cf8408e2041c9a9c969a3ffa59bbcec55c356c09a1f1ac10cf973e7a1fc5fbe,1069,2464d1d531032a71c2947e9e8abd2b6b84de9fc6f048239944ee9357097365e8,948333538f192e047cf807ea8eaf140facd1c784484d67f3d731205abea6929e,qwalk_5,QuantumWalk,6,948333538f192e047cf807ea8eaf140facd1c784484d67f3d731205abea6929e,data/v10/prepaper/sota/inputs/qasm/t03_018_qwalk_5_948333538f19.qasm,1,1,RANDOM_TOPOLOGICAL,COMMUTATION_ONLY,4,120,69133242,3072
E31-factorial-pareto-v1,06e4b40b7c9a808bd3f4cf8d58b8e5305fd8bdcb84a2fdd14d3517039a312c03,1081,2464d1d531032a71c2947e9e8abd2b6b84de9fc6f048239944ee9357097365e8,08d1f72d01ec4aea7a1db3a931475f5b6dec3dbcbae9f261b9ca622d0598111e,qwalk_4,QuantumWalk,5,08d1f72d01ec4aea7a1db3a931475f5b6dec3dbcbae9f261b9ca622d0598111e,data/v10/prepaper/sota/inputs/qasm/t02_012_qwalk_4_08d1f72d01ec.qasm,1,-1,WCL,COMMUTATION_PLUS_TEMPLATES,16,30,1527504912,3072
E31-factorial-pareto-v1,449421b3a398683195ef20e90abf6273ec9bb5062715c1321da5221826e8fbca,1091,2464d1d531032a71c2947e9e8abd2b6b84de9fc6f048239944ee9357097365e8,b98a3363c993ad5edbd737590039c24e4937feb19e9844969467b91522d86dd8,bv_6,Oracle,7,b98a3363c993ad5edbd737590039c24e4937feb19e9844969467b91522d86dd8,data/v10/prepaper/sota/inputs/qasm/t07_023_bv_6_b98a3363c993.qasm,1,-1,WCL,COMMUTATION_PLUS_TEMPLATES,64,1,2751300349,3072
E31-factorial-pareto-v1,c686abb806ea91154af4922c38832da4b38957efc8750776197164fad62f9076,1092,2464d1d531032a71c2947e9e8abd2b6b84de9fc6f048239944ee9357097365e8,b1eea75a6b9b0df65f92fc8a6cc335196d0e181b16f0295c85e61c1ab5bcff75,bv_5,Oracle,6,b1eea75a6b9b0df65f92fc8a6cc335196d0e181b16f0295c85e61c1ab5bcff75,data/v10/prepaper/sota/inputs/qasm/t03_017_bv_5_b1eea75a6b9b.qasm,1,-1,RANDOM_TOPOLOGICAL,COMMUTATION_ONLY,64,10,1161606806,3072
E31-factorial-pareto-v1,72e0ea6e704fbfb5e34d4f71f665f87c37ff56b8a14514122e9a44095bf8f832,1097,2464d1d531032a71c2947e9e8abd2b6b84de9fc6f048239944ee9357097365e8,587577f385cf54a3edd3cc639b3ac8cc5aa139f2ef414827515ddc7be4c12104,ghz_8,GHZ,8,587577f385cf54a3edd3cc639b3ac8cc5aa139f2ef414827515ddc7be4c12104,data/v10/prepaper/sota/inputs/qasm/t00_038_ghz_8_587577f385cf.qasm,10,1,RANDOM_TOPOLOGICAL,COMMUTATION_ONLY,16,10,3183027487,3072
E31-factorial-pareto-v1,291f1a99bfe156ffdeaed3ea993f2deae3b6e96465063a0cad115d45fa996595,1112,2464d1d531032a71c2947e9e8abd2b6b84de9fc6f048239944ee9357097365e8,b2b8ea4ed9aecdcfd921ea28cb16d178c46018000c9dec2eead95b2c37123b51,hardware_eff_4,HardwareEfficient,4,b2b8ea4ed9aecdcfd921ea28cb16d178c46018000c9dec2eead95b2c37123b51,data/v10/prepaper/sota/inputs/qasm/t08_009_hardware_eff_4_b2b8ea4ed9ae.qasm,1,1,RANDOM_TOPOLOGICAL,COMMUTATION_ONLY,4,120,568984984,3072
E31-factorial-pareto-v1,54b643373e60da850fafcb1e9c6467c53bead48f50b2de1e293f37bd6339a617,1153,2464d1d531032a71c2947e9e8abd2b6b84de9fc6f048239944ee9357097365e8,71d778addd8ccb7f497d5f93f4f8f4243fe3239acec2e394b798baf7763c879e,clifford_6,RandomClifford,6,71d778addd8ccb7f497d5f93f4f8f4243fe3239acec2e394b798baf7763c879e,data/v10/prepaper/sota/inputs/qasm/t01_031_clifford_6_71d778addd8c.qasm,1,-1,WCL,COMMUTATION_PLUS_TEMPLATES,16,10,508824792,3072
E31-factorial-pareto-v1,d337db14f2538f3c29e1759229d074d82601efeb2e45673107c466a6815ffe74,1224,2464d1d531032a71c2947e9e8abd2b6b84de9fc6f048239944ee9357097365e8,5ead28e37038eedb416b5fe421b9e506b37e9503475ca2360ad0cdb94409277f,qwalk_3,QuantumWalk,4,5ead28e37038eedb416b5fe421b9e506b37e9503475ca2360ad0cdb94409277f,data/v10/prepaper/sota/inputs/qasm/t03_002_qwalk_3_5ead28e37038.qasm,1,1,WCL,COMMUTATION_PLUS_TEMPLATES,4,1,1045342101,3072
E31-factorial-pareto-v1,a2d29eab34f9b51586ea8db43ed34791ada5066abcca4ebab1ad6924de1dc78f,1243,2464d1d531032a71c2947e9e8abd2b6b84de9fc6f048239944ee9357097365e8,5c672ebce573529c490baac76666f3d7035c91d1a2552a4c883752c77353c5da,qaoa_line_4,QAOA,4,5c672ebce573529c490baac76666f3d7035c91d1a2552a4c883752c77353c5da,data/v10/prepaper/sota/inputs/qasm/t09_007_qaoa_line_4_5c672ebce573.qasm,1,-1,RANDOM_TOPOLOGICAL,COMMUTATION_ONLY,16,30,3319759463,3072
E31-factorial-pareto-v1,afcaeb664576ec4215a1fea3a5ce34b4219875e45f82f39fb5657c16398c6efd,1244,2464d1d531032a71c2947e9e8abd2b6b84de9fc6f048239944ee9357097365e8,0beefbe297b32dc9ec283501ebd271f6102e615e89859d51183e5d935cb94f45,qwalk_3,QuantumWalk,4,0beefbe297b32dc9ec283501ebd271f6102e615e89859d51183e5d935cb94f45,data/v10/prepaper/sota/inputs/qasm/t00_002_qwalk_3_0beefbe297b3.qasm,1,1,RANDOM_TOPOLOGICAL,COMMUTATION_ONLY,16,10,169745156,3072
E31-factorial-pareto-v1,a42ed41b0480275b23159ed920dc76770bfcdc0a3096b6d0f356f9a8b1d4f658,1249,2464d1d531032a71c2947e9e8abd2b6b84de9fc6f048239944ee9357097365e8,2bee44a161fa6c431fbd0ee8af1ba0d00e29dddddd1803be82a2bf7ca95465b8,grover_6,Grover,6,2bee44a161fa6c431fbd0ee8af1ba0d00e29dddddd1803be82a2bf7ca95465b8,data/v10/prepaper/sota/inputs/qasm/t03_027_grover_6_2bee44a161fa.qasm,2,-1,LBL,COMMUTATION_PLUS_TEMPLATES,64,30,2054002193,3072
E31-factorial-pareto-v1,ef6f33fc695209e38b92126a2e606ad18e930671feb6ba4eaf9950edae525160,1280,2464d1d531032a71c2947e9e8abd2b6b84de9fc6f048239944ee9357097365e8,c838d74688b6214d2871ed53c97174482edaa079269b7f347a8a6bf095e67a70,qaoa_line_4,QAOA,4,c838d74688b6214d2871ed53c97174482edaa079269b7f347a8a6bf095e67a70,data/v10/prepaper/sota/inputs/qasm/t03_007_qaoa_line_4_c838d74688b6.qasm,1,-1,RANDOM_TOPOLOGICAL,COMMUTATION_ONLY,64,30,3236078506,3072
E31-factorial-pareto-v1,3558eb432bedb251a50f4f42f45d3b52f1ba20a47f86c9171da6aa9142965919,1318,2464d1d531032a71c2947e9e8abd2b6b84de9fc6f048239944ee9357097365e8,1f7ce6e1ac59964310bdbd87991235d720efcce0cd2bcfa26c140ef95e59e2e8,hardware_eff_4,HardwareEfficient,4,1f7ce6e1ac59964310bdbd87991235d720efcce0cd2bcfa26c140ef95e59e2e8,data/v10/prepaper/sota/inputs/qasm/t03_009_hardware_eff_4_1f7ce6e1ac59.qasm,1,1,LBL,COMMUTATION_ONLY,4,10,1058258947,3072
E31-factorial-pareto-v1,c987bfd8646524ced880231ee1af0e61b58eea6155b1038e36c16f3f36248c43,1351,2464d1d531032a71c2947e9e8abd2b6b84de9fc6f048239944ee9357097365e8,6198918025e9d52620fa49da1e8fc24880b8cdf9ed5759f2b77490edd5060dc2,uccsd_4,UCCSD_inspired,4,6198918025e9d52620fa49da1e8fc24880b8cdf9ed5759f2b77490edd5060dc2,data/v10/prepaper/sota/inputs/qasm/t09_016_uccsd_4_6198918025e9.qasm,1,1,LBL,COMMUTATION_ONLY,4,1,2876162508,3072
E31-factorial-pareto-v1,3a9bc69493bf95e23d5e309c08c2758e0176fbbb27065e3d7691fb5102fe480e,1378,2464d1d531032a71c2947e9e8abd2b6b84de9fc6f048239944ee9357097365e8,d666adb13ce66e444e16398e08fd2d7d2169fcc728eb154e78b91f40918df82c,bv_4,Oracle,5,d666adb13ce66e444e16398e08fd2d7d2169fcc728eb154e78b91f40918df82c,data/v10/prepaper/sota/inputs/qasm/t06_006_bv_4_d666adb13ce6.qasm,1,1,WCL,COMMUTATION_PLUS_TEMPLATES,16,120,2533786929,3072
E31-factorial-pareto-v1,0a9c5d7594671fc6e8d7574c908063fdfb0f4be787e834504ac2c9078b2fb2fe,1418,2464d1d531032a71c2947e9e8abd2b6b84de9fc6f048239944ee9357097365e8,9a041e65e0425acb6f1da0991581cf3416dbc278e761b7a398593dbb6f7ed442,qwalk_7,QuantumWalk,8,9a041e65e0425acb6f1da0991581cf3416dbc278e761b7a398593dbb6f7ed442,data/v10/prepaper/sota/inputs/qasm/t02_035_qwalk_7_9a041e65e042.qasm,1,1,WCL,COMMUTATION_ONLY,64,120,3548781564,3072
E31-factorial-pareto-v1,60f0e4e5b317335bcaef9db5e18a4fc2e23b303020609a3ee03382305eb82209,1485,2464d1d531032a71c2947e9e8abd2b6b84de9fc6f048239944ee9357097365e8,cc5fe9a32e955a3c62cf12c58fdd8fe6ea17b2a383a2d9c22c7b0c1576080d57,bv_6,Oracle,7,cc5fe9a32e955a3c62cf12c58fdd8fe6ea17b2a383a2d9c22c7b0c1576080d57,data/v10/prepaper/sota/inputs/qasm/t02_023_bv_6_cc5fe9a32e95.qasm,1,1,RANDOM_TOPOLOGICAL,COMMUTATION_ONLY,16,10,414886933,3072
E31-factorial-pareto-v1,9ff89b38ddf69595340006d909de2e1d1e0c8623c77653c0c0d18c7222c1c469,1527,2464d1d531032a71c2947e9e8abd2b6b84de9fc6f048239944ee9357097365e8,15085463bb9acfc3d3c2fcc7416945689cf8dbdf38ee63960843c17c716d519e,surface_code_8,SurfaceCode,9,15085463bb9acfc3d3c2fcc7416945689cf8dbdf38ee63960843c17c716d519e,data/v10/prepaper/sota/inputs/qasm/t00_049_surface_code_8_15085463bb9a.qasm,1,1,WCL,COMMUTATION_PLUS_TEMPLATES,16,10,4035648868,3072
E31-factorial-pareto-v1,22311aef3a7ad8d9d7b0447c71781f1c697c9bf634e99d1ec7d73d29dae95f9f,1545,2464d1d531032a71c2947e9e8abd2b6b84de9fc6f048239944ee9357097365e8,fd904e687f3606b7bbc5cd8c5f015303fb63612af2cc5137bd4ac9367a00f3f1,hardware_eff_6,HardwareEfficient,6,fd904e687f3606b7bbc5cd8c5f015303fb63612af2cc5137bd4ac9367a00f3f1,data/v10/prepaper/sota/inputs/qasm/t09_026_hardware_eff_6_fd904e687f36.qasm,1,1,WCL,COMMUTATION_PLUS_TEMPLATES,16,10,1528513691,3072
E31-factorial-pareto-v1,d7e8b778c6465703e935ccff0243c4b1f0364dd99997c993ce46484529381978,1705,2464d1d531032a71c2947e9e8abd2b6b84de9fc6f048239944ee9357097365e8,ae182db40b924159285ac8bdf3845f1ffd37b35456f942ececf2ce981152b240,hardware_eff_6,HardwareEfficient,6,ae182db40b924159285ac8bdf3845f1ffd37b35456f942ececf2ce981152b240,data/v10/prepaper/sota/inputs/qasm/t05_026_hardware_eff_6_ae182db40b92.qasm,1,-1,LBL,COMMUTATION_ONLY,4,1,1020143147,3072
E31-factorial-pareto-v1,858481b88a8cc2be63655b0ec39eacdbc8ae986fdcc32ad932b592844860a2fd,1718,2464d1d531032a71c2947e9e8abd2b6b84de9fc6f048239944ee9357097365e8,40b8a20d828582d60cc0a21652298c67f1af38c18b2ccf8811937d13a9714a38,iqp_8,IQP,8,40b8a20d828582d60cc0a21652298c67f1af38c18b2ccf8811937d13a9714a38,data/v10/prepaper/sota/inputs/qasm/t06_047_iqp_8_40b8a20d8285.qasm,1,1,LBL,COMMUTATION_ONLY,64,10,1387967045,3072
E31-factorial-pareto-v1,5515cb0eb91490bd6ffa81eb579b4e3a8bd418fbe7f9953809dffce2cdf56205,2123,2464d1d531032a71c2947e9e8abd2b6b84de9fc6f048239944ee9357097365e8,ea73428471a9248638dd006062cec1db6ccaa07e8d43e75ef1c93ebe8cdb08c1,bv_6,Oracle,7,ea73428471a9248638dd006062cec1db6ccaa07e8d43e75ef1c93ebe8cdb08c1,data/v10/prepaper/sota/inputs/qasm/t06_023_bv_6_ea73428471a9.qasm,1,-1,RANDOM_TOPOLOGICAL,COMMUTATION_PLUS_TEMPLATES,4,1,3545849878,3072
E31-factorial-pareto-v1,a2ec4541f49915b51e2f345e64320cc45141903e5392d2db8f0ff428681d118a,2275,2464d1d531032a71c2947e9e8abd2b6b84de9fc6f048239944ee9357097365e8,ab626155e296fef5bbc2642087791bce56ed006287bde666542289458665c89d,grover_8,Grover,8,ab626155e296fef5bbc2642087791bce56ed006287bde666542289458665c89d,data/v10/prepaper/sota/inputs/qasm/t05_044_grover_8_ab626155e296.qasm,1,-1,RANDOM_TOPOLOGICAL,COMMUTATION_ONLY,16,10,553754145,3072
