{
  "3": 0.7368700875330717,
  "4": 1.3352674414452248,
  "5": 1.6671848624978465,
  "6": 2.2977470421362423,
  "7": 2.6470354850930833,
  "8": 3.2815271907217918,
  "9": 3.642605709791369,
  "10": 4.280713512228697
}