experiment,n_records,n_qubits_range,depth_range,mean_reduction_pct,std_reduction_pct,mean_fidelity,mean_runtime_ms,best_optimizer
E1,25000,5-5,1-50,0.0000,0.0000,1.000000,3.34,N/A
E2,2100,6-6,20-20,0.0000,0.0000,1.000000,3.30,N/A
E3,12000,3-10,1-30,0.0000,0.0000,1.000000,2.85,N/A
E4,400,5-5,15-15,0.0067,0.1333,1.000000,2660.21,ga
E5,6000,5-5,3-20,0.2161,1.1912,1.000000,1.30,N/A
E10,627,3-5,3-20,1.9968,9.8581,1.000000,17.17,hybrid_phase1_2
E11,168,3-11,3-36,11.4800,29.9555,1.000000,528.79,hybrid_phase1_2
E12,224,3-11,3-36,23.4206,32.2855,1.000000,6.21,none
E13,56,3-11,3-36,N/A,N/A,N/A,N/A,N/A
