schema_version,experiment_id,run_id,timestamp_utc,circuit_id,circuit_family,n_qubits,original_gate_count,optimized_gate_count,gate_reduction,gate_reduction_pct,original_depth,optimized_depth,depth_reduction,original_2q_gates,optimized_2q_gates,two_qubit_reduction,original_cnot,optimized_cnot,cnot_reduction,original_t_count,optimized_t_count,t_count_reduction,fidelity,compilation_time_seconds,compiler_name,compiler_backend,compiler_version,optimization_level,compiler_status,seed,trial,source_file,source_sha256,input_circuit_sha256,output_circuit_sha256,notes
2.1.0,MC-E20,e20_full_20260721_150753,2026-07-21T15:08:01.238132+00:00,qft_4,QFT,4,10,10.0,0.0,0.0,7,7.0,0.0,6,6.0,0.0,0,0.0,0.0,0,0.0,0.0,0.9999999999999988,0.0365581512451171,qiskit,transpiler,2.4.1,3,ok,42,0,experiments/e20_multi_compiler_full/run.py,cf4c43a166f171d450e24f2ab51c9325507d5960589b926a114eb25d926116c5,ec754f7e3892ee8ca405ace36ffa2cf3d8489863d2f83852f623de773dd94b1e,001408f6c8b62c5aa1e72c56729dcc2520332ae2954b17daf86162a5a4f46ac6,
2.1.0,MC-E20,e20_full_20260721_150753,2026-07-21T15:08:01.417304+00:00,qft_4,QFT,4,10,,,,7,,,6,,,0,,,0,,,,0.1791720390319824,cirq,optimize_for_target_gateset+eject_z+merge_1q,1.6.1,default,"error: ""<input>:17,0: 'sx' is not defined in this scope""",42,0,experiments/e20_multi_compiler_full/run.py,cf4c43a166f171d450e24f2ab51c9325507d5960589b926a114eb25d926116c5,ec754f7e3892ee8ca405ace36ffa2cf3d8489863d2f83852f623de773dd94b1e,none,
2.1.0,MC-E20,e20_full_20260721_150753,2026-07-21T15:08:01.700262+00:00,qft_4,QFT,4,10,31.0,-2.1,-210.0,7,19.0,-1.7142857142857144,6,12.0,-1.0,0,12.0,0.0,0,0.0,0.0,1.0,0.2829575538635254,tket,FullPeepholeOptimise,2.18.0,default,ok,42,0,experiments/e20_multi_compiler_full/run.py,cf4c43a166f171d450e24f2ab51c9325507d5960589b926a114eb25d926116c5,ec754f7e3892ee8ca405ace36ffa2cf3d8489863d2f83852f623de773dd94b1e,1c29c769144f94e13e3a392f195ebc1c6cfc77bad3bffa3aa293760f9e7c4679,
2.1.0,MC-E20,e20_full_20260721_150753,2026-07-21T15:08:01.731419+00:00,ghz_4,GHZ,4,4,4.0,0.0,0.0,4,4.0,0.0,3,3.0,0.0,3,3.0,0.0,0,0.0,0.0,0.9999999999999996,0.0082519054412841,qiskit,transpiler,2.4.1,3,ok,42,0,experiments/e20_multi_compiler_full/run.py,cf4c43a166f171d450e24f2ab51c9325507d5960589b926a114eb25d926116c5,632a65a86fd9bfab17ccedbd10b32b45490cc33030a23af0d675ad3e8ad7a445,632a65a86fd9bfab17ccedbd10b32b45490cc33030a23af0d675ad3e8ad7a445,
2.1.0,MC-E20,e20_full_20260721_150753,2026-07-21T15:08:01.747545+00:00,ghz_4,GHZ,4,4,5.0,-0.25,-25.0,4,5.0,-0.25,3,3.0,0.0,3,3.0,0.0,0,0.0,0.0,0.9999999999999996,0.012169599533081,cirq,optimize_for_target_gateset+eject_z+merge_1q,1.6.1,default,ok,42,0,experiments/e20_multi_compiler_full/run.py,cf4c43a166f171d450e24f2ab51c9325507d5960589b926a114eb25d926116c5,632a65a86fd9bfab17ccedbd10b32b45490cc33030a23af0d675ad3e8ad7a445,06491f2cd8fd8193e00cd40c6bc0442b5ca960f1c6e319f098b23e2c3ef0bc78,
2.1.0,MC-E20,e20_full_20260721_150753,2026-07-21T15:08:01.836754+00:00,ghz_4,GHZ,4,4,4.0,0.0,0.0,4,4.0,0.0,3,3.0,0.0,3,3.0,0.0,0,0.0,0.0,1.0,0.073305606842041,tket,FullPeepholeOptimise,2.18.0,default,ok,42,0,experiments/e20_multi_compiler_full/run.py,cf4c43a166f171d450e24f2ab51c9325507d5960589b926a114eb25d926116c5,632a65a86fd9bfab17ccedbd10b32b45490cc33030a23af0d675ad3e8ad7a445,0ca2e20394ef52eecba8c72454ae73e952a311d06ff639876717b3ceaa156322,
2.1.0,MC-E20,e20_full_20260721_150753,2026-07-21T15:08:01.851778+00:00,cnot_chain_4,CNOT,4,24,0.0,1.0,100.0,18,0.0,1.0,24,0.0,1.0,24,0.0,1.0,0,0.0,0.0,1.0,0.0150239467620849,qiskit,transpiler,2.4.1,3,ok,42,0,experiments/e20_multi_compiler_full/run.py,cf4c43a166f171d450e24f2ab51c9325507d5960589b926a114eb25d926116c5,c15ccd1efbe0b71c21464e888a978afbe6b6cf006bd895873c7d9b8e51efbaf0,80cb67051feabb1a835727fede3367602f1e692e3ec9d1d7247266c73803bd7d,
2.1.0,MC-E20,e20_full_20260721_150753,2026-07-21T15:08:01.882108+00:00,cnot_chain_4,CNOT,4,24,24.0,0.0,0.0,18,18.0,0.0,24,24.0,0.0,24,24.0,0.0,0,0.0,0.0,1.0,0.0153851509094238,cirq,optimize_for_target_gateset+eject_z+merge_1q,1.6.1,default,ok,42,0,experiments/e20_multi_compiler_full/run.py,cf4c43a166f171d450e24f2ab51c9325507d5960589b926a114eb25d926116c5,c15ccd1efbe0b71c21464e888a978afbe6b6cf006bd895873c7d9b8e51efbaf0,1c48b34ca8afe4511d74e3b454e70aaafbcd3af62f2f6f4baaa92a9c810a5a2d,
2.1.0,MC-E20,e20_full_20260721_150753,2026-07-21T15:08:01.884112+00:00,cnot_chain_4,CNOT,4,24,0.0,1.0,100.0,18,0.0,1.0,24,0.0,1.0,24,0.0,1.0,0,0.0,0.0,1.0,0.0020046234130859,tket,FullPeepholeOptimise,2.18.0,default,ok,42,0,experiments/e20_multi_compiler_full/run.py,cf4c43a166f171d450e24f2ab51c9325507d5960589b926a114eb25d926116c5,c15ccd1efbe0b71c21464e888a978afbe6b6cf006bd895873c7d9b8e51efbaf0,80cb67051feabb1a835727fede3367602f1e692e3ec9d1d7247266c73803bd7d,
2.1.0,MC-E20,e20_full_20260721_150753,2026-07-21T15:08:01.903876+00:00,bv_4,Oracle,5,14,8.0,0.4285714285714286,42.85714285714286,6,4.0,0.3333333333333333,2,2.0,0.0,2,2.0,0.0,0,0.0,0.0,0.999999999999998,0.0065615177154541,qiskit,transpiler,2.4.1,3,ok,42,0,experiments/e20_multi_compiler_full/run.py,cf4c43a166f171d450e24f2ab51c9325507d5960589b926a114eb25d926116c5,f82545ab8dd2e124bb20b12a2943a1f6d29666837c03c9275f4c803dc1929c72,f89645b6f4d2dca8cffede4181211e446c1c7a1b8c4c5c656670a7231e0b2690,
2.1.0,MC-E20,e20_full_20260721_150753,2026-07-21T15:08:01.923483+00:00,bv_4,Oracle,5,14,12.0,0.1428571428571429,14.28571428571429,6,6.0,0.0,2,2.0,0.0,2,2.0,0.0,0,0.0,0.0,,0.0196068286895751,cirq,optimize_for_target_gateset+eject_z+merge_1q,1.6.1,default,ok,42,0,experiments/e20_multi_compiler_full/run.py,cf4c43a166f171d450e24f2ab51c9325507d5960589b926a114eb25d926116c5,f82545ab8dd2e124bb20b12a2943a1f6d29666837c03c9275f4c803dc1929c72,0289852fbdbd05c8a99d98529fac35da4e11bf75fe22ba6ad6375fd6b5734198,
2.1.0,MC-E20,e20_full_20260721_150753,2026-07-21T15:08:02.021565+00:00,bv_4,Oracle,5,14,8.0,0.4285714285714286,42.85714285714286,6,4.0,0.3333333333333333,2,2.0,0.0,2,2.0,0.0,0,0.0,0.0,0.9999999999999988,0.0859360694885253,tket,FullPeepholeOptimise,2.18.0,default,ok,42,0,experiments/e20_multi_compiler_full/run.py,cf4c43a166f171d450e24f2ab51c9325507d5960589b926a114eb25d926116c5,f82545ab8dd2e124bb20b12a2943a1f6d29666837c03c9275f4c803dc1929c72,710f6f865f1a99d94861ab7754cdcbf4a06125e5e95a0339b1330acdebca81f1,
2.1.0,MC-E20,e20_full_20260721_150753,2026-07-21T15:08:02.051348+00:00,qaoa_line_4,QAOA,4,30,30.0,0.0,0.0,18,18.0,0.0,12,12.0,0.0,12,12.0,0.0,0,0.0,0.0,1.0000000000000009,0.0105330944061279,qiskit,transpiler,2.4.1,3,ok,42,0,experiments/e20_multi_compiler_full/run.py,cf4c43a166f171d450e24f2ab51c9325507d5960589b926a114eb25d926116c5,4089615b62e2dc0c0b1b7723660abedb66020a4036e6d847a938a772d0d6172b,4089615b62e2dc0c0b1b7723660abedb66020a4036e6d847a938a772d0d6172b,
2.1.0,MC-E20,e20_full_20260721_150753,2026-07-21T15:08:02.092438+00:00,qaoa_line_4,QAOA,4,30,34.0,-0.1333333333333333,-13.33333333333333,18,19.0,-0.0555555555555555,12,12.0,0.0,12,12.0,0.0,0,0.0,0.0,0.9999999999999992,0.0253462791442871,cirq,optimize_for_target_gateset+eject_z+merge_1q,1.6.1,default,ok,42,0,experiments/e20_multi_compiler_full/run.py,cf4c43a166f171d450e24f2ab51c9325507d5960589b926a114eb25d926116c5,4089615b62e2dc0c0b1b7723660abedb66020a4036e6d847a938a772d0d6172b,857d335ecfdbbad1c0a7f3872c20e26ccd52345e40521676f0c5d7e5e25d311f,
2.1.0,MC-E20,e20_full_20260721_150753,2026-07-21T15:08:02.352128+00:00,qaoa_line_4,QAOA,4,30,28.0,0.0666666666666666,6.666666666666665,18,18.0,0.0,12,12.0,0.0,12,12.0,0.0,0,0.0,0.0,1.0000000000000009,0.2596900463104248,tket,FullPeepholeOptimise,2.18.0,default,ok,42,0,experiments/e20_multi_compiler_full/run.py,cf4c43a166f171d450e24f2ab51c9325507d5960589b926a114eb25d926116c5,4089615b62e2dc0c0b1b7723660abedb66020a4036e6d847a938a772d0d6172b,5ff593dd396043847d001d49f53ee09a40bf1611d98b98713b5e31e537eade9f,
2.1.0,MC-E20,e20_full_20260721_150753,2026-07-21T15:08:02.381189+00:00,vqe_twolocal_4,VQE,4,30,18.0,0.4,40.0,11,8.0,0.2727272727272727,6,6.0,0.0,6,6.0,0.0,0,0.0,0.0,1.0000000000000004,0.0080156326293945,qiskit,transpiler,2.4.1,3,ok,42,0,experiments/e20_multi_compiler_full/run.py,cf4c43a166f171d450e24f2ab51c9325507d5960589b926a114eb25d926116c5,70b3227aa366959beb169867fe2663d93e7dab4649ec7c28a6fdea50e5dc7a63,9e270417f6984fe07f55f939699f2c473a3028884e01e9331281490e0d45c820,
2.1.0,MC-E20,e20_full_20260721_150753,2026-07-21T15:08:02.412630+00:00,vqe_twolocal_4,VQE,4,30,30.0,0.0,0.0,11,11.0,0.0,6,6.0,0.0,6,6.0,0.0,0,0.0,0.0,1.0000000000000004,0.030832290649414,cirq,optimize_for_target_gateset+eject_z+merge_1q,1.6.1,default,ok,42,0,experiments/e20_multi_compiler_full/run.py,cf4c43a166f171d450e24f2ab51c9325507d5960589b926a114eb25d926116c5,70b3227aa366959beb169867fe2663d93e7dab4649ec7c28a6fdea50e5dc7a63,6610cf96baa326628dad8e47888640df7cfb71bdf3c377d07fe80eecf9bfca29,
2.1.0,MC-E20,e20_full_20260721_150753,2026-07-21T15:08:02.642776+00:00,vqe_twolocal_4,VQE,4,30,18.0,0.4,40.0,11,8.0,0.2727272727272727,6,6.0,0.0,6,6.0,0.0,0,0.0,0.0,1.0000000000000004,0.2274286746978759,tket,FullPeepholeOptimise,2.18.0,default,ok,42,0,experiments/e20_multi_compiler_full/run.py,cf4c43a166f171d450e24f2ab51c9325507d5960589b926a114eb25d926116c5,70b3227aa366959beb169867fe2663d93e7dab4649ec7c28a6fdea50e5dc7a63,ade02886217ddeedd35759847bd9215ce361bba7f9f18b996b5623165f918e49,
2.1.0,MC-E20,e20_full_20260721_150753,2026-07-21T15:08:02.665951+00:00,hardware_eff_4,HardwareEfficient,4,22,14.0,0.3636363636363636,36.36363636363637,8,6.0,0.25,6,6.0,0.0,6,6.0,0.0,0,0.0,0.0,1.0,0.0,qiskit,transpiler,2.4.1,3,ok,42,0,experiments/e20_multi_compiler_full/run.py,cf4c43a166f171d450e24f2ab51c9325507d5960589b926a114eb25d926116c5,32c9e772774deff17d4b957250f4893cf8bc7cbe5983475de6b326cdc1ece616,313a3be11604476aa53c23e7924a9a3f589a99b3108cce7a0e6ba5f02f8abaee,
2.1.0,MC-E20,e20_full_20260721_150753,2026-07-21T15:08:02.691753+00:00,hardware_eff_4,HardwareEfficient,4,22,22.0,0.0,0.0,8,8.0,0.0,6,6.0,0.0,6,6.0,0.0,0,0.0,0.0,0.9999999999999998,0.0218000411987304,cirq,optimize_for_target_gateset+eject_z+merge_1q,1.6.1,default,ok,42,0,experiments/e20_multi_compiler_full/run.py,cf4c43a166f171d450e24f2ab51c9325507d5960589b926a114eb25d926116c5,32c9e772774deff17d4b957250f4893cf8bc7cbe5983475de6b326cdc1ece616,a34beff44dff289a50ac6a19d73d962c549a89de0f0a9e804dcd724517df0eb8,
2.1.0,MC-E20,e20_full_20260721_150753,2026-07-21T15:08:02.896913+00:00,hardware_eff_4,HardwareEfficient,4,22,14.0,0.3636363636363636,36.36363636363637,8,6.0,0.25,6,6.0,0.0,6,6.0,0.0,0,0.0,0.0,1.0,0.2031514644622802,tket,FullPeepholeOptimise,2.18.0,default,ok,42,0,experiments/e20_multi_compiler_full/run.py,cf4c43a166f171d450e24f2ab51c9325507d5960589b926a114eb25d926116c5,32c9e772774deff17d4b957250f4893cf8bc7cbe5983475de6b326cdc1ece616,b3339e8f9324e98c6c68f65cc3a0a603f0ac2b03298c83db32bc6496bd4b83b4,
2.1.0,MC-E20,e20_full_20260721_150753,2026-07-21T15:08:02.927268+00:00,grover_4,Grover,4,26,62.0,-1.3846153846153846,-138.46153846153845,11,53.0,-3.8181818181818175,0,28.0,0.0,0,28.0,0.0,0,0.0,0.0,0.999999999999994,0.0131590366363525,qiskit,transpiler,2.4.1,3,ok,42,0,experiments/e20_multi_compiler_full/run.py,cf4c43a166f171d450e24f2ab51c9325507d5960589b926a114eb25d926116c5,4fc984c9fc66dcb6b9dc0fdd66788f8b980e178607adfe44a28f04863de6ebdc,cf11fc1e3ffc81d278ea20c83e7efd431de8b254ac6ffd312cfeb31a7ffcbc5d,"Single Grover iteration, random marked state"
2.1.0,MC-E20,e20_full_20260721_150753,2026-07-21T15:08:02.983905+00:00,grover_4,Grover,4,26,76.0,-1.923076923076923,-192.3076923076923,11,57.0,-4.181818181818182,0,28.0,0.0,0,28.0,0.0,0,0.0,0.0,0.9999999999999928,0.0457298755645751,cirq,optimize_for_target_gateset+eject_z+merge_1q,1.6.1,default,ok,42,0,experiments/e20_multi_compiler_full/run.py,cf4c43a166f171d450e24f2ab51c9325507d5960589b926a114eb25d926116c5,4fc984c9fc66dcb6b9dc0fdd66788f8b980e178607adfe44a28f04863de6ebdc,3b32dc439ee5e8528e2d7ba35ad7b0ab228b586e38952b1ab788de03d691cf0e,"Single Grover iteration, random marked state"
2.1.0,MC-E20,e20_full_20260721_150753,2026-07-21T15:08:03.688363+00:00,grover_4,Grover,4,26,64.0,-1.4615384615384617,-146.15384615384616,11,55.0,-4.0,0,28.0,0.0,0,28.0,0.0,0,0.0,0.0,0.9999999999999962,0.6924755573272705,tket,FullPeepholeOptimise,2.18.0,default,ok,42,0,experiments/e20_multi_compiler_full/run.py,cf4c43a166f171d450e24f2ab51c9325507d5960589b926a114eb25d926116c5,4fc984c9fc66dcb6b9dc0fdd66788f8b980e178607adfe44a28f04863de6ebdc,2243db2dd1191bae400897b781a072c3842c6cb2daf363f6d5cf1c6bcb36e65a,"Single Grover iteration, random marked state"
2.1.0,MC-E20,e20_full_20260721_150753,2026-07-21T15:08:03.710750+00:00,adder_4,Adder,4,6,6.0,0.0,0.0,6,6.0,0.0,2,2.0,0.0,2,2.0,0.0,0,0.0,0.0,1.0,0.0091907978057861,qiskit,transpiler,2.4.1,3,ok,42,0,experiments/e20_multi_compiler_full/run.py,cf4c43a166f171d450e24f2ab51c9325507d5960589b926a114eb25d926116c5,c2f59740e6b3e2a395683f9a2c34a12a350af985f437251f55c71e43bf23f1ab,c2f59740e6b3e2a395683f9a2c34a12a350af985f437251f55c71e43bf23f1ab,"Ripple-carry adder, random inputs"
2.1.0,MC-E20,e20_full_20260721_150753,2026-07-21T15:08:03.727465+00:00,adder_4,Adder,4,6,6.0,0.0,0.0,6,6.0,0.0,2,2.0,0.0,2,2.0,0.0,0,0.0,0.0,1.0,0.0167148113250732,cirq,optimize_for_target_gateset+eject_z+merge_1q,1.6.1,default,ok,42,0,experiments/e20_multi_compiler_full/run.py,cf4c43a166f171d450e24f2ab51c9325507d5960589b926a114eb25d926116c5,c2f59740e6b3e2a395683f9a2c34a12a350af985f437251f55c71e43bf23f1ab,a717e3dc37b0ac1acd5f29c618398430bb9c62f42b246d254c6875f08471a9f5,"Ripple-carry adder, random inputs"
2.1.0,MC-E20,e20_full_20260721_150753,2026-07-21T15:08:04.031770+00:00,adder_4,Adder,4,6,38.0,-5.333333333333333,-533.3333333333333,6,29.0,-3.833333333333333,2,18.0,-8.0,2,18.0,-8.0,0,0.0,0.0,1.0000000000000009,0.30208420753479,tket,FullPeepholeOptimise,2.18.0,default,ok,42,0,experiments/e20_multi_compiler_full/run.py,cf4c43a166f171d450e24f2ab51c9325507d5960589b926a114eb25d926116c5,c2f59740e6b3e2a395683f9a2c34a12a350af985f437251f55c71e43bf23f1ab,4d1a51ea70d8111982f2622476f49700d61dcb1a230851cf7ca3bc4ba048dce9,"Ripple-carry adder, random inputs"
2.1.0,MC-E20,e20_full_20260721_150753,2026-07-21T15:08:04.156104+00:00,qwalk_4,QuantumWalk,5,58,453.0,-6.810344827586207,-681.0344827586207,35,387.0,-10.057142857142855,6,252.0,-41.0,6,198.0,-32.0,0,36.0,0.0,0.9999999999999504,0.0113193988800048,qiskit,transpiler,2.4.1,3,ok,42,0,experiments/e20_multi_compiler_full/run.py,cf4c43a166f171d450e24f2ab51c9325507d5960589b926a114eb25d926116c5,c95317c1934c184e40a57fa5dc213e1389b9abdeedc547f0b32129d4319a1e70,67f4e89e3b72cf7f7648617573cf443f1cc9b5a757c160d5cbf0612bc9e8e0e4,"DTQW on cycle, 3 steps"
2.1.0,MC-E20,e20_full_20260721_150753,2026-07-21T15:08:04.457359+00:00,qwalk_4,QuantumWalk,5,58,,,,35,,,6,,,6,,,0,,,,0.3012552261352539,cirq,optimize_for_target_gateset+eject_z+merge_1q,1.6.1,default,"error: ""<input>:27,0: 'sx' is not defined in this scope""",42,0,experiments/e20_multi_compiler_full/run.py,cf4c43a166f171d450e24f2ab51c9325507d5960589b926a114eb25d926116c5,c95317c1934c184e40a57fa5dc213e1389b9abdeedc547f0b32129d4319a1e70,none,"DTQW on cycle, 3 steps"
2.1.0,MC-E20,e20_full_20260721_150753,2026-07-21T15:08:11.377647+00:00,qwalk_4,QuantumWalk,5,58,686.0,-10.827586206896552,-1082.7586206896551,35,534.0,-14.257142857142858,6,330.0,-54.0,6,330.0,-54.0,0,0.0,0.0,0.9999999999999716,6.819021463394165,tket,FullPeepholeOptimise,2.18.0,default,ok,42,0,experiments/e20_multi_compiler_full/run.py,cf4c43a166f171d450e24f2ab51c9325507d5960589b926a114eb25d926116c5,c95317c1934c184e40a57fa5dc213e1389b9abdeedc547f0b32129d4319a1e70,0a870b7070fb927a92ec8e1d03d24df6344ac1fe44123446f46e37e3082e8eb8,"DTQW on cycle, 3 steps"
2.1.0,MC-E20,e20_full_20260721_150753,2026-07-21T15:08:11.405816+00:00,iqp_4,IQP,4,15,4.0,0.7333333333333334,73.33333333333334,4,1.0,0.75,0,0.0,0.0,0,0.0,0.0,0,0.0,0.0,0.9999999999999984,0.0,qiskit,transpiler,2.4.1,3,ok,42,0,experiments/e20_multi_compiler_full/run.py,cf4c43a166f171d450e24f2ab51c9325507d5960589b926a114eb25d926116c5,a184604fe8e9fff65d7fc4b04a0374176884155f49835fc64a3e78eeea2e3335,f714298b78b0769194aa96e1b4a61f4a0c7c7f9c64a0b1253689c3fd493e7c1c,"IQP circuit, 3 diagonal layers"
2.1.0,MC-E20,e20_full_20260721_150753,2026-07-21T15:08:11.421015+00:00,iqp_4,IQP,4,15,4.0,0.7333333333333334,73.33333333333334,4,1.0,0.75,0,0.0,0.0,0,0.0,0.0,0,0.0,0.0,0.9999999999999984,0.0151996612548828,cirq,optimize_for_target_gateset+eject_z+merge_1q,1.6.1,default,ok,42,0,experiments/e20_multi_compiler_full/run.py,cf4c43a166f171d450e24f2ab51c9325507d5960589b926a114eb25d926116c5,a184604fe8e9fff65d7fc4b04a0374176884155f49835fc64a3e78eeea2e3335,8f6533b37cee47e5e3d0d41edfed23931689a2a06c1f9f0da2e758ee1343c114,"IQP circuit, 3 diagonal layers"
2.1.0,MC-E20,e20_full_20260721_150753,2026-07-21T15:08:11.457666+00:00,iqp_4,IQP,4,15,4.0,0.7333333333333334,73.33333333333334,4,1.0,0.75,0,0.0,0.0,0,0.0,0.0,0,0.0,0.0,0.9999999999999984,0.0366506576538085,tket,FullPeepholeOptimise,2.18.0,default,ok,42,0,experiments/e20_multi_compiler_full/run.py,cf4c43a166f171d450e24f2ab51c9325507d5960589b926a114eb25d926116c5,a184604fe8e9fff65d7fc4b04a0374176884155f49835fc64a3e78eeea2e3335,3c695df9e101df21bc64543972bb979cc0ee69198d913d0344bba78487853946,"IQP circuit, 3 diagonal layers"
2.1.0,MC-E20,e20_full_20260721_150753,2026-07-21T15:08:11.484609+00:00,clifford_4,RandomClifford,4,28,13.0,0.5357142857142857,53.57142857142857,10,8.0,0.1999999999999999,4,4.0,0.0,4,4.0,0.0,13,1.0,0.9230769230769232,0.9999999999999972,0.0094730854034423,qiskit,transpiler,2.4.1,3,ok,42,0,experiments/e20_multi_compiler_full/run.py,cf4c43a166f171d450e24f2ab51c9325507d5960589b926a114eb25d926116c5,3ddeba643cb1262108f3aa16deb98fff7a1b48b89c7248b1fb063953fca055c7,b374f23a6044ccc539a77b6307a9a36ca4197b8de8e266f69211da70533e66a1,"Random Clifford, depth=10"
2.1.0,MC-E20,e20_full_20260721_150753,2026-07-21T15:08:11.509975+00:00,clifford_4,RandomClifford,4,28,18.0,0.3571428571428571,35.71428571428571,10,11.0,-0.1,4,4.0,0.0,4,4.0,0.0,13,5.0,0.6153846153846154,0.9999999999999972,0.0225300788879394,cirq,optimize_for_target_gateset+eject_z+merge_1q,1.6.1,default,ok,42,0,experiments/e20_multi_compiler_full/run.py,cf4c43a166f171d450e24f2ab51c9325507d5960589b926a114eb25d926116c5,3ddeba643cb1262108f3aa16deb98fff7a1b48b89c7248b1fb063953fca055c7,20cb9e7ace7b04bb1c68c9126556b5ccde726ea238414970015384fc024078e8,"Random Clifford, depth=10"
2.1.0,MC-E20,e20_full_20260721_150753,2026-07-21T15:08:11.646228+00:00,clifford_4,RandomClifford,4,28,11.0,0.6071428571428572,60.71428571428572,10,7.0,0.3,4,3.0,0.25,4,3.0,0.25,13,0.0,1.0,0.9999999999999988,0.1279406547546386,tket,FullPeepholeOptimise,2.18.0,default,ok,42,0,experiments/e20_multi_compiler_full/run.py,cf4c43a166f171d450e24f2ab51c9325507d5960589b926a114eb25d926116c5,3ddeba643cb1262108f3aa16deb98fff7a1b48b89c7248b1fb063953fca055c7,2352ac2cfa052bc1c38249c747adbea24ad8b33b5e4777d22d853afbc880fbce,"Random Clifford, depth=10"
2.1.0,MC-E20,e20_full_20260721_150753,2026-07-21T15:08:11.668881+00:00,surface_code_4,SurfaceCode,5,7,7.0,0.0,0.0,6,6.0,0.0,4,4.0,0.0,4,4.0,0.0,0,0.0,0.0,0.9999999999999996,0.0109927654266357,qiskit,transpiler,2.4.1,3,ok,42,0,experiments/e20_multi_compiler_full/run.py,cf4c43a166f171d450e24f2ab51c9325507d5960589b926a114eb25d926116c5,7de15138171180eddd35e0f29e3e3ce11f0b20302daab2bc45c5be3302e9cf4d,7de15138171180eddd35e0f29e3e3ce11f0b20302daab2bc45c5be3302e9cf4d,X-stabilizer syndrome extraction
2.1.0,MC-E20,e20_full_20260721_150753,2026-07-21T15:08:11.691230+00:00,surface_code_4,SurfaceCode,5,7,9.0,-0.2857142857142858,-28.57142857142858,6,8.0,-0.3333333333333332,4,4.0,0.0,4,4.0,0.0,0,0.0,0.0,0.9999999999999996,0.0223493576049804,cirq,optimize_for_target_gateset+eject_z+merge_1q,1.6.1,default,ok,42,0,experiments/e20_multi_compiler_full/run.py,cf4c43a166f171d450e24f2ab51c9325507d5960589b926a114eb25d926116c5,7de15138171180eddd35e0f29e3e3ce11f0b20302daab2bc45c5be3302e9cf4d,9bebaf75de5cb956762ef72062e670d479309d903961ae8d62e62e1b24b0c511,X-stabilizer syndrome extraction
2.1.0,MC-E20,e20_full_20260721_150753,2026-07-21T15:08:11.816795+00:00,surface_code_4,SurfaceCode,5,7,7.0,0.0,0.0,6,6.0,0.0,4,4.0,0.0,4,4.0,0.0,0,0.0,0.0,1.0,0.1255648136138916,tket,FullPeepholeOptimise,2.18.0,default,ok,42,0,experiments/e20_multi_compiler_full/run.py,cf4c43a166f171d450e24f2ab51c9325507d5960589b926a114eb25d926116c5,7de15138171180eddd35e0f29e3e3ce11f0b20302daab2bc45c5be3302e9cf4d,d1c716140d871a172b38d98a0dade474f4f03acf458ec16146c456268be3332f,X-stabilizer syndrome extraction
2.1.0,MC-E20,e20_full_20260721_150753,2026-07-21T15:08:11.842001+00:00,uccsd_4,UCCSD_inspired,4,28,22.0,0.2142857142857143,21.42857142857143,16,15.0,0.0625,14,10.0,0.2857142857142857,14,10.0,0.2857142857142857,0,0.0,0.0,1.0,0.0104215145111083,qiskit,transpiler,2.4.1,3,ok,42,0,experiments/e20_multi_compiler_full/run.py,cf4c43a166f171d450e24f2ab51c9325507d5960589b926a114eb25d926116c5,5f5b6844177bd52e8c187fc996896ec6118d9e360e258d5f3707493673cae096,c63f180032003f639f20935f51436c858f1f18ee463fc308a636252cfa6c6873,Parameterized ansatz INSPIRED BY (not true) UCCSD; see make_parameterized_ansatz docstring. Renamed from 'UCCSD' to 'UCCSD_inspired' per review L3 to avoid false claim.
2.1.0,MC-E20,e20_full_20260721_150753,2026-07-21T15:08:11.872330+00:00,uccsd_4,UCCSD_inspired,4,28,26.0,0.0714285714285714,7.14285714285714,16,15.0,0.0625,14,14.0,0.0,14,14.0,0.0,0,0.0,0.0,0.9999999999999996,0.0152599811553955,cirq,optimize_for_target_gateset+eject_z+merge_1q,1.6.1,default,ok,42,0,experiments/e20_multi_compiler_full/run.py,cf4c43a166f171d450e24f2ab51c9325507d5960589b926a114eb25d926116c5,5f5b6844177bd52e8c187fc996896ec6118d9e360e258d5f3707493673cae096,19f94fd76f2ff96a46e37d460b9beabafa4ba67bc80832828ca981e9c074bbcb,Parameterized ansatz INSPIRED BY (not true) UCCSD; see make_parameterized_ansatz docstring. Renamed from 'UCCSD' to 'UCCSD_inspired' per review L3 to avoid false claim.
2.1.0,MC-E20,e20_full_20260721_150753,2026-07-21T15:08:12.186371+00:00,uccsd_4,UCCSD_inspired,4,28,22.0,0.2142857142857143,21.42857142857143,16,15.0,0.0625,14,10.0,0.2857142857142857,14,10.0,0.2857142857142857,0,0.0,0.0,1.0,0.2991116046905517,tket,FullPeepholeOptimise,2.18.0,default,ok,42,0,experiments/e20_multi_compiler_full/run.py,cf4c43a166f171d450e24f2ab51c9325507d5960589b926a114eb25d926116c5,5f5b6844177bd52e8c187fc996896ec6118d9e360e258d5f3707493673cae096,96836d306c3e373319e6c0d4e11ab0f9d701f3bc609bf6dfa58d04c6c5675291,Parameterized ansatz INSPIRED BY (not true) UCCSD; see make_parameterized_ansatz docstring. Renamed from 'UCCSD' to 'UCCSD_inspired' per review L3 to avoid false claim.
2.1.0,MC-E20,e20_full_20260721_150753,2026-07-21T15:08:12.214001+00:00,qft_6,QFT,6,21,21.0,0.0,0.0,11,11.0,0.0,15,15.0,0.0,0,0.0,0.0,0,0.0,0.0,0.9999999999999996,0.0091347694396972,qiskit,transpiler,2.4.1,3,ok,42,0,experiments/e20_multi_compiler_full/run.py,cf4c43a166f171d450e24f2ab51c9325507d5960589b926a114eb25d926116c5,e761adf8efeac5c21762208c08429dd4686d16eb4cbc1582e6d4ebc809852f66,ce325feb7eafc0f7673a16bbc3b51544984abb6d137b6ba7752bea283600c12b,
2.1.0,MC-E20,e20_full_20260721_150753,2026-07-21T15:08:12.255677+00:00,qft_6,QFT,6,21,,,,11,,,15,,,0,,,0,,,,0.0416758060455322,cirq,optimize_for_target_gateset+eject_z+merge_1q,1.6.1,default,"error: ""<input>:17,0: 'sx' is not defined in this scope""",42,0,experiments/e20_multi_compiler_full/run.py,cf4c43a166f171d450e24f2ab51c9325507d5960589b926a114eb25d926116c5,e761adf8efeac5c21762208c08429dd4686d16eb4cbc1582e6d4ebc809852f66,none,
2.1.0,MC-E20,e20_full_20260721_150753,2026-07-21T15:08:12.865893+00:00,qft_6,QFT,6,21,71.0,-2.380952380952381,-238.0952380952381,11,33.0,-2.0,15,30.0,-1.0,0,30.0,0.0,0,0.0,0.0,1.0,0.5973892211914062,tket,FullPeepholeOptimise,2.18.0,default,ok,42,0,experiments/e20_multi_compiler_full/run.py,cf4c43a166f171d450e24f2ab51c9325507d5960589b926a114eb25d926116c5,e761adf8efeac5c21762208c08429dd4686d16eb4cbc1582e6d4ebc809852f66,1e4c9ed3e36094a6271070b1f1ab2b30e856264476b0c22125357dc3af1d9cc7,
2.1.0,MC-E20,e20_full_20260721_150753,2026-07-21T15:08:12.888373+00:00,ghz_6,GHZ,6,6,6.0,0.0,0.0,6,6.0,0.0,5,5.0,0.0,5,5.0,0.0,0,0.0,0.0,0.9999999999999998,0.0084240436553955,qiskit,transpiler,2.4.1,3,ok,42,0,experiments/e20_multi_compiler_full/run.py,cf4c43a166f171d450e24f2ab51c9325507d5960589b926a114eb25d926116c5,df499dded1e0518f2f6266b9f0e35d3c81e6057b5ba6e6decbb0f26370e5bb03,df499dded1e0518f2f6266b9f0e35d3c81e6057b5ba6e6decbb0f26370e5bb03,
2.1.0,MC-E20,e20_full_20260721_150753,2026-07-21T15:08:12.902994+00:00,ghz_6,GHZ,6,6,7.0,-0.1666666666666667,-16.666666666666675,6,7.0,-0.1666666666666667,5,5.0,0.0,5,5.0,0.0,0,0.0,0.0,0.9999999999999998,0.0126128196716308,cirq,optimize_for_target_gateset+eject_z+merge_1q,1.6.1,default,ok,42,0,experiments/e20_multi_compiler_full/run.py,cf4c43a166f171d450e24f2ab51c9325507d5960589b926a114eb25d926116c5,df499dded1e0518f2f6266b9f0e35d3c81e6057b5ba6e6decbb0f26370e5bb03,d4f49c1b8be62a61d262e49773b9cb5ffaafaba57cb3618d0cc608c10726c170,
2.1.0,MC-E20,e20_full_20260721_150753,2026-07-21T15:08:13.040066+00:00,ghz_6,GHZ,6,6,6.0,0.0,0.0,6,6.0,0.0,5,5.0,0.0,5,5.0,0.0,0,0.0,0.0,1.0,0.1290395259857177,tket,FullPeepholeOptimise,2.18.0,default,ok,42,0,experiments/e20_multi_compiler_full/run.py,cf4c43a166f171d450e24f2ab51c9325507d5960589b926a114eb25d926116c5,df499dded1e0518f2f6266b9f0e35d3c81e6057b5ba6e6decbb0f26370e5bb03,f5606110b4c9de2d9c41d6892ae7b8cd5a5d8a4dec34af69160c119d936ae28b,
2.1.0,MC-E20,e20_full_20260721_150753,2026-07-21T15:08:13.060251+00:00,cnot_chain_6,CNOT,6,40,0.0,1.0,100.0,22,0.0,1.0,40,0.0,1.0,40,0.0,1.0,0,0.0,0.0,1.0,0.0060181617736816,qiskit,transpiler,2.4.1,3,ok,42,0,experiments/e20_multi_compiler_full/run.py,cf4c43a166f171d450e24f2ab51c9325507d5960589b926a114eb25d926116c5,a9cbe813352eb8bbddbb6de7feecde853f066b5cf29e96a7a2f84a6cd354761a,995ca4ef9eaba10dd58f1ab322947f30c40e0f095185660849ca98aed2848347,
2.1.0,MC-E20,e20_full_20260721_150753,2026-07-21T15:08:13.095183+00:00,cnot_chain_6,CNOT,6,40,40.0,0.0,0.0,22,22.0,0.0,40,40.0,0.0,40,40.0,0.0,0,0.0,0.0,1.0,0.0247070789337158,cirq,optimize_for_target_gateset+eject_z+merge_1q,1.6.1,default,ok,42,0,experiments/e20_multi_compiler_full/run.py,cf4c43a166f171d450e24f2ab51c9325507d5960589b926a114eb25d926116c5,a9cbe813352eb8bbddbb6de7feecde853f066b5cf29e96a7a2f84a6cd354761a,2e9e1aace549c82c9407f34f36831517d192135307006f6b9830a803c04a3dc1,
2.1.0,MC-E20,e20_full_20260721_150753,2026-07-21T15:08:13.102911+00:00,cnot_chain_6,CNOT,6,40,0.0,1.0,100.0,22,0.0,1.0,40,0.0,1.0,40,0.0,1.0,0,0.0,0.0,1.0,0.0029008388519287,tket,FullPeepholeOptimise,2.18.0,default,ok,42,0,experiments/e20_multi_compiler_full/run.py,cf4c43a166f171d450e24f2ab51c9325507d5960589b926a114eb25d926116c5,a9cbe813352eb8bbddbb6de7feecde853f066b5cf29e96a7a2f84a6cd354761a,995ca4ef9eaba10dd58f1ab322947f30c40e0f095185660849ca98aed2848347,
2.1.0,MC-E20,e20_full_20260721_150753,2026-07-21T15:08:13.125278+00:00,bv_6,Oracle,7,19,11.0,0.4210526315789473,42.10526315789473,7,5.0,0.2857142857142857,3,3.0,0.0,3,3.0,0.0,0,0.0,0.0,0.9999999999999964,0.0,qiskit,transpiler,2.4.1,3,ok,42,0,experiments/e20_multi_compiler_full/run.py,cf4c43a166f171d450e24f2ab51c9325507d5960589b926a114eb25d926116c5,dbf410d1e5693402b537af90e7218374f0c429041426b90bd4d34500d64685d5,4579779321f9bf6c133567af734624dd5fcd1bcdbb3f351b9864c08f33e4635f,
2.1.0,MC-E20,e20_full_20260721_150753,2026-07-21T15:08:13.147141+00:00,bv_6,Oracle,7,19,17.0,0.1052631578947368,10.526315789473683,7,7.0,0.0,3,3.0,0.0,3,3.0,0.0,0,0.0,0.0,,0.0153689384460449,cirq,optimize_for_target_gateset+eject_z+merge_1q,1.6.1,default,ok,42,0,experiments/e20_multi_compiler_full/run.py,cf4c43a166f171d450e24f2ab51c9325507d5960589b926a114eb25d926116c5,dbf410d1e5693402b537af90e7218374f0c429041426b90bd4d34500d64685d5,b01c4c83fe8eef21a7fb817ebb2abd3e2d788b2bfca96c51add9cc7a65884d03,
2.1.0,MC-E20,e20_full_20260721_150753,2026-07-21T15:08:13.276601+00:00,qaoa_line_6,QAOA,6,48,48.0,0.0,0.0,24,24.0,0.0,20,20.0,0.0,20,20.0,0.0,0,0.0,0.0,1.000000000000001,0.0093529224395751,qiskit,transpiler,2.4.1,3,ok,42,0,experiments/e20_multi_compiler_full/run.py,cf4c43a166f171d450e24f2ab51c9325507d5960589b926a114eb25d926116c5,3113b971b548c7ee4e78af92d32b392c5bfcc30e701ff59f7420abc819314785,3113b971b548c7ee4e78af92d32b392c5bfcc30e701ff59f7420abc819314785,
2.1.0,MC-E20,e20_full_20260721_150753,2026-07-21T15:08:13.320359+00:00,qaoa_line_6,QAOA,6,48,54.0,-0.125,-12.5,24,25.0,-0.0416666666666667,20,20.0,0.0,20,20.0,0.0,0,0.0,0.0,1.0,0.0293757915496826,cirq,optimize_for_target_gateset+eject_z+merge_1q,1.6.1,default,ok,42,0,experiments/e20_multi_compiler_full/run.py,cf4c43a166f171d450e24f2ab51c9325507d5960589b926a114eb25d926116c5,3113b971b548c7ee4e78af92d32b392c5bfcc30e701ff59f7420abc819314785,0a22b5451962abb6461372c11d7518081a3fb0ec8d193c7372c7d230aa4bff47,
2.1.0,MC-E20,e20_full_20260721_150753,2026-07-21T15:08:13.793727+00:00,qaoa_line_6,QAOA,6,48,46.0,0.0416666666666666,4.166666666666663,24,24.0,0.0,20,20.0,0.0,20,20.0,0.0,0,0.0,0.0,1.0000000000000009,0.4551670551300049,tket,FullPeepholeOptimise,2.18.0,default,ok,42,0,experiments/e20_multi_compiler_full/run.py,cf4c43a166f171d450e24f2ab51c9325507d5960589b926a114eb25d926116c5,3113b971b548c7ee4e78af92d32b392c5bfcc30e701ff59f7420abc819314785,39748d2792eaf5fc1906fc1741daa12beac1374a327406cce88b9cb2df97952a,
2.1.0,MC-E20,e20_full_20260721_150753,2026-07-21T15:08:13.821564+00:00,vqe_twolocal_6,VQE,6,46,28.0,0.3913043478260869,39.13043478260869,13,10.0,0.2307692307692307,10,10.0,0.0,10,10.0,0.0,0,0.0,0.0,0.9999999999999998,0.0078630447387695,qiskit,transpiler,2.4.1,3,ok,42,0,experiments/e20_multi_compiler_full/run.py,cf4c43a166f171d450e24f2ab51c9325507d5960589b926a114eb25d926116c5,1354b2c415488af23f54ca83073915b0013ab763726db811a1958e2ad8b7ec46,33fb6f0c210c066384b7ec460da3792924018d14ae62e4a996d90a092efd445f,
2.1.0,MC-E20,e20_full_20260721_150753,2026-07-21T15:08:13.883081+00:00,vqe_twolocal_6,VQE,6,46,46.0,0.0,0.0,13,13.0,0.0,10,10.0,0.0,10,10.0,0.0,0,0.0,0.0,0.9999999999999998,0.0460445880889892,cirq,optimize_for_target_gateset+eject_z+merge_1q,1.6.1,default,ok,42,0,experiments/e20_multi_compiler_full/run.py,cf4c43a166f171d450e24f2ab51c9325507d5960589b926a114eb25d926116c5,1354b2c415488af23f54ca83073915b0013ab763726db811a1958e2ad8b7ec46,f0c421e45fa45071aac5c0cbdc1ba9c24902a8565a944df4621b6b6149339560,
2.1.0,MC-E20,e20_full_20260721_150753,2026-07-21T15:08:14.300457+00:00,vqe_twolocal_6,VQE,6,46,28.0,0.3913043478260869,39.13043478260869,13,10.0,0.2307692307692307,10,10.0,0.0,10,10.0,0.0,0,0.0,0.0,1.0,0.398395299911499,tket,FullPeepholeOptimise,2.18.0,default,ok,42,0,experiments/e20_multi_compiler_full/run.py,cf4c43a166f171d450e24f2ab51c9325507d5960589b926a114eb25d926116c5,1354b2c415488af23f54ca83073915b0013ab763726db811a1958e2ad8b7ec46,ad02301e45aa4862d69cef92347f5b388d395b2d944c30c862b41a6ec01e75b5,
2.1.0,MC-E20,e20_full_20260721_150753,2026-07-21T15:08:14.330968+00:00,hardware_eff_6,HardwareEfficient,6,34,22.0,0.3529411764705882,35.29411764705882,8,6.0,0.25,10,10.0,0.0,10,10.0,0.0,0,0.0,0.0,1.0,0.0,qiskit,transpiler,2.4.1,3,ok,42,0,experiments/e20_multi_compiler_full/run.py,cf4c43a166f171d450e24f2ab51c9325507d5960589b926a114eb25d926116c5,9122b5a207a4c0a8ffeedf35af10c42a747aa84296b789e02a6bac63a0970083,14cb8b4fa7390590531c35d66fa4b499d1ccebff7acbe4b1e7285d074a26b9b1,
2.1.0,MC-E20,e20_full_20260721_150753,2026-07-21T15:08:14.357613+00:00,hardware_eff_6,HardwareEfficient,6,34,34.0,0.0,0.0,8,8.0,0.0,10,10.0,0.0,10,10.0,0.0,0,0.0,0.0,1.0,0.0266454219818115,cirq,optimize_for_target_gateset+eject_z+merge_1q,1.6.1,default,ok,42,0,experiments/e20_multi_compiler_full/run.py,cf4c43a166f171d450e24f2ab51c9325507d5960589b926a114eb25d926116c5,9122b5a207a4c0a8ffeedf35af10c42a747aa84296b789e02a6bac63a0970083,d127a7d61703b6b46ed7ca9b6c47d8985710eff7f49f0e5d908b50f4c356db74,
2.1.0,MC-E20,e20_full_20260721_150753,2026-07-21T15:08:14.702109+00:00,hardware_eff_6,HardwareEfficient,6,34,22.0,0.3529411764705882,35.29411764705882,8,6.0,0.25,10,10.0,0.0,10,10.0,0.0,0,0.0,0.0,1.0,0.329460859298706,tket,FullPeepholeOptimise,2.18.0,default,ok,42,0,experiments/e20_multi_compiler_full/run.py,cf4c43a166f171d450e24f2ab51c9325507d5960589b926a114eb25d926116c5,9122b5a207a4c0a8ffeedf35af10c42a747aa84296b789e02a6bac63a0970083,0b3056fbbf8a383184beb586ba46b54c0811967e4ac3ad50642a10f9deee3188,
2.1.0,MC-E20,e20_full_20260721_150753,2026-07-21T15:08:14.809601+00:00,grover_6,Grover,6,42,20.0,0.5238095238095238,52.38095238095239,13,5.0,0.6153846153846154,0,0.0,0.0,0,0.0,0.0,0,0.0,0.0,0.9999999999999588,0.0,qiskit,transpiler,2.4.1,3,ok,42,0,experiments/e20_multi_compiler_full/run.py,cf4c43a166f171d450e24f2ab51c9325507d5960589b926a114eb25d926116c5,432c65b3831d02892a824cce13dc99d52fc8894c3d9346bb1d25179817432dfc,119742d529b9e6b7a0f25dd6124a1f17f780ea2a9403a95b297b1afccd3390a1,"Single Grover iteration, random marked state"
2.1.0,MC-E20,e20_full_20260721_150753,2026-07-21T15:08:14.994799+00:00,grover_6,Grover,6,42,,,,13,,,0,,,0,,,0,,,,0.1851980686187744,cirq,optimize_for_target_gateset+eject_z+merge_1q,1.6.1,default,"error: ""<input>:249,0: 'sx' is not defined in this scope""",42,0,experiments/e20_multi_compiler_full/run.py,cf4c43a166f171d450e24f2ab51c9325507d5960589b926a114eb25d926116c5,432c65b3831d02892a824cce13dc99d52fc8894c3d9346bb1d25179817432dfc,none,"Single Grover iteration, random marked state"
2.1.0,MC-E20,e20_full_20260721_150753,2026-07-21T15:08:18.070016+00:00,grover_6,Grover,6,42,344.0,-7.19047619047619,-719.047619047619,13,233.0,-16.923076923076923,0,160.0,0.0,0,160.0,0.0,0,0.0,0.0,0.9999999999999816,2.9894955158233643,tket,FullPeepholeOptimise,2.18.0,default,ok,42,0,experiments/e20_multi_compiler_full/run.py,cf4c43a166f171d450e24f2ab51c9325507d5960589b926a114eb25d926116c5,432c65b3831d02892a824cce13dc99d52fc8894c3d9346bb1d25179817432dfc,18bc792dddf7feaa960fe414141bea20ceddbeb06c52b9b3178366a9999986ea,"Single Grover iteration, random marked state"
2.1.0,MC-E20,e20_full_20260721_150753,2026-07-21T15:08:18.097710+00:00,adder_6,Adder,7,12,12.0,0.0,0.0,8,8.0,0.0,4,4.0,0.0,4,4.0,0.0,0,0.0,0.0,1.0,0.0040128231048583,qiskit,transpiler,2.4.1,3,ok,42,0,experiments/e20_multi_compiler_full/run.py,cf4c43a166f171d450e24f2ab51c9325507d5960589b926a114eb25d926116c5,ffbccff06f7f6ee0e5485c7374bbae521e513bf19f08f375c992f0d2c68d895c,3694e0b2c382cd7f323a3feeb3e23cb06b5e4720a169cde6f6dbeccd978b3b7a,"Ripple-carry adder, random inputs"
2.1.0,MC-E20,e20_full_20260721_150753,2026-07-21T15:08:18.116675+00:00,adder_6,Adder,7,12,12.0,0.0,0.0,8,8.0,0.0,4,4.0,0.0,4,4.0,0.0,0,0.0,0.0,1.0,0.0046641826629638,cirq,optimize_for_target_gateset+eject_z+merge_1q,1.6.1,default,ok,42,0,experiments/e20_multi_compiler_full/run.py,cf4c43a166f171d450e24f2ab51c9325507d5960589b926a114eb25d926116c5,ffbccff06f7f6ee0e5485c7374bbae521e513bf19f08f375c992f0d2c68d895c,e9cc624e3bfa3cf6fbcd1e696849d343fd3dbcf7106f294f4e4c468bb377c952,"Ripple-carry adder, random inputs"
2.1.0,MC-E20,e20_full_20260721_150753,2026-07-21T15:08:20.316102+00:00,qwalk_6,QuantumWalk,7,82,2300.0,-27.04878048780488,-2704.8780487804875,47,1695.0,-35.06382978723404,6,990.0,-164.0,6,990.0,-164.0,0,305.0,0.0,0.9999999999997854,0.0336408615112304,qiskit,transpiler,2.4.1,3,ok,42,0,experiments/e20_multi_compiler_full/run.py,cf4c43a166f171d450e24f2ab51c9325507d5960589b926a114eb25d926116c5,eb7ec0d44716d6060eb6b655b7560863e69b308cc2d73d8ba2022a4f4d6524f9,b453ec1edf87cf8f9a00011ab034ee3e92ecfbecd89745f6845019d78cdff7ef,"DTQW on cycle, 3 steps"
2.1.0,MC-E20,e20_full_20260721_150753,2026-07-21T15:08:22.197818+00:00,qwalk_6,QuantumWalk,7,82,,,,47,,,6,,,6,,,0,,,,1.8817157745361328,cirq,optimize_for_target_gateset+eject_z+merge_1q,1.6.1,default,"error: ""<input>:375,0: 'sx' is not defined in this scope""",42,0,experiments/e20_multi_compiler_full/run.py,cf4c43a166f171d450e24f2ab51c9325507d5960589b926a114eb25d926116c5,eb7ec0d44716d6060eb6b655b7560863e69b308cc2d73d8ba2022a4f4d6524f9,none,"DTQW on cycle, 3 steps"
2.1.0,MC-E20,e20_full_20260721_150753,2026-07-21T15:08:52.523669+00:00,iqp_6,IQP,6,34,12.0,0.6470588235294117,64.70588235294117,11,3.0,0.7272727272727273,8,2.0,0.75,0,0.0,0.0,0,0.0,0.0,0.9999999999999968,0.0,qiskit,transpiler,2.4.1,3,ok,42,0,experiments/e20_multi_compiler_full/run.py,cf4c43a166f171d450e24f2ab51c9325507d5960589b926a114eb25d926116c5,3e53f339ce23bcd55c9745a7e473937d8df2b36146b0e3872cd78980fcbfe035,1a192795cf36bede321feb17f40908bc4f3e2b176f4d5af0cc78ec7c0f18d4cc,"IQP circuit, 3 diagonal layers"
2.1.0,MC-E20,e20_full_20260721_150753,2026-07-21T15:08:52.555454+00:00,iqp_6,IQP,6,34,28.0,0.1764705882352941,17.647058823529417,11,10.0,0.0909090909090909,8,8.0,0.0,0,0.0,0.0,0,4.0,0.0,0.9999999999999964,0.0225360393524169,cirq,optimize_for_target_gateset+eject_z+merge_1q,1.6.1,default,ok,42,0,experiments/e20_multi_compiler_full/run.py,cf4c43a166f171d450e24f2ab51c9325507d5960589b926a114eb25d926116c5,3e53f339ce23bcd55c9745a7e473937d8df2b36146b0e3872cd78980fcbfe035,44e3de5d9334a568dc13d56d13b31caaee9475aff31751457da13efdb4b7cd8d,"IQP circuit, 3 diagonal layers"
2.1.0,MC-E20,e20_full_20260721_150753,2026-07-21T15:08:52.634957+00:00,iqp_6,IQP,6,34,10.0,0.7058823529411764,70.58823529411764,11,3.0,0.7272727272727273,8,2.0,0.75,0,2.0,0.0,0,0.0,0.0,0.9999999999999988,0.0763659477233886,tket,FullPeepholeOptimise,2.18.0,default,ok,42,0,experiments/e20_multi_compiler_full/run.py,cf4c43a166f171d450e24f2ab51c9325507d5960589b926a114eb25d926116c5,3e53f339ce23bcd55c9745a7e473937d8df2b36146b0e3872cd78980fcbfe035,0acce3d93591a03b8abef1df415a248bfea2d51f9d8677b8bc1300bbff350d5c,"IQP circuit, 3 diagonal layers"
2.1.0,MC-E20,e20_full_20260721_150753,2026-07-21T15:08:52.668082+00:00,clifford_6,RandomClifford,6,45,7.0,0.8444444444444444,84.44444444444444,10,3.0,0.7,4,2.0,0.5,4,1.0,0.75,18,1.0,0.9444444444444444,0.9999999999999972,0.0069861412048339,qiskit,transpiler,2.4.1,3,ok,42,0,experiments/e20_multi_compiler_full/run.py,cf4c43a166f171d450e24f2ab51c9325507d5960589b926a114eb25d926116c5,83c7c3f2143beb462726dd5669eb691fae0cabe693debd1cd6c9926ec8aac05b,e92e0578661b41462c6ee0dba9b396d2433707a0f49a3a42a7ce4fed8790d82a,"Random Clifford, depth=10"
2.1.0,MC-E20,e20_full_20260721_150753,2026-07-21T15:08:52.697465+00:00,clifford_6,RandomClifford,6,45,23.0,0.4888888888888889,48.88888888888889,10,9.0,0.0999999999999999,4,4.0,0.0,4,4.0,0.0,18,6.0,0.6666666666666667,0.9999999999999956,0.0260465145111084,cirq,optimize_for_target_gateset+eject_z+merge_1q,1.6.1,default,ok,42,0,experiments/e20_multi_compiler_full/run.py,cf4c43a166f171d450e24f2ab51c9325507d5960589b926a114eb25d926116c5,83c7c3f2143beb462726dd5669eb691fae0cabe693debd1cd6c9926ec8aac05b,5bbcb18da1fe32829d0a0a0054d850e12a91084e8288573cbd1e73441151f831,"Random Clifford, depth=10"
2.1.0,MC-E20,e20_full_20260721_150753,2026-07-21T15:08:52.805787+00:00,clifford_6,RandomClifford,6,45,12.0,0.7333333333333334,73.33333333333334,10,3.0,0.7,4,2.0,0.5,4,2.0,0.5,18,0.0,1.0,0.2615384615384608,0.1000802516937255,tket,FullPeepholeOptimise,2.18.0,default,ok,42,0,experiments/e20_multi_compiler_full/run.py,cf4c43a166f171d450e24f2ab51c9325507d5960589b926a114eb25d926116c5,83c7c3f2143beb462726dd5669eb691fae0cabe693debd1cd6c9926ec8aac05b,ef8cbe3e384b94a8d49d6a917008cf683c79e65334b0d3f70724999941859f7c,"Random Clifford, depth=10"
2.1.0,MC-E20,e20_full_20260721_150753,2026-07-21T15:08:52.832930+00:00,surface_code_6,SurfaceCode,7,10,10.0,0.0,0.0,8,8.0,0.0,6,6.0,0.0,6,6.0,0.0,0,0.0,0.0,0.9999999999999998,0.0110623836517333,qiskit,transpiler,2.4.1,3,ok,42,0,experiments/e20_multi_compiler_full/run.py,cf4c43a166f171d450e24f2ab51c9325507d5960589b926a114eb25d926116c5,50acc8cca2f23db161ca0e99de8435635242080dcd80d6ee45c483913667385d,50acc8cca2f23db161ca0e99de8435635242080dcd80d6ee45c483913667385d,X-stabilizer syndrome extraction
2.1.0,MC-E20,e20_full_20260721_150753,2026-07-21T15:08:52.857503+00:00,surface_code_6,SurfaceCode,7,10,12.0,-0.1999999999999999,-20.0,8,10.0,-0.25,6,6.0,0.0,6,6.0,0.0,0,0.0,0.0,0.9999999999999998,0.0155086517333984,cirq,optimize_for_target_gateset+eject_z+merge_1q,1.6.1,default,ok,42,0,experiments/e20_multi_compiler_full/run.py,cf4c43a166f171d450e24f2ab51c9325507d5960589b926a114eb25d926116c5,50acc8cca2f23db161ca0e99de8435635242080dcd80d6ee45c483913667385d,5cbcd41a34024057694051cb8401ed3499fa967f86e3d6fb61029fc057678779,X-stabilizer syndrome extraction
2.1.0,MC-E20,e20_full_20260721_150753,2026-07-21T15:08:53.058374+00:00,uccsd_6,UCCSD_inspired,6,58,44.0,0.2413793103448276,24.13793103448276,28,25.0,0.1071428571428571,29,21.0,0.2758620689655172,29,21.0,0.2758620689655172,0,0.0,0.0,0.9999999999999996,0.0128448009490966,qiskit,transpiler,2.4.1,3,ok,42,0,experiments/e20_multi_compiler_full/run.py,cf4c43a166f171d450e24f2ab51c9325507d5960589b926a114eb25d926116c5,e1e87948c1add56cf7276d71868a09a47fa9a3c181b86099ca4c0991612b1e44,10cde9ed0794252eea355e3c846c1f905ae7d07aa247ab32f16f093343719894,Parameterized ansatz INSPIRED BY (not true) UCCSD; see make_parameterized_ansatz docstring. Renamed from 'UCCSD' to 'UCCSD_inspired' per review L3 to avoid false claim.
2.1.0,MC-E20,e20_full_20260721_150753,2026-07-21T15:08:53.104402+00:00,uccsd_6,UCCSD_inspired,6,58,52.0,0.1034482758620689,10.344827586206897,28,26.0,0.0714285714285714,29,29.0,0.0,29,29.0,0.0,0,0.0,0.0,0.9999999999999998,0.0309343338012695,cirq,optimize_for_target_gateset+eject_z+merge_1q,1.6.1,default,ok,42,0,experiments/e20_multi_compiler_full/run.py,cf4c43a166f171d450e24f2ab51c9325507d5960589b926a114eb25d926116c5,e1e87948c1add56cf7276d71868a09a47fa9a3c181b86099ca4c0991612b1e44,6c960fc2e0f4f8e5aa81baa89d913e1dff2aa64ef37fcd18f39decfc916e5a3a,Parameterized ansatz INSPIRED BY (not true) UCCSD; see make_parameterized_ansatz docstring. Renamed from 'UCCSD' to 'UCCSD_inspired' per review L3 to avoid false claim.
2.1.0,MC-E20,e20_full_20260721_150753,2026-07-21T15:08:53.746425+00:00,uccsd_6,UCCSD_inspired,6,58,44.0,0.2413793103448276,24.13793103448276,28,25.0,0.1071428571428571,29,21.0,0.2758620689655172,29,21.0,0.2758620689655172,0,0.0,0.0,0.9999999999999996,0.6176042556762695,tket,FullPeepholeOptimise,2.18.0,default,ok,42,0,experiments/e20_multi_compiler_full/run.py,cf4c43a166f171d450e24f2ab51c9325507d5960589b926a114eb25d926116c5,e1e87948c1add56cf7276d71868a09a47fa9a3c181b86099ca4c0991612b1e44,5cfac0939e0f59f692dc65a8fdd6f98096f07bb780ed99858d48a57756aa2e10,Parameterized ansatz INSPIRED BY (not true) UCCSD; see make_parameterized_ansatz docstring. Renamed from 'UCCSD' to 'UCCSD_inspired' per review L3 to avoid false claim.
2.1.0,MC-E20,e20_full_20260721_150753,2026-07-21T15:08:53.877811+00:00,qft_8,QFT,8,36,36.0,0.0,0.0,15,15.0,0.0,28,28.0,0.0,0,0.0,0.0,0,0.0,0.0,0.9999999999999968,0.0190370082855224,qiskit,transpiler,2.4.1,3,ok,42,0,experiments/e20_multi_compiler_full/run.py,cf4c43a166f171d450e24f2ab51c9325507d5960589b926a114eb25d926116c5,b2f83603b76f95e86e3b51898d6ea360adf3a62f51aa296baf0178913d4108b2,5e235910f0329f12c7dc3b126bc0da34cd22bcb22e80d7885306046eb1f2b62c,
2.1.0,MC-E20,e20_full_20260721_150753,2026-07-21T15:08:53.973906+00:00,qft_8,QFT,8,36,,,,15,,,28,,,0,,,0,,,,0.0960948467254638,cirq,optimize_for_target_gateset+eject_z+merge_1q,1.6.1,default,"error: ""<input>:17,0: 'sx' is not defined in this scope""",42,0,experiments/e20_multi_compiler_full/run.py,cf4c43a166f171d450e24f2ab51c9325507d5960589b926a114eb25d926116c5,b2f83603b76f95e86e3b51898d6ea360adf3a62f51aa296baf0178913d4108b2,none,
2.1.0,MC-E20,e20_full_20260721_150753,2026-07-21T15:08:55.416629+00:00,ghz_8,GHZ,8,8,8.0,0.0,0.0,8,8.0,0.0,7,7.0,0.0,7,7.0,0.0,0,0.0,0.0,0.9999999999999998,0.0156552791595459,qiskit,transpiler,2.4.1,3,ok,42,0,experiments/e20_multi_compiler_full/run.py,cf4c43a166f171d450e24f2ab51c9325507d5960589b926a114eb25d926116c5,587577f385cf54a3edd3cc639b3ac8cc5aa139f2ef414827515ddc7be4c12104,587577f385cf54a3edd3cc639b3ac8cc5aa139f2ef414827515ddc7be4c12104,
2.1.0,MC-E20,e20_full_20260721_150753,2026-07-21T15:08:55.457845+00:00,ghz_8,GHZ,8,8,9.0,-0.125,-12.5,8,9.0,-0.125,7,7.0,0.0,7,7.0,0.0,0,0.0,0.0,0.9999999999999998,0.0172793865203857,cirq,optimize_for_target_gateset+eject_z+merge_1q,1.6.1,default,ok,42,0,experiments/e20_multi_compiler_full/run.py,cf4c43a166f171d450e24f2ab51c9325507d5960589b926a114eb25d926116c5,587577f385cf54a3edd3cc639b3ac8cc5aa139f2ef414827515ddc7be4c12104,dbe75adbc6dcfacb0387626198005ff6d870b04cfebdd177f2b4ce6c5e698fca,
2.1.0,MC-E20,e20_full_20260721_150753,2026-07-21T15:08:55.752604+00:00,cnot_chain_8,CNOT,8,56,0.0,1.0,100.0,26,0.0,1.0,56,0.0,1.0,56,0.0,1.0,0,0.0,0.0,1.0,0.0151093006134033,qiskit,transpiler,2.4.1,3,ok,42,0,experiments/e20_multi_compiler_full/run.py,cf4c43a166f171d450e24f2ab51c9325507d5960589b926a114eb25d926116c5,d3e8b51351e86caa6d8939fe0a903f48a089e7d220d46a14b52d6c94e6e43394,b9f67046a69160a09ec4f4fa9eb23036fff76352de4a4103d9d677b302f18c04,
2.1.0,MC-E20,e20_full_20260721_150753,2026-07-21T15:08:55.906460+00:00,cnot_chain_8,CNOT,8,56,56.0,0.0,0.0,26,26.0,0.0,56,56.0,0.0,56,56.0,0.0,0,0.0,0.0,1.0,0.0193519592285156,cirq,optimize_for_target_gateset+eject_z+merge_1q,1.6.1,default,ok,42,0,experiments/e20_multi_compiler_full/run.py,cf4c43a166f171d450e24f2ab51c9325507d5960589b926a114eb25d926116c5,d3e8b51351e86caa6d8939fe0a903f48a089e7d220d46a14b52d6c94e6e43394,c654c98f30db9245f47457a95bd6a7935d02799bcd4a120004fd14388af2ad0b,
2.1.0,MC-E20,e20_full_20260721_150753,2026-07-21T15:08:55.990153+00:00,bv_8,Oracle,9,23,11.0,0.5217391304347826,52.17391304347826,7,5.0,0.2857142857142857,3,3.0,0.0,3,3.0,0.0,0,0.0,0.0,,0.0172398090362548,qiskit,transpiler,2.4.1,3,ok,42,0,experiments/e20_multi_compiler_full/run.py,cf4c43a166f171d450e24f2ab51c9325507d5960589b926a114eb25d926116c5,27c1cdf3eda94e12894f67e152b42d888e3e26b135a7921a2ff59c204f99788d,d627c9a173e6546c526991982c44643da2eab85295b2fb7d22d3b7a5c3ec5d0f,
2.1.0,MC-E20,e20_full_20260721_150753,2026-07-21T15:08:56.245007+00:00,qaoa_line_8,QAOA,8,66,66.0,0.0,0.0,30,30.0,0.0,28,28.0,0.0,28,28.0,0.0,0,0.0,0.0,1.0000000000000036,0.014707326889038,qiskit,transpiler,2.4.1,3,ok,42,0,experiments/e20_multi_compiler_full/run.py,cf4c43a166f171d450e24f2ab51c9325507d5960589b926a114eb25d926116c5,ca386edd88164ffa11c481f7253c35755085ab3b89dc4a040baf53ef07db46b7,ca386edd88164ffa11c481f7253c35755085ab3b89dc4a040baf53ef07db46b7,
2.1.0,MC-E20,e20_full_20260721_150753,2026-07-21T15:08:56.421638+00:00,qaoa_line_8,QAOA,8,66,74.0,-0.1212121212121211,-12.12121212121211,30,31.0,-0.0333333333333334,28,28.0,0.0,28,28.0,0.0,0,0.0,0.0,1.0,0.038621187210083,cirq,optimize_for_target_gateset+eject_z+merge_1q,1.6.1,default,ok,42,0,experiments/e20_multi_compiler_full/run.py,cf4c43a166f171d450e24f2ab51c9325507d5960589b926a114eb25d926116c5,ca386edd88164ffa11c481f7253c35755085ab3b89dc4a040baf53ef07db46b7,f14da4d01c2890a3d131d44ad0aaf8215c822438bfd9391653a3b0921a08da75,
2.1.0,MC-E20,e20_full_20260721_150753,2026-07-21T15:08:57.298907+00:00,vqe_twolocal_8,VQE,8,62,38.0,0.3870967741935484,38.70967741935484,15,12.0,0.1999999999999999,14,14.0,0.0,14,14.0,0.0,0,0.0,0.0,1.0,0.0091166496276855,qiskit,transpiler,2.4.1,3,ok,42,0,experiments/e20_multi_compiler_full/run.py,cf4c43a166f171d450e24f2ab51c9325507d5960589b926a114eb25d926116c5,2e7603cd238f1c4466d4f0e8566afa2b714fd83fb8ab436c7831b57c874b2ae0,e346215a4a9af45cd33ba3f883b0f60a15c84920c2f1048d96d328d79b8fcf5c,
2.1.0,MC-E20,e20_full_20260721_150753,2026-07-21T15:08:57.444433+00:00,vqe_twolocal_8,VQE,8,62,62.0,0.0,0.0,15,15.0,0.0,14,14.0,0.0,14,14.0,0.0,0,0.0,0.0,1.0,0.0540258884429931,cirq,optimize_for_target_gateset+eject_z+merge_1q,1.6.1,default,ok,42,0,experiments/e20_multi_compiler_full/run.py,cf4c43a166f171d450e24f2ab51c9325507d5960589b926a114eb25d926116c5,2e7603cd238f1c4466d4f0e8566afa2b714fd83fb8ab436c7831b57c874b2ae0,eb1f38824d50845e40b37809a782919b4b2043efd475c38c1880ed73e5f0b577,
2.1.0,MC-E20,e20_full_20260721_150753,2026-07-21T15:08:58.267836+00:00,hardware_eff_8,HardwareEfficient,8,46,30.0,0.3478260869565217,34.78260869565217,8,6.0,0.25,14,14.0,0.0,14,14.0,0.0,0,0.0,0.0,1.0,0.0,qiskit,transpiler,2.4.1,3,ok,42,0,experiments/e20_multi_compiler_full/run.py,cf4c43a166f171d450e24f2ab51c9325507d5960589b926a114eb25d926116c5,146c3e821e8145d085eb90027904fa7f60f9de8430825fefc368f5c286fa991b,7422afa3a24ae60abe9b7a300038054d507d6e042ea3b4ded9379a4b78cef439,
2.1.0,MC-E20,e20_full_20260721_150753,2026-07-21T15:08:58.374540+00:00,hardware_eff_8,HardwareEfficient,8,46,46.0,0.0,0.0,8,8.0,0.0,14,14.0,0.0,14,14.0,0.0,0,0.0,0.0,1.0,0.0332915782928466,cirq,optimize_for_target_gateset+eject_z+merge_1q,1.6.1,default,ok,42,0,experiments/e20_multi_compiler_full/run.py,cf4c43a166f171d450e24f2ab51c9325507d5960589b926a114eb25d926116c5,146c3e821e8145d085eb90027904fa7f60f9de8430825fefc368f5c286fa991b,e4dc0239b31668795d21300a66867c5276965a1d82faa81f7e20c1000527dc79,
2.1.0,MC-E20,e20_full_20260721_150753,2026-07-21T15:09:00.904658+00:00,grover_8,Grover,8,50,796.0,-14.92,-1492.0,11,503.0,-44.72727272727273,0,360.0,0.0,0,360.0,0.0,0,102.0,0.0,0.9999999999999308,0.0192286968231201,qiskit,transpiler,2.4.1,3,ok,42,0,experiments/e20_multi_compiler_full/run.py,cf4c43a166f171d450e24f2ab51c9325507d5960589b926a114eb25d926116c5,5d7e25c61558659bfec25da3a9815e5b308b70cddd365858f387f3042bf9782e,57d6e1ae5a5bb4de5e6c5b8d372225937fec8a1333a44a9f6752075464861c99,"Single Grover iteration, random marked state"
2.1.0,MC-E20,e20_full_20260721_150753,2026-07-21T15:09:01.640533+00:00,grover_8,Grover,8,50,,,,11,,,0,,,0,,,0,,,,0.7338690757751465,cirq,optimize_for_target_gateset+eject_z+merge_1q,1.6.1,default,"error: ""<input>:592,0: 'sx' is not defined in this scope""",42,0,experiments/e20_multi_compiler_full/run.py,cf4c43a166f171d450e24f2ab51c9325507d5960589b926a114eb25d926116c5,5d7e25c61558659bfec25da3a9815e5b308b70cddd365858f387f3042bf9782e,none,"Single Grover iteration, random marked state"
2.1.0,MC-E20,e20_full_20260721_150753,2026-07-21T15:09:10.235848+00:00,adder_8,Adder,10,18,18.0,0.0,0.0,10,10.0,0.0,6,6.0,0.0,6,6.0,0.0,0,0.0,0.0,,0.0093488693237304,qiskit,transpiler,2.4.1,3,ok,42,0,experiments/e20_multi_compiler_full/run.py,cf4c43a166f171d450e24f2ab51c9325507d5960589b926a114eb25d926116c5,2164019ee5e79f18f2d1ccc22ecf54065aa0ae6d801bbde583c7eea6b58de838,d5c8566c3d12e28705dfce12294cea96fcac04ae89868f375e113f3b2d11e6f5,"Ripple-carry adder, random inputs"
2.1.0,MC-E20,e20_full_20260721_150753,2026-07-21T15:09:11.329091+00:00,qwalk_8,QuantumWalk,9,106,4551.0,-41.93396226415094,-4193.396226415094,59,3163.0,-52.61016949152543,6,1962.0,-326.0,6,1962.0,-326.0,0,539.0,0.0,,0.0676848888397216,qiskit,transpiler,2.4.1,3,ok,42,0,experiments/e20_multi_compiler_full/run.py,cf4c43a166f171d450e24f2ab51c9325507d5960589b926a114eb25d926116c5,c87b9484c4beef472be5022d93d257f62405257791b4d59fe1f7dd44b598d8dc,fae07c57533da7bdd2425a548748a59fc462db14f1ebea3502d691062cdb9553,"DTQW on cycle, 3 steps"
2.1.0,MC-E20,e20_full_20260721_150753,2026-07-21T15:10:26.881622+00:00,iqp_8,IQP,8,41,20.0,0.5121951219512195,51.21951219512195,9,5.0,0.4444444444444444,7,5.0,0.2857142857142857,0,0.0,0.0,0,0.0,0.0,0.9999999999999968,0.0199286937713623,qiskit,transpiler,2.4.1,3,ok,42,0,experiments/e20_multi_compiler_full/run.py,cf4c43a166f171d450e24f2ab51c9325507d5960589b926a114eb25d926116c5,2d71c39b26582071bf61dcf0fd75c33b46d5626b7983e36e786fa74e823155c6,3180fe050684ada61141fd6d69b619eb6ef97dfefe6bd254eee35970e9aea24f,"IQP circuit, 3 diagonal layers"
2.1.0,MC-E20,e20_full_20260721_150753,2026-07-21T15:10:26.977875+00:00,iqp_8,IQP,8,41,35.0,0.1463414634146341,14.634146341463415,9,8.0,0.1111111111111111,7,7.0,0.0,0,0.0,0.0,0,4.0,0.0,0.9999999999999956,0.0297932624816894,cirq,optimize_for_target_gateset+eject_z+merge_1q,1.6.1,default,ok,42,0,experiments/e20_multi_compiler_full/run.py,cf4c43a166f171d450e24f2ab51c9325507d5960589b926a114eb25d926116c5,2d71c39b26582071bf61dcf0fd75c33b46d5626b7983e36e786fa74e823155c6,93803eae1ee46ba2d75e786d96ae58e11f1e8bd89a1668139fd9c762dc271f7d,"IQP circuit, 3 diagonal layers"
2.1.0,MC-E20,e20_full_20260721_150753,2026-07-21T15:10:27.332805+00:00,clifford_8,RandomClifford,8,56,20.0,0.6428571428571428,64.28571428571428,12,7.0,0.4166666666666666,7,6.0,0.1428571428571429,7,5.0,0.2857142857142857,19,3.0,0.8421052631578947,0.9999999999999968,0.0051918029785156,qiskit,transpiler,2.4.1,3,ok,42,0,experiments/e20_multi_compiler_full/run.py,cf4c43a166f171d450e24f2ab51c9325507d5960589b926a114eb25d926116c5,3cb9f2651afb8f2f779991fabaa51b5b5213c87aadc3075b406a14441a8d4cdd,341bbe687d492bb7b0e48c6a9b1a4972e9a710910d02a68f578e4fc354212097,"Random Clifford, depth=10"
2.1.0,MC-E20,e20_full_20260721_150753,2026-07-21T15:10:27.458919+00:00,clifford_8,RandomClifford,8,56,37.0,0.3392857142857143,33.92857142857143,12,11.0,0.0833333333333333,7,7.0,0.0,7,7.0,0.0,19,8.0,0.5789473684210527,0.9999999999999942,0.030548095703125,cirq,optimize_for_target_gateset+eject_z+merge_1q,1.6.1,default,ok,42,0,experiments/e20_multi_compiler_full/run.py,cf4c43a166f171d450e24f2ab51c9325507d5960589b926a114eb25d926116c5,3cb9f2651afb8f2f779991fabaa51b5b5213c87aadc3075b406a14441a8d4cdd,1e7357caea870b74f951cf02fd9437a844185896ecfa3fa60797016e037d3930,"Random Clifford, depth=10"
2.1.0,MC-E20,e20_full_20260721_150753,2026-07-21T15:10:27.785005+00:00,surface_code_8,SurfaceCode,9,13,13.0,0.0,0.0,10,10.0,0.0,8,8.0,0.0,8,8.0,0.0,0,0.0,0.0,,0.0,qiskit,transpiler,2.4.1,3,ok,42,0,experiments/e20_multi_compiler_full/run.py,cf4c43a166f171d450e24f2ab51c9325507d5960589b926a114eb25d926116c5,15085463bb9acfc3d3c2fcc7416945689cf8dbdf38ee63960843c17c716d519e,15085463bb9acfc3d3c2fcc7416945689cf8dbdf38ee63960843c17c716d519e,X-stabilizer syndrome extraction
2.1.0,MC-E20,e20_full_20260721_150753,2026-07-21T15:10:28.223031+00:00,uccsd_8,UCCSD_inspired,8,80,60.0,0.25,25.0,31,27.0,0.1290322580645161,36,28.0,0.2222222222222222,36,28.0,0.2222222222222222,0,0.0,0.0,1.0,0.0,qiskit,transpiler,2.4.1,3,ok,42,0,experiments/e20_multi_compiler_full/run.py,cf4c43a166f171d450e24f2ab51c9325507d5960589b926a114eb25d926116c5,22551b784d24a75d9256bbd007b935019702d979f1a26edaef3c56d99546120b,54c74c2e6b157e0a7801275f5eb3307028b93a313c4bfd4a83eb76249043f02f,Parameterized ansatz INSPIRED BY (not true) UCCSD; see make_parameterized_ansatz docstring. Renamed from 'UCCSD' to 'UCCSD_inspired' per review L3 to avoid false claim.
2.1.0,MC-E20,e20_full_20260721_150753,2026-07-21T15:10:28.426177+00:00,uccsd_8,UCCSD_inspired,8,80,68.0,0.15,15.000000000000002,31,28.0,0.0967741935483871,36,36.0,0.0,36,36.0,0.0,0,0.0,0.0,1.0,0.0466699600219726,cirq,optimize_for_target_gateset+eject_z+merge_1q,1.6.1,default,ok,42,0,experiments/e20_multi_compiler_full/run.py,cf4c43a166f171d450e24f2ab51c9325507d5960589b926a114eb25d926116c5,22551b784d24a75d9256bbd007b935019702d979f1a26edaef3c56d99546120b,b2fbdbd17790b324f51a802983ab1cde291540afc3d093829d99ad65a22e3a52,Parameterized ansatz INSPIRED BY (not true) UCCSD; see make_parameterized_ansatz docstring. Renamed from 'UCCSD' to 'UCCSD_inspired' per review L3 to avoid false claim.
2.1.0,MC-E20,e20_full_20260721_150753,2026-07-21T15:10:29.620960+00:00,haar_4,HaarRandom,4,275,257.0,0.0654545454545454,6.545454545454543,189,189.0,0.0,95,95.0,0.0,95,95.0,0.0,0,0.0,0.0,0.999999999999995,0.0063624382019042,qiskit,transpiler,2.4.1,3,ok,42,0,experiments/e20_multi_compiler_full/run.py,cf4c43a166f171d450e24f2ab51c9325507d5960589b926a114eb25d926116c5,e3adab92c21c196187f532884a3df148d0a31b733a6a8e5a838d602438d54f2d,86551e945b908f7c56f6866ce1e86d4130a28d0f0979044cdf1d0d7e890928b8,"Haar-random unitary, exact synthesis"
2.1.0,MC-E20,e20_full_20260721_150753,2026-07-21T15:10:29.878840+00:00,haar_4,HaarRandom,4,275,367.0,-0.3345454545454545,-33.454545454545446,189,238.0,-0.2592592592592593,95,95.0,0.0,95,95.0,0.0,0,16.0,0.0,0.9999999999999958,0.2102913856506347,cirq,optimize_for_target_gateset+eject_z+merge_1q,1.6.1,default,ok,42,0,experiments/e20_multi_compiler_full/run.py,cf4c43a166f171d450e24f2ab51c9325507d5960589b926a114eb25d926116c5,e3adab92c21c196187f532884a3df148d0a31b733a6a8e5a838d602438d54f2d,68d919ca7a748c8cac1ee45989e848f0141bdb5a62de5b112c18bbc73c045594,"Haar-random unitary, exact synthesis"
2.1.0,MC-E20,e20_full_20260721_150753,2026-07-21T15:10:32.277034+00:00,haar_4,HaarRandom,4,275,257.0,0.0654545454545454,6.545454545454543,189,189.0,0.0,95,95.0,0.0,95,95.0,0.0,0,0.0,0.0,0.9999999999999992,2.3625235557556152,tket,FullPeepholeOptimise,2.18.0,default,ok,42,0,experiments/e20_multi_compiler_full/run.py,cf4c43a166f171d450e24f2ab51c9325507d5960589b926a114eb25d926116c5,e3adab92c21c196187f532884a3df148d0a31b733a6a8e5a838d602438d54f2d,4b3dadd86f3b08f9e0cce63d22b512f6138fecd859d31af01d4ecf898c42b2d3,"Haar-random unitary, exact synthesis"
2.1.0,MC-E20,e20_full_20260721_150753,2026-07-21T15:10:32.576690+00:00,qft_4,QFT,4,10,10.0,0.0,0.0,7,7.0,0.0,6,6.0,0.0,0,0.0,0.0,0,0.0,0.0,0.9999999999999988,0.0219330787658691,qiskit,transpiler,2.4.1,3,ok,43,1,experiments/e20_multi_compiler_full/run.py,cf4c43a166f171d450e24f2ab51c9325507d5960589b926a114eb25d926116c5,ec754f7e3892ee8ca405ace36ffa2cf3d8489863d2f83852f623de773dd94b1e,001408f6c8b62c5aa1e72c56729dcc2520332ae2954b17daf86162a5a4f46ac6,
2.1.0,MC-E20,e20_full_20260721_150753,2026-07-21T15:10:32.606767+00:00,qft_4,QFT,4,10,,,,7,,,6,,,0,,,0,,,,0.0300772190093994,cirq,optimize_for_target_gateset+eject_z+merge_1q,1.6.1,default,"error: ""<input>:17,0: 'sx' is not defined in this scope""",43,1,experiments/e20_multi_compiler_full/run.py,cf4c43a166f171d450e24f2ab51c9325507d5960589b926a114eb25d926116c5,ec754f7e3892ee8ca405ace36ffa2cf3d8489863d2f83852f623de773dd94b1e,none,
2.1.0,MC-E20,e20_full_20260721_150753,2026-07-21T15:10:32.848616+00:00,qft_4,QFT,4,10,31.0,-2.1,-210.0,7,19.0,-1.7142857142857144,6,12.0,-1.0,0,12.0,0.0,0,0.0,0.0,1.0,0.2378416061401367,tket,FullPeepholeOptimise,2.18.0,default,ok,43,1,experiments/e20_multi_compiler_full/run.py,cf4c43a166f171d450e24f2ab51c9325507d5960589b926a114eb25d926116c5,ec754f7e3892ee8ca405ace36ffa2cf3d8489863d2f83852f623de773dd94b1e,1c29c769144f94e13e3a392f195ebc1c6cfc77bad3bffa3aa293760f9e7c4679,
2.1.0,MC-E20,e20_full_20260721_150753,2026-07-21T15:10:32.869956+00:00,ghz_4,GHZ,4,4,4.0,0.0,0.0,4,4.0,0.0,3,3.0,0.0,3,3.0,0.0,0,0.0,0.0,0.9999999999999996,0.0091094970703125,qiskit,transpiler,2.4.1,3,ok,43,1,experiments/e20_multi_compiler_full/run.py,cf4c43a166f171d450e24f2ab51c9325507d5960589b926a114eb25d926116c5,632a65a86fd9bfab17ccedbd10b32b45490cc33030a23af0d675ad3e8ad7a445,632a65a86fd9bfab17ccedbd10b32b45490cc33030a23af0d675ad3e8ad7a445,
2.1.0,MC-E20,e20_full_20260721_150753,2026-07-21T15:10:32.888736+00:00,ghz_4,GHZ,4,4,5.0,-0.25,-25.0,4,5.0,-0.25,3,3.0,0.0,3,3.0,0.0,0,0.0,0.0,0.9999999999999996,0.0161480903625488,cirq,optimize_for_target_gateset+eject_z+merge_1q,1.6.1,default,ok,43,1,experiments/e20_multi_compiler_full/run.py,cf4c43a166f171d450e24f2ab51c9325507d5960589b926a114eb25d926116c5,632a65a86fd9bfab17ccedbd10b32b45490cc33030a23af0d675ad3e8ad7a445,06491f2cd8fd8193e00cd40c6bc0442b5ca960f1c6e319f098b23e2c3ef0bc78,
2.1.0,MC-E20,e20_full_20260721_150753,2026-07-21T15:10:32.966104+00:00,ghz_4,GHZ,4,4,4.0,0.0,0.0,4,4.0,0.0,3,3.0,0.0,3,3.0,0.0,0,0.0,0.0,1.0,0.0773675441741943,tket,FullPeepholeOptimise,2.18.0,default,ok,43,1,experiments/e20_multi_compiler_full/run.py,cf4c43a166f171d450e24f2ab51c9325507d5960589b926a114eb25d926116c5,632a65a86fd9bfab17ccedbd10b32b45490cc33030a23af0d675ad3e8ad7a445,0ca2e20394ef52eecba8c72454ae73e952a311d06ff639876717b3ceaa156322,
2.1.0,MC-E20,e20_full_20260721_150753,2026-07-21T15:10:32.994814+00:00,cnot_chain_4,CNOT,4,24,0.0,1.0,100.0,18,0.0,1.0,24,0.0,1.0,24,0.0,1.0,0,0.0,0.0,1.0,0.0142650604248046,qiskit,transpiler,2.4.1,3,ok,43,1,experiments/e20_multi_compiler_full/run.py,cf4c43a166f171d450e24f2ab51c9325507d5960589b926a114eb25d926116c5,c15ccd1efbe0b71c21464e888a978afbe6b6cf006bd895873c7d9b8e51efbaf0,80cb67051feabb1a835727fede3367602f1e692e3ec9d1d7247266c73803bd7d,
2.1.0,MC-E20,e20_full_20260721_150753,2026-07-21T15:10:33.023578+00:00,cnot_chain_4,CNOT,4,24,24.0,0.0,0.0,18,18.0,0.0,24,24.0,0.0,24,24.0,0.0,0,0.0,0.0,1.0,0.0256106853485107,cirq,optimize_for_target_gateset+eject_z+merge_1q,1.6.1,default,ok,43,1,experiments/e20_multi_compiler_full/run.py,cf4c43a166f171d450e24f2ab51c9325507d5960589b926a114eb25d926116c5,c15ccd1efbe0b71c21464e888a978afbe6b6cf006bd895873c7d9b8e51efbaf0,1c48b34ca8afe4511d74e3b454e70aaafbcd3af62f2f6f4baaa92a9c810a5a2d,
2.1.0,MC-E20,e20_full_20260721_150753,2026-07-21T15:10:33.029576+00:00,cnot_chain_4,CNOT,4,24,0.0,1.0,100.0,18,0.0,1.0,24,0.0,1.0,24,0.0,1.0,0,0.0,0.0,1.0,0.0038435459136962,tket,FullPeepholeOptimise,2.18.0,default,ok,43,1,experiments/e20_multi_compiler_full/run.py,cf4c43a166f171d450e24f2ab51c9325507d5960589b926a114eb25d926116c5,c15ccd1efbe0b71c21464e888a978afbe6b6cf006bd895873c7d9b8e51efbaf0,80cb67051feabb1a835727fede3367602f1e692e3ec9d1d7247266c73803bd7d,
2.1.0,MC-E20,e20_full_20260721_150753,2026-07-21T15:10:33.054101+00:00,bv_4,Oracle,5,14,8.0,0.4285714285714286,42.85714285714286,6,4.0,0.3333333333333333,2,2.0,0.0,2,2.0,0.0,0,0.0,0.0,0.999999999999998,0.0,qiskit,transpiler,2.4.1,3,ok,43,1,experiments/e20_multi_compiler_full/run.py,cf4c43a166f171d450e24f2ab51c9325507d5960589b926a114eb25d926116c5,4ae8943f799faae7e1b0ea35ba0735dacc8733ca21e488e404fc3b8431d95cd9,9a125b2a21e9122766877d69900711a381e4c69e2f6a4c9aa4a3e9c498c0eb2e,
2.1.0,MC-E20,e20_full_20260721_150753,2026-07-21T15:10:33.070689+00:00,bv_4,Oracle,5,14,12.0,0.1428571428571429,14.28571428571429,6,6.0,0.0,2,2.0,0.0,2,2.0,0.0,0,0.0,0.0,,0.0165872573852539,cirq,optimize_for_target_gateset+eject_z+merge_1q,1.6.1,default,ok,43,1,experiments/e20_multi_compiler_full/run.py,cf4c43a166f171d450e24f2ab51c9325507d5960589b926a114eb25d926116c5,4ae8943f799faae7e1b0ea35ba0735dacc8733ca21e488e404fc3b8431d95cd9,0289852fbdbd05c8a99d98529fac35da4e11bf75fe22ba6ad6375fd6b5734198,
2.1.0,MC-E20,e20_full_20260721_150753,2026-07-21T15:10:33.147114+00:00,bv_4,Oracle,5,14,8.0,0.4285714285714286,42.85714285714286,6,4.0,0.3333333333333333,2,2.0,0.0,2,2.0,0.0,0,0.0,0.0,0.9999999999999988,0.0764248371124267,tket,FullPeepholeOptimise,2.18.0,default,ok,43,1,experiments/e20_multi_compiler_full/run.py,cf4c43a166f171d450e24f2ab51c9325507d5960589b926a114eb25d926116c5,4ae8943f799faae7e1b0ea35ba0735dacc8733ca21e488e404fc3b8431d95cd9,ef7f938976573d552cd7213153f64c96c7979aff2940ae8bf9f2ec9d50ed6ede,
2.1.0,MC-E20,e20_full_20260721_150753,2026-07-21T15:10:33.181990+00:00,qaoa_line_4,QAOA,4,30,30.0,0.0,0.0,18,18.0,0.0,12,12.0,0.0,12,12.0,0.0,0,0.0,0.0,0.9999999999999996,0.0069735050201416,qiskit,transpiler,2.4.1,3,ok,43,1,experiments/e20_multi_compiler_full/run.py,cf4c43a166f171d450e24f2ab51c9325507d5960589b926a114eb25d926116c5,e2f84665e1cffa440a5e87894da8a7d5290b1ad37dd429ba5b2fde80de80dba3,e2f84665e1cffa440a5e87894da8a7d5290b1ad37dd429ba5b2fde80de80dba3,
2.1.0,MC-E20,e20_full_20260721_150753,2026-07-21T15:10:33.215033+00:00,qaoa_line_4,QAOA,4,30,34.0,-0.1333333333333333,-13.33333333333333,18,19.0,-0.0555555555555555,12,12.0,0.0,12,12.0,0.0,0,0.0,0.0,1.0,0.0330429077148437,cirq,optimize_for_target_gateset+eject_z+merge_1q,1.6.1,default,ok,43,1,experiments/e20_multi_compiler_full/run.py,cf4c43a166f171d450e24f2ab51c9325507d5960589b926a114eb25d926116c5,e2f84665e1cffa440a5e87894da8a7d5290b1ad37dd429ba5b2fde80de80dba3,de7a7cf227771b15cc6d0d06e4baef67b4561f67e53674c7e2c872c920d027b3,
2.1.0,MC-E20,e20_full_20260721_150753,2026-07-21T15:10:33.490969+00:00,qaoa_line_4,QAOA,4,30,28.0,0.0666666666666666,6.666666666666665,18,18.0,0.0,12,12.0,0.0,12,12.0,0.0,0,0.0,0.0,1.0000000000000009,0.2759358882904053,tket,FullPeepholeOptimise,2.18.0,default,ok,43,1,experiments/e20_multi_compiler_full/run.py,cf4c43a166f171d450e24f2ab51c9325507d5960589b926a114eb25d926116c5,e2f84665e1cffa440a5e87894da8a7d5290b1ad37dd429ba5b2fde80de80dba3,f0e576f1b74f0f887306b75fc47d4269ad68a58852ce052e82ad4bf6ef0dd33e,
2.1.0,MC-E20,e20_full_20260721_150753,2026-07-21T15:10:33.523612+00:00,vqe_twolocal_4,VQE,4,30,18.0,0.4,40.0,11,8.0,0.2727272727272727,6,6.0,0.0,6,6.0,0.0,0,0.0,0.0,1.0,0.0,qiskit,transpiler,2.4.1,3,ok,43,1,experiments/e20_multi_compiler_full/run.py,cf4c43a166f171d450e24f2ab51c9325507d5960589b926a114eb25d926116c5,ad8804644e5e139c571b4ff37f9208490e3e696d99dd0b9a095fb9fa4beb9550,552df424118ef6dd17752ebfd28a03eb7dba209b1180b15732ce58ed9f299558,
2.1.0,MC-E20,e20_full_20260721_150753,2026-07-21T15:10:33.551261+00:00,vqe_twolocal_4,VQE,4,30,30.0,0.0,0.0,11,11.0,0.0,6,6.0,0.0,6,6.0,0.0,0,0.0,0.0,1.0,0.0276484489440917,cirq,optimize_for_target_gateset+eject_z+merge_1q,1.6.1,default,ok,43,1,experiments/e20_multi_compiler_full/run.py,cf4c43a166f171d450e24f2ab51c9325507d5960589b926a114eb25d926116c5,ad8804644e5e139c571b4ff37f9208490e3e696d99dd0b9a095fb9fa4beb9550,b2fbf4b3b4058b11c45654a422320d2551e81abba9dad47b1a111118fdeb4235,
2.1.0,MC-E20,e20_full_20260721_150753,2026-07-21T15:10:33.783491+00:00,vqe_twolocal_4,VQE,4,30,18.0,0.4,40.0,11,8.0,0.2727272727272727,6,6.0,0.0,6,6.0,0.0,0,0.0,0.0,1.0,0.2322304248809814,tket,FullPeepholeOptimise,2.18.0,default,ok,43,1,experiments/e20_multi_compiler_full/run.py,cf4c43a166f171d450e24f2ab51c9325507d5960589b926a114eb25d926116c5,ad8804644e5e139c571b4ff37f9208490e3e696d99dd0b9a095fb9fa4beb9550,a29faa32d51d5596dec31cf2f8f5a1ae42956d7096d09d715a71e91fe5b88242,
2.1.0,MC-E20,e20_full_20260721_150753,2026-07-21T15:10:33.824001+00:00,hardware_eff_4,HardwareEfficient,4,22,14.0,0.3636363636363636,36.36363636363637,8,6.0,0.25,6,6.0,0.0,6,6.0,0.0,0,0.0,0.0,1.0,0.0141198635101318,qiskit,transpiler,2.4.1,3,ok,43,1,experiments/e20_multi_compiler_full/run.py,cf4c43a166f171d450e24f2ab51c9325507d5960589b926a114eb25d926116c5,76bec993153e3bcf2e1f00640777a0af57c90391f8c9694009caad8f196d8e07,d475e437b07d078b41c43468f370b4612b839c20994622aeabe83048a939f464,
2.1.0,MC-E20,e20_full_20260721_150753,2026-07-21T15:10:33.855711+00:00,hardware_eff_4,HardwareEfficient,4,22,22.0,0.0,0.0,8,8.0,0.0,6,6.0,0.0,6,6.0,0.0,0,0.0,0.0,0.9999999999999998,0.0142192840576171,cirq,optimize_for_target_gateset+eject_z+merge_1q,1.6.1,default,ok,43,1,experiments/e20_multi_compiler_full/run.py,cf4c43a166f171d450e24f2ab51c9325507d5960589b926a114eb25d926116c5,76bec993153e3bcf2e1f00640777a0af57c90391f8c9694009caad8f196d8e07,8ddc2fa4cf5d12d1e5f61d93c613f22656136e40125d47944fd51c87ab148451,
2.1.0,MC-E20,e20_full_20260721_150753,2026-07-21T15:10:34.084410+00:00,hardware_eff_4,HardwareEfficient,4,22,14.0,0.3636363636363636,36.36363636363637,8,6.0,0.25,6,6.0,0.0,6,6.0,0.0,0,0.0,0.0,0.9999999999999998,0.2212800979614257,tket,FullPeepholeOptimise,2.18.0,default,ok,43,1,experiments/e20_multi_compiler_full/run.py,cf4c43a166f171d450e24f2ab51c9325507d5960589b926a114eb25d926116c5,76bec993153e3bcf2e1f00640777a0af57c90391f8c9694009caad8f196d8e07,3e4aeabafea5bfdc021224766cc27c1ae2515fc9fd7704b4e28760cbdbdf1019,
2.1.0,MC-E20,e20_full_20260721_150753,2026-07-21T15:10:34.116347+00:00,grover_4,Grover,4,32,62.0,-0.9375,-93.75,11,53.0,-3.8181818181818175,0,28.0,0.0,0,28.0,0.0,0,0.0,0.0,0.999999999999994,0.0,qiskit,transpiler,2.4.1,3,ok,43,1,experiments/e20_multi_compiler_full/run.py,cf4c43a166f171d450e24f2ab51c9325507d5960589b926a114eb25d926116c5,1c6c6ad4c9df8b50d448fc942a1b43a006f3721c5fe1f3e80840c2d37be363f7,dee801d4a10feec429b8d729ef90136d4be3c1b7b5732b86dbd46bb63ae6b577,"Single Grover iteration, random marked state"
2.1.0,MC-E20,e20_full_20260721_150753,2026-07-21T15:10:34.177008+00:00,grover_4,Grover,4,32,76.0,-1.375,-137.5,11,57.0,-4.181818181818182,0,28.0,0.0,0,28.0,0.0,0,0.0,0.0,0.9999999999999928,0.042496919631958,cirq,optimize_for_target_gateset+eject_z+merge_1q,1.6.1,default,ok,43,1,experiments/e20_multi_compiler_full/run.py,cf4c43a166f171d450e24f2ab51c9325507d5960589b926a114eb25d926116c5,1c6c6ad4c9df8b50d448fc942a1b43a006f3721c5fe1f3e80840c2d37be363f7,33407022ee25e1efe5ea8a4a65440d8bfffa62d5d5b9ae80a5cf506d455e3c88,"Single Grover iteration, random marked state"
2.1.0,MC-E20,e20_full_20260721_150753,2026-07-21T15:10:34.931815+00:00,grover_4,Grover,4,32,64.0,-1.0,-100.0,11,55.0,-4.0,0,28.0,0.0,0,28.0,0.0,0,0.0,0.0,0.9999999999999968,0.738875150680542,tket,FullPeepholeOptimise,2.18.0,default,ok,43,1,experiments/e20_multi_compiler_full/run.py,cf4c43a166f171d450e24f2ab51c9325507d5960589b926a114eb25d926116c5,1c6c6ad4c9df8b50d448fc942a1b43a006f3721c5fe1f3e80840c2d37be363f7,125f78a317db6d7c92eb5c8c9f4d513f1312633b110867c737f7b4196f983743,"Single Grover iteration, random marked state"
2.1.0,MC-E20,e20_full_20260721_150753,2026-07-21T15:10:34.962349+00:00,adder_4,Adder,4,7,7.0,0.0,0.0,6,6.0,0.0,2,2.0,0.0,2,2.0,0.0,0,0.0,0.0,1.0,0.0144405364990234,qiskit,transpiler,2.4.1,3,ok,43,1,experiments/e20_multi_compiler_full/run.py,cf4c43a166f171d450e24f2ab51c9325507d5960589b926a114eb25d926116c5,0cdd5a16e73c23ba58925f4d39695d1266fd02932361888693ce1d5d922fd6ce,0cdd5a16e73c23ba58925f4d39695d1266fd02932361888693ce1d5d922fd6ce,"Ripple-carry adder, random inputs"
2.1.0,MC-E20,e20_full_20260721_150753,2026-07-21T15:10:34.969158+00:00,adder_4,Adder,4,7,7.0,0.0,0.0,6,6.0,0.0,2,2.0,0.0,2,2.0,0.0,0,0.0,0.0,1.0,0.0047671794891357,cirq,optimize_for_target_gateset+eject_z+merge_1q,1.6.1,default,ok,43,1,experiments/e20_multi_compiler_full/run.py,cf4c43a166f171d450e24f2ab51c9325507d5960589b926a114eb25d926116c5,0cdd5a16e73c23ba58925f4d39695d1266fd02932361888693ce1d5d922fd6ce,7f3c194e3ffe996a2fc647a7ff01f11a58e4dcb5a6b818450ae62a4f138cfb57,"Ripple-carry adder, random inputs"
2.1.0,MC-E20,e20_full_20260721_150753,2026-07-21T15:10:35.297807+00:00,adder_4,Adder,4,7,38.0,-4.428571428571429,-442.8571428571429,6,29.0,-3.833333333333333,2,18.0,-8.0,2,18.0,-8.0,0,0.0,0.0,1.0000000000000009,0.3265964984893799,tket,FullPeepholeOptimise,2.18.0,default,ok,43,1,experiments/e20_multi_compiler_full/run.py,cf4c43a166f171d450e24f2ab51c9325507d5960589b926a114eb25d926116c5,0cdd5a16e73c23ba58925f4d39695d1266fd02932361888693ce1d5d922fd6ce,63dd85d0b6eee332a21dec60068ec9f069e9c7453472dc52c5db7bf768a62137,"Ripple-carry adder, random inputs"
2.1.0,MC-E20,e20_full_20260721_150753,2026-07-21T15:10:35.422367+00:00,qwalk_4,QuantumWalk,5,58,453.0,-6.810344827586207,-681.0344827586207,35,387.0,-10.057142857142855,6,252.0,-41.0,6,198.0,-32.0,0,36.0,0.0,0.9999999999999498,0.0047643184661865,qiskit,transpiler,2.4.1,3,ok,43,1,experiments/e20_multi_compiler_full/run.py,cf4c43a166f171d450e24f2ab51c9325507d5960589b926a114eb25d926116c5,906e999f0e432aaebaa22e21c190d2b9316cabc688cb62e738fbdac4bd966b93,d9868fc66f46a97588ae0392886a222e1d453efbff3b18fdad5525b0649b3c36,"DTQW on cycle, 3 steps"
2.1.0,MC-E20,e20_full_20260721_150753,2026-07-21T15:10:35.751592+00:00,qwalk_4,QuantumWalk,5,58,,,,35,,,6,,,6,,,0,,,,0.3272197246551513,cirq,optimize_for_target_gateset+eject_z+merge_1q,1.6.1,default,"error: ""<input>:27,0: 'sx' is not defined in this scope""",43,1,experiments/e20_multi_compiler_full/run.py,cf4c43a166f171d450e24f2ab51c9325507d5960589b926a114eb25d926116c5,906e999f0e432aaebaa22e21c190d2b9316cabc688cb62e738fbdac4bd966b93,none,"DTQW on cycle, 3 steps"
2.1.0,MC-E20,e20_full_20260721_150753,2026-07-21T15:10:43.263720+00:00,qwalk_4,QuantumWalk,5,58,686.0,-10.827586206896552,-1082.7586206896551,35,534.0,-14.257142857142858,6,330.0,-54.0,6,330.0,-54.0,0,0.0,0.0,0.9999999999999708,7.3954691886901855,tket,FullPeepholeOptimise,2.18.0,default,ok,43,1,experiments/e20_multi_compiler_full/run.py,cf4c43a166f171d450e24f2ab51c9325507d5960589b926a114eb25d926116c5,906e999f0e432aaebaa22e21c190d2b9316cabc688cb62e738fbdac4bd966b93,307fc16fd0e3e3634ef746dabf1b57a2a1c17a11b5ee42e67e07b9213f33978d,"DTQW on cycle, 3 steps"
2.1.0,MC-E20,e20_full_20260721_150753,2026-07-21T15:10:43.293394+00:00,iqp_4,IQP,4,17,8.0,0.5294117647058824,52.94117647058824,6,4.0,0.3333333333333333,4,2.0,0.5,0,0.0,0.0,0,0.0,0.0,0.999999999999998,0.0,qiskit,transpiler,2.4.1,3,ok,43,1,experiments/e20_multi_compiler_full/run.py,cf4c43a166f171d450e24f2ab51c9325507d5960589b926a114eb25d926116c5,242a882f80ce5a6671bf925e18c08367fc93acd6d93c6a748ea327d9d0f88681,2c6bf340a3f3f126f6ebd4004d5692225c96c43a1277e1875f388b52ef544624,"IQP circuit, 3 diagonal layers"
2.1.0,MC-E20,e20_full_20260721_150753,2026-07-21T15:10:43.309499+00:00,iqp_4,IQP,4,17,20.0,-0.1764705882352941,-17.647058823529417,6,7.0,-0.1666666666666667,4,4.0,0.0,0,0.0,0.0,0,3.0,0.0,0.999999999999998,0.0156562328338623,cirq,optimize_for_target_gateset+eject_z+merge_1q,1.6.1,default,ok,43,1,experiments/e20_multi_compiler_full/run.py,cf4c43a166f171d450e24f2ab51c9325507d5960589b926a114eb25d926116c5,242a882f80ce5a6671bf925e18c08367fc93acd6d93c6a748ea327d9d0f88681,8a2b33ae0dde38ce824ece558b29314139d667a844b4f00a94707724ada8066b,"IQP circuit, 3 diagonal layers"
2.1.0,MC-E20,e20_full_20260721_150753,2026-07-21T15:10:43.427333+00:00,iqp_4,IQP,4,17,8.0,0.5294117647058824,52.94117647058824,6,5.0,0.1666666666666666,4,2.0,0.5,0,2.0,0.0,0,0.0,0.0,0.9999999999999996,0.1146373748779296,tket,FullPeepholeOptimise,2.18.0,default,ok,43,1,experiments/e20_multi_compiler_full/run.py,cf4c43a166f171d450e24f2ab51c9325507d5960589b926a114eb25d926116c5,242a882f80ce5a6671bf925e18c08367fc93acd6d93c6a748ea327d9d0f88681,dfc2ce2a0bc74ca5d599ba113f0d148f9020a0cbcce73de44f4fd915b45f0903,"IQP circuit, 3 diagonal layers"
2.1.0,MC-E20,e20_full_20260721_150753,2026-07-21T15:10:43.446194+00:00,clifford_4,RandomClifford,4,40,2.0,0.95,95.0,14,1.0,0.9285714285714286,7,2.0,0.7142857142857143,7,0.0,1.0,14,0.0,1.0,1.0000000000000018,0.0067822933197021,qiskit,transpiler,2.4.1,3,ok,43,1,experiments/e20_multi_compiler_full/run.py,cf4c43a166f171d450e24f2ab51c9325507d5960589b926a114eb25d926116c5,5d9918348c32a38ea086e50df5cd9bdc802382b4ec6eaadd904f9b6645782251,a49f15b95000bbcd7497c92fdccc1743139862d9b1f0d063ede3db105b018186,"Random Clifford, depth=10"
2.1.0,MC-E20,e20_full_20260721_150753,2026-07-21T15:10:43.483257+00:00,clifford_4,RandomClifford,4,40,31.0,0.2249999999999999,22.5,14,13.0,0.0714285714285714,7,7.0,0.0,7,7.0,0.0,14,7.0,0.5,0.9999999999999958,0.0224037170410156,cirq,optimize_for_target_gateset+eject_z+merge_1q,1.6.1,default,ok,43,1,experiments/e20_multi_compiler_full/run.py,cf4c43a166f171d450e24f2ab51c9325507d5960589b926a114eb25d926116c5,5d9918348c32a38ea086e50df5cd9bdc802382b4ec6eaadd904f9b6645782251,26015fab81cc0146e1952d7b17bd6230e337d8001ae483893c9da65a3f8bc9f3,"Random Clifford, depth=10"
2.1.0,MC-E20,e20_full_20260721_150753,2026-07-21T15:10:43.558517+00:00,clifford_4,RandomClifford,4,40,9.0,0.775,77.5,14,3.0,0.7857142857142857,7,2.0,0.7142857142857143,7,2.0,0.7142857142857143,14,0.0,1.0,0.2941176470588228,0.0632712841033935,tket,FullPeepholeOptimise,2.18.0,default,ok,43,1,experiments/e20_multi_compiler_full/run.py,cf4c43a166f171d450e24f2ab51c9325507d5960589b926a114eb25d926116c5,5d9918348c32a38ea086e50df5cd9bdc802382b4ec6eaadd904f9b6645782251,ae63612cccedebb2f58b6256e68bb777997b421444340fdf64ce8bbb53cd01b5,"Random Clifford, depth=10"
2.1.0,MC-E20,e20_full_20260721_150753,2026-07-21T15:10:43.581664+00:00,surface_code_4,SurfaceCode,5,7,7.0,0.0,0.0,6,6.0,0.0,4,4.0,0.0,4,4.0,0.0,0,0.0,0.0,0.9999999999999996,0.0084879398345947,qiskit,transpiler,2.4.1,3,ok,43,1,experiments/e20_multi_compiler_full/run.py,cf4c43a166f171d450e24f2ab51c9325507d5960589b926a114eb25d926116c5,7de15138171180eddd35e0f29e3e3ce11f0b20302daab2bc45c5be3302e9cf4d,7de15138171180eddd35e0f29e3e3ce11f0b20302daab2bc45c5be3302e9cf4d,X-stabilizer syndrome extraction
2.1.0,MC-E20,e20_full_20260721_150753,2026-07-21T15:10:43.588993+00:00,surface_code_4,SurfaceCode,5,7,9.0,-0.2857142857142858,-28.57142857142858,6,8.0,-0.3333333333333332,4,4.0,0.0,4,4.0,0.0,0,0.0,0.0,0.9999999999999996,0.0067133903503417,cirq,optimize_for_target_gateset+eject_z+merge_1q,1.6.1,default,ok,43,1,experiments/e20_multi_compiler_full/run.py,cf4c43a166f171d450e24f2ab51c9325507d5960589b926a114eb25d926116c5,7de15138171180eddd35e0f29e3e3ce11f0b20302daab2bc45c5be3302e9cf4d,9bebaf75de5cb956762ef72062e670d479309d903961ae8d62e62e1b24b0c511,X-stabilizer syndrome extraction
2.1.0,MC-E20,e20_full_20260721_150753,2026-07-21T15:10:43.738713+00:00,surface_code_4,SurfaceCode,5,7,7.0,0.0,0.0,6,6.0,0.0,4,4.0,0.0,4,4.0,0.0,0,0.0,0.0,1.0,0.1375255584716797,tket,FullPeepholeOptimise,2.18.0,default,ok,43,1,experiments/e20_multi_compiler_full/run.py,cf4c43a166f171d450e24f2ab51c9325507d5960589b926a114eb25d926116c5,7de15138171180eddd35e0f29e3e3ce11f0b20302daab2bc45c5be3302e9cf4d,d1c716140d871a172b38d98a0dade474f4f03acf458ec16146c456268be3332f,X-stabilizer syndrome extraction
2.1.0,MC-E20,e20_full_20260721_150753,2026-07-21T15:10:43.763787+00:00,uccsd_4,UCCSD_inspired,4,28,22.0,0.2142857142857143,21.42857142857143,16,15.0,0.0625,14,10.0,0.2857142857142857,14,10.0,0.2857142857142857,0,0.0,0.0,1.0000000000000004,0.0041773319244384,qiskit,transpiler,2.4.1,3,ok,43,1,experiments/e20_multi_compiler_full/run.py,cf4c43a166f171d450e24f2ab51c9325507d5960589b926a114eb25d926116c5,5039cf1747a154af6e7e0eed8ec637b7b7e8e10a5f8652ba8db1f8941e59274a,70c7c434788b4c32279a736bbffbe767b85ddc6a7fd4494585735e2174de1bfa,Parameterized ansatz INSPIRED BY (not true) UCCSD; see make_parameterized_ansatz docstring. Renamed from 'UCCSD' to 'UCCSD_inspired' per review L3 to avoid false claim.
2.1.0,MC-E20,e20_full_20260721_150753,2026-07-21T15:10:43.787865+00:00,uccsd_4,UCCSD_inspired,4,28,26.0,0.0714285714285714,7.14285714285714,16,15.0,0.0625,14,14.0,0.0,14,14.0,0.0,0,0.0,0.0,1.0000000000000004,0.0240778923034667,cirq,optimize_for_target_gateset+eject_z+merge_1q,1.6.1,default,ok,43,1,experiments/e20_multi_compiler_full/run.py,cf4c43a166f171d450e24f2ab51c9325507d5960589b926a114eb25d926116c5,5039cf1747a154af6e7e0eed8ec637b7b7e8e10a5f8652ba8db1f8941e59274a,a074e276280a8fcbbbb7ae5719fcb86d7785e8bb83f9727311802aca03779a89,Parameterized ansatz INSPIRED BY (not true) UCCSD; see make_parameterized_ansatz docstring. Renamed from 'UCCSD' to 'UCCSD_inspired' per review L3 to avoid false claim.
2.1.0,MC-E20,e20_full_20260721_150753,2026-07-21T15:10:44.138147+00:00,uccsd_4,UCCSD_inspired,4,28,22.0,0.2142857142857143,21.42857142857143,16,15.0,0.0625,14,10.0,0.2857142857142857,14,10.0,0.2857142857142857,0,0.0,0.0,1.0,0.3482162952423095,tket,FullPeepholeOptimise,2.18.0,default,ok,43,1,experiments/e20_multi_compiler_full/run.py,cf4c43a166f171d450e24f2ab51c9325507d5960589b926a114eb25d926116c5,5039cf1747a154af6e7e0eed8ec637b7b7e8e10a5f8652ba8db1f8941e59274a,cd17be4cafd8a70b9ca4af756d1004ff37127292166fb22c52ab33f5e56b3d9a,Parameterized ansatz INSPIRED BY (not true) UCCSD; see make_parameterized_ansatz docstring. Renamed from 'UCCSD' to 'UCCSD_inspired' per review L3 to avoid false claim.
2.1.0,MC-E20,e20_full_20260721_150753,2026-07-21T15:10:44.169018+00:00,qft_6,QFT,6,21,21.0,0.0,0.0,11,11.0,0.0,15,15.0,0.0,0,0.0,0.0,0,0.0,0.0,0.9999999999999996,0.0,qiskit,transpiler,2.4.1,3,ok,43,1,experiments/e20_multi_compiler_full/run.py,cf4c43a166f171d450e24f2ab51c9325507d5960589b926a114eb25d926116c5,e761adf8efeac5c21762208c08429dd4686d16eb4cbc1582e6d4ebc809852f66,ce325feb7eafc0f7673a16bbc3b51544984abb6d137b6ba7752bea283600c12b,
2.1.0,MC-E20,e20_full_20260721_150753,2026-07-21T15:10:44.225677+00:00,qft_6,QFT,6,21,,,,11,,,15,,,0,,,0,,,,0.0546503067016601,cirq,optimize_for_target_gateset+eject_z+merge_1q,1.6.1,default,"error: ""<input>:17,0: 'sx' is not defined in this scope""",43,1,experiments/e20_multi_compiler_full/run.py,cf4c43a166f171d450e24f2ab51c9325507d5960589b926a114eb25d926116c5,e761adf8efeac5c21762208c08429dd4686d16eb4cbc1582e6d4ebc809852f66,none,
2.1.0,MC-E20,e20_full_20260721_150753,2026-07-21T15:10:44.864552+00:00,qft_6,QFT,6,21,71.0,-2.380952380952381,-238.0952380952381,11,33.0,-2.0,15,30.0,-1.0,0,30.0,0.0,0,0.0,0.0,1.0,0.6262211799621582,tket,FullPeepholeOptimise,2.18.0,default,ok,43,1,experiments/e20_multi_compiler_full/run.py,cf4c43a166f171d450e24f2ab51c9325507d5960589b926a114eb25d926116c5,e761adf8efeac5c21762208c08429dd4686d16eb4cbc1582e6d4ebc809852f66,1e4c9ed3e36094a6271070b1f1ab2b30e856264476b0c22125357dc3af1d9cc7,
2.1.0,MC-E20,e20_full_20260721_150753,2026-07-21T15:10:44.890329+00:00,ghz_6,GHZ,6,6,6.0,0.0,0.0,6,6.0,0.0,5,5.0,0.0,5,5.0,0.0,0,0.0,0.0,0.9999999999999998,0.0080227851867675,qiskit,transpiler,2.4.1,3,ok,43,1,experiments/e20_multi_compiler_full/run.py,cf4c43a166f171d450e24f2ab51c9325507d5960589b926a114eb25d926116c5,df499dded1e0518f2f6266b9f0e35d3c81e6057b5ba6e6decbb0f26370e5bb03,df499dded1e0518f2f6266b9f0e35d3c81e6057b5ba6e6decbb0f26370e5bb03,
2.1.0,MC-E20,e20_full_20260721_150753,2026-07-21T15:10:44.907381+00:00,ghz_6,GHZ,6,6,7.0,-0.1666666666666667,-16.666666666666675,6,7.0,-0.1666666666666667,5,5.0,0.0,5,5.0,0.0,0,0.0,0.0,0.9999999999999998,0.0130414962768554,cirq,optimize_for_target_gateset+eject_z+merge_1q,1.6.1,default,ok,43,1,experiments/e20_multi_compiler_full/run.py,cf4c43a166f171d450e24f2ab51c9325507d5960589b926a114eb25d926116c5,df499dded1e0518f2f6266b9f0e35d3c81e6057b5ba6e6decbb0f26370e5bb03,d4f49c1b8be62a61d262e49773b9cb5ffaafaba57cb3618d0cc608c10726c170,
2.1.0,MC-E20,e20_full_20260721_150753,2026-07-21T15:10:45.106972+00:00,ghz_6,GHZ,6,6,6.0,0.0,0.0,6,6.0,0.0,5,5.0,0.0,5,5.0,0.0,0,0.0,0.0,1.0,0.193225622177124,tket,FullPeepholeOptimise,2.18.0,default,ok,43,1,experiments/e20_multi_compiler_full/run.py,cf4c43a166f171d450e24f2ab51c9325507d5960589b926a114eb25d926116c5,df499dded1e0518f2f6266b9f0e35d3c81e6057b5ba6e6decbb0f26370e5bb03,f5606110b4c9de2d9c41d6892ae7b8cd5a5d8a4dec34af69160c119d936ae28b,
2.1.0,MC-E20,e20_full_20260721_150753,2026-07-21T15:10:45.130938+00:00,cnot_chain_6,CNOT,6,40,0.0,1.0,100.0,22,0.0,1.0,40,0.0,1.0,40,0.0,1.0,0,0.0,0.0,1.0,0.0152108669281005,qiskit,transpiler,2.4.1,3,ok,43,1,experiments/e20_multi_compiler_full/run.py,cf4c43a166f171d450e24f2ab51c9325507d5960589b926a114eb25d926116c5,a9cbe813352eb8bbddbb6de7feecde853f066b5cf29e96a7a2f84a6cd354761a,995ca4ef9eaba10dd58f1ab322947f30c40e0f095185660849ca98aed2848347,
2.1.0,MC-E20,e20_full_20260721_150753,2026-07-21T15:10:45.170542+00:00,cnot_chain_6,CNOT,6,40,40.0,0.0,0.0,22,22.0,0.0,40,40.0,0.0,40,40.0,0.0,0,0.0,0.0,1.0,0.0301620960235595,cirq,optimize_for_target_gateset+eject_z+merge_1q,1.6.1,default,ok,43,1,experiments/e20_multi_compiler_full/run.py,cf4c43a166f171d450e24f2ab51c9325507d5960589b926a114eb25d926116c5,a9cbe813352eb8bbddbb6de7feecde853f066b5cf29e96a7a2f84a6cd354761a,2e9e1aace549c82c9407f34f36831517d192135307006f6b9830a803c04a3dc1,
2.1.0,MC-E20,e20_full_20260721_150753,2026-07-21T15:10:45.179308+00:00,cnot_chain_6,CNOT,6,40,0.0,1.0,100.0,22,0.0,1.0,40,0.0,1.0,40,0.0,1.0,0,0.0,0.0,1.0,0.0,tket,FullPeepholeOptimise,2.18.0,default,ok,43,1,experiments/e20_multi_compiler_full/run.py,cf4c43a166f171d450e24f2ab51c9325507d5960589b926a114eb25d926116c5,a9cbe813352eb8bbddbb6de7feecde853f066b5cf29e96a7a2f84a6cd354761a,995ca4ef9eaba10dd58f1ab322947f30c40e0f095185660849ca98aed2848347,
2.1.0,MC-E20,e20_full_20260721_150753,2026-07-21T15:10:45.205023+00:00,bv_6,Oracle,7,18,8.0,0.5555555555555556,55.55555555555556,6,4.0,0.3333333333333333,2,2.0,0.0,2,2.0,0.0,0,0.0,0.0,0.9999999999999968,0.0108575820922851,qiskit,transpiler,2.4.1,3,ok,43,1,experiments/e20_multi_compiler_full/run.py,cf4c43a166f171d450e24f2ab51c9325507d5960589b926a114eb25d926116c5,c86e0ee8e3940315112ab5b934d4e0ff15abe4e50502f7658f173fc4903a4dbf,0ca06926463c94766492e649007023e81b94035a973e7034d380d2df652cd744,
2.1.0,MC-E20,e20_full_20260721_150753,2026-07-21T15:10:45.231657+00:00,bv_6,Oracle,7,18,12.0,0.3333333333333333,33.333333333333336,6,6.0,0.0,2,2.0,0.0,2,2.0,0.0,0,0.0,0.0,,0.0266344547271728,cirq,optimize_for_target_gateset+eject_z+merge_1q,1.6.1,default,ok,43,1,experiments/e20_multi_compiler_full/run.py,cf4c43a166f171d450e24f2ab51c9325507d5960589b926a114eb25d926116c5,c86e0ee8e3940315112ab5b934d4e0ff15abe4e50502f7658f173fc4903a4dbf,0289852fbdbd05c8a99d98529fac35da4e11bf75fe22ba6ad6375fd6b5734198,
2.1.0,MC-E20,e20_full_20260721_150753,2026-07-21T15:10:45.366197+00:00,qaoa_line_6,QAOA,6,48,48.0,0.0,0.0,24,24.0,0.0,20,20.0,0.0,20,20.0,0.0,0,0.0,0.0,1.0,0.0097687244415283,qiskit,transpiler,2.4.1,3,ok,43,1,experiments/e20_multi_compiler_full/run.py,cf4c43a166f171d450e24f2ab51c9325507d5960589b926a114eb25d926116c5,e78db7c2aa050ff7702a127e40ec0a132e51d66d5b30b70866820ae627dbd45f,e78db7c2aa050ff7702a127e40ec0a132e51d66d5b30b70866820ae627dbd45f,
2.1.0,MC-E20,e20_full_20260721_150753,2026-07-21T15:10:45.425603+00:00,qaoa_line_6,QAOA,6,48,54.0,-0.125,-12.5,24,25.0,-0.0416666666666667,20,20.0,0.0,20,20.0,0.0,0,0.0,0.0,1.0,0.033484935760498,cirq,optimize_for_target_gateset+eject_z+merge_1q,1.6.1,default,ok,43,1,experiments/e20_multi_compiler_full/run.py,cf4c43a166f171d450e24f2ab51c9325507d5960589b926a114eb25d926116c5,e78db7c2aa050ff7702a127e40ec0a132e51d66d5b30b70866820ae627dbd45f,56d9c09370017a2016d1acc63e83344dd1a39b2e9dfc36b5646bf392ae621044,
2.1.0,MC-E20,e20_full_20260721_150753,2026-07-21T15:10:45.895242+00:00,qaoa_line_6,QAOA,6,48,46.0,0.0416666666666666,4.166666666666663,24,24.0,0.0,20,20.0,0.0,20,20.0,0.0,0,0.0,0.0,1.0000000000000018,0.4558212757110595,tket,FullPeepholeOptimise,2.18.0,default,ok,43,1,experiments/e20_multi_compiler_full/run.py,cf4c43a166f171d450e24f2ab51c9325507d5960589b926a114eb25d926116c5,e78db7c2aa050ff7702a127e40ec0a132e51d66d5b30b70866820ae627dbd45f,6faa3e9ff01512f2ad66f1599a6dced92c50e3386930181f46f53fdcf1ffb510,
2.1.0,MC-E20,e20_full_20260721_150753,2026-07-21T15:10:45.926166+00:00,vqe_twolocal_6,VQE,6,46,28.0,0.3913043478260869,39.13043478260869,13,10.0,0.2307692307692307,10,10.0,0.0,10,10.0,0.0,0,0.0,0.0,0.9999999999999996,0.0,qiskit,transpiler,2.4.1,3,ok,43,1,experiments/e20_multi_compiler_full/run.py,cf4c43a166f171d450e24f2ab51c9325507d5960589b926a114eb25d926116c5,390ecb80f3d3fe2e512fb9a5e4798e43b2e0e330280300cd1b69d4eee9d94b87,115d729ecfc0c19ee19c3420d8fa6cbcb4dcbdeadeb37f7fcb5eb1825596c99c,
2.1.0,MC-E20,e20_full_20260721_150753,2026-07-21T15:10:45.986970+00:00,vqe_twolocal_6,VQE,6,46,46.0,0.0,0.0,13,13.0,0.0,10,10.0,0.0,10,10.0,0.0,0,0.0,0.0,1.0,0.0448002815246582,cirq,optimize_for_target_gateset+eject_z+merge_1q,1.6.1,default,ok,43,1,experiments/e20_multi_compiler_full/run.py,cf4c43a166f171d450e24f2ab51c9325507d5960589b926a114eb25d926116c5,390ecb80f3d3fe2e512fb9a5e4798e43b2e0e330280300cd1b69d4eee9d94b87,e6abef8e26733f40345409781b2d4302bfb84914dd9ebc20dd3fd9f6aad7d724,
2.1.0,MC-E20,e20_full_20260721_150753,2026-07-21T15:10:46.408217+00:00,vqe_twolocal_6,VQE,6,46,28.0,0.3913043478260869,39.13043478260869,13,10.0,0.2307692307692307,10,10.0,0.0,10,10.0,0.0,0,0.0,0.0,0.9999999999999996,0.4061818122863769,tket,FullPeepholeOptimise,2.18.0,default,ok,43,1,experiments/e20_multi_compiler_full/run.py,cf4c43a166f171d450e24f2ab51c9325507d5960589b926a114eb25d926116c5,390ecb80f3d3fe2e512fb9a5e4798e43b2e0e330280300cd1b69d4eee9d94b87,4a054916147d983387d1cbb93d1dee55a0ec187c0ddbb2fb6bbca27e2eebef68,
2.1.0,MC-E20,e20_full_20260721_150753,2026-07-21T15:10:46.441594+00:00,hardware_eff_6,HardwareEfficient,6,34,22.0,0.3529411764705882,35.29411764705882,8,6.0,0.25,10,10.0,0.0,10,10.0,0.0,0,0.0,0.0,1.0,0.0076320171356201,qiskit,transpiler,2.4.1,3,ok,43,1,experiments/e20_multi_compiler_full/run.py,cf4c43a166f171d450e24f2ab51c9325507d5960589b926a114eb25d926116c5,2614dace1db72748f6b98c602e010df4ee2788ae83bffb02290b2cc9a9b9767d,987761a5b6069663aed799f17a839a95ee7337cc9d79a4431b64fa2f0abc7cc4,
2.1.0,MC-E20,e20_full_20260721_150753,2026-07-21T15:10:46.486829+00:00,hardware_eff_6,HardwareEfficient,6,34,34.0,0.0,0.0,8,8.0,0.0,10,10.0,0.0,10,10.0,0.0,0,0.0,0.0,1.0,0.0314335823059082,cirq,optimize_for_target_gateset+eject_z+merge_1q,1.6.1,default,ok,43,1,experiments/e20_multi_compiler_full/run.py,cf4c43a166f171d450e24f2ab51c9325507d5960589b926a114eb25d926116c5,2614dace1db72748f6b98c602e010df4ee2788ae83bffb02290b2cc9a9b9767d,fc4b3919d2d9314dad4e60e959aba9498b744e16d932fd43759a25fc9842efc5,
2.1.0,MC-E20,e20_full_20260721_150753,2026-07-21T15:10:46.888564+00:00,hardware_eff_6,HardwareEfficient,6,34,22.0,0.3529411764705882,35.29411764705882,8,6.0,0.25,10,10.0,0.0,10,10.0,0.0,0,0.0,0.0,1.0,0.4007656574249267,tket,FullPeepholeOptimise,2.18.0,default,ok,43,1,experiments/e20_multi_compiler_full/run.py,cf4c43a166f171d450e24f2ab51c9325507d5960589b926a114eb25d926116c5,2614dace1db72748f6b98c602e010df4ee2788ae83bffb02290b2cc9a9b9767d,8d6d456528127b99ce7ec0863cfd0efb753f9ed365225db3a7da79809a7ff411,
2.1.0,MC-E20,e20_full_20260721_150753,2026-07-21T15:10:47.036331+00:00,grover_6,Grover,6,38,20.0,0.4736842105263158,47.36842105263158,11,5.0,0.5454545454545454,0,0.0,0.0,0,0.0,0.0,0,0.0,0.0,0.9999999999999584,0.0215833187103271,qiskit,transpiler,2.4.1,3,ok,43,1,experiments/e20_multi_compiler_full/run.py,cf4c43a166f171d450e24f2ab51c9325507d5960589b926a114eb25d926116c5,51638616d069b8e1894e20d8ccccf90d1ee81f20384bfe5915689dd6b107c879,ca5adfde7c509cf63e1d36876f0f68a275bbad0fe662849c881f52595d2fa9dc,"Single Grover iteration, random marked state"
2.1.0,MC-E20,e20_full_20260721_150753,2026-07-21T15:10:47.233764+00:00,grover_6,Grover,6,38,,,,11,,,0,,,0,,,0,,,,0.1974327564239502,cirq,optimize_for_target_gateset+eject_z+merge_1q,1.6.1,default,"error: ""<input>:249,0: 'sx' is not defined in this scope""",43,1,experiments/e20_multi_compiler_full/run.py,cf4c43a166f171d450e24f2ab51c9325507d5960589b926a114eb25d926116c5,51638616d069b8e1894e20d8ccccf90d1ee81f20384bfe5915689dd6b107c879,none,"Single Grover iteration, random marked state"
2.1.0,MC-E20,e20_full_20260721_150753,2026-07-21T15:10:50.514178+00:00,grover_6,Grover,6,38,344.0,-8.052631578947368,-805.2631578947368,11,233.0,-20.181818181818183,0,160.0,0.0,0,160.0,0.0,0,0.0,0.0,0.9999999999999816,3.193267583847046,tket,FullPeepholeOptimise,2.18.0,default,ok,43,1,experiments/e20_multi_compiler_full/run.py,cf4c43a166f171d450e24f2ab51c9325507d5960589b926a114eb25d926116c5,51638616d069b8e1894e20d8ccccf90d1ee81f20384bfe5915689dd6b107c879,1b953c8c8ac238e27faed3ad4b4710e1a9215d9b0caba6bae2cc2ddfd185f8bc,"Single Grover iteration, random marked state"
2.1.0,MC-E20,e20_full_20260721_150753,2026-07-21T15:10:50.556443+00:00,adder_6,Adder,7,11,11.0,0.0,0.0,8,8.0,0.0,4,4.0,0.0,4,4.0,0.0,0,0.0,0.0,1.0,0.0090274810791015,qiskit,transpiler,2.4.1,3,ok,43,1,experiments/e20_multi_compiler_full/run.py,cf4c43a166f171d450e24f2ab51c9325507d5960589b926a114eb25d926116c5,2bc3bac3e16a924e0b659e514bdadb24402dd25bb43047e6292e84d6f96ed9cf,c583e679b5de71cffb09d9f1d712fa9ea57089808597a52a40f085e02c78080d,"Ripple-carry adder, random inputs"
2.1.0,MC-E20,e20_full_20260721_150753,2026-07-21T15:10:50.586532+00:00,adder_6,Adder,7,11,11.0,0.0,0.0,8,8.0,0.0,4,4.0,0.0,4,4.0,0.0,0,0.0,0.0,1.0,0.0190155506134033,cirq,optimize_for_target_gateset+eject_z+merge_1q,1.6.1,default,ok,43,1,experiments/e20_multi_compiler_full/run.py,cf4c43a166f171d450e24f2ab51c9325507d5960589b926a114eb25d926116c5,2bc3bac3e16a924e0b659e514bdadb24402dd25bb43047e6292e84d6f96ed9cf,3d142f26fb963e61e6f865b01181c40a8e5eae5f3fe668d477cbd05793de5b2c,"Ripple-carry adder, random inputs"
2.1.0,MC-E20,e20_full_20260721_150753,2026-07-21T15:10:52.996321+00:00,qwalk_6,QuantumWalk,7,82,2300.0,-27.04878048780488,-2704.8780487804875,47,1695.0,-35.06382978723404,6,990.0,-164.0,6,990.0,-164.0,0,305.0,0.0,0.9999999999997908,0.1626873016357422,qiskit,transpiler,2.4.1,3,ok,43,1,experiments/e20_multi_compiler_full/run.py,cf4c43a166f171d450e24f2ab51c9325507d5960589b926a114eb25d926116c5,1362ec13543c836ab5a19f60f55d5f8cd5a87adb647d5c782e386cc73c708718,850b1d5a8658f9698972e70cc3f500809fcf67fa10e61f7f023316b9b5d44909,"DTQW on cycle, 3 steps"
2.1.0,MC-E20,e20_full_20260721_150753,2026-07-21T15:10:54.884244+00:00,qwalk_6,QuantumWalk,7,82,,,,47,,,6,,,6,,,0,,,,1.887922525405884,cirq,optimize_for_target_gateset+eject_z+merge_1q,1.6.1,default,"error: ""<input>:375,0: 'sx' is not defined in this scope""",43,1,experiments/e20_multi_compiler_full/run.py,cf4c43a166f171d450e24f2ab51c9325507d5960589b926a114eb25d926116c5,1362ec13543c836ab5a19f60f55d5f8cd5a87adb647d5c782e386cc73c708718,none,"DTQW on cycle, 3 steps"
2.1.0,MC-E20,e20_full_20260721_150753,2026-07-21T15:12:01.783120+00:00,iqp_6,IQP,6,35,13.0,0.6285714285714286,62.85714285714285,10,4.0,0.6,9,3.0,0.6666666666666667,0,0.0,0.0,0,0.0,0.0,0.9999999999999968,0.02500581741333,qiskit,transpiler,2.4.1,3,ok,43,1,experiments/e20_multi_compiler_full/run.py,cf4c43a166f171d450e24f2ab51c9325507d5960589b926a114eb25d926116c5,7b1dd4010ae293594b412f99a752d6a8a640c35611426aa274d65fe08ef19fe6,547b0f736af727eceb34cd40b685e5744c4a021e55433ffbc018b307a6f856c6,"IQP circuit, 3 diagonal layers"
2.1.0,MC-E20,e20_full_20260721_150753,2026-07-21T15:12:01.847260+00:00,iqp_6,IQP,6,35,33.0,0.0571428571428571,5.714285714285716,10,9.0,0.0999999999999999,9,9.0,0.0,0,0.0,0.0,0,3.0,0.0,0.9999999999999968,0.0543363094329834,cirq,optimize_for_target_gateset+eject_z+merge_1q,1.6.1,default,ok,43,1,experiments/e20_multi_compiler_full/run.py,cf4c43a166f171d450e24f2ab51c9325507d5960589b926a114eb25d926116c5,7b1dd4010ae293594b412f99a752d6a8a640c35611426aa274d65fe08ef19fe6,7df2258c6fe9b3a0daac5e30296ecf409879f1a89eca97a9a06405bfaecb75cc,"IQP circuit, 3 diagonal layers"
2.1.0,MC-E20,e20_full_20260721_150753,2026-07-21T15:12:02.061243+00:00,iqp_6,IQP,6,35,11.0,0.6857142857142857,68.57142857142857,10,5.0,0.5,9,3.0,0.6666666666666667,0,3.0,0.0,0,0.0,0.0,0.9999999999999996,0.2002096176147461,tket,FullPeepholeOptimise,2.18.0,default,ok,43,1,experiments/e20_multi_compiler_full/run.py,cf4c43a166f171d450e24f2ab51c9325507d5960589b926a114eb25d926116c5,7b1dd4010ae293594b412f99a752d6a8a640c35611426aa274d65fe08ef19fe6,ca46433480d15a23897af97e1706a427910986ab710bbceec180650f0c626644,"IQP circuit, 3 diagonal layers"
2.1.0,MC-E20,e20_full_20260721_150753,2026-07-21T15:12:02.096660+00:00,clifford_6,RandomClifford,6,42,11.0,0.7380952380952381,73.80952380952381,10,5.0,0.5,3,3.0,0.0,3,3.0,0.0,24,1.0,0.9583333333333334,0.9999999999999964,0.0,qiskit,transpiler,2.4.1,3,ok,43,1,experiments/e20_multi_compiler_full/run.py,cf4c43a166f171d450e24f2ab51c9325507d5960589b926a114eb25d926116c5,44f2a52d5ff513c24b518a7a0eaa824645f9971f5f4362403a4037ca7c2f0af2,ab0020721bbd2259f01c74109cb970dbab46db5f010d19d5fc2f12edd8014a62,"Random Clifford, depth=10"
2.1.0,MC-E20,e20_full_20260721_150753,2026-07-21T15:12:02.129237+00:00,clifford_6,RandomClifford,6,42,15.0,0.6428571428571428,64.28571428571428,10,7.0,0.3,3,3.0,0.0,3,3.0,0.0,24,5.0,0.7916666666666666,0.9999999999999964,0.0272192955017089,cirq,optimize_for_target_gateset+eject_z+merge_1q,1.6.1,default,ok,43,1,experiments/e20_multi_compiler_full/run.py,cf4c43a166f171d450e24f2ab51c9325507d5960589b926a114eb25d926116c5,44f2a52d5ff513c24b518a7a0eaa824645f9971f5f4362403a4037ca7c2f0af2,c8cfcaf26f465c67dc5dd72b26edea11eac5a559fe512c487da32f81cbaa27c2,"Random Clifford, depth=10"
2.1.0,MC-E20,e20_full_20260721_150753,2026-07-21T15:12:02.259605+00:00,clifford_6,RandomClifford,6,42,11.0,0.7380952380952381,73.80952380952381,10,5.0,0.5,3,3.0,0.0,3,3.0,0.0,24,0.0,1.0,0.9999999999999978,0.1150457859039306,tket,FullPeepholeOptimise,2.18.0,default,ok,43,1,experiments/e20_multi_compiler_full/run.py,cf4c43a166f171d450e24f2ab51c9325507d5960589b926a114eb25d926116c5,44f2a52d5ff513c24b518a7a0eaa824645f9971f5f4362403a4037ca7c2f0af2,ab1f5be646b4fe0c2038db61e0ff5a7965feb5279626a181666f8b0546a9fe74,"Random Clifford, depth=10"
2.1.0,MC-E20,e20_full_20260721_150753,2026-07-21T15:12:02.286468+00:00,surface_code_6,SurfaceCode,7,10,10.0,0.0,0.0,8,8.0,0.0,6,6.0,0.0,6,6.0,0.0,0,0.0,0.0,0.9999999999999998,0.0020334720611572,qiskit,transpiler,2.4.1,3,ok,43,1,experiments/e20_multi_compiler_full/run.py,cf4c43a166f171d450e24f2ab51c9325507d5960589b926a114eb25d926116c5,11ca0a34ccfcff1362a4d080d776863708b5bb85227870100bccb7ea7d29a31f,11ca0a34ccfcff1362a4d080d776863708b5bb85227870100bccb7ea7d29a31f,X-stabilizer syndrome extraction
2.1.0,MC-E20,e20_full_20260721_150753,2026-07-21T15:12:02.302612+00:00,surface_code_6,SurfaceCode,7,10,12.0,-0.1999999999999999,-20.0,8,10.0,-0.25,6,6.0,0.0,6,6.0,0.0,0,0.0,0.0,0.9999999999999998,0.0155491828918457,cirq,optimize_for_target_gateset+eject_z+merge_1q,1.6.1,default,ok,43,1,experiments/e20_multi_compiler_full/run.py,cf4c43a166f171d450e24f2ab51c9325507d5960589b926a114eb25d926116c5,11ca0a34ccfcff1362a4d080d776863708b5bb85227870100bccb7ea7d29a31f,73966189a056e3c5af8f0fb40143082e7d4be3df597bd46e2657766a33634706,X-stabilizer syndrome extraction
2.1.0,MC-E20,e20_full_20260721_150753,2026-07-21T15:12:02.536193+00:00,uccsd_6,UCCSD_inspired,6,58,44.0,0.2413793103448276,24.13793103448276,28,25.0,0.1071428571428571,29,21.0,0.2758620689655172,29,21.0,0.2758620689655172,0,0.0,0.0,1.0,0.0,qiskit,transpiler,2.4.1,3,ok,43,1,experiments/e20_multi_compiler_full/run.py,cf4c43a166f171d450e24f2ab51c9325507d5960589b926a114eb25d926116c5,08719d9106f113e98719ffbf23b7c5f191ec71b5a72c9582fdfc18db521db553,2dacbbc4ea52024b088c4e3d0cb3cd6039549ad8afdbfad55fc87c8033a8e0dd,Parameterized ansatz INSPIRED BY (not true) UCCSD; see make_parameterized_ansatz docstring. Renamed from 'UCCSD' to 'UCCSD_inspired' per review L3 to avoid false claim.
2.1.0,MC-E20,e20_full_20260721_150753,2026-07-21T15:12:02.590917+00:00,uccsd_6,UCCSD_inspired,6,58,52.0,0.1034482758620689,10.344827586206897,28,26.0,0.0714285714285714,29,29.0,0.0,29,29.0,0.0,0,0.0,0.0,1.0,0.0496473312377929,cirq,optimize_for_target_gateset+eject_z+merge_1q,1.6.1,default,ok,43,1,experiments/e20_multi_compiler_full/run.py,cf4c43a166f171d450e24f2ab51c9325507d5960589b926a114eb25d926116c5,08719d9106f113e98719ffbf23b7c5f191ec71b5a72c9582fdfc18db521db553,61bb4814bc8c21ca422c83b5db7ec3bb31376f637844aeaeb532fb4d73f8b5dd,Parameterized ansatz INSPIRED BY (not true) UCCSD; see make_parameterized_ansatz docstring. Renamed from 'UCCSD' to 'UCCSD_inspired' per review L3 to avoid false claim.
2.1.0,MC-E20,e20_full_20260721_150753,2026-07-21T15:12:03.395078+00:00,uccsd_6,UCCSD_inspired,6,58,44.0,0.2413793103448276,24.13793103448276,28,25.0,0.1071428571428571,29,21.0,0.2758620689655172,29,21.0,0.2758620689655172,0,0.0,0.0,1.0,0.7886090278625488,tket,FullPeepholeOptimise,2.18.0,default,ok,43,1,experiments/e20_multi_compiler_full/run.py,cf4c43a166f171d450e24f2ab51c9325507d5960589b926a114eb25d926116c5,08719d9106f113e98719ffbf23b7c5f191ec71b5a72c9582fdfc18db521db553,7835581ee580ff8e8a746f061ada9a28bc2ba0d652c22fdeead6b67b93fd2dcd,Parameterized ansatz INSPIRED BY (not true) UCCSD; see make_parameterized_ansatz docstring. Renamed from 'UCCSD' to 'UCCSD_inspired' per review L3 to avoid false claim.
2.1.0,MC-E20,e20_full_20260721_150753,2026-07-21T15:12:03.554718+00:00,qft_8,QFT,8,36,36.0,0.0,0.0,15,15.0,0.0,28,28.0,0.0,0,0.0,0.0,0,0.0,0.0,0.9999999999999968,0.009490966796875,qiskit,transpiler,2.4.1,3,ok,43,1,experiments/e20_multi_compiler_full/run.py,cf4c43a166f171d450e24f2ab51c9325507d5960589b926a114eb25d926116c5,b2f83603b76f95e86e3b51898d6ea360adf3a62f51aa296baf0178913d4108b2,5e235910f0329f12c7dc3b126bc0da34cd22bcb22e80d7885306046eb1f2b62c,
2.1.0,MC-E20,e20_full_20260721_150753,2026-07-21T15:12:03.646860+00:00,qft_8,QFT,8,36,,,,15,,,28,,,0,,,0,,,,0.0916023254394531,cirq,optimize_for_target_gateset+eject_z+merge_1q,1.6.1,default,"error: ""<input>:17,0: 'sx' is not defined in this scope""",43,1,experiments/e20_multi_compiler_full/run.py,cf4c43a166f171d450e24f2ab51c9325507d5960589b926a114eb25d926116c5,b2f83603b76f95e86e3b51898d6ea360adf3a62f51aa296baf0178913d4108b2,none,
2.1.0,MC-E20,e20_full_20260721_150753,2026-07-21T15:12:05.133498+00:00,ghz_8,GHZ,8,8,8.0,0.0,0.0,8,8.0,0.0,7,7.0,0.0,7,7.0,0.0,0,0.0,0.0,0.9999999999999998,0.0153670310974121,qiskit,transpiler,2.4.1,3,ok,43,1,experiments/e20_multi_compiler_full/run.py,cf4c43a166f171d450e24f2ab51c9325507d5960589b926a114eb25d926116c5,587577f385cf54a3edd3cc639b3ac8cc5aa139f2ef414827515ddc7be4c12104,587577f385cf54a3edd3cc639b3ac8cc5aa139f2ef414827515ddc7be4c12104,
2.1.0,MC-E20,e20_full_20260721_150753,2026-07-21T15:12:05.182940+00:00,ghz_8,GHZ,8,8,9.0,-0.125,-12.5,8,9.0,-0.125,7,7.0,0.0,7,7.0,0.0,0,0.0,0.0,0.9999999999999998,0.0152554512023925,cirq,optimize_for_target_gateset+eject_z+merge_1q,1.6.1,default,ok,43,1,experiments/e20_multi_compiler_full/run.py,cf4c43a166f171d450e24f2ab51c9325507d5960589b926a114eb25d926116c5,587577f385cf54a3edd3cc639b3ac8cc5aa139f2ef414827515ddc7be4c12104,dbe75adbc6dcfacb0387626198005ff6d870b04cfebdd177f2b4ce6c5e698fca,
2.1.0,MC-E20,e20_full_20260721_150753,2026-07-21T15:12:05.475309+00:00,cnot_chain_8,CNOT,8,56,0.0,1.0,100.0,26,0.0,1.0,56,0.0,1.0,56,0.0,1.0,0,0.0,0.0,1.0,0.0,qiskit,transpiler,2.4.1,3,ok,43,1,experiments/e20_multi_compiler_full/run.py,cf4c43a166f171d450e24f2ab51c9325507d5960589b926a114eb25d926116c5,d3e8b51351e86caa6d8939fe0a903f48a089e7d220d46a14b52d6c94e6e43394,b9f67046a69160a09ec4f4fa9eb23036fff76352de4a4103d9d677b302f18c04,
2.1.0,MC-E20,e20_full_20260721_150753,2026-07-21T15:12:05.640987+00:00,cnot_chain_8,CNOT,8,56,56.0,0.0,0.0,26,26.0,0.0,56,56.0,0.0,56,56.0,0.0,0,0.0,0.0,1.0,0.0375454425811767,cirq,optimize_for_target_gateset+eject_z+merge_1q,1.6.1,default,ok,43,1,experiments/e20_multi_compiler_full/run.py,cf4c43a166f171d450e24f2ab51c9325507d5960589b926a114eb25d926116c5,d3e8b51351e86caa6d8939fe0a903f48a089e7d220d46a14b52d6c94e6e43394,c654c98f30db9245f47457a95bd6a7935d02799bcd4a120004fd14388af2ad0b,
2.1.0,MC-E20,e20_full_20260721_150753,2026-07-21T15:12:05.741410+00:00,bv_8,Oracle,9,25,17.0,0.3199999999999999,32.0,9,7.0,0.2222222222222222,5,5.0,0.0,5,5.0,0.0,0,0.0,0.0,,0.0193073749542236,qiskit,transpiler,2.4.1,3,ok,43,1,experiments/e20_multi_compiler_full/run.py,cf4c43a166f171d450e24f2ab51c9325507d5960589b926a114eb25d926116c5,5a9fa4f4080f3aca3c76993d3fba08f6b28f529cdc8d63aa16674e100c949acf,362d75b05bfe7c77f82b617f0051c401b6d48be6b5f543fe26f228390a8ae0a8,
2.1.0,MC-E20,e20_full_20260721_150753,2026-07-21T15:12:06.091008+00:00,qaoa_line_8,QAOA,8,66,66.0,0.0,0.0,30,30.0,0.0,28,28.0,0.0,28,28.0,0.0,0,0.0,0.0,1.0000000000000029,0.0,qiskit,transpiler,2.4.1,3,ok,43,1,experiments/e20_multi_compiler_full/run.py,cf4c43a166f171d450e24f2ab51c9325507d5960589b926a114eb25d926116c5,68f6913a7d2ffa9e47f965da0080db38c80290e66118690a99738f4c5657fc30,68f6913a7d2ffa9e47f965da0080db38c80290e66118690a99738f4c5657fc30,
2.1.0,MC-E20,e20_full_20260721_150753,2026-07-21T15:12:06.279054+00:00,qaoa_line_8,QAOA,8,66,74.0,-0.1212121212121211,-12.12121212121211,30,31.0,-0.0333333333333334,28,28.0,0.0,28,28.0,0.0,0,0.0,0.0,1.0,0.0478346347808837,cirq,optimize_for_target_gateset+eject_z+merge_1q,1.6.1,default,ok,43,1,experiments/e20_multi_compiler_full/run.py,cf4c43a166f171d450e24f2ab51c9325507d5960589b926a114eb25d926116c5,68f6913a7d2ffa9e47f965da0080db38c80290e66118690a99738f4c5657fc30,8f264c30575f30ab411c56ceee3e4eafe6a942fccba737587d6a659b66b2f169,
2.1.0,MC-E20,e20_full_20260721_150753,2026-07-21T15:12:07.301330+00:00,vqe_twolocal_8,VQE,8,62,38.0,0.3870967741935484,38.70967741935484,15,12.0,0.1999999999999999,14,14.0,0.0,14,14.0,0.0,0,0.0,0.0,1.0,0.0,qiskit,transpiler,2.4.1,3,ok,43,1,experiments/e20_multi_compiler_full/run.py,cf4c43a166f171d450e24f2ab51c9325507d5960589b926a114eb25d926116c5,aefeae7e53c7bc1e24dce6afbaef1079a2cdc42baf7189fffe2320b08643e3fb,de3131c658ec10195e413cf221ef18525072355109a015753b729c05236e8e21,
2.1.0,MC-E20,e20_full_20260721_150753,2026-07-21T15:12:07.475493+00:00,vqe_twolocal_8,VQE,8,62,62.0,0.0,0.0,15,15.0,0.0,14,14.0,0.0,14,14.0,0.0,0,0.0,0.0,1.0,0.0574662685394287,cirq,optimize_for_target_gateset+eject_z+merge_1q,1.6.1,default,ok,43,1,experiments/e20_multi_compiler_full/run.py,cf4c43a166f171d450e24f2ab51c9325507d5960589b926a114eb25d926116c5,aefeae7e53c7bc1e24dce6afbaef1079a2cdc42baf7189fffe2320b08643e3fb,e8c9c9487c88b774b61a864c0b12be8a10ee0429a18f6429c1bb94bdd04f01ca,
2.1.0,MC-E20,e20_full_20260721_150753,2026-07-21T15:12:08.292089+00:00,hardware_eff_8,HardwareEfficient,8,46,30.0,0.3478260869565217,34.78260869565217,8,6.0,0.25,14,14.0,0.0,14,14.0,0.0,0,0.0,0.0,1.0000000000000009,0.0134642124176025,qiskit,transpiler,2.4.1,3,ok,43,1,experiments/e20_multi_compiler_full/run.py,cf4c43a166f171d450e24f2ab51c9325507d5960589b926a114eb25d926116c5,11937c4ce49ec4167b274b4e4caf80f8dabb231b5c7825533ad020d6c34a3e16,1fbcabb56b80407c21925d17dd51d7237dab6daf06639fc3666d4dcdde1781ae,
2.1.0,MC-E20,e20_full_20260721_150753,2026-07-21T15:12:08.414357+00:00,hardware_eff_8,HardwareEfficient,8,46,46.0,0.0,0.0,8,8.0,0.0,14,14.0,0.0,14,14.0,0.0,0,0.0,0.0,1.0,0.0304081439971923,cirq,optimize_for_target_gateset+eject_z+merge_1q,1.6.1,default,ok,43,1,experiments/e20_multi_compiler_full/run.py,cf4c43a166f171d450e24f2ab51c9325507d5960589b926a114eb25d926116c5,11937c4ce49ec4167b274b4e4caf80f8dabb231b5c7825533ad020d6c34a3e16,d3197119926aacd6586d585442142f6668a26c194e90e7b4af9d39f3fd6db88f,
2.1.0,MC-E20,e20_full_20260721_150753,2026-07-21T15:12:11.119105+00:00,grover_8,Grover,8,52,796.0,-14.307692307692308,-1430.769230769231,11,503.0,-44.72727272727273,0,360.0,0.0,0,360.0,0.0,0,102.0,0.0,0.9999999999999314,0.0188822746276855,qiskit,transpiler,2.4.1,3,ok,43,1,experiments/e20_multi_compiler_full/run.py,cf4c43a166f171d450e24f2ab51c9325507d5960589b926a114eb25d926116c5,32c4f82323cda0d6a401eafe8bc26107bb5681b6b18a89cefa0b02e5169d7e0c,3a4abc48b84818e50f77a4869688f5bc64802b17f175ce34431671a279755ae8,"Single Grover iteration, random marked state"
2.1.0,MC-E20,e20_full_20260721_150753,2026-07-21T15:12:11.961721+00:00,grover_8,Grover,8,52,,,,11,,,0,,,0,,,0,,,,0.8426163196563721,cirq,optimize_for_target_gateset+eject_z+merge_1q,1.6.1,default,"error: ""<input>:591,0: 'sx' is not defined in this scope""",43,1,experiments/e20_multi_compiler_full/run.py,cf4c43a166f171d450e24f2ab51c9325507d5960589b926a114eb25d926116c5,32c4f82323cda0d6a401eafe8bc26107bb5681b6b18a89cefa0b02e5169d7e0c,none,"Single Grover iteration, random marked state"
2.1.0,MC-E20,e20_full_20260721_150753,2026-07-21T15:12:21.261374+00:00,adder_8,Adder,10,18,18.0,0.0,0.0,10,10.0,0.0,6,6.0,0.0,6,6.0,0.0,0,0.0,0.0,,0.0131306648254394,qiskit,transpiler,2.4.1,3,ok,43,1,experiments/e20_multi_compiler_full/run.py,cf4c43a166f171d450e24f2ab51c9325507d5960589b926a114eb25d926116c5,2164019ee5e79f18f2d1ccc22ecf54065aa0ae6d801bbde583c7eea6b58de838,d5c8566c3d12e28705dfce12294cea96fcac04ae89868f375e113f3b2d11e6f5,"Ripple-carry adder, random inputs"
2.1.0,MC-E20,e20_full_20260721_150753,2026-07-21T15:12:22.459305+00:00,qwalk_8,QuantumWalk,9,106,4551.0,-41.93396226415094,-4193.396226415094,59,3163.0,-52.61016949152543,6,1962.0,-326.0,6,1962.0,-326.0,0,539.0,0.0,,0.0753939151763916,qiskit,transpiler,2.4.1,3,ok,43,1,experiments/e20_multi_compiler_full/run.py,cf4c43a166f171d450e24f2ab51c9325507d5960589b926a114eb25d926116c5,e5b7fdc86bb320e85f745ed35c8e3f910910d4381fed563f98e5b780f74c8046,92d3093c4d0ba479471a6bfa3a319b2769cbb9600ee728a4ea31950a96a58442,"DTQW on cycle, 3 steps"
2.1.0,MC-E20,e20_full_20260721_150753,2026-07-21T15:13:43.617538+00:00,iqp_8,IQP,8,39,14.0,0.641025641025641,64.1025641025641,9,3.0,0.6666666666666667,8,2.0,0.75,0,0.0,0.0,0,0.0,0.0,0.9999999999999964,0.0153446197509765,qiskit,transpiler,2.4.1,3,ok,43,1,experiments/e20_multi_compiler_full/run.py,cf4c43a166f171d450e24f2ab51c9325507d5960589b926a114eb25d926116c5,ae898398ef080f14ffc988ed6401c091a771b1323947fe20777a6a7ef0785d43,cdf75cdc2acf301a8e0e55fc6223c3d95449d0e523462a92f200b5c4daf81423,"IQP circuit, 3 diagonal layers"
2.1.0,MC-E20,e20_full_20260721_150753,2026-07-21T15:13:43.724048+00:00,iqp_8,IQP,8,39,36.0,0.0769230769230768,7.692307692307687,9,8.0,0.1111111111111111,8,8.0,0.0,0,0.0,0.0,0,4.0,0.0,0.9999999999999948,0.03831148147583,cirq,optimize_for_target_gateset+eject_z+merge_1q,1.6.1,default,ok,43,1,experiments/e20_multi_compiler_full/run.py,cf4c43a166f171d450e24f2ab51c9325507d5960589b926a114eb25d926116c5,ae898398ef080f14ffc988ed6401c091a771b1323947fe20777a6a7ef0785d43,d1ecfc2ba3022a1887dde4ab035e7099a4683f57803e8b0e4aaf14cd6217c7b2,"IQP circuit, 3 diagonal layers"
2.1.0,MC-E20,e20_full_20260721_150753,2026-07-21T15:13:43.966547+00:00,clifford_8,RandomClifford,8,58,19.0,0.6724137931034483,67.24137931034483,10,6.0,0.4,5,5.0,0.0,5,5.0,0.0,28,4.0,0.8571428571428572,0.9999999999999992,0.0044665336608886,qiskit,transpiler,2.4.1,3,ok,43,1,experiments/e20_multi_compiler_full/run.py,cf4c43a166f171d450e24f2ab51c9325507d5960589b926a114eb25d926116c5,f57481e607988a118c2dcecd6f922fde0b60c565cf82c6d66233045a06d494e1,bd4e2c9f16d78f69b3785006ec35b321765f3d9a7eb383df2066adfd3a5eaa37,"Random Clifford, depth=10"
2.1.0,MC-E20,e20_full_20260721_150753,2026-07-21T15:13:44.075191+00:00,clifford_8,RandomClifford,8,58,27.0,0.5344827586206897,53.448275862068975,10,8.0,0.1999999999999999,5,5.0,0.0,5,5.0,0.0,28,9.0,0.6785714285714286,0.9999999999999958,0.0413799285888671,cirq,optimize_for_target_gateset+eject_z+merge_1q,1.6.1,default,ok,43,1,experiments/e20_multi_compiler_full/run.py,cf4c43a166f171d450e24f2ab51c9325507d5960589b926a114eb25d926116c5,f57481e607988a118c2dcecd6f922fde0b60c565cf82c6d66233045a06d494e1,07462d0b59de7a9c916ae0e2c7a7ce3d02908e76f268eca161123190b41fd7a6,"Random Clifford, depth=10"
2.1.0,MC-E20,e20_full_20260721_150753,2026-07-21T15:13:44.402625+00:00,surface_code_8,SurfaceCode,9,12,12.0,0.0,0.0,10,10.0,0.0,8,8.0,0.0,8,8.0,0.0,0,0.0,0.0,,0.0151271820068359,qiskit,transpiler,2.4.1,3,ok,43,1,experiments/e20_multi_compiler_full/run.py,cf4c43a166f171d450e24f2ab51c9325507d5960589b926a114eb25d926116c5,43cc3e9d011b7d2c329b8f3d7e0c3ad3ac41fdfcb0956237276354fadabc317e,43cc3e9d011b7d2c329b8f3d7e0c3ad3ac41fdfcb0956237276354fadabc317e,X-stabilizer syndrome extraction
2.1.0,MC-E20,e20_full_20260721_150753,2026-07-21T15:13:44.864658+00:00,uccsd_8,UCCSD_inspired,8,77,58.0,0.2467532467532467,24.675324675324678,30,25.0,0.1666666666666666,35,27.0,0.2285714285714285,35,27.0,0.2285714285714285,0,0.0,0.0,0.9999999999999992,0.007627248764038,qiskit,transpiler,2.4.1,3,ok,43,1,experiments/e20_multi_compiler_full/run.py,cf4c43a166f171d450e24f2ab51c9325507d5960589b926a114eb25d926116c5,c3785a8cd0f78bde4b4690faabf295b242ed201120f8e7bb35947b2b93339d08,77bef63785bd6451574da1c81b2c0713fb9ec78b81f91ed273883d5732d14767,Parameterized ansatz INSPIRED BY (not true) UCCSD; see make_parameterized_ansatz docstring. Renamed from 'UCCSD' to 'UCCSD_inspired' per review L3 to avoid false claim.
2.1.0,MC-E20,e20_full_20260721_150753,2026-07-21T15:13:45.091158+00:00,uccsd_8,UCCSD_inspired,8,77,66.0,0.1428571428571429,14.28571428571429,30,27.0,0.0999999999999999,35,35.0,0.0,35,35.0,0.0,0,0.0,0.0,0.9999999999999992,0.0444414615631103,cirq,optimize_for_target_gateset+eject_z+merge_1q,1.6.1,default,ok,43,1,experiments/e20_multi_compiler_full/run.py,cf4c43a166f171d450e24f2ab51c9325507d5960589b926a114eb25d926116c5,c3785a8cd0f78bde4b4690faabf295b242ed201120f8e7bb35947b2b93339d08,e20f43d1457f083379ad100c408bc04421f4bda1ace9b9d2cb56f4b481ebafa2,Parameterized ansatz INSPIRED BY (not true) UCCSD; see make_parameterized_ansatz docstring. Renamed from 'UCCSD' to 'UCCSD_inspired' per review L3 to avoid false claim.
2.1.0,MC-E20,e20_full_20260721_150753,2026-07-21T15:13:46.202855+00:00,haar_4,HaarRandom,4,275,257.0,0.0654545454545454,6.545454545454543,189,189.0,0.0,95,95.0,0.0,95,95.0,0.0,0,0.0,0.0,0.9999999999999972,0.0174760818481445,qiskit,transpiler,2.4.1,3,ok,43,1,experiments/e20_multi_compiler_full/run.py,cf4c43a166f171d450e24f2ab51c9325507d5960589b926a114eb25d926116c5,4e5432258d14e58eec0ed35fbca800b2c6b1266fdefea1fd75c52a8ab0e7a73d,8e43d7e7192e83b92a3cfcbc54c628e3406a5fc7aa8cf0f23a6a97115aa19738,"Haar-random unitary, exact synthesis"
2.1.0,MC-E20,e20_full_20260721_150753,2026-07-21T15:13:46.431532+00:00,haar_4,HaarRandom,4,275,367.0,-0.3345454545454545,-33.454545454545446,189,238.0,-0.2592592592592593,95,95.0,0.0,95,95.0,0.0,0,16.0,0.0,0.9999999999999968,0.1893961429595947,cirq,optimize_for_target_gateset+eject_z+merge_1q,1.6.1,default,ok,43,1,experiments/e20_multi_compiler_full/run.py,cf4c43a166f171d450e24f2ab51c9325507d5960589b926a114eb25d926116c5,4e5432258d14e58eec0ed35fbca800b2c6b1266fdefea1fd75c52a8ab0e7a73d,9deca79d09e44f4dfe3f7ddfac7a558ed395fe455d376bf54c187bd4cb1fdeb3,"Haar-random unitary, exact synthesis"
2.1.0,MC-E20,e20_full_20260721_150753,2026-07-21T15:13:48.830385+00:00,haar_4,HaarRandom,4,275,257.0,0.0654545454545454,6.545454545454543,189,189.0,0.0,95,95.0,0.0,95,95.0,0.0,0,0.0,0.0,0.9999999999999996,2.367151021957397,tket,FullPeepholeOptimise,2.18.0,default,ok,43,1,experiments/e20_multi_compiler_full/run.py,cf4c43a166f171d450e24f2ab51c9325507d5960589b926a114eb25d926116c5,4e5432258d14e58eec0ed35fbca800b2c6b1266fdefea1fd75c52a8ab0e7a73d,14227204474adc697bbad810b8a58d8ecef16907a0634070fe16eb112defc189,"Haar-random unitary, exact synthesis"
2.1.0,MC-E20,e20_full_20260721_150753,2026-07-21T15:13:49.126906+00:00,qft_4,QFT,4,10,10.0,0.0,0.0,7,7.0,0.0,6,6.0,0.0,0,0.0,0.0,0,0.0,0.0,0.9999999999999988,0.0076041221618652,qiskit,transpiler,2.4.1,3,ok,44,2,experiments/e20_multi_compiler_full/run.py,cf4c43a166f171d450e24f2ab51c9325507d5960589b926a114eb25d926116c5,ec754f7e3892ee8ca405ace36ffa2cf3d8489863d2f83852f623de773dd94b1e,001408f6c8b62c5aa1e72c56729dcc2520332ae2954b17daf86162a5a4f46ac6,
2.1.0,MC-E20,e20_full_20260721_150753,2026-07-21T15:13:49.144074+00:00,qft_4,QFT,4,10,,,,7,,,6,,,0,,,0,,,,0.0171680450439453,cirq,optimize_for_target_gateset+eject_z+merge_1q,1.6.1,default,"error: ""<input>:17,0: 'sx' is not defined in this scope""",44,2,experiments/e20_multi_compiler_full/run.py,cf4c43a166f171d450e24f2ab51c9325507d5960589b926a114eb25d926116c5,ec754f7e3892ee8ca405ace36ffa2cf3d8489863d2f83852f623de773dd94b1e,none,
2.1.0,MC-E20,e20_full_20260721_150753,2026-07-21T15:13:49.410120+00:00,qft_4,QFT,4,10,31.0,-2.1,-210.0,7,19.0,-1.7142857142857144,6,12.0,-1.0,0,12.0,0.0,0,0.0,0.0,1.0,0.2660460472106933,tket,FullPeepholeOptimise,2.18.0,default,ok,44,2,experiments/e20_multi_compiler_full/run.py,cf4c43a166f171d450e24f2ab51c9325507d5960589b926a114eb25d926116c5,ec754f7e3892ee8ca405ace36ffa2cf3d8489863d2f83852f623de773dd94b1e,1c29c769144f94e13e3a392f195ebc1c6cfc77bad3bffa3aa293760f9e7c4679,
2.1.0,MC-E20,e20_full_20260721_150753,2026-07-21T15:13:49.440887+00:00,ghz_4,GHZ,4,4,4.0,0.0,0.0,4,4.0,0.0,3,3.0,0.0,3,3.0,0.0,0,0.0,0.0,0.9999999999999996,0.0134198665618896,qiskit,transpiler,2.4.1,3,ok,44,2,experiments/e20_multi_compiler_full/run.py,cf4c43a166f171d450e24f2ab51c9325507d5960589b926a114eb25d926116c5,632a65a86fd9bfab17ccedbd10b32b45490cc33030a23af0d675ad3e8ad7a445,632a65a86fd9bfab17ccedbd10b32b45490cc33030a23af0d675ad3e8ad7a445,
2.1.0,MC-E20,e20_full_20260721_150753,2026-07-21T15:13:49.450867+00:00,ghz_4,GHZ,4,4,5.0,-0.25,-25.0,4,5.0,-0.25,3,3.0,0.0,3,3.0,0.0,0,0.0,0.0,0.9999999999999996,0.0099804401397705,cirq,optimize_for_target_gateset+eject_z+merge_1q,1.6.1,default,ok,44,2,experiments/e20_multi_compiler_full/run.py,cf4c43a166f171d450e24f2ab51c9325507d5960589b926a114eb25d926116c5,632a65a86fd9bfab17ccedbd10b32b45490cc33030a23af0d675ad3e8ad7a445,06491f2cd8fd8193e00cd40c6bc0442b5ca960f1c6e319f098b23e2c3ef0bc78,
2.1.0,MC-E20,e20_full_20260721_150753,2026-07-21T15:13:49.559566+00:00,ghz_4,GHZ,4,4,4.0,0.0,0.0,4,4.0,0.0,3,3.0,0.0,3,3.0,0.0,0,0.0,0.0,1.0,0.1026258468627929,tket,FullPeepholeOptimise,2.18.0,default,ok,44,2,experiments/e20_multi_compiler_full/run.py,cf4c43a166f171d450e24f2ab51c9325507d5960589b926a114eb25d926116c5,632a65a86fd9bfab17ccedbd10b32b45490cc33030a23af0d675ad3e8ad7a445,0ca2e20394ef52eecba8c72454ae73e952a311d06ff639876717b3ceaa156322,
2.1.0,MC-E20,e20_full_20260721_150753,2026-07-21T15:13:49.583178+00:00,cnot_chain_4,CNOT,4,24,0.0,1.0,100.0,18,0.0,1.0,24,0.0,1.0,24,0.0,1.0,0,0.0,0.0,1.0,0.0163459777832031,qiskit,transpiler,2.4.1,3,ok,44,2,experiments/e20_multi_compiler_full/run.py,cf4c43a166f171d450e24f2ab51c9325507d5960589b926a114eb25d926116c5,c15ccd1efbe0b71c21464e888a978afbe6b6cf006bd895873c7d9b8e51efbaf0,80cb67051feabb1a835727fede3367602f1e692e3ec9d1d7247266c73803bd7d,
2.1.0,MC-E20,e20_full_20260721_150753,2026-07-21T15:13:49.609039+00:00,cnot_chain_4,CNOT,4,24,24.0,0.0,0.0,18,18.0,0.0,24,24.0,0.0,24,24.0,0.0,0,0.0,0.0,1.0,0.0248148441314697,cirq,optimize_for_target_gateset+eject_z+merge_1q,1.6.1,default,ok,44,2,experiments/e20_multi_compiler_full/run.py,cf4c43a166f171d450e24f2ab51c9325507d5960589b926a114eb25d926116c5,c15ccd1efbe0b71c21464e888a978afbe6b6cf006bd895873c7d9b8e51efbaf0,1c48b34ca8afe4511d74e3b454e70aaafbcd3af62f2f6f4baaa92a9c810a5a2d,
2.1.0,MC-E20,e20_full_20260721_150753,2026-07-21T15:13:49.617495+00:00,cnot_chain_4,CNOT,4,24,0.0,1.0,100.0,18,0.0,1.0,24,0.0,1.0,24,0.0,1.0,0,0.0,0.0,1.0,0.0084562301635742,tket,FullPeepholeOptimise,2.18.0,default,ok,44,2,experiments/e20_multi_compiler_full/run.py,cf4c43a166f171d450e24f2ab51c9325507d5960589b926a114eb25d926116c5,c15ccd1efbe0b71c21464e888a978afbe6b6cf006bd895873c7d9b8e51efbaf0,80cb67051feabb1a835727fede3367602f1e692e3ec9d1d7247266c73803bd7d,
2.1.0,MC-E20,e20_full_20260721_150753,2026-07-21T15:13:49.639994+00:00,bv_4,Oracle,5,14,8.0,0.4285714285714286,42.85714285714286,6,4.0,0.3333333333333333,2,2.0,0.0,2,2.0,0.0,0,0.0,0.0,0.999999999999998,0.0119621753692626,qiskit,transpiler,2.4.1,3,ok,44,2,experiments/e20_multi_compiler_full/run.py,cf4c43a166f171d450e24f2ab51c9325507d5960589b926a114eb25d926116c5,b81e1fce8a1444d85177c6bc7af38bad39960f4060e55d08611f399ee4619722,b2fca778aa1c9af1696f859bf3949cf4c9b9e57bfbf2b73eaffb599dc3c7630f,
2.1.0,MC-E20,e20_full_20260721_150753,2026-07-21T15:13:49.665870+00:00,bv_4,Oracle,5,14,12.0,0.1428571428571429,14.28571428571429,6,6.0,0.0,2,2.0,0.0,2,2.0,0.0,0,0.0,0.0,,0.025876760482788,cirq,optimize_for_target_gateset+eject_z+merge_1q,1.6.1,default,ok,44,2,experiments/e20_multi_compiler_full/run.py,cf4c43a166f171d450e24f2ab51c9325507d5960589b926a114eb25d926116c5,b81e1fce8a1444d85177c6bc7af38bad39960f4060e55d08611f399ee4619722,0289852fbdbd05c8a99d98529fac35da4e11bf75fe22ba6ad6375fd6b5734198,
2.1.0,MC-E20,e20_full_20260721_150753,2026-07-21T15:13:49.747757+00:00,bv_4,Oracle,5,14,8.0,0.4285714285714286,42.85714285714286,6,4.0,0.3333333333333333,2,2.0,0.0,2,2.0,0.0,0,0.0,0.0,0.9999999999999988,0.0818867683410644,tket,FullPeepholeOptimise,2.18.0,default,ok,44,2,experiments/e20_multi_compiler_full/run.py,cf4c43a166f171d450e24f2ab51c9325507d5960589b926a114eb25d926116c5,b81e1fce8a1444d85177c6bc7af38bad39960f4060e55d08611f399ee4619722,5f3bf77be599afdda6de275d7883f45a2f93ba6d6ea411d807dbdc8c6e44702a,
2.1.0,MC-E20,e20_full_20260721_150753,2026-07-21T15:13:49.763062+00:00,qaoa_line_4,QAOA,4,30,30.0,0.0,0.0,18,18.0,0.0,12,12.0,0.0,12,12.0,0.0,0,0.0,0.0,1.0000000000000009,0.0,qiskit,transpiler,2.4.1,3,ok,44,2,experiments/e20_multi_compiler_full/run.py,cf4c43a166f171d450e24f2ab51c9325507d5960589b926a114eb25d926116c5,11822262e92453bfe40fc264a7a9917b7389a3c5ce19c70a45166237de25daa1,11822262e92453bfe40fc264a7a9917b7389a3c5ce19c70a45166237de25daa1,
2.1.0,MC-E20,e20_full_20260721_150753,2026-07-21T15:13:49.815057+00:00,qaoa_line_4,QAOA,4,30,34.0,-0.1333333333333333,-13.33333333333333,18,19.0,-0.0555555555555555,12,12.0,0.0,12,12.0,0.0,0,0.0,0.0,1.0,0.0519955158233642,cirq,optimize_for_target_gateset+eject_z+merge_1q,1.6.1,default,ok,44,2,experiments/e20_multi_compiler_full/run.py,cf4c43a166f171d450e24f2ab51c9325507d5960589b926a114eb25d926116c5,11822262e92453bfe40fc264a7a9917b7389a3c5ce19c70a45166237de25daa1,60bbc88341aea1a91b515035fb2ac4bb671e109d3acb4f029028b7becf27747a,
2.1.0,MC-E20,e20_full_20260721_150753,2026-07-21T15:13:50.092432+00:00,qaoa_line_4,QAOA,4,30,28.0,0.0666666666666666,6.666666666666665,18,18.0,0.0,12,12.0,0.0,12,12.0,0.0,0,0.0,0.0,1.0000000000000009,0.2688331604003906,tket,FullPeepholeOptimise,2.18.0,default,ok,44,2,experiments/e20_multi_compiler_full/run.py,cf4c43a166f171d450e24f2ab51c9325507d5960589b926a114eb25d926116c5,11822262e92453bfe40fc264a7a9917b7389a3c5ce19c70a45166237de25daa1,a1fea3c6440ad90d6aeda8197c82e547330ac263c29a8370218e7fb7b8e53c99,
2.1.0,MC-E20,e20_full_20260721_150753,2026-07-21T15:13:50.106938+00:00,vqe_twolocal_4,VQE,4,30,18.0,0.4,40.0,11,8.0,0.2727272727272727,6,6.0,0.0,6,6.0,0.0,0,0.0,0.0,0.9999999999999992,0.0125000476837158,qiskit,transpiler,2.4.1,3,ok,44,2,experiments/e20_multi_compiler_full/run.py,cf4c43a166f171d450e24f2ab51c9325507d5960589b926a114eb25d926116c5,9977453e2e10952e1576d928c28d33e5063d144e3783434bc31172273098d7c2,1f43878f723ae9d1591886730ffdb06eb37f7b359b09742dae62c47fb08f8b04,
2.1.0,MC-E20,e20_full_20260721_150753,2026-07-21T15:13:50.152168+00:00,vqe_twolocal_4,VQE,4,30,30.0,0.0,0.0,11,11.0,0.0,6,6.0,0.0,6,6.0,0.0,0,0.0,0.0,0.9999999999999996,0.0448248386383056,cirq,optimize_for_target_gateset+eject_z+merge_1q,1.6.1,default,ok,44,2,experiments/e20_multi_compiler_full/run.py,cf4c43a166f171d450e24f2ab51c9325507d5960589b926a114eb25d926116c5,9977453e2e10952e1576d928c28d33e5063d144e3783434bc31172273098d7c2,919fdb1981dbf9ccedb251da75793dc02a4cf48a99110f0f949929d609fa0932,
2.1.0,MC-E20,e20_full_20260721_150753,2026-07-21T15:13:50.395564+00:00,vqe_twolocal_4,VQE,4,30,18.0,0.4,40.0,11,8.0,0.2727272727272727,6,6.0,0.0,6,6.0,0.0,0,0.0,0.0,0.9999999999999996,0.2433960437774658,tket,FullPeepholeOptimise,2.18.0,default,ok,44,2,experiments/e20_multi_compiler_full/run.py,cf4c43a166f171d450e24f2ab51c9325507d5960589b926a114eb25d926116c5,9977453e2e10952e1576d928c28d33e5063d144e3783434bc31172273098d7c2,18c5559e5723b3b2abd815398d2b62811c602c4b5dd7e07143f95af5f87356cc,
2.1.0,MC-E20,e20_full_20260721_150753,2026-07-21T15:13:50.415123+00:00,hardware_eff_4,HardwareEfficient,4,22,14.0,0.3636363636363636,36.36363636363637,8,6.0,0.25,6,6.0,0.0,6,6.0,0.0,0,0.0,0.0,0.9999999999999996,0.0,qiskit,transpiler,2.4.1,3,ok,44,2,experiments/e20_multi_compiler_full/run.py,cf4c43a166f171d450e24f2ab51c9325507d5960589b926a114eb25d926116c5,1acad25cb03e4807b50917b859a7937e32fbc690e0167df65068563040267f4f,4917773807f55089e1835c11df8ea37b21859279285410fe92d431a041e7de99,
2.1.0,MC-E20,e20_full_20260721_150753,2026-07-21T15:13:50.449560+00:00,hardware_eff_4,HardwareEfficient,4,22,22.0,0.0,0.0,8,8.0,0.0,6,6.0,0.0,6,6.0,0.0,0,0.0,0.0,0.9999999999999998,0.0344371795654296,cirq,optimize_for_target_gateset+eject_z+merge_1q,1.6.1,default,ok,44,2,experiments/e20_multi_compiler_full/run.py,cf4c43a166f171d450e24f2ab51c9325507d5960589b926a114eb25d926116c5,1acad25cb03e4807b50917b859a7937e32fbc690e0167df65068563040267f4f,4fd4a5c5cc816fb9427b388bfb5fd561fba388fd7f2070912418c3f428e8e7be,
2.1.0,MC-E20,e20_full_20260721_150753,2026-07-21T15:13:50.671869+00:00,hardware_eff_4,HardwareEfficient,4,22,14.0,0.3636363636363636,36.36363636363637,8,6.0,0.25,6,6.0,0.0,6,6.0,0.0,0,0.0,0.0,1.0,0.222308874130249,tket,FullPeepholeOptimise,2.18.0,default,ok,44,2,experiments/e20_multi_compiler_full/run.py,cf4c43a166f171d450e24f2ab51c9325507d5960589b926a114eb25d926116c5,1acad25cb03e4807b50917b859a7937e32fbc690e0167df65068563040267f4f,f08b87bb4b04f32c0e801323666bb7b00ff0a8430c6c94d58ffb3c2a020ac6d2,
2.1.0,MC-E20,e20_full_20260721_150753,2026-07-21T15:13:50.702590+00:00,grover_4,Grover,4,30,62.0,-1.0666666666666669,-106.66666666666669,13,53.0,-3.0769230769230766,0,28.0,0.0,0,28.0,0.0,0,0.0,0.0,0.999999999999994,0.0166985988616943,qiskit,transpiler,2.4.1,3,ok,44,2,experiments/e20_multi_compiler_full/run.py,cf4c43a166f171d450e24f2ab51c9325507d5960589b926a114eb25d926116c5,8efab01e533556e6f2a7b2ce4cfec282205fad4cd1df687450be720c41e4b302,161c181a3f67bd891168a75003dee8bfa164c0816dd3680c82ff71ee7d5f47b9,"Single Grover iteration, random marked state"
2.1.0,MC-E20,e20_full_20260721_150753,2026-07-21T15:13:50.776812+00:00,grover_4,Grover,4,30,78.0,-1.6,-160.0,13,57.0,-3.384615384615385,0,28.0,0.0,0,28.0,0.0,0,0.0,0.0,0.9999999999999928,0.0608711242675781,cirq,optimize_for_target_gateset+eject_z+merge_1q,1.6.1,default,ok,44,2,experiments/e20_multi_compiler_full/run.py,cf4c43a166f171d450e24f2ab51c9325507d5960589b926a114eb25d926116c5,8efab01e533556e6f2a7b2ce4cfec282205fad4cd1df687450be720c41e4b302,427ef991b435b0ec1e20f212009836d00e9c03a94b49359f226fd0bcd13b2e14,"Single Grover iteration, random marked state"
2.1.0,MC-E20,e20_full_20260721_150753,2026-07-21T15:13:51.578811+00:00,grover_4,Grover,4,30,64.0,-1.1333333333333333,-113.33333333333331,13,55.0,-3.230769230769231,0,28.0,0.0,0,28.0,0.0,0,0.0,0.0,0.9999999999999964,0.7900996208190918,tket,FullPeepholeOptimise,2.18.0,default,ok,44,2,experiments/e20_multi_compiler_full/run.py,cf4c43a166f171d450e24f2ab51c9325507d5960589b926a114eb25d926116c5,8efab01e533556e6f2a7b2ce4cfec282205fad4cd1df687450be720c41e4b302,03634001cd06dadc6fdfc62be9ab5017ad18ca17a99d32a9236aaa206ccd84d6,"Single Grover iteration, random marked state"
2.1.0,MC-E20,e20_full_20260721_150753,2026-07-21T15:13:51.599085+00:00,adder_4,Adder,4,6,6.0,0.0,0.0,6,6.0,0.0,2,2.0,0.0,2,2.0,0.0,0,0.0,0.0,1.0,0.0085992813110351,qiskit,transpiler,2.4.1,3,ok,44,2,experiments/e20_multi_compiler_full/run.py,cf4c43a166f171d450e24f2ab51c9325507d5960589b926a114eb25d926116c5,376ceef4983731f7550ead348027cf64df326a3131ced4b5445918208feab683,376ceef4983731f7550ead348027cf64df326a3131ced4b5445918208feab683,"Ripple-carry adder, random inputs"
2.1.0,MC-E20,e20_full_20260721_150753,2026-07-21T15:13:51.617475+00:00,adder_4,Adder,4,6,6.0,0.0,0.0,6,6.0,0.0,2,2.0,0.0,2,2.0,0.0,0,0.0,0.0,1.0,0.0163850784301757,cirq,optimize_for_target_gateset+eject_z+merge_1q,1.6.1,default,ok,44,2,experiments/e20_multi_compiler_full/run.py,cf4c43a166f171d450e24f2ab51c9325507d5960589b926a114eb25d926116c5,376ceef4983731f7550ead348027cf64df326a3131ced4b5445918208feab683,3eb3c8d4cae0570b20d032fc5fffcaff08d8e62e27847ba2bc7c5b69a9642b6a,"Ripple-carry adder, random inputs"
2.1.0,MC-E20,e20_full_20260721_150753,2026-07-21T15:13:51.916587+00:00,adder_4,Adder,4,6,38.0,-5.333333333333333,-533.3333333333333,6,29.0,-3.833333333333333,2,18.0,-8.0,2,18.0,-8.0,0,0.0,0.0,1.0000000000000009,0.299112319946289,tket,FullPeepholeOptimise,2.18.0,default,ok,44,2,experiments/e20_multi_compiler_full/run.py,cf4c43a166f171d450e24f2ab51c9325507d5960589b926a114eb25d926116c5,376ceef4983731f7550ead348027cf64df326a3131ced4b5445918208feab683,08c52da0df20a0891132625e6a1f0e3318f2a8b67be15a2e2e1ee662c829b77c,"Ripple-carry adder, random inputs"
2.1.0,MC-E20,e20_full_20260721_150753,2026-07-21T15:13:52.033128+00:00,qwalk_4,QuantumWalk,5,58,453.0,-6.810344827586207,-681.0344827586207,35,387.0,-10.057142857142855,6,252.0,-41.0,6,198.0,-32.0,0,36.0,0.0,0.9999999999999508,0.0120899677276611,qiskit,transpiler,2.4.1,3,ok,44,2,experiments/e20_multi_compiler_full/run.py,cf4c43a166f171d450e24f2ab51c9325507d5960589b926a114eb25d926116c5,67ab0a96ae0e61daab335306cfd472bf3ae535d1c6a5104350f1d1d453f67b38,c446bd7bd4439aa5c94820e270f0ac2a535fb885f86ef3b66ce1b190b7ec6889,"DTQW on cycle, 3 steps"
2.1.0,MC-E20,e20_full_20260721_150753,2026-07-21T15:13:52.366845+00:00,qwalk_4,QuantumWalk,5,58,,,,35,,,6,,,6,,,0,,,,0.3337163925170898,cirq,optimize_for_target_gateset+eject_z+merge_1q,1.6.1,default,"error: ""<input>:27,0: 'sx' is not defined in this scope""",44,2,experiments/e20_multi_compiler_full/run.py,cf4c43a166f171d450e24f2ab51c9325507d5960589b926a114eb25d926116c5,67ab0a96ae0e61daab335306cfd472bf3ae535d1c6a5104350f1d1d453f67b38,none,"DTQW on cycle, 3 steps"
2.1.0,MC-E20,e20_full_20260721_150753,2026-07-21T15:13:59.926505+00:00,qwalk_4,QuantumWalk,5,58,686.0,-10.827586206896552,-1082.7586206896551,35,534.0,-14.257142857142858,6,330.0,-54.0,6,330.0,-54.0,0,0.0,0.0,0.9999999999999716,7.448841333389282,tket,FullPeepholeOptimise,2.18.0,default,ok,44,2,experiments/e20_multi_compiler_full/run.py,cf4c43a166f171d450e24f2ab51c9325507d5960589b926a114eb25d926116c5,67ab0a96ae0e61daab335306cfd472bf3ae535d1c6a5104350f1d1d453f67b38,9b572548be9b23f41662f2ae5815bb11dca743a20e7778996b26429ffeecfe70,"DTQW on cycle, 3 steps"
2.1.0,MC-E20,e20_full_20260721_150753,2026-07-21T15:13:59.956413+00:00,iqp_4,IQP,4,20,9.0,0.55,55.00000000000001,8,4.0,0.5,4,2.0,0.5,0,0.0,0.0,0,0.0,0.0,0.9999999999999974,0.0101423263549804,qiskit,transpiler,2.4.1,3,ok,44,2,experiments/e20_multi_compiler_full/run.py,cf4c43a166f171d450e24f2ab51c9325507d5960589b926a114eb25d926116c5,b0524e27b4802fdb62189f700bd2f305167edadbb7dfd85ba065bf6385092476,6564771dd5e9f77955c759829da3bf760f09c3e952d34cd4a164f3a1183e173c,"IQP circuit, 3 diagonal layers"
2.1.0,MC-E20,e20_full_20260721_150753,2026-07-21T15:13:59.967529+00:00,iqp_4,IQP,4,20,18.0,0.0999999999999999,9.999999999999998,8,8.0,0.0,4,4.0,0.0,0,0.0,0.0,0,1.0,0.0,0.9999999999999974,0.0111157894134521,cirq,optimize_for_target_gateset+eject_z+merge_1q,1.6.1,default,ok,44,2,experiments/e20_multi_compiler_full/run.py,cf4c43a166f171d450e24f2ab51c9325507d5960589b926a114eb25d926116c5,b0524e27b4802fdb62189f700bd2f305167edadbb7dfd85ba065bf6385092476,0310e063f6e213c5f25987b595e3605dc17a0b943eb9a37c5ef07a2696ce6e7e,"IQP circuit, 3 diagonal layers"
2.1.0,MC-E20,e20_full_20260721_150753,2026-07-21T15:14:00.109667+00:00,iqp_4,IQP,4,20,9.0,0.55,55.00000000000001,8,5.0,0.375,4,2.0,0.5,0,2.0,0.0,0,0.0,0.0,0.9999999999999992,0.1248476505279541,tket,FullPeepholeOptimise,2.18.0,default,ok,44,2,experiments/e20_multi_compiler_full/run.py,cf4c43a166f171d450e24f2ab51c9325507d5960589b926a114eb25d926116c5,b0524e27b4802fdb62189f700bd2f305167edadbb7dfd85ba065bf6385092476,745e8070471aa2700e178e61860dece10fbb717b19f7071bbc01df2a38ebbcf1,"IQP circuit, 3 diagonal layers"
2.1.0,MC-E20,e20_full_20260721_150753,2026-07-21T15:14:00.131668+00:00,clifford_4,RandomClifford,4,30,5.0,0.8333333333333334,83.33333333333334,9,3.0,0.6666666666666667,1,1.0,0.0,1,1.0,0.0,12,0.0,1.0,0.9999999999999972,0.0,qiskit,transpiler,2.4.1,3,ok,44,2,experiments/e20_multi_compiler_full/run.py,cf4c43a166f171d450e24f2ab51c9325507d5960589b926a114eb25d926116c5,f0df5b6aae8cce4bdfad97799ac3e48fd3c1dbc0536de1fd6f86497f8b23003a,18023f06e728a559dbf4ff9dfb38d2403da6ea804f2d3dfef57e299ae5ce6d74,"Random Clifford, depth=10"
2.1.0,MC-E20,e20_full_20260721_150753,2026-07-21T15:14:00.155046+00:00,clifford_4,RandomClifford,4,30,9.0,0.7,70.0,9,5.0,0.4444444444444444,1,1.0,0.0,1,1.0,0.0,12,2.0,0.8333333333333334,0.9999999999999972,0.0233778953552246,cirq,optimize_for_target_gateset+eject_z+merge_1q,1.6.1,default,ok,44,2,experiments/e20_multi_compiler_full/run.py,cf4c43a166f171d450e24f2ab51c9325507d5960589b926a114eb25d926116c5,f0df5b6aae8cce4bdfad97799ac3e48fd3c1dbc0536de1fd6f86497f8b23003a,e9cf32caf9e2bb9d54c880041dd000a8b42100484c3463420036a409898e9486,"Random Clifford, depth=10"
2.1.0,MC-E20,e20_full_20260721_150753,2026-07-21T15:14:00.195719+00:00,clifford_4,RandomClifford,4,30,6.0,0.8,80.0,9,3.0,0.6666666666666667,1,1.0,0.0,1,1.0,0.0,12,0.0,1.0,0.9999999999999976,0.0381295680999755,tket,FullPeepholeOptimise,2.18.0,default,ok,44,2,experiments/e20_multi_compiler_full/run.py,cf4c43a166f171d450e24f2ab51c9325507d5960589b926a114eb25d926116c5,f0df5b6aae8cce4bdfad97799ac3e48fd3c1dbc0536de1fd6f86497f8b23003a,d25fb862872fdaa77d9822a30a7069621bf6830748363a163ff9a2101db8d70a,"Random Clifford, depth=10"
2.1.0,MC-E20,e20_full_20260721_150753,2026-07-21T15:14:00.214516+00:00,surface_code_4,SurfaceCode,5,7,7.0,0.0,0.0,6,6.0,0.0,4,4.0,0.0,4,4.0,0.0,0,0.0,0.0,0.9999999999999996,0.0067677497863769,qiskit,transpiler,2.4.1,3,ok,44,2,experiments/e20_multi_compiler_full/run.py,cf4c43a166f171d450e24f2ab51c9325507d5960589b926a114eb25d926116c5,855a0c983e32593c047881a558688a6cd01c8e842acf4ad4a67c53342b71e274,855a0c983e32593c047881a558688a6cd01c8e842acf4ad4a67c53342b71e274,X-stabilizer syndrome extraction
2.1.0,MC-E20,e20_full_20260721_150753,2026-07-21T15:14:00.229789+00:00,surface_code_4,SurfaceCode,5,7,9.0,-0.2857142857142858,-28.57142857142858,6,8.0,-0.3333333333333332,4,4.0,0.0,4,4.0,0.0,0,0.0,0.0,0.9999999999999996,0.015273094177246,cirq,optimize_for_target_gateset+eject_z+merge_1q,1.6.1,default,ok,44,2,experiments/e20_multi_compiler_full/run.py,cf4c43a166f171d450e24f2ab51c9325507d5960589b926a114eb25d926116c5,855a0c983e32593c047881a558688a6cd01c8e842acf4ad4a67c53342b71e274,310565be6eb954bf214385f8085db08ad8b9506b81d8f7ada616781580df7b52,X-stabilizer syndrome extraction
2.1.0,MC-E20,e20_full_20260721_150753,2026-07-21T15:14:00.379501+00:00,surface_code_4,SurfaceCode,5,7,7.0,0.0,0.0,6,6.0,0.0,4,4.0,0.0,4,4.0,0.0,0,0.0,0.0,1.0,0.1443653106689453,tket,FullPeepholeOptimise,2.18.0,default,ok,44,2,experiments/e20_multi_compiler_full/run.py,cf4c43a166f171d450e24f2ab51c9325507d5960589b926a114eb25d926116c5,855a0c983e32593c047881a558688a6cd01c8e842acf4ad4a67c53342b71e274,d3561a74fff0cebbbb7bc0c124afdd8ac01c1526fb20f80503237b322e6e9f6d,X-stabilizer syndrome extraction
2.1.0,MC-E20,e20_full_20260721_150753,2026-07-21T15:14:00.405984+00:00,uccsd_4,UCCSD_inspired,4,28,22.0,0.2142857142857143,21.42857142857143,16,15.0,0.0625,14,10.0,0.2857142857142857,14,10.0,0.2857142857142857,0,0.0,0.0,1.0,0.0,qiskit,transpiler,2.4.1,3,ok,44,2,experiments/e20_multi_compiler_full/run.py,cf4c43a166f171d450e24f2ab51c9325507d5960589b926a114eb25d926116c5,b34f9908d5e03fab1aa9ef6b6659231b51547c6e1ce2e5596ea98599b8316edf,81340aebeeb9d9f269acc28511675cae740e58577c96e3ae2da5390ba184a05d,Parameterized ansatz INSPIRED BY (not true) UCCSD; see make_parameterized_ansatz docstring. Renamed from 'UCCSD' to 'UCCSD_inspired' per review L3 to avoid false claim.
2.1.0,MC-E20,e20_full_20260721_150753,2026-07-21T15:14:00.438128+00:00,uccsd_4,UCCSD_inspired,4,28,26.0,0.0714285714285714,7.14285714285714,16,15.0,0.0625,14,14.0,0.0,14,14.0,0.0,0,0.0,0.0,1.0,0.0170826911926269,cirq,optimize_for_target_gateset+eject_z+merge_1q,1.6.1,default,ok,44,2,experiments/e20_multi_compiler_full/run.py,cf4c43a166f171d450e24f2ab51c9325507d5960589b926a114eb25d926116c5,b34f9908d5e03fab1aa9ef6b6659231b51547c6e1ce2e5596ea98599b8316edf,a855d56a4ea6a90ef46d67e3336b83432b747d14e9fdca26bad2e3cc25b0bd2f,Parameterized ansatz INSPIRED BY (not true) UCCSD; see make_parameterized_ansatz docstring. Renamed from 'UCCSD' to 'UCCSD_inspired' per review L3 to avoid false claim.
2.1.0,MC-E20,e20_full_20260721_150753,2026-07-21T15:14:00.779326+00:00,uccsd_4,UCCSD_inspired,4,28,22.0,0.2142857142857143,21.42857142857143,16,15.0,0.0625,14,10.0,0.2857142857142857,14,10.0,0.2857142857142857,0,0.0,0.0,1.0,0.3411972522735595,tket,FullPeepholeOptimise,2.18.0,default,ok,44,2,experiments/e20_multi_compiler_full/run.py,cf4c43a166f171d450e24f2ab51c9325507d5960589b926a114eb25d926116c5,b34f9908d5e03fab1aa9ef6b6659231b51547c6e1ce2e5596ea98599b8316edf,fce7daa29f3a7d4802846bc3396a333e7aab7643573b4238b9b63bc975b16065,Parameterized ansatz INSPIRED BY (not true) UCCSD; see make_parameterized_ansatz docstring. Renamed from 'UCCSD' to 'UCCSD_inspired' per review L3 to avoid false claim.
2.1.0,MC-E20,e20_full_20260721_150753,2026-07-21T15:14:00.824691+00:00,qft_6,QFT,6,21,21.0,0.0,0.0,11,11.0,0.0,15,15.0,0.0,0,0.0,0.0,0,0.0,0.0,0.9999999999999996,0.0229883193969726,qiskit,transpiler,2.4.1,3,ok,44,2,experiments/e20_multi_compiler_full/run.py,cf4c43a166f171d450e24f2ab51c9325507d5960589b926a114eb25d926116c5,e761adf8efeac5c21762208c08429dd4686d16eb4cbc1582e6d4ebc809852f66,ce325feb7eafc0f7673a16bbc3b51544984abb6d137b6ba7752bea283600c12b,
2.1.0,MC-E20,e20_full_20260721_150753,2026-07-21T15:14:00.855102+00:00,qft_6,QFT,6,21,,,,11,,,15,,,0,,,0,,,,0.0299091339111328,cirq,optimize_for_target_gateset+eject_z+merge_1q,1.6.1,default,"error: ""<input>:17,0: 'sx' is not defined in this scope""",44,2,experiments/e20_multi_compiler_full/run.py,cf4c43a166f171d450e24f2ab51c9325507d5960589b926a114eb25d926116c5,e761adf8efeac5c21762208c08429dd4686d16eb4cbc1582e6d4ebc809852f66,none,
2.1.0,MC-E20,e20_full_20260721_150753,2026-07-21T15:14:01.516836+00:00,qft_6,QFT,6,21,71.0,-2.380952380952381,-238.0952380952381,11,33.0,-2.0,15,30.0,-1.0,0,30.0,0.0,0,0.0,0.0,1.0,0.6516988277435303,tket,FullPeepholeOptimise,2.18.0,default,ok,44,2,experiments/e20_multi_compiler_full/run.py,cf4c43a166f171d450e24f2ab51c9325507d5960589b926a114eb25d926116c5,e761adf8efeac5c21762208c08429dd4686d16eb4cbc1582e6d4ebc809852f66,1e4c9ed3e36094a6271070b1f1ab2b30e856264476b0c22125357dc3af1d9cc7,
2.1.0,MC-E20,e20_full_20260721_150753,2026-07-21T15:14:01.531984+00:00,ghz_6,GHZ,6,6,6.0,0.0,0.0,6,6.0,0.0,5,5.0,0.0,5,5.0,0.0,0,0.0,0.0,0.9999999999999998,0.0,qiskit,transpiler,2.4.1,3,ok,44,2,experiments/e20_multi_compiler_full/run.py,cf4c43a166f171d450e24f2ab51c9325507d5960589b926a114eb25d926116c5,df499dded1e0518f2f6266b9f0e35d3c81e6057b5ba6e6decbb0f26370e5bb03,df499dded1e0518f2f6266b9f0e35d3c81e6057b5ba6e6decbb0f26370e5bb03,
2.1.0,MC-E20,e20_full_20260721_150753,2026-07-21T15:14:01.555527+00:00,ghz_6,GHZ,6,6,7.0,-0.1666666666666667,-16.666666666666675,6,7.0,-0.1666666666666667,5,5.0,0.0,5,5.0,0.0,0,0.0,0.0,0.9999999999999998,0.0080251693725585,cirq,optimize_for_target_gateset+eject_z+merge_1q,1.6.1,default,ok,44,2,experiments/e20_multi_compiler_full/run.py,cf4c43a166f171d450e24f2ab51c9325507d5960589b926a114eb25d926116c5,df499dded1e0518f2f6266b9f0e35d3c81e6057b5ba6e6decbb0f26370e5bb03,d4f49c1b8be62a61d262e49773b9cb5ffaafaba57cb3618d0cc608c10726c170,
2.1.0,MC-E20,e20_full_20260721_150753,2026-07-21T15:14:01.700146+00:00,ghz_6,GHZ,6,6,6.0,0.0,0.0,6,6.0,0.0,5,5.0,0.0,5,5.0,0.0,0,0.0,0.0,1.0,0.1446192264556884,tket,FullPeepholeOptimise,2.18.0,default,ok,44,2,experiments/e20_multi_compiler_full/run.py,cf4c43a166f171d450e24f2ab51c9325507d5960589b926a114eb25d926116c5,df499dded1e0518f2f6266b9f0e35d3c81e6057b5ba6e6decbb0f26370e5bb03,f5606110b4c9de2d9c41d6892ae7b8cd5a5d8a4dec34af69160c119d936ae28b,
2.1.0,MC-E20,e20_full_20260721_150753,2026-07-21T15:14:01.728741+00:00,cnot_chain_6,CNOT,6,40,0.0,1.0,100.0,22,0.0,1.0,40,0.0,1.0,40,0.0,1.0,0,0.0,0.0,1.0,0.0078566074371337,qiskit,transpiler,2.4.1,3,ok,44,2,experiments/e20_multi_compiler_full/run.py,cf4c43a166f171d450e24f2ab51c9325507d5960589b926a114eb25d926116c5,a9cbe813352eb8bbddbb6de7feecde853f066b5cf29e96a7a2f84a6cd354761a,995ca4ef9eaba10dd58f1ab322947f30c40e0f095185660849ca98aed2848347,
2.1.0,MC-E20,e20_full_20260721_150753,2026-07-21T15:14:01.750984+00:00,cnot_chain_6,CNOT,6,40,40.0,0.0,0.0,22,22.0,0.0,40,40.0,0.0,40,40.0,0.0,0,0.0,0.0,1.0,0.0222430229187011,cirq,optimize_for_target_gateset+eject_z+merge_1q,1.6.1,default,ok,44,2,experiments/e20_multi_compiler_full/run.py,cf4c43a166f171d450e24f2ab51c9325507d5960589b926a114eb25d926116c5,a9cbe813352eb8bbddbb6de7feecde853f066b5cf29e96a7a2f84a6cd354761a,2e9e1aace549c82c9407f34f36831517d192135307006f6b9830a803c04a3dc1,
2.1.0,MC-E20,e20_full_20260721_150753,2026-07-21T15:14:01.768386+00:00,cnot_chain_6,CNOT,6,40,0.0,1.0,100.0,22,0.0,1.0,40,0.0,1.0,40,0.0,1.0,0,0.0,0.0,1.0,0.0174016952514648,tket,FullPeepholeOptimise,2.18.0,default,ok,44,2,experiments/e20_multi_compiler_full/run.py,cf4c43a166f171d450e24f2ab51c9325507d5960589b926a114eb25d926116c5,a9cbe813352eb8bbddbb6de7feecde853f066b5cf29e96a7a2f84a6cd354761a,995ca4ef9eaba10dd58f1ab322947f30c40e0f095185660849ca98aed2848347,
2.1.0,MC-E20,e20_full_20260721_150753,2026-07-21T15:14:01.797507+00:00,bv_6,Oracle,7,19,11.0,0.4210526315789473,42.10526315789473,7,5.0,0.2857142857142857,3,3.0,0.0,3,3.0,0.0,0,0.0,0.0,0.9999999999999964,0.0,qiskit,transpiler,2.4.1,3,ok,44,2,experiments/e20_multi_compiler_full/run.py,cf4c43a166f171d450e24f2ab51c9325507d5960589b926a114eb25d926116c5,7e908ca0e7f41f66748ac66b70ce7100a634439e03f0c473468434a177435503,c1e1ae46353702bd1c6c33dea3a199e0a7c7a2821826cab88616322525a38363,
2.1.0,MC-E20,e20_full_20260721_150753,2026-07-21T15:14:01.811691+00:00,bv_6,Oracle,7,19,17.0,0.1052631578947368,10.526315789473683,7,7.0,0.0,3,3.0,0.0,3,3.0,0.0,0,0.0,0.0,,0.0141842365264892,cirq,optimize_for_target_gateset+eject_z+merge_1q,1.6.1,default,ok,44,2,experiments/e20_multi_compiler_full/run.py,cf4c43a166f171d450e24f2ab51c9325507d5960589b926a114eb25d926116c5,7e908ca0e7f41f66748ac66b70ce7100a634439e03f0c473468434a177435503,b01c4c83fe8eef21a7fb817ebb2abd3e2d788b2bfca96c51add9cc7a65884d03,
2.1.0,MC-E20,e20_full_20260721_150753,2026-07-21T15:14:01.984397+00:00,qaoa_line_6,QAOA,6,48,48.0,0.0,0.0,24,24.0,0.0,20,20.0,0.0,20,20.0,0.0,0,0.0,0.0,1.0000000000000029,0.009528636932373,qiskit,transpiler,2.4.1,3,ok,44,2,experiments/e20_multi_compiler_full/run.py,cf4c43a166f171d450e24f2ab51c9325507d5960589b926a114eb25d926116c5,18943383040924c600c10e5fc53ee47daad87ed7d23dfef4708492ae5194c1a6,18943383040924c600c10e5fc53ee47daad87ed7d23dfef4708492ae5194c1a6,
2.1.0,MC-E20,e20_full_20260721_150753,2026-07-21T15:14:02.050005+00:00,qaoa_line_6,QAOA,6,48,54.0,-0.125,-12.5,24,25.0,-0.0416666666666667,20,20.0,0.0,20,20.0,0.0,0,0.0,0.0,1.0000000000000004,0.050600528717041,cirq,optimize_for_target_gateset+eject_z+merge_1q,1.6.1,default,ok,44,2,experiments/e20_multi_compiler_full/run.py,cf4c43a166f171d450e24f2ab51c9325507d5960589b926a114eb25d926116c5,18943383040924c600c10e5fc53ee47daad87ed7d23dfef4708492ae5194c1a6,d0437abffcd64a6b207b53a9415704199ef3dd9bb7a2171151982bc404e7b9c2,
2.1.0,MC-E20,e20_full_20260721_150753,2026-07-21T15:14:02.576117+00:00,qaoa_line_6,QAOA,6,48,46.0,0.0416666666666666,4.166666666666663,24,24.0,0.0,20,20.0,0.0,20,20.0,0.0,0,0.0,0.0,1.0000000000000036,0.5139429569244385,tket,FullPeepholeOptimise,2.18.0,default,ok,44,2,experiments/e20_multi_compiler_full/run.py,cf4c43a166f171d450e24f2ab51c9325507d5960589b926a114eb25d926116c5,18943383040924c600c10e5fc53ee47daad87ed7d23dfef4708492ae5194c1a6,77a5b1dc3b775d71f9e366b162d5c16da144c5a538b6a4ae67897559f3fa1e01,
2.1.0,MC-E20,e20_full_20260721_150753,2026-07-21T15:14:02.613035+00:00,vqe_twolocal_6,VQE,6,46,28.0,0.3913043478260869,39.13043478260869,13,10.0,0.2307692307692307,10,10.0,0.0,10,10.0,0.0,0,0.0,0.0,1.0,0.0,qiskit,transpiler,2.4.1,3,ok,44,2,experiments/e20_multi_compiler_full/run.py,cf4c43a166f171d450e24f2ab51c9325507d5960589b926a114eb25d926116c5,ab1c50554765797b86d1a8f0003930cc6f940a80ed35b7391c85219b028acf04,e1a4e22e68b50e784613063908fe81f92a4c1916f688f43daaa3c7133588e11a,
2.1.0,MC-E20,e20_full_20260721_150753,2026-07-21T15:14:02.668609+00:00,vqe_twolocal_6,VQE,6,46,46.0,0.0,0.0,13,13.0,0.0,10,10.0,0.0,10,10.0,0.0,0,0.0,0.0,1.0,0.0395264625549316,cirq,optimize_for_target_gateset+eject_z+merge_1q,1.6.1,default,ok,44,2,experiments/e20_multi_compiler_full/run.py,cf4c43a166f171d450e24f2ab51c9325507d5960589b926a114eb25d926116c5,ab1c50554765797b86d1a8f0003930cc6f940a80ed35b7391c85219b028acf04,aef615b6092efa34646b2f1af3e75135cefc3e4380601d06a527deb311ece742,
2.1.0,MC-E20,e20_full_20260721_150753,2026-07-21T15:14:03.115289+00:00,vqe_twolocal_6,VQE,6,46,28.0,0.3913043478260869,39.13043478260869,13,10.0,0.2307692307692307,10,10.0,0.0,10,10.0,0.0,0,0.0,0.0,1.0,0.4313473701477051,tket,FullPeepholeOptimise,2.18.0,default,ok,44,2,experiments/e20_multi_compiler_full/run.py,cf4c43a166f171d450e24f2ab51c9325507d5960589b926a114eb25d926116c5,ab1c50554765797b86d1a8f0003930cc6f940a80ed35b7391c85219b028acf04,2c63012ed9db6b5fd27a7997dd21e3308d0d11ad8d4b400a44e84304d41bb717,
2.1.0,MC-E20,e20_full_20260721_150753,2026-07-21T15:14:03.134319+00:00,hardware_eff_6,HardwareEfficient,6,34,22.0,0.3529411764705882,35.29411764705882,8,6.0,0.25,10,10.0,0.0,10,10.0,0.0,0,0.0,0.0,1.0000000000000004,0.0175707340240478,qiskit,transpiler,2.4.1,3,ok,44,2,experiments/e20_multi_compiler_full/run.py,cf4c43a166f171d450e24f2ab51c9325507d5960589b926a114eb25d926116c5,59d4e0d2d41d9ef68298ebbd3c115c44372446940d0e062308994059c7346928,8edd89adb180589ed4a65da72257fd0849b6c009546b31dba7ac521385678080,
2.1.0,MC-E20,e20_full_20260721_150753,2026-07-21T15:14:03.179761+00:00,hardware_eff_6,HardwareEfficient,6,34,34.0,0.0,0.0,8,8.0,0.0,10,10.0,0.0,10,10.0,0.0,0,0.0,0.0,1.0,0.0298540592193603,cirq,optimize_for_target_gateset+eject_z+merge_1q,1.6.1,default,ok,44,2,experiments/e20_multi_compiler_full/run.py,cf4c43a166f171d450e24f2ab51c9325507d5960589b926a114eb25d926116c5,59d4e0d2d41d9ef68298ebbd3c115c44372446940d0e062308994059c7346928,af96461d13a47a6ebcecf59a59cb13b40d275fdb69bf5c8009be76055b0f071e,
2.1.0,MC-E20,e20_full_20260721_150753,2026-07-21T15:14:03.613504+00:00,hardware_eff_6,HardwareEfficient,6,34,22.0,0.3529411764705882,35.29411764705882,8,6.0,0.25,10,10.0,0.0,10,10.0,0.0,0,0.0,0.0,1.0000000000000004,0.4187307357788086,tket,FullPeepholeOptimise,2.18.0,default,ok,44,2,experiments/e20_multi_compiler_full/run.py,cf4c43a166f171d450e24f2ab51c9325507d5960589b926a114eb25d926116c5,59d4e0d2d41d9ef68298ebbd3c115c44372446940d0e062308994059c7346928,2c66a365f623285499d0bc29fd57b6b181fecd7d49d7692843aaa7eca2d0ddbb,
2.1.0,MC-E20,e20_full_20260721_150753,2026-07-21T15:14:03.732994+00:00,grover_6,Grover,6,36,20.0,0.4444444444444444,44.44444444444444,11,5.0,0.5454545454545454,0,0.0,0.0,0,0.0,0.0,0,0.0,0.0,0.9999999999999584,0.0228779315948486,qiskit,transpiler,2.4.1,3,ok,44,2,experiments/e20_multi_compiler_full/run.py,cf4c43a166f171d450e24f2ab51c9325507d5960589b926a114eb25d926116c5,4a8262673ad455732bb2d327a211a80f09e0d63603e85d01ff5b9a0d25b94fd1,d267a4a110999ade60d7bfd0d576e3427b2a219925dd3164b74f68a786dc85c2,"Single Grover iteration, random marked state"
2.1.0,MC-E20,e20_full_20260721_150753,2026-07-21T15:14:04.035561+00:00,grover_6,Grover,6,36,,,,11,,,0,,,0,,,0,,,,0.3019371032714844,cirq,optimize_for_target_gateset+eject_z+merge_1q,1.6.1,default,"error: ""<input>:250,0: 'sx' is not defined in this scope""",44,2,experiments/e20_multi_compiler_full/run.py,cf4c43a166f171d450e24f2ab51c9325507d5960589b926a114eb25d926116c5,4a8262673ad455732bb2d327a211a80f09e0d63603e85d01ff5b9a0d25b94fd1,none,"Single Grover iteration, random marked state"
2.1.0,MC-E20,e20_full_20260721_150753,2026-07-21T15:14:07.300961+00:00,grover_6,Grover,6,36,344.0,-8.555555555555555,-855.5555555555555,11,233.0,-20.181818181818183,0,160.0,0.0,0,160.0,0.0,0,0.0,0.0,0.9999999999999816,3.1751668453216557,tket,FullPeepholeOptimise,2.18.0,default,ok,44,2,experiments/e20_multi_compiler_full/run.py,cf4c43a166f171d450e24f2ab51c9325507d5960589b926a114eb25d926116c5,4a8262673ad455732bb2d327a211a80f09e0d63603e85d01ff5b9a0d25b94fd1,8721e1b9f41ac2c0b97743657ef80afaf70babb5f40a41fb91db54489f5d0d4b,"Single Grover iteration, random marked state"
2.1.0,MC-E20,e20_full_20260721_150753,2026-07-21T15:14:07.328518+00:00,adder_6,Adder,7,12,12.0,0.0,0.0,8,8.0,0.0,4,4.0,0.0,4,4.0,0.0,0,0.0,0.0,1.0,0.0,qiskit,transpiler,2.4.1,3,ok,44,2,experiments/e20_multi_compiler_full/run.py,cf4c43a166f171d450e24f2ab51c9325507d5960589b926a114eb25d926116c5,ffbccff06f7f6ee0e5485c7374bbae521e513bf19f08f375c992f0d2c68d895c,3694e0b2c382cd7f323a3feeb3e23cb06b5e4720a169cde6f6dbeccd978b3b7a,"Ripple-carry adder, random inputs"
2.1.0,MC-E20,e20_full_20260721_150753,2026-07-21T15:14:07.354615+00:00,adder_6,Adder,7,12,12.0,0.0,0.0,8,8.0,0.0,4,4.0,0.0,4,4.0,0.0,0,0.0,0.0,1.0,0.0218646526336669,cirq,optimize_for_target_gateset+eject_z+merge_1q,1.6.1,default,ok,44,2,experiments/e20_multi_compiler_full/run.py,cf4c43a166f171d450e24f2ab51c9325507d5960589b926a114eb25d926116c5,ffbccff06f7f6ee0e5485c7374bbae521e513bf19f08f375c992f0d2c68d895c,e9cc624e3bfa3cf6fbcd1e696849d343fd3dbcf7106f294f4e4c468bb377c952,"Ripple-carry adder, random inputs"
2.1.0,MC-E20,e20_full_20260721_150753,2026-07-21T15:14:09.693085+00:00,qwalk_6,QuantumWalk,7,82,2300.0,-27.04878048780488,-2704.8780487804875,47,1695.0,-35.06382978723404,6,990.0,-164.0,6,990.0,-164.0,0,305.0,0.0,0.9999999999997878,0.0248739719390869,qiskit,transpiler,2.4.1,3,ok,44,2,experiments/e20_multi_compiler_full/run.py,cf4c43a166f171d450e24f2ab51c9325507d5960589b926a114eb25d926116c5,5cf7a7f7e41a5a150daf969cf7c510e14ecfa06e3d94e6565290346785ceb4eb,e0cfe6d145d666a8745ea99942b9477bee69eb5c251ea6ed2713235c67665c74,"DTQW on cycle, 3 steps"
2.1.0,MC-E20,e20_full_20260721_150753,2026-07-21T15:14:11.554872+00:00,qwalk_6,QuantumWalk,7,82,,,,47,,,6,,,6,,,0,,,,1.859782695770264,cirq,optimize_for_target_gateset+eject_z+merge_1q,1.6.1,default,"error: ""<input>:375,0: 'sx' is not defined in this scope""",44,2,experiments/e20_multi_compiler_full/run.py,cf4c43a166f171d450e24f2ab51c9325507d5960589b926a114eb25d926116c5,5cf7a7f7e41a5a150daf969cf7c510e14ecfa06e3d94e6565290346785ceb4eb,none,"DTQW on cycle, 3 steps"
2.1.0,MC-E20,e20_full_20260721_150753,2026-07-21T15:14:42.698566+00:00,iqp_6,IQP,6,28,12.0,0.5714285714285714,57.14285714285714,8,4.0,0.5,5,3.0,0.4,0,0.0,0.0,0,0.0,0.0,0.9999999999999968,0.0075387954711914,qiskit,transpiler,2.4.1,3,ok,44,2,experiments/e20_multi_compiler_full/run.py,cf4c43a166f171d450e24f2ab51c9325507d5960589b926a114eb25d926116c5,23f32c7821f3cd9b4b794c1de87166930b877adb53d180d72c9b39700f8ca44c,f5e66909cec5c665c9ab16bb0fd90ccf5f5703ead051840f311d85e4202b8387,"IQP circuit, 3 diagonal layers"
2.1.0,MC-E20,e20_full_20260721_150753,2026-07-21T15:14:42.730363+00:00,iqp_6,IQP,6,28,24.0,0.1428571428571429,14.28571428571429,8,8.0,0.0,5,5.0,0.0,0,0.0,0.0,0,3.0,0.0,,0.0246944427490234,cirq,optimize_for_target_gateset+eject_z+merge_1q,1.6.1,default,ok,44,2,experiments/e20_multi_compiler_full/run.py,cf4c43a166f171d450e24f2ab51c9325507d5960589b926a114eb25d926116c5,23f32c7821f3cd9b4b794c1de87166930b877adb53d180d72c9b39700f8ca44c,bc826ebc126ad0c77abe49603185d94a539806714c216c2128bccbb281905e3d,"IQP circuit, 3 diagonal layers"
2.1.0,MC-E20,e20_full_20260721_150753,2026-07-21T15:14:42.885625+00:00,iqp_6,IQP,6,28,12.0,0.5714285714285714,57.14285714285714,8,5.0,0.375,5,3.0,0.4,0,3.0,0.0,0,0.0,0.0,0.9999999999999992,0.1453058719635009,tket,FullPeepholeOptimise,2.18.0,default,ok,44,2,experiments/e20_multi_compiler_full/run.py,cf4c43a166f171d450e24f2ab51c9325507d5960589b926a114eb25d926116c5,23f32c7821f3cd9b4b794c1de87166930b877adb53d180d72c9b39700f8ca44c,0814300814c1613e3b883452c231163e4397a87b62796d551ab22cb29ecec6a8,"IQP circuit, 3 diagonal layers"
2.1.0,MC-E20,e20_full_20260721_150753,2026-07-21T15:14:42.917485+00:00,clifford_6,RandomClifford,6,42,17.0,0.5952380952380952,59.523809523809526,11,6.0,0.4545454545454546,7,5.0,0.2857142857142857,7,5.0,0.2857142857142857,12,3.0,0.75,0.9999999999999956,0.0108101367950439,qiskit,transpiler,2.4.1,3,ok,44,2,experiments/e20_multi_compiler_full/run.py,cf4c43a166f171d450e24f2ab51c9325507d5960589b926a114eb25d926116c5,9bbdd2db4a42a7527d6b334630eadbf22510c08fe92d4119553baf4325a71fc0,2122776bc9a7147f9f6d6926f3e44f9445a5200d8e386adef6c2bd14830cc2ed,"Random Clifford, depth=10"
2.1.0,MC-E20,e20_full_20260721_150753,2026-07-21T15:14:42.955986+00:00,clifford_6,RandomClifford,6,42,31.0,0.2619047619047618,26.190476190476183,11,14.0,-0.2727272727272727,7,7.0,0.0,7,7.0,0.0,12,8.0,0.3333333333333333,0.999999999999994,0.0288186073303222,cirq,optimize_for_target_gateset+eject_z+merge_1q,1.6.1,default,ok,44,2,experiments/e20_multi_compiler_full/run.py,cf4c43a166f171d450e24f2ab51c9325507d5960589b926a114eb25d926116c5,9bbdd2db4a42a7527d6b334630eadbf22510c08fe92d4119553baf4325a71fc0,990ea77d0860bf27f40131479852fcdffe354a5149834f3f4ff441724a65f3aa,"Random Clifford, depth=10"
2.1.0,MC-E20,e20_full_20260721_150753,2026-07-21T15:14:43.099487+00:00,clifford_6,RandomClifford,6,42,16.0,0.6190476190476191,61.90476190476191,11,5.0,0.5454545454545454,7,4.0,0.4285714285714286,7,4.0,0.4285714285714286,12,0.0,1.0,0.261538461538461,0.1248276233673095,tket,FullPeepholeOptimise,2.18.0,default,ok,44,2,experiments/e20_multi_compiler_full/run.py,cf4c43a166f171d450e24f2ab51c9325507d5960589b926a114eb25d926116c5,9bbdd2db4a42a7527d6b334630eadbf22510c08fe92d4119553baf4325a71fc0,175cbb70e4fd6af5a9cef4758687091e9fc5211d8906a0098f184ec183c2d144,"Random Clifford, depth=10"
2.1.0,MC-E20,e20_full_20260721_150753,2026-07-21T15:14:43.126127+00:00,surface_code_6,SurfaceCode,7,10,10.0,0.0,0.0,8,8.0,0.0,6,6.0,0.0,6,6.0,0.0,0,0.0,0.0,0.9999999999999998,0.0,qiskit,transpiler,2.4.1,3,ok,44,2,experiments/e20_multi_compiler_full/run.py,cf4c43a166f171d450e24f2ab51c9325507d5960589b926a114eb25d926116c5,500c175147f77088130e4c3efb8ddc53fa1469b89d42bc8bb4b33bd8b64b5db8,500c175147f77088130e4c3efb8ddc53fa1469b89d42bc8bb4b33bd8b64b5db8,X-stabilizer syndrome extraction
2.1.0,MC-E20,e20_full_20260721_150753,2026-07-21T15:14:43.141447+00:00,surface_code_6,SurfaceCode,7,10,12.0,-0.1999999999999999,-20.0,8,10.0,-0.25,6,6.0,0.0,6,6.0,0.0,0,0.0,0.0,0.9999999999999998,0.0153207778930664,cirq,optimize_for_target_gateset+eject_z+merge_1q,1.6.1,default,ok,44,2,experiments/e20_multi_compiler_full/run.py,cf4c43a166f171d450e24f2ab51c9325507d5960589b926a114eb25d926116c5,500c175147f77088130e4c3efb8ddc53fa1469b89d42bc8bb4b33bd8b64b5db8,50a50eca99d2ed5f0cbf02d5b3ea6b2963edcc1fba8be54b03d1b3f24677f4b3,X-stabilizer syndrome extraction
2.1.0,MC-E20,e20_full_20260721_150753,2026-07-21T15:14:43.372412+00:00,uccsd_6,UCCSD_inspired,6,58,44.0,0.2413793103448276,24.13793103448276,28,25.0,0.1071428571428571,29,21.0,0.2758620689655172,29,21.0,0.2758620689655172,0,0.0,0.0,1.0,0.0150356292724609,qiskit,transpiler,2.4.1,3,ok,44,2,experiments/e20_multi_compiler_full/run.py,cf4c43a166f171d450e24f2ab51c9325507d5960589b926a114eb25d926116c5,c78f21ff03b951c2f491ff7624990d0a75515fff8af6d796b71f03529f82e196,7c575fe9de2b5cfb9304428dd9ef3555a33f6d1d67e5b04eb322f9d5b78e5dc7,Parameterized ansatz INSPIRED BY (not true) UCCSD; see make_parameterized_ansatz docstring. Renamed from 'UCCSD' to 'UCCSD_inspired' per review L3 to avoid false claim.
2.1.0,MC-E20,e20_full_20260721_150753,2026-07-21T15:14:43.417258+00:00,uccsd_6,UCCSD_inspired,6,58,52.0,0.1034482758620689,10.344827586206897,28,26.0,0.0714285714285714,29,29.0,0.0,29,29.0,0.0,0,0.0,0.0,1.0,0.0376081466674804,cirq,optimize_for_target_gateset+eject_z+merge_1q,1.6.1,default,ok,44,2,experiments/e20_multi_compiler_full/run.py,cf4c43a166f171d450e24f2ab51c9325507d5960589b926a114eb25d926116c5,c78f21ff03b951c2f491ff7624990d0a75515fff8af6d796b71f03529f82e196,984523cc579c003a2a000589fd1f05b50d44c08c6a25d17ce40faac06bd38099,Parameterized ansatz INSPIRED BY (not true) UCCSD; see make_parameterized_ansatz docstring. Renamed from 'UCCSD' to 'UCCSD_inspired' per review L3 to avoid false claim.
2.1.0,MC-E20,e20_full_20260721_150753,2026-07-21T15:14:44.070003+00:00,uccsd_6,UCCSD_inspired,6,58,44.0,0.2413793103448276,24.13793103448276,28,25.0,0.1071428571428571,29,21.0,0.2758620689655172,29,21.0,0.2758620689655172,0,0.0,0.0,1.0,0.6406402587890625,tket,FullPeepholeOptimise,2.18.0,default,ok,44,2,experiments/e20_multi_compiler_full/run.py,cf4c43a166f171d450e24f2ab51c9325507d5960589b926a114eb25d926116c5,c78f21ff03b951c2f491ff7624990d0a75515fff8af6d796b71f03529f82e196,d146bb0ea9204c3b3bc9b70452780e4cb1fe0c210185b2ffea7c3580500ff786,Parameterized ansatz INSPIRED BY (not true) UCCSD; see make_parameterized_ansatz docstring. Renamed from 'UCCSD' to 'UCCSD_inspired' per review L3 to avoid false claim.
2.1.0,MC-E20,e20_full_20260721_150753,2026-07-21T15:14:44.195487+00:00,qft_8,QFT,8,36,36.0,0.0,0.0,15,15.0,0.0,28,28.0,0.0,0,0.0,0.0,0,0.0,0.0,0.9999999999999968,0.0090632438659667,qiskit,transpiler,2.4.1,3,ok,44,2,experiments/e20_multi_compiler_full/run.py,cf4c43a166f171d450e24f2ab51c9325507d5960589b926a114eb25d926116c5,b2f83603b76f95e86e3b51898d6ea360adf3a62f51aa296baf0178913d4108b2,5e235910f0329f12c7dc3b126bc0da34cd22bcb22e80d7885306046eb1f2b62c,
2.1.0,MC-E20,e20_full_20260721_150753,2026-07-21T15:14:44.272085+00:00,qft_8,QFT,8,36,,,,15,,,28,,,0,,,0,,,,0.0765976905822753,cirq,optimize_for_target_gateset+eject_z+merge_1q,1.6.1,default,"error: ""<input>:17,0: 'sx' is not defined in this scope""",44,2,experiments/e20_multi_compiler_full/run.py,cf4c43a166f171d450e24f2ab51c9325507d5960589b926a114eb25d926116c5,b2f83603b76f95e86e3b51898d6ea360adf3a62f51aa296baf0178913d4108b2,none,
2.1.0,MC-E20,e20_full_20260721_150753,2026-07-21T15:14:45.586365+00:00,ghz_8,GHZ,8,8,8.0,0.0,0.0,8,8.0,0.0,7,7.0,0.0,7,7.0,0.0,0,0.0,0.0,0.9999999999999998,0.0,qiskit,transpiler,2.4.1,3,ok,44,2,experiments/e20_multi_compiler_full/run.py,cf4c43a166f171d450e24f2ab51c9325507d5960589b926a114eb25d926116c5,587577f385cf54a3edd3cc639b3ac8cc5aa139f2ef414827515ddc7be4c12104,587577f385cf54a3edd3cc639b3ac8cc5aa139f2ef414827515ddc7be4c12104,
2.1.0,MC-E20,e20_full_20260721_150753,2026-07-21T15:14:45.618201+00:00,ghz_8,GHZ,8,8,9.0,-0.125,-12.5,8,9.0,-0.125,7,7.0,0.0,7,7.0,0.0,0,0.0,0.0,0.9999999999999998,0.0152046680450439,cirq,optimize_for_target_gateset+eject_z+merge_1q,1.6.1,default,ok,44,2,experiments/e20_multi_compiler_full/run.py,cf4c43a166f171d450e24f2ab51c9325507d5960589b926a114eb25d926116c5,587577f385cf54a3edd3cc639b3ac8cc5aa139f2ef414827515ddc7be4c12104,dbe75adbc6dcfacb0387626198005ff6d870b04cfebdd177f2b4ce6c5e698fca,
2.1.0,MC-E20,e20_full_20260721_150753,2026-07-21T15:14:45.894468+00:00,cnot_chain_8,CNOT,8,56,0.0,1.0,100.0,26,0.0,1.0,56,0.0,1.0,56,0.0,1.0,0,0.0,0.0,1.0,0.0152609348297119,qiskit,transpiler,2.4.1,3,ok,44,2,experiments/e20_multi_compiler_full/run.py,cf4c43a166f171d450e24f2ab51c9325507d5960589b926a114eb25d926116c5,d3e8b51351e86caa6d8939fe0a903f48a089e7d220d46a14b52d6c94e6e43394,b9f67046a69160a09ec4f4fa9eb23036fff76352de4a4103d9d677b302f18c04,
2.1.0,MC-E20,e20_full_20260721_150753,2026-07-21T15:14:46.035888+00:00,cnot_chain_8,CNOT,8,56,56.0,0.0,0.0,26,26.0,0.0,56,56.0,0.0,56,56.0,0.0,0,0.0,0.0,1.0,0.0165328979492187,cirq,optimize_for_target_gateset+eject_z+merge_1q,1.6.1,default,ok,44,2,experiments/e20_multi_compiler_full/run.py,cf4c43a166f171d450e24f2ab51c9325507d5960589b926a114eb25d926116c5,d3e8b51351e86caa6d8939fe0a903f48a089e7d220d46a14b52d6c94e6e43394,c654c98f30db9245f47457a95bd6a7935d02799bcd4a120004fd14388af2ad0b,
2.1.0,MC-E20,e20_full_20260721_150753,2026-07-21T15:14:46.126927+00:00,bv_8,Oracle,9,25,17.0,0.3199999999999999,32.0,9,7.0,0.2222222222222222,5,5.0,0.0,5,5.0,0.0,0,0.0,0.0,,0.0152933597564697,qiskit,transpiler,2.4.1,3,ok,44,2,experiments/e20_multi_compiler_full/run.py,cf4c43a166f171d450e24f2ab51c9325507d5960589b926a114eb25d926116c5,a1f43182cace5db9dd71f9b95f27823142b0375cb732f7429f51325a29e81c06,b013b25b02ec0c4608e871c971dfe2f33094d399207c5166a135e24fa3dcf8f9,
2.1.0,MC-E20,e20_full_20260721_150753,2026-07-21T15:14:46.444056+00:00,qaoa_line_8,QAOA,8,66,66.0,0.0,0.0,30,30.0,0.0,28,28.0,0.0,28,28.0,0.0,0,0.0,0.0,1.0,0.0058026313781738,qiskit,transpiler,2.4.1,3,ok,44,2,experiments/e20_multi_compiler_full/run.py,cf4c43a166f171d450e24f2ab51c9325507d5960589b926a114eb25d926116c5,10be9d115920a3e1d4e900f34930e7fb1dd8fad26e578ce77525d20fc369184a,10be9d115920a3e1d4e900f34930e7fb1dd8fad26e578ce77525d20fc369184a,
2.1.0,MC-E20,e20_full_20260721_150753,2026-07-21T15:14:46.630580+00:00,qaoa_line_8,QAOA,8,66,74.0,-0.1212121212121211,-12.12121212121211,30,31.0,-0.0333333333333334,28,28.0,0.0,28,28.0,0.0,0,0.0,0.0,1.0,0.04427170753479,cirq,optimize_for_target_gateset+eject_z+merge_1q,1.6.1,default,ok,44,2,experiments/e20_multi_compiler_full/run.py,cf4c43a166f171d450e24f2ab51c9325507d5960589b926a114eb25d926116c5,10be9d115920a3e1d4e900f34930e7fb1dd8fad26e578ce77525d20fc369184a,ad1f8df3e7edb67188db5922e6a68978d81d121252ef0346d59135581de4df5f,
2.1.0,MC-E20,e20_full_20260721_150753,2026-07-21T15:14:47.588174+00:00,vqe_twolocal_8,VQE,8,62,38.0,0.3870967741935484,38.70967741935484,15,12.0,0.1999999999999999,14,14.0,0.0,14,14.0,0.0,0,0.0,0.0,1.0,0.0,qiskit,transpiler,2.4.1,3,ok,44,2,experiments/e20_multi_compiler_full/run.py,cf4c43a166f171d450e24f2ab51c9325507d5960589b926a114eb25d926116c5,00dbe95dfaac326fbd963ca0a9ca27cdd81bb2aa52e8b5f6077b72cbe677122c,8a53fc7a56f94c86e745b37428718591841fca88d8769ae486b08986ebf58f0f,
2.1.0,MC-E20,e20_full_20260721_150753,2026-07-21T15:14:47.760582+00:00,vqe_twolocal_8,VQE,8,62,62.0,0.0,0.0,15,15.0,0.0,14,14.0,0.0,14,14.0,0.0,0,0.0,0.0,1.0,0.0609357357025146,cirq,optimize_for_target_gateset+eject_z+merge_1q,1.6.1,default,ok,44,2,experiments/e20_multi_compiler_full/run.py,cf4c43a166f171d450e24f2ab51c9325507d5960589b926a114eb25d926116c5,00dbe95dfaac326fbd963ca0a9ca27cdd81bb2aa52e8b5f6077b72cbe677122c,c798b0b1af0cc0f10265ff82d600ba6cc45b7cd0bc62d5737c0daaf5a31dc9d7,
2.1.0,MC-E20,e20_full_20260721_150753,2026-07-21T15:14:48.498141+00:00,hardware_eff_8,HardwareEfficient,8,46,30.0,0.3478260869565217,34.78260869565217,8,6.0,0.25,14,14.0,0.0,14,14.0,0.0,0,0.0,0.0,1.0,0.0031225681304931,qiskit,transpiler,2.4.1,3,ok,44,2,experiments/e20_multi_compiler_full/run.py,cf4c43a166f171d450e24f2ab51c9325507d5960589b926a114eb25d926116c5,d6e2e471aedfa01cc7f410e903f8751ca05d72b7e3cc943e16158f0688be4fba,b6afccf57fded8db15269abc24b8cd536fcde31c09ee2e1f5805827db0853960,
2.1.0,MC-E20,e20_full_20260721_150753,2026-07-21T15:14:48.598376+00:00,hardware_eff_8,HardwareEfficient,8,46,46.0,0.0,0.0,8,8.0,0.0,14,14.0,0.0,14,14.0,0.0,0,0.0,0.0,1.0,0.0310466289520263,cirq,optimize_for_target_gateset+eject_z+merge_1q,1.6.1,default,ok,44,2,experiments/e20_multi_compiler_full/run.py,cf4c43a166f171d450e24f2ab51c9325507d5960589b926a114eb25d926116c5,d6e2e471aedfa01cc7f410e903f8751ca05d72b7e3cc943e16158f0688be4fba,adfdfcf1d1a4fc1336688df50bedf34d3c48293450b127331fb4d88b548c48ff,
2.1.0,MC-E20,e20_full_20260721_150753,2026-07-21T15:14:51.102456+00:00,grover_8,Grover,8,56,798.0,-13.25,-1325.0,13,503.0,-37.69230769230769,0,360.0,0.0,0,360.0,0.0,0,102.0,0.0,0.9999999999999312,0.011293888092041,qiskit,transpiler,2.4.1,3,ok,44,2,experiments/e20_multi_compiler_full/run.py,cf4c43a166f171d450e24f2ab51c9325507d5960589b926a114eb25d926116c5,b70ea3ed2227dc69d01d7c00e5d7041cbf041829b48fe8641856d8003719b177,65d8b5acd66b0f4e5eb4b739f482709f340d1fbcb31801bfd688d99ec4725463,"Single Grover iteration, random marked state"
2.1.0,MC-E20,e20_full_20260721_150753,2026-07-21T15:14:51.933961+00:00,grover_8,Grover,8,56,,,,13,,,0,,,0,,,0,,,,0.8315048217773438,cirq,optimize_for_target_gateset+eject_z+merge_1q,1.6.1,default,"error: ""<input>:591,0: 'sx' is not defined in this scope""",44,2,experiments/e20_multi_compiler_full/run.py,cf4c43a166f171d450e24f2ab51c9325507d5960589b926a114eb25d926116c5,b70ea3ed2227dc69d01d7c00e5d7041cbf041829b48fe8641856d8003719b177,none,"Single Grover iteration, random marked state"
2.1.0,MC-E20,e20_full_20260721_150753,2026-07-21T15:15:00.277615+00:00,adder_8,Adder,10,17,17.0,0.0,0.0,9,9.0,0.0,6,6.0,0.0,6,6.0,0.0,0,0.0,0.0,,0.0089120864868164,qiskit,transpiler,2.4.1,3,ok,44,2,experiments/e20_multi_compiler_full/run.py,cf4c43a166f171d450e24f2ab51c9325507d5960589b926a114eb25d926116c5,34663017952c551b481c1ca772a6768db82061e5de03e74b4207a25633d4375d,a07b7ce7fd9bda5132a040c700c8d2676b8a68a44a9343fc909ba6609f27902e,"Ripple-carry adder, random inputs"
2.1.0,MC-E20,e20_full_20260721_150753,2026-07-21T15:15:01.343595+00:00,qwalk_8,QuantumWalk,9,106,4551.0,-41.93396226415094,-4193.396226415094,59,3163.0,-52.61016949152543,6,1962.0,-326.0,6,1962.0,-326.0,0,539.0,0.0,,0.0806276798248291,qiskit,transpiler,2.4.1,3,ok,44,2,experiments/e20_multi_compiler_full/run.py,cf4c43a166f171d450e24f2ab51c9325507d5960589b926a114eb25d926116c5,18841d485625e149a98044129a34152fcd75df65580a7b9a5a9e2a047e4da607,1e8396b047e4bbd985a7ee2a1a29f1ad9267e741ad2cbdd22d85767e2ee2e625,"DTQW on cycle, 3 steps"
2.1.0,MC-E20,e20_full_20260721_150753,2026-07-21T15:16:13.706945+00:00,iqp_8,IQP,8,50,14.0,0.72,72.0,10,3.0,0.7,12,2.0,0.8333333333333334,0,0.0,0.0,0,0.0,0.0,0.999999999999996,0.0,qiskit,transpiler,2.4.1,3,ok,44,2,experiments/e20_multi_compiler_full/run.py,cf4c43a166f171d450e24f2ab51c9325507d5960589b926a114eb25d926116c5,b05c3dbc96b55aaa2594f9930049da02fd730dc8a5cf6498bdc220a18c004cf1,1d9bc7cc5a25ff2167e6c76af5e122f284c63d0a60b4c9fd455206325d4afd4d,"IQP circuit, 3 diagonal layers"
2.1.0,MC-E20,e20_full_20260721_150753,2026-07-21T15:16:13.818846+00:00,iqp_8,IQP,8,50,42.0,0.16,16.000000000000004,10,9.0,0.0999999999999999,12,12.0,0.0,0,0.0,0.0,0,3.0,0.0,0.9999999999999962,0.0322842597961425,cirq,optimize_for_target_gateset+eject_z+merge_1q,1.6.1,default,ok,44,2,experiments/e20_multi_compiler_full/run.py,cf4c43a166f171d450e24f2ab51c9325507d5960589b926a114eb25d926116c5,b05c3dbc96b55aaa2594f9930049da02fd730dc8a5cf6498bdc220a18c004cf1,bf150f1f3eb61eaef5de94d88814ea2950e7584b166df2b75888c7ff6c5d58c2,"IQP circuit, 3 diagonal layers"
2.1.0,MC-E20,e20_full_20260721_150753,2026-07-21T15:16:14.054495+00:00,clifford_8,RandomClifford,8,58,15.0,0.7413793103448276,74.13793103448276,13,4.0,0.6923076923076923,7,5.0,0.2857142857142857,7,3.0,0.5714285714285714,32,1.0,0.96875,0.9999999999999992,0.0142207145690917,qiskit,transpiler,2.4.1,3,ok,44,2,experiments/e20_multi_compiler_full/run.py,cf4c43a166f171d450e24f2ab51c9325507d5960589b926a114eb25d926116c5,7d1bf8f83fd2fb24650ee1fe4da49c15be24ffba7150bdbd742379eab951ba6b,9fcd0064d7d285fa8de16ff40461e7cab3528928f487f54da316986f970f2768,"Random Clifford, depth=10"
2.1.0,MC-E20,e20_full_20260721_150753,2026-07-21T15:16:14.156992+00:00,clifford_8,RandomClifford,8,58,33.0,0.4310344827586206,43.103448275862064,13,13.0,0.0,7,7.0,0.0,7,7.0,0.0,32,10.0,0.6875,0.9999999999999938,0.02640962600708,cirq,optimize_for_target_gateset+eject_z+merge_1q,1.6.1,default,ok,44,2,experiments/e20_multi_compiler_full/run.py,cf4c43a166f171d450e24f2ab51c9325507d5960589b926a114eb25d926116c5,7d1bf8f83fd2fb24650ee1fe4da49c15be24ffba7150bdbd742379eab951ba6b,7df42dcd780712df360a8e10a87135762d452a2947275f933c2447d05591b7d7,"Random Clifford, depth=10"
2.1.0,MC-E20,e20_full_20260721_150753,2026-07-21T15:16:14.429617+00:00,surface_code_8,SurfaceCode,9,10,10.0,0.0,0.0,10,10.0,0.0,8,8.0,0.0,8,8.0,0.0,0,0.0,0.0,,0.0131666660308837,qiskit,transpiler,2.4.1,3,ok,44,2,experiments/e20_multi_compiler_full/run.py,cf4c43a166f171d450e24f2ab51c9325507d5960589b926a114eb25d926116c5,1c82b236ba06c15d01c63ef7f002938983d64d0466097126e6dd69be4a8ec39b,1c82b236ba06c15d01c63ef7f002938983d64d0466097126e6dd69be4a8ec39b,X-stabilizer syndrome extraction
2.1.0,MC-E20,e20_full_20260721_150753,2026-07-21T15:16:14.826807+00:00,uccsd_8,UCCSD_inspired,8,73,55.0,0.2465753424657534,24.65753424657534,27,23.0,0.1481481481481481,31,25.0,0.1935483870967742,31,25.0,0.1935483870967742,0,0.0,0.0,1.0,0.0148360729217529,qiskit,transpiler,2.4.1,3,ok,44,2,experiments/e20_multi_compiler_full/run.py,cf4c43a166f171d450e24f2ab51c9325507d5960589b926a114eb25d926116c5,df98cf9a802fcd16b01c86fc0764c083ab9d32668cb2881c8e84cfd4db5c985a,785e59be8bd3345efaaec4b55635b13d26c2c1c5345a041d932d384357e8bafd,Parameterized ansatz INSPIRED BY (not true) UCCSD; see make_parameterized_ansatz docstring. Renamed from 'UCCSD' to 'UCCSD_inspired' per review L3 to avoid false claim.
2.1.0,MC-E20,e20_full_20260721_150753,2026-07-21T15:16:15.003816+00:00,uccsd_8,UCCSD_inspired,8,73,61.0,0.1643835616438356,16.43835616438356,27,24.0,0.1111111111111111,31,31.0,0.0,31,31.0,0.0,0,0.0,0.0,1.0,0.0459306240081787,cirq,optimize_for_target_gateset+eject_z+merge_1q,1.6.1,default,ok,44,2,experiments/e20_multi_compiler_full/run.py,cf4c43a166f171d450e24f2ab51c9325507d5960589b926a114eb25d926116c5,df98cf9a802fcd16b01c86fc0764c083ab9d32668cb2881c8e84cfd4db5c985a,1298f6a30a0f94c14d16f846e28230634d24309503560c63d2915a644a36bfce,Parameterized ansatz INSPIRED BY (not true) UCCSD; see make_parameterized_ansatz docstring. Renamed from 'UCCSD' to 'UCCSD_inspired' per review L3 to avoid false claim.
2.1.0,MC-E20,e20_full_20260721_150753,2026-07-21T15:16:16.014052+00:00,haar_4,HaarRandom,4,275,257.0,0.0654545454545454,6.545454545454543,189,189.0,0.0,95,95.0,0.0,95,95.0,0.0,0,0.0,0.0,0.9999999999999932,0.0185484886169433,qiskit,transpiler,2.4.1,3,ok,44,2,experiments/e20_multi_compiler_full/run.py,cf4c43a166f171d450e24f2ab51c9325507d5960589b926a114eb25d926116c5,0fa7b7e6eebdab917e302d23ef348f90d19d3fd3f8b7b48101701f506eac064b,36860b01568986e8ecbc3f3fd8ea7626fa989a60583adda1dec8a3122d94da88,"Haar-random unitary, exact synthesis"
2.1.0,MC-E20,e20_full_20260721_150753,2026-07-21T15:16:16.242225+00:00,haar_4,HaarRandom,4,275,367.0,-0.3345454545454545,-33.454545454545446,189,238.0,-0.2592592592592593,95,95.0,0.0,95,95.0,0.0,0,16.0,0.0,0.9999999999999936,0.1781020164489746,cirq,optimize_for_target_gateset+eject_z+merge_1q,1.6.1,default,ok,44,2,experiments/e20_multi_compiler_full/run.py,cf4c43a166f171d450e24f2ab51c9325507d5960589b926a114eb25d926116c5,0fa7b7e6eebdab917e302d23ef348f90d19d3fd3f8b7b48101701f506eac064b,8326971a0d3447c6a5055eee8747d4c5bf0ac90dbf506e6723f53dd901f42cf5,"Haar-random unitary, exact synthesis"
2.1.0,MC-E20,e20_full_20260721_150753,2026-07-21T15:16:18.417390+00:00,haar_4,HaarRandom,4,275,257.0,0.0654545454545454,6.545454545454543,189,189.0,0.0,95,95.0,0.0,95,95.0,0.0,0,0.0,0.0,0.9999999999999984,2.1255998611450195,tket,FullPeepholeOptimise,2.18.0,default,ok,44,2,experiments/e20_multi_compiler_full/run.py,cf4c43a166f171d450e24f2ab51c9325507d5960589b926a114eb25d926116c5,0fa7b7e6eebdab917e302d23ef348f90d19d3fd3f8b7b48101701f506eac064b,c91d90a7db63166e129bc4e0c829cf61d1f9d71bfd41674788c4d42982d1389c,"Haar-random unitary, exact synthesis"
2.1.0,MC-E20,e20_full_20260721_150753,2026-07-21T15:16:18.668125+00:00,qft_4,QFT,4,10,10.0,0.0,0.0,7,7.0,0.0,6,6.0,0.0,0,0.0,0.0,0,0.0,0.0,0.9999999999999988,0.0,qiskit,transpiler,2.4.1,3,ok,45,3,experiments/e20_multi_compiler_full/run.py,cf4c43a166f171d450e24f2ab51c9325507d5960589b926a114eb25d926116c5,ec754f7e3892ee8ca405ace36ffa2cf3d8489863d2f83852f623de773dd94b1e,001408f6c8b62c5aa1e72c56729dcc2520332ae2954b17daf86162a5a4f46ac6,
2.1.0,MC-E20,e20_full_20260721_150753,2026-07-21T15:16:18.683267+00:00,qft_4,QFT,4,10,,,,7,,,6,,,0,,,0,,,,0.0151422023773193,cirq,optimize_for_target_gateset+eject_z+merge_1q,1.6.1,default,"error: ""<input>:17,0: 'sx' is not defined in this scope""",45,3,experiments/e20_multi_compiler_full/run.py,cf4c43a166f171d450e24f2ab51c9325507d5960589b926a114eb25d926116c5,ec754f7e3892ee8ca405ace36ffa2cf3d8489863d2f83852f623de773dd94b1e,none,
2.1.0,MC-E20,e20_full_20260721_150753,2026-07-21T15:16:18.898123+00:00,qft_4,QFT,4,10,31.0,-2.1,-210.0,7,19.0,-1.7142857142857144,6,12.0,-1.0,0,12.0,0.0,0,0.0,0.0,1.0,0.2148554325103759,tket,FullPeepholeOptimise,2.18.0,default,ok,45,3,experiments/e20_multi_compiler_full/run.py,cf4c43a166f171d450e24f2ab51c9325507d5960589b926a114eb25d926116c5,ec754f7e3892ee8ca405ace36ffa2cf3d8489863d2f83852f623de773dd94b1e,1c29c769144f94e13e3a392f195ebc1c6cfc77bad3bffa3aa293760f9e7c4679,
2.1.0,MC-E20,e20_full_20260721_150753,2026-07-21T15:16:18.914151+00:00,ghz_4,GHZ,4,4,4.0,0.0,0.0,4,4.0,0.0,3,3.0,0.0,3,3.0,0.0,0,0.0,0.0,0.9999999999999996,0.0,qiskit,transpiler,2.4.1,3,ok,45,3,experiments/e20_multi_compiler_full/run.py,cf4c43a166f171d450e24f2ab51c9325507d5960589b926a114eb25d926116c5,632a65a86fd9bfab17ccedbd10b32b45490cc33030a23af0d675ad3e8ad7a445,632a65a86fd9bfab17ccedbd10b32b45490cc33030a23af0d675ad3e8ad7a445,
2.1.0,MC-E20,e20_full_20260721_150753,2026-07-21T15:16:18.940203+00:00,ghz_4,GHZ,4,4,5.0,-0.25,-25.0,4,5.0,-0.25,3,3.0,0.0,3,3.0,0.0,0,0.0,0.0,0.9999999999999996,0.0246627330780029,cirq,optimize_for_target_gateset+eject_z+merge_1q,1.6.1,default,ok,45,3,experiments/e20_multi_compiler_full/run.py,cf4c43a166f171d450e24f2ab51c9325507d5960589b926a114eb25d926116c5,632a65a86fd9bfab17ccedbd10b32b45490cc33030a23af0d675ad3e8ad7a445,06491f2cd8fd8193e00cd40c6bc0442b5ca960f1c6e319f098b23e2c3ef0bc78,
2.1.0,MC-E20,e20_full_20260721_150753,2026-07-21T15:16:19.025167+00:00,ghz_4,GHZ,4,4,4.0,0.0,0.0,4,4.0,0.0,3,3.0,0.0,3,3.0,0.0,0,0.0,0.0,1.0,0.0849645137786865,tket,FullPeepholeOptimise,2.18.0,default,ok,45,3,experiments/e20_multi_compiler_full/run.py,cf4c43a166f171d450e24f2ab51c9325507d5960589b926a114eb25d926116c5,632a65a86fd9bfab17ccedbd10b32b45490cc33030a23af0d675ad3e8ad7a445,0ca2e20394ef52eecba8c72454ae73e952a311d06ff639876717b3ceaa156322,
2.1.0,MC-E20,e20_full_20260721_150753,2026-07-21T15:16:19.042349+00:00,cnot_chain_4,CNOT,4,24,0.0,1.0,100.0,18,0.0,1.0,24,0.0,1.0,24,0.0,1.0,0,0.0,0.0,1.0,0.0,qiskit,transpiler,2.4.1,3,ok,45,3,experiments/e20_multi_compiler_full/run.py,cf4c43a166f171d450e24f2ab51c9325507d5960589b926a114eb25d926116c5,c15ccd1efbe0b71c21464e888a978afbe6b6cf006bd895873c7d9b8e51efbaf0,80cb67051feabb1a835727fede3367602f1e692e3ec9d1d7247266c73803bd7d,
2.1.0,MC-E20,e20_full_20260721_150753,2026-07-21T15:16:19.070947+00:00,cnot_chain_4,CNOT,4,24,24.0,0.0,0.0,18,18.0,0.0,24,24.0,0.0,24,24.0,0.0,0,0.0,0.0,1.0,0.0285980701446533,cirq,optimize_for_target_gateset+eject_z+merge_1q,1.6.1,default,ok,45,3,experiments/e20_multi_compiler_full/run.py,cf4c43a166f171d450e24f2ab51c9325507d5960589b926a114eb25d926116c5,c15ccd1efbe0b71c21464e888a978afbe6b6cf006bd895873c7d9b8e51efbaf0,1c48b34ca8afe4511d74e3b454e70aaafbcd3af62f2f6f4baaa92a9c810a5a2d,
2.1.0,MC-E20,e20_full_20260721_150753,2026-07-21T15:16:19.070947+00:00,cnot_chain_4,CNOT,4,24,0.0,1.0,100.0,18,0.0,1.0,24,0.0,1.0,24,0.0,1.0,0,0.0,0.0,1.0,0.0,tket,FullPeepholeOptimise,2.18.0,default,ok,45,3,experiments/e20_multi_compiler_full/run.py,cf4c43a166f171d450e24f2ab51c9325507d5960589b926a114eb25d926116c5,c15ccd1efbe0b71c21464e888a978afbe6b6cf006bd895873c7d9b8e51efbaf0,80cb67051feabb1a835727fede3367602f1e692e3ec9d1d7247266c73803bd7d,
2.1.0,MC-E20,e20_full_20260721_150753,2026-07-21T15:16:19.100734+00:00,bv_4,Oracle,5,14,8.0,0.4285714285714286,42.85714285714286,6,4.0,0.3333333333333333,2,2.0,0.0,2,2.0,0.0,0,0.0,0.0,0.999999999999998,0.0080649852752685,qiskit,transpiler,2.4.1,3,ok,45,3,experiments/e20_multi_compiler_full/run.py,cf4c43a166f171d450e24f2ab51c9325507d5960589b926a114eb25d926116c5,d666adb13ce66e444e16398e08fd2d7d2169fcc728eb154e78b91f40918df82c,c749fd41626a367611dd52c77154dca751ce54d6bbe77f6e7d63e68457e1a791,
2.1.0,MC-E20,e20_full_20260721_150753,2026-07-21T15:16:19.116315+00:00,bv_4,Oracle,5,14,12.0,0.1428571428571429,14.28571428571429,6,6.0,0.0,2,2.0,0.0,2,2.0,0.0,0,0.0,0.0,,0.0155811309814453,cirq,optimize_for_target_gateset+eject_z+merge_1q,1.6.1,default,ok,45,3,experiments/e20_multi_compiler_full/run.py,cf4c43a166f171d450e24f2ab51c9325507d5960589b926a114eb25d926116c5,d666adb13ce66e444e16398e08fd2d7d2169fcc728eb154e78b91f40918df82c,0289852fbdbd05c8a99d98529fac35da4e11bf75fe22ba6ad6375fd6b5734198,
2.1.0,MC-E20,e20_full_20260721_150753,2026-07-21T15:16:19.189798+00:00,bv_4,Oracle,5,14,8.0,0.4285714285714286,42.85714285714286,6,4.0,0.3333333333333333,2,2.0,0.0,2,2.0,0.0,0,0.0,0.0,0.9999999999999988,0.0734827518463134,tket,FullPeepholeOptimise,2.18.0,default,ok,45,3,experiments/e20_multi_compiler_full/run.py,cf4c43a166f171d450e24f2ab51c9325507d5960589b926a114eb25d926116c5,d666adb13ce66e444e16398e08fd2d7d2169fcc728eb154e78b91f40918df82c,53b6a91a2ab29b60831c5761795907be4c4c39a161de92a6d7b3aff4eb793a7a,
2.1.0,MC-E20,e20_full_20260721_150753,2026-07-21T15:16:19.204974+00:00,qaoa_line_4,QAOA,4,30,30.0,0.0,0.0,18,18.0,0.0,12,12.0,0.0,12,12.0,0.0,0,0.0,0.0,1.0,0.0,qiskit,transpiler,2.4.1,3,ok,45,3,experiments/e20_multi_compiler_full/run.py,cf4c43a166f171d450e24f2ab51c9325507d5960589b926a114eb25d926116c5,65d6c96d4e0517920fd9655db17d5ac37b5a428c41652a801bfaf3148234c751,65d6c96d4e0517920fd9655db17d5ac37b5a428c41652a801bfaf3148234c751,
2.1.0,MC-E20,e20_full_20260721_150753,2026-07-21T15:16:19.260858+00:00,qaoa_line_4,QAOA,4,30,34.0,-0.1333333333333333,-13.33333333333333,18,19.0,-0.0555555555555555,12,12.0,0.0,12,12.0,0.0,0,0.0,0.0,1.0,0.0343453884124755,cirq,optimize_for_target_gateset+eject_z+merge_1q,1.6.1,default,ok,45,3,experiments/e20_multi_compiler_full/run.py,cf4c43a166f171d450e24f2ab51c9325507d5960589b926a114eb25d926116c5,65d6c96d4e0517920fd9655db17d5ac37b5a428c41652a801bfaf3148234c751,eb4a6f51196964bee127c34b577ac1cecf7696dbc5902fcee301e96036f882f0,
2.1.0,MC-E20,e20_full_20260721_150753,2026-07-21T15:16:19.533615+00:00,qaoa_line_4,QAOA,4,30,28.0,0.0666666666666666,6.666666666666665,18,18.0,0.0,12,12.0,0.0,12,12.0,0.0,0,0.0,0.0,1.0000000000000009,0.2646753787994385,tket,FullPeepholeOptimise,2.18.0,default,ok,45,3,experiments/e20_multi_compiler_full/run.py,cf4c43a166f171d450e24f2ab51c9325507d5960589b926a114eb25d926116c5,65d6c96d4e0517920fd9655db17d5ac37b5a428c41652a801bfaf3148234c751,c43d9e6c0f66b6e804aa1897f99745cf16e6325da38a3b3edadbc1af8ff12968,
2.1.0,MC-E20,e20_full_20260721_150753,2026-07-21T15:16:19.554644+00:00,vqe_twolocal_4,VQE,4,30,18.0,0.4,40.0,11,8.0,0.2727272727272727,6,6.0,0.0,6,6.0,0.0,0,0.0,0.0,0.9999999999999992,0.0078928470611572,qiskit,transpiler,2.4.1,3,ok,45,3,experiments/e20_multi_compiler_full/run.py,cf4c43a166f171d450e24f2ab51c9325507d5960589b926a114eb25d926116c5,4a58f82c3ee3a7d7def6e1de43edb6572e5848cb344e4304cc0bedf37608e0e1,5243a787698ba4814e5d10a40844e1c4a949eabcf8b67455f26517147444c0b5,
2.1.0,MC-E20,e20_full_20260721_150753,2026-07-21T15:16:19.584066+00:00,vqe_twolocal_4,VQE,4,30,30.0,0.0,0.0,11,11.0,0.0,6,6.0,0.0,6,6.0,0.0,0,0.0,0.0,0.9999999999999998,0.0294227600097656,cirq,optimize_for_target_gateset+eject_z+merge_1q,1.6.1,default,ok,45,3,experiments/e20_multi_compiler_full/run.py,cf4c43a166f171d450e24f2ab51c9325507d5960589b926a114eb25d926116c5,4a58f82c3ee3a7d7def6e1de43edb6572e5848cb344e4304cc0bedf37608e0e1,49a9e28dcd1302564c0c365d01ddd1753e3a7490aa3a771ad535fc513c943ea6,
2.1.0,MC-E20,e20_full_20260721_150753,2026-07-21T15:16:19.815320+00:00,vqe_twolocal_4,VQE,4,30,18.0,0.4,40.0,11,8.0,0.2727272727272727,6,6.0,0.0,6,6.0,0.0,0,0.0,0.0,1.0,0.2312531471252441,tket,FullPeepholeOptimise,2.18.0,default,ok,45,3,experiments/e20_multi_compiler_full/run.py,cf4c43a166f171d450e24f2ab51c9325507d5960589b926a114eb25d926116c5,4a58f82c3ee3a7d7def6e1de43edb6572e5848cb344e4304cc0bedf37608e0e1,83a35d0f547f5719ff8726489d3c6f86fb8e212623de4bed6c77f11b6d78b877,
2.1.0,MC-E20,e20_full_20260721_150753,2026-07-21T15:16:19.836794+00:00,hardware_eff_4,HardwareEfficient,4,22,14.0,0.3636363636363636,36.36363636363637,8,6.0,0.25,6,6.0,0.0,6,6.0,0.0,0,0.0,0.0,1.0,0.0040173530578613,qiskit,transpiler,2.4.1,3,ok,45,3,experiments/e20_multi_compiler_full/run.py,cf4c43a166f171d450e24f2ab51c9325507d5960589b926a114eb25d926116c5,1edaf192bef0f084a7d5a483449afdc9d81861a58a25978265fdfd3e5eaa8394,6256052b6181e5ac8fc094543a87a933ffd5f9dd9e3e50789b92b267738677c0,
2.1.0,MC-E20,e20_full_20260721_150753,2026-07-21T15:16:19.864423+00:00,hardware_eff_4,HardwareEfficient,4,22,22.0,0.0,0.0,8,8.0,0.0,6,6.0,0.0,6,6.0,0.0,0,0.0,0.0,1.0,0.0276298522949218,cirq,optimize_for_target_gateset+eject_z+merge_1q,1.6.1,default,ok,45,3,experiments/e20_multi_compiler_full/run.py,cf4c43a166f171d450e24f2ab51c9325507d5960589b926a114eb25d926116c5,1edaf192bef0f084a7d5a483449afdc9d81861a58a25978265fdfd3e5eaa8394,d9f83d33441d55ac728e87cd57558efd715bf58d751ea20e8a7d92ee0a4f4d88,
2.1.0,MC-E20,e20_full_20260721_150753,2026-07-21T15:16:20.101832+00:00,hardware_eff_4,HardwareEfficient,4,22,14.0,0.3636363636363636,36.36363636363637,8,6.0,0.25,6,6.0,0.0,6,6.0,0.0,0,0.0,0.0,1.0,0.2374079227447509,tket,FullPeepholeOptimise,2.18.0,default,ok,45,3,experiments/e20_multi_compiler_full/run.py,cf4c43a166f171d450e24f2ab51c9325507d5960589b926a114eb25d926116c5,1edaf192bef0f084a7d5a483449afdc9d81861a58a25978265fdfd3e5eaa8394,b95480000addca743d7c5e7e8e32bb71b73708834fe74d9bd7508b4359daf69b,
2.1.0,MC-E20,e20_full_20260721_150753,2026-07-21T15:16:20.136456+00:00,grover_4,Grover,4,28,62.0,-1.2142857142857144,-121.42857142857144,11,53.0,-3.8181818181818175,0,28.0,0.0,0,28.0,0.0,0,0.0,0.0,0.9999999999999938,0.0115787982940673,qiskit,transpiler,2.4.1,3,ok,45,3,experiments/e20_multi_compiler_full/run.py,cf4c43a166f171d450e24f2ab51c9325507d5960589b926a114eb25d926116c5,6cfa21f822f778047a719c7ecfcd738f9abcfcb833e61c6d08c94a4496f58596,f5fa20d28a6067106b8d88025468f45ca013288189d576afef354dc92a7b178b,"Single Grover iteration, random marked state"
2.1.0,MC-E20,e20_full_20260721_150753,2026-07-21T15:16:20.206321+00:00,grover_4,Grover,4,28,76.0,-1.7142857142857144,-171.42857142857144,11,57.0,-4.181818181818182,0,28.0,0.0,0,28.0,0.0,0,0.0,0.0,0.9999999999999928,0.0518939495086669,cirq,optimize_for_target_gateset+eject_z+merge_1q,1.6.1,default,ok,45,3,experiments/e20_multi_compiler_full/run.py,cf4c43a166f171d450e24f2ab51c9325507d5960589b926a114eb25d926116c5,6cfa21f822f778047a719c7ecfcd738f9abcfcb833e61c6d08c94a4496f58596,1961d93a976e67d50f6d22ee6637971214e1b99e8505844f0c3610d5a53444f3,"Single Grover iteration, random marked state"
2.1.0,MC-E20,e20_full_20260721_150753,2026-07-21T15:16:20.954512+00:00,grover_4,Grover,4,28,64.0,-1.2857142857142856,-128.57142857142856,11,55.0,-4.0,0,28.0,0.0,0,28.0,0.0,0,0.0,0.0,0.9999999999999962,0.7257490158081055,tket,FullPeepholeOptimise,2.18.0,default,ok,45,3,experiments/e20_multi_compiler_full/run.py,cf4c43a166f171d450e24f2ab51c9325507d5960589b926a114eb25d926116c5,6cfa21f822f778047a719c7ecfcd738f9abcfcb833e61c6d08c94a4496f58596,5787200a6ad1d57c571f66639a453d209e77790296ba338730e010c1613c41fc,"Single Grover iteration, random marked state"
2.1.0,MC-E20,e20_full_20260721_150753,2026-07-21T15:16:20.975193+00:00,adder_4,Adder,4,6,6.0,0.0,0.0,6,6.0,0.0,2,2.0,0.0,2,2.0,0.0,0,0.0,0.0,1.0,0.009324312210083,qiskit,transpiler,2.4.1,3,ok,45,3,experiments/e20_multi_compiler_full/run.py,cf4c43a166f171d450e24f2ab51c9325507d5960589b926a114eb25d926116c5,c2f59740e6b3e2a395683f9a2c34a12a350af985f437251f55c71e43bf23f1ab,c2f59740e6b3e2a395683f9a2c34a12a350af985f437251f55c71e43bf23f1ab,"Ripple-carry adder, random inputs"
2.1.0,MC-E20,e20_full_20260721_150753,2026-07-21T15:16:20.993125+00:00,adder_4,Adder,4,6,6.0,0.0,0.0,6,6.0,0.0,2,2.0,0.0,2,2.0,0.0,0,0.0,0.0,1.0,0.017932653427124,cirq,optimize_for_target_gateset+eject_z+merge_1q,1.6.1,default,ok,45,3,experiments/e20_multi_compiler_full/run.py,cf4c43a166f171d450e24f2ab51c9325507d5960589b926a114eb25d926116c5,c2f59740e6b3e2a395683f9a2c34a12a350af985f437251f55c71e43bf23f1ab,a717e3dc37b0ac1acd5f29c618398430bb9c62f42b246d254c6875f08471a9f5,"Ripple-carry adder, random inputs"
2.1.0,MC-E20,e20_full_20260721_150753,2026-07-21T15:16:21.257450+00:00,adder_4,Adder,4,6,38.0,-5.333333333333333,-533.3333333333333,6,29.0,-3.833333333333333,2,18.0,-8.0,2,18.0,-8.0,0,0.0,0.0,1.0000000000000009,0.2618286609649658,tket,FullPeepholeOptimise,2.18.0,default,ok,45,3,experiments/e20_multi_compiler_full/run.py,cf4c43a166f171d450e24f2ab51c9325507d5960589b926a114eb25d926116c5,c2f59740e6b3e2a395683f9a2c34a12a350af985f437251f55c71e43bf23f1ab,4d1a51ea70d8111982f2622476f49700d61dcb1a230851cf7ca3bc4ba048dce9,"Ripple-carry adder, random inputs"
2.1.0,MC-E20,e20_full_20260721_150753,2026-07-21T15:16:21.386499+00:00,qwalk_4,QuantumWalk,5,58,453.0,-6.810344827586207,-681.0344827586207,35,387.0,-10.057142857142855,6,252.0,-41.0,6,198.0,-32.0,0,36.0,0.0,0.9999999999999504,0.0170161724090576,qiskit,transpiler,2.4.1,3,ok,45,3,experiments/e20_multi_compiler_full/run.py,cf4c43a166f171d450e24f2ab51c9325507d5960589b926a114eb25d926116c5,b64b9f595663b058a60f8705fc72babca34f36f87f62b47677e59ee26674afb4,531a87d57045e07a146a37492ef042048024e893bea89d0407e2685343eda221,"DTQW on cycle, 3 steps"
2.1.0,MC-E20,e20_full_20260721_150753,2026-07-21T15:16:21.706359+00:00,qwalk_4,QuantumWalk,5,58,,,,35,,,6,,,6,,,0,,,,0.3198597431182861,cirq,optimize_for_target_gateset+eject_z+merge_1q,1.6.1,default,"error: ""<input>:27,0: 'sx' is not defined in this scope""",45,3,experiments/e20_multi_compiler_full/run.py,cf4c43a166f171d450e24f2ab51c9325507d5960589b926a114eb25d926116c5,b64b9f595663b058a60f8705fc72babca34f36f87f62b47677e59ee26674afb4,none,"DTQW on cycle, 3 steps"
2.1.0,MC-E20,e20_full_20260721_150753,2026-07-21T15:16:28.631302+00:00,qwalk_4,QuantumWalk,5,58,686.0,-10.827586206896552,-1082.7586206896551,35,534.0,-14.257142857142858,6,330.0,-54.0,6,330.0,-54.0,0,0.0,0.0,0.9999999999999716,6.825628519058228,tket,FullPeepholeOptimise,2.18.0,default,ok,45,3,experiments/e20_multi_compiler_full/run.py,cf4c43a166f171d450e24f2ab51c9325507d5960589b926a114eb25d926116c5,b64b9f595663b058a60f8705fc72babca34f36f87f62b47677e59ee26674afb4,a8a295042c50fe1edc6a779e30866b3dec6058deb67c4617c8bbc77057d60993,"DTQW on cycle, 3 steps"
2.1.0,MC-E20,e20_full_20260721_150753,2026-07-21T15:16:28.654678+00:00,iqp_4,IQP,4,22,11.0,0.5,50.0,10,5.0,0.5,5,3.0,0.4,0,0.0,0.0,0,0.0,0.0,0.9999999999999984,0.0085608959197998,qiskit,transpiler,2.4.1,3,ok,45,3,experiments/e20_multi_compiler_full/run.py,cf4c43a166f171d450e24f2ab51c9325507d5960589b926a114eb25d926116c5,abf304fbc01a0943a11b2dc36c665f3182398617e7f00d0f35029a5492faa9f2,0bb4397f09bc6e42f6cae63fb9b9046958e08892f3fe28d41bd130a6db8984b1,"IQP circuit, 3 diagonal layers"
2.1.0,MC-E20,e20_full_20260721_150753,2026-07-21T15:16:28.676768+00:00,iqp_4,IQP,4,22,20.0,0.0909090909090909,9.090909090909092,10,9.0,0.0999999999999999,5,5.0,0.0,0,0.0,0.0,0,3.0,0.0,0.9999999999999984,0.0220897197723388,cirq,optimize_for_target_gateset+eject_z+merge_1q,1.6.1,default,ok,45,3,experiments/e20_multi_compiler_full/run.py,cf4c43a166f171d450e24f2ab51c9325507d5960589b926a114eb25d926116c5,abf304fbc01a0943a11b2dc36c665f3182398617e7f00d0f35029a5492faa9f2,3370405c9b70983b35f7e1b5fd1b56adfc1136455df0e61f14a482da17958f71,"IQP circuit, 3 diagonal layers"
2.1.0,MC-E20,e20_full_20260721_150753,2026-07-21T15:16:28.799120+00:00,iqp_4,IQP,4,22,12.0,0.4545454545454546,45.45454545454546,10,7.0,0.3,5,3.0,0.4,0,3.0,0.0,0,0.0,0.0,1.0,0.1223518848419189,tket,FullPeepholeOptimise,2.18.0,default,ok,45,3,experiments/e20_multi_compiler_full/run.py,cf4c43a166f171d450e24f2ab51c9325507d5960589b926a114eb25d926116c5,abf304fbc01a0943a11b2dc36c665f3182398617e7f00d0f35029a5492faa9f2,da244d22d4f768a7e5c9a71bc75b75105afd716110ded04878dff34490c4809f,"IQP circuit, 3 diagonal layers"
2.1.0,MC-E20,e20_full_20260721_150753,2026-07-21T15:16:28.831149+00:00,clifford_4,RandomClifford,4,38,8.0,0.7894736842105263,78.94736842105263,13,5.0,0.6153846153846154,8,4.0,0.5,8,3.0,0.625,22,2.0,0.9090909090909092,0.9999999999999992,0.0141153335571289,qiskit,transpiler,2.4.1,3,ok,45,3,experiments/e20_multi_compiler_full/run.py,cf4c43a166f171d450e24f2ab51c9325507d5960589b926a114eb25d926116c5,fd48ffc1dd0166bc5a1e6617b1817d23dc742592362e5775544e0a32aa0797fd,322d3f76c877cdb8d69f24f241df175c3f23781a8af1a1e38da537cd3be91cfe,"Random Clifford, depth=10"
2.1.0,MC-E20,e20_full_20260721_150753,2026-07-21T15:16:28.865502+00:00,clifford_4,RandomClifford,4,38,26.0,0.3157894736842105,31.57894736842105,13,12.0,0.0769230769230768,8,8.0,0.0,8,8.0,0.0,22,10.0,0.5454545454545454,0.9999999999999984,0.0151567459106445,cirq,optimize_for_target_gateset+eject_z+merge_1q,1.6.1,default,ok,45,3,experiments/e20_multi_compiler_full/run.py,cf4c43a166f171d450e24f2ab51c9325507d5960589b926a114eb25d926116c5,fd48ffc1dd0166bc5a1e6617b1817d23dc742592362e5775544e0a32aa0797fd,09482671326e6ed99e000148d49014a27ade2879cac555050d3f2278f773c197,"Random Clifford, depth=10"
2.1.0,MC-E20,e20_full_20260721_150753,2026-07-21T15:16:28.991500+00:00,clifford_4,RandomClifford,4,38,9.0,0.7631578947368421,76.31578947368422,13,4.0,0.6923076923076923,8,3.0,0.625,8,3.0,0.625,22,0.0,1.0,0.9999999999999992,0.1226067543029785,tket,FullPeepholeOptimise,2.18.0,default,ok,45,3,experiments/e20_multi_compiler_full/run.py,cf4c43a166f171d450e24f2ab51c9325507d5960589b926a114eb25d926116c5,fd48ffc1dd0166bc5a1e6617b1817d23dc742592362e5775544e0a32aa0797fd,55ec3785e44975a535c89d854ac770b2d315daff29f3cfb6609e66f0f425bd81,"Random Clifford, depth=10"
2.1.0,MC-E20,e20_full_20260721_150753,2026-07-21T15:16:29.013090+00:00,surface_code_4,SurfaceCode,5,8,8.0,0.0,0.0,6,6.0,0.0,4,4.0,0.0,4,4.0,0.0,0,0.0,0.0,0.9999999999999996,0.0,qiskit,transpiler,2.4.1,3,ok,45,3,experiments/e20_multi_compiler_full/run.py,cf4c43a166f171d450e24f2ab51c9325507d5960589b926a114eb25d926116c5,381b5f93d25fcf0c29292a09f2cdd2b99826e27f79b06f6e0050bd5909bc392d,381b5f93d25fcf0c29292a09f2cdd2b99826e27f79b06f6e0050bd5909bc392d,X-stabilizer syndrome extraction
2.1.0,MC-E20,e20_full_20260721_150753,2026-07-21T15:16:29.029048+00:00,surface_code_4,SurfaceCode,5,8,10.0,-0.25,-25.0,6,8.0,-0.3333333333333332,4,4.0,0.0,4,4.0,0.0,0,0.0,0.0,0.9999999999999996,0.0037336349487304,cirq,optimize_for_target_gateset+eject_z+merge_1q,1.6.1,default,ok,45,3,experiments/e20_multi_compiler_full/run.py,cf4c43a166f171d450e24f2ab51c9325507d5960589b926a114eb25d926116c5,381b5f93d25fcf0c29292a09f2cdd2b99826e27f79b06f6e0050bd5909bc392d,de60362a64877346ba45a80e8323eaf0282c208292b21d2990204c5957d4d591,X-stabilizer syndrome extraction
2.1.0,MC-E20,e20_full_20260721_150753,2026-07-21T15:16:29.157326+00:00,surface_code_4,SurfaceCode,5,8,8.0,0.0,0.0,6,6.0,0.0,4,4.0,0.0,4,4.0,0.0,0,0.0,0.0,1.0,0.1282782554626464,tket,FullPeepholeOptimise,2.18.0,default,ok,45,3,experiments/e20_multi_compiler_full/run.py,cf4c43a166f171d450e24f2ab51c9325507d5960589b926a114eb25d926116c5,381b5f93d25fcf0c29292a09f2cdd2b99826e27f79b06f6e0050bd5909bc392d,39f9eaca141eb321736429fda23855f421501f0f336d5b6527e2fcfdcdaee648,X-stabilizer syndrome extraction
2.1.0,MC-E20,e20_full_20260721_150753,2026-07-21T15:16:29.172518+00:00,uccsd_4,UCCSD_inspired,4,28,22.0,0.2142857142857143,21.42857142857143,16,15.0,0.0625,14,10.0,0.2857142857142857,14,10.0,0.2857142857142857,0,0.0,0.0,1.0,0.0151915550231933,qiskit,transpiler,2.4.1,3,ok,45,3,experiments/e20_multi_compiler_full/run.py,cf4c43a166f171d450e24f2ab51c9325507d5960589b926a114eb25d926116c5,82cb804f6ce1f3deb41f529cb998b8723ec548ca67fe5bf23da68ce3da85c0c9,15334ea34ec84196c456aae9c540bb8069f7a3fb1714db361da9215f3235fd04,Parameterized ansatz INSPIRED BY (not true) UCCSD; see make_parameterized_ansatz docstring. Renamed from 'UCCSD' to 'UCCSD_inspired' per review L3 to avoid false claim.
2.1.0,MC-E20,e20_full_20260721_150753,2026-07-21T15:16:29.202879+00:00,uccsd_4,UCCSD_inspired,4,28,26.0,0.0714285714285714,7.14285714285714,16,15.0,0.0625,14,14.0,0.0,14,14.0,0.0,0,0.0,0.0,1.0,0.0303606986999511,cirq,optimize_for_target_gateset+eject_z+merge_1q,1.6.1,default,ok,45,3,experiments/e20_multi_compiler_full/run.py,cf4c43a166f171d450e24f2ab51c9325507d5960589b926a114eb25d926116c5,82cb804f6ce1f3deb41f529cb998b8723ec548ca67fe5bf23da68ce3da85c0c9,493c2c7dea6a419f026769436ff1c399f7a85b8566ef70fee73c557432f1938a,Parameterized ansatz INSPIRED BY (not true) UCCSD; see make_parameterized_ansatz docstring. Renamed from 'UCCSD' to 'UCCSD_inspired' per review L3 to avoid false claim.
2.1.0,MC-E20,e20_full_20260721_150753,2026-07-21T15:16:29.509185+00:00,uccsd_4,UCCSD_inspired,4,28,22.0,0.2142857142857143,21.42857142857143,16,15.0,0.0625,14,10.0,0.2857142857142857,14,10.0,0.2857142857142857,0,0.0,0.0,1.0,0.3063063621520996,tket,FullPeepholeOptimise,2.18.0,default,ok,45,3,experiments/e20_multi_compiler_full/run.py,cf4c43a166f171d450e24f2ab51c9325507d5960589b926a114eb25d926116c5,82cb804f6ce1f3deb41f529cb998b8723ec548ca67fe5bf23da68ce3da85c0c9,fdd2167a76c69f07f8eedd22bc8738957cd6fb350d370c471fbfd8606ac0a544,Parameterized ansatz INSPIRED BY (not true) UCCSD; see make_parameterized_ansatz docstring. Renamed from 'UCCSD' to 'UCCSD_inspired' per review L3 to avoid false claim.
2.1.0,MC-E20,e20_full_20260721_150753,2026-07-21T15:16:29.547366+00:00,qft_6,QFT,6,21,21.0,0.0,0.0,11,11.0,0.0,15,15.0,0.0,0,0.0,0.0,0,0.0,0.0,0.9999999999999996,0.0153892040252685,qiskit,transpiler,2.4.1,3,ok,45,3,experiments/e20_multi_compiler_full/run.py,cf4c43a166f171d450e24f2ab51c9325507d5960589b926a114eb25d926116c5,e761adf8efeac5c21762208c08429dd4686d16eb4cbc1582e6d4ebc809852f66,ce325feb7eafc0f7673a16bbc3b51544984abb6d137b6ba7752bea283600c12b,
2.1.0,MC-E20,e20_full_20260721_150753,2026-07-21T15:16:29.587521+00:00,qft_6,QFT,6,21,,,,11,,,15,,,0,,,0,,,,0.0401554107666015,cirq,optimize_for_target_gateset+eject_z+merge_1q,1.6.1,default,"error: ""<input>:17,0: 'sx' is not defined in this scope""",45,3,experiments/e20_multi_compiler_full/run.py,cf4c43a166f171d450e24f2ab51c9325507d5960589b926a114eb25d926116c5,e761adf8efeac5c21762208c08429dd4686d16eb4cbc1582e6d4ebc809852f66,none,
2.1.0,MC-E20,e20_full_20260721_150753,2026-07-21T15:16:30.192642+00:00,qft_6,QFT,6,21,71.0,-2.380952380952381,-238.0952380952381,11,33.0,-2.0,15,30.0,-1.0,0,30.0,0.0,0,0.0,0.0,1.0,0.5896706581115723,tket,FullPeepholeOptimise,2.18.0,default,ok,45,3,experiments/e20_multi_compiler_full/run.py,cf4c43a166f171d450e24f2ab51c9325507d5960589b926a114eb25d926116c5,e761adf8efeac5c21762208c08429dd4686d16eb4cbc1582e6d4ebc809852f66,1e4c9ed3e36094a6271070b1f1ab2b30e856264476b0c22125357dc3af1d9cc7,
2.1.0,MC-E20,e20_full_20260721_150753,2026-07-21T15:16:30.208587+00:00,ghz_6,GHZ,6,6,6.0,0.0,0.0,6,6.0,0.0,5,5.0,0.0,5,5.0,0.0,0,0.0,0.0,0.9999999999999998,0.0159456729888916,qiskit,transpiler,2.4.1,3,ok,45,3,experiments/e20_multi_compiler_full/run.py,cf4c43a166f171d450e24f2ab51c9325507d5960589b926a114eb25d926116c5,df499dded1e0518f2f6266b9f0e35d3c81e6057b5ba6e6decbb0f26370e5bb03,df499dded1e0518f2f6266b9f0e35d3c81e6057b5ba6e6decbb0f26370e5bb03,
2.1.0,MC-E20,e20_full_20260721_150753,2026-07-21T15:16:30.226736+00:00,ghz_6,GHZ,6,6,7.0,-0.1666666666666667,-16.666666666666675,6,7.0,-0.1666666666666667,5,5.0,0.0,5,5.0,0.0,0,0.0,0.0,0.9999999999999998,0.01814866065979,cirq,optimize_for_target_gateset+eject_z+merge_1q,1.6.1,default,ok,45,3,experiments/e20_multi_compiler_full/run.py,cf4c43a166f171d450e24f2ab51c9325507d5960589b926a114eb25d926116c5,df499dded1e0518f2f6266b9f0e35d3c81e6057b5ba6e6decbb0f26370e5bb03,d4f49c1b8be62a61d262e49773b9cb5ffaafaba57cb3618d0cc608c10726c170,
2.1.0,MC-E20,e20_full_20260721_150753,2026-07-21T15:16:30.369670+00:00,ghz_6,GHZ,6,6,6.0,0.0,0.0,6,6.0,0.0,5,5.0,0.0,5,5.0,0.0,0,0.0,0.0,1.0,0.1429333686828613,tket,FullPeepholeOptimise,2.18.0,default,ok,45,3,experiments/e20_multi_compiler_full/run.py,cf4c43a166f171d450e24f2ab51c9325507d5960589b926a114eb25d926116c5,df499dded1e0518f2f6266b9f0e35d3c81e6057b5ba6e6decbb0f26370e5bb03,f5606110b4c9de2d9c41d6892ae7b8cd5a5d8a4dec34af69160c119d936ae28b,
2.1.0,MC-E20,e20_full_20260721_150753,2026-07-21T15:16:30.383316+00:00,cnot_chain_6,CNOT,6,40,0.0,1.0,100.0,22,0.0,1.0,40,0.0,1.0,40,0.0,1.0,0,0.0,0.0,1.0,0.0,qiskit,transpiler,2.4.1,3,ok,45,3,experiments/e20_multi_compiler_full/run.py,cf4c43a166f171d450e24f2ab51c9325507d5960589b926a114eb25d926116c5,a9cbe813352eb8bbddbb6de7feecde853f066b5cf29e96a7a2f84a6cd354761a,995ca4ef9eaba10dd58f1ab322947f30c40e0f095185660849ca98aed2848347,
2.1.0,MC-E20,e20_full_20260721_150753,2026-07-21T15:16:30.427495+00:00,cnot_chain_6,CNOT,6,40,40.0,0.0,0.0,22,22.0,0.0,40,40.0,0.0,40,40.0,0.0,0,0.0,0.0,1.0,0.0298199653625488,cirq,optimize_for_target_gateset+eject_z+merge_1q,1.6.1,default,ok,45,3,experiments/e20_multi_compiler_full/run.py,cf4c43a166f171d450e24f2ab51c9325507d5960589b926a114eb25d926116c5,a9cbe813352eb8bbddbb6de7feecde853f066b5cf29e96a7a2f84a6cd354761a,2e9e1aace549c82c9407f34f36831517d192135307006f6b9830a803c04a3dc1,
2.1.0,MC-E20,e20_full_20260721_150753,2026-07-21T15:16:30.427495+00:00,cnot_chain_6,CNOT,6,40,0.0,1.0,100.0,22,0.0,1.0,40,0.0,1.0,40,0.0,1.0,0,0.0,0.0,1.0,0.0,tket,FullPeepholeOptimise,2.18.0,default,ok,45,3,experiments/e20_multi_compiler_full/run.py,cf4c43a166f171d450e24f2ab51c9325507d5960589b926a114eb25d926116c5,a9cbe813352eb8bbddbb6de7feecde853f066b5cf29e96a7a2f84a6cd354761a,995ca4ef9eaba10dd58f1ab322947f30c40e0f095185660849ca98aed2848347,
2.1.0,MC-E20,e20_full_20260721_150753,2026-07-21T15:16:30.456815+00:00,bv_6,Oracle,7,20,14.0,0.3,30.000000000000004,8,6.0,0.25,4,4.0,0.0,4,4.0,0.0,0,0.0,0.0,0.9999999999999962,0.0076324939727783,qiskit,transpiler,2.4.1,3,ok,45,3,experiments/e20_multi_compiler_full/run.py,cf4c43a166f171d450e24f2ab51c9325507d5960589b926a114eb25d926116c5,aba982688e3ba6d41127c457bab5ab5b9569526b7191ea8d05efd4e957d93de3,00ab3acc5eb10405a72d7ce7a27e23b33f68f31aadc2da9367cb61aa163dce17,
2.1.0,MC-E20,e20_full_20260721_150753,2026-07-21T15:16:30.487368+00:00,bv_6,Oracle,7,20,22.0,-0.1,-10.000000000000009,8,8.0,0.0,4,4.0,0.0,4,4.0,0.0,0,0.0,0.0,,0.0305526256561279,cirq,optimize_for_target_gateset+eject_z+merge_1q,1.6.1,default,ok,45,3,experiments/e20_multi_compiler_full/run.py,cf4c43a166f171d450e24f2ab51c9325507d5960589b926a114eb25d926116c5,aba982688e3ba6d41127c457bab5ab5b9569526b7191ea8d05efd4e957d93de3,c3cbf1cfb441bf8a617879ba4dec3460b8b34a0d612d508d668f9c7e43e53023,
2.1.0,MC-E20,e20_full_20260721_150753,2026-07-21T15:16:30.688060+00:00,qaoa_line_6,QAOA,6,48,48.0,0.0,0.0,24,24.0,0.0,20,20.0,0.0,20,20.0,0.0,0,0.0,0.0,1.0000000000000009,0.0150651931762695,qiskit,transpiler,2.4.1,3,ok,45,3,experiments/e20_multi_compiler_full/run.py,cf4c43a166f171d450e24f2ab51c9325507d5960589b926a114eb25d926116c5,32d7bcf18381d9f1c65e1933e3b92d3ecf51cd7bb497ffc73caa4ac4678baf90,32d7bcf18381d9f1c65e1933e3b92d3ecf51cd7bb497ffc73caa4ac4678baf90,
2.1.0,MC-E20,e20_full_20260721_150753,2026-07-21T15:16:30.732758+00:00,qaoa_line_6,QAOA,6,48,54.0,-0.125,-12.5,24,25.0,-0.0416666666666667,20,20.0,0.0,20,20.0,0.0,0,0.0,0.0,1.0,0.029970645904541,cirq,optimize_for_target_gateset+eject_z+merge_1q,1.6.1,default,ok,45,3,experiments/e20_multi_compiler_full/run.py,cf4c43a166f171d450e24f2ab51c9325507d5960589b926a114eb25d926116c5,32d7bcf18381d9f1c65e1933e3b92d3ecf51cd7bb497ffc73caa4ac4678baf90,a750ebe0c303d054968503e66c0fd17a2262d44051f638b040f987ac3fdad53a,
2.1.0,MC-E20,e20_full_20260721_150753,2026-07-21T15:16:31.213823+00:00,qaoa_line_6,QAOA,6,48,46.0,0.0416666666666666,4.166666666666663,24,24.0,0.0,20,20.0,0.0,20,20.0,0.0,0,0.0,0.0,1.000000000000001,0.4582293033599853,tket,FullPeepholeOptimise,2.18.0,default,ok,45,3,experiments/e20_multi_compiler_full/run.py,cf4c43a166f171d450e24f2ab51c9325507d5960589b926a114eb25d926116c5,32d7bcf18381d9f1c65e1933e3b92d3ecf51cd7bb497ffc73caa4ac4678baf90,146f3eee4f99adb15d7e580691ba61b676992ef1aa866e3d9dc5a724cd9e4622,
2.1.0,MC-E20,e20_full_20260721_150753,2026-07-21T15:16:31.245767+00:00,vqe_twolocal_6,VQE,6,46,28.0,0.3913043478260869,39.13043478260869,13,10.0,0.2307692307692307,10,10.0,0.0,10,10.0,0.0,0,0.0,0.0,1.0,0.0130653381347656,qiskit,transpiler,2.4.1,3,ok,45,3,experiments/e20_multi_compiler_full/run.py,cf4c43a166f171d450e24f2ab51c9325507d5960589b926a114eb25d926116c5,c46afbf28fbe124f0374f5358bdc9de3f8e7781d2b70ca511f82f3f864758eb8,b1711943a352ba99f01d856f730230b731e5bc93d008bcb1b824d70c28cab8da,
2.1.0,MC-E20,e20_full_20260721_150753,2026-07-21T15:16:31.301695+00:00,vqe_twolocal_6,VQE,6,46,46.0,0.0,0.0,13,13.0,0.0,10,10.0,0.0,10,10.0,0.0,0,0.0,0.0,1.0,0.0471940040588378,cirq,optimize_for_target_gateset+eject_z+merge_1q,1.6.1,default,ok,45,3,experiments/e20_multi_compiler_full/run.py,cf4c43a166f171d450e24f2ab51c9325507d5960589b926a114eb25d926116c5,c46afbf28fbe124f0374f5358bdc9de3f8e7781d2b70ca511f82f3f864758eb8,de3be820accfab52f03944dfec2b08b557f9b497a948425771713500dee0c169,
2.1.0,MC-E20,e20_full_20260721_150753,2026-07-21T15:16:31.726404+00:00,vqe_twolocal_6,VQE,6,46,28.0,0.3913043478260869,39.13043478260869,13,10.0,0.2307692307692307,10,10.0,0.0,10,10.0,0.0,0,0.0,0.0,1.0,0.417506456375122,tket,FullPeepholeOptimise,2.18.0,default,ok,45,3,experiments/e20_multi_compiler_full/run.py,cf4c43a166f171d450e24f2ab51c9325507d5960589b926a114eb25d926116c5,c46afbf28fbe124f0374f5358bdc9de3f8e7781d2b70ca511f82f3f864758eb8,8682f711dca39b267f327da9dce17cb22d07d3101c252a1267f20372c38df169,
2.1.0,MC-E20,e20_full_20260721_150753,2026-07-21T15:16:31.755088+00:00,hardware_eff_6,HardwareEfficient,6,34,22.0,0.3529411764705882,35.29411764705882,8,6.0,0.25,10,10.0,0.0,10,10.0,0.0,0,0.0,0.0,1.0000000000000009,0.0052101612091064,qiskit,transpiler,2.4.1,3,ok,45,3,experiments/e20_multi_compiler_full/run.py,cf4c43a166f171d450e24f2ab51c9325507d5960589b926a114eb25d926116c5,527eb683bd1809e8286af5c2509a6827b84fe91343265c8182e2573d36d47c75,ecb306d4a2921e68afab4e2073d640336c14ad6001ea6a5f4ba08d68b702e203,
2.1.0,MC-E20,e20_full_20260721_150753,2026-07-21T15:16:31.797778+00:00,hardware_eff_6,HardwareEfficient,6,34,34.0,0.0,0.0,8,8.0,0.0,10,10.0,0.0,10,10.0,0.0,0,0.0,0.0,1.0,0.0385150909423828,cirq,optimize_for_target_gateset+eject_z+merge_1q,1.6.1,default,ok,45,3,experiments/e20_multi_compiler_full/run.py,cf4c43a166f171d450e24f2ab51c9325507d5960589b926a114eb25d926116c5,527eb683bd1809e8286af5c2509a6827b84fe91343265c8182e2573d36d47c75,9538109de272943a66dadc3b6e860d7192bab394e1fb75eae1130da9be300738,
2.1.0,MC-E20,e20_full_20260721_150753,2026-07-21T15:16:32.169654+00:00,hardware_eff_6,HardwareEfficient,6,34,22.0,0.3529411764705882,35.29411764705882,8,6.0,0.25,10,10.0,0.0,10,10.0,0.0,0,0.0,0.0,1.0,0.359544038772583,tket,FullPeepholeOptimise,2.18.0,default,ok,45,3,experiments/e20_multi_compiler_full/run.py,cf4c43a166f171d450e24f2ab51c9325507d5960589b926a114eb25d926116c5,527eb683bd1809e8286af5c2509a6827b84fe91343265c8182e2573d36d47c75,9363ed17cc61ca1e68ea52b588abaf4b254be5dd5cf06c1a1df439cd680f3745,
2.1.0,MC-E20,e20_full_20260721_150753,2026-07-21T15:16:32.400512+00:00,grover_6,Grover,6,38,20.0,0.4736842105263158,47.36842105263158,11,5.0,0.5454545454545454,0,0.0,0.0,0,0.0,0.0,0,0.0,0.0,0.9999999999999584,0.1373810768127441,qiskit,transpiler,2.4.1,3,ok,45,3,experiments/e20_multi_compiler_full/run.py,cf4c43a166f171d450e24f2ab51c9325507d5960589b926a114eb25d926116c5,9fc171140a03ee9f244356e86208dba87bf6d38eeff4eccdf95b151d88236128,715ff27b68027f8c120864c51d44fe0587eeb1c4389160bd3b97b619d6d0ca59,"Single Grover iteration, random marked state"
2.1.0,MC-E20,e20_full_20260721_150753,2026-07-21T15:16:32.566561+00:00,grover_6,Grover,6,38,,,,11,,,0,,,0,,,0,,,,0.166048526763916,cirq,optimize_for_target_gateset+eject_z+merge_1q,1.6.1,default,"error: ""<input>:249,0: 'sx' is not defined in this scope""",45,3,experiments/e20_multi_compiler_full/run.py,cf4c43a166f171d450e24f2ab51c9325507d5960589b926a114eb25d926116c5,9fc171140a03ee9f244356e86208dba87bf6d38eeff4eccdf95b151d88236128,none,"Single Grover iteration, random marked state"
2.1.0,MC-E20,e20_full_20260721_150753,2026-07-21T15:16:35.670394+00:00,grover_6,Grover,6,38,344.0,-8.052631578947368,-805.2631578947368,11,233.0,-20.181818181818183,0,160.0,0.0,0,160.0,0.0,0,0.0,0.0,0.9999999999999816,3.0190274715423584,tket,FullPeepholeOptimise,2.18.0,default,ok,45,3,experiments/e20_multi_compiler_full/run.py,cf4c43a166f171d450e24f2ab51c9325507d5960589b926a114eb25d926116c5,9fc171140a03ee9f244356e86208dba87bf6d38eeff4eccdf95b151d88236128,5ebc0172c7dffbe2f89be94fe3e685cf496abf67c4ada6711596f1e9de3b8959,"Single Grover iteration, random marked state"
2.1.0,MC-E20,e20_full_20260721_150753,2026-07-21T15:16:35.707305+00:00,adder_6,Adder,7,12,12.0,0.0,0.0,8,8.0,0.0,4,4.0,0.0,4,4.0,0.0,0,0.0,0.0,1.0,0.0214405059814453,qiskit,transpiler,2.4.1,3,ok,45,3,experiments/e20_multi_compiler_full/run.py,cf4c43a166f171d450e24f2ab51c9325507d5960589b926a114eb25d926116c5,ffbccff06f7f6ee0e5485c7374bbae521e513bf19f08f375c992f0d2c68d895c,3694e0b2c382cd7f323a3feeb3e23cb06b5e4720a169cde6f6dbeccd978b3b7a,"Ripple-carry adder, random inputs"
2.1.0,MC-E20,e20_full_20260721_150753,2026-07-21T15:16:35.722393+00:00,adder_6,Adder,7,12,12.0,0.0,0.0,8,8.0,0.0,4,4.0,0.0,4,4.0,0.0,0,0.0,0.0,1.0,0.0150880813598632,cirq,optimize_for_target_gateset+eject_z+merge_1q,1.6.1,default,ok,45,3,experiments/e20_multi_compiler_full/run.py,cf4c43a166f171d450e24f2ab51c9325507d5960589b926a114eb25d926116c5,ffbccff06f7f6ee0e5485c7374bbae521e513bf19f08f375c992f0d2c68d895c,e9cc624e3bfa3cf6fbcd1e696849d343fd3dbcf7106f294f4e4c468bb377c952,"Ripple-carry adder, random inputs"
2.1.0,MC-E20,e20_full_20260721_150753,2026-07-21T15:16:37.739627+00:00,qwalk_6,QuantumWalk,7,82,2300.0,-27.04878048780488,-2704.8780487804875,47,1695.0,-35.06382978723404,6,990.0,-164.0,6,990.0,-164.0,0,305.0,0.0,0.999999999999786,0.0270960330963134,qiskit,transpiler,2.4.1,3,ok,45,3,experiments/e20_multi_compiler_full/run.py,cf4c43a166f171d450e24f2ab51c9325507d5960589b926a114eb25d926116c5,c73f6cdb8f200c463beec0c7fbb496f9a74c4116042e33417fa9eda0a2e3060b,ba7f4620aef16e0748f91ab555c96b52eec77b5536d2f5290a594eea1c7b1d91,"DTQW on cycle, 3 steps"
2.1.0,MC-E20,e20_full_20260721_150753,2026-07-21T15:16:39.508141+00:00,qwalk_6,QuantumWalk,7,82,,,,47,,,6,,,6,,,0,,,,1.7685141563415527,cirq,optimize_for_target_gateset+eject_z+merge_1q,1.6.1,default,"error: ""<input>:375,0: 'sx' is not defined in this scope""",45,3,experiments/e20_multi_compiler_full/run.py,cf4c43a166f171d450e24f2ab51c9325507d5960589b926a114eb25d926116c5,c73f6cdb8f200c463beec0c7fbb496f9a74c4116042e33417fa9eda0a2e3060b,none,"DTQW on cycle, 3 steps"
2.1.0,MC-E20,e20_full_20260721_150753,2026-07-21T15:17:11.440891+00:00,iqp_6,IQP,6,28,14.0,0.5,50.0,7,4.0,0.4285714285714286,3,3.0,0.0,0,0.0,0.0,0,0.0,0.0,0.9999999999999964,0.0145139694213867,qiskit,transpiler,2.4.1,3,ok,45,3,experiments/e20_multi_compiler_full/run.py,cf4c43a166f171d450e24f2ab51c9325507d5960589b926a114eb25d926116c5,26c21453833a1b1e3b7c4dc700f7e6255db38d4f4e4f25d8e160c7b405b37b05,0c268c0ecb0ccc5699e660c9d32fb60202274ec679f54b039c7cd6193e475294,"IQP circuit, 3 diagonal layers"
2.1.0,MC-E20,e20_full_20260721_150753,2026-07-21T15:17:11.465581+00:00,iqp_6,IQP,6,28,22.0,0.2142857142857143,21.42857142857143,7,6.0,0.1428571428571429,3,3.0,0.0,0,0.0,0.0,0,1.0,0.0,0.9999999999999964,0.0246896743774414,cirq,optimize_for_target_gateset+eject_z+merge_1q,1.6.1,default,ok,45,3,experiments/e20_multi_compiler_full/run.py,cf4c43a166f171d450e24f2ab51c9325507d5960589b926a114eb25d926116c5,26c21453833a1b1e3b7c4dc700f7e6255db38d4f4e4f25d8e160c7b405b37b05,a56ce060485e9ba101eba33eed015683fb27ebf0d3db02d5e5ee66217db87e69,"IQP circuit, 3 diagonal layers"
2.1.0,MC-E20,e20_full_20260721_150753,2026-07-21T15:17:11.628547+00:00,iqp_6,IQP,6,28,13.0,0.5357142857142857,53.57142857142857,7,5.0,0.2857142857142857,3,3.0,0.0,0,3.0,0.0,0,0.0,0.0,0.9999999999999996,0.1609597206115722,tket,FullPeepholeOptimise,2.18.0,default,ok,45,3,experiments/e20_multi_compiler_full/run.py,cf4c43a166f171d450e24f2ab51c9325507d5960589b926a114eb25d926116c5,26c21453833a1b1e3b7c4dc700f7e6255db38d4f4e4f25d8e160c7b405b37b05,66c9c9ed21591b561c37e3add6ed793ed670e2c57f4073f4e5258f38c60cc60f,"IQP circuit, 3 diagonal layers"
2.1.0,MC-E20,e20_full_20260721_150753,2026-07-21T15:17:11.661787+00:00,clifford_6,RandomClifford,6,48,17.0,0.6458333333333333,64.58333333333333,13,9.0,0.3076923076923077,4,4.0,0.0,4,4.0,0.0,24,4.0,0.8333333333333334,0.999999999999996,0.0060148239135742,qiskit,transpiler,2.4.1,3,ok,45,3,experiments/e20_multi_compiler_full/run.py,cf4c43a166f171d450e24f2ab51c9325507d5960589b926a114eb25d926116c5,e0eb70c5389571192ebdd08937ff0b94cf5bfa5c00a5b3544bc59a35045e182a,8ed08755f9a70c3ae1f9a45b52df2e9008f2d634c5b2497bd5b0d2ccd3a6047a,"Random Clifford, depth=10"
2.1.0,MC-E20,e20_full_20260721_150753,2026-07-21T15:17:11.689656+00:00,clifford_6,RandomClifford,6,48,25.0,0.4791666666666666,47.91666666666666,13,11.0,0.1538461538461538,4,4.0,0.0,4,4.0,0.0,24,7.0,0.7083333333333333,0.9999999999999964,0.0278692245483398,cirq,optimize_for_target_gateset+eject_z+merge_1q,1.6.1,default,ok,45,3,experiments/e20_multi_compiler_full/run.py,cf4c43a166f171d450e24f2ab51c9325507d5960589b926a114eb25d926116c5,e0eb70c5389571192ebdd08937ff0b94cf5bfa5c00a5b3544bc59a35045e182a,f6629c38e0b782fceedc4853a34bdcd7ff84ec121a90dc8e126b88cb18f25b53,"Random Clifford, depth=10"
2.1.0,MC-E20,e20_full_20260721_150753,2026-07-21T15:17:11.818289+00:00,clifford_6,RandomClifford,6,48,11.0,0.7708333333333334,77.08333333333334,13,5.0,0.6153846153846154,4,2.0,0.5,4,2.0,0.5,24,0.0,1.0,0.0769230769230767,0.1286337375640869,tket,FullPeepholeOptimise,2.18.0,default,ok,45,3,experiments/e20_multi_compiler_full/run.py,cf4c43a166f171d450e24f2ab51c9325507d5960589b926a114eb25d926116c5,e0eb70c5389571192ebdd08937ff0b94cf5bfa5c00a5b3544bc59a35045e182a,d35af69d0ab7467e839bbd3f904c243e5abf1c918cf0e21936f1ee3908279df4,"Random Clifford, depth=10"
2.1.0,MC-E20,e20_full_20260721_150753,2026-07-21T15:17:11.850609+00:00,surface_code_6,SurfaceCode,7,10,10.0,0.0,0.0,8,8.0,0.0,6,6.0,0.0,6,6.0,0.0,0,0.0,0.0,0.9999999999999998,0.0020093917846679,qiskit,transpiler,2.4.1,3,ok,45,3,experiments/e20_multi_compiler_full/run.py,cf4c43a166f171d450e24f2ab51c9325507d5960589b926a114eb25d926116c5,500c175147f77088130e4c3efb8ddc53fa1469b89d42bc8bb4b33bd8b64b5db8,500c175147f77088130e4c3efb8ddc53fa1469b89d42bc8bb4b33bd8b64b5db8,X-stabilizer syndrome extraction
2.1.0,MC-E20,e20_full_20260721_150753,2026-07-21T15:17:11.873284+00:00,surface_code_6,SurfaceCode,7,10,12.0,-0.1999999999999999,-20.0,8,10.0,-0.25,6,6.0,0.0,6,6.0,0.0,0,0.0,0.0,0.9999999999999998,0.0128548145294189,cirq,optimize_for_target_gateset+eject_z+merge_1q,1.6.1,default,ok,45,3,experiments/e20_multi_compiler_full/run.py,cf4c43a166f171d450e24f2ab51c9325507d5960589b926a114eb25d926116c5,500c175147f77088130e4c3efb8ddc53fa1469b89d42bc8bb4b33bd8b64b5db8,50a50eca99d2ed5f0cbf02d5b3ea6b2963edcc1fba8be54b03d1b3f24677f4b3,X-stabilizer syndrome extraction
2.1.0,MC-E20,e20_full_20260721_150753,2026-07-21T15:17:12.105536+00:00,uccsd_6,UCCSD_inspired,6,55,42.0,0.2363636363636363,23.636363636363637,27,23.0,0.1481481481481481,28,20.0,0.2857142857142857,28,20.0,0.2857142857142857,0,0.0,0.0,1.0,0.0,qiskit,transpiler,2.4.1,3,ok,45,3,experiments/e20_multi_compiler_full/run.py,cf4c43a166f171d450e24f2ab51c9325507d5960589b926a114eb25d926116c5,cc46ee088c9ce6d94641468aa8e6e8839accab9c5d936176193dea45808dc686,15ea7a7953dc8b2f9071a90d79f6bf2a3109d1174ea2e3d85f00d85e784dff8f,Parameterized ansatz INSPIRED BY (not true) UCCSD; see make_parameterized_ansatz docstring. Renamed from 'UCCSD' to 'UCCSD_inspired' per review L3 to avoid false claim.
2.1.0,MC-E20,e20_full_20260721_150753,2026-07-21T15:17:12.148977+00:00,uccsd_6,UCCSD_inspired,6,55,50.0,0.0909090909090909,9.090909090909092,27,25.0,0.074074074074074,28,28.0,0.0,28,28.0,0.0,0,0.0,0.0,0.9999999999999996,0.0286324024200439,cirq,optimize_for_target_gateset+eject_z+merge_1q,1.6.1,default,ok,45,3,experiments/e20_multi_compiler_full/run.py,cf4c43a166f171d450e24f2ab51c9325507d5960589b926a114eb25d926116c5,cc46ee088c9ce6d94641468aa8e6e8839accab9c5d936176193dea45808dc686,ffd691de0452acaa7cf52d96443ed43a12ba936d2c3a846d20089f4919130b98,Parameterized ansatz INSPIRED BY (not true) UCCSD; see make_parameterized_ansatz docstring. Renamed from 'UCCSD' to 'UCCSD_inspired' per review L3 to avoid false claim.
2.1.0,MC-E20,e20_full_20260721_150753,2026-07-21T15:17:12.767515+00:00,uccsd_6,UCCSD_inspired,6,55,42.0,0.2363636363636363,23.636363636363637,27,23.0,0.1481481481481481,28,20.0,0.2857142857142857,28,20.0,0.2857142857142857,0,0.0,0.0,0.9999999999999998,0.6033039093017578,tket,FullPeepholeOptimise,2.18.0,default,ok,45,3,experiments/e20_multi_compiler_full/run.py,cf4c43a166f171d450e24f2ab51c9325507d5960589b926a114eb25d926116c5,cc46ee088c9ce6d94641468aa8e6e8839accab9c5d936176193dea45808dc686,9fdd8e311bf330977caf22fcf1fa5a50c6112defb270a20451e60647e7939ead,Parameterized ansatz INSPIRED BY (not true) UCCSD; see make_parameterized_ansatz docstring. Renamed from 'UCCSD' to 'UCCSD_inspired' per review L3 to avoid false claim.
2.1.0,MC-E20,e20_full_20260721_150753,2026-07-21T15:17:12.898574+00:00,qft_8,QFT,8,36,36.0,0.0,0.0,15,15.0,0.0,28,28.0,0.0,0,0.0,0.0,0,0.0,0.0,0.9999999999999968,0.0211327075958251,qiskit,transpiler,2.4.1,3,ok,45,3,experiments/e20_multi_compiler_full/run.py,cf4c43a166f171d450e24f2ab51c9325507d5960589b926a114eb25d926116c5,b2f83603b76f95e86e3b51898d6ea360adf3a62f51aa296baf0178913d4108b2,5e235910f0329f12c7dc3b126bc0da34cd22bcb22e80d7885306046eb1f2b62c,
2.1.0,MC-E20,e20_full_20260721_150753,2026-07-21T15:17:12.970837+00:00,qft_8,QFT,8,36,,,,15,,,28,,,0,,,0,,,,0.0722632408142089,cirq,optimize_for_target_gateset+eject_z+merge_1q,1.6.1,default,"error: ""<input>:17,0: 'sx' is not defined in this scope""",45,3,experiments/e20_multi_compiler_full/run.py,cf4c43a166f171d450e24f2ab51c9325507d5960589b926a114eb25d926116c5,b2f83603b76f95e86e3b51898d6ea360adf3a62f51aa296baf0178913d4108b2,none,
2.1.0,MC-E20,e20_full_20260721_150753,2026-07-21T15:17:14.302443+00:00,ghz_8,GHZ,8,8,8.0,0.0,0.0,8,8.0,0.0,7,7.0,0.0,7,7.0,0.0,0,0.0,0.0,0.9999999999999998,0.0054647922515869,qiskit,transpiler,2.4.1,3,ok,45,3,experiments/e20_multi_compiler_full/run.py,cf4c43a166f171d450e24f2ab51c9325507d5960589b926a114eb25d926116c5,587577f385cf54a3edd3cc639b3ac8cc5aa139f2ef414827515ddc7be4c12104,587577f385cf54a3edd3cc639b3ac8cc5aa139f2ef414827515ddc7be4c12104,
2.1.0,MC-E20,e20_full_20260721_150753,2026-07-21T15:17:14.338312+00:00,ghz_8,GHZ,8,8,9.0,-0.125,-12.5,8,9.0,-0.125,7,7.0,0.0,7,7.0,0.0,0,0.0,0.0,0.9999999999999998,0.0208568572998046,cirq,optimize_for_target_gateset+eject_z+merge_1q,1.6.1,default,ok,45,3,experiments/e20_multi_compiler_full/run.py,cf4c43a166f171d450e24f2ab51c9325507d5960589b926a114eb25d926116c5,587577f385cf54a3edd3cc639b3ac8cc5aa139f2ef414827515ddc7be4c12104,dbe75adbc6dcfacb0387626198005ff6d870b04cfebdd177f2b4ce6c5e698fca,
2.1.0,MC-E20,e20_full_20260721_150753,2026-07-21T15:17:14.638143+00:00,cnot_chain_8,CNOT,8,56,0.0,1.0,100.0,26,0.0,1.0,56,0.0,1.0,56,0.0,1.0,0,0.0,0.0,1.0,0.0,qiskit,transpiler,2.4.1,3,ok,45,3,experiments/e20_multi_compiler_full/run.py,cf4c43a166f171d450e24f2ab51c9325507d5960589b926a114eb25d926116c5,d3e8b51351e86caa6d8939fe0a903f48a089e7d220d46a14b52d6c94e6e43394,b9f67046a69160a09ec4f4fa9eb23036fff76352de4a4103d9d677b302f18c04,
2.1.0,MC-E20,e20_full_20260721_150753,2026-07-21T15:17:14.783602+00:00,cnot_chain_8,CNOT,8,56,56.0,0.0,0.0,26,26.0,0.0,56,56.0,0.0,56,56.0,0.0,0,0.0,0.0,1.0,0.0138890743255615,cirq,optimize_for_target_gateset+eject_z+merge_1q,1.6.1,default,ok,45,3,experiments/e20_multi_compiler_full/run.py,cf4c43a166f171d450e24f2ab51c9325507d5960589b926a114eb25d926116c5,d3e8b51351e86caa6d8939fe0a903f48a089e7d220d46a14b52d6c94e6e43394,c654c98f30db9245f47457a95bd6a7935d02799bcd4a120004fd14388af2ad0b,
2.1.0,MC-E20,e20_full_20260721_150753,2026-07-21T15:17:14.865268+00:00,bv_8,Oracle,9,26,20.0,0.2307692307692307,23.076923076923077,10,8.0,0.1999999999999999,6,6.0,0.0,6,6.0,0.0,0,0.0,0.0,,0.0193049907684326,qiskit,transpiler,2.4.1,3,ok,45,3,experiments/e20_multi_compiler_full/run.py,cf4c43a166f171d450e24f2ab51c9325507d5960589b926a114eb25d926116c5,88731a23c3863cb1654e193ad3837b5162fa68ab391b7e8ab7b77a324f7481d5,f7a0b6e07b1fc35946d057bf886f47632006dfec860d3a08007da690887a1cd4,
2.1.0,MC-E20,e20_full_20260721_150753,2026-07-21T15:17:15.270272+00:00,qaoa_line_8,QAOA,8,66,66.0,0.0,0.0,30,30.0,0.0,28,28.0,0.0,28,28.0,0.0,0,0.0,0.0,1.0000000000000009,0.0068385601043701,qiskit,transpiler,2.4.1,3,ok,45,3,experiments/e20_multi_compiler_full/run.py,cf4c43a166f171d450e24f2ab51c9325507d5960589b926a114eb25d926116c5,4809486afd204540f2cdafb6d609b54ad021dbf2b99f43a4ecec706faa70c906,4809486afd204540f2cdafb6d609b54ad021dbf2b99f43a4ecec706faa70c906,
2.1.0,MC-E20,e20_full_20260721_150753,2026-07-21T15:17:15.456959+00:00,qaoa_line_8,QAOA,8,66,74.0,-0.1212121212121211,-12.12121212121211,30,31.0,-0.0333333333333334,28,28.0,0.0,28,28.0,0.0,0,0.0,0.0,0.9999999999999992,0.0560195446014404,cirq,optimize_for_target_gateset+eject_z+merge_1q,1.6.1,default,ok,45,3,experiments/e20_multi_compiler_full/run.py,cf4c43a166f171d450e24f2ab51c9325507d5960589b926a114eb25d926116c5,4809486afd204540f2cdafb6d609b54ad021dbf2b99f43a4ecec706faa70c906,b8131dddaf998829d128fb781f07d7fabef8dee916080f567fff7e67ba07e420,
2.1.0,MC-E20,e20_full_20260721_150753,2026-07-21T15:17:16.321881+00:00,vqe_twolocal_8,VQE,8,62,38.0,0.3870967741935484,38.70967741935484,15,12.0,0.1999999999999999,14,14.0,0.0,14,14.0,0.0,0,0.0,0.0,1.0,0.0065762996673583,qiskit,transpiler,2.4.1,3,ok,45,3,experiments/e20_multi_compiler_full/run.py,cf4c43a166f171d450e24f2ab51c9325507d5960589b926a114eb25d926116c5,70cd659a7350f6cc7087bde5233dd07dd8b5618ed5d5947c4421d8f783a0e2a1,807d63ed988f00b91516872653c12628b1b367cf27e6334d5e93799e24c1107a,
2.1.0,MC-E20,e20_full_20260721_150753,2026-07-21T15:17:16.502705+00:00,vqe_twolocal_8,VQE,8,62,62.0,0.0,0.0,15,15.0,0.0,14,14.0,0.0,14,14.0,0.0,0,0.0,0.0,1.0,0.0513288974761962,cirq,optimize_for_target_gateset+eject_z+merge_1q,1.6.1,default,ok,45,3,experiments/e20_multi_compiler_full/run.py,cf4c43a166f171d450e24f2ab51c9325507d5960589b926a114eb25d926116c5,70cd659a7350f6cc7087bde5233dd07dd8b5618ed5d5947c4421d8f783a0e2a1,bc9c39ffab27f2a0d6c5aceb8275c9cabdb4cb7281971f87fed9f5588ab55903,
2.1.0,MC-E20,e20_full_20260721_150753,2026-07-21T15:17:17.286978+00:00,hardware_eff_8,HardwareEfficient,8,46,30.0,0.3478260869565217,34.78260869565217,8,6.0,0.25,14,14.0,0.0,14,14.0,0.0,0,0.0,0.0,0.9999999999999992,0.0104737281799316,qiskit,transpiler,2.4.1,3,ok,45,3,experiments/e20_multi_compiler_full/run.py,cf4c43a166f171d450e24f2ab51c9325507d5960589b926a114eb25d926116c5,4cb0ee8c207e5657bad48e15875bbf5d48a502ea415ecd8f8314c81e5399a738,179e064f84bd4b9836b9bdd3b50fca1d8b8e5e7d159e077fc8df505614b55481,
2.1.0,MC-E20,e20_full_20260721_150753,2026-07-21T15:17:17.393297+00:00,hardware_eff_8,HardwareEfficient,8,46,46.0,0.0,0.0,8,8.0,0.0,14,14.0,0.0,14,14.0,0.0,0,0.0,0.0,1.0,0.0304865837097167,cirq,optimize_for_target_gateset+eject_z+merge_1q,1.6.1,default,ok,45,3,experiments/e20_multi_compiler_full/run.py,cf4c43a166f171d450e24f2ab51c9325507d5960589b926a114eb25d926116c5,4cb0ee8c207e5657bad48e15875bbf5d48a502ea415ecd8f8314c81e5399a738,0d6b6cb1e9f5f9441a3dc0ca370abfc86b53460fd06b6a086c67f7837a654004,
2.1.0,MC-E20,e20_full_20260721_150753,2026-07-21T15:17:19.863323+00:00,grover_8,Grover,8,56,798.0,-13.25,-1325.0,13,503.0,-37.69230769230769,0,360.0,0.0,0,360.0,0.0,0,102.0,0.0,0.9999999999999308,0.028203010559082,qiskit,transpiler,2.4.1,3,ok,45,3,experiments/e20_multi_compiler_full/run.py,cf4c43a166f171d450e24f2ab51c9325507d5960589b926a114eb25d926116c5,85a89bd92780739ef5eaff2e82c4cc9e2bb0de3443b942fdbd0858cbad2bae01,3485403e39870448360141e347d4648140b0af20743bd06b6ec880fccee70b78,"Single Grover iteration, random marked state"
2.1.0,MC-E20,e20_full_20260721_150753,2026-07-21T15:17:20.830719+00:00,grover_8,Grover,8,56,,,,13,,,0,,,0,,,0,,,,0.9673960208892822,cirq,optimize_for_target_gateset+eject_z+merge_1q,1.6.1,default,"error: ""<input>:591,0: 'sx' is not defined in this scope""",45,3,experiments/e20_multi_compiler_full/run.py,cf4c43a166f171d450e24f2ab51c9325507d5960589b926a114eb25d926116c5,85a89bd92780739ef5eaff2e82c4cc9e2bb0de3443b942fdbd0858cbad2bae01,none,"Single Grover iteration, random marked state"
2.1.0,MC-E20,e20_full_20260721_150753,2026-07-21T15:17:29.236336+00:00,adder_8,Adder,10,18,18.0,0.0,0.0,10,10.0,0.0,6,6.0,0.0,6,6.0,0.0,0,0.0,0.0,,0.0,qiskit,transpiler,2.4.1,3,ok,45,3,experiments/e20_multi_compiler_full/run.py,cf4c43a166f171d450e24f2ab51c9325507d5960589b926a114eb25d926116c5,11770238f7dbea37d54f0e243d01ba2d5d51a53f7060927b3f1d6b377c077ec7,9c7e16d769152f96fdb1715439c02df7d10d78187b5fc52daa1607eec54b9d74,"Ripple-carry adder, random inputs"
2.1.0,MC-E20,e20_full_20260721_150753,2026-07-21T15:17:30.318809+00:00,qwalk_8,QuantumWalk,9,106,4551.0,-41.93396226415094,-4193.396226415094,59,3163.0,-52.61016949152543,6,1962.0,-326.0,6,1962.0,-326.0,0,539.0,0.0,,0.0676202774047851,qiskit,transpiler,2.4.1,3,ok,45,3,experiments/e20_multi_compiler_full/run.py,cf4c43a166f171d450e24f2ab51c9325507d5960589b926a114eb25d926116c5,a73273626191156f7cabac6ec40805558478fec6f9c5996809603a960abf850c,b2efcd4863688f6dd6d7905ba701bcbebf35f8823667935c8082b0b129e82493,"DTQW on cycle, 3 steps"
2.1.0,MC-E20,e20_full_20260721_150753,2026-07-21T15:18:45.198443+00:00,iqp_8,IQP,8,47,21.0,0.5531914893617021,55.319148936170215,14,5.0,0.6428571428571428,14,6.0,0.5714285714285714,0,0.0,0.0,0,0.0,0.0,0.9999999999999972,0.0080158710479736,qiskit,transpiler,2.4.1,3,ok,45,3,experiments/e20_multi_compiler_full/run.py,cf4c43a166f171d450e24f2ab51c9325507d5960589b926a114eb25d926116c5,970a02ab31b50dad88c8f790f424ac5ccee03a1277432e0e16d8912dbcd659d2,19148a61b35fa2980234f5d649d59c7d0cf1fbc0f2aa28bc7c5e48856c57fe57,"IQP circuit, 3 diagonal layers"
2.1.0,MC-E20,e20_full_20260721_150753,2026-07-21T15:18:45.313918+00:00,iqp_8,IQP,8,47,43.0,0.0851063829787234,8.510638297872342,14,14.0,0.0,14,14.0,0.0,0,0.0,0.0,0,5.0,0.0,0.9999999999999952,0.0283997058868408,cirq,optimize_for_target_gateset+eject_z+merge_1q,1.6.1,default,ok,45,3,experiments/e20_multi_compiler_full/run.py,cf4c43a166f171d450e24f2ab51c9325507d5960589b926a114eb25d926116c5,970a02ab31b50dad88c8f790f424ac5ccee03a1277432e0e16d8912dbcd659d2,6fb0c349d52152d93a0d27e950c627e5d2c5fe3fdc3317295f11ac39471f8a95,"IQP circuit, 3 diagonal layers"
2.1.0,MC-E20,e20_full_20260721_150753,2026-07-21T15:18:45.855890+00:00,clifford_8,RandomClifford,8,66,21.0,0.6818181818181819,68.18181818181819,11,5.0,0.5454545454545454,5,5.0,0.0,5,5.0,0.0,29,3.0,0.896551724137931,0.9999999999999932,0.0086591243743896,qiskit,transpiler,2.4.1,3,ok,45,3,experiments/e20_multi_compiler_full/run.py,cf4c43a166f171d450e24f2ab51c9325507d5960589b926a114eb25d926116c5,3d3a6ef9c6f29f24b5fcfe0c39b5e94250c10b077604ea4efa326fa61c65cf3a,eaf5568b89202380be1cf7499e65bc54fbbc0b4ce5e5e1adfa3e53bc25314aad,"Random Clifford, depth=10"
2.1.0,MC-E20,e20_full_20260721_150753,2026-07-21T15:18:45.977706+00:00,clifford_8,RandomClifford,8,66,29.0,0.5606060606060606,56.060606060606055,11,8.0,0.2727272727272727,5,5.0,0.0,5,5.0,0.0,29,8.0,0.7241379310344828,0.9999999999999928,0.0367765426635742,cirq,optimize_for_target_gateset+eject_z+merge_1q,1.6.1,default,ok,45,3,experiments/e20_multi_compiler_full/run.py,cf4c43a166f171d450e24f2ab51c9325507d5960589b926a114eb25d926116c5,3d3a6ef9c6f29f24b5fcfe0c39b5e94250c10b077604ea4efa326fa61c65cf3a,c517356a56794e7be3236cedf152dccf05bb909ca6a81513fcff6fc583515f3d,"Random Clifford, depth=10"
2.1.0,MC-E20,e20_full_20260721_150753,2026-07-21T15:18:46.217302+00:00,surface_code_8,SurfaceCode,9,11,11.0,0.0,0.0,10,10.0,0.0,8,8.0,0.0,8,8.0,0.0,0,0.0,0.0,,0.008530855178833,qiskit,transpiler,2.4.1,3,ok,45,3,experiments/e20_multi_compiler_full/run.py,cf4c43a166f171d450e24f2ab51c9325507d5960589b926a114eb25d926116c5,f91dacc7e38b7fa5f4732d7510a33dfef09b3ad09344a8ce48e9a9fc7d9dae28,f91dacc7e38b7fa5f4732d7510a33dfef09b3ad09344a8ce48e9a9fc7d9dae28,X-stabilizer syndrome extraction
2.1.0,MC-E20,e20_full_20260721_150753,2026-07-21T15:18:46.630970+00:00,uccsd_8,UCCSD_inspired,8,80,60.0,0.25,25.0,31,27.0,0.1290322580645161,36,28.0,0.2222222222222222,36,28.0,0.2222222222222222,0,0.0,0.0,1.0,0.0165038108825683,qiskit,transpiler,2.4.1,3,ok,45,3,experiments/e20_multi_compiler_full/run.py,cf4c43a166f171d450e24f2ab51c9325507d5960589b926a114eb25d926116c5,83ad8c8c1e905dfe13663f1336e639957a7a02938e1af82f1320e5bbdb63da38,a182ac91ef46f5ee551124dffbad4a3feb6387d144f7f496a5e48e5d357f0950,Parameterized ansatz INSPIRED BY (not true) UCCSD; see make_parameterized_ansatz docstring. Renamed from 'UCCSD' to 'UCCSD_inspired' per review L3 to avoid false claim.
2.1.0,MC-E20,e20_full_20260721_150753,2026-07-21T15:18:46.858326+00:00,uccsd_8,UCCSD_inspired,8,80,68.0,0.15,15.000000000000002,31,28.0,0.0967741935483871,36,36.0,0.0,36,36.0,0.0,0,0.0,0.0,1.0,0.0449604988098144,cirq,optimize_for_target_gateset+eject_z+merge_1q,1.6.1,default,ok,45,3,experiments/e20_multi_compiler_full/run.py,cf4c43a166f171d450e24f2ab51c9325507d5960589b926a114eb25d926116c5,83ad8c8c1e905dfe13663f1336e639957a7a02938e1af82f1320e5bbdb63da38,d9384aa0da9bad66b98c0462d23b74c1663fde44cefc2894169ef5a8b3f39029,Parameterized ansatz INSPIRED BY (not true) UCCSD; see make_parameterized_ansatz docstring. Renamed from 'UCCSD' to 'UCCSD_inspired' per review L3 to avoid false claim.
2.1.0,MC-E20,e20_full_20260721_150753,2026-07-21T15:18:48.065206+00:00,haar_4,HaarRandom,4,275,257.0,0.0654545454545454,6.545454545454543,189,189.0,0.0,95,95.0,0.0,95,95.0,0.0,0,0.0,0.0,0.9999999999999954,0.0208091735839843,qiskit,transpiler,2.4.1,3,ok,45,3,experiments/e20_multi_compiler_full/run.py,cf4c43a166f171d450e24f2ab51c9325507d5960589b926a114eb25d926116c5,ce998453893bf6c4ca5dce428b7e9a808950fd3ca2556e5bec531be49c730b53,53eb85e7f7ca73cbe1cdf4e075317f6fe285b10bf0434bcb5d8d56cded95e631,"Haar-random unitary, exact synthesis"
2.1.0,MC-E20,e20_full_20260721_150753,2026-07-21T15:18:48.304424+00:00,haar_4,HaarRandom,4,275,367.0,-0.3345454545454545,-33.454545454545446,189,238.0,-0.2592592592592593,95,95.0,0.0,95,95.0,0.0,0,16.0,0.0,0.9999999999999944,0.1802961826324463,cirq,optimize_for_target_gateset+eject_z+merge_1q,1.6.1,default,ok,45,3,experiments/e20_multi_compiler_full/run.py,cf4c43a166f171d450e24f2ab51c9325507d5960589b926a114eb25d926116c5,ce998453893bf6c4ca5dce428b7e9a808950fd3ca2556e5bec531be49c730b53,2596607755c72bd68180ba85d8b023e03f2f31605744a2ce926badec817b09d3,"Haar-random unitary, exact synthesis"
2.1.0,MC-E20,e20_full_20260721_150753,2026-07-21T15:18:50.626040+00:00,haar_4,HaarRandom,4,275,257.0,0.0654545454545454,6.545454545454543,189,189.0,0.0,95,95.0,0.0,95,95.0,0.0,0,0.0,0.0,0.9999999999999964,2.2891194820404053,tket,FullPeepholeOptimise,2.18.0,default,ok,45,3,experiments/e20_multi_compiler_full/run.py,cf4c43a166f171d450e24f2ab51c9325507d5960589b926a114eb25d926116c5,ce998453893bf6c4ca5dce428b7e9a808950fd3ca2556e5bec531be49c730b53,5b16ef1f426a715ea1e1671af7bc02be7d2e658eccceb8803f1f2f04b139bc3d,"Haar-random unitary, exact synthesis"
2.1.0,MC-E20,e20_full_20260721_150753,2026-07-21T15:18:50.918514+00:00,qft_4,QFT,4,10,10.0,0.0,0.0,7,7.0,0.0,6,6.0,0.0,0,0.0,0.0,0,0.0,0.0,0.9999999999999988,0.0151619911193847,qiskit,transpiler,2.4.1,3,ok,46,4,experiments/e20_multi_compiler_full/run.py,cf4c43a166f171d450e24f2ab51c9325507d5960589b926a114eb25d926116c5,ec754f7e3892ee8ca405ace36ffa2cf3d8489863d2f83852f623de773dd94b1e,001408f6c8b62c5aa1e72c56729dcc2520332ae2954b17daf86162a5a4f46ac6,
2.1.0,MC-E20,e20_full_20260721_150753,2026-07-21T15:18:50.949013+00:00,qft_4,QFT,4,10,,,,7,,,6,,,0,,,0,,,,0.0304994583129882,cirq,optimize_for_target_gateset+eject_z+merge_1q,1.6.1,default,"error: ""<input>:17,0: 'sx' is not defined in this scope""",46,4,experiments/e20_multi_compiler_full/run.py,cf4c43a166f171d450e24f2ab51c9325507d5960589b926a114eb25d926116c5,ec754f7e3892ee8ca405ace36ffa2cf3d8489863d2f83852f623de773dd94b1e,none,
2.1.0,MC-E20,e20_full_20260721_150753,2026-07-21T15:18:51.198548+00:00,qft_4,QFT,4,10,31.0,-2.1,-210.0,7,19.0,-1.7142857142857144,6,12.0,-1.0,0,12.0,0.0,0,0.0,0.0,1.0,0.2495343685150146,tket,FullPeepholeOptimise,2.18.0,default,ok,46,4,experiments/e20_multi_compiler_full/run.py,cf4c43a166f171d450e24f2ab51c9325507d5960589b926a114eb25d926116c5,ec754f7e3892ee8ca405ace36ffa2cf3d8489863d2f83852f623de773dd94b1e,1c29c769144f94e13e3a392f195ebc1c6cfc77bad3bffa3aa293760f9e7c4679,
2.1.0,MC-E20,e20_full_20260721_150753,2026-07-21T15:18:51.227114+00:00,ghz_4,GHZ,4,4,4.0,0.0,0.0,4,4.0,0.0,3,3.0,0.0,3,3.0,0.0,0,0.0,0.0,0.9999999999999996,0.0,qiskit,transpiler,2.4.1,3,ok,46,4,experiments/e20_multi_compiler_full/run.py,cf4c43a166f171d450e24f2ab51c9325507d5960589b926a114eb25d926116c5,632a65a86fd9bfab17ccedbd10b32b45490cc33030a23af0d675ad3e8ad7a445,632a65a86fd9bfab17ccedbd10b32b45490cc33030a23af0d675ad3e8ad7a445,
2.1.0,MC-E20,e20_full_20260721_150753,2026-07-21T15:18:51.238526+00:00,ghz_4,GHZ,4,4,5.0,-0.25,-25.0,4,5.0,-0.25,3,3.0,0.0,3,3.0,0.0,0,0.0,0.0,0.9999999999999996,0.0114121437072753,cirq,optimize_for_target_gateset+eject_z+merge_1q,1.6.1,default,ok,46,4,experiments/e20_multi_compiler_full/run.py,cf4c43a166f171d450e24f2ab51c9325507d5960589b926a114eb25d926116c5,632a65a86fd9bfab17ccedbd10b32b45490cc33030a23af0d675ad3e8ad7a445,06491f2cd8fd8193e00cd40c6bc0442b5ca960f1c6e319f098b23e2c3ef0bc78,
2.1.0,MC-E20,e20_full_20260721_150753,2026-07-21T15:18:51.321746+00:00,ghz_4,GHZ,4,4,4.0,0.0,0.0,4,4.0,0.0,3,3.0,0.0,3,3.0,0.0,0,0.0,0.0,1.0,0.0832190513610839,tket,FullPeepholeOptimise,2.18.0,default,ok,46,4,experiments/e20_multi_compiler_full/run.py,cf4c43a166f171d450e24f2ab51c9325507d5960589b926a114eb25d926116c5,632a65a86fd9bfab17ccedbd10b32b45490cc33030a23af0d675ad3e8ad7a445,0ca2e20394ef52eecba8c72454ae73e952a311d06ff639876717b3ceaa156322,
2.1.0,MC-E20,e20_full_20260721_150753,2026-07-21T15:18:51.339027+00:00,cnot_chain_4,CNOT,4,24,0.0,1.0,100.0,18,0.0,1.0,24,0.0,1.0,24,0.0,1.0,0,0.0,0.0,1.0,0.0020046234130859,qiskit,transpiler,2.4.1,3,ok,46,4,experiments/e20_multi_compiler_full/run.py,cf4c43a166f171d450e24f2ab51c9325507d5960589b926a114eb25d926116c5,c15ccd1efbe0b71c21464e888a978afbe6b6cf006bd895873c7d9b8e51efbaf0,80cb67051feabb1a835727fede3367602f1e692e3ec9d1d7247266c73803bd7d,
2.1.0,MC-E20,e20_full_20260721_150753,2026-07-21T15:18:51.367972+00:00,cnot_chain_4,CNOT,4,24,24.0,0.0,0.0,18,18.0,0.0,24,24.0,0.0,24,24.0,0.0,0,0.0,0.0,1.0,0.0289444923400878,cirq,optimize_for_target_gateset+eject_z+merge_1q,1.6.1,default,ok,46,4,experiments/e20_multi_compiler_full/run.py,cf4c43a166f171d450e24f2ab51c9325507d5960589b926a114eb25d926116c5,c15ccd1efbe0b71c21464e888a978afbe6b6cf006bd895873c7d9b8e51efbaf0,1c48b34ca8afe4511d74e3b454e70aaafbcd3af62f2f6f4baaa92a9c810a5a2d,
2.1.0,MC-E20,e20_full_20260721_150753,2026-07-21T15:18:51.375276+00:00,cnot_chain_4,CNOT,4,24,0.0,1.0,100.0,18,0.0,1.0,24,0.0,1.0,24,0.0,1.0,0,0.0,0.0,1.0,0.0073041915893554,tket,FullPeepholeOptimise,2.18.0,default,ok,46,4,experiments/e20_multi_compiler_full/run.py,cf4c43a166f171d450e24f2ab51c9325507d5960589b926a114eb25d926116c5,c15ccd1efbe0b71c21464e888a978afbe6b6cf006bd895873c7d9b8e51efbaf0,80cb67051feabb1a835727fede3367602f1e692e3ec9d1d7247266c73803bd7d,
2.1.0,MC-E20,e20_full_20260721_150753,2026-07-21T15:18:51.390502+00:00,bv_4,Oracle,5,14,8.0,0.4285714285714286,42.85714285714286,6,4.0,0.3333333333333333,2,2.0,0.0,2,2.0,0.0,0,0.0,0.0,0.999999999999998,0.0,qiskit,transpiler,2.4.1,3,ok,46,4,experiments/e20_multi_compiler_full/run.py,cf4c43a166f171d450e24f2ab51c9325507d5960589b926a114eb25d926116c5,9d77864e2e4a0d42b52c73e55234db679d6e1573c366b4f96c2fbc69e97a49c0,7ecfb897699df9e6a2acb01d6e2e9836a7fb77a1ce4128151eab60090ecaed11,
2.1.0,MC-E20,e20_full_20260721_150753,2026-07-21T15:18:51.419836+00:00,bv_4,Oracle,5,14,12.0,0.1428571428571429,14.28571428571429,6,6.0,0.0,2,2.0,0.0,2,2.0,0.0,0,0.0,0.0,,0.0293328762054443,cirq,optimize_for_target_gateset+eject_z+merge_1q,1.6.1,default,ok,46,4,experiments/e20_multi_compiler_full/run.py,cf4c43a166f171d450e24f2ab51c9325507d5960589b926a114eb25d926116c5,9d77864e2e4a0d42b52c73e55234db679d6e1573c366b4f96c2fbc69e97a49c0,0289852fbdbd05c8a99d98529fac35da4e11bf75fe22ba6ad6375fd6b5734198,
2.1.0,MC-E20,e20_full_20260721_150753,2026-07-21T15:18:51.499223+00:00,bv_4,Oracle,5,14,8.0,0.4285714285714286,42.85714285714286,6,4.0,0.3333333333333333,2,2.0,0.0,2,2.0,0.0,0,0.0,0.0,0.9999999999999988,0.0783727169036865,tket,FullPeepholeOptimise,2.18.0,default,ok,46,4,experiments/e20_multi_compiler_full/run.py,cf4c43a166f171d450e24f2ab51c9325507d5960589b926a114eb25d926116c5,9d77864e2e4a0d42b52c73e55234db679d6e1573c366b4f96c2fbc69e97a49c0,25e0359de6ce639aad61fb7cde005d5d485667b3088d79dfab571dba144ee630,
2.1.0,MC-E20,e20_full_20260721_150753,2026-07-21T15:18:51.529126+00:00,qaoa_line_4,QAOA,4,30,30.0,0.0,0.0,18,18.0,0.0,12,12.0,0.0,12,12.0,0.0,0,0.0,0.0,1.0000000000000018,0.008026123046875,qiskit,transpiler,2.4.1,3,ok,46,4,experiments/e20_multi_compiler_full/run.py,cf4c43a166f171d450e24f2ab51c9325507d5960589b926a114eb25d926116c5,0dd61f11a648d66ee0b5d329aad225eaa6f5906748ed91cfaebbd70688fe676b,0dd61f11a648d66ee0b5d329aad225eaa6f5906748ed91cfaebbd70688fe676b,
2.1.0,MC-E20,e20_full_20260721_150753,2026-07-21T15:18:51.571094+00:00,qaoa_line_4,QAOA,4,30,34.0,-0.1333333333333333,-13.33333333333333,18,19.0,-0.0555555555555555,12,12.0,0.0,12,12.0,0.0,0,0.0,0.0,1.0000000000000004,0.0353932380676269,cirq,optimize_for_target_gateset+eject_z+merge_1q,1.6.1,default,ok,46,4,experiments/e20_multi_compiler_full/run.py,cf4c43a166f171d450e24f2ab51c9325507d5960589b926a114eb25d926116c5,0dd61f11a648d66ee0b5d329aad225eaa6f5906748ed91cfaebbd70688fe676b,28c7ccf658caef6b2be9f884add3dff03047a17eec57661a7d3d0567d0c8c976,
2.1.0,MC-E20,e20_full_20260721_150753,2026-07-21T15:18:51.834371+00:00,qaoa_line_4,QAOA,4,30,28.0,0.0666666666666666,6.666666666666665,18,18.0,0.0,12,12.0,0.0,12,12.0,0.0,0,0.0,0.0,1.0000000000000018,0.2626481056213379,tket,FullPeepholeOptimise,2.18.0,default,ok,46,4,experiments/e20_multi_compiler_full/run.py,cf4c43a166f171d450e24f2ab51c9325507d5960589b926a114eb25d926116c5,0dd61f11a648d66ee0b5d329aad225eaa6f5906748ed91cfaebbd70688fe676b,c8d8dbce552c97b03275aad991e22b37eb8052d658c54b4458c822f46a98c6a6,
2.1.0,MC-E20,e20_full_20260721_150753,2026-07-21T15:18:51.864605+00:00,vqe_twolocal_4,VQE,4,30,18.0,0.4,40.0,11,8.0,0.2727272727272727,6,6.0,0.0,6,6.0,0.0,0,0.0,0.0,1.0,0.0110044479370117,qiskit,transpiler,2.4.1,3,ok,46,4,experiments/e20_multi_compiler_full/run.py,cf4c43a166f171d450e24f2ab51c9325507d5960589b926a114eb25d926116c5,ac21e2eaa8a24cdf3f34f2f4a2718f2f87ee9ad78b02cb67f68f891a19d9a00b,f7b9bd9ffa6a84a9357fd01b6b50980c71e4b7cd5109e2057989aab21c8ce400,
2.1.0,MC-E20,e20_full_20260721_150753,2026-07-21T15:18:51.916180+00:00,vqe_twolocal_4,VQE,4,30,30.0,0.0,0.0,11,11.0,0.0,6,6.0,0.0,6,6.0,0.0,0,0.0,0.0,1.0000000000000009,0.0465328693389892,cirq,optimize_for_target_gateset+eject_z+merge_1q,1.6.1,default,ok,46,4,experiments/e20_multi_compiler_full/run.py,cf4c43a166f171d450e24f2ab51c9325507d5960589b926a114eb25d926116c5,ac21e2eaa8a24cdf3f34f2f4a2718f2f87ee9ad78b02cb67f68f891a19d9a00b,61d8634b3a86c19fa836c95f876d2d8202716563cdd538feeb0cf94b75b112d9,
2.1.0,MC-E20,e20_full_20260721_150753,2026-07-21T15:18:52.147259+00:00,vqe_twolocal_4,VQE,4,30,18.0,0.4,40.0,11,8.0,0.2727272727272727,6,6.0,0.0,6,6.0,0.0,0,0.0,0.0,1.0,0.2310791015625,tket,FullPeepholeOptimise,2.18.0,default,ok,46,4,experiments/e20_multi_compiler_full/run.py,cf4c43a166f171d450e24f2ab51c9325507d5960589b926a114eb25d926116c5,ac21e2eaa8a24cdf3f34f2f4a2718f2f87ee9ad78b02cb67f68f891a19d9a00b,640c53a6f867c03771f6e10839a90b9dd69df1b0fc678184a82512c4b54b37d5,
2.1.0,MC-E20,e20_full_20260721_150753,2026-07-21T15:18:52.162502+00:00,hardware_eff_4,HardwareEfficient,4,22,14.0,0.3636363636363636,36.36363636363637,8,6.0,0.25,6,6.0,0.0,6,6.0,0.0,0,0.0,0.0,1.0,0.0,qiskit,transpiler,2.4.1,3,ok,46,4,experiments/e20_multi_compiler_full/run.py,cf4c43a166f171d450e24f2ab51c9325507d5960589b926a114eb25d926116c5,1acf702d709949cb5318f7dfe6908169b8d63569ab675c39901ea58b6d3d7f70,6352929220b10d0177b5b51d0291042c650e898844540f717975bd7880dc508f,
2.1.0,MC-E20,e20_full_20260721_150753,2026-07-21T15:18:52.197939+00:00,hardware_eff_4,HardwareEfficient,4,22,22.0,0.0,0.0,8,8.0,0.0,6,6.0,0.0,6,6.0,0.0,0,0.0,0.0,1.0,0.0354378223419189,cirq,optimize_for_target_gateset+eject_z+merge_1q,1.6.1,default,ok,46,4,experiments/e20_multi_compiler_full/run.py,cf4c43a166f171d450e24f2ab51c9325507d5960589b926a114eb25d926116c5,1acf702d709949cb5318f7dfe6908169b8d63569ab675c39901ea58b6d3d7f70,a7f1fc327909fe14df2e9f4aa5ea9b5b2935599201136c4c91075c3c4d74c222,
2.1.0,MC-E20,e20_full_20260721_150753,2026-07-21T15:18:52.398745+00:00,hardware_eff_4,HardwareEfficient,4,22,14.0,0.3636363636363636,36.36363636363637,8,6.0,0.25,6,6.0,0.0,6,6.0,0.0,0,0.0,0.0,0.9999999999999998,0.1959681510925293,tket,FullPeepholeOptimise,2.18.0,default,ok,46,4,experiments/e20_multi_compiler_full/run.py,cf4c43a166f171d450e24f2ab51c9325507d5960589b926a114eb25d926116c5,1acf702d709949cb5318f7dfe6908169b8d63569ab675c39901ea58b6d3d7f70,2aa9bbe1a564aca8af261e80891711d13c7e256cac49c1612ae50155ddb15ae2,
2.1.0,MC-E20,e20_full_20260721_150753,2026-07-21T15:18:52.441855+00:00,grover_4,Grover,4,26,62.0,-1.3846153846153846,-138.46153846153845,11,53.0,-3.8181818181818175,0,28.0,0.0,0,28.0,0.0,0,0.0,0.0,0.999999999999994,0.018627643585205,qiskit,transpiler,2.4.1,3,ok,46,4,experiments/e20_multi_compiler_full/run.py,cf4c43a166f171d450e24f2ab51c9325507d5960589b926a114eb25d926116c5,4fc984c9fc66dcb6b9dc0fdd66788f8b980e178607adfe44a28f04863de6ebdc,cf11fc1e3ffc81d278ea20c83e7efd431de8b254ac6ffd312cfeb31a7ffcbc5d,"Single Grover iteration, random marked state"
2.1.0,MC-E20,e20_full_20260721_150753,2026-07-21T15:18:52.492309+00:00,grover_4,Grover,4,26,76.0,-1.923076923076923,-192.3076923076923,11,57.0,-4.181818181818182,0,28.0,0.0,0,28.0,0.0,0,0.0,0.0,0.9999999999999928,0.0339822769165039,cirq,optimize_for_target_gateset+eject_z+merge_1q,1.6.1,default,ok,46,4,experiments/e20_multi_compiler_full/run.py,cf4c43a166f171d450e24f2ab51c9325507d5960589b926a114eb25d926116c5,4fc984c9fc66dcb6b9dc0fdd66788f8b980e178607adfe44a28f04863de6ebdc,3b32dc439ee5e8528e2d7ba35ad7b0ab228b586e38952b1ab788de03d691cf0e,"Single Grover iteration, random marked state"
2.1.0,MC-E20,e20_full_20260721_150753,2026-07-21T15:18:53.236337+00:00,grover_4,Grover,4,26,64.0,-1.4615384615384617,-146.15384615384616,11,55.0,-4.0,0,28.0,0.0,0,28.0,0.0,0,0.0,0.0,0.9999999999999962,0.7306983470916748,tket,FullPeepholeOptimise,2.18.0,default,ok,46,4,experiments/e20_multi_compiler_full/run.py,cf4c43a166f171d450e24f2ab51c9325507d5960589b926a114eb25d926116c5,4fc984c9fc66dcb6b9dc0fdd66788f8b980e178607adfe44a28f04863de6ebdc,2243db2dd1191bae400897b781a072c3842c6cb2daf363f6d5cf1c6bcb36e65a,"Single Grover iteration, random marked state"
2.1.0,MC-E20,e20_full_20260721_150753,2026-07-21T15:18:53.258431+00:00,adder_4,Adder,4,6,6.0,0.0,0.0,6,6.0,0.0,2,2.0,0.0,2,2.0,0.0,0,0.0,0.0,1.0,0.0083835124969482,qiskit,transpiler,2.4.1,3,ok,46,4,experiments/e20_multi_compiler_full/run.py,cf4c43a166f171d450e24f2ab51c9325507d5960589b926a114eb25d926116c5,376ceef4983731f7550ead348027cf64df326a3131ced4b5445918208feab683,376ceef4983731f7550ead348027cf64df326a3131ced4b5445918208feab683,"Ripple-carry adder, random inputs"
2.1.0,MC-E20,e20_full_20260721_150753,2026-07-21T15:18:53.278300+00:00,adder_4,Adder,4,6,6.0,0.0,0.0,6,6.0,0.0,2,2.0,0.0,2,2.0,0.0,0,0.0,0.0,1.0,0.0186958312988281,cirq,optimize_for_target_gateset+eject_z+merge_1q,1.6.1,default,ok,46,4,experiments/e20_multi_compiler_full/run.py,cf4c43a166f171d450e24f2ab51c9325507d5960589b926a114eb25d926116c5,376ceef4983731f7550ead348027cf64df326a3131ced4b5445918208feab683,3eb3c8d4cae0570b20d032fc5fffcaff08d8e62e27847ba2bc7c5b69a9642b6a,"Ripple-carry adder, random inputs"
2.1.0,MC-E20,e20_full_20260721_150753,2026-07-21T15:18:53.588567+00:00,adder_4,Adder,4,6,38.0,-5.333333333333333,-533.3333333333333,6,29.0,-3.833333333333333,2,18.0,-8.0,2,18.0,-8.0,0,0.0,0.0,1.0000000000000009,0.3041834831237793,tket,FullPeepholeOptimise,2.18.0,default,ok,46,4,experiments/e20_multi_compiler_full/run.py,cf4c43a166f171d450e24f2ab51c9325507d5960589b926a114eb25d926116c5,376ceef4983731f7550ead348027cf64df326a3131ced4b5445918208feab683,08c52da0df20a0891132625e6a1f0e3318f2a8b67be15a2e2e1ee662c829b77c,"Ripple-carry adder, random inputs"
2.1.0,MC-E20,e20_full_20260721_150753,2026-07-21T15:18:53.707654+00:00,qwalk_4,QuantumWalk,5,58,453.0,-6.810344827586207,-681.0344827586207,35,387.0,-10.057142857142855,6,252.0,-41.0,6,198.0,-32.0,0,36.0,0.0,0.9999999999999504,0.0140695571899414,qiskit,transpiler,2.4.1,3,ok,46,4,experiments/e20_multi_compiler_full/run.py,cf4c43a166f171d450e24f2ab51c9325507d5960589b926a114eb25d926116c5,cf62e1fcc8cef53cef2558af69e2ee8fb1c313044ecbedd256955ff9e06e28b4,de719407143d3a3e72be3e5448a84b4124f8c633d4d17cf1322fbd2c06053200,"DTQW on cycle, 3 steps"
2.1.0,MC-E20,e20_full_20260721_150753,2026-07-21T15:18:54.026782+00:00,qwalk_4,QuantumWalk,5,58,,,,35,,,6,,,6,,,0,,,,0.3191277980804443,cirq,optimize_for_target_gateset+eject_z+merge_1q,1.6.1,default,"error: ""<input>:27,0: 'sx' is not defined in this scope""",46,4,experiments/e20_multi_compiler_full/run.py,cf4c43a166f171d450e24f2ab51c9325507d5960589b926a114eb25d926116c5,cf62e1fcc8cef53cef2558af69e2ee8fb1c313044ecbedd256955ff9e06e28b4,none,"DTQW on cycle, 3 steps"
2.1.0,MC-E20,e20_full_20260721_150753,2026-07-21T15:19:01.350726+00:00,qwalk_4,QuantumWalk,5,58,686.0,-10.827586206896552,-1082.7586206896551,35,534.0,-14.257142857142858,6,330.0,-54.0,6,330.0,-54.0,0,0.0,0.0,0.9999999999999716,7.219859600067139,tket,FullPeepholeOptimise,2.18.0,default,ok,46,4,experiments/e20_multi_compiler_full/run.py,cf4c43a166f171d450e24f2ab51c9325507d5960589b926a114eb25d926116c5,cf62e1fcc8cef53cef2558af69e2ee8fb1c313044ecbedd256955ff9e06e28b4,f4ce3cdc291dc3dea2a1e0548d89245008e417789f3f25e81aa83c7c469562f9,"DTQW on cycle, 3 steps"
2.1.0,MC-E20,e20_full_20260721_150753,2026-07-21T15:19:01.381658+00:00,iqp_4,IQP,4,21,7.0,0.6666666666666667,66.66666666666667,9,3.0,0.6666666666666667,5,1.0,0.8,0,0.0,0.0,0,0.0,0.0,0.9999999999999988,0.0150303840637207,qiskit,transpiler,2.4.1,3,ok,46,4,experiments/e20_multi_compiler_full/run.py,cf4c43a166f171d450e24f2ab51c9325507d5960589b926a114eb25d926116c5,6012d58546bfc11b87537b7665cbdd49642dd17bf2cb0646ffe84b60aa6dafa6,da46fddf1272e3868af925d442e4d9077d418ca8798ce9e98d9f085c4d25ede6,"IQP circuit, 3 diagonal layers"
2.1.0,MC-E20,e20_full_20260721_150753,2026-07-21T15:19:01.397109+00:00,iqp_4,IQP,4,21,20.0,0.0476190476190476,4.761904761904767,9,9.0,0.0,5,5.0,0.0,0,0.0,0.0,0,3.0,0.0,0.9999999999999984,0.0154511928558349,cirq,optimize_for_target_gateset+eject_z+merge_1q,1.6.1,default,ok,46,4,experiments/e20_multi_compiler_full/run.py,cf4c43a166f171d450e24f2ab51c9325507d5960589b926a114eb25d926116c5,6012d58546bfc11b87537b7665cbdd49642dd17bf2cb0646ffe84b60aa6dafa6,ee5b03eb7af9c732b8614a09138f87ea88c4732ad841d530b36ead4c576668fe,"IQP circuit, 3 diagonal layers"
2.1.0,MC-E20,e20_full_20260721_150753,2026-07-21T15:19:01.449093+00:00,iqp_4,IQP,4,21,6.0,0.7142857142857143,71.42857142857143,9,3.0,0.6666666666666667,5,1.0,0.8,0,1.0,0.0,0,0.0,0.0,0.9999999999999996,0.0519835948944091,tket,FullPeepholeOptimise,2.18.0,default,ok,46,4,experiments/e20_multi_compiler_full/run.py,cf4c43a166f171d450e24f2ab51c9325507d5960589b926a114eb25d926116c5,6012d58546bfc11b87537b7665cbdd49642dd17bf2cb0646ffe84b60aa6dafa6,363dd93bccbdc91c0acdaa7e318077c028ea75dee4cf424db6de90fef6102745,"IQP circuit, 3 diagonal layers"
2.1.0,MC-E20,e20_full_20260721_150753,2026-07-21T15:19:01.480122+00:00,clifford_4,RandomClifford,4,27,3.0,0.8888888888888888,88.88888888888889,12,1.0,0.9166666666666666,4,1.0,0.75,4,0.0,1.0,6,0.0,1.0,1.0,0.0164823532104492,qiskit,transpiler,2.4.1,3,ok,46,4,experiments/e20_multi_compiler_full/run.py,cf4c43a166f171d450e24f2ab51c9325507d5960589b926a114eb25d926116c5,622ebb1f5bb7f1c8533f95977837c5889e26166a287e8efea3e3f072123d05c4,bede17468011d2c3ba691b0ef3e780e4e55ed8c9bd1c7c44b968044f44a6272d,"Random Clifford, depth=10"
2.1.0,MC-E20,e20_full_20260721_150753,2026-07-21T15:19:01.511093+00:00,clifford_4,RandomClifford,4,27,23.0,0.1481481481481481,14.814814814814811,12,14.0,-0.1666666666666667,4,4.0,0.0,4,4.0,0.0,6,2.0,0.6666666666666667,0.9999999999999958,0.0153446197509765,cirq,optimize_for_target_gateset+eject_z+merge_1q,1.6.1,default,ok,46,4,experiments/e20_multi_compiler_full/run.py,cf4c43a166f171d450e24f2ab51c9325507d5960589b926a114eb25d926116c5,622ebb1f5bb7f1c8533f95977837c5889e26166a287e8efea3e3f072123d05c4,c1cf2922aba932a8e9a3f5fcf3a690ee6d06e3ce64d4c592fb49914495bab733,"Random Clifford, depth=10"
2.1.0,MC-E20,e20_full_20260721_150753,2026-07-21T15:19:01.558788+00:00,clifford_4,RandomClifford,4,27,5.0,0.8148148148148149,81.4814814814815,12,3.0,0.75,4,1.0,0.75,4,1.0,0.75,6,0.0,1.0,0.9999999999999974,0.0456886291503906,tket,FullPeepholeOptimise,2.18.0,default,ok,46,4,experiments/e20_multi_compiler_full/run.py,cf4c43a166f171d450e24f2ab51c9325507d5960589b926a114eb25d926116c5,622ebb1f5bb7f1c8533f95977837c5889e26166a287e8efea3e3f072123d05c4,75e494a9a8738b13a4a126bbfbf88dc2b4efa15305ad96726e836267bbe13fe0,"Random Clifford, depth=10"
2.1.0,MC-E20,e20_full_20260721_150753,2026-07-21T15:19:01.580468+00:00,surface_code_4,SurfaceCode,5,8,8.0,0.0,0.0,6,6.0,0.0,4,4.0,0.0,4,4.0,0.0,0,0.0,0.0,0.9999999999999996,0.0084695816040039,qiskit,transpiler,2.4.1,3,ok,46,4,experiments/e20_multi_compiler_full/run.py,cf4c43a166f171d450e24f2ab51c9325507d5960589b926a114eb25d926116c5,53512946277a42301fa68f686c9c171828fb0d28518fc4a09de7421a08f04155,53512946277a42301fa68f686c9c171828fb0d28518fc4a09de7421a08f04155,X-stabilizer syndrome extraction
2.1.0,MC-E20,e20_full_20260721_150753,2026-07-21T15:19:01.600385+00:00,surface_code_4,SurfaceCode,5,8,10.0,-0.25,-25.0,6,8.0,-0.3333333333333332,4,4.0,0.0,4,4.0,0.0,0,0.0,0.0,0.9999999999999996,0.0154628753662109,cirq,optimize_for_target_gateset+eject_z+merge_1q,1.6.1,default,ok,46,4,experiments/e20_multi_compiler_full/run.py,cf4c43a166f171d450e24f2ab51c9325507d5960589b926a114eb25d926116c5,53512946277a42301fa68f686c9c171828fb0d28518fc4a09de7421a08f04155,5712bc56343ca0b75b0f86f1797b9522f45630ce004f9c0e606680cddc671e06,X-stabilizer syndrome extraction
2.1.0,MC-E20,e20_full_20260721_150753,2026-07-21T15:19:01.735802+00:00,surface_code_4,SurfaceCode,5,8,8.0,0.0,0.0,6,6.0,0.0,4,4.0,0.0,4,4.0,0.0,0,0.0,0.0,1.0,0.1348664760589599,tket,FullPeepholeOptimise,2.18.0,default,ok,46,4,experiments/e20_multi_compiler_full/run.py,cf4c43a166f171d450e24f2ab51c9325507d5960589b926a114eb25d926116c5,53512946277a42301fa68f686c9c171828fb0d28518fc4a09de7421a08f04155,a12928549e1ba2a3f20ae2f92a15fda6999d96705ff5fa36eb26b1be89dc701f,X-stabilizer syndrome extraction
2.1.0,MC-E20,e20_full_20260721_150753,2026-07-21T15:19:01.768122+00:00,uccsd_4,UCCSD_inspired,4,28,22.0,0.2142857142857143,21.42857142857143,16,15.0,0.0625,14,10.0,0.2857142857142857,14,10.0,0.2857142857142857,0,0.0,0.0,0.9999999999999996,0.0091326236724853,qiskit,transpiler,2.4.1,3,ok,46,4,experiments/e20_multi_compiler_full/run.py,cf4c43a166f171d450e24f2ab51c9325507d5960589b926a114eb25d926116c5,bc26da1fae0e76f1d048a07dcda5130c0d423fe364fb044ae749cc4b4354e0c5,359c760bf044d505440bc53f17f6ff7c899b9b14d91cb8d486c25e9405b42217,Parameterized ansatz INSPIRED BY (not true) UCCSD; see make_parameterized_ansatz docstring. Renamed from 'UCCSD' to 'UCCSD_inspired' per review L3 to avoid false claim.
2.1.0,MC-E20,e20_full_20260721_150753,2026-07-21T15:19:01.791125+00:00,uccsd_4,UCCSD_inspired,4,28,26.0,0.0714285714285714,7.14285714285714,16,15.0,0.0625,14,14.0,0.0,14,14.0,0.0,0,0.0,0.0,0.9999999999999996,0.0224602222442626,cirq,optimize_for_target_gateset+eject_z+merge_1q,1.6.1,default,ok,46,4,experiments/e20_multi_compiler_full/run.py,cf4c43a166f171d450e24f2ab51c9325507d5960589b926a114eb25d926116c5,bc26da1fae0e76f1d048a07dcda5130c0d423fe364fb044ae749cc4b4354e0c5,6b4061324b5bdfa17303070dfa24b01fef51659a307525aa7ff3ddd809aad9a2,Parameterized ansatz INSPIRED BY (not true) UCCSD; see make_parameterized_ansatz docstring. Renamed from 'UCCSD' to 'UCCSD_inspired' per review L3 to avoid false claim.
2.1.0,MC-E20,e20_full_20260721_150753,2026-07-21T15:19:02.173349+00:00,uccsd_4,UCCSD_inspired,4,28,22.0,0.2142857142857143,21.42857142857143,16,15.0,0.0625,14,10.0,0.2857142857142857,14,10.0,0.2857142857142857,0,0.0,0.0,0.9999999999999996,0.381558895111084,tket,FullPeepholeOptimise,2.18.0,default,ok,46,4,experiments/e20_multi_compiler_full/run.py,cf4c43a166f171d450e24f2ab51c9325507d5960589b926a114eb25d926116c5,bc26da1fae0e76f1d048a07dcda5130c0d423fe364fb044ae749cc4b4354e0c5,6d93a93283358c68dcbd13abf7790009d482e19ffcd24967ea03e3472e2437ac,Parameterized ansatz INSPIRED BY (not true) UCCSD; see make_parameterized_ansatz docstring. Renamed from 'UCCSD' to 'UCCSD_inspired' per review L3 to avoid false claim.
2.1.0,MC-E20,e20_full_20260721_150753,2026-07-21T15:19:02.209612+00:00,qft_6,QFT,6,21,21.0,0.0,0.0,11,11.0,0.0,15,15.0,0.0,0,0.0,0.0,0,0.0,0.0,0.9999999999999996,0.0132002830505371,qiskit,transpiler,2.4.1,3,ok,46,4,experiments/e20_multi_compiler_full/run.py,cf4c43a166f171d450e24f2ab51c9325507d5960589b926a114eb25d926116c5,e761adf8efeac5c21762208c08429dd4686d16eb4cbc1582e6d4ebc809852f66,ce325feb7eafc0f7673a16bbc3b51544984abb6d137b6ba7752bea283600c12b,
2.1.0,MC-E20,e20_full_20260721_150753,2026-07-21T15:19:02.250262+00:00,qft_6,QFT,6,21,,,,11,,,15,,,0,,,0,,,,0.0406503677368164,cirq,optimize_for_target_gateset+eject_z+merge_1q,1.6.1,default,"error: ""<input>:17,0: 'sx' is not defined in this scope""",46,4,experiments/e20_multi_compiler_full/run.py,cf4c43a166f171d450e24f2ab51c9325507d5960589b926a114eb25d926116c5,e761adf8efeac5c21762208c08429dd4686d16eb4cbc1582e6d4ebc809852f66,none,
2.1.0,MC-E20,e20_full_20260721_150753,2026-07-21T15:19:02.872444+00:00,qft_6,QFT,6,21,71.0,-2.380952380952381,-238.0952380952381,11,33.0,-2.0,15,30.0,-1.0,0,30.0,0.0,0,0.0,0.0,1.0,0.613055944442749,tket,FullPeepholeOptimise,2.18.0,default,ok,46,4,experiments/e20_multi_compiler_full/run.py,cf4c43a166f171d450e24f2ab51c9325507d5960589b926a114eb25d926116c5,e761adf8efeac5c21762208c08429dd4686d16eb4cbc1582e6d4ebc809852f66,1e4c9ed3e36094a6271070b1f1ab2b30e856264476b0c22125357dc3af1d9cc7,
2.1.0,MC-E20,e20_full_20260721_150753,2026-07-21T15:19:02.902718+00:00,ghz_6,GHZ,6,6,6.0,0.0,0.0,6,6.0,0.0,5,5.0,0.0,5,5.0,0.0,0,0.0,0.0,0.9999999999999998,0.0151247978210449,qiskit,transpiler,2.4.1,3,ok,46,4,experiments/e20_multi_compiler_full/run.py,cf4c43a166f171d450e24f2ab51c9325507d5960589b926a114eb25d926116c5,df499dded1e0518f2f6266b9f0e35d3c81e6057b5ba6e6decbb0f26370e5bb03,df499dded1e0518f2f6266b9f0e35d3c81e6057b5ba6e6decbb0f26370e5bb03,
2.1.0,MC-E20,e20_full_20260721_150753,2026-07-21T15:19:03.046770+00:00,ghz_6,GHZ,6,6,7.0,-0.1666666666666667,-16.666666666666675,6,7.0,-0.1666666666666667,5,5.0,0.0,5,5.0,0.0,0,0.0,0.0,0.9999999999999998,0.1440517902374267,cirq,optimize_for_target_gateset+eject_z+merge_1q,1.6.1,default,ok,46,4,experiments/e20_multi_compiler_full/run.py,cf4c43a166f171d450e24f2ab51c9325507d5960589b926a114eb25d926116c5,df499dded1e0518f2f6266b9f0e35d3c81e6057b5ba6e6decbb0f26370e5bb03,d4f49c1b8be62a61d262e49773b9cb5ffaafaba57cb3618d0cc608c10726c170,
2.1.0,MC-E20,e20_full_20260721_150753,2026-07-21T15:19:03.181325+00:00,ghz_6,GHZ,6,6,6.0,0.0,0.0,6,6.0,0.0,5,5.0,0.0,5,5.0,0.0,0,0.0,0.0,1.0,0.1306269168853759,tket,FullPeepholeOptimise,2.18.0,default,ok,46,4,experiments/e20_multi_compiler_full/run.py,cf4c43a166f171d450e24f2ab51c9325507d5960589b926a114eb25d926116c5,df499dded1e0518f2f6266b9f0e35d3c81e6057b5ba6e6decbb0f26370e5bb03,f5606110b4c9de2d9c41d6892ae7b8cd5a5d8a4dec34af69160c119d936ae28b,
2.1.0,MC-E20,e20_full_20260721_150753,2026-07-21T15:19:03.211444+00:00,cnot_chain_6,CNOT,6,40,0.0,1.0,100.0,22,0.0,1.0,40,0.0,1.0,40,0.0,1.0,0,0.0,0.0,1.0,0.0,qiskit,transpiler,2.4.1,3,ok,46,4,experiments/e20_multi_compiler_full/run.py,cf4c43a166f171d450e24f2ab51c9325507d5960589b926a114eb25d926116c5,a9cbe813352eb8bbddbb6de7feecde853f066b5cf29e96a7a2f84a6cd354761a,995ca4ef9eaba10dd58f1ab322947f30c40e0f095185660849ca98aed2848347,
2.1.0,MC-E20,e20_full_20260721_150753,2026-07-21T15:19:03.251190+00:00,cnot_chain_6,CNOT,6,40,40.0,0.0,0.0,22,22.0,0.0,40,40.0,0.0,40,40.0,0.0,0,0.0,0.0,1.0,0.0290234088897705,cirq,optimize_for_target_gateset+eject_z+merge_1q,1.6.1,default,ok,46,4,experiments/e20_multi_compiler_full/run.py,cf4c43a166f171d450e24f2ab51c9325507d5960589b926a114eb25d926116c5,a9cbe813352eb8bbddbb6de7feecde853f066b5cf29e96a7a2f84a6cd354761a,2e9e1aace549c82c9407f34f36831517d192135307006f6b9830a803c04a3dc1,
2.1.0,MC-E20,e20_full_20260721_150753,2026-07-21T15:19:03.261239+00:00,cnot_chain_6,CNOT,6,40,0.0,1.0,100.0,22,0.0,1.0,40,0.0,1.0,40,0.0,1.0,0,0.0,0.0,1.0,0.0,tket,FullPeepholeOptimise,2.18.0,default,ok,46,4,experiments/e20_multi_compiler_full/run.py,cf4c43a166f171d450e24f2ab51c9325507d5960589b926a114eb25d926116c5,a9cbe813352eb8bbddbb6de7feecde853f066b5cf29e96a7a2f84a6cd354761a,995ca4ef9eaba10dd58f1ab322947f30c40e0f095185660849ca98aed2848347,
2.1.0,MC-E20,e20_full_20260721_150753,2026-07-21T15:19:03.287572+00:00,bv_6,Oracle,7,20,14.0,0.3,30.000000000000004,8,6.0,0.25,4,4.0,0.0,4,4.0,0.0,0,0.0,0.0,0.9999999999999962,0.0,qiskit,transpiler,2.4.1,3,ok,46,4,experiments/e20_multi_compiler_full/run.py,cf4c43a166f171d450e24f2ab51c9325507d5960589b926a114eb25d926116c5,c34cc0fd3135a3cfe1299fa741a94744c16b14b6a16915485b948cd686c10bb4,10181e3c7794c6cef7a7b961cf78c62c878dfe41e1c5025489accd97268df303,
2.1.0,MC-E20,e20_full_20260721_150753,2026-07-21T15:19:03.311785+00:00,bv_6,Oracle,7,20,22.0,-0.1,-10.000000000000009,8,8.0,0.0,4,4.0,0.0,4,4.0,0.0,0,0.0,0.0,,0.0222058296203613,cirq,optimize_for_target_gateset+eject_z+merge_1q,1.6.1,default,ok,46,4,experiments/e20_multi_compiler_full/run.py,cf4c43a166f171d450e24f2ab51c9325507d5960589b926a114eb25d926116c5,c34cc0fd3135a3cfe1299fa741a94744c16b14b6a16915485b948cd686c10bb4,c3cbf1cfb441bf8a617879ba4dec3460b8b34a0d612d508d668f9c7e43e53023,
2.1.0,MC-E20,e20_full_20260721_150753,2026-07-21T15:19:03.511546+00:00,qaoa_line_6,QAOA,6,48,48.0,0.0,0.0,24,24.0,0.0,20,20.0,0.0,20,20.0,0.0,0,0.0,0.0,1.0,0.0,qiskit,transpiler,2.4.1,3,ok,46,4,experiments/e20_multi_compiler_full/run.py,cf4c43a166f171d450e24f2ab51c9325507d5960589b926a114eb25d926116c5,7f685a2fc4889d3e2c53c2e9d4e9143a648398c1eca4f617758361423502d4ae,7f685a2fc4889d3e2c53c2e9d4e9143a648398c1eca4f617758361423502d4ae,
2.1.0,MC-E20,e20_full_20260721_150753,2026-07-21T15:19:03.576233+00:00,qaoa_line_6,QAOA,6,48,54.0,-0.125,-12.5,24,25.0,-0.0416666666666667,20,20.0,0.0,20,20.0,0.0,0,0.0,0.0,1.0,0.0473158359527587,cirq,optimize_for_target_gateset+eject_z+merge_1q,1.6.1,default,ok,46,4,experiments/e20_multi_compiler_full/run.py,cf4c43a166f171d450e24f2ab51c9325507d5960589b926a114eb25d926116c5,7f685a2fc4889d3e2c53c2e9d4e9143a648398c1eca4f617758361423502d4ae,1502795a36fb845557eea15cd065def6206921350766d0b65d92023f0080997c,
2.1.0,MC-E20,e20_full_20260721_150753,2026-07-21T15:19:04.090209+00:00,qaoa_line_6,QAOA,6,48,46.0,0.0416666666666666,4.166666666666663,24,24.0,0.0,20,20.0,0.0,20,20.0,0.0,0,0.0,0.0,1.0000000000000004,0.4972448348999023,tket,FullPeepholeOptimise,2.18.0,default,ok,46,4,experiments/e20_multi_compiler_full/run.py,cf4c43a166f171d450e24f2ab51c9325507d5960589b926a114eb25d926116c5,7f685a2fc4889d3e2c53c2e9d4e9143a648398c1eca4f617758361423502d4ae,2f0c7b101d63b2e067ace8168ed541e921b342ef9e80ec3dc15f6eb5fe1b2625,
2.1.0,MC-E20,e20_full_20260721_150753,2026-07-21T15:19:04.107496+00:00,vqe_twolocal_6,VQE,6,46,28.0,0.3913043478260869,39.13043478260869,13,10.0,0.2307692307692307,10,10.0,0.0,10,10.0,0.0,0,0.0,0.0,1.0000000000000009,0.0162508487701416,qiskit,transpiler,2.4.1,3,ok,46,4,experiments/e20_multi_compiler_full/run.py,cf4c43a166f171d450e24f2ab51c9325507d5960589b926a114eb25d926116c5,d5e0fc59eb39f0074f09db4d0f556429f8d268af8338f645db3bafbb51e6d697,d42e68b87aabe82604e9db1340a2f63a600631e1443ac8c591fd6028f8771ce2,
2.1.0,MC-E20,e20_full_20260721_150753,2026-07-21T15:19:04.171637+00:00,vqe_twolocal_6,VQE,6,46,46.0,0.0,0.0,13,13.0,0.0,10,10.0,0.0,10,10.0,0.0,0,0.0,0.0,1.0,0.0379769802093505,cirq,optimize_for_target_gateset+eject_z+merge_1q,1.6.1,default,ok,46,4,experiments/e20_multi_compiler_full/run.py,cf4c43a166f171d450e24f2ab51c9325507d5960589b926a114eb25d926116c5,d5e0fc59eb39f0074f09db4d0f556429f8d268af8338f645db3bafbb51e6d697,51399a2f817f68d54b7186a479005223bb1df4c6921598fb8a159f64acfddfd1,
2.1.0,MC-E20,e20_full_20260721_150753,2026-07-21T15:19:04.610159+00:00,vqe_twolocal_6,VQE,6,46,28.0,0.3913043478260869,39.13043478260869,13,10.0,0.2307692307692307,10,10.0,0.0,10,10.0,0.0,0,0.0,0.0,1.0,0.4385223388671875,tket,FullPeepholeOptimise,2.18.0,default,ok,46,4,experiments/e20_multi_compiler_full/run.py,cf4c43a166f171d450e24f2ab51c9325507d5960589b926a114eb25d926116c5,d5e0fc59eb39f0074f09db4d0f556429f8d268af8338f645db3bafbb51e6d697,46881112aabb9293af6e8d4ba1022e80a00fdc87422f8529e4c04675e6f64147,
2.1.0,MC-E20,e20_full_20260721_150753,2026-07-21T15:19:04.657320+00:00,hardware_eff_6,HardwareEfficient,6,34,22.0,0.3529411764705882,35.29411764705882,8,6.0,0.25,10,10.0,0.0,10,10.0,0.0,0,0.0,0.0,1.0,0.0094523429870605,qiskit,transpiler,2.4.1,3,ok,46,4,experiments/e20_multi_compiler_full/run.py,cf4c43a166f171d450e24f2ab51c9325507d5960589b926a114eb25d926116c5,48ce8ffadb440ba55a20fdc8b5040a978e100e3651eeed0d420034c1fb5e77d4,41deb6478f4ebaec960646d220afd617cbf13f1b63f67258d6ad8cdf0926222b,
2.1.0,MC-E20,e20_full_20260721_150753,2026-07-21T15:19:04.692647+00:00,hardware_eff_6,HardwareEfficient,6,34,34.0,0.0,0.0,8,8.0,0.0,10,10.0,0.0,10,10.0,0.0,0,0.0,0.0,1.0,0.0292556285858154,cirq,optimize_for_target_gateset+eject_z+merge_1q,1.6.1,default,ok,46,4,experiments/e20_multi_compiler_full/run.py,cf4c43a166f171d450e24f2ab51c9325507d5960589b926a114eb25d926116c5,48ce8ffadb440ba55a20fdc8b5040a978e100e3651eeed0d420034c1fb5e77d4,1efa9f8fac7e3adc8b552ee7e085c4d7629b12bce4b347626f1f641356a188b9,
2.1.0,MC-E20,e20_full_20260721_150753,2026-07-21T15:19:05.073116+00:00,hardware_eff_6,HardwareEfficient,6,34,22.0,0.3529411764705882,35.29411764705882,8,6.0,0.25,10,10.0,0.0,10,10.0,0.0,0,0.0,0.0,1.0,0.3650300502777099,tket,FullPeepholeOptimise,2.18.0,default,ok,46,4,experiments/e20_multi_compiler_full/run.py,cf4c43a166f171d450e24f2ab51c9325507d5960589b926a114eb25d926116c5,48ce8ffadb440ba55a20fdc8b5040a978e100e3651eeed0d420034c1fb5e77d4,a24146e44cba9baff969ecc5c27e9815728082cd0fc6acbb2e7bdfddc906cf00,
2.1.0,MC-E20,e20_full_20260721_150753,2026-07-21T15:19:05.187614+00:00,grover_6,Grover,6,44,20.0,0.5454545454545454,54.54545454545454,13,5.0,0.6153846153846154,0,0.0,0.0,0,0.0,0.0,0,0.0,0.0,0.9999999999999588,0.0154402256011962,qiskit,transpiler,2.4.1,3,ok,46,4,experiments/e20_multi_compiler_full/run.py,cf4c43a166f171d450e24f2ab51c9325507d5960589b926a114eb25d926116c5,1411e4a1cd14f8179124d507c1fc845ba1c6987a4989ac2b0ab34fa78bd73521,9ae79d0c06401db4cdd23b94f2f2aca70786c871a7111e907617c33db1ec1e85,"Single Grover iteration, random marked state"
2.1.0,MC-E20,e20_full_20260721_150753,2026-07-21T15:19:05.371960+00:00,grover_6,Grover,6,44,,,,13,,,0,,,0,,,0,,,,0.1843464374542236,cirq,optimize_for_target_gateset+eject_z+merge_1q,1.6.1,default,"error: ""<input>:248,0: 'sx' is not defined in this scope""",46,4,experiments/e20_multi_compiler_full/run.py,cf4c43a166f171d450e24f2ab51c9325507d5960589b926a114eb25d926116c5,1411e4a1cd14f8179124d507c1fc845ba1c6987a4989ac2b0ab34fa78bd73521,none,"Single Grover iteration, random marked state"
2.1.0,MC-E20,e20_full_20260721_150753,2026-07-21T15:19:08.708817+00:00,grover_6,Grover,6,44,344.0,-6.818181818181818,-681.8181818181819,13,233.0,-16.923076923076923,0,160.0,0.0,0,160.0,0.0,0,0.0,0.0,0.999999999999982,3.2406437397003174,tket,FullPeepholeOptimise,2.18.0,default,ok,46,4,experiments/e20_multi_compiler_full/run.py,cf4c43a166f171d450e24f2ab51c9325507d5960589b926a114eb25d926116c5,1411e4a1cd14f8179124d507c1fc845ba1c6987a4989ac2b0ab34fa78bd73521,d8d05bac0eb5634121c0e3d34a105d39df766640c4cda12f9868906311e1c5a9,"Single Grover iteration, random marked state"
2.1.0,MC-E20,e20_full_20260721_150753,2026-07-21T15:19:08.731823+00:00,adder_6,Adder,7,11,11.0,0.0,0.0,7,7.0,0.0,4,4.0,0.0,4,4.0,0.0,0,0.0,0.0,1.0,0.0,qiskit,transpiler,2.4.1,3,ok,46,4,experiments/e20_multi_compiler_full/run.py,cf4c43a166f171d450e24f2ab51c9325507d5960589b926a114eb25d926116c5,a175069321f6c700bbb75fa1b9b60889b398a2b0054aa6db7074c0e3e7ed9ec9,dd7724fc65c04c54bca9b9432c3ea7dba77be217f47faff4b50f265dec0f0e77,"Ripple-carry adder, random inputs"
2.1.0,MC-E20,e20_full_20260721_150753,2026-07-21T15:19:08.765924+00:00,adder_6,Adder,7,11,11.0,0.0,0.0,7,7.0,0.0,4,4.0,0.0,4,4.0,0.0,0,0.0,0.0,1.0,0.0250658988952636,cirq,optimize_for_target_gateset+eject_z+merge_1q,1.6.1,default,ok,46,4,experiments/e20_multi_compiler_full/run.py,cf4c43a166f171d450e24f2ab51c9325507d5960589b926a114eb25d926116c5,a175069321f6c700bbb75fa1b9b60889b398a2b0054aa6db7074c0e3e7ed9ec9,ef76618e09fd72d1c1fdd52401ef98276f67e8b37fdb60378ffed17f872895f2,"Ripple-carry adder, random inputs"
2.1.0,MC-E20,e20_full_20260721_150753,2026-07-21T15:19:10.965169+00:00,qwalk_6,QuantumWalk,7,82,2300.0,-27.04878048780488,-2704.8780487804875,47,1695.0,-35.06382978723404,6,990.0,-164.0,6,990.0,-164.0,0,305.0,0.0,0.9999999999997894,0.0327303409576416,qiskit,transpiler,2.4.1,3,ok,46,4,experiments/e20_multi_compiler_full/run.py,cf4c43a166f171d450e24f2ab51c9325507d5960589b926a114eb25d926116c5,6e4c7306156a78e5fa2e5b403013bdfedd8f4a88165408f9209f27ad592df37e,06fa02e8e7df73118e7cec7662655d9ddadef06cd4df802f355aade40b88f552,"DTQW on cycle, 3 steps"
2.1.0,MC-E20,e20_full_20260721_150753,2026-07-21T15:19:12.803205+00:00,qwalk_6,QuantumWalk,7,82,,,,47,,,6,,,6,,,0,,,,1.838036060333252,cirq,optimize_for_target_gateset+eject_z+merge_1q,1.6.1,default,"error: ""<input>:375,0: 'sx' is not defined in this scope""",46,4,experiments/e20_multi_compiler_full/run.py,cf4c43a166f171d450e24f2ab51c9325507d5960589b926a114eb25d926116c5,6e4c7306156a78e5fa2e5b403013bdfedd8f4a88165408f9209f27ad592df37e,none,"DTQW on cycle, 3 steps"
2.1.0,MC-E20,e20_full_20260721_150753,2026-07-21T15:19:46.831428+00:00,iqp_6,IQP,6,33,12.0,0.6363636363636364,63.63636363636363,10,3.0,0.7,8,2.0,0.75,0,0.0,0.0,0,0.0,0.0,0.9999999999999964,0.0148265361785888,qiskit,transpiler,2.4.1,3,ok,46,4,experiments/e20_multi_compiler_full/run.py,cf4c43a166f171d450e24f2ab51c9325507d5960589b926a114eb25d926116c5,dd145884bf8dab1ba04a54aa9f77fb009e213ce54f27284c574133441fa96de8,f671eca248715b19aeab7e6158bdb0ee003f213552f92af5f0437c7cd03ffa6f,"IQP circuit, 3 diagonal layers"
2.1.0,MC-E20,e20_full_20260721_150753,2026-07-21T15:19:46.876187+00:00,iqp_6,IQP,6,33,31.0,0.0606060606060605,6.060606060606055,10,9.0,0.0999999999999999,8,8.0,0.0,0,0.0,0.0,0,4.0,0.0,0.999999999999996,0.0388369560241699,cirq,optimize_for_target_gateset+eject_z+merge_1q,1.6.1,default,ok,46,4,experiments/e20_multi_compiler_full/run.py,cf4c43a166f171d450e24f2ab51c9325507d5960589b926a114eb25d926116c5,dd145884bf8dab1ba04a54aa9f77fb009e213ce54f27284c574133441fa96de8,61fb8f32e7d8ef0b76f60bec736a9151d35e0ec6dd249feec2c929e9c7a3dc49,"IQP circuit, 3 diagonal layers"
2.1.0,MC-E20,e20_full_20260721_150753,2026-07-21T15:19:46.962895+00:00,iqp_6,IQP,6,33,9.0,0.7272727272727273,72.72727272727273,10,3.0,0.7,8,2.0,0.75,0,2.0,0.0,0,0.0,0.0,0.9999999999999992,0.0867078304290771,tket,FullPeepholeOptimise,2.18.0,default,ok,46,4,experiments/e20_multi_compiler_full/run.py,cf4c43a166f171d450e24f2ab51c9325507d5960589b926a114eb25d926116c5,dd145884bf8dab1ba04a54aa9f77fb009e213ce54f27284c574133441fa96de8,007eacf47bf71bd542282965c93eaa553c9d7911cf85486a68e312e4e51bbb11,"IQP circuit, 3 diagonal layers"
2.1.0,MC-E20,e20_full_20260721_150753,2026-07-21T15:19:46.997689+00:00,clifford_6,RandomClifford,6,45,11.0,0.7555555555555555,75.55555555555556,12,4.0,0.6666666666666667,6,4.0,0.3333333333333333,6,3.0,0.5,26,2.0,0.9230769230769232,0.9999999999999998,0.0,qiskit,transpiler,2.4.1,3,ok,46,4,experiments/e20_multi_compiler_full/run.py,cf4c43a166f171d450e24f2ab51c9325507d5960589b926a114eb25d926116c5,dc1fcf27253d3948ad916c18d58b6049bb8e3fd5614ed14e3827df38e05f5a6f,4167a2d7409258fe8b193fc62e9398bc4b8884d795a596987716bb86d140dd6a,"Random Clifford, depth=10"
2.1.0,MC-E20,e20_full_20260721_150753,2026-07-21T15:19:47.046327+00:00,clifford_6,RandomClifford,6,45,25.0,0.4444444444444444,44.44444444444444,12,11.0,0.0833333333333333,6,6.0,0.0,6,6.0,0.0,26,6.0,0.7692307692307692,0.9999999999999964,0.0382993221282959,cirq,optimize_for_target_gateset+eject_z+merge_1q,1.6.1,default,ok,46,4,experiments/e20_multi_compiler_full/run.py,cf4c43a166f171d450e24f2ab51c9325507d5960589b926a114eb25d926116c5,dc1fcf27253d3948ad916c18d58b6049bb8e3fd5614ed14e3827df38e05f5a6f,0d5d44e16c304235299d403544bd00ba1c075d999db617b52821926b9a51c6c4,"Random Clifford, depth=10"
2.1.0,MC-E20,e20_full_20260721_150753,2026-07-21T15:19:47.205526+00:00,clifford_6,RandomClifford,6,45,14.0,0.6888888888888889,68.88888888888889,12,5.0,0.5833333333333333,6,4.0,0.3333333333333333,6,4.0,0.3333333333333333,26,0.0,1.0,0.2615384615384613,0.1515851020812988,tket,FullPeepholeOptimise,2.18.0,default,ok,46,4,experiments/e20_multi_compiler_full/run.py,cf4c43a166f171d450e24f2ab51c9325507d5960589b926a114eb25d926116c5,dc1fcf27253d3948ad916c18d58b6049bb8e3fd5614ed14e3827df38e05f5a6f,ff8fab489511d1eee0adeb78400dbb8291668d2bab758bd86d830f878ccb06ba,"Random Clifford, depth=10"
2.1.0,MC-E20,e20_full_20260721_150753,2026-07-21T15:19:47.235603+00:00,surface_code_6,SurfaceCode,7,8,8.0,0.0,0.0,8,8.0,0.0,6,6.0,0.0,6,6.0,0.0,0,0.0,0.0,0.9999999999999998,0.0,qiskit,transpiler,2.4.1,3,ok,46,4,experiments/e20_multi_compiler_full/run.py,cf4c43a166f171d450e24f2ab51c9325507d5960589b926a114eb25d926116c5,c79699bc553ba266feca0cc48d12346c9fa31633f6c158d26ee08f6599c9d82f,c79699bc553ba266feca0cc48d12346c9fa31633f6c158d26ee08f6599c9d82f,X-stabilizer syndrome extraction
2.1.0,MC-E20,e20_full_20260721_150753,2026-07-21T15:19:47.262326+00:00,surface_code_6,SurfaceCode,7,8,10.0,-0.25,-25.0,8,10.0,-0.25,6,6.0,0.0,6,6.0,0.0,0,0.0,0.0,0.9999999999999998,0.0185027122497558,cirq,optimize_for_target_gateset+eject_z+merge_1q,1.6.1,default,ok,46,4,experiments/e20_multi_compiler_full/run.py,cf4c43a166f171d450e24f2ab51c9325507d5960589b926a114eb25d926116c5,c79699bc553ba266feca0cc48d12346c9fa31633f6c158d26ee08f6599c9d82f,f707f0baff4c0bfd7e516741ccbddf45388633ab013a86b317bd97aea7e50cbb,X-stabilizer syndrome extraction
2.1.0,MC-E20,e20_full_20260721_150753,2026-07-21T15:19:47.507388+00:00,uccsd_6,UCCSD_inspired,6,58,44.0,0.2413793103448276,24.13793103448276,28,25.0,0.1071428571428571,29,21.0,0.2758620689655172,29,21.0,0.2758620689655172,0,0.0,0.0,1.0,0.0063879489898681,qiskit,transpiler,2.4.1,3,ok,46,4,experiments/e20_multi_compiler_full/run.py,cf4c43a166f171d450e24f2ab51c9325507d5960589b926a114eb25d926116c5,a25b9587c1d51710985770253733f71fd712b173812b9e416f26241675e0633f,0587ecfdcf697295879275d5ff07c9f859e1e4a0dd86f2aab0637c65a9bf2d58,Parameterized ansatz INSPIRED BY (not true) UCCSD; see make_parameterized_ansatz docstring. Renamed from 'UCCSD' to 'UCCSD_inspired' per review L3 to avoid false claim.
2.1.0,MC-E20,e20_full_20260721_150753,2026-07-21T15:19:47.554447+00:00,uccsd_6,UCCSD_inspired,6,58,52.0,0.1034482758620689,10.344827586206897,28,26.0,0.0714285714285714,29,29.0,0.0,29,29.0,0.0,0,0.0,0.0,1.0,0.0311551094055175,cirq,optimize_for_target_gateset+eject_z+merge_1q,1.6.1,default,ok,46,4,experiments/e20_multi_compiler_full/run.py,cf4c43a166f171d450e24f2ab51c9325507d5960589b926a114eb25d926116c5,a25b9587c1d51710985770253733f71fd712b173812b9e416f26241675e0633f,8e6fca036d6274557cfbf40974120c42c95ec3ee543145de6ff8883f233662b7,Parameterized ansatz INSPIRED BY (not true) UCCSD; see make_parameterized_ansatz docstring. Renamed from 'UCCSD' to 'UCCSD_inspired' per review L3 to avoid false claim.
2.1.0,MC-E20,e20_full_20260721_150753,2026-07-21T15:19:48.222168+00:00,uccsd_6,UCCSD_inspired,6,58,44.0,0.2413793103448276,24.13793103448276,28,25.0,0.1071428571428571,29,21.0,0.2758620689655172,29,21.0,0.2758620689655172,0,0.0,0.0,1.0000000000000004,0.6658329963684082,tket,FullPeepholeOptimise,2.18.0,default,ok,46,4,experiments/e20_multi_compiler_full/run.py,cf4c43a166f171d450e24f2ab51c9325507d5960589b926a114eb25d926116c5,a25b9587c1d51710985770253733f71fd712b173812b9e416f26241675e0633f,e2d4860d5183e297793c70495f84f3c7825594a4379906a1a5cb8568c2e2a4dd,Parameterized ansatz INSPIRED BY (not true) UCCSD; see make_parameterized_ansatz docstring. Renamed from 'UCCSD' to 'UCCSD_inspired' per review L3 to avoid false claim.
2.1.0,MC-E20,e20_full_20260721_150753,2026-07-21T15:19:48.372068+00:00,qft_8,QFT,8,36,36.0,0.0,0.0,15,15.0,0.0,28,28.0,0.0,0,0.0,0.0,0,0.0,0.0,0.9999999999999968,0.0154027938842773,qiskit,transpiler,2.4.1,3,ok,46,4,experiments/e20_multi_compiler_full/run.py,cf4c43a166f171d450e24f2ab51c9325507d5960589b926a114eb25d926116c5,b2f83603b76f95e86e3b51898d6ea360adf3a62f51aa296baf0178913d4108b2,5e235910f0329f12c7dc3b126bc0da34cd22bcb22e80d7885306046eb1f2b62c,
2.1.0,MC-E20,e20_full_20260721_150753,2026-07-21T15:19:48.433638+00:00,qft_8,QFT,8,36,,,,15,,,28,,,0,,,0,,,,0.061570405960083,cirq,optimize_for_target_gateset+eject_z+merge_1q,1.6.1,default,"error: ""<input>:17,0: 'sx' is not defined in this scope""",46,4,experiments/e20_multi_compiler_full/run.py,cf4c43a166f171d450e24f2ab51c9325507d5960589b926a114eb25d926116c5,b2f83603b76f95e86e3b51898d6ea360adf3a62f51aa296baf0178913d4108b2,none,
2.1.0,MC-E20,e20_full_20260721_150753,2026-07-21T15:19:49.879381+00:00,ghz_8,GHZ,8,8,8.0,0.0,0.0,8,8.0,0.0,7,7.0,0.0,7,7.0,0.0,0,0.0,0.0,0.9999999999999998,0.0151031017303466,qiskit,transpiler,2.4.1,3,ok,46,4,experiments/e20_multi_compiler_full/run.py,cf4c43a166f171d450e24f2ab51c9325507d5960589b926a114eb25d926116c5,587577f385cf54a3edd3cc639b3ac8cc5aa139f2ef414827515ddc7be4c12104,587577f385cf54a3edd3cc639b3ac8cc5aa139f2ef414827515ddc7be4c12104,
2.1.0,MC-E20,e20_full_20260721_150753,2026-07-21T15:19:49.929238+00:00,ghz_8,GHZ,8,8,9.0,-0.125,-12.5,8,9.0,-0.125,7,7.0,0.0,7,7.0,0.0,0,0.0,0.0,0.9999999999999998,0.0289094448089599,cirq,optimize_for_target_gateset+eject_z+merge_1q,1.6.1,default,ok,46,4,experiments/e20_multi_compiler_full/run.py,cf4c43a166f171d450e24f2ab51c9325507d5960589b926a114eb25d926116c5,587577f385cf54a3edd3cc639b3ac8cc5aa139f2ef414827515ddc7be4c12104,dbe75adbc6dcfacb0387626198005ff6d870b04cfebdd177f2b4ce6c5e698fca,
2.1.0,MC-E20,e20_full_20260721_150753,2026-07-21T15:19:50.235780+00:00,cnot_chain_8,CNOT,8,56,0.0,1.0,100.0,26,0.0,1.0,56,0.0,1.0,56,0.0,1.0,0,0.0,0.0,1.0,0.0,qiskit,transpiler,2.4.1,3,ok,46,4,experiments/e20_multi_compiler_full/run.py,cf4c43a166f171d450e24f2ab51c9325507d5960589b926a114eb25d926116c5,d3e8b51351e86caa6d8939fe0a903f48a089e7d220d46a14b52d6c94e6e43394,b9f67046a69160a09ec4f4fa9eb23036fff76352de4a4103d9d677b302f18c04,
2.1.0,MC-E20,e20_full_20260721_150753,2026-07-21T15:19:50.401202+00:00,cnot_chain_8,CNOT,8,56,56.0,0.0,0.0,26,26.0,0.0,56,56.0,0.0,56,56.0,0.0,0,0.0,0.0,1.0,0.0270705223083496,cirq,optimize_for_target_gateset+eject_z+merge_1q,1.6.1,default,ok,46,4,experiments/e20_multi_compiler_full/run.py,cf4c43a166f171d450e24f2ab51c9325507d5960589b926a114eb25d926116c5,d3e8b51351e86caa6d8939fe0a903f48a089e7d220d46a14b52d6c94e6e43394,c654c98f30db9245f47457a95bd6a7935d02799bcd4a120004fd14388af2ad0b,
2.1.0,MC-E20,e20_full_20260721_150753,2026-07-21T15:19:50.489688+00:00,bv_8,Oracle,9,25,17.0,0.3199999999999999,32.0,9,7.0,0.2222222222222222,5,5.0,0.0,5,5.0,0.0,0,0.0,0.0,,0.0080828666687011,qiskit,transpiler,2.4.1,3,ok,46,4,experiments/e20_multi_compiler_full/run.py,cf4c43a166f171d450e24f2ab51c9325507d5960589b926a114eb25d926116c5,19c5b2186c115bf922ed99c2429e9c5614e4a543342a774587c34256cc921319,afe9ad8893f66ecb8d3fead7941420416e2c1421693543e6f7727cfaf9783527,
2.1.0,MC-E20,e20_full_20260721_150753,2026-07-21T15:19:50.850223+00:00,qaoa_line_8,QAOA,8,66,66.0,0.0,0.0,30,30.0,0.0,28,28.0,0.0,28,28.0,0.0,0,0.0,0.0,1.000000000000001,0.0159814357757568,qiskit,transpiler,2.4.1,3,ok,46,4,experiments/e20_multi_compiler_full/run.py,cf4c43a166f171d450e24f2ab51c9325507d5960589b926a114eb25d926116c5,482fc3029ae6952015b626a63490b7d75c87c90e60603103850df0fd27549851,482fc3029ae6952015b626a63490b7d75c87c90e60603103850df0fd27549851,
2.1.0,MC-E20,e20_full_20260721_150753,2026-07-21T15:19:51.060117+00:00,qaoa_line_8,QAOA,8,66,74.0,-0.1212121212121211,-12.12121212121211,30,31.0,-0.0333333333333334,28,28.0,0.0,28,28.0,0.0,0,0.0,0.0,0.9999999999999992,0.0621581077575683,cirq,optimize_for_target_gateset+eject_z+merge_1q,1.6.1,default,ok,46,4,experiments/e20_multi_compiler_full/run.py,cf4c43a166f171d450e24f2ab51c9325507d5960589b926a114eb25d926116c5,482fc3029ae6952015b626a63490b7d75c87c90e60603103850df0fd27549851,4ebf48881b17984511f039261989b203ea8500c32fd55857e77be75e299995e0,
2.1.0,MC-E20,e20_full_20260721_150753,2026-07-21T15:19:52.038933+00:00,vqe_twolocal_8,VQE,8,62,38.0,0.3870967741935484,38.70967741935484,15,12.0,0.1999999999999999,14,14.0,0.0,14,14.0,0.0,0,0.0,0.0,0.9999999999999988,0.0050113201141357,qiskit,transpiler,2.4.1,3,ok,46,4,experiments/e20_multi_compiler_full/run.py,cf4c43a166f171d450e24f2ab51c9325507d5960589b926a114eb25d926116c5,546a84006513fd5b595f0575fcc9e26b33805e3fa8c05bd31a6203d2776050f2,3fe1fa5b0a36b75b0b916502d28226e6bc661bf012611c66792ec3be3805c1a3,
2.1.0,MC-E20,e20_full_20260721_150753,2026-07-21T15:19:52.224034+00:00,vqe_twolocal_8,VQE,8,62,62.0,0.0,0.0,15,15.0,0.0,14,14.0,0.0,14,14.0,0.0,0,0.0,0.0,0.9999999999999988,0.0668668746948242,cirq,optimize_for_target_gateset+eject_z+merge_1q,1.6.1,default,ok,46,4,experiments/e20_multi_compiler_full/run.py,cf4c43a166f171d450e24f2ab51c9325507d5960589b926a114eb25d926116c5,546a84006513fd5b595f0575fcc9e26b33805e3fa8c05bd31a6203d2776050f2,93ecfa87eaffebf1e00e335e18c2cab07c36c66e8e3b073cf4f736a8b39400f8,
2.1.0,MC-E20,e20_full_20260721_150753,2026-07-21T15:19:53.070992+00:00,hardware_eff_8,HardwareEfficient,8,46,30.0,0.3478260869565217,34.78260869565217,8,6.0,0.25,14,14.0,0.0,14,14.0,0.0,0,0.0,0.0,1.0,0.0220522880554199,qiskit,transpiler,2.4.1,3,ok,46,4,experiments/e20_multi_compiler_full/run.py,cf4c43a166f171d450e24f2ab51c9325507d5960589b926a114eb25d926116c5,bfa3e918792e8c94d0cc03fc82242f25b10b6227834900dcea38892bff9bc4f4,df44720947d4a11091837f345acf4beff3f6c552e2d0547137d102685359283a,
2.1.0,MC-E20,e20_full_20260721_150753,2026-07-21T15:19:53.193560+00:00,hardware_eff_8,HardwareEfficient,8,46,46.0,0.0,0.0,8,8.0,0.0,14,14.0,0.0,14,14.0,0.0,0,0.0,0.0,1.0,0.0389320850372314,cirq,optimize_for_target_gateset+eject_z+merge_1q,1.6.1,default,ok,46,4,experiments/e20_multi_compiler_full/run.py,cf4c43a166f171d450e24f2ab51c9325507d5960589b926a114eb25d926116c5,bfa3e918792e8c94d0cc03fc82242f25b10b6227834900dcea38892bff9bc4f4,9cdafe5f57680d83d4e9c0e5bd0cc9a05baee143405e8215b2a8c06b0bade945,
2.1.0,MC-E20,e20_full_20260721_150753,2026-07-21T15:19:55.956805+00:00,grover_8,Grover,8,50,798.0,-14.96,-1496.0,11,503.0,-44.72727272727273,0,360.0,0.0,0,360.0,0.0,0,102.0,0.0,0.9999999999999316,0.0247597694396972,qiskit,transpiler,2.4.1,3,ok,46,4,experiments/e20_multi_compiler_full/run.py,cf4c43a166f171d450e24f2ab51c9325507d5960589b926a114eb25d926116c5,ae74ed0ae4f581130a94271817f7feaf2fe84419eb52d905a16ae7514b689efc,f46fad29db1543c2f978a2d4891aa85192c41a6b7ef45898e1f21d4035ee3af9,"Single Grover iteration, random marked state"
2.1.0,MC-E20,e20_full_20260721_150753,2026-07-21T15:19:56.869902+00:00,grover_8,Grover,8,50,,,,11,,,0,,,0,,,0,,,,0.9130973815917968,cirq,optimize_for_target_gateset+eject_z+merge_1q,1.6.1,default,"error: ""<input>:592,0: 'sx' is not defined in this scope""",46,4,experiments/e20_multi_compiler_full/run.py,cf4c43a166f171d450e24f2ab51c9325507d5960589b926a114eb25d926116c5,ae74ed0ae4f581130a94271817f7feaf2fe84419eb52d905a16ae7514b689efc,none,"Single Grover iteration, random marked state"
2.1.0,MC-E20,e20_full_20260721_150753,2026-07-21T15:20:06.196229+00:00,adder_8,Adder,10,21,21.0,0.0,0.0,10,10.0,0.0,6,6.0,0.0,6,6.0,0.0,0,0.0,0.0,,0.0,qiskit,transpiler,2.4.1,3,ok,46,4,experiments/e20_multi_compiler_full/run.py,cf4c43a166f171d450e24f2ab51c9325507d5960589b926a114eb25d926116c5,ed6b864f6a5e45f51d006d1b32224d7177e70f63c758f5906c61ef7e5676f2fc,3108a6f20bbb6b885ee624ceda6d2f9f05290d00e5c99e2497109eb47affc47b,"Ripple-carry adder, random inputs"
2.1.0,MC-E20,e20_full_20260721_150753,2026-07-21T15:20:07.397472+00:00,qwalk_8,QuantumWalk,9,106,4551.0,-41.93396226415094,-4193.396226415094,59,3163.0,-52.61016949152543,6,1962.0,-326.0,6,1962.0,-326.0,0,539.0,0.0,,0.0712990760803222,qiskit,transpiler,2.4.1,3,ok,46,4,experiments/e20_multi_compiler_full/run.py,cf4c43a166f171d450e24f2ab51c9325507d5960589b926a114eb25d926116c5,435394b529be24960910b0b8a4b5270bf7d3928143d969dbc7f38c7fc72f6233,5cac1f8e275a1dda4dfd915c4ccabdf045200701b6e5e9bc8f7a81ae7267d961,"DTQW on cycle, 3 steps"
2.1.0,MC-E20,e20_full_20260721_150753,2026-07-21T15:21:27.620653+00:00,iqp_8,IQP,8,41,22.0,0.4634146341463414,46.34146341463414,9,6.0,0.3333333333333333,8,6.0,0.25,0,0.0,0.0,0,0.0,0.0,0.9999999999999936,0.0085730552673339,qiskit,transpiler,2.4.1,3,ok,46,4,experiments/e20_multi_compiler_full/run.py,cf4c43a166f171d450e24f2ab51c9325507d5960589b926a114eb25d926116c5,620dcf06a91c1fad2153c32f3889168adf20e07b6fd05bbfcdf4655d5823fa69,4d2ce9cd0523116a5d4e934510ff2a2cb6bec1c67a4780584d4f6c9fc5354576,"IQP circuit, 3 diagonal layers"
2.1.0,MC-E20,e20_full_20260721_150753,2026-07-21T15:21:27.735280+00:00,iqp_8,IQP,8,41,39.0,0.048780487804878,4.878048780487809,9,8.0,0.1111111111111111,8,8.0,0.0,0,0.0,0.0,0,7.0,0.0,0.9999999999999942,0.0349485874176025,cirq,optimize_for_target_gateset+eject_z+merge_1q,1.6.1,default,ok,46,4,experiments/e20_multi_compiler_full/run.py,cf4c43a166f171d450e24f2ab51c9325507d5960589b926a114eb25d926116c5,620dcf06a91c1fad2153c32f3889168adf20e07b6fd05bbfcdf4655d5823fa69,20d7cd1ab3b44821faf84db03f9056e378f8ce67771aa8e37ff6a65e31c07154,"IQP circuit, 3 diagonal layers"
2.1.0,MC-E20,e20_full_20260721_150753,2026-07-21T15:21:28.196503+00:00,clifford_8,RandomClifford,8,61,17.0,0.7213114754098361,72.1311475409836,10,5.0,0.5,4,4.0,0.0,4,4.0,0.0,31,0.0,1.0,0.9999999999999968,0.0112209320068359,qiskit,transpiler,2.4.1,3,ok,46,4,experiments/e20_multi_compiler_full/run.py,cf4c43a166f171d450e24f2ab51c9325507d5960589b926a114eb25d926116c5,d8f02e9b6a4f5c5f2ae9fd4aace609b688fee3356cfb87def3d4ce57ab21ac50,7670b2248044fa74924034d16193c28adb98a475f3d0618d0b18ef99bbcfecdb,"Random Clifford, depth=10"
2.1.0,MC-E20,e20_full_20260721_150753,2026-07-21T15:21:28.333758+00:00,clifford_8,RandomClifford,8,61,25.0,0.5901639344262295,59.01639344262295,10,7.0,0.3,4,4.0,0.0,4,4.0,0.0,31,9.0,0.7096774193548387,0.9999999999999964,0.0498368740081787,cirq,optimize_for_target_gateset+eject_z+merge_1q,1.6.1,default,ok,46,4,experiments/e20_multi_compiler_full/run.py,cf4c43a166f171d450e24f2ab51c9325507d5960589b926a114eb25d926116c5,d8f02e9b6a4f5c5f2ae9fd4aace609b688fee3356cfb87def3d4ce57ab21ac50,f2060a6f3a5d603b4cfe8f9cbc88e93a66032a7fe09e71d3c57febb53e77b0b9,"Random Clifford, depth=10"
2.1.0,MC-E20,e20_full_20260721_150753,2026-07-21T15:21:28.591951+00:00,surface_code_8,SurfaceCode,9,12,12.0,0.0,0.0,10,10.0,0.0,8,8.0,0.0,8,8.0,0.0,0,0.0,0.0,,0.013578176498413,qiskit,transpiler,2.4.1,3,ok,46,4,experiments/e20_multi_compiler_full/run.py,cf4c43a166f171d450e24f2ab51c9325507d5960589b926a114eb25d926116c5,abfcb3a54b62278f81e135a835927cb5373c385e64477d16d91c54e375388c26,abfcb3a54b62278f81e135a835927cb5373c385e64477d16d91c54e375388c26,X-stabilizer syndrome extraction
2.1.0,MC-E20,e20_full_20260721_150753,2026-07-21T15:21:29.057326+00:00,uccsd_8,UCCSD_inspired,8,73,55.0,0.2465753424657534,24.65753424657534,27,24.0,0.1111111111111111,31,25.0,0.1935483870967742,31,25.0,0.1935483870967742,0,0.0,0.0,0.9999999999999998,0.0072057247161865,qiskit,transpiler,2.4.1,3,ok,46,4,experiments/e20_multi_compiler_full/run.py,cf4c43a166f171d450e24f2ab51c9325507d5960589b926a114eb25d926116c5,8cfb6a6aac58c73e0120847c1fc0361d6d8e65daa77a1394c49d7c6fec9f7025,0229dcd56a9b148451c45d2672f8d3cfb63384c076394f2c4a6cb6fae1a24aa6,Parameterized ansatz INSPIRED BY (not true) UCCSD; see make_parameterized_ansatz docstring. Renamed from 'UCCSD' to 'UCCSD_inspired' per review L3 to avoid false claim.
2.1.0,MC-E20,e20_full_20260721_150753,2026-07-21T15:21:29.249556+00:00,uccsd_8,UCCSD_inspired,8,73,61.0,0.1643835616438356,16.43835616438356,27,24.0,0.1111111111111111,31,31.0,0.0,31,31.0,0.0,0,0.0,0.0,1.0,0.0477309226989746,cirq,optimize_for_target_gateset+eject_z+merge_1q,1.6.1,default,ok,46,4,experiments/e20_multi_compiler_full/run.py,cf4c43a166f171d450e24f2ab51c9325507d5960589b926a114eb25d926116c5,8cfb6a6aac58c73e0120847c1fc0361d6d8e65daa77a1394c49d7c6fec9f7025,ba02c81ca52535a0e7ffabd00cb9ff5ad70b2552e16776e5a4cb218fcc4749b8,Parameterized ansatz INSPIRED BY (not true) UCCSD; see make_parameterized_ansatz docstring. Renamed from 'UCCSD' to 'UCCSD_inspired' per review L3 to avoid false claim.
2.1.0,MC-E20,e20_full_20260721_150753,2026-07-21T15:21:30.382517+00:00,haar_4,HaarRandom,4,275,257.0,0.0654545454545454,6.545454545454543,189,189.0,0.0,95,95.0,0.0,95,95.0,0.0,0,0.0,0.0,0.999999999999998,0.0103356838226318,qiskit,transpiler,2.4.1,3,ok,46,4,experiments/e20_multi_compiler_full/run.py,cf4c43a166f171d450e24f2ab51c9325507d5960589b926a114eb25d926116c5,f9adb54efb1d2a9d9fb89215b80d0b6c4df6ce1534bde284478bca96de2c611f,abedb19cd1029f2cecb442bc74ea90e810b01fea916a31da1dd4c444aa609c4f,"Haar-random unitary, exact synthesis"
2.1.0,MC-E20,e20_full_20260721_150753,2026-07-21T15:21:30.650957+00:00,haar_4,HaarRandom,4,275,367.0,-0.3345454545454545,-33.454545454545446,189,238.0,-0.2592592592592593,95,95.0,0.0,95,95.0,0.0,0,16.0,0.0,0.9999999999999986,0.210965871810913,cirq,optimize_for_target_gateset+eject_z+merge_1q,1.6.1,default,ok,46,4,experiments/e20_multi_compiler_full/run.py,cf4c43a166f171d450e24f2ab51c9325507d5960589b926a114eb25d926116c5,f9adb54efb1d2a9d9fb89215b80d0b6c4df6ce1534bde284478bca96de2c611f,355adb0c8a08b6d73835ca4b14c424ae0fb7c0f0369070b53c3c6e7ea83196d0,"Haar-random unitary, exact synthesis"
2.1.0,MC-E20,e20_full_20260721_150753,2026-07-21T15:21:33.113333+00:00,haar_4,HaarRandom,4,275,257.0,0.0654545454545454,6.545454545454543,189,189.0,0.0,95,95.0,0.0,95,95.0,0.0,0,0.0,0.0,0.9999999999999992,2.4250290393829346,tket,FullPeepholeOptimise,2.18.0,default,ok,46,4,experiments/e20_multi_compiler_full/run.py,cf4c43a166f171d450e24f2ab51c9325507d5960589b926a114eb25d926116c5,f9adb54efb1d2a9d9fb89215b80d0b6c4df6ce1534bde284478bca96de2c611f,ac3d1eb7a189f32e7cb7869a1284c2e95ba80d6c5368526fad6a31aea36da09a,"Haar-random unitary, exact synthesis"
2.1.0,MC-E20,e20_full_20260721_150753,2026-07-21T15:21:33.414634+00:00,qft_4,QFT,4,10,10.0,0.0,0.0,7,7.0,0.0,6,6.0,0.0,0,0.0,0.0,0,0.0,0.0,0.9999999999999988,0.0,qiskit,transpiler,2.4.1,3,ok,47,5,experiments/e20_multi_compiler_full/run.py,cf4c43a166f171d450e24f2ab51c9325507d5960589b926a114eb25d926116c5,ec754f7e3892ee8ca405ace36ffa2cf3d8489863d2f83852f623de773dd94b1e,001408f6c8b62c5aa1e72c56729dcc2520332ae2954b17daf86162a5a4f46ac6,
2.1.0,MC-E20,e20_full_20260721_150753,2026-07-21T15:21:33.440639+00:00,qft_4,QFT,4,10,,,,7,,,6,,,0,,,0,,,,0.0260045528411865,cirq,optimize_for_target_gateset+eject_z+merge_1q,1.6.1,default,"error: ""<input>:17,0: 'sx' is not defined in this scope""",47,5,experiments/e20_multi_compiler_full/run.py,cf4c43a166f171d450e24f2ab51c9325507d5960589b926a114eb25d926116c5,ec754f7e3892ee8ca405ace36ffa2cf3d8489863d2f83852f623de773dd94b1e,none,
2.1.0,MC-E20,e20_full_20260721_150753,2026-07-21T15:21:33.681004+00:00,qft_4,QFT,4,10,31.0,-2.1,-210.0,7,19.0,-1.7142857142857144,6,12.0,-1.0,0,12.0,0.0,0,0.0,0.0,1.0,0.2403647899627685,tket,FullPeepholeOptimise,2.18.0,default,ok,47,5,experiments/e20_multi_compiler_full/run.py,cf4c43a166f171d450e24f2ab51c9325507d5960589b926a114eb25d926116c5,ec754f7e3892ee8ca405ace36ffa2cf3d8489863d2f83852f623de773dd94b1e,1c29c769144f94e13e3a392f195ebc1c6cfc77bad3bffa3aa293760f9e7c4679,
2.1.0,MC-E20,e20_full_20260721_150753,2026-07-21T15:21:33.703170+00:00,ghz_4,GHZ,4,4,4.0,0.0,0.0,4,4.0,0.0,3,3.0,0.0,3,3.0,0.0,0,0.0,0.0,0.9999999999999996,0.0054857730865478,qiskit,transpiler,2.4.1,3,ok,47,5,experiments/e20_multi_compiler_full/run.py,cf4c43a166f171d450e24f2ab51c9325507d5960589b926a114eb25d926116c5,632a65a86fd9bfab17ccedbd10b32b45490cc33030a23af0d675ad3e8ad7a445,632a65a86fd9bfab17ccedbd10b32b45490cc33030a23af0d675ad3e8ad7a445,
2.1.0,MC-E20,e20_full_20260721_150753,2026-07-21T15:21:33.718611+00:00,ghz_4,GHZ,4,4,5.0,-0.25,-25.0,4,5.0,-0.25,3,3.0,0.0,3,3.0,0.0,0,0.0,0.0,0.9999999999999996,0.0154411792755126,cirq,optimize_for_target_gateset+eject_z+merge_1q,1.6.1,default,ok,47,5,experiments/e20_multi_compiler_full/run.py,cf4c43a166f171d450e24f2ab51c9325507d5960589b926a114eb25d926116c5,632a65a86fd9bfab17ccedbd10b32b45490cc33030a23af0d675ad3e8ad7a445,06491f2cd8fd8193e00cd40c6bc0442b5ca960f1c6e319f098b23e2c3ef0bc78,
2.1.0,MC-E20,e20_full_20260721_150753,2026-07-21T15:21:33.816285+00:00,ghz_4,GHZ,4,4,4.0,0.0,0.0,4,4.0,0.0,3,3.0,0.0,3,3.0,0.0,0,0.0,0.0,1.0,0.0976741313934326,tket,FullPeepholeOptimise,2.18.0,default,ok,47,5,experiments/e20_multi_compiler_full/run.py,cf4c43a166f171d450e24f2ab51c9325507d5960589b926a114eb25d926116c5,632a65a86fd9bfab17ccedbd10b32b45490cc33030a23af0d675ad3e8ad7a445,0ca2e20394ef52eecba8c72454ae73e952a311d06ff639876717b3ceaa156322,
2.1.0,MC-E20,e20_full_20260721_150753,2026-07-21T15:21:33.844274+00:00,cnot_chain_4,CNOT,4,24,0.0,1.0,100.0,18,0.0,1.0,24,0.0,1.0,24,0.0,1.0,0,0.0,0.0,1.0,0.0060131549835205,qiskit,transpiler,2.4.1,3,ok,47,5,experiments/e20_multi_compiler_full/run.py,cf4c43a166f171d450e24f2ab51c9325507d5960589b926a114eb25d926116c5,c15ccd1efbe0b71c21464e888a978afbe6b6cf006bd895873c7d9b8e51efbaf0,80cb67051feabb1a835727fede3367602f1e692e3ec9d1d7247266c73803bd7d,
2.1.0,MC-E20,e20_full_20260721_150753,2026-07-21T15:21:33.866285+00:00,cnot_chain_4,CNOT,4,24,24.0,0.0,0.0,18,18.0,0.0,24,24.0,0.0,24,24.0,0.0,0,0.0,0.0,1.0,0.0191962718963623,cirq,optimize_for_target_gateset+eject_z+merge_1q,1.6.1,default,ok,47,5,experiments/e20_multi_compiler_full/run.py,cf4c43a166f171d450e24f2ab51c9325507d5960589b926a114eb25d926116c5,c15ccd1efbe0b71c21464e888a978afbe6b6cf006bd895873c7d9b8e51efbaf0,1c48b34ca8afe4511d74e3b454e70aaafbcd3af62f2f6f4baaa92a9c810a5a2d,
2.1.0,MC-E20,e20_full_20260721_150753,2026-07-21T15:21:33.872424+00:00,cnot_chain_4,CNOT,4,24,0.0,1.0,100.0,18,0.0,1.0,24,0.0,1.0,24,0.0,1.0,0,0.0,0.0,1.0,0.0020046234130859,tket,FullPeepholeOptimise,2.18.0,default,ok,47,5,experiments/e20_multi_compiler_full/run.py,cf4c43a166f171d450e24f2ab51c9325507d5960589b926a114eb25d926116c5,c15ccd1efbe0b71c21464e888a978afbe6b6cf006bd895873c7d9b8e51efbaf0,80cb67051feabb1a835727fede3367602f1e692e3ec9d1d7247266c73803bd7d,
2.1.0,MC-E20,e20_full_20260721_150753,2026-07-21T15:21:33.896392+00:00,bv_4,Oracle,5,14,8.0,0.4285714285714286,42.85714285714286,6,4.0,0.3333333333333333,2,2.0,0.0,2,2.0,0.0,0,0.0,0.0,0.999999999999998,0.0165753364562988,qiskit,transpiler,2.4.1,3,ok,47,5,experiments/e20_multi_compiler_full/run.py,cf4c43a166f171d450e24f2ab51c9325507d5960589b926a114eb25d926116c5,b81e1fce8a1444d85177c6bc7af38bad39960f4060e55d08611f399ee4619722,b2fca778aa1c9af1696f859bf3949cf4c9b9e57bfbf2b73eaffb599dc3c7630f,
2.1.0,MC-E20,e20_full_20260721_150753,2026-07-21T15:21:33.916882+00:00,bv_4,Oracle,5,14,12.0,0.1428571428571429,14.28571428571429,6,6.0,0.0,2,2.0,0.0,2,2.0,0.0,0,0.0,0.0,,0.0204899311065673,cirq,optimize_for_target_gateset+eject_z+merge_1q,1.6.1,default,ok,47,5,experiments/e20_multi_compiler_full/run.py,cf4c43a166f171d450e24f2ab51c9325507d5960589b926a114eb25d926116c5,b81e1fce8a1444d85177c6bc7af38bad39960f4060e55d08611f399ee4619722,0289852fbdbd05c8a99d98529fac35da4e11bf75fe22ba6ad6375fd6b5734198,
2.1.0,MC-E20,e20_full_20260721_150753,2026-07-21T15:21:34.005265+00:00,bv_4,Oracle,5,14,8.0,0.4285714285714286,42.85714285714286,6,4.0,0.3333333333333333,2,2.0,0.0,2,2.0,0.0,0,0.0,0.0,0.9999999999999988,0.0856976509094238,tket,FullPeepholeOptimise,2.18.0,default,ok,47,5,experiments/e20_multi_compiler_full/run.py,cf4c43a166f171d450e24f2ab51c9325507d5960589b926a114eb25d926116c5,b81e1fce8a1444d85177c6bc7af38bad39960f4060e55d08611f399ee4619722,5f3bf77be599afdda6de275d7883f45a2f93ba6d6ea411d807dbdc8c6e44702a,
2.1.0,MC-E20,e20_full_20260721_150753,2026-07-21T15:21:34.025392+00:00,qaoa_line_4,QAOA,4,30,30.0,0.0,0.0,18,18.0,0.0,12,12.0,0.0,12,12.0,0.0,0,0.0,0.0,1.0000000000000018,0.0080883502960205,qiskit,transpiler,2.4.1,3,ok,47,5,experiments/e20_multi_compiler_full/run.py,cf4c43a166f171d450e24f2ab51c9325507d5960589b926a114eb25d926116c5,df932ce8773e3951a4d7c01c21cd3184abd4077223fb7d4ba53ffb6c83f69066,df932ce8773e3951a4d7c01c21cd3184abd4077223fb7d4ba53ffb6c83f69066,
2.1.0,MC-E20,e20_full_20260721_150753,2026-07-21T15:21:34.070276+00:00,qaoa_line_4,QAOA,4,30,34.0,-0.1333333333333333,-13.33333333333333,18,19.0,-0.0555555555555555,12,12.0,0.0,12,12.0,0.0,0,0.0,0.0,1.0,0.0285050868988037,cirq,optimize_for_target_gateset+eject_z+merge_1q,1.6.1,default,ok,47,5,experiments/e20_multi_compiler_full/run.py,cf4c43a166f171d450e24f2ab51c9325507d5960589b926a114eb25d926116c5,df932ce8773e3951a4d7c01c21cd3184abd4077223fb7d4ba53ffb6c83f69066,54096c1ed2473d57765f094431b9ea694f6fe6ea2e044276b18bc43a582fc4de,
2.1.0,MC-E20,e20_full_20260721_150753,2026-07-21T15:21:34.353279+00:00,qaoa_line_4,QAOA,4,30,28.0,0.0666666666666666,6.666666666666665,18,18.0,0.0,12,12.0,0.0,12,12.0,0.0,0,0.0,0.0,1.000000000000001,0.276973009109497,tket,FullPeepholeOptimise,2.18.0,default,ok,47,5,experiments/e20_multi_compiler_full/run.py,cf4c43a166f171d450e24f2ab51c9325507d5960589b926a114eb25d926116c5,df932ce8773e3951a4d7c01c21cd3184abd4077223fb7d4ba53ffb6c83f69066,9e6b784fbdb3f3ab8a950965c3346e01bdec5f26e2b50fa11840191810de1b1d,
2.1.0,MC-E20,e20_full_20260721_150753,2026-07-21T15:21:34.368747+00:00,vqe_twolocal_4,VQE,4,30,18.0,0.4,40.0,11,8.0,0.2727272727272727,6,6.0,0.0,6,6.0,0.0,0,0.0,0.0,0.9999999999999992,0.0005021095275878,qiskit,transpiler,2.4.1,3,ok,47,5,experiments/e20_multi_compiler_full/run.py,cf4c43a166f171d450e24f2ab51c9325507d5960589b926a114eb25d926116c5,6ff912e73cf3bb0b7d9782387d5c90084b1deb1f5f96ae7b24c587de7da69827,3c2c958382b8dcb298d04be2aaa04ab62752a7b2c5d496fe85f1e0ecfcf3b76a,
2.1.0,MC-E20,e20_full_20260721_150753,2026-07-21T15:21:34.419006+00:00,vqe_twolocal_4,VQE,4,30,30.0,0.0,0.0,11,11.0,0.0,6,6.0,0.0,6,6.0,0.0,0,0.0,0.0,0.9999999999999996,0.0455696582794189,cirq,optimize_for_target_gateset+eject_z+merge_1q,1.6.1,default,ok,47,5,experiments/e20_multi_compiler_full/run.py,cf4c43a166f171d450e24f2ab51c9325507d5960589b926a114eb25d926116c5,6ff912e73cf3bb0b7d9782387d5c90084b1deb1f5f96ae7b24c587de7da69827,77bdcf7bd2caecadae44dd222b9fb7f9610f5866d9932fd169ab2ea453fd635d,
2.1.0,MC-E20,e20_full_20260721_150753,2026-07-21T15:21:34.669297+00:00,vqe_twolocal_4,VQE,4,30,18.0,0.4,40.0,11,8.0,0.2727272727272727,6,6.0,0.0,6,6.0,0.0,0,0.0,0.0,0.9999999999999998,0.2428507804870605,tket,FullPeepholeOptimise,2.18.0,default,ok,47,5,experiments/e20_multi_compiler_full/run.py,cf4c43a166f171d450e24f2ab51c9325507d5960589b926a114eb25d926116c5,6ff912e73cf3bb0b7d9782387d5c90084b1deb1f5f96ae7b24c587de7da69827,7e4d444da974cd1bf2610d924434011f39ae3a59d7e6c478cad864b374c52d34,
2.1.0,MC-E20,e20_full_20260721_150753,2026-07-21T15:21:34.696271+00:00,hardware_eff_4,HardwareEfficient,4,22,14.0,0.3636363636363636,36.36363636363637,8,6.0,0.25,6,6.0,0.0,6,6.0,0.0,0,0.0,0.0,1.0000000000000009,0.0162286758422851,qiskit,transpiler,2.4.1,3,ok,47,5,experiments/e20_multi_compiler_full/run.py,cf4c43a166f171d450e24f2ab51c9325507d5960589b926a114eb25d926116c5,e18b466c53bd76dee6e7c99737544ff729459112ed5583615c63b6f0e7f89f99,c5c8f59076c0af90326846bc2f8aa6d05301399c4ce5153f20e3fb8c74abf6b1,
2.1.0,MC-E20,e20_full_20260721_150753,2026-07-21T15:21:34.722165+00:00,hardware_eff_4,HardwareEfficient,4,22,22.0,0.0,0.0,8,8.0,0.0,6,6.0,0.0,6,6.0,0.0,0,0.0,0.0,1.0,0.0096766948699951,cirq,optimize_for_target_gateset+eject_z+merge_1q,1.6.1,default,ok,47,5,experiments/e20_multi_compiler_full/run.py,cf4c43a166f171d450e24f2ab51c9325507d5960589b926a114eb25d926116c5,e18b466c53bd76dee6e7c99737544ff729459112ed5583615c63b6f0e7f89f99,d1152c986d88a235794a1cfda189eb9490ea3d2edb80e7ab430244045b3b2437,
2.1.0,MC-E20,e20_full_20260721_150753,2026-07-21T15:21:34.941930+00:00,hardware_eff_4,HardwareEfficient,4,22,14.0,0.3636363636363636,36.36363636363637,8,6.0,0.25,6,6.0,0.0,6,6.0,0.0,0,0.0,0.0,1.0,0.2144093513488769,tket,FullPeepholeOptimise,2.18.0,default,ok,47,5,experiments/e20_multi_compiler_full/run.py,cf4c43a166f171d450e24f2ab51c9325507d5960589b926a114eb25d926116c5,e18b466c53bd76dee6e7c99737544ff729459112ed5583615c63b6f0e7f89f99,4db2cbcb16a459ce70018cb380e9999f1b913f220d373c03558c249409d4048d,
2.1.0,MC-E20,e20_full_20260721_150753,2026-07-21T15:21:34.967292+00:00,grover_4,Grover,4,26,62.0,-1.3846153846153846,-138.46153846153845,11,53.0,-3.8181818181818175,0,28.0,0.0,0,28.0,0.0,0,0.0,0.0,0.999999999999994,0.0111148357391357,qiskit,transpiler,2.4.1,3,ok,47,5,experiments/e20_multi_compiler_full/run.py,cf4c43a166f171d450e24f2ab51c9325507d5960589b926a114eb25d926116c5,4fc984c9fc66dcb6b9dc0fdd66788f8b980e178607adfe44a28f04863de6ebdc,cf11fc1e3ffc81d278ea20c83e7efd431de8b254ac6ffd312cfeb31a7ffcbc5d,"Single Grover iteration, random marked state"
2.1.0,MC-E20,e20_full_20260721_150753,2026-07-21T15:21:35.027212+00:00,grover_4,Grover,4,26,76.0,-1.923076923076923,-192.3076923076923,11,57.0,-4.181818181818182,0,28.0,0.0,0,28.0,0.0,0,0.0,0.0,0.9999999999999928,0.0447745323181152,cirq,optimize_for_target_gateset+eject_z+merge_1q,1.6.1,default,ok,47,5,experiments/e20_multi_compiler_full/run.py,cf4c43a166f171d450e24f2ab51c9325507d5960589b926a114eb25d926116c5,4fc984c9fc66dcb6b9dc0fdd66788f8b980e178607adfe44a28f04863de6ebdc,3b32dc439ee5e8528e2d7ba35ad7b0ab228b586e38952b1ab788de03d691cf0e,"Single Grover iteration, random marked state"
2.1.0,MC-E20,e20_full_20260721_150753,2026-07-21T15:21:35.739271+00:00,grover_4,Grover,4,26,64.0,-1.4615384615384617,-146.15384615384616,11,55.0,-4.0,0,28.0,0.0,0,28.0,0.0,0,0.0,0.0,0.9999999999999962,0.6965758800506592,tket,FullPeepholeOptimise,2.18.0,default,ok,47,5,experiments/e20_multi_compiler_full/run.py,cf4c43a166f171d450e24f2ab51c9325507d5960589b926a114eb25d926116c5,4fc984c9fc66dcb6b9dc0fdd66788f8b980e178607adfe44a28f04863de6ebdc,2243db2dd1191bae400897b781a072c3842c6cb2daf363f6d5cf1c6bcb36e65a,"Single Grover iteration, random marked state"
2.1.0,MC-E20,e20_full_20260721_150753,2026-07-21T15:21:35.764466+00:00,adder_4,Adder,4,6,6.0,0.0,0.0,6,6.0,0.0,2,2.0,0.0,2,2.0,0.0,0,0.0,0.0,1.0,0.018010139465332,qiskit,transpiler,2.4.1,3,ok,47,5,experiments/e20_multi_compiler_full/run.py,cf4c43a166f171d450e24f2ab51c9325507d5960589b926a114eb25d926116c5,376ceef4983731f7550ead348027cf64df326a3131ced4b5445918208feab683,376ceef4983731f7550ead348027cf64df326a3131ced4b5445918208feab683,"Ripple-carry adder, random inputs"
2.1.0,MC-E20,e20_full_20260721_150753,2026-07-21T15:21:35.782500+00:00,adder_4,Adder,4,6,6.0,0.0,0.0,6,6.0,0.0,2,2.0,0.0,2,2.0,0.0,0,0.0,0.0,1.0,0.0,cirq,optimize_for_target_gateset+eject_z+merge_1q,1.6.1,default,ok,47,5,experiments/e20_multi_compiler_full/run.py,cf4c43a166f171d450e24f2ab51c9325507d5960589b926a114eb25d926116c5,376ceef4983731f7550ead348027cf64df326a3131ced4b5445918208feab683,3eb3c8d4cae0570b20d032fc5fffcaff08d8e62e27847ba2bc7c5b69a9642b6a,"Ripple-carry adder, random inputs"
2.1.0,MC-E20,e20_full_20260721_150753,2026-07-21T15:21:36.084876+00:00,adder_4,Adder,4,6,38.0,-5.333333333333333,-533.3333333333333,6,29.0,-3.833333333333333,2,18.0,-8.0,2,18.0,-8.0,0,0.0,0.0,1.0000000000000009,0.3023762702941894,tket,FullPeepholeOptimise,2.18.0,default,ok,47,5,experiments/e20_multi_compiler_full/run.py,cf4c43a166f171d450e24f2ab51c9325507d5960589b926a114eb25d926116c5,376ceef4983731f7550ead348027cf64df326a3131ced4b5445918208feab683,08c52da0df20a0891132625e6a1f0e3318f2a8b67be15a2e2e1ee662c829b77c,"Ripple-carry adder, random inputs"
2.1.0,MC-E20,e20_full_20260721_150753,2026-07-21T15:21:36.217442+00:00,qwalk_4,QuantumWalk,5,58,453.0,-6.810344827586207,-681.0344827586207,35,387.0,-10.057142857142855,6,252.0,-41.0,6,198.0,-32.0,0,36.0,0.0,0.99999999999995,0.0152499675750732,qiskit,transpiler,2.4.1,3,ok,47,5,experiments/e20_multi_compiler_full/run.py,cf4c43a166f171d450e24f2ab51c9325507d5960589b926a114eb25d926116c5,a3a99de6a571b9f2e6d26ef428800e2fcc9d4ecf9dc6e6ed7ab76e689fbde78e,1317011770ab71be30b656deec2878b22dc1c000e22a109ba9143d383555242d,"DTQW on cycle, 3 steps"
2.1.0,MC-E20,e20_full_20260721_150753,2026-07-21T15:21:36.724404+00:00,qwalk_4,QuantumWalk,5,58,,,,35,,,6,,,6,,,0,,,,0.5069613456726074,cirq,optimize_for_target_gateset+eject_z+merge_1q,1.6.1,default,"error: ""<input>:27,0: 'sx' is not defined in this scope""",47,5,experiments/e20_multi_compiler_full/run.py,cf4c43a166f171d450e24f2ab51c9325507d5960589b926a114eb25d926116c5,a3a99de6a571b9f2e6d26ef428800e2fcc9d4ecf9dc6e6ed7ab76e689fbde78e,none,"DTQW on cycle, 3 steps"
2.1.0,MC-E20,e20_full_20260721_150753,2026-07-21T15:21:44.418810+00:00,qwalk_4,QuantumWalk,5,58,686.0,-10.827586206896552,-1082.7586206896551,35,534.0,-14.257142857142858,6,330.0,-54.0,6,330.0,-54.0,0,0.0,0.0,0.9999999999999712,7.576115369796753,tket,FullPeepholeOptimise,2.18.0,default,ok,47,5,experiments/e20_multi_compiler_full/run.py,cf4c43a166f171d450e24f2ab51c9325507d5960589b926a114eb25d926116c5,a3a99de6a571b9f2e6d26ef428800e2fcc9d4ecf9dc6e6ed7ab76e689fbde78e,c60efbc87dbdeba0c2f950e572c42650e8574cbfbaf879aa48018c053b2d9058,"DTQW on cycle, 3 steps"
2.1.0,MC-E20,e20_full_20260721_150753,2026-07-21T15:21:44.441394+00:00,iqp_4,IQP,4,19,9.0,0.5263157894736843,52.63157894736843,7,4.0,0.4285714285714286,2,2.0,0.0,0,0.0,0.0,0,0.0,0.0,0.9999999999999984,0.0,qiskit,transpiler,2.4.1,3,ok,47,5,experiments/e20_multi_compiler_full/run.py,cf4c43a166f171d450e24f2ab51c9325507d5960589b926a114eb25d926116c5,5d4c4d90fe4bd13c63d56fcf56261d614249fe9e15261019ca9fc5db7b11959a,252b8aa033210a638407778039380fca25530965de1b8d63927fcdf5a8775284,"IQP circuit, 3 diagonal layers"
2.1.0,MC-E20,e20_full_20260721_150753,2026-07-21T15:21:44.461851+00:00,iqp_4,IQP,4,19,13.0,0.3157894736842105,31.57894736842105,7,6.0,0.1428571428571429,2,2.0,0.0,0,0.0,0.0,0,1.0,0.0,0.9999999999999988,0.0204577445983886,cirq,optimize_for_target_gateset+eject_z+merge_1q,1.6.1,default,ok,47,5,experiments/e20_multi_compiler_full/run.py,cf4c43a166f171d450e24f2ab51c9325507d5960589b926a114eb25d926116c5,5d4c4d90fe4bd13c63d56fcf56261d614249fe9e15261019ca9fc5db7b11959a,ffe2e94a51783ca60101f225a931f438e9d83754f85517ec22bc30dac9fecfa5,"IQP circuit, 3 diagonal layers"
2.1.0,MC-E20,e20_full_20260721_150753,2026-07-21T15:21:44.583602+00:00,iqp_4,IQP,4,19,9.0,0.5263157894736843,52.63157894736843,7,5.0,0.2857142857142857,2,2.0,0.0,0,2.0,0.0,0,0.0,0.0,1.0,0.1217508316040039,tket,FullPeepholeOptimise,2.18.0,default,ok,47,5,experiments/e20_multi_compiler_full/run.py,cf4c43a166f171d450e24f2ab51c9325507d5960589b926a114eb25d926116c5,5d4c4d90fe4bd13c63d56fcf56261d614249fe9e15261019ca9fc5db7b11959a,19d458147ab94f37797c68e05e781b99897d90d9e262b8be3ef0163541a79494,"IQP circuit, 3 diagonal layers"
2.1.0,MC-E20,e20_full_20260721_150753,2026-07-21T15:21:44.609563+00:00,clifford_4,RandomClifford,4,33,10.0,0.696969696969697,69.6969696969697,13,6.0,0.5384615384615384,6,4.0,0.3333333333333333,6,2.0,0.6666666666666667,16,2.0,0.875,1.0,0.0,qiskit,transpiler,2.4.1,3,ok,47,5,experiments/e20_multi_compiler_full/run.py,cf4c43a166f171d450e24f2ab51c9325507d5960589b926a114eb25d926116c5,8d9018749bad67eeed7c374fbfebb1219ef1ee12ba5f6ddee84b262ad0b14e2e,3b150815c39e4cb60f234472076f9fa3fc84b9fadebe10f75fd29c204fde131a,"Random Clifford, depth=10"
2.1.0,MC-E20,e20_full_20260721_150753,2026-07-21T15:21:44.642268+00:00,clifford_4,RandomClifford,4,33,23.0,0.303030303030303,30.303030303030297,13,12.0,0.0769230769230768,6,6.0,0.0,6,6.0,0.0,16,7.0,0.5625,0.9999999999999976,0.0274667739868164,cirq,optimize_for_target_gateset+eject_z+merge_1q,1.6.1,default,ok,47,5,experiments/e20_multi_compiler_full/run.py,cf4c43a166f171d450e24f2ab51c9325507d5960589b926a114eb25d926116c5,8d9018749bad67eeed7c374fbfebb1219ef1ee12ba5f6ddee84b262ad0b14e2e,717e88f7f15df08ffe3a468b2d6b414099cc0d733d611889053abcaa936764d0,"Random Clifford, depth=10"
2.1.0,MC-E20,e20_full_20260721_150753,2026-07-21T15:21:44.783973+00:00,clifford_4,RandomClifford,4,33,12.0,0.6363636363636364,63.63636363636363,13,5.0,0.6153846153846154,6,4.0,0.3333333333333333,6,4.0,0.3333333333333333,16,0.0,1.0,0.999999999999999,0.1417045593261718,tket,FullPeepholeOptimise,2.18.0,default,ok,47,5,experiments/e20_multi_compiler_full/run.py,cf4c43a166f171d450e24f2ab51c9325507d5960589b926a114eb25d926116c5,8d9018749bad67eeed7c374fbfebb1219ef1ee12ba5f6ddee84b262ad0b14e2e,9fa1e3763f89a1bc72ad8f4c7d63996df5c2d0c534104d9e300da5cf9d3584d9,"Random Clifford, depth=10"
2.1.0,MC-E20,e20_full_20260721_150753,2026-07-21T15:21:44.815369+00:00,surface_code_4,SurfaceCode,5,8,8.0,0.0,0.0,6,6.0,0.0,4,4.0,0.0,4,4.0,0.0,0,0.0,0.0,0.9999999999999996,0.0172953605651855,qiskit,transpiler,2.4.1,3,ok,47,5,experiments/e20_multi_compiler_full/run.py,cf4c43a166f171d450e24f2ab51c9325507d5960589b926a114eb25d926116c5,53512946277a42301fa68f686c9c171828fb0d28518fc4a09de7421a08f04155,53512946277a42301fa68f686c9c171828fb0d28518fc4a09de7421a08f04155,X-stabilizer syndrome extraction
2.1.0,MC-E20,e20_full_20260721_150753,2026-07-21T15:21:44.832918+00:00,surface_code_4,SurfaceCode,5,8,10.0,-0.25,-25.0,6,8.0,-0.3333333333333332,4,4.0,0.0,4,4.0,0.0,0,0.0,0.0,0.9999999999999996,0.0175497531890869,cirq,optimize_for_target_gateset+eject_z+merge_1q,1.6.1,default,ok,47,5,experiments/e20_multi_compiler_full/run.py,cf4c43a166f171d450e24f2ab51c9325507d5960589b926a114eb25d926116c5,53512946277a42301fa68f686c9c171828fb0d28518fc4a09de7421a08f04155,5712bc56343ca0b75b0f86f1797b9522f45630ce004f9c0e606680cddc671e06,X-stabilizer syndrome extraction
2.1.0,MC-E20,e20_full_20260721_150753,2026-07-21T15:21:44.965057+00:00,surface_code_4,SurfaceCode,5,8,8.0,0.0,0.0,6,6.0,0.0,4,4.0,0.0,4,4.0,0.0,0,0.0,0.0,1.0,0.1321384906768798,tket,FullPeepholeOptimise,2.18.0,default,ok,47,5,experiments/e20_multi_compiler_full/run.py,cf4c43a166f171d450e24f2ab51c9325507d5960589b926a114eb25d926116c5,53512946277a42301fa68f686c9c171828fb0d28518fc4a09de7421a08f04155,a12928549e1ba2a3f20ae2f92a15fda6999d96705ff5fa36eb26b1be89dc701f,X-stabilizer syndrome extraction
2.1.0,MC-E20,e20_full_20260721_150753,2026-07-21T15:21:44.984308+00:00,uccsd_4,UCCSD_inspired,4,18,15.0,0.1666666666666666,16.666666666666664,10,9.0,0.0999999999999999,8,6.0,0.25,8,6.0,0.25,0,0.0,0.0,1.0,0.0039007663726806,qiskit,transpiler,2.4.1,3,ok,47,5,experiments/e20_multi_compiler_full/run.py,cf4c43a166f171d450e24f2ab51c9325507d5960589b926a114eb25d926116c5,49f424ab1174af6fe97ce6de7dd742f7bc72473bfe8e3d4c2d3bf2066e88e36b,145fde2cbe351ee8d2a6f2779d0bef11ffe43c958b78be28d62b8549963b78a5,Parameterized ansatz INSPIRED BY (not true) UCCSD; see make_parameterized_ansatz docstring. Renamed from 'UCCSD' to 'UCCSD_inspired' per review L3 to avoid false claim.
2.1.0,MC-E20,e20_full_20260721_150753,2026-07-21T15:21:45.010986+00:00,uccsd_4,UCCSD_inspired,4,18,17.0,0.0555555555555555,5.555555555555558,10,9.0,0.0999999999999999,8,8.0,0.0,8,8.0,0.0,0,0.0,0.0,0.9999999999999998,0.0154478549957275,cirq,optimize_for_target_gateset+eject_z+merge_1q,1.6.1,default,ok,47,5,experiments/e20_multi_compiler_full/run.py,cf4c43a166f171d450e24f2ab51c9325507d5960589b926a114eb25d926116c5,49f424ab1174af6fe97ce6de7dd742f7bc72473bfe8e3d4c2d3bf2066e88e36b,ea6745ac29a01edb7ed30bdd087953a158359282fcef5fc791fdea4ab1d47dd1,Parameterized ansatz INSPIRED BY (not true) UCCSD; see make_parameterized_ansatz docstring. Renamed from 'UCCSD' to 'UCCSD_inspired' per review L3 to avoid false claim.
2.1.0,MC-E20,e20_full_20260721_150753,2026-07-21T15:21:45.145284+00:00,uccsd_4,UCCSD_inspired,4,18,15.0,0.1666666666666666,16.666666666666664,10,9.0,0.0999999999999999,8,6.0,0.25,8,6.0,0.25,0,0.0,0.0,1.0,0.1342988014221191,tket,FullPeepholeOptimise,2.18.0,default,ok,47,5,experiments/e20_multi_compiler_full/run.py,cf4c43a166f171d450e24f2ab51c9325507d5960589b926a114eb25d926116c5,49f424ab1174af6fe97ce6de7dd742f7bc72473bfe8e3d4c2d3bf2066e88e36b,caf0549cf6e5b9fa25b49ed2aca72370c77eced008bf2471d12a3a06e3377589,Parameterized ansatz INSPIRED BY (not true) UCCSD; see make_parameterized_ansatz docstring. Renamed from 'UCCSD' to 'UCCSD_inspired' per review L3 to avoid false claim.
2.1.0,MC-E20,e20_full_20260721_150753,2026-07-21T15:21:45.175044+00:00,qft_6,QFT,6,21,21.0,0.0,0.0,11,11.0,0.0,15,15.0,0.0,0,0.0,0.0,0,0.0,0.0,0.9999999999999996,0.0107805728912353,qiskit,transpiler,2.4.1,3,ok,47,5,experiments/e20_multi_compiler_full/run.py,cf4c43a166f171d450e24f2ab51c9325507d5960589b926a114eb25d926116c5,e761adf8efeac5c21762208c08429dd4686d16eb4cbc1582e6d4ebc809852f66,ce325feb7eafc0f7673a16bbc3b51544984abb6d137b6ba7752bea283600c12b,
2.1.0,MC-E20,e20_full_20260721_150753,2026-07-21T15:21:45.220997+00:00,qft_6,QFT,6,21,,,,11,,,15,,,0,,,0,,,,0.0459527969360351,cirq,optimize_for_target_gateset+eject_z+merge_1q,1.6.1,default,"error: ""<input>:17,0: 'sx' is not defined in this scope""",47,5,experiments/e20_multi_compiler_full/run.py,cf4c43a166f171d450e24f2ab51c9325507d5960589b926a114eb25d926116c5,e761adf8efeac5c21762208c08429dd4686d16eb4cbc1582e6d4ebc809852f66,none,
2.1.0,MC-E20,e20_full_20260721_150753,2026-07-21T15:21:45.876969+00:00,qft_6,QFT,6,21,71.0,-2.380952380952381,-238.0952380952381,11,33.0,-2.0,15,30.0,-1.0,0,30.0,0.0,0,0.0,0.0,1.0,0.6463959217071533,tket,FullPeepholeOptimise,2.18.0,default,ok,47,5,experiments/e20_multi_compiler_full/run.py,cf4c43a166f171d450e24f2ab51c9325507d5960589b926a114eb25d926116c5,e761adf8efeac5c21762208c08429dd4686d16eb4cbc1582e6d4ebc809852f66,1e4c9ed3e36094a6271070b1f1ab2b30e856264476b0c22125357dc3af1d9cc7,
2.1.0,MC-E20,e20_full_20260721_150753,2026-07-21T15:21:45.894162+00:00,ghz_6,GHZ,6,6,6.0,0.0,0.0,6,6.0,0.0,5,5.0,0.0,5,5.0,0.0,0,0.0,0.0,0.9999999999999998,0.0,qiskit,transpiler,2.4.1,3,ok,47,5,experiments/e20_multi_compiler_full/run.py,cf4c43a166f171d450e24f2ab51c9325507d5960589b926a114eb25d926116c5,df499dded1e0518f2f6266b9f0e35d3c81e6057b5ba6e6decbb0f26370e5bb03,df499dded1e0518f2f6266b9f0e35d3c81e6057b5ba6e6decbb0f26370e5bb03,
2.1.0,MC-E20,e20_full_20260721_150753,2026-07-21T15:21:45.923008+00:00,ghz_6,GHZ,6,6,7.0,-0.1666666666666667,-16.666666666666675,6,7.0,-0.1666666666666667,5,5.0,0.0,5,5.0,0.0,0,0.0,0.0,0.9999999999999998,0.0270700454711914,cirq,optimize_for_target_gateset+eject_z+merge_1q,1.6.1,default,ok,47,5,experiments/e20_multi_compiler_full/run.py,cf4c43a166f171d450e24f2ab51c9325507d5960589b926a114eb25d926116c5,df499dded1e0518f2f6266b9f0e35d3c81e6057b5ba6e6decbb0f26370e5bb03,d4f49c1b8be62a61d262e49773b9cb5ffaafaba57cb3618d0cc608c10726c170,
2.1.0,MC-E20,e20_full_20260721_150753,2026-07-21T15:21:46.068573+00:00,ghz_6,GHZ,6,6,6.0,0.0,0.0,6,6.0,0.0,5,5.0,0.0,5,5.0,0.0,0,0.0,0.0,1.0,0.1393303871154785,tket,FullPeepholeOptimise,2.18.0,default,ok,47,5,experiments/e20_multi_compiler_full/run.py,cf4c43a166f171d450e24f2ab51c9325507d5960589b926a114eb25d926116c5,df499dded1e0518f2f6266b9f0e35d3c81e6057b5ba6e6decbb0f26370e5bb03,f5606110b4c9de2d9c41d6892ae7b8cd5a5d8a4dec34af69160c119d936ae28b,
2.1.0,MC-E20,e20_full_20260721_150753,2026-07-21T15:21:46.090475+00:00,cnot_chain_6,CNOT,6,40,0.0,1.0,100.0,22,0.0,1.0,40,0.0,1.0,40,0.0,1.0,0,0.0,0.0,1.0,0.0156593322753906,qiskit,transpiler,2.4.1,3,ok,47,5,experiments/e20_multi_compiler_full/run.py,cf4c43a166f171d450e24f2ab51c9325507d5960589b926a114eb25d926116c5,a9cbe813352eb8bbddbb6de7feecde853f066b5cf29e96a7a2f84a6cd354761a,995ca4ef9eaba10dd58f1ab322947f30c40e0f095185660849ca98aed2848347,
2.1.0,MC-E20,e20_full_20260721_150753,2026-07-21T15:21:46.129561+00:00,cnot_chain_6,CNOT,6,40,40.0,0.0,0.0,22,22.0,0.0,40,40.0,0.0,40,40.0,0.0,0,0.0,0.0,1.0,0.0157296657562255,cirq,optimize_for_target_gateset+eject_z+merge_1q,1.6.1,default,ok,47,5,experiments/e20_multi_compiler_full/run.py,cf4c43a166f171d450e24f2ab51c9325507d5960589b926a114eb25d926116c5,a9cbe813352eb8bbddbb6de7feecde853f066b5cf29e96a7a2f84a6cd354761a,2e9e1aace549c82c9407f34f36831517d192135307006f6b9830a803c04a3dc1,
2.1.0,MC-E20,e20_full_20260721_150753,2026-07-21T15:21:46.140508+00:00,cnot_chain_6,CNOT,6,40,0.0,1.0,100.0,22,0.0,1.0,40,0.0,1.0,40,0.0,1.0,0,0.0,0.0,1.0,0.0,tket,FullPeepholeOptimise,2.18.0,default,ok,47,5,experiments/e20_multi_compiler_full/run.py,cf4c43a166f171d450e24f2ab51c9325507d5960589b926a114eb25d926116c5,a9cbe813352eb8bbddbb6de7feecde853f066b5cf29e96a7a2f84a6cd354761a,995ca4ef9eaba10dd58f1ab322947f30c40e0f095185660849ca98aed2848347,
2.1.0,MC-E20,e20_full_20260721_150753,2026-07-21T15:21:46.175873+00:00,bv_6,Oracle,7,22,20.0,0.0909090909090909,9.090909090909092,10,8.0,0.1999999999999999,6,6.0,0.0,6,6.0,0.0,0,0.0,0.0,0.9999999999999962,0.0,qiskit,transpiler,2.4.1,3,ok,47,5,experiments/e20_multi_compiler_full/run.py,cf4c43a166f171d450e24f2ab51c9325507d5960589b926a114eb25d926116c5,d04588e1994ce6aaede6ac10c948a5ca60e43472723d7de081a6df4ec037d73d,70870b4891039a1e1268b028621ec1e1af2baaa274ea6b8547c14b378a8f5afb,
2.1.0,MC-E20,e20_full_20260721_150753,2026-07-21T15:21:46.205319+00:00,bv_6,Oracle,7,22,32.0,-0.4545454545454546,-45.45454545454546,10,10.0,0.0,6,6.0,0.0,6,6.0,0.0,0,0.0,0.0,0.9999999999999962,0.0137648582458496,cirq,optimize_for_target_gateset+eject_z+merge_1q,1.6.1,default,ok,47,5,experiments/e20_multi_compiler_full/run.py,cf4c43a166f171d450e24f2ab51c9325507d5960589b926a114eb25d926116c5,d04588e1994ce6aaede6ac10c948a5ca60e43472723d7de081a6df4ec037d73d,e51d0232c41fd107d8e603b61f91ed9cb34b2cbc134cdde3fd10ebeb5bd47345,
2.1.0,MC-E20,e20_full_20260721_150753,2026-07-21T15:21:46.565985+00:00,qaoa_line_6,QAOA,6,48,48.0,0.0,0.0,24,24.0,0.0,20,20.0,0.0,20,20.0,0.0,0,0.0,0.0,1.0000000000000009,0.012571096420288,qiskit,transpiler,2.4.1,3,ok,47,5,experiments/e20_multi_compiler_full/run.py,cf4c43a166f171d450e24f2ab51c9325507d5960589b926a114eb25d926116c5,4c641a80154082db0ac9624008da94e73ee9cf9702cf70f956a62c21efaf408f,4c641a80154082db0ac9624008da94e73ee9cf9702cf70f956a62c21efaf408f,
2.1.0,MC-E20,e20_full_20260721_150753,2026-07-21T15:21:46.638423+00:00,qaoa_line_6,QAOA,6,48,54.0,-0.125,-12.5,24,25.0,-0.0416666666666667,20,20.0,0.0,20,20.0,0.0,0,0.0,0.0,0.9999999999999996,0.0529465675354003,cirq,optimize_for_target_gateset+eject_z+merge_1q,1.6.1,default,ok,47,5,experiments/e20_multi_compiler_full/run.py,cf4c43a166f171d450e24f2ab51c9325507d5960589b926a114eb25d926116c5,4c641a80154082db0ac9624008da94e73ee9cf9702cf70f956a62c21efaf408f,f6a39c31c4ce552079326cd30c5250b6bfbc500ca7531010a2d71517042c7fdb,
2.1.0,MC-E20,e20_full_20260721_150753,2026-07-21T15:21:47.216340+00:00,qaoa_line_6,QAOA,6,48,46.0,0.0416666666666666,4.166666666666663,24,24.0,0.0,20,20.0,0.0,20,20.0,0.0,0,0.0,0.0,1.0000000000000009,0.5665898323059082,tket,FullPeepholeOptimise,2.18.0,default,ok,47,5,experiments/e20_multi_compiler_full/run.py,cf4c43a166f171d450e24f2ab51c9325507d5960589b926a114eb25d926116c5,4c641a80154082db0ac9624008da94e73ee9cf9702cf70f956a62c21efaf408f,a27dc1b926c79f2562328b61d412f3b5565b51ea96999ea5c02e1d81fecce110,
2.1.0,MC-E20,e20_full_20260721_150753,2026-07-21T15:21:47.252049+00:00,vqe_twolocal_6,VQE,6,46,28.0,0.3913043478260869,39.13043478260869,13,10.0,0.2307692307692307,10,10.0,0.0,10,10.0,0.0,0,0.0,0.0,0.9999999999999996,0.0085213184356689,qiskit,transpiler,2.4.1,3,ok,47,5,experiments/e20_multi_compiler_full/run.py,cf4c43a166f171d450e24f2ab51c9325507d5960589b926a114eb25d926116c5,529eaa1d872fd2d7abb82df951890a6bb13d5c95d5463165e3e2fda13f2b7d2a,1c49f79103d64f7f231bb54588ec80471c3f6d88cf2e1503d64d3038f2bdc65f,
2.1.0,MC-E20,e20_full_20260721_150753,2026-07-21T15:21:47.322205+00:00,vqe_twolocal_6,VQE,6,46,46.0,0.0,0.0,13,13.0,0.0,10,10.0,0.0,10,10.0,0.0,0,0.0,0.0,1.0,0.0538623332977294,cirq,optimize_for_target_gateset+eject_z+merge_1q,1.6.1,default,ok,47,5,experiments/e20_multi_compiler_full/run.py,cf4c43a166f171d450e24f2ab51c9325507d5960589b926a114eb25d926116c5,529eaa1d872fd2d7abb82df951890a6bb13d5c95d5463165e3e2fda13f2b7d2a,4c3221d7651a2f5e3b1d4dee017095bb84e15168382444dc1beee23f50fd3727,
2.1.0,MC-E20,e20_full_20260721_150753,2026-07-21T15:21:47.791867+00:00,vqe_twolocal_6,VQE,6,46,28.0,0.3913043478260869,39.13043478260869,13,10.0,0.2307692307692307,10,10.0,0.0,10,10.0,0.0,0,0.0,0.0,0.9999999999999998,0.4543318748474121,tket,FullPeepholeOptimise,2.18.0,default,ok,47,5,experiments/e20_multi_compiler_full/run.py,cf4c43a166f171d450e24f2ab51c9325507d5960589b926a114eb25d926116c5,529eaa1d872fd2d7abb82df951890a6bb13d5c95d5463165e3e2fda13f2b7d2a,f7cd90ee963a290afea4939f6360472cd71ce791b434a00f4873f4fd8eea8a5d,
2.1.0,MC-E20,e20_full_20260721_150753,2026-07-21T15:21:47.824245+00:00,hardware_eff_6,HardwareEfficient,6,34,22.0,0.3529411764705882,35.29411764705882,8,6.0,0.25,10,10.0,0.0,10,10.0,0.0,0,0.0,0.0,0.9999999999999996,0.0016224384307861,qiskit,transpiler,2.4.1,3,ok,47,5,experiments/e20_multi_compiler_full/run.py,cf4c43a166f171d450e24f2ab51c9325507d5960589b926a114eb25d926116c5,a4c80304f4769cfb245c89916d62f0afb73004a860ade7d3ddc114f1a7129471,81e69029e8e080f7d6519f0ae864bad3ec8c1040cc39b8a7c9b936a25229fadc,
2.1.0,MC-E20,e20_full_20260721_150753,2026-07-21T15:21:47.855542+00:00,hardware_eff_6,HardwareEfficient,6,34,34.0,0.0,0.0,8,8.0,0.0,10,10.0,0.0,10,10.0,0.0,0,0.0,0.0,1.0,0.0154943466186523,cirq,optimize_for_target_gateset+eject_z+merge_1q,1.6.1,default,ok,47,5,experiments/e20_multi_compiler_full/run.py,cf4c43a166f171d450e24f2ab51c9325507d5960589b926a114eb25d926116c5,a4c80304f4769cfb245c89916d62f0afb73004a860ade7d3ddc114f1a7129471,b908e60827bc9edc97d42dbc99f70861cb95397e04c138b40adcecec9127d5b5,
2.1.0,MC-E20,e20_full_20260721_150753,2026-07-21T15:21:48.222706+00:00,hardware_eff_6,HardwareEfficient,6,34,22.0,0.3529411764705882,35.29411764705882,8,6.0,0.25,10,10.0,0.0,10,10.0,0.0,0,0.0,0.0,1.0,0.3645591735839844,tket,FullPeepholeOptimise,2.18.0,default,ok,47,5,experiments/e20_multi_compiler_full/run.py,cf4c43a166f171d450e24f2ab51c9325507d5960589b926a114eb25d926116c5,a4c80304f4769cfb245c89916d62f0afb73004a860ade7d3ddc114f1a7129471,a9bd44c8170bd56b951aea4027e82c91257d2b34d919dfb4b9861145b7f3c616,
2.1.0,MC-E20,e20_full_20260721_150753,2026-07-21T15:21:48.343942+00:00,grover_6,Grover,6,44,20.0,0.5454545454545454,54.54545454545454,13,5.0,0.6153846153846154,0,0.0,0.0,0,0.0,0.0,0,0.0,0.0,0.9999999999999588,0.0070123672485351,qiskit,transpiler,2.4.1,3,ok,47,5,experiments/e20_multi_compiler_full/run.py,cf4c43a166f171d450e24f2ab51c9325507d5960589b926a114eb25d926116c5,96f6e3a5ae461158a785d8ff81fbe91f198114ea3a1fb65583d640ddd7edadcd,b5b4036cb036279959266ba21779f3c951426615824592ad99797ed8063d415b,"Single Grover iteration, random marked state"
2.1.0,MC-E20,e20_full_20260721_150753,2026-07-21T15:21:48.543880+00:00,grover_6,Grover,6,44,,,,13,,,0,,,0,,,0,,,,0.1999382972717285,cirq,optimize_for_target_gateset+eject_z+merge_1q,1.6.1,default,"error: ""<input>:248,0: 'sx' is not defined in this scope""",47,5,experiments/e20_multi_compiler_full/run.py,cf4c43a166f171d450e24f2ab51c9325507d5960589b926a114eb25d926116c5,96f6e3a5ae461158a785d8ff81fbe91f198114ea3a1fb65583d640ddd7edadcd,none,"Single Grover iteration, random marked state"
2.1.0,MC-E20,e20_full_20260721_150753,2026-07-21T15:21:51.957482+00:00,grover_6,Grover,6,44,344.0,-6.818181818181818,-681.8181818181819,13,233.0,-16.923076923076923,0,160.0,0.0,0,160.0,0.0,0,0.0,0.0,0.9999999999999816,3.322788715362549,tket,FullPeepholeOptimise,2.18.0,default,ok,47,5,experiments/e20_multi_compiler_full/run.py,cf4c43a166f171d450e24f2ab51c9325507d5960589b926a114eb25d926116c5,96f6e3a5ae461158a785d8ff81fbe91f198114ea3a1fb65583d640ddd7edadcd,84dbb2381973888d1009bad91c21072bfb3fc0ff414826b200ceb40dc8d7c96c,"Single Grover iteration, random marked state"
2.1.0,MC-E20,e20_full_20260721_150753,2026-07-21T15:21:51.985628+00:00,adder_6,Adder,7,12,12.0,0.0,0.0,8,8.0,0.0,4,4.0,0.0,4,4.0,0.0,0,0.0,0.0,1.0,0.0060150623321533,qiskit,transpiler,2.4.1,3,ok,47,5,experiments/e20_multi_compiler_full/run.py,cf4c43a166f171d450e24f2ab51c9325507d5960589b926a114eb25d926116c5,12aba0a55cc5324f1f86a4be0a6e11b63595a323c727cbf9b31cd9615f0e057d,1650160de48362b9e2e42af59f8f69d97fd9b6c2f14788b96e8513176e4e358f,"Ripple-carry adder, random inputs"
2.1.0,MC-E20,e20_full_20260721_150753,2026-07-21T15:21:52.008392+00:00,adder_6,Adder,7,12,12.0,0.0,0.0,8,8.0,0.0,4,4.0,0.0,4,4.0,0.0,0,0.0,0.0,1.0,0.0155260562896728,cirq,optimize_for_target_gateset+eject_z+merge_1q,1.6.1,default,ok,47,5,experiments/e20_multi_compiler_full/run.py,cf4c43a166f171d450e24f2ab51c9325507d5960589b926a114eb25d926116c5,12aba0a55cc5324f1f86a4be0a6e11b63595a323c727cbf9b31cd9615f0e057d,1b8bc1966bc157aec8f59245f0c5bb92563144594b06964c2ce4dc56164112c0,"Ripple-carry adder, random inputs"
2.1.0,MC-E20,e20_full_20260721_150753,2026-07-21T15:21:54.303967+00:00,qwalk_6,QuantumWalk,7,82,2300.0,-27.04878048780488,-2704.8780487804875,47,1695.0,-35.06382978723404,6,990.0,-164.0,6,990.0,-164.0,0,305.0,0.0,0.9999999999997832,0.0506224632263183,qiskit,transpiler,2.4.1,3,ok,47,5,experiments/e20_multi_compiler_full/run.py,cf4c43a166f171d450e24f2ab51c9325507d5960589b926a114eb25d926116c5,0e7ae4c411f630486a0163f055735b79dec622df02de2a6bcf5503ed7fefae7b,d967312ee4ec96823b38dd1d8fce35cb059bb7642b3fd48d11a04eaf8664ad14,"DTQW on cycle, 3 steps"
2.1.0,MC-E20,e20_full_20260721_150753,2026-07-21T15:21:56.205271+00:00,qwalk_6,QuantumWalk,7,82,,,,47,,,6,,,6,,,0,,,,1.901303768157959,cirq,optimize_for_target_gateset+eject_z+merge_1q,1.6.1,default,"error: ""<input>:375,0: 'sx' is not defined in this scope""",47,5,experiments/e20_multi_compiler_full/run.py,cf4c43a166f171d450e24f2ab51c9325507d5960589b926a114eb25d926116c5,0e7ae4c411f630486a0163f055735b79dec622df02de2a6bcf5503ed7fefae7b,none,"DTQW on cycle, 3 steps"
2.1.0,MC-E20,e20_full_20260721_150753,2026-07-21T15:22:34.328436+00:00,iqp_6,IQP,6,37,7.0,0.8108108108108107,81.08108108108108,12,3.0,0.75,11,1.0,0.9090909090909092,0,0.0,0.0,0,0.0,0.0,0.9999999999999968,0.0208444595336914,qiskit,transpiler,2.4.1,3,ok,47,5,experiments/e20_multi_compiler_full/run.py,cf4c43a166f171d450e24f2ab51c9325507d5960589b926a114eb25d926116c5,9f912b26b1b65ef19a29f612997fc74134a99c509c9fc7d24dc53f99865be83c,e4f318cf774949b00dffb9635b3725f596af827d0f28f926be09af0c79248290,"IQP circuit, 3 diagonal layers"
2.1.0,MC-E20,e20_full_20260721_150753,2026-07-21T15:22:34.377229+00:00,iqp_6,IQP,6,37,34.0,0.081081081081081,8.108108108108103,12,11.0,0.0833333333333333,11,11.0,0.0,0,0.0,0.0,0,2.0,0.0,0.9999999999999964,0.0387625694274902,cirq,optimize_for_target_gateset+eject_z+merge_1q,1.6.1,default,ok,47,5,experiments/e20_multi_compiler_full/run.py,cf4c43a166f171d450e24f2ab51c9325507d5960589b926a114eb25d926116c5,9f912b26b1b65ef19a29f612997fc74134a99c509c9fc7d24dc53f99865be83c,890f3d870ba9519c3dbfb2e9e34bb6f0796301cf48da807410e2306a9d1c38b6,"IQP circuit, 3 diagonal layers"
2.1.0,MC-E20,e20_full_20260721_150753,2026-07-21T15:22:34.512900+00:00,iqp_6,IQP,6,37,6.0,0.8378378378378378,83.78378378378379,12,3.0,0.75,11,1.0,0.9090909090909092,0,1.0,0.0,0,0.0,0.0,0.9999999999999996,0.1235284805297851,tket,FullPeepholeOptimise,2.18.0,default,ok,47,5,experiments/e20_multi_compiler_full/run.py,cf4c43a166f171d450e24f2ab51c9325507d5960589b926a114eb25d926116c5,9f912b26b1b65ef19a29f612997fc74134a99c509c9fc7d24dc53f99865be83c,4af4757e2e3c0f54a0dd2ddd629c6235b23f720396b0c2bf1051b78a0e52c6b2,"IQP circuit, 3 diagonal layers"
2.1.0,MC-E20,e20_full_20260721_150753,2026-07-21T15:22:34.556511+00:00,clifford_6,RandomClifford,6,48,8.0,0.8333333333333334,83.33333333333334,11,3.0,0.7272727272727273,5,2.0,0.6,5,1.0,0.8,17,1.0,0.9411764705882352,0.9999999999999964,0.0133192539215087,qiskit,transpiler,2.4.1,3,ok,47,5,experiments/e20_multi_compiler_full/run.py,cf4c43a166f171d450e24f2ab51c9325507d5960589b926a114eb25d926116c5,b44cb7fdb34a0d4292978a7c04a2f645b370bdf86d65295f37f3535bed189fe1,28ba4e7b9af441f59c029f9538219a1b8e3c05fd861a96089ddd0f8e4634653c,"Random Clifford, depth=10"
2.1.0,MC-E20,e20_full_20260721_150753,2026-07-21T15:22:34.607044+00:00,clifford_6,RandomClifford,6,48,25.0,0.4791666666666666,47.91666666666666,11,7.0,0.3636363636363636,5,5.0,0.0,5,5.0,0.0,17,8.0,0.5294117647058824,0.9999999999999948,0.0409066677093505,cirq,optimize_for_target_gateset+eject_z+merge_1q,1.6.1,default,ok,47,5,experiments/e20_multi_compiler_full/run.py,cf4c43a166f171d450e24f2ab51c9325507d5960589b926a114eb25d926116c5,b44cb7fdb34a0d4292978a7c04a2f645b370bdf86d65295f37f3535bed189fe1,e77174b3ec5f683b6c5b1e5c48df9c5514666de48f026556e40166b47fdb0d4d,"Random Clifford, depth=10"
2.1.0,MC-E20,e20_full_20260721_150753,2026-07-21T15:22:34.709085+00:00,clifford_6,RandomClifford,6,48,11.0,0.7708333333333334,77.08333333333334,11,3.0,0.7272727272727273,5,2.0,0.6,5,2.0,0.6,17,0.0,1.0,0.9999999999999964,0.0941576957702636,tket,FullPeepholeOptimise,2.18.0,default,ok,47,5,experiments/e20_multi_compiler_full/run.py,cf4c43a166f171d450e24f2ab51c9325507d5960589b926a114eb25d926116c5,b44cb7fdb34a0d4292978a7c04a2f645b370bdf86d65295f37f3535bed189fe1,8f5ea9c59e41d8c93eeb5287cb2e8bc3a71b568c3ee321808947a26099b49d54,"Random Clifford, depth=10"
2.1.0,MC-E20,e20_full_20260721_150753,2026-07-21T15:22:34.725910+00:00,surface_code_6,SurfaceCode,7,8,8.0,0.0,0.0,8,8.0,0.0,6,6.0,0.0,6,6.0,0.0,0,0.0,0.0,0.9999999999999998,0.0120410919189453,qiskit,transpiler,2.4.1,3,ok,47,5,experiments/e20_multi_compiler_full/run.py,cf4c43a166f171d450e24f2ab51c9325507d5960589b926a114eb25d926116c5,c79699bc553ba266feca0cc48d12346c9fa31633f6c158d26ee08f6599c9d82f,c79699bc553ba266feca0cc48d12346c9fa31633f6c158d26ee08f6599c9d82f,X-stabilizer syndrome extraction
2.1.0,MC-E20,e20_full_20260721_150753,2026-07-21T15:22:34.763998+00:00,surface_code_6,SurfaceCode,7,8,10.0,-0.25,-25.0,8,10.0,-0.25,6,6.0,0.0,6,6.0,0.0,0,0.0,0.0,0.9999999999999998,0.0293614864349365,cirq,optimize_for_target_gateset+eject_z+merge_1q,1.6.1,default,ok,47,5,experiments/e20_multi_compiler_full/run.py,cf4c43a166f171d450e24f2ab51c9325507d5960589b926a114eb25d926116c5,c79699bc553ba266feca0cc48d12346c9fa31633f6c158d26ee08f6599c9d82f,f707f0baff4c0bfd7e516741ccbddf45388633ab013a86b317bd97aea7e50cbb,X-stabilizer syndrome extraction
2.1.0,MC-E20,e20_full_20260721_150753,2026-07-21T15:22:35.043365+00:00,uccsd_6,UCCSD_inspired,6,58,44.0,0.2413793103448276,24.13793103448276,28,25.0,0.1071428571428571,29,21.0,0.2758620689655172,29,21.0,0.2758620689655172,0,0.0,0.0,0.9999999999999992,0.0096180438995361,qiskit,transpiler,2.4.1,3,ok,47,5,experiments/e20_multi_compiler_full/run.py,cf4c43a166f171d450e24f2ab51c9325507d5960589b926a114eb25d926116c5,4c1a720c5ef10d3efaec52071bad21514876a5f77de8e9e4460067b7fa891159,f0f317c7d66b22f15c0b121f65bad2238cc2f36bd95086d23706bea31784491e,Parameterized ansatz INSPIRED BY (not true) UCCSD; see make_parameterized_ansatz docstring. Renamed from 'UCCSD' to 'UCCSD_inspired' per review L3 to avoid false claim.
2.1.0,MC-E20,e20_full_20260721_150753,2026-07-21T15:22:35.101886+00:00,uccsd_6,UCCSD_inspired,6,58,52.0,0.1034482758620689,10.344827586206897,28,26.0,0.0714285714285714,29,29.0,0.0,29,29.0,0.0,0,0.0,0.0,0.9999999999999998,0.0423610210418701,cirq,optimize_for_target_gateset+eject_z+merge_1q,1.6.1,default,ok,47,5,experiments/e20_multi_compiler_full/run.py,cf4c43a166f171d450e24f2ab51c9325507d5960589b926a114eb25d926116c5,4c1a720c5ef10d3efaec52071bad21514876a5f77de8e9e4460067b7fa891159,e9a982e96867f7db266e196b9d0ccab481c2afdd6210b0d0c9f92839c201949b,Parameterized ansatz INSPIRED BY (not true) UCCSD; see make_parameterized_ansatz docstring. Renamed from 'UCCSD' to 'UCCSD_inspired' per review L3 to avoid false claim.
2.1.0,MC-E20,e20_full_20260721_150753,2026-07-21T15:22:36.051145+00:00,uccsd_6,UCCSD_inspired,6,58,44.0,0.2413793103448276,24.13793103448276,28,25.0,0.1071428571428571,29,21.0,0.2758620689655172,29,21.0,0.2758620689655172,0,0.0,0.0,0.9999999999999996,0.9309859275817872,tket,FullPeepholeOptimise,2.18.0,default,ok,47,5,experiments/e20_multi_compiler_full/run.py,cf4c43a166f171d450e24f2ab51c9325507d5960589b926a114eb25d926116c5,4c1a720c5ef10d3efaec52071bad21514876a5f77de8e9e4460067b7fa891159,8d26f016f29257039f8227b6a4481ecef9eaae0f8d398b793f8495c9638d4ab3,Parameterized ansatz INSPIRED BY (not true) UCCSD; see make_parameterized_ansatz docstring. Renamed from 'UCCSD' to 'UCCSD_inspired' per review L3 to avoid false claim.
2.1.0,MC-E20,e20_full_20260721_150753,2026-07-21T15:22:36.218252+00:00,qft_8,QFT,8,36,36.0,0.0,0.0,15,15.0,0.0,28,28.0,0.0,0,0.0,0.0,0,0.0,0.0,0.9999999999999968,0.0107302665710449,qiskit,transpiler,2.4.1,3,ok,47,5,experiments/e20_multi_compiler_full/run.py,cf4c43a166f171d450e24f2ab51c9325507d5960589b926a114eb25d926116c5,b2f83603b76f95e86e3b51898d6ea360adf3a62f51aa296baf0178913d4108b2,5e235910f0329f12c7dc3b126bc0da34cd22bcb22e80d7885306046eb1f2b62c,
2.1.0,MC-E20,e20_full_20260721_150753,2026-07-21T15:22:36.312558+00:00,qft_8,QFT,8,36,,,,15,,,28,,,0,,,0,,,,0.0943059921264648,cirq,optimize_for_target_gateset+eject_z+merge_1q,1.6.1,default,"error: ""<input>:17,0: 'sx' is not defined in this scope""",47,5,experiments/e20_multi_compiler_full/run.py,cf4c43a166f171d450e24f2ab51c9325507d5960589b926a114eb25d926116c5,b2f83603b76f95e86e3b51898d6ea360adf3a62f51aa296baf0178913d4108b2,none,
2.1.0,MC-E20,e20_full_20260721_150753,2026-07-21T15:22:38.049883+00:00,ghz_8,GHZ,8,8,8.0,0.0,0.0,8,8.0,0.0,7,7.0,0.0,7,7.0,0.0,0,0.0,0.0,0.9999999999999998,0.0092382431030273,qiskit,transpiler,2.4.1,3,ok,47,5,experiments/e20_multi_compiler_full/run.py,cf4c43a166f171d450e24f2ab51c9325507d5960589b926a114eb25d926116c5,587577f385cf54a3edd3cc639b3ac8cc5aa139f2ef414827515ddc7be4c12104,587577f385cf54a3edd3cc639b3ac8cc5aa139f2ef414827515ddc7be4c12104,
2.1.0,MC-E20,e20_full_20260721_150753,2026-07-21T15:22:38.088011+00:00,ghz_8,GHZ,8,8,9.0,-0.125,-12.5,8,9.0,-0.125,7,7.0,0.0,7,7.0,0.0,0,0.0,0.0,0.9999999999999998,0.0132386684417724,cirq,optimize_for_target_gateset+eject_z+merge_1q,1.6.1,default,ok,47,5,experiments/e20_multi_compiler_full/run.py,cf4c43a166f171d450e24f2ab51c9325507d5960589b926a114eb25d926116c5,587577f385cf54a3edd3cc639b3ac8cc5aa139f2ef414827515ddc7be4c12104,dbe75adbc6dcfacb0387626198005ff6d870b04cfebdd177f2b4ce6c5e698fca,
2.1.0,MC-E20,e20_full_20260721_150753,2026-07-21T15:22:38.385626+00:00,cnot_chain_8,CNOT,8,56,0.0,1.0,100.0,26,0.0,1.0,56,0.0,1.0,56,0.0,1.0,0,0.0,0.0,1.0,0.0,qiskit,transpiler,2.4.1,3,ok,47,5,experiments/e20_multi_compiler_full/run.py,cf4c43a166f171d450e24f2ab51c9325507d5960589b926a114eb25d926116c5,d3e8b51351e86caa6d8939fe0a903f48a089e7d220d46a14b52d6c94e6e43394,b9f67046a69160a09ec4f4fa9eb23036fff76352de4a4103d9d677b302f18c04,
2.1.0,MC-E20,e20_full_20260721_150753,2026-07-21T15:22:38.540036+00:00,cnot_chain_8,CNOT,8,56,56.0,0.0,0.0,26,26.0,0.0,56,56.0,0.0,56,56.0,0.0,0,0.0,0.0,1.0,0.0190503597259521,cirq,optimize_for_target_gateset+eject_z+merge_1q,1.6.1,default,ok,47,5,experiments/e20_multi_compiler_full/run.py,cf4c43a166f171d450e24f2ab51c9325507d5960589b926a114eb25d926116c5,d3e8b51351e86caa6d8939fe0a903f48a089e7d220d46a14b52d6c94e6e43394,c654c98f30db9245f47457a95bd6a7935d02799bcd4a120004fd14388af2ad0b,
2.1.0,MC-E20,e20_full_20260721_150753,2026-07-21T15:22:38.630014+00:00,bv_8,Oracle,9,26,20.0,0.2307692307692307,23.076923076923077,10,8.0,0.1999999999999999,6,6.0,0.0,6,6.0,0.0,0,0.0,0.0,,0.0028924942016601,qiskit,transpiler,2.4.1,3,ok,47,5,experiments/e20_multi_compiler_full/run.py,cf4c43a166f171d450e24f2ab51c9325507d5960589b926a114eb25d926116c5,bf533e4c5d9b22ad50244767ee4e6a06ce85da8ea504cba53b288578d371a8ea,925f54f08d88a728beaf13f2ff1c561a8e893130d0a2fb38de59faf5d8028746,
2.1.0,MC-E20,e20_full_20260721_150753,2026-07-21T15:22:39.129366+00:00,qaoa_line_8,QAOA,8,66,66.0,0.0,0.0,30,30.0,0.0,28,28.0,0.0,28,28.0,0.0,0,0.0,0.0,1.0000000000000044,0.0155236721038818,qiskit,transpiler,2.4.1,3,ok,47,5,experiments/e20_multi_compiler_full/run.py,cf4c43a166f171d450e24f2ab51c9325507d5960589b926a114eb25d926116c5,1a2ea2aced22fa2734bd1186979d6e182f7649895d373d8a53ed4e437f2cecaf,1a2ea2aced22fa2734bd1186979d6e182f7649895d373d8a53ed4e437f2cecaf,
2.1.0,MC-E20,e20_full_20260721_150753,2026-07-21T15:22:39.360738+00:00,qaoa_line_8,QAOA,8,66,74.0,-0.1212121212121211,-12.12121212121211,30,31.0,-0.0333333333333334,28,28.0,0.0,28,28.0,0.0,0,0.0,0.0,1.0,0.0788538455963134,cirq,optimize_for_target_gateset+eject_z+merge_1q,1.6.1,default,ok,47,5,experiments/e20_multi_compiler_full/run.py,cf4c43a166f171d450e24f2ab51c9325507d5960589b926a114eb25d926116c5,1a2ea2aced22fa2734bd1186979d6e182f7649895d373d8a53ed4e437f2cecaf,1d96694e79ba5f7f7dc293bf6c0746263663f960c4ffd8084e38af924affe8cc,
2.1.0,MC-E20,e20_full_20260721_150753,2026-07-21T15:22:40.442403+00:00,vqe_twolocal_8,VQE,8,62,38.0,0.3870967741935484,38.70967741935484,15,12.0,0.1999999999999999,14,14.0,0.0,14,14.0,0.0,0,0.0,0.0,1.0,0.0118486881256103,qiskit,transpiler,2.4.1,3,ok,47,5,experiments/e20_multi_compiler_full/run.py,cf4c43a166f171d450e24f2ab51c9325507d5960589b926a114eb25d926116c5,43d87f231de2f92a789a143207c25bb85187cf6c55c9a9e87aa16be9afdb6661,283259e52abcd585b3608dd741192b9e6b468852bc2e379124f02392c2b2bd04,
2.1.0,MC-E20,e20_full_20260721_150753,2026-07-21T15:22:40.625575+00:00,vqe_twolocal_8,VQE,8,62,62.0,0.0,0.0,15,15.0,0.0,14,14.0,0.0,14,14.0,0.0,0,0.0,0.0,1.0,0.0580532550811767,cirq,optimize_for_target_gateset+eject_z+merge_1q,1.6.1,default,ok,47,5,experiments/e20_multi_compiler_full/run.py,cf4c43a166f171d450e24f2ab51c9325507d5960589b926a114eb25d926116c5,43d87f231de2f92a789a143207c25bb85187cf6c55c9a9e87aa16be9afdb6661,39e2f762242a3dd56bca1543456b392f1d442dbc6c94db187d66a4fe7a604e70,
2.1.0,MC-E20,e20_full_20260721_150753,2026-07-21T15:22:41.590370+00:00,hardware_eff_8,HardwareEfficient,8,46,30.0,0.3478260869565217,34.78260869565217,8,6.0,0.25,14,14.0,0.0,14,14.0,0.0,0,0.0,0.0,1.0,0.0058255195617675,qiskit,transpiler,2.4.1,3,ok,47,5,experiments/e20_multi_compiler_full/run.py,cf4c43a166f171d450e24f2ab51c9325507d5960589b926a114eb25d926116c5,809d7a3425a899c5dee0f41f2d2e40c5b04e762cfc9258c5cd55b818084c720a,4c79500e7dc03cb892c68c1bb8aa17cadc1968a3207f2621f383e4126019f360,
2.1.0,MC-E20,e20_full_20260721_150753,2026-07-21T15:22:41.726219+00:00,hardware_eff_8,HardwareEfficient,8,46,46.0,0.0,0.0,8,8.0,0.0,14,14.0,0.0,14,14.0,0.0,0,0.0,0.0,1.0,0.0320830345153808,cirq,optimize_for_target_gateset+eject_z+merge_1q,1.6.1,default,ok,47,5,experiments/e20_multi_compiler_full/run.py,cf4c43a166f171d450e24f2ab51c9325507d5960589b926a114eb25d926116c5,809d7a3425a899c5dee0f41f2d2e40c5b04e762cfc9258c5cd55b818084c720a,5ca3f02a637bf395c850f57661fb40e094e1bd37820ae7355dbf42c19ed84e53,
2.1.0,MC-E20,e20_full_20260721_150753,2026-07-21T15:22:44.889335+00:00,grover_8,Grover,8,56,796.0,-13.214285714285714,-1321.428571428571,11,503.0,-44.72727272727273,0,360.0,0.0,0,360.0,0.0,0,102.0,0.0,0.9999999999999318,0.0150864124298095,qiskit,transpiler,2.4.1,3,ok,47,5,experiments/e20_multi_compiler_full/run.py,cf4c43a166f171d450e24f2ab51c9325507d5960589b926a114eb25d926116c5,9002c07431d883927be6786a3d5bc66c352f202a8691f41dcc4cb8de51a83971,1f666ab19de617f2154b50f73284635d8598942ea30a1e44e086b007b24d5197,"Single Grover iteration, random marked state"
2.1.0,MC-E20,e20_full_20260721_150753,2026-07-21T15:22:46.038553+00:00,grover_8,Grover,8,56,,,,11,,,0,,,0,,,0,,,,1.1492185592651367,cirq,optimize_for_target_gateset+eject_z+merge_1q,1.6.1,default,"error: ""<input>:589,0: 'sx' is not defined in this scope""",47,5,experiments/e20_multi_compiler_full/run.py,cf4c43a166f171d450e24f2ab51c9325507d5960589b926a114eb25d926116c5,9002c07431d883927be6786a3d5bc66c352f202a8691f41dcc4cb8de51a83971,none,"Single Grover iteration, random marked state"
2.1.0,MC-E20,e20_full_20260721_150753,2026-07-21T15:22:57.471647+00:00,adder_8,Adder,10,18,18.0,0.0,0.0,9,9.0,0.0,6,6.0,0.0,6,6.0,0.0,0,0.0,0.0,,0.0179970264434814,qiskit,transpiler,2.4.1,3,ok,47,5,experiments/e20_multi_compiler_full/run.py,cf4c43a166f171d450e24f2ab51c9325507d5960589b926a114eb25d926116c5,08824540c17b7e5551c4fed38e25fb7c445eb88bc2adf305e2ac828fad4d56a8,12c8fc831571da46b31213d8cfed2b55047b5fddf06baed4674aa500d4efbccf,"Ripple-carry adder, random inputs"
2.1.0,MC-E20,e20_full_20260721_150753,2026-07-21T15:22:58.889672+00:00,qwalk_8,QuantumWalk,9,106,4551.0,-41.93396226415094,-4193.396226415094,59,3163.0,-52.61016949152543,6,1962.0,-326.0,6,1962.0,-326.0,0,539.0,0.0,,0.0766642093658447,qiskit,transpiler,2.4.1,3,ok,47,5,experiments/e20_multi_compiler_full/run.py,cf4c43a166f171d450e24f2ab51c9325507d5960589b926a114eb25d926116c5,e501b242f252ee07b72261792d5c96332d648f2179ff6d1e056ef7f1c797578b,2305e5aacadf455ab2e07bee85093ed4b4ab70ceb0361e325e6178fe012cbb23,"DTQW on cycle, 3 steps"
2.1.0,MC-E20,e20_full_20260721_150753,2026-07-21T15:24:24.043494+00:00,iqp_8,IQP,8,40,20.0,0.5,50.0,8,6.0,0.25,5,5.0,0.0,0,0.0,0.0,0,0.0,0.0,0.9999999999999948,0.0172748565673828,qiskit,transpiler,2.4.1,3,ok,47,5,experiments/e20_multi_compiler_full/run.py,cf4c43a166f171d450e24f2ab51c9325507d5960589b926a114eb25d926116c5,33c302171fcc44c8d5c547915e7b610af4605ec1088a210d2fe36f6604969c98,4c8eed0b9307833f0df362e3ee956bf0b6ae0e00f167f6d240e00035314eccbe,"IQP circuit, 3 diagonal layers"
2.1.0,MC-E20,e20_full_20260721_150753,2026-07-21T15:24:24.129768+00:00,iqp_8,IQP,8,40,34.0,0.15,15.000000000000002,8,8.0,0.0,5,5.0,0.0,0,0.0,0.0,0,5.0,0.0,0.9999999999999958,0.033022403717041,cirq,optimize_for_target_gateset+eject_z+merge_1q,1.6.1,default,ok,47,5,experiments/e20_multi_compiler_full/run.py,cf4c43a166f171d450e24f2ab51c9325507d5960589b926a114eb25d926116c5,33c302171fcc44c8d5c547915e7b610af4605ec1088a210d2fe36f6604969c98,5a31c021db05e8e4edb4f404b11b7e8dc141be847c38cc6a3c17c9a99e454490,"IQP circuit, 3 diagonal layers"
2.1.0,MC-E20,e20_full_20260721_150753,2026-07-21T15:24:24.529489+00:00,clifford_8,RandomClifford,8,57,12.0,0.7894736842105263,78.94736842105263,12,5.0,0.5833333333333333,4,3.0,0.25,4,2.0,0.5,29,0.0,1.0,0.9999999999999962,0.0162949562072753,qiskit,transpiler,2.4.1,3,ok,47,5,experiments/e20_multi_compiler_full/run.py,cf4c43a166f171d450e24f2ab51c9325507d5960589b926a114eb25d926116c5,b157113fb44ad5d44bb46415fd42fd5a5ddf6e6e0356e0856eef6d4c34458721,f6484a9fe6a77e87e41a70c4bb82eb77eb947214b6c55ddb25da191811a856e9,"Random Clifford, depth=10"
2.1.0,MC-E20,e20_full_20260721_150753,2026-07-21T15:24:24.633971+00:00,clifford_8,RandomClifford,8,57,21.0,0.631578947368421,63.1578947368421,12,6.0,0.5,4,4.0,0.0,4,4.0,0.0,29,4.0,0.8620689655172413,0.9999999999999952,0.028135061264038,cirq,optimize_for_target_gateset+eject_z+merge_1q,1.6.1,default,ok,47,5,experiments/e20_multi_compiler_full/run.py,cf4c43a166f171d450e24f2ab51c9325507d5960589b926a114eb25d926116c5,b157113fb44ad5d44bb46415fd42fd5a5ddf6e6e0356e0856eef6d4c34458721,c148e711faaec7819752afa3938ec042d6e7d5f56580c2a14f13730493f6c9e9,"Random Clifford, depth=10"
2.1.0,MC-E20,e20_full_20260721_150753,2026-07-21T15:24:24.861596+00:00,surface_code_8,SurfaceCode,9,10,10.0,0.0,0.0,10,10.0,0.0,8,8.0,0.0,8,8.0,0.0,0,0.0,0.0,,0.0,qiskit,transpiler,2.4.1,3,ok,47,5,experiments/e20_multi_compiler_full/run.py,cf4c43a166f171d450e24f2ab51c9325507d5960589b926a114eb25d926116c5,1c82b236ba06c15d01c63ef7f002938983d64d0466097126e6dd69be4a8ec39b,1c82b236ba06c15d01c63ef7f002938983d64d0466097126e6dd69be4a8ec39b,X-stabilizer syndrome extraction
2.1.0,MC-E20,e20_full_20260721_150753,2026-07-21T15:24:25.328364+00:00,uccsd_8,UCCSD_inspired,8,77,58.0,0.2467532467532467,24.675324675324678,31,27.0,0.1290322580645161,35,27.0,0.2285714285714285,35,27.0,0.2285714285714285,0,0.0,0.0,0.9999999999999992,0.0,qiskit,transpiler,2.4.1,3,ok,47,5,experiments/e20_multi_compiler_full/run.py,cf4c43a166f171d450e24f2ab51c9325507d5960589b926a114eb25d926116c5,23eeb51feebb86c63c1e7f9fa6392df099bd2a774275963270c981e6967c05dc,ebd276a713025f7876bb292c56823881121ba206b7d83b5f27912a5f18d81a87,Parameterized ansatz INSPIRED BY (not true) UCCSD; see make_parameterized_ansatz docstring. Renamed from 'UCCSD' to 'UCCSD_inspired' per review L3 to avoid false claim.
2.1.0,MC-E20,e20_full_20260721_150753,2026-07-21T15:24:25.567798+00:00,uccsd_8,UCCSD_inspired,8,77,66.0,0.1428571428571429,14.28571428571429,31,28.0,0.0967741935483871,35,35.0,0.0,35,35.0,0.0,0,0.0,0.0,0.9999999999999998,0.0331666469573974,cirq,optimize_for_target_gateset+eject_z+merge_1q,1.6.1,default,ok,47,5,experiments/e20_multi_compiler_full/run.py,cf4c43a166f171d450e24f2ab51c9325507d5960589b926a114eb25d926116c5,23eeb51feebb86c63c1e7f9fa6392df099bd2a774275963270c981e6967c05dc,d9e328015f47e36457cacc92dee488d34bf3f367af5677fa7a982bf7432dd919,Parameterized ansatz INSPIRED BY (not true) UCCSD; see make_parameterized_ansatz docstring. Renamed from 'UCCSD' to 'UCCSD_inspired' per review L3 to avoid false claim.
2.1.0,MC-E20,e20_full_20260721_150753,2026-07-21T15:24:26.702558+00:00,haar_4,HaarRandom,4,275,257.0,0.0654545454545454,6.545454545454543,189,189.0,0.0,95,95.0,0.0,95,95.0,0.0,0,0.0,0.0,0.999999999999998,0.0,qiskit,transpiler,2.4.1,3,ok,47,5,experiments/e20_multi_compiler_full/run.py,cf4c43a166f171d450e24f2ab51c9325507d5960589b926a114eb25d926116c5,2503ff53e97dfb8265daaf124538aba30260eaeaac16e8843bb0b4ba2ecf72f6,1fd414a17619632c3862e265ebc8c05bb9eef31dfc05f6cacb7f0c1ac11c2f3e,"Haar-random unitary, exact synthesis"
2.1.0,MC-E20,e20_full_20260721_150753,2026-07-21T15:24:26.979230+00:00,haar_4,HaarRandom,4,275,367.0,-0.3345454545454545,-33.454545454545446,189,238.0,-0.2592592592592593,95,95.0,0.0,95,95.0,0.0,0,16.0,0.0,0.9999999999999972,0.2191650867462158,cirq,optimize_for_target_gateset+eject_z+merge_1q,1.6.1,default,ok,47,5,experiments/e20_multi_compiler_full/run.py,cf4c43a166f171d450e24f2ab51c9325507d5960589b926a114eb25d926116c5,2503ff53e97dfb8265daaf124538aba30260eaeaac16e8843bb0b4ba2ecf72f6,556a257ce252e59a2226cbe9d43ae37221926f82cd89861d05cf5c490dd95520,"Haar-random unitary, exact synthesis"
2.1.0,MC-E20,e20_full_20260721_150753,2026-07-21T15:24:29.468551+00:00,haar_4,HaarRandom,4,275,257.0,0.0654545454545454,6.545454545454543,189,189.0,0.0,95,95.0,0.0,95,95.0,0.0,0,0.0,0.0,0.9999999999999998,2.458847522735596,tket,FullPeepholeOptimise,2.18.0,default,ok,47,5,experiments/e20_multi_compiler_full/run.py,cf4c43a166f171d450e24f2ab51c9325507d5960589b926a114eb25d926116c5,2503ff53e97dfb8265daaf124538aba30260eaeaac16e8843bb0b4ba2ecf72f6,5670c50c2df657ad83540c86c33c8118d4868395e006578cf5d9dde30e01708a,"Haar-random unitary, exact synthesis"
2.1.0,MC-E20,e20_full_20260721_150753,2026-07-21T15:24:29.764007+00:00,qft_4,QFT,4,10,10.0,0.0,0.0,7,7.0,0.0,6,6.0,0.0,0,0.0,0.0,0,0.0,0.0,0.9999999999999988,0.0152313709259033,qiskit,transpiler,2.4.1,3,ok,48,6,experiments/e20_multi_compiler_full/run.py,cf4c43a166f171d450e24f2ab51c9325507d5960589b926a114eb25d926116c5,ec754f7e3892ee8ca405ace36ffa2cf3d8489863d2f83852f623de773dd94b1e,001408f6c8b62c5aa1e72c56729dcc2520332ae2954b17daf86162a5a4f46ac6,
2.1.0,MC-E20,e20_full_20260721_150753,2026-07-21T15:24:29.782215+00:00,qft_4,QFT,4,10,,,,7,,,6,,,0,,,0,,,,0.0182075500488281,cirq,optimize_for_target_gateset+eject_z+merge_1q,1.6.1,default,"error: ""<input>:17,0: 'sx' is not defined in this scope""",48,6,experiments/e20_multi_compiler_full/run.py,cf4c43a166f171d450e24f2ab51c9325507d5960589b926a114eb25d926116c5,ec754f7e3892ee8ca405ace36ffa2cf3d8489863d2f83852f623de773dd94b1e,none,
2.1.0,MC-E20,e20_full_20260721_150753,2026-07-21T15:24:30.085933+00:00,qft_4,QFT,4,10,31.0,-2.1,-210.0,7,19.0,-1.7142857142857144,6,12.0,-1.0,0,12.0,0.0,0,0.0,0.0,1.0,0.303718090057373,tket,FullPeepholeOptimise,2.18.0,default,ok,48,6,experiments/e20_multi_compiler_full/run.py,cf4c43a166f171d450e24f2ab51c9325507d5960589b926a114eb25d926116c5,ec754f7e3892ee8ca405ace36ffa2cf3d8489863d2f83852f623de773dd94b1e,1c29c769144f94e13e3a392f195ebc1c6cfc77bad3bffa3aa293760f9e7c4679,
2.1.0,MC-E20,e20_full_20260721_150753,2026-07-21T15:24:30.118953+00:00,ghz_4,GHZ,4,4,4.0,0.0,0.0,4,4.0,0.0,3,3.0,0.0,3,3.0,0.0,0,0.0,0.0,0.9999999999999996,0.015465497970581,qiskit,transpiler,2.4.1,3,ok,48,6,experiments/e20_multi_compiler_full/run.py,cf4c43a166f171d450e24f2ab51c9325507d5960589b926a114eb25d926116c5,632a65a86fd9bfab17ccedbd10b32b45490cc33030a23af0d675ad3e8ad7a445,632a65a86fd9bfab17ccedbd10b32b45490cc33030a23af0d675ad3e8ad7a445,
2.1.0,MC-E20,e20_full_20260721_150753,2026-07-21T15:24:30.136112+00:00,ghz_4,GHZ,4,4,5.0,-0.25,-25.0,4,5.0,-0.25,3,3.0,0.0,3,3.0,0.0,0,0.0,0.0,0.9999999999999996,0.0171592235565185,cirq,optimize_for_target_gateset+eject_z+merge_1q,1.6.1,default,ok,48,6,experiments/e20_multi_compiler_full/run.py,cf4c43a166f171d450e24f2ab51c9325507d5960589b926a114eb25d926116c5,632a65a86fd9bfab17ccedbd10b32b45490cc33030a23af0d675ad3e8ad7a445,06491f2cd8fd8193e00cd40c6bc0442b5ca960f1c6e319f098b23e2c3ef0bc78,
2.1.0,MC-E20,e20_full_20260721_150753,2026-07-21T15:24:30.219906+00:00,ghz_4,GHZ,4,4,4.0,0.0,0.0,4,4.0,0.0,3,3.0,0.0,3,3.0,0.0,0,0.0,0.0,1.0,0.0837936401367187,tket,FullPeepholeOptimise,2.18.0,default,ok,48,6,experiments/e20_multi_compiler_full/run.py,cf4c43a166f171d450e24f2ab51c9325507d5960589b926a114eb25d926116c5,632a65a86fd9bfab17ccedbd10b32b45490cc33030a23af0d675ad3e8ad7a445,0ca2e20394ef52eecba8c72454ae73e952a311d06ff639876717b3ceaa156322,
2.1.0,MC-E20,e20_full_20260721_150753,2026-07-21T15:24:30.240105+00:00,cnot_chain_4,CNOT,4,24,0.0,1.0,100.0,18,0.0,1.0,24,0.0,1.0,24,0.0,1.0,0,0.0,0.0,1.0,0.0057158470153808,qiskit,transpiler,2.4.1,3,ok,48,6,experiments/e20_multi_compiler_full/run.py,cf4c43a166f171d450e24f2ab51c9325507d5960589b926a114eb25d926116c5,c15ccd1efbe0b71c21464e888a978afbe6b6cf006bd895873c7d9b8e51efbaf0,80cb67051feabb1a835727fede3367602f1e692e3ec9d1d7247266c73803bd7d,
2.1.0,MC-E20,e20_full_20260721_150753,2026-07-21T15:24:30.255575+00:00,cnot_chain_4,CNOT,4,24,24.0,0.0,0.0,18,18.0,0.0,24,24.0,0.0,24,24.0,0.0,0,0.0,0.0,1.0,0.0154697895050048,cirq,optimize_for_target_gateset+eject_z+merge_1q,1.6.1,default,ok,48,6,experiments/e20_multi_compiler_full/run.py,cf4c43a166f171d450e24f2ab51c9325507d5960589b926a114eb25d926116c5,c15ccd1efbe0b71c21464e888a978afbe6b6cf006bd895873c7d9b8e51efbaf0,1c48b34ca8afe4511d74e3b454e70aaafbcd3af62f2f6f4baaa92a9c810a5a2d,
2.1.0,MC-E20,e20_full_20260721_150753,2026-07-21T15:24:30.272645+00:00,cnot_chain_4,CNOT,4,24,0.0,1.0,100.0,18,0.0,1.0,24,0.0,1.0,24,0.0,1.0,0,0.0,0.0,1.0,0.0,tket,FullPeepholeOptimise,2.18.0,default,ok,48,6,experiments/e20_multi_compiler_full/run.py,cf4c43a166f171d450e24f2ab51c9325507d5960589b926a114eb25d926116c5,c15ccd1efbe0b71c21464e888a978afbe6b6cf006bd895873c7d9b8e51efbaf0,80cb67051feabb1a835727fede3367602f1e692e3ec9d1d7247266c73803bd7d,
2.1.0,MC-E20,e20_full_20260721_150753,2026-07-21T15:24:30.296070+00:00,bv_4,Oracle,5,15,11.0,0.2666666666666667,26.66666666666667,7,5.0,0.2857142857142857,3,3.0,0.0,3,3.0,0.0,0,0.0,0.0,0.999999999999997,0.0135672092437744,qiskit,transpiler,2.4.1,3,ok,48,6,experiments/e20_multi_compiler_full/run.py,cf4c43a166f171d450e24f2ab51c9325507d5960589b926a114eb25d926116c5,e4d691f8c012af76095e7a10ad56544d75b24ab2672cd278233741ac8ea1250f,aa74194402b27c217573798f3a2b2d9a919997ec817cd75d494b8e98f4b8dc01,
2.1.0,MC-E20,e20_full_20260721_150753,2026-07-21T15:24:30.317004+00:00,bv_4,Oracle,5,15,17.0,-0.1333333333333333,-13.33333333333333,7,7.0,0.0,3,3.0,0.0,3,3.0,0.0,0,0.0,0.0,,0.0209341049194335,cirq,optimize_for_target_gateset+eject_z+merge_1q,1.6.1,default,ok,48,6,experiments/e20_multi_compiler_full/run.py,cf4c43a166f171d450e24f2ab51c9325507d5960589b926a114eb25d926116c5,e4d691f8c012af76095e7a10ad56544d75b24ab2672cd278233741ac8ea1250f,b01c4c83fe8eef21a7fb817ebb2abd3e2d788b2bfca96c51add9cc7a65884d03,
2.1.0,MC-E20,e20_full_20260721_150753,2026-07-21T15:24:30.419592+00:00,bv_4,Oracle,5,15,11.0,0.2666666666666667,26.66666666666667,7,5.0,0.2857142857142857,3,3.0,0.0,3,3.0,0.0,0,0.0,0.0,0.9999999999999988,0.1025869846343994,tket,FullPeepholeOptimise,2.18.0,default,ok,48,6,experiments/e20_multi_compiler_full/run.py,cf4c43a166f171d450e24f2ab51c9325507d5960589b926a114eb25d926116c5,e4d691f8c012af76095e7a10ad56544d75b24ab2672cd278233741ac8ea1250f,34b7415b85eee814f9f161fa5f2fc5117718586dcc907ad341bd502226d1535d,
2.1.0,MC-E20,e20_full_20260721_150753,2026-07-21T15:24:30.444295+00:00,qaoa_line_4,QAOA,4,30,30.0,0.0,0.0,18,18.0,0.0,12,12.0,0.0,12,12.0,0.0,0,0.0,0.0,1.0,0.0136237144470214,qiskit,transpiler,2.4.1,3,ok,48,6,experiments/e20_multi_compiler_full/run.py,cf4c43a166f171d450e24f2ab51c9325507d5960589b926a114eb25d926116c5,65f592344b8acc554c3a00e55cb68cb2b4a25995558e519d73c1ff30b0ba7c28,65f592344b8acc554c3a00e55cb68cb2b4a25995558e519d73c1ff30b0ba7c28,
2.1.0,MC-E20,e20_full_20260721_150753,2026-07-21T15:24:30.488135+00:00,qaoa_line_4,QAOA,4,30,34.0,-0.1333333333333333,-13.33333333333333,18,19.0,-0.0555555555555555,12,12.0,0.0,12,12.0,0.0,0,0.0,0.0,1.0,0.0297236442565917,cirq,optimize_for_target_gateset+eject_z+merge_1q,1.6.1,default,ok,48,6,experiments/e20_multi_compiler_full/run.py,cf4c43a166f171d450e24f2ab51c9325507d5960589b926a114eb25d926116c5,65f592344b8acc554c3a00e55cb68cb2b4a25995558e519d73c1ff30b0ba7c28,36199f8aa16963f4c551a2db00fe6a260496cce3a092cf38325e66f892919eca,
2.1.0,MC-E20,e20_full_20260721_150753,2026-07-21T15:24:30.763476+00:00,qaoa_line_4,QAOA,4,30,28.0,0.0666666666666666,6.666666666666665,18,18.0,0.0,12,12.0,0.0,12,12.0,0.0,0,0.0,0.0,1.0000000000000009,0.2604453563690185,tket,FullPeepholeOptimise,2.18.0,default,ok,48,6,experiments/e20_multi_compiler_full/run.py,cf4c43a166f171d450e24f2ab51c9325507d5960589b926a114eb25d926116c5,65f592344b8acc554c3a00e55cb68cb2b4a25995558e519d73c1ff30b0ba7c28,9054feaafbbe1d9ca4c632d1a3c32137526d0ba1d14f1733e64dc290304709a1,
2.1.0,MC-E20,e20_full_20260721_150753,2026-07-21T15:24:30.786831+00:00,vqe_twolocal_4,VQE,4,30,18.0,0.4,40.0,11,8.0,0.2727272727272727,6,6.0,0.0,6,6.0,0.0,0,0.0,0.0,0.9999999999999998,0.0082557201385498,qiskit,transpiler,2.4.1,3,ok,48,6,experiments/e20_multi_compiler_full/run.py,cf4c43a166f171d450e24f2ab51c9325507d5960589b926a114eb25d926116c5,ad7bbce60c83892a7cbd764369a0ec4acd59db70b4d27fcfe489675cfa715e0b,f233c4d3f9ef25d36e1835054e2a71db3963ead0ca47b86ca642497d0415619b,
2.1.0,MC-E20,e20_full_20260721_150753,2026-07-21T15:24:30.938329+00:00,vqe_twolocal_4,VQE,4,30,30.0,0.0,0.0,11,11.0,0.0,6,6.0,0.0,6,6.0,0.0,0,0.0,0.0,0.9999999999999996,0.1407170295715332,cirq,optimize_for_target_gateset+eject_z+merge_1q,1.6.1,default,ok,48,6,experiments/e20_multi_compiler_full/run.py,cf4c43a166f171d450e24f2ab51c9325507d5960589b926a114eb25d926116c5,ad7bbce60c83892a7cbd764369a0ec4acd59db70b4d27fcfe489675cfa715e0b,50dccbeee2f181a462a8996e6d8d5146b6eb8d0f840f6de60d677911430a592b,
2.1.0,MC-E20,e20_full_20260721_150753,2026-07-21T15:24:31.171553+00:00,vqe_twolocal_4,VQE,4,30,18.0,0.4,40.0,11,8.0,0.2727272727272727,6,6.0,0.0,6,6.0,0.0,0,0.0,0.0,1.0,0.2290856838226318,tket,FullPeepholeOptimise,2.18.0,default,ok,48,6,experiments/e20_multi_compiler_full/run.py,cf4c43a166f171d450e24f2ab51c9325507d5960589b926a114eb25d926116c5,ad7bbce60c83892a7cbd764369a0ec4acd59db70b4d27fcfe489675cfa715e0b,d46ece12e6ca2d14131d60dacbef7a4db24fcfdba0843290921cbcd71a0b793a,
2.1.0,MC-E20,e20_full_20260721_150753,2026-07-21T15:24:31.209784+00:00,hardware_eff_4,HardwareEfficient,4,22,14.0,0.3636363636363636,36.36363636363637,8,6.0,0.25,6,6.0,0.0,6,6.0,0.0,0,0.0,0.0,0.9999999999999996,0.0105996131896972,qiskit,transpiler,2.4.1,3,ok,48,6,experiments/e20_multi_compiler_full/run.py,cf4c43a166f171d450e24f2ab51c9325507d5960589b926a114eb25d926116c5,60e8b0b33776144f50aae5be49911efa5b57dd35b08d25169e36b18aada3e5dd,cb20e9b1615f326a6b36f0f410020a13f326c1cd4af46f5e9d97302787028a26,
2.1.0,MC-E20,e20_full_20260721_150753,2026-07-21T15:24:31.231843+00:00,hardware_eff_4,HardwareEfficient,4,22,22.0,0.0,0.0,8,8.0,0.0,6,6.0,0.0,6,6.0,0.0,0,0.0,0.0,1.0,0.0220589637756347,cirq,optimize_for_target_gateset+eject_z+merge_1q,1.6.1,default,ok,48,6,experiments/e20_multi_compiler_full/run.py,cf4c43a166f171d450e24f2ab51c9325507d5960589b926a114eb25d926116c5,60e8b0b33776144f50aae5be49911efa5b57dd35b08d25169e36b18aada3e5dd,ece163e1346c78222e60cf3275733244a93e44fb8e573b8e4593557adffb1908,
2.1.0,MC-E20,e20_full_20260721_150753,2026-07-21T15:24:31.461341+00:00,hardware_eff_4,HardwareEfficient,4,22,14.0,0.3636363636363636,36.36363636363637,8,6.0,0.25,6,6.0,0.0,6,6.0,0.0,0,0.0,0.0,1.0,0.2290401458740234,tket,FullPeepholeOptimise,2.18.0,default,ok,48,6,experiments/e20_multi_compiler_full/run.py,cf4c43a166f171d450e24f2ab51c9325507d5960589b926a114eb25d926116c5,60e8b0b33776144f50aae5be49911efa5b57dd35b08d25169e36b18aada3e5dd,a2a609cbb6140c703c5d88969e9a48202890ef88ae7382b720a548de200faceb,
2.1.0,MC-E20,e20_full_20260721_150753,2026-07-21T15:24:31.484578+00:00,grover_4,Grover,4,30,62.0,-1.0666666666666669,-106.66666666666669,13,53.0,-3.0769230769230766,0,28.0,0.0,0,28.0,0.0,0,0.0,0.0,0.9999999999999938,0.0086824893951416,qiskit,transpiler,2.4.1,3,ok,48,6,experiments/e20_multi_compiler_full/run.py,cf4c43a166f171d450e24f2ab51c9325507d5960589b926a114eb25d926116c5,f9a1cf8c2090b23b5aeb3d225584f01fe0175fc36c51b58e63ca433e71332397,54b786a28dca2f116fcb7dfc6762d5ed03184ab47c038301c3c7e14db2a1714e,"Single Grover iteration, random marked state"
2.1.0,MC-E20,e20_full_20260721_150753,2026-07-21T15:24:31.547106+00:00,grover_4,Grover,4,30,78.0,-1.6,-160.0,13,57.0,-3.384615384615385,0,28.0,0.0,0,28.0,0.0,0,0.0,0.0,0.9999999999999928,0.0625278949737548,cirq,optimize_for_target_gateset+eject_z+merge_1q,1.6.1,default,ok,48,6,experiments/e20_multi_compiler_full/run.py,cf4c43a166f171d450e24f2ab51c9325507d5960589b926a114eb25d926116c5,f9a1cf8c2090b23b5aeb3d225584f01fe0175fc36c51b58e63ca433e71332397,bb6d56b967d593d7fe2f17d01d46135182574c09d3e12d3aa1d9cff1232ae907,"Single Grover iteration, random marked state"
2.1.0,MC-E20,e20_full_20260721_150753,2026-07-21T15:24:32.360064+00:00,grover_4,Grover,4,30,64.0,-1.1333333333333333,-113.33333333333331,13,55.0,-3.230769230769231,0,28.0,0.0,0,28.0,0.0,0,0.0,0.0,0.9999999999999968,0.8019101619720459,tket,FullPeepholeOptimise,2.18.0,default,ok,48,6,experiments/e20_multi_compiler_full/run.py,cf4c43a166f171d450e24f2ab51c9325507d5960589b926a114eb25d926116c5,f9a1cf8c2090b23b5aeb3d225584f01fe0175fc36c51b58e63ca433e71332397,b994bd33542c3d426212c729e31f5b9c8fd34ca47daf9b661380772e379d00b2,"Single Grover iteration, random marked state"
2.1.0,MC-E20,e20_full_20260721_150753,2026-07-21T15:24:32.384402+00:00,adder_4,Adder,4,5,5.0,0.0,0.0,5,5.0,0.0,2,2.0,0.0,2,2.0,0.0,0,0.0,0.0,1.0,0.0111713409423828,qiskit,transpiler,2.4.1,3,ok,48,6,experiments/e20_multi_compiler_full/run.py,cf4c43a166f171d450e24f2ab51c9325507d5960589b926a114eb25d926116c5,f1385dea23b197291382303ec5ddac0c2b35748e3eb579fdc7cf835943215c47,f1385dea23b197291382303ec5ddac0c2b35748e3eb579fdc7cf835943215c47,"Ripple-carry adder, random inputs"
2.1.0,MC-E20,e20_full_20260721_150753,2026-07-21T15:24:32.401113+00:00,adder_4,Adder,4,5,5.0,0.0,0.0,5,5.0,0.0,2,2.0,0.0,2,2.0,0.0,0,0.0,0.0,1.0,0.0144343376159667,cirq,optimize_for_target_gateset+eject_z+merge_1q,1.6.1,default,ok,48,6,experiments/e20_multi_compiler_full/run.py,cf4c43a166f171d450e24f2ab51c9325507d5960589b926a114eb25d926116c5,f1385dea23b197291382303ec5ddac0c2b35748e3eb579fdc7cf835943215c47,f1385dea23b197291382303ec5ddac0c2b35748e3eb579fdc7cf835943215c47,"Ripple-carry adder, random inputs"
2.1.0,MC-E20,e20_full_20260721_150753,2026-07-21T15:24:32.713467+00:00,adder_4,Adder,4,5,38.0,-6.6,-660.0,5,29.0,-4.8,2,18.0,-8.0,2,18.0,-8.0,0,0.0,0.0,1.0000000000000009,0.3118491172790527,tket,FullPeepholeOptimise,2.18.0,default,ok,48,6,experiments/e20_multi_compiler_full/run.py,cf4c43a166f171d450e24f2ab51c9325507d5960589b926a114eb25d926116c5,f1385dea23b197291382303ec5ddac0c2b35748e3eb579fdc7cf835943215c47,5b1b261b21fc8e50a55f46a82af1e4fae9bedae445b292f4ea4a1bc615944d8a,"Ripple-carry adder, random inputs"
2.1.0,MC-E20,e20_full_20260721_150753,2026-07-21T15:24:32.860739+00:00,qwalk_4,QuantumWalk,5,58,453.0,-6.810344827586207,-681.0344827586207,35,387.0,-10.057142857142855,6,252.0,-41.0,6,198.0,-32.0,0,36.0,0.0,0.9999999999999496,0.0156550407409667,qiskit,transpiler,2.4.1,3,ok,48,6,experiments/e20_multi_compiler_full/run.py,cf4c43a166f171d450e24f2ab51c9325507d5960589b926a114eb25d926116c5,7074e5550fd50d3e754cca442378867f8f4fc60229f4ff42222c5d6220930317,0ab0898649a066993c0bc76d813d0243b04fcf4cc7fa9af7a77e1cfbfc976697,"DTQW on cycle, 3 steps"
2.1.0,MC-E20,e20_full_20260721_150753,2026-07-21T15:24:33.203290+00:00,qwalk_4,QuantumWalk,5,58,,,,35,,,6,,,6,,,0,,,,0.3425502777099609,cirq,optimize_for_target_gateset+eject_z+merge_1q,1.6.1,default,"error: ""<input>:27,0: 'sx' is not defined in this scope""",48,6,experiments/e20_multi_compiler_full/run.py,cf4c43a166f171d450e24f2ab51c9325507d5960589b926a114eb25d926116c5,7074e5550fd50d3e754cca442378867f8f4fc60229f4ff42222c5d6220930317,none,"DTQW on cycle, 3 steps"
2.1.0,MC-E20,e20_full_20260721_150753,2026-07-21T15:24:41.091405+00:00,qwalk_4,QuantumWalk,5,58,686.0,-10.827586206896552,-1082.7586206896551,35,534.0,-14.257142857142858,6,330.0,-54.0,6,330.0,-54.0,0,0.0,0.0,0.9999999999999702,7.721263408660889,tket,FullPeepholeOptimise,2.18.0,default,ok,48,6,experiments/e20_multi_compiler_full/run.py,cf4c43a166f171d450e24f2ab51c9325507d5960589b926a114eb25d926116c5,7074e5550fd50d3e754cca442378867f8f4fc60229f4ff42222c5d6220930317,f743b111fac8cbff73fd9022c7c3cd08ddd7b8413f63bb7a03640be2e2209e7d,"DTQW on cycle, 3 steps"
2.1.0,MC-E20,e20_full_20260721_150753,2026-07-21T15:24:41.123387+00:00,iqp_4,IQP,4,23,7.0,0.6956521739130435,69.56521739130434,9,3.0,0.6666666666666667,5,1.0,0.8,0,0.0,0.0,0,0.0,0.0,0.9999999999999984,0.0136137008666992,qiskit,transpiler,2.4.1,3,ok,48,6,experiments/e20_multi_compiler_full/run.py,cf4c43a166f171d450e24f2ab51c9325507d5960589b926a114eb25d926116c5,ee32ea8d94aad06fdfebd433bb0a578c7ca0dd2af030752dc4cd8d2cc2494e73,a5544d036184f6fbdb2081b85b798f11ce217bdb7af18ec16a1431c7d1c7bd4e,"IQP circuit, 3 diagonal layers"
2.1.0,MC-E20,e20_full_20260721_150753,2026-07-21T15:24:41.162913+00:00,iqp_4,IQP,4,23,21.0,0.0869565217391304,8.695652173913048,9,8.0,0.1111111111111111,5,5.0,0.0,0,0.0,0.0,0,2.0,0.0,0.999999999999998,0.0290043354034423,cirq,optimize_for_target_gateset+eject_z+merge_1q,1.6.1,default,ok,48,6,experiments/e20_multi_compiler_full/run.py,cf4c43a166f171d450e24f2ab51c9325507d5960589b926a114eb25d926116c5,ee32ea8d94aad06fdfebd433bb0a578c7ca0dd2af030752dc4cd8d2cc2494e73,522f1e24b49ecb9d1ecd3b04380871c8d1d67ce2c4c0430136febd1b01a60537,"IQP circuit, 3 diagonal layers"
2.1.0,MC-E20,e20_full_20260721_150753,2026-07-21T15:24:41.253896+00:00,iqp_4,IQP,4,23,5.0,0.782608695652174,78.26086956521739,9,3.0,0.6666666666666667,5,1.0,0.8,0,1.0,0.0,0,0.0,0.0,0.9999999999999992,0.0878045558929443,tket,FullPeepholeOptimise,2.18.0,default,ok,48,6,experiments/e20_multi_compiler_full/run.py,cf4c43a166f171d450e24f2ab51c9325507d5960589b926a114eb25d926116c5,ee32ea8d94aad06fdfebd433bb0a578c7ca0dd2af030752dc4cd8d2cc2494e73,fd2c245fd02a56cca6cf65cb39eab4d038bb9c3aeae79e758fa509d4a83fb2d4,"IQP circuit, 3 diagonal layers"
2.1.0,MC-E20,e20_full_20260721_150753,2026-07-21T15:24:41.294988+00:00,clifford_4,RandomClifford,4,31,9.0,0.7096774193548387,70.96774193548387,14,4.0,0.7142857142857143,6,3.0,0.5,6,2.0,0.6666666666666667,15,0.0,1.0,0.9999999999999984,0.0173900127410888,qiskit,transpiler,2.4.1,3,ok,48,6,experiments/e20_multi_compiler_full/run.py,cf4c43a166f171d450e24f2ab51c9325507d5960589b926a114eb25d926116c5,788680ffececa211a350ee717d4c70ddd57f5e6ae05a867105f86f18b4eac490,493eab1ff08a032b1e1ce935db0f4066c44fe9bddfa186df610a24c175198a35,"Random Clifford, depth=10"
2.1.0,MC-E20,e20_full_20260721_150753,2026-07-21T15:24:41.348013+00:00,clifford_4,RandomClifford,4,31,23.0,0.2580645161290322,25.806451612903224,14,15.0,-0.0714285714285714,6,6.0,0.0,6,6.0,0.0,15,4.0,0.7333333333333334,0.9999999999999976,0.0424702167510986,cirq,optimize_for_target_gateset+eject_z+merge_1q,1.6.1,default,ok,48,6,experiments/e20_multi_compiler_full/run.py,cf4c43a166f171d450e24f2ab51c9325507d5960589b926a114eb25d926116c5,788680ffececa211a350ee717d4c70ddd57f5e6ae05a867105f86f18b4eac490,72c57561e1a21741feadf524e8a348b3444a2239992f0d4dccdf091bc00ddfd3,"Random Clifford, depth=10"
2.1.0,MC-E20,e20_full_20260721_150753,2026-07-21T15:24:41.511531+00:00,clifford_4,RandomClifford,4,31,10.0,0.6774193548387097,67.74193548387098,14,5.0,0.6428571428571428,6,3.0,0.5,6,3.0,0.5,15,0.0,1.0,0.9999999999999992,0.1624400615692138,tket,FullPeepholeOptimise,2.18.0,default,ok,48,6,experiments/e20_multi_compiler_full/run.py,cf4c43a166f171d450e24f2ab51c9325507d5960589b926a114eb25d926116c5,788680ffececa211a350ee717d4c70ddd57f5e6ae05a867105f86f18b4eac490,e62b61efa3b5560d523330905c4400515c7fa504f409c7e61117c6fe684a6e4c,"Random Clifford, depth=10"
2.1.0,MC-E20,e20_full_20260721_150753,2026-07-21T15:24:41.526825+00:00,surface_code_4,SurfaceCode,5,6,6.0,0.0,0.0,6,6.0,0.0,4,4.0,0.0,4,4.0,0.0,0,0.0,0.0,0.9999999999999996,0.0,qiskit,transpiler,2.4.1,3,ok,48,6,experiments/e20_multi_compiler_full/run.py,cf4c43a166f171d450e24f2ab51c9325507d5960589b926a114eb25d926116c5,98123c419282ef8d7ead755526545f8d1b8e6129c506a92b5eb114e588eb0ab3,98123c419282ef8d7ead755526545f8d1b8e6129c506a92b5eb114e588eb0ab3,X-stabilizer syndrome extraction
2.1.0,MC-E20,e20_full_20260721_150753,2026-07-21T15:24:41.555758+00:00,surface_code_4,SurfaceCode,5,6,8.0,-0.3333333333333332,-33.33333333333333,6,8.0,-0.3333333333333332,4,4.0,0.0,4,4.0,0.0,0,0.0,0.0,0.9999999999999996,0.028933048248291,cirq,optimize_for_target_gateset+eject_z+merge_1q,1.6.1,default,ok,48,6,experiments/e20_multi_compiler_full/run.py,cf4c43a166f171d450e24f2ab51c9325507d5960589b926a114eb25d926116c5,98123c419282ef8d7ead755526545f8d1b8e6129c506a92b5eb114e588eb0ab3,0c00266c7a53ad112762f22de25c0fc98ea983228dd47f0b202a21e7f7e4e1be,X-stabilizer syndrome extraction
2.1.0,MC-E20,e20_full_20260721_150753,2026-07-21T15:24:41.733366+00:00,surface_code_4,SurfaceCode,5,6,6.0,0.0,0.0,6,6.0,0.0,4,4.0,0.0,4,4.0,0.0,0,0.0,0.0,1.0,0.1754229068756103,tket,FullPeepholeOptimise,2.18.0,default,ok,48,6,experiments/e20_multi_compiler_full/run.py,cf4c43a166f171d450e24f2ab51c9325507d5960589b926a114eb25d926116c5,98123c419282ef8d7ead755526545f8d1b8e6129c506a92b5eb114e588eb0ab3,e694cc95c19205cba6e40e73a6bfb0e277a3503f412895d9b4fc596b1716e5a2,X-stabilizer syndrome extraction
2.1.0,MC-E20,e20_full_20260721_150753,2026-07-21T15:24:41.756191+00:00,uccsd_4,UCCSD_inspired,4,28,22.0,0.2142857142857143,21.42857142857143,16,15.0,0.0625,14,10.0,0.2857142857142857,14,10.0,0.2857142857142857,0,0.0,0.0,1.0,0.0093703269958496,qiskit,transpiler,2.4.1,3,ok,48,6,experiments/e20_multi_compiler_full/run.py,cf4c43a166f171d450e24f2ab51c9325507d5960589b926a114eb25d926116c5,181e46c1039e33945da30e22afc697c85923333adf6fa8a48b7aace3776e66d4,610a429d46daa03e29adf98c7535f43af7b5b0a02a7b537f7cb57ab9530d4111,Parameterized ansatz INSPIRED BY (not true) UCCSD; see make_parameterized_ansatz docstring. Renamed from 'UCCSD' to 'UCCSD_inspired' per review L3 to avoid false claim.
2.1.0,MC-E20,e20_full_20260721_150753,2026-07-21T15:24:41.784642+00:00,uccsd_4,UCCSD_inspired,4,28,26.0,0.0714285714285714,7.14285714285714,16,15.0,0.0625,14,14.0,0.0,14,14.0,0.0,0,0.0,0.0,1.0,0.0228891372680664,cirq,optimize_for_target_gateset+eject_z+merge_1q,1.6.1,default,ok,48,6,experiments/e20_multi_compiler_full/run.py,cf4c43a166f171d450e24f2ab51c9325507d5960589b926a114eb25d926116c5,181e46c1039e33945da30e22afc697c85923333adf6fa8a48b7aace3776e66d4,eb423908f91507ea84b7c2e19632063dff0e1d229b202fbd67ffc7767a801957,Parameterized ansatz INSPIRED BY (not true) UCCSD; see make_parameterized_ansatz docstring. Renamed from 'UCCSD' to 'UCCSD_inspired' per review L3 to avoid false claim.
2.1.0,MC-E20,e20_full_20260721_150753,2026-07-21T15:24:42.163722+00:00,uccsd_4,UCCSD_inspired,4,28,22.0,0.2142857142857143,21.42857142857143,16,15.0,0.0625,14,10.0,0.2857142857142857,14,10.0,0.2857142857142857,0,0.0,0.0,1.0,0.3790802955627441,tket,FullPeepholeOptimise,2.18.0,default,ok,48,6,experiments/e20_multi_compiler_full/run.py,cf4c43a166f171d450e24f2ab51c9325507d5960589b926a114eb25d926116c5,181e46c1039e33945da30e22afc697c85923333adf6fa8a48b7aace3776e66d4,cffc456e6426df72ced3d3e8ebf60cc0662f7a2c5cf2fdcefbeeb52f8198e74b,Parameterized ansatz INSPIRED BY (not true) UCCSD; see make_parameterized_ansatz docstring. Renamed from 'UCCSD' to 'UCCSD_inspired' per review L3 to avoid false claim.
2.1.0,MC-E20,e20_full_20260721_150753,2026-07-21T15:24:42.200328+00:00,qft_6,QFT,6,21,21.0,0.0,0.0,11,11.0,0.0,15,15.0,0.0,0,0.0,0.0,0,0.0,0.0,0.9999999999999996,0.0,qiskit,transpiler,2.4.1,3,ok,48,6,experiments/e20_multi_compiler_full/run.py,cf4c43a166f171d450e24f2ab51c9325507d5960589b926a114eb25d926116c5,e761adf8efeac5c21762208c08429dd4686d16eb4cbc1582e6d4ebc809852f66,ce325feb7eafc0f7673a16bbc3b51544984abb6d137b6ba7752bea283600c12b,
2.1.0,MC-E20,e20_full_20260721_150753,2026-07-21T15:24:42.258369+00:00,qft_6,QFT,6,21,,,,11,,,15,,,0,,,0,,,,0.0580406188964843,cirq,optimize_for_target_gateset+eject_z+merge_1q,1.6.1,default,"error: ""<input>:17,0: 'sx' is not defined in this scope""",48,6,experiments/e20_multi_compiler_full/run.py,cf4c43a166f171d450e24f2ab51c9325507d5960589b926a114eb25d926116c5,e761adf8efeac5c21762208c08429dd4686d16eb4cbc1582e6d4ebc809852f66,none,
2.1.0,MC-E20,e20_full_20260721_150753,2026-07-21T15:24:42.900549+00:00,qft_6,QFT,6,21,71.0,-2.380952380952381,-238.0952380952381,11,33.0,-2.0,15,30.0,-1.0,0,30.0,0.0,0,0.0,0.0,1.0,0.6283538341522217,tket,FullPeepholeOptimise,2.18.0,default,ok,48,6,experiments/e20_multi_compiler_full/run.py,cf4c43a166f171d450e24f2ab51c9325507d5960589b926a114eb25d926116c5,e761adf8efeac5c21762208c08429dd4686d16eb4cbc1582e6d4ebc809852f66,1e4c9ed3e36094a6271070b1f1ab2b30e856264476b0c22125357dc3af1d9cc7,
2.1.0,MC-E20,e20_full_20260721_150753,2026-07-21T15:24:42.927444+00:00,ghz_6,GHZ,6,6,6.0,0.0,0.0,6,6.0,0.0,5,5.0,0.0,5,5.0,0.0,0,0.0,0.0,0.9999999999999998,0.011401891708374,qiskit,transpiler,2.4.1,3,ok,48,6,experiments/e20_multi_compiler_full/run.py,cf4c43a166f171d450e24f2ab51c9325507d5960589b926a114eb25d926116c5,df499dded1e0518f2f6266b9f0e35d3c81e6057b5ba6e6decbb0f26370e5bb03,df499dded1e0518f2f6266b9f0e35d3c81e6057b5ba6e6decbb0f26370e5bb03,
2.1.0,MC-E20,e20_full_20260721_150753,2026-07-21T15:24:42.942181+00:00,ghz_6,GHZ,6,6,7.0,-0.1666666666666667,-16.666666666666675,6,7.0,-0.1666666666666667,5,5.0,0.0,5,5.0,0.0,0,0.0,0.0,0.9999999999999998,0.0147373676300048,cirq,optimize_for_target_gateset+eject_z+merge_1q,1.6.1,default,ok,48,6,experiments/e20_multi_compiler_full/run.py,cf4c43a166f171d450e24f2ab51c9325507d5960589b926a114eb25d926116c5,df499dded1e0518f2f6266b9f0e35d3c81e6057b5ba6e6decbb0f26370e5bb03,d4f49c1b8be62a61d262e49773b9cb5ffaafaba57cb3618d0cc608c10726c170,
2.1.0,MC-E20,e20_full_20260721_150753,2026-07-21T15:24:43.114143+00:00,ghz_6,GHZ,6,6,6.0,0.0,0.0,6,6.0,0.0,5,5.0,0.0,5,5.0,0.0,0,0.0,0.0,1.0,0.1701953411102295,tket,FullPeepholeOptimise,2.18.0,default,ok,48,6,experiments/e20_multi_compiler_full/run.py,cf4c43a166f171d450e24f2ab51c9325507d5960589b926a114eb25d926116c5,df499dded1e0518f2f6266b9f0e35d3c81e6057b5ba6e6decbb0f26370e5bb03,f5606110b4c9de2d9c41d6892ae7b8cd5a5d8a4dec34af69160c119d936ae28b,
2.1.0,MC-E20,e20_full_20260721_150753,2026-07-21T15:24:43.143858+00:00,cnot_chain_6,CNOT,6,40,0.0,1.0,100.0,22,0.0,1.0,40,0.0,1.0,40,0.0,1.0,0,0.0,0.0,1.0,0.0079307556152343,qiskit,transpiler,2.4.1,3,ok,48,6,experiments/e20_multi_compiler_full/run.py,cf4c43a166f171d450e24f2ab51c9325507d5960589b926a114eb25d926116c5,a9cbe813352eb8bbddbb6de7feecde853f066b5cf29e96a7a2f84a6cd354761a,995ca4ef9eaba10dd58f1ab322947f30c40e0f095185660849ca98aed2848347,
2.1.0,MC-E20,e20_full_20260721_150753,2026-07-21T15:24:43.178581+00:00,cnot_chain_6,CNOT,6,40,40.0,0.0,0.0,22,22.0,0.0,40,40.0,0.0,40,40.0,0.0,0,0.0,0.0,1.0,0.0242354869842529,cirq,optimize_for_target_gateset+eject_z+merge_1q,1.6.1,default,ok,48,6,experiments/e20_multi_compiler_full/run.py,cf4c43a166f171d450e24f2ab51c9325507d5960589b926a114eb25d926116c5,a9cbe813352eb8bbddbb6de7feecde853f066b5cf29e96a7a2f84a6cd354761a,2e9e1aace549c82c9407f34f36831517d192135307006f6b9830a803c04a3dc1,
2.1.0,MC-E20,e20_full_20260721_150753,2026-07-21T15:24:43.194094+00:00,cnot_chain_6,CNOT,6,40,0.0,1.0,100.0,22,0.0,1.0,40,0.0,1.0,40,0.0,1.0,0,0.0,0.0,1.0,0.0069987773895263,tket,FullPeepholeOptimise,2.18.0,default,ok,48,6,experiments/e20_multi_compiler_full/run.py,cf4c43a166f171d450e24f2ab51c9325507d5960589b926a114eb25d926116c5,a9cbe813352eb8bbddbb6de7feecde853f066b5cf29e96a7a2f84a6cd354761a,995ca4ef9eaba10dd58f1ab322947f30c40e0f095185660849ca98aed2848347,
2.1.0,MC-E20,e20_full_20260721_150753,2026-07-21T15:24:43.228197+00:00,bv_6,Oracle,7,21,17.0,0.1904761904761904,19.047619047619047,9,7.0,0.2222222222222222,5,5.0,0.0,5,5.0,0.0,0,0.0,0.0,0.9999999999999962,0.003692626953125,qiskit,transpiler,2.4.1,3,ok,48,6,experiments/e20_multi_compiler_full/run.py,cf4c43a166f171d450e24f2ab51c9325507d5960589b926a114eb25d926116c5,ec5b75bb8fd562cbab0e85cb28232cf47c9f5e9ae4018207926c33a32e5eeee2,2eb238cd278dc7ede97cd3ebfe27b9b992f17d003c7e5928f25518fed4a68780,
2.1.0,MC-E20,e20_full_20260721_150753,2026-07-21T15:24:43.250685+00:00,bv_6,Oracle,7,21,27.0,-0.2857142857142858,-28.57142857142858,9,9.0,0.0,5,5.0,0.0,5,5.0,0.0,0,0.0,0.0,,0.0224874019622802,cirq,optimize_for_target_gateset+eject_z+merge_1q,1.6.1,default,ok,48,6,experiments/e20_multi_compiler_full/run.py,cf4c43a166f171d450e24f2ab51c9325507d5960589b926a114eb25d926116c5,ec5b75bb8fd562cbab0e85cb28232cf47c9f5e9ae4018207926c33a32e5eeee2,dc0b52363d794bf13bc38e4ed94c77586f5bb97475ce30b4f253d9c92753ec62,
2.1.0,MC-E20,e20_full_20260721_150753,2026-07-21T15:24:43.505707+00:00,qaoa_line_6,QAOA,6,48,48.0,0.0,0.0,24,24.0,0.0,20,20.0,0.0,20,20.0,0.0,0,0.0,0.0,1.0000000000000009,0.0020103454589843,qiskit,transpiler,2.4.1,3,ok,48,6,experiments/e20_multi_compiler_full/run.py,cf4c43a166f171d450e24f2ab51c9325507d5960589b926a114eb25d926116c5,13e9f8976b98d51a8d80d5f25fd4790c38e9a3266c3d1ff362547df206704c22,13e9f8976b98d51a8d80d5f25fd4790c38e9a3266c3d1ff362547df206704c22,
2.1.0,MC-E20,e20_full_20260721_150753,2026-07-21T15:24:43.569104+00:00,qaoa_line_6,QAOA,6,48,54.0,-0.125,-12.5,24,25.0,-0.0416666666666667,20,20.0,0.0,20,20.0,0.0,0,0.0,0.0,0.9999999999999992,0.0482826232910156,cirq,optimize_for_target_gateset+eject_z+merge_1q,1.6.1,default,ok,48,6,experiments/e20_multi_compiler_full/run.py,cf4c43a166f171d450e24f2ab51c9325507d5960589b926a114eb25d926116c5,13e9f8976b98d51a8d80d5f25fd4790c38e9a3266c3d1ff362547df206704c22,eb9ae4c515afc4ef6616150bf96de4d6d5194b514fe19c57bc135fccd5c3eee1,
2.1.0,MC-E20,e20_full_20260721_150753,2026-07-21T15:24:44.060769+00:00,qaoa_line_6,QAOA,6,48,46.0,0.0416666666666666,4.166666666666663,24,24.0,0.0,20,20.0,0.0,20,20.0,0.0,0,0.0,0.0,1.0000000000000029,0.4693453311920166,tket,FullPeepholeOptimise,2.18.0,default,ok,48,6,experiments/e20_multi_compiler_full/run.py,cf4c43a166f171d450e24f2ab51c9325507d5960589b926a114eb25d926116c5,13e9f8976b98d51a8d80d5f25fd4790c38e9a3266c3d1ff362547df206704c22,7c63224308f20d35935672db7fd4583df685090743fccccc494af1f4fdbff8bc,
2.1.0,MC-E20,e20_full_20260721_150753,2026-07-21T15:24:44.094213+00:00,vqe_twolocal_6,VQE,6,46,28.0,0.3913043478260869,39.13043478260869,13,10.0,0.2307692307692307,10,10.0,0.0,10,10.0,0.0,0,0.0,0.0,0.9999999999999996,0.0,qiskit,transpiler,2.4.1,3,ok,48,6,experiments/e20_multi_compiler_full/run.py,cf4c43a166f171d450e24f2ab51c9325507d5960589b926a114eb25d926116c5,db532db8ed62ab97ca9628350f586bde066f1b7d1e971a80106d1fca3b1beb87,2e919b0c2ea6c260db3a0678632a473fe7ca943ac2e7ce5293c8277c0ca17065,
2.1.0,MC-E20,e20_full_20260721_150753,2026-07-21T15:24:44.157424+00:00,vqe_twolocal_6,VQE,6,46,46.0,0.0,0.0,13,13.0,0.0,10,10.0,0.0,10,10.0,0.0,0,0.0,0.0,0.9999999999999996,0.044379711151123,cirq,optimize_for_target_gateset+eject_z+merge_1q,1.6.1,default,ok,48,6,experiments/e20_multi_compiler_full/run.py,cf4c43a166f171d450e24f2ab51c9325507d5960589b926a114eb25d926116c5,db532db8ed62ab97ca9628350f586bde066f1b7d1e971a80106d1fca3b1beb87,a717a233fb7dc92b83e9f2d1fe8bb1d54da412755805b38ba7664a8c88cd459d,
2.1.0,MC-E20,e20_full_20260721_150753,2026-07-21T15:24:44.592617+00:00,vqe_twolocal_6,VQE,6,46,28.0,0.3913043478260869,39.13043478260869,13,10.0,0.2307692307692307,10,10.0,0.0,10,10.0,0.0,0,0.0,0.0,0.9999999999999998,0.4296066761016845,tket,FullPeepholeOptimise,2.18.0,default,ok,48,6,experiments/e20_multi_compiler_full/run.py,cf4c43a166f171d450e24f2ab51c9325507d5960589b926a114eb25d926116c5,db532db8ed62ab97ca9628350f586bde066f1b7d1e971a80106d1fca3b1beb87,1cf9d6ff14955a4e54c30df2f9386eb6e228e487caca7408298161aec16772ac,
2.1.0,MC-E20,e20_full_20260721_150753,2026-07-21T15:24:44.615236+00:00,hardware_eff_6,HardwareEfficient,6,34,22.0,0.3529411764705882,35.29411764705882,8,6.0,0.25,10,10.0,0.0,10,10.0,0.0,0,0.0,0.0,1.0,0.0174107551574707,qiskit,transpiler,2.4.1,3,ok,48,6,experiments/e20_multi_compiler_full/run.py,cf4c43a166f171d450e24f2ab51c9325507d5960589b926a114eb25d926116c5,77fd49938e5069da1015c2fd906f9d465391dd6b8363bfdc2fafd05a92744192,0b6d1acaadefba2749e025d90269f111867cd223560f4a3cd422a224460db9d0,
2.1.0,MC-E20,e20_full_20260721_150753,2026-07-21T15:24:44.663938+00:00,hardware_eff_6,HardwareEfficient,6,34,34.0,0.0,0.0,8,8.0,0.0,10,10.0,0.0,10,10.0,0.0,0,0.0,0.0,1.0,0.0333499908447265,cirq,optimize_for_target_gateset+eject_z+merge_1q,1.6.1,default,ok,48,6,experiments/e20_multi_compiler_full/run.py,cf4c43a166f171d450e24f2ab51c9325507d5960589b926a114eb25d926116c5,77fd49938e5069da1015c2fd906f9d465391dd6b8363bfdc2fafd05a92744192,c0d2d64687753e5e98b39fa03a1974acb92daa0b1db4e560f1254589e746b684,
2.1.0,MC-E20,e20_full_20260721_150753,2026-07-21T15:24:45.047126+00:00,hardware_eff_6,HardwareEfficient,6,34,22.0,0.3529411764705882,35.29411764705882,8,6.0,0.25,10,10.0,0.0,10,10.0,0.0,0,0.0,0.0,1.0,0.3831877708435058,tket,FullPeepholeOptimise,2.18.0,default,ok,48,6,experiments/e20_multi_compiler_full/run.py,cf4c43a166f171d450e24f2ab51c9325507d5960589b926a114eb25d926116c5,77fd49938e5069da1015c2fd906f9d465391dd6b8363bfdc2fafd05a92744192,057c09b65593d48c43eccbb837be86edad366af0fb537800d6692fb3e4a60b93,
2.1.0,MC-E20,e20_full_20260721_150753,2026-07-21T15:24:45.178228+00:00,grover_6,Grover,6,38,20.0,0.4736842105263158,47.36842105263158,11,5.0,0.5454545454545454,0,0.0,0.0,0,0.0,0.0,0,0.0,0.0,0.9999999999999584,0.0176692008972167,qiskit,transpiler,2.4.1,3,ok,48,6,experiments/e20_multi_compiler_full/run.py,cf4c43a166f171d450e24f2ab51c9325507d5960589b926a114eb25d926116c5,51638616d069b8e1894e20d8ccccf90d1ee81f20384bfe5915689dd6b107c879,ca5adfde7c509cf63e1d36876f0f68a275bbad0fe662849c881f52595d2fa9dc,"Single Grover iteration, random marked state"
2.1.0,MC-E20,e20_full_20260721_150753,2026-07-21T15:24:45.407646+00:00,grover_6,Grover,6,38,,,,11,,,0,,,0,,,0,,,,0.2294180393218994,cirq,optimize_for_target_gateset+eject_z+merge_1q,1.6.1,default,"error: ""<input>:249,0: 'sx' is not defined in this scope""",48,6,experiments/e20_multi_compiler_full/run.py,cf4c43a166f171d450e24f2ab51c9325507d5960589b926a114eb25d926116c5,51638616d069b8e1894e20d8ccccf90d1ee81f20384bfe5915689dd6b107c879,none,"Single Grover iteration, random marked state"
2.1.0,MC-E20,e20_full_20260721_150753,2026-07-21T15:24:48.769802+00:00,grover_6,Grover,6,38,344.0,-8.052631578947368,-805.2631578947368,11,233.0,-20.181818181818183,0,160.0,0.0,0,160.0,0.0,0,0.0,0.0,0.9999999999999816,3.270807266235352,tket,FullPeepholeOptimise,2.18.0,default,ok,48,6,experiments/e20_multi_compiler_full/run.py,cf4c43a166f171d450e24f2ab51c9325507d5960589b926a114eb25d926116c5,51638616d069b8e1894e20d8ccccf90d1ee81f20384bfe5915689dd6b107c879,1b953c8c8ac238e27faed3ad4b4710e1a9215d9b0caba6bae2cc2ddfd185f8bc,"Single Grover iteration, random marked state"
2.1.0,MC-E20,e20_full_20260721_150753,2026-07-21T15:24:48.801149+00:00,adder_6,Adder,7,14,14.0,0.0,0.0,8,8.0,0.0,4,4.0,0.0,4,4.0,0.0,0,0.0,0.0,1.0,0.0060639381408691,qiskit,transpiler,2.4.1,3,ok,48,6,experiments/e20_multi_compiler_full/run.py,cf4c43a166f171d450e24f2ab51c9325507d5960589b926a114eb25d926116c5,b79269fb3472b9940c82abb537a4c9e0f8d12bf42c05600b2d87af818d56c1e5,398a39c869275ee953e7c1429666eb7121936238d0cfeddf22d8f438eed3d5cb,"Ripple-carry adder, random inputs"
2.1.0,MC-E20,e20_full_20260721_150753,2026-07-21T15:24:48.833758+00:00,adder_6,Adder,7,14,14.0,0.0,0.0,8,8.0,0.0,4,4.0,0.0,4,4.0,0.0,0,0.0,0.0,1.0,0.0078732967376708,cirq,optimize_for_target_gateset+eject_z+merge_1q,1.6.1,default,ok,48,6,experiments/e20_multi_compiler_full/run.py,cf4c43a166f171d450e24f2ab51c9325507d5960589b926a114eb25d926116c5,b79269fb3472b9940c82abb537a4c9e0f8d12bf42c05600b2d87af818d56c1e5,6a77432ffc75762105279ea589b0103f303b56908ac3808dfada2f8c60ce5b7b,"Ripple-carry adder, random inputs"
2.1.0,MC-E20,e20_full_20260721_150753,2026-07-21T15:24:51.154083+00:00,qwalk_6,QuantumWalk,7,82,2300.0,-27.04878048780488,-2704.8780487804875,47,1695.0,-35.06382978723404,6,990.0,-164.0,6,990.0,-164.0,0,305.0,0.0,0.9999999999997868,0.0354163646697998,qiskit,transpiler,2.4.1,3,ok,48,6,experiments/e20_multi_compiler_full/run.py,cf4c43a166f171d450e24f2ab51c9325507d5960589b926a114eb25d926116c5,e7cd74f58ab072a479a1d75dc20d775aedbdf99073d84ff24691d14041c24621,091c37ad4c5f32a557a8bab0fa0a0de23cbfb3de2c0e9652bfa21be24c447b43,"DTQW on cycle, 3 steps"
2.1.0,MC-E20,e20_full_20260721_150753,2026-07-21T15:24:53.102732+00:00,qwalk_6,QuantumWalk,7,82,,,,47,,,6,,,6,,,0,,,,1.9486491680145264,cirq,optimize_for_target_gateset+eject_z+merge_1q,1.6.1,default,"error: ""<input>:375,0: 'sx' is not defined in this scope""",48,6,experiments/e20_multi_compiler_full/run.py,cf4c43a166f171d450e24f2ab51c9325507d5960589b926a114eb25d926116c5,e7cd74f58ab072a479a1d75dc20d775aedbdf99073d84ff24691d14041c24621,none,"DTQW on cycle, 3 steps"
2.1.0,MC-E20,e20_full_20260721_150753,2026-07-21T15:25:24.992324+00:00,iqp_6,IQP,6,30,11.0,0.6333333333333333,63.33333333333333,7,4.0,0.4285714285714286,4,2.0,0.5,0,0.0,0.0,0,0.0,0.0,0.9999999999999964,0.0030972957611083,qiskit,transpiler,2.4.1,3,ok,48,6,experiments/e20_multi_compiler_full/run.py,cf4c43a166f171d450e24f2ab51c9325507d5960589b926a114eb25d926116c5,5565b489a4a34784338335397674915a2488e9493293ebcd571860226fd9f056,f18e3ad03f761c985d8057e7f82e26f45add5a17466cf4def62a6eceacd0897c,"IQP circuit, 3 diagonal layers"
2.1.0,MC-E20,e20_full_20260721_150753,2026-07-21T15:25:25.019591+00:00,iqp_6,IQP,6,30,25.0,0.1666666666666666,16.666666666666664,7,6.0,0.1428571428571429,4,4.0,0.0,0,0.0,0.0,0,4.0,0.0,0.9999999999999956,0.0272672176361084,cirq,optimize_for_target_gateset+eject_z+merge_1q,1.6.1,default,ok,48,6,experiments/e20_multi_compiler_full/run.py,cf4c43a166f171d450e24f2ab51c9325507d5960589b926a114eb25d926116c5,5565b489a4a34784338335397674915a2488e9493293ebcd571860226fd9f056,4077fbf823ef898bbeebacc5e019dfed6945364d5c5194d1bf5d2083370872c0,"IQP circuit, 3 diagonal layers"
2.1.0,MC-E20,e20_full_20260721_150753,2026-07-21T15:25:25.143295+00:00,iqp_6,IQP,6,30,10.0,0.6666666666666667,66.66666666666667,7,5.0,0.2857142857142857,4,2.0,0.5,0,2.0,0.0,0,0.0,0.0,0.9999999999999992,0.1183400154113769,tket,FullPeepholeOptimise,2.18.0,default,ok,48,6,experiments/e20_multi_compiler_full/run.py,cf4c43a166f171d450e24f2ab51c9325507d5960589b926a114eb25d926116c5,5565b489a4a34784338335397674915a2488e9493293ebcd571860226fd9f056,604dd0202749c23069910d538ec30029bd5243677f7e152825ce5dd67474accc,"IQP circuit, 3 diagonal layers"
2.1.0,MC-E20,e20_full_20260721_150753,2026-07-21T15:25:25.165902+00:00,clifford_6,RandomClifford,6,45,15.0,0.6666666666666667,66.66666666666667,11,7.0,0.3636363636363636,3,3.0,0.0,3,3.0,0.0,22,4.0,0.8181818181818181,0.9999999999999964,0.0035254955291748,qiskit,transpiler,2.4.1,3,ok,48,6,experiments/e20_multi_compiler_full/run.py,cf4c43a166f171d450e24f2ab51c9325507d5960589b926a114eb25d926116c5,c071f0d022a4384669f009e01fdcda4f7d198cd5d282e72676e1dceaa77073a5,3f8319462bdf35825b2d037e0dea4409467a67f1840968da640378a8227e8909,"Random Clifford, depth=10"
2.1.0,MC-E20,e20_full_20260721_150753,2026-07-21T15:25:25.199134+00:00,clifford_6,RandomClifford,6,45,19.0,0.5777777777777777,57.77777777777777,11,9.0,0.1818181818181817,3,3.0,0.0,3,3.0,0.0,22,8.0,0.6363636363636364,0.9999999999999964,0.0181972980499267,cirq,optimize_for_target_gateset+eject_z+merge_1q,1.6.1,default,ok,48,6,experiments/e20_multi_compiler_full/run.py,cf4c43a166f171d450e24f2ab51c9325507d5960589b926a114eb25d926116c5,c071f0d022a4384669f009e01fdcda4f7d198cd5d282e72676e1dceaa77073a5,b805396d6233eb93348578f502bdacf0dc57c2f41be6a70f38bc5efbda731cee,"Random Clifford, depth=10"
2.1.0,MC-E20,e20_full_20260721_150753,2026-07-21T15:25:25.306702+00:00,clifford_6,RandomClifford,6,45,10.0,0.7777777777777778,77.77777777777779,11,5.0,0.5454545454545454,3,2.0,0.3333333333333333,3,2.0,0.3333333333333333,22,0.0,1.0,0.2615384615384607,0.103849172592163,tket,FullPeepholeOptimise,2.18.0,default,ok,48,6,experiments/e20_multi_compiler_full/run.py,cf4c43a166f171d450e24f2ab51c9325507d5960589b926a114eb25d926116c5,c071f0d022a4384669f009e01fdcda4f7d198cd5d282e72676e1dceaa77073a5,982a47fff821dbac440e6d895b7617dd812ffcac3634fd30c11e4945f325f592,"Random Clifford, depth=10"
2.1.0,MC-E20,e20_full_20260721_150753,2026-07-21T15:25:25.325500+00:00,surface_code_6,SurfaceCode,7,9,9.0,0.0,0.0,8,8.0,0.0,6,6.0,0.0,6,6.0,0.0,0,0.0,0.0,0.9999999999999998,0.0148887634277343,qiskit,transpiler,2.4.1,3,ok,48,6,experiments/e20_multi_compiler_full/run.py,cf4c43a166f171d450e24f2ab51c9325507d5960589b926a114eb25d926116c5,a16dbe89e98ec8eef49995c9edecf7e520b6fce018b74c0aa8248506ead433db,a16dbe89e98ec8eef49995c9edecf7e520b6fce018b74c0aa8248506ead433db,X-stabilizer syndrome extraction
2.1.0,MC-E20,e20_full_20260721_150753,2026-07-21T15:25:25.354016+00:00,surface_code_6,SurfaceCode,7,9,11.0,-0.2222222222222223,-22.222222222222232,8,10.0,-0.25,6,6.0,0.0,6,6.0,0.0,0,0.0,0.0,0.9999999999999998,0.0179479122161865,cirq,optimize_for_target_gateset+eject_z+merge_1q,1.6.1,default,ok,48,6,experiments/e20_multi_compiler_full/run.py,cf4c43a166f171d450e24f2ab51c9325507d5960589b926a114eb25d926116c5,a16dbe89e98ec8eef49995c9edecf7e520b6fce018b74c0aa8248506ead433db,be1803a0c8f8f6fd7ec66829c969683d43e34d79827592a659593d5d71736f14,X-stabilizer syndrome extraction
2.1.0,MC-E20,e20_full_20260721_150753,2026-07-21T15:25:25.689131+00:00,uccsd_6,UCCSD_inspired,6,58,44.0,0.2413793103448276,24.13793103448276,28,25.0,0.1071428571428571,29,21.0,0.2758620689655172,29,21.0,0.2758620689655172,0,0.0,0.0,1.0,0.1342158317565918,qiskit,transpiler,2.4.1,3,ok,48,6,experiments/e20_multi_compiler_full/run.py,cf4c43a166f171d450e24f2ab51c9325507d5960589b926a114eb25d926116c5,f0bdd46123091ba97fefd19676b93aade86e3d4136f4da3f9107d501b086597b,0442bbfcf1d6d4e8fc47f25ad1b5fde9e16b6aa01a6e77445ea246372ba447e7,Parameterized ansatz INSPIRED BY (not true) UCCSD; see make_parameterized_ansatz docstring. Renamed from 'UCCSD' to 'UCCSD_inspired' per review L3 to avoid false claim.
2.1.0,MC-E20,e20_full_20260721_150753,2026-07-21T15:25:25.733616+00:00,uccsd_6,UCCSD_inspired,6,58,52.0,0.1034482758620689,10.344827586206897,28,26.0,0.0714285714285714,29,29.0,0.0,29,29.0,0.0,0,0.0,0.0,1.0,0.0444850921630859,cirq,optimize_for_target_gateset+eject_z+merge_1q,1.6.1,default,ok,48,6,experiments/e20_multi_compiler_full/run.py,cf4c43a166f171d450e24f2ab51c9325507d5960589b926a114eb25d926116c5,f0bdd46123091ba97fefd19676b93aade86e3d4136f4da3f9107d501b086597b,c1aee739cd844fa02729ed65e7983efdee58d258737a60d358e2c76f4d514681,Parameterized ansatz INSPIRED BY (not true) UCCSD; see make_parameterized_ansatz docstring. Renamed from 'UCCSD' to 'UCCSD_inspired' per review L3 to avoid false claim.
2.1.0,MC-E20,e20_full_20260721_150753,2026-07-21T15:25:26.341582+00:00,uccsd_6,UCCSD_inspired,6,58,44.0,0.2413793103448276,24.13793103448276,28,25.0,0.1071428571428571,29,21.0,0.2758620689655172,29,21.0,0.2758620689655172,0,0.0,0.0,1.0000000000000004,0.5930266380310059,tket,FullPeepholeOptimise,2.18.0,default,ok,48,6,experiments/e20_multi_compiler_full/run.py,cf4c43a166f171d450e24f2ab51c9325507d5960589b926a114eb25d926116c5,f0bdd46123091ba97fefd19676b93aade86e3d4136f4da3f9107d501b086597b,dd3ba5a88fb77aa61779b04a939c0a33c28406f0ca2bc3525206f5392962cd23,Parameterized ansatz INSPIRED BY (not true) UCCSD; see make_parameterized_ansatz docstring. Renamed from 'UCCSD' to 'UCCSD_inspired' per review L3 to avoid false claim.
2.1.0,MC-E20,e20_full_20260721_150753,2026-07-21T15:25:26.460745+00:00,qft_8,QFT,8,36,36.0,0.0,0.0,15,15.0,0.0,28,28.0,0.0,0,0.0,0.0,0,0.0,0.0,0.9999999999999968,0.0083038806915283,qiskit,transpiler,2.4.1,3,ok,48,6,experiments/e20_multi_compiler_full/run.py,cf4c43a166f171d450e24f2ab51c9325507d5960589b926a114eb25d926116c5,b2f83603b76f95e86e3b51898d6ea360adf3a62f51aa296baf0178913d4108b2,5e235910f0329f12c7dc3b126bc0da34cd22bcb22e80d7885306046eb1f2b62c,
2.1.0,MC-E20,e20_full_20260721_150753,2026-07-21T15:25:26.529967+00:00,qft_8,QFT,8,36,,,,15,,,28,,,0,,,0,,,,0.0692224502563476,cirq,optimize_for_target_gateset+eject_z+merge_1q,1.6.1,default,"error: ""<input>:17,0: 'sx' is not defined in this scope""",48,6,experiments/e20_multi_compiler_full/run.py,cf4c43a166f171d450e24f2ab51c9325507d5960589b926a114eb25d926116c5,b2f83603b76f95e86e3b51898d6ea360adf3a62f51aa296baf0178913d4108b2,none,
2.1.0,MC-E20,e20_full_20260721_150753,2026-07-21T15:25:27.852844+00:00,ghz_8,GHZ,8,8,8.0,0.0,0.0,8,8.0,0.0,7,7.0,0.0,7,7.0,0.0,0,0.0,0.0,0.9999999999999998,0.0062360763549804,qiskit,transpiler,2.4.1,3,ok,48,6,experiments/e20_multi_compiler_full/run.py,cf4c43a166f171d450e24f2ab51c9325507d5960589b926a114eb25d926116c5,587577f385cf54a3edd3cc639b3ac8cc5aa139f2ef414827515ddc7be4c12104,587577f385cf54a3edd3cc639b3ac8cc5aa139f2ef414827515ddc7be4c12104,
2.1.0,MC-E20,e20_full_20260721_150753,2026-07-21T15:25:27.889694+00:00,ghz_8,GHZ,8,8,9.0,-0.125,-12.5,8,9.0,-0.125,7,7.0,0.0,7,7.0,0.0,0,0.0,0.0,0.9999999999999998,0.0161035060882568,cirq,optimize_for_target_gateset+eject_z+merge_1q,1.6.1,default,ok,48,6,experiments/e20_multi_compiler_full/run.py,cf4c43a166f171d450e24f2ab51c9325507d5960589b926a114eb25d926116c5,587577f385cf54a3edd3cc639b3ac8cc5aa139f2ef414827515ddc7be4c12104,dbe75adbc6dcfacb0387626198005ff6d870b04cfebdd177f2b4ce6c5e698fca,
2.1.0,MC-E20,e20_full_20260721_150753,2026-07-21T15:25:28.197530+00:00,cnot_chain_8,CNOT,8,56,0.0,1.0,100.0,26,0.0,1.0,56,0.0,1.0,56,0.0,1.0,0,0.0,0.0,1.0,0.0063569545745849,qiskit,transpiler,2.4.1,3,ok,48,6,experiments/e20_multi_compiler_full/run.py,cf4c43a166f171d450e24f2ab51c9325507d5960589b926a114eb25d926116c5,d3e8b51351e86caa6d8939fe0a903f48a089e7d220d46a14b52d6c94e6e43394,b9f67046a69160a09ec4f4fa9eb23036fff76352de4a4103d9d677b302f18c04,
2.1.0,MC-E20,e20_full_20260721_150753,2026-07-21T15:25:28.345518+00:00,cnot_chain_8,CNOT,8,56,56.0,0.0,0.0,26,26.0,0.0,56,56.0,0.0,56,56.0,0.0,0,0.0,0.0,1.0,0.0301296710968017,cirq,optimize_for_target_gateset+eject_z+merge_1q,1.6.1,default,ok,48,6,experiments/e20_multi_compiler_full/run.py,cf4c43a166f171d450e24f2ab51c9325507d5960589b926a114eb25d926116c5,d3e8b51351e86caa6d8939fe0a903f48a089e7d220d46a14b52d6c94e6e43394,c654c98f30db9245f47457a95bd6a7935d02799bcd4a120004fd14388af2ad0b,
2.1.0,MC-E20,e20_full_20260721_150753,2026-07-21T15:25:28.439998+00:00,bv_8,Oracle,9,23,11.0,0.5217391304347826,52.17391304347826,7,5.0,0.2857142857142857,3,3.0,0.0,3,3.0,0.0,0,0.0,0.0,,0.0152885913848876,qiskit,transpiler,2.4.1,3,ok,48,6,experiments/e20_multi_compiler_full/run.py,cf4c43a166f171d450e24f2ab51c9325507d5960589b926a114eb25d926116c5,c2a00669305e9f9d674a8acebadc78bf4bc38f1442e28c349678854c5d7459e5,c064c1290e9342c4dde295ffb3ac2768b89430426903b5c741254c63b84ac120,
2.1.0,MC-E20,e20_full_20260721_150753,2026-07-21T15:25:28.676098+00:00,qaoa_line_8,QAOA,8,66,66.0,0.0,0.0,30,30.0,0.0,28,28.0,0.0,28,28.0,0.0,0,0.0,0.0,1.0000000000000029,0.0117449760437011,qiskit,transpiler,2.4.1,3,ok,48,6,experiments/e20_multi_compiler_full/run.py,cf4c43a166f171d450e24f2ab51c9325507d5960589b926a114eb25d926116c5,167ef5ca3dd7c44905af483f39d8c2c1db8905f21fab02afb5dcd4f7a8661c4f,167ef5ca3dd7c44905af483f39d8c2c1db8905f21fab02afb5dcd4f7a8661c4f,
2.1.0,MC-E20,e20_full_20260721_150753,2026-07-21T15:25:28.859428+00:00,qaoa_line_8,QAOA,8,66,74.0,-0.1212121212121211,-12.12121212121211,30,31.0,-0.0333333333333334,28,28.0,0.0,28,28.0,0.0,0,0.0,0.0,0.9999999999999996,0.0485968589782714,cirq,optimize_for_target_gateset+eject_z+merge_1q,1.6.1,default,ok,48,6,experiments/e20_multi_compiler_full/run.py,cf4c43a166f171d450e24f2ab51c9325507d5960589b926a114eb25d926116c5,167ef5ca3dd7c44905af483f39d8c2c1db8905f21fab02afb5dcd4f7a8661c4f,dc114083c9a05383c9c930e5e5c8b6bc9f65b4c4dcd0800defeca2637feb6278,
2.1.0,MC-E20,e20_full_20260721_150753,2026-07-21T15:25:29.781070+00:00,vqe_twolocal_8,VQE,8,62,38.0,0.3870967741935484,38.70967741935484,15,12.0,0.1999999999999999,14,14.0,0.0,14,14.0,0.0,0,0.0,0.0,0.9999999999999996,0.0148594379425048,qiskit,transpiler,2.4.1,3,ok,48,6,experiments/e20_multi_compiler_full/run.py,cf4c43a166f171d450e24f2ab51c9325507d5960589b926a114eb25d926116c5,58ba23cb2f5068b3e1abd2962b379bbbad13f3caae9da2d0fe884ad7d3915814,9406aedfb100896fa40cd4ab71f2abbd1c8ad2c39a5d42cd5fa103b43fcefe10,
2.1.0,MC-E20,e20_full_20260721_150753,2026-07-21T15:25:29.941238+00:00,vqe_twolocal_8,VQE,8,62,62.0,0.0,0.0,15,15.0,0.0,14,14.0,0.0,14,14.0,0.0,0,0.0,0.0,1.0,0.0380830764770507,cirq,optimize_for_target_gateset+eject_z+merge_1q,1.6.1,default,ok,48,6,experiments/e20_multi_compiler_full/run.py,cf4c43a166f171d450e24f2ab51c9325507d5960589b926a114eb25d926116c5,58ba23cb2f5068b3e1abd2962b379bbbad13f3caae9da2d0fe884ad7d3915814,99d583e831276f04182ab2b25384240a0b10fbbcc5451831f2943a5178ea3b7a,
2.1.0,MC-E20,e20_full_20260721_150753,2026-07-21T15:25:30.674147+00:00,hardware_eff_8,HardwareEfficient,8,46,30.0,0.3478260869565217,34.78260869565217,8,6.0,0.25,14,14.0,0.0,14,14.0,0.0,0,0.0,0.0,1.0,0.0093722343444824,qiskit,transpiler,2.4.1,3,ok,48,6,experiments/e20_multi_compiler_full/run.py,cf4c43a166f171d450e24f2ab51c9325507d5960589b926a114eb25d926116c5,0ee70967c747c7d2f7514af1d157c15f3ddfa88907610e5774d0fd087d56da87,9b0e55a5889f9d2c9eec1ca1a24c795032fcf5cf588f7412f051c6918e971efd,
2.1.0,MC-E20,e20_full_20260721_150753,2026-07-21T15:25:30.787485+00:00,hardware_eff_8,HardwareEfficient,8,46,46.0,0.0,0.0,8,8.0,0.0,14,14.0,0.0,14,14.0,0.0,0,0.0,0.0,1.0,0.0183949470520019,cirq,optimize_for_target_gateset+eject_z+merge_1q,1.6.1,default,ok,48,6,experiments/e20_multi_compiler_full/run.py,cf4c43a166f171d450e24f2ab51c9325507d5960589b926a114eb25d926116c5,0ee70967c747c7d2f7514af1d157c15f3ddfa88907610e5774d0fd087d56da87,9ff2397421adb59b9eb55c85df7a3460c784027fb94c29a1efb9439cae0575ec,
2.1.0,MC-E20,e20_full_20260721_150753,2026-07-21T15:25:33.325886+00:00,grover_8,Grover,8,52,798.0,-14.346153846153848,-1434.6153846153848,11,503.0,-44.72727272727273,0,360.0,0.0,0,360.0,0.0,0,102.0,0.0,0.9999999999999308,0.0196504592895507,qiskit,transpiler,2.4.1,3,ok,48,6,experiments/e20_multi_compiler_full/run.py,cf4c43a166f171d450e24f2ab51c9325507d5960589b926a114eb25d926116c5,1128d2353e139edcb391900c422ae63b28c2095785dad70a8513215ca6d45fa0,7cee5af67c433c550e0017fe8394c2296f7f703c8c4f6ffb19fe5f636814559b,"Single Grover iteration, random marked state"
2.1.0,MC-E20,e20_full_20260721_150753,2026-07-21T15:25:34.035029+00:00,grover_8,Grover,8,52,,,,11,,,0,,,0,,,0,,,,0.7091429233551025,cirq,optimize_for_target_gateset+eject_z+merge_1q,1.6.1,default,"error: ""<input>:591,0: 'sx' is not defined in this scope""",48,6,experiments/e20_multi_compiler_full/run.py,cf4c43a166f171d450e24f2ab51c9325507d5960589b926a114eb25d926116c5,1128d2353e139edcb391900c422ae63b28c2095785dad70a8513215ca6d45fa0,none,"Single Grover iteration, random marked state"
2.1.0,MC-E20,e20_full_20260721_150753,2026-07-21T15:25:42.189642+00:00,adder_8,Adder,10,21,21.0,0.0,0.0,10,10.0,0.0,6,6.0,0.0,6,6.0,0.0,0,0.0,0.0,,0.0,qiskit,transpiler,2.4.1,3,ok,48,6,experiments/e20_multi_compiler_full/run.py,cf4c43a166f171d450e24f2ab51c9325507d5960589b926a114eb25d926116c5,ed6b864f6a5e45f51d006d1b32224d7177e70f63c758f5906c61ef7e5676f2fc,3108a6f20bbb6b885ee624ceda6d2f9f05290d00e5c99e2497109eb47affc47b,"Ripple-carry adder, random inputs"
2.1.0,MC-E20,e20_full_20260721_150753,2026-07-21T15:25:43.382027+00:00,qwalk_8,QuantumWalk,9,106,4551.0,-41.93396226415094,-4193.396226415094,59,3163.0,-52.61016949152543,6,1962.0,-326.0,6,1962.0,-326.0,0,539.0,0.0,,0.0680820941925048,qiskit,transpiler,2.4.1,3,ok,48,6,experiments/e20_multi_compiler_full/run.py,cf4c43a166f171d450e24f2ab51c9325507d5960589b926a114eb25d926116c5,c5216a60ee4d4259df3c8705b84425ac75a30c5d766d41180db3495c6c41a042,4f212f928f621374615c92ca162ba62fb37f9f3164ab6e61f0008b169fb72e3d,"DTQW on cycle, 3 steps"
2.1.0,MC-E20,e20_full_20260721_150753,2026-07-21T15:26:57.980647+00:00,iqp_8,IQP,8,42,21.0,0.5,50.0,10,5.0,0.5,11,5.0,0.5454545454545454,0,0.0,0.0,0,0.0,0.0,0.9999999999999962,0.0044870376586914,qiskit,transpiler,2.4.1,3,ok,48,6,experiments/e20_multi_compiler_full/run.py,cf4c43a166f171d450e24f2ab51c9325507d5960589b926a114eb25d926116c5,726538ccff486bf407ad86885d240093364551b259e676bf4ee5bd85857c22f1,9c8cf614575a9d761ab2740d2b52792dfe92a210cdb634a99a89ffc95b0473a0,"IQP circuit, 3 diagonal layers"
2.1.0,MC-E20,e20_full_20260721_150753,2026-07-21T15:26:58.082988+00:00,iqp_8,IQP,8,42,41.0,0.0238095238095238,2.380952380952384,10,10.0,0.0,11,11.0,0.0,0,0.0,0.0,0,6.0,0.0,0.9999999999999928,0.0147914886474609,cirq,optimize_for_target_gateset+eject_z+merge_1q,1.6.1,default,ok,48,6,experiments/e20_multi_compiler_full/run.py,cf4c43a166f171d450e24f2ab51c9325507d5960589b926a114eb25d926116c5,726538ccff486bf407ad86885d240093364551b259e676bf4ee5bd85857c22f1,71c44ee2f7039074fff66b80df799a01e4cb557c744aeba3bc0e5a1ea66d8fea,"IQP circuit, 3 diagonal layers"
2.1.0,MC-E20,e20_full_20260721_150753,2026-07-21T15:26:58.587927+00:00,clifford_8,RandomClifford,8,53,22.0,0.5849056603773585,58.490566037735846,11,8.0,0.2727272727272727,6,6.0,0.0,6,6.0,0.0,22,3.0,0.8636363636363636,0.9999999999999932,0.0072920322418212,qiskit,transpiler,2.4.1,3,ok,48,6,experiments/e20_multi_compiler_full/run.py,cf4c43a166f171d450e24f2ab51c9325507d5960589b926a114eb25d926116c5,74800791e47dfb545bd65ea3d3536b3180ab00cb2c737e02003d2f804a72b240,d93d49922184d5c18c6a195af00674567efbe66d227983decd9034377023e781,"Random Clifford, depth=10"
2.1.0,MC-E20,e20_full_20260721_150753,2026-07-21T15:26:58.686000+00:00,clifford_8,RandomClifford,8,53,32.0,0.3962264150943396,39.62264150943396,11,11.0,0.0,6,6.0,0.0,6,6.0,0.0,22,12.0,0.4545454545454546,0.9999999999999932,0.0305604934692382,cirq,optimize_for_target_gateset+eject_z+merge_1q,1.6.1,default,ok,48,6,experiments/e20_multi_compiler_full/run.py,cf4c43a166f171d450e24f2ab51c9325507d5960589b926a114eb25d926116c5,74800791e47dfb545bd65ea3d3536b3180ab00cb2c737e02003d2f804a72b240,342b8f9fa1300b60648f39cd40af9fd7a471ecdb49c04328014c8e139cf19a40,"Random Clifford, depth=10"
2.1.0,MC-E20,e20_full_20260721_150753,2026-07-21T15:26:58.906638+00:00,surface_code_8,SurfaceCode,9,12,12.0,0.0,0.0,10,10.0,0.0,8,8.0,0.0,8,8.0,0.0,0,0.0,0.0,,0.0152404308319091,qiskit,transpiler,2.4.1,3,ok,48,6,experiments/e20_multi_compiler_full/run.py,cf4c43a166f171d450e24f2ab51c9325507d5960589b926a114eb25d926116c5,d71e5f320e9c732508fcc8d8ed6492cde208abe541fa293e8e0784045aefed73,d71e5f320e9c732508fcc8d8ed6492cde208abe541fa293e8e0784045aefed73,X-stabilizer syndrome extraction
2.1.0,MC-E20,e20_full_20260721_150753,2026-07-21T15:26:59.362870+00:00,uccsd_8,UCCSD_inspired,8,80,60.0,0.25,25.0,31,27.0,0.1290322580645161,36,28.0,0.2222222222222222,36,28.0,0.2222222222222222,0,0.0,0.0,0.9999999999999992,0.0106966495513916,qiskit,transpiler,2.4.1,3,ok,48,6,experiments/e20_multi_compiler_full/run.py,cf4c43a166f171d450e24f2ab51c9325507d5960589b926a114eb25d926116c5,20f02a565718f4290aa809ccf2d4d22904e0d5e71fb4add9f551241bc3038a0f,65b15a2f566877486764d27f4fd602c6727dfa5ff5725688f346c1e03fb5713b,Parameterized ansatz INSPIRED BY (not true) UCCSD; see make_parameterized_ansatz docstring. Renamed from 'UCCSD' to 'UCCSD_inspired' per review L3 to avoid false claim.
2.1.0,MC-E20,e20_full_20260721_150753,2026-07-21T15:26:59.695681+00:00,uccsd_8,UCCSD_inspired,8,80,68.0,0.15,15.000000000000002,31,28.0,0.0967741935483871,36,36.0,0.0,36,36.0,0.0,0,0.0,0.0,1.0,0.147634744644165,cirq,optimize_for_target_gateset+eject_z+merge_1q,1.6.1,default,ok,48,6,experiments/e20_multi_compiler_full/run.py,cf4c43a166f171d450e24f2ab51c9325507d5960589b926a114eb25d926116c5,20f02a565718f4290aa809ccf2d4d22904e0d5e71fb4add9f551241bc3038a0f,e79a28818ea8f502a3407025f103382c4490baaad51cb05633782a4b080e1012,Parameterized ansatz INSPIRED BY (not true) UCCSD; see make_parameterized_ansatz docstring. Renamed from 'UCCSD' to 'UCCSD_inspired' per review L3 to avoid false claim.
2.1.0,MC-E20,e20_full_20260721_150753,2026-07-21T15:27:00.792114+00:00,haar_4,HaarRandom,4,275,257.0,0.0654545454545454,6.545454545454543,189,189.0,0.0,95,95.0,0.0,95,95.0,0.0,0,0.0,0.0,0.9999999999999954,0.0091454982757568,qiskit,transpiler,2.4.1,3,ok,48,6,experiments/e20_multi_compiler_full/run.py,cf4c43a166f171d450e24f2ab51c9325507d5960589b926a114eb25d926116c5,efa7e006bed5173a7306f73cf5bd2560359fd031ae59bdcf9a9b09c1a1a2a2c5,0ad652b2d23da69a872de2c4e6f2fbb6477f9f478171ba985d00378bb92c9f97,"Haar-random unitary, exact synthesis"
2.1.0,MC-E20,e20_full_20260721_150753,2026-07-21T15:27:01.000993+00:00,haar_4,HaarRandom,4,275,367.0,-0.3345454545454545,-33.454545454545446,189,238.0,-0.2592592592592593,95,95.0,0.0,95,95.0,0.0,0,16.0,0.0,0.999999999999996,0.1800651550292968,cirq,optimize_for_target_gateset+eject_z+merge_1q,1.6.1,default,ok,48,6,experiments/e20_multi_compiler_full/run.py,cf4c43a166f171d450e24f2ab51c9325507d5960589b926a114eb25d926116c5,efa7e006bed5173a7306f73cf5bd2560359fd031ae59bdcf9a9b09c1a1a2a2c5,409a79b0a028b80905d17c4a6c640a6d154e5a20b1607bff6b98d824902dfd8d,"Haar-random unitary, exact synthesis"
2.1.0,MC-E20,e20_full_20260721_150753,2026-07-21T15:27:03.272440+00:00,haar_4,HaarRandom,4,275,257.0,0.0654545454545454,6.545454545454543,189,189.0,0.0,95,95.0,0.0,95,95.0,0.0,0,0.0,0.0,0.9999999999999996,2.2237823009490967,tket,FullPeepholeOptimise,2.18.0,default,ok,48,6,experiments/e20_multi_compiler_full/run.py,cf4c43a166f171d450e24f2ab51c9325507d5960589b926a114eb25d926116c5,efa7e006bed5173a7306f73cf5bd2560359fd031ae59bdcf9a9b09c1a1a2a2c5,676a82bf6b26f780574efc004844d97f1332c752058b5ac727744f1514c8cf83,"Haar-random unitary, exact synthesis"
2.1.0,MC-E20,e20_full_20260721_150753,2026-07-21T15:27:03.557042+00:00,qft_4,QFT,4,10,10.0,0.0,0.0,7,7.0,0.0,6,6.0,0.0,0,0.0,0.0,0,0.0,0.0,0.9999999999999988,0.0141201019287109,qiskit,transpiler,2.4.1,3,ok,49,7,experiments/e20_multi_compiler_full/run.py,cf4c43a166f171d450e24f2ab51c9325507d5960589b926a114eb25d926116c5,ec754f7e3892ee8ca405ace36ffa2cf3d8489863d2f83852f623de773dd94b1e,001408f6c8b62c5aa1e72c56729dcc2520332ae2954b17daf86162a5a4f46ac6,
2.1.0,MC-E20,e20_full_20260721_150753,2026-07-21T15:27:03.585758+00:00,qft_4,QFT,4,10,,,,7,,,6,,,0,,,0,,,,0.0287168025970459,cirq,optimize_for_target_gateset+eject_z+merge_1q,1.6.1,default,"error: ""<input>:17,0: 'sx' is not defined in this scope""",49,7,experiments/e20_multi_compiler_full/run.py,cf4c43a166f171d450e24f2ab51c9325507d5960589b926a114eb25d926116c5,ec754f7e3892ee8ca405ace36ffa2cf3d8489863d2f83852f623de773dd94b1e,none,
2.1.0,MC-E20,e20_full_20260721_150753,2026-07-21T15:27:03.824687+00:00,qft_4,QFT,4,10,31.0,-2.1,-210.0,7,19.0,-1.7142857142857144,6,12.0,-1.0,0,12.0,0.0,0,0.0,0.0,1.0,0.2234947681427002,tket,FullPeepholeOptimise,2.18.0,default,ok,49,7,experiments/e20_multi_compiler_full/run.py,cf4c43a166f171d450e24f2ab51c9325507d5960589b926a114eb25d926116c5,ec754f7e3892ee8ca405ace36ffa2cf3d8489863d2f83852f623de773dd94b1e,1c29c769144f94e13e3a392f195ebc1c6cfc77bad3bffa3aa293760f9e7c4679,
2.1.0,MC-E20,e20_full_20260721_150753,2026-07-21T15:27:03.845420+00:00,ghz_4,GHZ,4,4,4.0,0.0,0.0,4,4.0,0.0,3,3.0,0.0,3,3.0,0.0,0,0.0,0.0,0.9999999999999996,0.0102195739746093,qiskit,transpiler,2.4.1,3,ok,49,7,experiments/e20_multi_compiler_full/run.py,cf4c43a166f171d450e24f2ab51c9325507d5960589b926a114eb25d926116c5,632a65a86fd9bfab17ccedbd10b32b45490cc33030a23af0d675ad3e8ad7a445,632a65a86fd9bfab17ccedbd10b32b45490cc33030a23af0d675ad3e8ad7a445,
2.1.0,MC-E20,e20_full_20260721_150753,2026-07-21T15:27:03.861527+00:00,ghz_4,GHZ,4,4,5.0,-0.25,-25.0,4,5.0,-0.25,3,3.0,0.0,3,3.0,0.0,0,0.0,0.0,0.9999999999999996,0.0120961666107177,cirq,optimize_for_target_gateset+eject_z+merge_1q,1.6.1,default,ok,49,7,experiments/e20_multi_compiler_full/run.py,cf4c43a166f171d450e24f2ab51c9325507d5960589b926a114eb25d926116c5,632a65a86fd9bfab17ccedbd10b32b45490cc33030a23af0d675ad3e8ad7a445,06491f2cd8fd8193e00cd40c6bc0442b5ca960f1c6e319f098b23e2c3ef0bc78,
2.1.0,MC-E20,e20_full_20260721_150753,2026-07-21T15:27:03.943983+00:00,ghz_4,GHZ,4,4,4.0,0.0,0.0,4,4.0,0.0,3,3.0,0.0,3,3.0,0.0,0,0.0,0.0,1.0,0.0824565887451171,tket,FullPeepholeOptimise,2.18.0,default,ok,49,7,experiments/e20_multi_compiler_full/run.py,cf4c43a166f171d450e24f2ab51c9325507d5960589b926a114eb25d926116c5,632a65a86fd9bfab17ccedbd10b32b45490cc33030a23af0d675ad3e8ad7a445,0ca2e20394ef52eecba8c72454ae73e952a311d06ff639876717b3ceaa156322,
2.1.0,MC-E20,e20_full_20260721_150753,2026-07-21T15:27:03.959530+00:00,cnot_chain_4,CNOT,4,24,0.0,1.0,100.0,18,0.0,1.0,24,0.0,1.0,24,0.0,1.0,0,0.0,0.0,1.0,0.0,qiskit,transpiler,2.4.1,3,ok,49,7,experiments/e20_multi_compiler_full/run.py,cf4c43a166f171d450e24f2ab51c9325507d5960589b926a114eb25d926116c5,c15ccd1efbe0b71c21464e888a978afbe6b6cf006bd895873c7d9b8e51efbaf0,80cb67051feabb1a835727fede3367602f1e692e3ec9d1d7247266c73803bd7d,
2.1.0,MC-E20,e20_full_20260721_150753,2026-07-21T15:27:03.989672+00:00,cnot_chain_4,CNOT,4,24,24.0,0.0,0.0,18,18.0,0.0,24,24.0,0.0,24,24.0,0.0,0,0.0,0.0,1.0,0.0150942802429199,cirq,optimize_for_target_gateset+eject_z+merge_1q,1.6.1,default,ok,49,7,experiments/e20_multi_compiler_full/run.py,cf4c43a166f171d450e24f2ab51c9325507d5960589b926a114eb25d926116c5,c15ccd1efbe0b71c21464e888a978afbe6b6cf006bd895873c7d9b8e51efbaf0,1c48b34ca8afe4511d74e3b454e70aaafbcd3af62f2f6f4baaa92a9c810a5a2d,
2.1.0,MC-E20,e20_full_20260721_150753,2026-07-21T15:27:03.990013+00:00,cnot_chain_4,CNOT,4,24,0.0,1.0,100.0,18,0.0,1.0,24,0.0,1.0,24,0.0,1.0,0,0.0,0.0,1.0,0.0,tket,FullPeepholeOptimise,2.18.0,default,ok,49,7,experiments/e20_multi_compiler_full/run.py,cf4c43a166f171d450e24f2ab51c9325507d5960589b926a114eb25d926116c5,c15ccd1efbe0b71c21464e888a978afbe6b6cf006bd895873c7d9b8e51efbaf0,80cb67051feabb1a835727fede3367602f1e692e3ec9d1d7247266c73803bd7d,
2.1.0,MC-E20,e20_full_20260721_150753,2026-07-21T15:27:04.005291+00:00,bv_4,Oracle,5,16,14.0,0.125,12.5,8,6.0,0.25,4,4.0,0.0,4,4.0,0.0,0,0.0,0.0,0.9999999999999968,0.0,qiskit,transpiler,2.4.1,3,ok,49,7,experiments/e20_multi_compiler_full/run.py,cf4c43a166f171d450e24f2ab51c9325507d5960589b926a114eb25d926116c5,25bb732b8267846a89741ffa2e2c1308f89ba070e612d017781b48e017e8fdad,0fe38657e4db969ee1f21c811cafc0b8089fb0860aeea951f4079f8e43426a4a,
2.1.0,MC-E20,e20_full_20260721_150753,2026-07-21T15:27:04.036678+00:00,bv_4,Oracle,5,16,22.0,-0.375,-37.5,8,8.0,0.0,4,4.0,0.0,4,4.0,0.0,0,0.0,0.0,0.9999999999999968,0.0149428844451904,cirq,optimize_for_target_gateset+eject_z+merge_1q,1.6.1,default,ok,49,7,experiments/e20_multi_compiler_full/run.py,cf4c43a166f171d450e24f2ab51c9325507d5960589b926a114eb25d926116c5,25bb732b8267846a89741ffa2e2c1308f89ba070e612d017781b48e017e8fdad,c3cbf1cfb441bf8a617879ba4dec3460b8b34a0d612d508d668f9c7e43e53023,
2.1.0,MC-E20,e20_full_20260721_150753,2026-07-21T15:27:04.205570+00:00,bv_4,Oracle,5,16,14.0,0.125,12.5,8,6.0,0.25,4,4.0,0.0,4,4.0,0.0,0,0.0,0.0,0.9999999999999988,0.1648855209350586,tket,FullPeepholeOptimise,2.18.0,default,ok,49,7,experiments/e20_multi_compiler_full/run.py,cf4c43a166f171d450e24f2ab51c9325507d5960589b926a114eb25d926116c5,25bb732b8267846a89741ffa2e2c1308f89ba070e612d017781b48e017e8fdad,e1a7dd4f6913039ad2f03777a4329fd460a4ec26ae19ab0724004d8703661d40,
2.1.0,MC-E20,e20_full_20260721_150753,2026-07-21T15:27:04.230568+00:00,qaoa_line_4,QAOA,4,30,30.0,0.0,0.0,18,18.0,0.0,12,12.0,0.0,12,12.0,0.0,0,0.0,0.0,1.0000000000000009,0.0060172080993652,qiskit,transpiler,2.4.1,3,ok,49,7,experiments/e20_multi_compiler_full/run.py,cf4c43a166f171d450e24f2ab51c9325507d5960589b926a114eb25d926116c5,973e1c78751265decf13f3b11f7803c29537ca02c87246e2625b76cd61d71e8d,973e1c78751265decf13f3b11f7803c29537ca02c87246e2625b76cd61d71e8d,
2.1.0,MC-E20,e20_full_20260721_150753,2026-07-21T15:27:04.264377+00:00,qaoa_line_4,QAOA,4,30,34.0,-0.1333333333333333,-13.33333333333333,18,19.0,-0.0555555555555555,12,12.0,0.0,12,12.0,0.0,0,0.0,0.0,0.9999999999999996,0.033808946609497,cirq,optimize_for_target_gateset+eject_z+merge_1q,1.6.1,default,ok,49,7,experiments/e20_multi_compiler_full/run.py,cf4c43a166f171d450e24f2ab51c9325507d5960589b926a114eb25d926116c5,973e1c78751265decf13f3b11f7803c29537ca02c87246e2625b76cd61d71e8d,354ffad010742abbdd45715ad0e0a2262ad8fc626b25c6d2144ec4410ed557f2,
2.1.0,MC-E20,e20_full_20260721_150753,2026-07-21T15:27:04.513205+00:00,qaoa_line_4,QAOA,4,30,28.0,0.0666666666666666,6.666666666666665,18,18.0,0.0,12,12.0,0.0,12,12.0,0.0,0,0.0,0.0,1.0000000000000009,0.2488279342651367,tket,FullPeepholeOptimise,2.18.0,default,ok,49,7,experiments/e20_multi_compiler_full/run.py,cf4c43a166f171d450e24f2ab51c9325507d5960589b926a114eb25d926116c5,973e1c78751265decf13f3b11f7803c29537ca02c87246e2625b76cd61d71e8d,b63876154d5c0dbf3276edec16e0e04a6acea1a68873f1d64d7acec5ba90fb45,
2.1.0,MC-E20,e20_full_20260721_150753,2026-07-21T15:27:04.528551+00:00,vqe_twolocal_4,VQE,4,30,18.0,0.4,40.0,11,8.0,0.2727272727272727,6,6.0,0.0,6,6.0,0.0,0,0.0,0.0,0.9999999999999996,0.0,qiskit,transpiler,2.4.1,3,ok,49,7,experiments/e20_multi_compiler_full/run.py,cf4c43a166f171d450e24f2ab51c9325507d5960589b926a114eb25d926116c5,e25406b6cf5ff324e48e808670fb954522a342599b4cfd9f75d21537b9aaec0c,f39871f325dc5d8daab54ad00679aa2fe849a4ad9cd489f1d35cc564c7d525dc,
2.1.0,MC-E20,e20_full_20260721_150753,2026-07-21T15:27:04.581429+00:00,vqe_twolocal_4,VQE,4,30,30.0,0.0,0.0,11,11.0,0.0,6,6.0,0.0,6,6.0,0.0,0,0.0,0.0,0.9999999999999996,0.0464861392974853,cirq,optimize_for_target_gateset+eject_z+merge_1q,1.6.1,default,ok,49,7,experiments/e20_multi_compiler_full/run.py,cf4c43a166f171d450e24f2ab51c9325507d5960589b926a114eb25d926116c5,e25406b6cf5ff324e48e808670fb954522a342599b4cfd9f75d21537b9aaec0c,16d31a28cd023dee12d9357fe8484e3ba24b35fd112e53108cd2dae5073c585e,
2.1.0,MC-E20,e20_full_20260721_150753,2026-07-21T15:27:04.897613+00:00,vqe_twolocal_4,VQE,4,30,18.0,0.4,40.0,11,8.0,0.2727272727272727,6,6.0,0.0,6,6.0,0.0,0,0.0,0.0,0.9999999999999988,0.3096232414245605,tket,FullPeepholeOptimise,2.18.0,default,ok,49,7,experiments/e20_multi_compiler_full/run.py,cf4c43a166f171d450e24f2ab51c9325507d5960589b926a114eb25d926116c5,e25406b6cf5ff324e48e808670fb954522a342599b4cfd9f75d21537b9aaec0c,34379b590e3e40c324a6429f2437c7d0b193ecc89230e7a0703dd14021da39de,
2.1.0,MC-E20,e20_full_20260721_150753,2026-07-21T15:27:04.919481+00:00,hardware_eff_4,HardwareEfficient,4,22,14.0,0.3636363636363636,36.36363636363637,8,6.0,0.25,6,6.0,0.0,6,6.0,0.0,0,0.0,0.0,0.9999999999999996,0.0127129554748535,qiskit,transpiler,2.4.1,3,ok,49,7,experiments/e20_multi_compiler_full/run.py,cf4c43a166f171d450e24f2ab51c9325507d5960589b926a114eb25d926116c5,1671998ca83dc2c5eea402b5098a7ae71206458e4ce54f952b4672a1c8d1994f,a3a6cffe212e27daaa93daeae3e35616308154537372f45d737f110b7f520143,
2.1.0,MC-E20,e20_full_20260721_150753,2026-07-21T15:27:04.934558+00:00,hardware_eff_4,HardwareEfficient,4,22,22.0,0.0,0.0,8,8.0,0.0,6,6.0,0.0,6,6.0,0.0,0,0.0,0.0,0.9999999999999996,0.0150775909423828,cirq,optimize_for_target_gateset+eject_z+merge_1q,1.6.1,default,ok,49,7,experiments/e20_multi_compiler_full/run.py,cf4c43a166f171d450e24f2ab51c9325507d5960589b926a114eb25d926116c5,1671998ca83dc2c5eea402b5098a7ae71206458e4ce54f952b4672a1c8d1994f,a6a3aadc661ad7f746d67de07f7c8b8af0b5cea31ad683e053fffac346e990b8,
2.1.0,MC-E20,e20_full_20260721_150753,2026-07-21T15:27:05.164448+00:00,hardware_eff_4,HardwareEfficient,4,22,14.0,0.3636363636363636,36.36363636363637,8,6.0,0.25,6,6.0,0.0,6,6.0,0.0,0,0.0,0.0,0.9999999999999996,0.2100436687469482,tket,FullPeepholeOptimise,2.18.0,default,ok,49,7,experiments/e20_multi_compiler_full/run.py,cf4c43a166f171d450e24f2ab51c9325507d5960589b926a114eb25d926116c5,1671998ca83dc2c5eea402b5098a7ae71206458e4ce54f952b4672a1c8d1994f,d65ed3c3b7b6f0679c80ebc51b5d9fa94fc16fa3d554700af1b42bc4884100b3,
2.1.0,MC-E20,e20_full_20260721_150753,2026-07-21T15:27:05.193970+00:00,grover_4,Grover,4,32,62.0,-0.9375,-93.75,13,53.0,-3.0769230769230766,0,28.0,0.0,0,28.0,0.0,0,0.0,0.0,0.9999999999999938,0.0064716339111328,qiskit,transpiler,2.4.1,3,ok,49,7,experiments/e20_multi_compiler_full/run.py,cf4c43a166f171d450e24f2ab51c9325507d5960589b926a114eb25d926116c5,4279978e7d01bc62986ce0c5f0b2f5d690edfa7bf2ae1f2afb69e0b5487bd10a,6106f9c761d28e6b662a705b84b56f08d00731a92cb7f75ddd1b422485559c98,"Single Grover iteration, random marked state"
2.1.0,MC-E20,e20_full_20260721_150753,2026-07-21T15:27:05.246480+00:00,grover_4,Grover,4,32,78.0,-1.4375,-143.75,13,57.0,-3.384615384615385,0,28.0,0.0,0,28.0,0.0,0,0.0,0.0,0.9999999999999928,0.0323400497436523,cirq,optimize_for_target_gateset+eject_z+merge_1q,1.6.1,default,ok,49,7,experiments/e20_multi_compiler_full/run.py,cf4c43a166f171d450e24f2ab51c9325507d5960589b926a114eb25d926116c5,4279978e7d01bc62986ce0c5f0b2f5d690edfa7bf2ae1f2afb69e0b5487bd10a,775e61b72631e29fa35ed653b8ce067adca394b0e7c8f7d37828c2c38098e234,"Single Grover iteration, random marked state"
2.1.0,MC-E20,e20_full_20260721_150753,2026-07-21T15:27:05.964685+00:00,grover_4,Grover,4,32,64.0,-1.0,-100.0,13,55.0,-3.230769230769231,0,28.0,0.0,0,28.0,0.0,0,0.0,0.0,0.9999999999999968,0.7155299186706543,tket,FullPeepholeOptimise,2.18.0,default,ok,49,7,experiments/e20_multi_compiler_full/run.py,cf4c43a166f171d450e24f2ab51c9325507d5960589b926a114eb25d926116c5,4279978e7d01bc62986ce0c5f0b2f5d690edfa7bf2ae1f2afb69e0b5487bd10a,8b42f067819f94d931026c13ec68182e9fdbe8f85d5307bee2fc6d2d983ad662,"Single Grover iteration, random marked state"
2.1.0,MC-E20,e20_full_20260721_150753,2026-07-21T15:27:05.992579+00:00,adder_4,Adder,4,6,6.0,0.0,0.0,6,6.0,0.0,2,2.0,0.0,2,2.0,0.0,0,0.0,0.0,1.0,0.0154461860656738,qiskit,transpiler,2.4.1,3,ok,49,7,experiments/e20_multi_compiler_full/run.py,cf4c43a166f171d450e24f2ab51c9325507d5960589b926a114eb25d926116c5,c2f59740e6b3e2a395683f9a2c34a12a350af985f437251f55c71e43bf23f1ab,c2f59740e6b3e2a395683f9a2c34a12a350af985f437251f55c71e43bf23f1ab,"Ripple-carry adder, random inputs"
2.1.0,MC-E20,e20_full_20260721_150753,2026-07-21T15:27:06.009467+00:00,adder_4,Adder,4,6,6.0,0.0,0.0,6,6.0,0.0,2,2.0,0.0,2,2.0,0.0,0,0.0,0.0,1.0,0.01688814163208,cirq,optimize_for_target_gateset+eject_z+merge_1q,1.6.1,default,ok,49,7,experiments/e20_multi_compiler_full/run.py,cf4c43a166f171d450e24f2ab51c9325507d5960589b926a114eb25d926116c5,c2f59740e6b3e2a395683f9a2c34a12a350af985f437251f55c71e43bf23f1ab,a717e3dc37b0ac1acd5f29c618398430bb9c62f42b246d254c6875f08471a9f5,"Ripple-carry adder, random inputs"
2.1.0,MC-E20,e20_full_20260721_150753,2026-07-21T15:27:06.297446+00:00,adder_4,Adder,4,6,38.0,-5.333333333333333,-533.3333333333333,6,29.0,-3.833333333333333,2,18.0,-8.0,2,18.0,-8.0,0,0.0,0.0,1.0000000000000009,0.272780179977417,tket,FullPeepholeOptimise,2.18.0,default,ok,49,7,experiments/e20_multi_compiler_full/run.py,cf4c43a166f171d450e24f2ab51c9325507d5960589b926a114eb25d926116c5,c2f59740e6b3e2a395683f9a2c34a12a350af985f437251f55c71e43bf23f1ab,4d1a51ea70d8111982f2622476f49700d61dcb1a230851cf7ca3bc4ba048dce9,"Ripple-carry adder, random inputs"
2.1.0,MC-E20,e20_full_20260721_150753,2026-07-21T15:27:06.426717+00:00,qwalk_4,QuantumWalk,5,58,453.0,-6.810344827586207,-681.0344827586207,35,387.0,-10.057142857142855,6,252.0,-41.0,6,198.0,-32.0,0,36.0,0.0,0.9999999999999494,0.0151906013488769,qiskit,transpiler,2.4.1,3,ok,49,7,experiments/e20_multi_compiler_full/run.py,cf4c43a166f171d450e24f2ab51c9325507d5960589b926a114eb25d926116c5,3c9237c89b7756064bac190a2ad0bd1369b9670062a779ddc9072980bdb01e37,cc8c9ba0f9beba3339ca22f4504e74250766cfc42522bd275f02ce1a7e2a52e1,"DTQW on cycle, 3 steps"
2.1.0,MC-E20,e20_full_20260721_150753,2026-07-21T15:27:06.715291+00:00,qwalk_4,QuantumWalk,5,58,,,,35,,,6,,,6,,,0,,,,0.28857421875,cirq,optimize_for_target_gateset+eject_z+merge_1q,1.6.1,default,"error: ""<input>:27,0: 'sx' is not defined in this scope""",49,7,experiments/e20_multi_compiler_full/run.py,cf4c43a166f171d450e24f2ab51c9325507d5960589b926a114eb25d926116c5,3c9237c89b7756064bac190a2ad0bd1369b9670062a779ddc9072980bdb01e37,none,"DTQW on cycle, 3 steps"
2.1.0,MC-E20,e20_full_20260721_150753,2026-07-21T15:27:13.764387+00:00,qwalk_4,QuantumWalk,5,58,686.0,-10.827586206896552,-1082.7586206896551,35,534.0,-14.257142857142858,6,330.0,-54.0,6,330.0,-54.0,0,0.0,0.0,0.9999999999999708,6.952982187271118,tket,FullPeepholeOptimise,2.18.0,default,ok,49,7,experiments/e20_multi_compiler_full/run.py,cf4c43a166f171d450e24f2ab51c9325507d5960589b926a114eb25d926116c5,3c9237c89b7756064bac190a2ad0bd1369b9670062a779ddc9072980bdb01e37,8328c57694824f4ba72e5144fc43ae8e4eccf4df5bfc5ce8876fb8979ac5e9f2,"DTQW on cycle, 3 steps"
2.1.0,MC-E20,e20_full_20260721_150753,2026-07-21T15:27:13.788831+00:00,iqp_4,IQP,4,19,7.0,0.631578947368421,63.1578947368421,9,3.0,0.6666666666666667,5,1.0,0.8,0,0.0,0.0,0,0.0,0.0,0.999999999999998,0.0,qiskit,transpiler,2.4.1,3,ok,49,7,experiments/e20_multi_compiler_full/run.py,cf4c43a166f171d450e24f2ab51c9325507d5960589b926a114eb25d926116c5,829c59777d2714ca6841a86a0b4d795d05230ffc1e67c2bc68c76f6998a28fba,41b7910fff7b807f8f770ff895725915ca5bf30591ed7c7289455e03287dd65c,"IQP circuit, 3 diagonal layers"
2.1.0,MC-E20,e20_full_20260721_150753,2026-07-21T15:27:13.806929+00:00,iqp_4,IQP,4,19,21.0,-0.1052631578947369,-10.526315789473696,9,8.0,0.1111111111111111,5,5.0,0.0,0,0.0,0.0,0,2.0,0.0,0.9999999999999974,0.0174977779388427,cirq,optimize_for_target_gateset+eject_z+merge_1q,1.6.1,default,ok,49,7,experiments/e20_multi_compiler_full/run.py,cf4c43a166f171d450e24f2ab51c9325507d5960589b926a114eb25d926116c5,829c59777d2714ca6841a86a0b4d795d05230ffc1e67c2bc68c76f6998a28fba,89a4e047e63d113711b43d395be2fff04b30b09beea4b0f3065f0eb1f0da1866,"IQP circuit, 3 diagonal layers"
2.1.0,MC-E20,e20_full_20260721_150753,2026-07-21T15:27:13.877386+00:00,iqp_4,IQP,4,19,6.0,0.6842105263157895,68.42105263157895,9,3.0,0.6666666666666667,5,1.0,0.8,0,1.0,0.0,0,0.0,0.0,0.9999999999999988,0.0665409564971923,tket,FullPeepholeOptimise,2.18.0,default,ok,49,7,experiments/e20_multi_compiler_full/run.py,cf4c43a166f171d450e24f2ab51c9325507d5960589b926a114eb25d926116c5,829c59777d2714ca6841a86a0b4d795d05230ffc1e67c2bc68c76f6998a28fba,da36c26728502d13cfacc9156088717ff8e854bea2d3a831d972fbac85958489,"IQP circuit, 3 diagonal layers"
2.1.0,MC-E20,e20_full_20260721_150753,2026-07-21T15:27:13.907336+00:00,clifford_4,RandomClifford,4,37,8.0,0.7837837837837838,78.37837837837837,13,4.0,0.6923076923076923,5,3.0,0.4,5,2.0,0.6,15,3.0,0.8,0.9999999999999992,0.0141096115112304,qiskit,transpiler,2.4.1,3,ok,49,7,experiments/e20_multi_compiler_full/run.py,cf4c43a166f171d450e24f2ab51c9325507d5960589b926a114eb25d926116c5,0022ffe9d13ecbfeb8351904362f18dc9c44762bb2f2b349e9bef5ccd44b6217,f69d96ae3aea574fbc1e0bea98700da139c8bf286f6ad8d595cb1b7f54f03b4d,"Random Clifford, depth=10"
2.1.0,MC-E20,e20_full_20260721_150753,2026-07-21T15:27:13.940872+00:00,clifford_4,RandomClifford,4,37,21.0,0.4324324324324324,43.24324324324324,13,12.0,0.0769230769230768,5,5.0,0.0,5,5.0,0.0,15,7.0,0.5333333333333333,0.9999999999999968,0.0265567302703857,cirq,optimize_for_target_gateset+eject_z+merge_1q,1.6.1,default,ok,49,7,experiments/e20_multi_compiler_full/run.py,cf4c43a166f171d450e24f2ab51c9325507d5960589b926a114eb25d926116c5,0022ffe9d13ecbfeb8351904362f18dc9c44762bb2f2b349e9bef5ccd44b6217,c02387bcbdad68ba48d58b8a27bc1c4ec8f58215635f6f7f128cb2e7a835b442,"Random Clifford, depth=10"
2.1.0,MC-E20,e20_full_20260721_150753,2026-07-21T15:27:14.053222+00:00,clifford_4,RandomClifford,4,37,10.0,0.7297297297297297,72.97297297297297,13,5.0,0.6153846153846154,5,3.0,0.4,5,3.0,0.4,15,0.0,1.0,0.9999999999999976,0.1103439331054687,tket,FullPeepholeOptimise,2.18.0,default,ok,49,7,experiments/e20_multi_compiler_full/run.py,cf4c43a166f171d450e24f2ab51c9325507d5960589b926a114eb25d926116c5,0022ffe9d13ecbfeb8351904362f18dc9c44762bb2f2b349e9bef5ccd44b6217,4e4330636aaa214117ab5178c6ebae639cc0d9dc0c71f4a3803ec6a6663c73d5,"Random Clifford, depth=10"
2.1.0,MC-E20,e20_full_20260721_150753,2026-07-21T15:27:14.068510+00:00,surface_code_4,SurfaceCode,5,6,6.0,0.0,0.0,6,6.0,0.0,4,4.0,0.0,4,4.0,0.0,0,0.0,0.0,0.9999999999999996,0.0022914409637451,qiskit,transpiler,2.4.1,3,ok,49,7,experiments/e20_multi_compiler_full/run.py,cf4c43a166f171d450e24f2ab51c9325507d5960589b926a114eb25d926116c5,98123c419282ef8d7ead755526545f8d1b8e6129c506a92b5eb114e588eb0ab3,98123c419282ef8d7ead755526545f8d1b8e6129c506a92b5eb114e588eb0ab3,X-stabilizer syndrome extraction
2.1.0,MC-E20,e20_full_20260721_150753,2026-07-21T15:27:14.088587+00:00,surface_code_4,SurfaceCode,5,6,8.0,-0.3333333333333332,-33.33333333333333,6,8.0,-0.3333333333333332,4,4.0,0.0,4,4.0,0.0,0,0.0,0.0,0.9999999999999996,0.0200769901275634,cirq,optimize_for_target_gateset+eject_z+merge_1q,1.6.1,default,ok,49,7,experiments/e20_multi_compiler_full/run.py,cf4c43a166f171d450e24f2ab51c9325507d5960589b926a114eb25d926116c5,98123c419282ef8d7ead755526545f8d1b8e6129c506a92b5eb114e588eb0ab3,0c00266c7a53ad112762f22de25c0fc98ea983228dd47f0b202a21e7f7e4e1be,X-stabilizer syndrome extraction
2.1.0,MC-E20,e20_full_20260721_150753,2026-07-21T15:27:14.212713+00:00,surface_code_4,SurfaceCode,5,6,6.0,0.0,0.0,6,6.0,0.0,4,4.0,0.0,4,4.0,0.0,0,0.0,0.0,1.0,0.1241259574890136,tket,FullPeepholeOptimise,2.18.0,default,ok,49,7,experiments/e20_multi_compiler_full/run.py,cf4c43a166f171d450e24f2ab51c9325507d5960589b926a114eb25d926116c5,98123c419282ef8d7ead755526545f8d1b8e6129c506a92b5eb114e588eb0ab3,e694cc95c19205cba6e40e73a6bfb0e277a3503f412895d9b4fc596b1716e5a2,X-stabilizer syndrome extraction
2.1.0,MC-E20,e20_full_20260721_150753,2026-07-21T15:27:14.241615+00:00,uccsd_4,UCCSD_inspired,4,28,22.0,0.2142857142857143,21.42857142857143,16,15.0,0.0625,14,10.0,0.2857142857142857,14,10.0,0.2857142857142857,0,0.0,0.0,0.9999999999999992,0.0066978931427001,qiskit,transpiler,2.4.1,3,ok,49,7,experiments/e20_multi_compiler_full/run.py,cf4c43a166f171d450e24f2ab51c9325507d5960589b926a114eb25d926116c5,c930f3220abe61127b1a28e598d5f184e5f5c69d2c8d1ad9e39effa0dbc65687,88e66ce837bdf8d1d802612d5661d154095713dd48e4c064c8db77711d5e41ad,Parameterized ansatz INSPIRED BY (not true) UCCSD; see make_parameterized_ansatz docstring. Renamed from 'UCCSD' to 'UCCSD_inspired' per review L3 to avoid false claim.
2.1.0,MC-E20,e20_full_20260721_150753,2026-07-21T15:27:14.268255+00:00,uccsd_4,UCCSD_inspired,4,28,26.0,0.0714285714285714,7.14285714285714,16,15.0,0.0625,14,14.0,0.0,14,14.0,0.0,0,0.0,0.0,0.9999999999999992,0.0161464214324951,cirq,optimize_for_target_gateset+eject_z+merge_1q,1.6.1,default,ok,49,7,experiments/e20_multi_compiler_full/run.py,cf4c43a166f171d450e24f2ab51c9325507d5960589b926a114eb25d926116c5,c930f3220abe61127b1a28e598d5f184e5f5c69d2c8d1ad9e39effa0dbc65687,fc40fd21e9ced536224d3365e32be8444587fb05c9c53c82db3e8e16209682d0,Parameterized ansatz INSPIRED BY (not true) UCCSD; see make_parameterized_ansatz docstring. Renamed from 'UCCSD' to 'UCCSD_inspired' per review L3 to avoid false claim.
2.1.0,MC-E20,e20_full_20260721_150753,2026-07-21T15:27:14.579294+00:00,uccsd_4,UCCSD_inspired,4,28,22.0,0.2142857142857143,21.42857142857143,16,15.0,0.0625,14,10.0,0.2857142857142857,14,10.0,0.2857142857142857,0,0.0,0.0,0.9999999999999992,0.2932174205780029,tket,FullPeepholeOptimise,2.18.0,default,ok,49,7,experiments/e20_multi_compiler_full/run.py,cf4c43a166f171d450e24f2ab51c9325507d5960589b926a114eb25d926116c5,c930f3220abe61127b1a28e598d5f184e5f5c69d2c8d1ad9e39effa0dbc65687,2a78da42df63972314437385a178dcf0833e7228a83a0e431f7b1d7ba5c03187,Parameterized ansatz INSPIRED BY (not true) UCCSD; see make_parameterized_ansatz docstring. Renamed from 'UCCSD' to 'UCCSD_inspired' per review L3 to avoid false claim.
2.1.0,MC-E20,e20_full_20260721_150753,2026-07-21T15:27:14.613301+00:00,qft_6,QFT,6,21,21.0,0.0,0.0,11,11.0,0.0,15,15.0,0.0,0,0.0,0.0,0,0.0,0.0,0.9999999999999996,0.0,qiskit,transpiler,2.4.1,3,ok,49,7,experiments/e20_multi_compiler_full/run.py,cf4c43a166f171d450e24f2ab51c9325507d5960589b926a114eb25d926116c5,e761adf8efeac5c21762208c08429dd4686d16eb4cbc1582e6d4ebc809852f66,ce325feb7eafc0f7673a16bbc3b51544984abb6d137b6ba7752bea283600c12b,
2.1.0,MC-E20,e20_full_20260721_150753,2026-07-21T15:27:14.662320+00:00,qft_6,QFT,6,21,,,,11,,,15,,,0,,,0,,,,0.049018383026123,cirq,optimize_for_target_gateset+eject_z+merge_1q,1.6.1,default,"error: ""<input>:17,0: 'sx' is not defined in this scope""",49,7,experiments/e20_multi_compiler_full/run.py,cf4c43a166f171d450e24f2ab51c9325507d5960589b926a114eb25d926116c5,e761adf8efeac5c21762208c08429dd4686d16eb4cbc1582e6d4ebc809852f66,none,
2.1.0,MC-E20,e20_full_20260721_150753,2026-07-21T15:27:15.260235+00:00,qft_6,QFT,6,21,71.0,-2.380952380952381,-238.0952380952381,11,33.0,-2.0,15,30.0,-1.0,0,30.0,0.0,0,0.0,0.0,1.0,0.5793428421020508,tket,FullPeepholeOptimise,2.18.0,default,ok,49,7,experiments/e20_multi_compiler_full/run.py,cf4c43a166f171d450e24f2ab51c9325507d5960589b926a114eb25d926116c5,e761adf8efeac5c21762208c08429dd4686d16eb4cbc1582e6d4ebc809852f66,1e4c9ed3e36094a6271070b1f1ab2b30e856264476b0c22125357dc3af1d9cc7,
2.1.0,MC-E20,e20_full_20260721_150753,2026-07-21T15:27:15.281498+00:00,ghz_6,GHZ,6,6,6.0,0.0,0.0,6,6.0,0.0,5,5.0,0.0,5,5.0,0.0,0,0.0,0.0,0.9999999999999998,0.0091478824615478,qiskit,transpiler,2.4.1,3,ok,49,7,experiments/e20_multi_compiler_full/run.py,cf4c43a166f171d450e24f2ab51c9325507d5960589b926a114eb25d926116c5,df499dded1e0518f2f6266b9f0e35d3c81e6057b5ba6e6decbb0f26370e5bb03,df499dded1e0518f2f6266b9f0e35d3c81e6057b5ba6e6decbb0f26370e5bb03,
2.1.0,MC-E20,e20_full_20260721_150753,2026-07-21T15:27:15.292362+00:00,ghz_6,GHZ,6,6,7.0,-0.1666666666666667,-16.666666666666675,6,7.0,-0.1666666666666667,5,5.0,0.0,5,5.0,0.0,0,0.0,0.0,0.9999999999999998,0.0108637809753417,cirq,optimize_for_target_gateset+eject_z+merge_1q,1.6.1,default,ok,49,7,experiments/e20_multi_compiler_full/run.py,cf4c43a166f171d450e24f2ab51c9325507d5960589b926a114eb25d926116c5,df499dded1e0518f2f6266b9f0e35d3c81e6057b5ba6e6decbb0f26370e5bb03,d4f49c1b8be62a61d262e49773b9cb5ffaafaba57cb3618d0cc608c10726c170,
2.1.0,MC-E20,e20_full_20260721_150753,2026-07-21T15:27:15.427655+00:00,ghz_6,GHZ,6,6,6.0,0.0,0.0,6,6.0,0.0,5,5.0,0.0,5,5.0,0.0,0,0.0,0.0,1.0,0.1352930068969726,tket,FullPeepholeOptimise,2.18.0,default,ok,49,7,experiments/e20_multi_compiler_full/run.py,cf4c43a166f171d450e24f2ab51c9325507d5960589b926a114eb25d926116c5,df499dded1e0518f2f6266b9f0e35d3c81e6057b5ba6e6decbb0f26370e5bb03,f5606110b4c9de2d9c41d6892ae7b8cd5a5d8a4dec34af69160c119d936ae28b,
2.1.0,MC-E20,e20_full_20260721_150753,2026-07-21T15:27:15.461686+00:00,cnot_chain_6,CNOT,6,40,0.0,1.0,100.0,22,0.0,1.0,40,0.0,1.0,40,0.0,1.0,0,0.0,0.0,1.0,0.0137946605682373,qiskit,transpiler,2.4.1,3,ok,49,7,experiments/e20_multi_compiler_full/run.py,cf4c43a166f171d450e24f2ab51c9325507d5960589b926a114eb25d926116c5,a9cbe813352eb8bbddbb6de7feecde853f066b5cf29e96a7a2f84a6cd354761a,995ca4ef9eaba10dd58f1ab322947f30c40e0f095185660849ca98aed2848347,
2.1.0,MC-E20,e20_full_20260721_150753,2026-07-21T15:27:15.482518+00:00,cnot_chain_6,CNOT,6,40,40.0,0.0,0.0,22,22.0,0.0,40,40.0,0.0,40,40.0,0.0,0,0.0,0.0,1.0,0.0201642513275146,cirq,optimize_for_target_gateset+eject_z+merge_1q,1.6.1,default,ok,49,7,experiments/e20_multi_compiler_full/run.py,cf4c43a166f171d450e24f2ab51c9325507d5960589b926a114eb25d926116c5,a9cbe813352eb8bbddbb6de7feecde853f066b5cf29e96a7a2f84a6cd354761a,2e9e1aace549c82c9407f34f36831517d192135307006f6b9830a803c04a3dc1,
2.1.0,MC-E20,e20_full_20260721_150753,2026-07-21T15:27:15.497565+00:00,cnot_chain_6,CNOT,6,40,0.0,1.0,100.0,22,0.0,1.0,40,0.0,1.0,40,0.0,1.0,0,0.0,0.0,1.0,0.0,tket,FullPeepholeOptimise,2.18.0,default,ok,49,7,experiments/e20_multi_compiler_full/run.py,cf4c43a166f171d450e24f2ab51c9325507d5960589b926a114eb25d926116c5,a9cbe813352eb8bbddbb6de7feecde853f066b5cf29e96a7a2f84a6cd354761a,995ca4ef9eaba10dd58f1ab322947f30c40e0f095185660849ca98aed2848347,
2.1.0,MC-E20,e20_full_20260721_150753,2026-07-21T15:27:15.527927+00:00,bv_6,Oracle,7,20,14.0,0.3,30.000000000000004,8,6.0,0.25,4,4.0,0.0,4,4.0,0.0,0,0.0,0.0,0.9999999999999962,0.0223314762115478,qiskit,transpiler,2.4.1,3,ok,49,7,experiments/e20_multi_compiler_full/run.py,cf4c43a166f171d450e24f2ab51c9325507d5960589b926a114eb25d926116c5,10bccf5b9e9d410c40b6752daa0b258aaf6391f291402db7dd33288270bb5ac7,c0ffb717ad693d4b3d9102c7193ea27f76ff00cc01238a72c62b8e88b6bcbccf,
2.1.0,MC-E20,e20_full_20260721_150753,2026-07-21T15:27:15.553820+00:00,bv_6,Oracle,7,20,22.0,-0.1,-10.000000000000009,8,8.0,0.0,4,4.0,0.0,4,4.0,0.0,0,0.0,0.0,,0.0248820781707763,cirq,optimize_for_target_gateset+eject_z+merge_1q,1.6.1,default,ok,49,7,experiments/e20_multi_compiler_full/run.py,cf4c43a166f171d450e24f2ab51c9325507d5960589b926a114eb25d926116c5,10bccf5b9e9d410c40b6752daa0b258aaf6391f291402db7dd33288270bb5ac7,c3cbf1cfb441bf8a617879ba4dec3460b8b34a0d612d508d668f9c7e43e53023,
2.1.0,MC-E20,e20_full_20260721_150753,2026-07-21T15:27:15.743730+00:00,qaoa_line_6,QAOA,6,48,48.0,0.0,0.0,24,24.0,0.0,20,20.0,0.0,20,20.0,0.0,0,0.0,0.0,1.0000000000000036,0.0168061256408691,qiskit,transpiler,2.4.1,3,ok,49,7,experiments/e20_multi_compiler_full/run.py,cf4c43a166f171d450e24f2ab51c9325507d5960589b926a114eb25d926116c5,9a93de2a64092d45dbd089fa817fd92886c1128643ee610345c6b2b659e87953,9a93de2a64092d45dbd089fa817fd92886c1128643ee610345c6b2b659e87953,
2.1.0,MC-E20,e20_full_20260721_150753,2026-07-21T15:27:15.813219+00:00,qaoa_line_6,QAOA,6,48,54.0,-0.125,-12.5,24,25.0,-0.0416666666666667,20,20.0,0.0,20,20.0,0.0,0,0.0,0.0,1.0000000000000004,0.0458776950836181,cirq,optimize_for_target_gateset+eject_z+merge_1q,1.6.1,default,ok,49,7,experiments/e20_multi_compiler_full/run.py,cf4c43a166f171d450e24f2ab51c9325507d5960589b926a114eb25d926116c5,9a93de2a64092d45dbd089fa817fd92886c1128643ee610345c6b2b659e87953,674679f8174ee7602f3421dc0ce63b233d4f714a1c6b1658a8a657aa0e8b8ed9,
2.1.0,MC-E20,e20_full_20260721_150753,2026-07-21T15:27:16.274107+00:00,qaoa_line_6,QAOA,6,48,46.0,0.0416666666666666,4.166666666666663,24,24.0,0.0,20,20.0,0.0,20,20.0,0.0,0,0.0,0.0,1.0000000000000036,0.4580681324005127,tket,FullPeepholeOptimise,2.18.0,default,ok,49,7,experiments/e20_multi_compiler_full/run.py,cf4c43a166f171d450e24f2ab51c9325507d5960589b926a114eb25d926116c5,9a93de2a64092d45dbd089fa817fd92886c1128643ee610345c6b2b659e87953,822bef62f344884fb4e9ecadcbdccc4be4f4732ef986d044017385ff10471c24,
2.1.0,MC-E20,e20_full_20260721_150753,2026-07-21T15:27:16.315349+00:00,vqe_twolocal_6,VQE,6,46,28.0,0.3913043478260869,39.13043478260869,13,10.0,0.2307692307692307,10,10.0,0.0,10,10.0,0.0,0,0.0,0.0,1.0,0.0149617195129394,qiskit,transpiler,2.4.1,3,ok,49,7,experiments/e20_multi_compiler_full/run.py,cf4c43a166f171d450e24f2ab51c9325507d5960589b926a114eb25d926116c5,d6f0fa7d10d887accda4e674d7530971090c8b2606748b4cb0a8138437d1b94d,60661d77168962fae33359c3936d6a92f0bc689f8f5547fa76a00b9d3ca247fc,
2.1.0,MC-E20,e20_full_20260721_150753,2026-07-21T15:27:16.367308+00:00,vqe_twolocal_6,VQE,6,46,46.0,0.0,0.0,13,13.0,0.0,10,10.0,0.0,10,10.0,0.0,0,0.0,0.0,0.9999999999999996,0.0378839969635009,cirq,optimize_for_target_gateset+eject_z+merge_1q,1.6.1,default,ok,49,7,experiments/e20_multi_compiler_full/run.py,cf4c43a166f171d450e24f2ab51c9325507d5960589b926a114eb25d926116c5,d6f0fa7d10d887accda4e674d7530971090c8b2606748b4cb0a8138437d1b94d,0ee97c39ab3f4a5c36c1bf2c4529dcc7a49752ad473f2f71eecafa4c05046457,
2.1.0,MC-E20,e20_full_20260721_150753,2026-07-21T15:27:16.766003+00:00,vqe_twolocal_6,VQE,6,46,28.0,0.3913043478260869,39.13043478260869,13,10.0,0.2307692307692307,10,10.0,0.0,10,10.0,0.0,0,0.0,0.0,1.0,0.3966898918151855,tket,FullPeepholeOptimise,2.18.0,default,ok,49,7,experiments/e20_multi_compiler_full/run.py,cf4c43a166f171d450e24f2ab51c9325507d5960589b926a114eb25d926116c5,d6f0fa7d10d887accda4e674d7530971090c8b2606748b4cb0a8138437d1b94d,ae940f6793eb813d0d154b8f00fad2a3b10686bf53effe6670bf068e1fe7657b,
2.1.0,MC-E20,e20_full_20260721_150753,2026-07-21T15:27:16.796084+00:00,hardware_eff_6,HardwareEfficient,6,34,22.0,0.3529411764705882,35.29411764705882,8,6.0,0.25,10,10.0,0.0,10,10.0,0.0,0,0.0,0.0,1.0,0.0150134563446044,qiskit,transpiler,2.4.1,3,ok,49,7,experiments/e20_multi_compiler_full/run.py,cf4c43a166f171d450e24f2ab51c9325507d5960589b926a114eb25d926116c5,a58fd5d8669e0208c53a09ddbb6b606ddcef2acf829274dff44887931f4cf9e6,0f567da93a32f8480b0c75fc78a7e84cb10400464adf828a79a6b4ea812b448e,
2.1.0,MC-E20,e20_full_20260721_150753,2026-07-21T15:27:16.837989+00:00,hardware_eff_6,HardwareEfficient,6,34,34.0,0.0,0.0,8,8.0,0.0,10,10.0,0.0,10,10.0,0.0,0,0.0,0.0,1.0,0.0376596450805664,cirq,optimize_for_target_gateset+eject_z+merge_1q,1.6.1,default,ok,49,7,experiments/e20_multi_compiler_full/run.py,cf4c43a166f171d450e24f2ab51c9325507d5960589b926a114eb25d926116c5,a58fd5d8669e0208c53a09ddbb6b606ddcef2acf829274dff44887931f4cf9e6,5ae80b2754294a45c2b538356fc5abae701d344df9c91854dad74b069dab4362,
2.1.0,MC-E20,e20_full_20260721_150753,2026-07-21T15:27:17.167107+00:00,hardware_eff_6,HardwareEfficient,6,34,22.0,0.3529411764705882,35.29411764705882,8,6.0,0.25,10,10.0,0.0,10,10.0,0.0,0,0.0,0.0,0.9999999999999998,0.3253881931304931,tket,FullPeepholeOptimise,2.18.0,default,ok,49,7,experiments/e20_multi_compiler_full/run.py,cf4c43a166f171d450e24f2ab51c9325507d5960589b926a114eb25d926116c5,a58fd5d8669e0208c53a09ddbb6b606ddcef2acf829274dff44887931f4cf9e6,b7aff710728e56fbc9518e82e871a9feec3dcccf00762d7a0fe6697c1646a52a,
2.1.0,MC-E20,e20_full_20260721_150753,2026-07-21T15:27:17.305575+00:00,grover_6,Grover,6,42,20.0,0.5238095238095238,52.38095238095239,11,5.0,0.5454545454545454,0,0.0,0.0,0,0.0,0.0,0,0.0,0.0,0.9999999999999588,0.0042498111724853,qiskit,transpiler,2.4.1,3,ok,49,7,experiments/e20_multi_compiler_full/run.py,cf4c43a166f171d450e24f2ab51c9325507d5960589b926a114eb25d926116c5,d41ce7903892101cb5d6d73545775831ecf53c4e1fa13f1c2241739745d9f999,2c0a6db83b0527236f88b054177d6cd3d423f2a0cd7e9d3268be2944c76ff592,"Single Grover iteration, random marked state"
2.1.0,MC-E20,e20_full_20260721_150753,2026-07-21T15:27:17.493047+00:00,grover_6,Grover,6,42,,,,11,,,0,,,0,,,0,,,,0.187471866607666,cirq,optimize_for_target_gateset+eject_z+merge_1q,1.6.1,default,"error: ""<input>:247,0: 'sx' is not defined in this scope""",49,7,experiments/e20_multi_compiler_full/run.py,cf4c43a166f171d450e24f2ab51c9325507d5960589b926a114eb25d926116c5,d41ce7903892101cb5d6d73545775831ecf53c4e1fa13f1c2241739745d9f999,none,"Single Grover iteration, random marked state"
2.1.0,MC-E20,e20_full_20260721_150753,2026-07-21T15:27:20.554601+00:00,grover_6,Grover,6,42,344.0,-7.19047619047619,-719.047619047619,11,233.0,-20.181818181818183,0,160.0,0.0,0,160.0,0.0,0,0.0,0.0,0.999999999999982,2.963501214981079,tket,FullPeepholeOptimise,2.18.0,default,ok,49,7,experiments/e20_multi_compiler_full/run.py,cf4c43a166f171d450e24f2ab51c9325507d5960589b926a114eb25d926116c5,d41ce7903892101cb5d6d73545775831ecf53c4e1fa13f1c2241739745d9f999,4a3fd95b2ccdbc68e4273a60cbb197684f4bb7dc1ca05b4119ead3887516da8b,"Single Grover iteration, random marked state"
2.1.0,MC-E20,e20_full_20260721_150753,2026-07-21T15:27:20.582322+00:00,adder_6,Adder,7,12,12.0,0.0,0.0,7,7.0,0.0,4,4.0,0.0,4,4.0,0.0,0,0.0,0.0,1.0,0.0153443813323974,qiskit,transpiler,2.4.1,3,ok,49,7,experiments/e20_multi_compiler_full/run.py,cf4c43a166f171d450e24f2ab51c9325507d5960589b926a114eb25d926116c5,84fde07bd40be8d7a95d24cc510e9db8ab0d019aaad3c30a43907f561b19ebb6,1d990539804c1ba4a6b3990592e23ff573274fc0760634336221dde3b21bda97,"Ripple-carry adder, random inputs"
2.1.0,MC-E20,e20_full_20260721_150753,2026-07-21T15:27:20.615483+00:00,adder_6,Adder,7,12,12.0,0.0,0.0,7,7.0,0.0,4,4.0,0.0,4,4.0,0.0,0,0.0,0.0,1.0,0.0221560001373291,cirq,optimize_for_target_gateset+eject_z+merge_1q,1.6.1,default,ok,49,7,experiments/e20_multi_compiler_full/run.py,cf4c43a166f171d450e24f2ab51c9325507d5960589b926a114eb25d926116c5,84fde07bd40be8d7a95d24cc510e9db8ab0d019aaad3c30a43907f561b19ebb6,387a7eb8c6b716986bce1019077e01632759be6aa1e2da7f573721b5e702e5f5,"Ripple-carry adder, random inputs"
2.1.0,MC-E20,e20_full_20260721_150753,2026-07-21T15:27:22.724080+00:00,qwalk_6,QuantumWalk,7,82,2300.0,-27.04878048780488,-2704.8780487804875,47,1695.0,-35.06382978723404,6,990.0,-164.0,6,990.0,-164.0,0,305.0,0.0,0.999999999999785,0.0237607955932617,qiskit,transpiler,2.4.1,3,ok,49,7,experiments/e20_multi_compiler_full/run.py,cf4c43a166f171d450e24f2ab51c9325507d5960589b926a114eb25d926116c5,53b4f3ffebbbcc72f7150f70046152e88fafe8f1f757d15136595f5e7d48c413,07263590076ee452819e622a93eb0662bfb2dbe2d5cc2c52512c5cf1483e003e,"DTQW on cycle, 3 steps"
2.1.0,MC-E20,e20_full_20260721_150753,2026-07-21T15:27:24.619546+00:00,qwalk_6,QuantumWalk,7,82,,,,47,,,6,,,6,,,0,,,,1.8954660892486568,cirq,optimize_for_target_gateset+eject_z+merge_1q,1.6.1,default,"error: ""<input>:375,0: 'sx' is not defined in this scope""",49,7,experiments/e20_multi_compiler_full/run.py,cf4c43a166f171d450e24f2ab51c9325507d5960589b926a114eb25d926116c5,53b4f3ffebbbcc72f7150f70046152e88fafe8f1f757d15136595f5e7d48c413,none,"DTQW on cycle, 3 steps"
2.1.0,MC-E20,e20_full_20260721_150753,2026-07-21T15:27:54.909641+00:00,iqp_6,IQP,6,30,16.0,0.4666666666666667,46.66666666666666,9,4.0,0.5555555555555556,6,4.0,0.3333333333333333,0,0.0,0.0,0,0.0,0.0,0.9999999999999964,0.0208356380462646,qiskit,transpiler,2.4.1,3,ok,49,7,experiments/e20_multi_compiler_full/run.py,cf4c43a166f171d450e24f2ab51c9325507d5960589b926a114eb25d926116c5,d7baf1316221c49044d9ba69fcb895bbe16fd49fed49607c0ee4c888fe35fd51,7920530dd12a3f3ee1e2245440f4b814bd25faa3b972b631df863e7e10a34f3c,"IQP circuit, 3 diagonal layers"
2.1.0,MC-E20,e20_full_20260721_150753,2026-07-21T15:27:54.949872+00:00,iqp_6,IQP,6,30,29.0,0.0333333333333333,3.3333333333333326,9,9.0,0.0,6,6.0,0.0,0,0.0,0.0,0,5.0,0.0,0.999999999999996,0.024059772491455,cirq,optimize_for_target_gateset+eject_z+merge_1q,1.6.1,default,ok,49,7,experiments/e20_multi_compiler_full/run.py,cf4c43a166f171d450e24f2ab51c9325507d5960589b926a114eb25d926116c5,d7baf1316221c49044d9ba69fcb895bbe16fd49fed49607c0ee4c888fe35fd51,48894808bdd80a814301c527be1e57f67233c9eee3b39e14eb61c93a22a6ad26,"IQP circuit, 3 diagonal layers"
2.1.0,MC-E20,e20_full_20260721_150753,2026-07-21T15:27:55.178032+00:00,iqp_6,IQP,6,30,15.0,0.5,50.0,9,5.0,0.4444444444444444,6,4.0,0.3333333333333333,0,4.0,0.0,0,0.0,0.0,1.0,0.2213447093963623,tket,FullPeepholeOptimise,2.18.0,default,ok,49,7,experiments/e20_multi_compiler_full/run.py,cf4c43a166f171d450e24f2ab51c9325507d5960589b926a114eb25d926116c5,d7baf1316221c49044d9ba69fcb895bbe16fd49fed49607c0ee4c888fe35fd51,6cfa92fa34585a369040bb4ab935ae3f8c8f56622d16889849eb49e1aacff051,"IQP circuit, 3 diagonal layers"
2.1.0,MC-E20,e20_full_20260721_150753,2026-07-21T15:27:55.203124+00:00,clifford_6,RandomClifford,6,44,18.0,0.5909090909090908,59.09090909090908,12,7.0,0.4166666666666666,6,5.0,0.1666666666666666,6,4.0,0.3333333333333333,26,4.0,0.8461538461538461,0.9999999999999968,0.0,qiskit,transpiler,2.4.1,3,ok,49,7,experiments/e20_multi_compiler_full/run.py,cf4c43a166f171d450e24f2ab51c9325507d5960589b926a114eb25d926116c5,5052043f4b27a8ad993d9d32fd092d8c809970e5c8ad49b6597eb46a937e2b27,88975e6eca3e4b49cb98e04e0f808632b8b9a0a421867ea2fdbd6718134556d3,"Random Clifford, depth=10"
2.1.0,MC-E20,e20_full_20260721_150753,2026-07-21T15:27:55.239184+00:00,clifford_6,RandomClifford,6,44,24.0,0.4545454545454546,45.45454545454546,12,11.0,0.0833333333333333,6,6.0,0.0,6,6.0,0.0,26,8.0,0.6923076923076923,0.9999999999999968,0.0215020179748535,cirq,optimize_for_target_gateset+eject_z+merge_1q,1.6.1,default,ok,49,7,experiments/e20_multi_compiler_full/run.py,cf4c43a166f171d450e24f2ab51c9325507d5960589b926a114eb25d926116c5,5052043f4b27a8ad993d9d32fd092d8c809970e5c8ad49b6597eb46a937e2b27,a5bfedcfbd74ef26175ce70438a258803c2e1015469bc71d757c74315442b7be,"Random Clifford, depth=10"
2.1.0,MC-E20,e20_full_20260721_150753,2026-07-21T15:27:55.432733+00:00,clifford_6,RandomClifford,6,44,16.0,0.6363636363636364,63.63636363636363,12,9.0,0.25,6,4.0,0.3333333333333333,6,4.0,0.3333333333333333,26,0.0,1.0,0.2615384615384613,0.190007209777832,tket,FullPeepholeOptimise,2.18.0,default,ok,49,7,experiments/e20_multi_compiler_full/run.py,cf4c43a166f171d450e24f2ab51c9325507d5960589b926a114eb25d926116c5,5052043f4b27a8ad993d9d32fd092d8c809970e5c8ad49b6597eb46a937e2b27,bc149bd863e0aabfbaec4e0337c9e1476b3ed06648c71e227330b1d8f7377245,"Random Clifford, depth=10"
2.1.0,MC-E20,e20_full_20260721_150753,2026-07-21T15:27:55.453561+00:00,surface_code_6,SurfaceCode,7,8,8.0,0.0,0.0,8,8.0,0.0,6,6.0,0.0,6,6.0,0.0,0,0.0,0.0,0.9999999999999998,0.0104584693908691,qiskit,transpiler,2.4.1,3,ok,49,7,experiments/e20_multi_compiler_full/run.py,cf4c43a166f171d450e24f2ab51c9325507d5960589b926a114eb25d926116c5,c79699bc553ba266feca0cc48d12346c9fa31633f6c158d26ee08f6599c9d82f,c79699bc553ba266feca0cc48d12346c9fa31633f6c158d26ee08f6599c9d82f,X-stabilizer syndrome extraction
2.1.0,MC-E20,e20_full_20260721_150753,2026-07-21T15:27:55.479304+00:00,surface_code_6,SurfaceCode,7,8,10.0,-0.25,-25.0,8,10.0,-0.25,6,6.0,0.0,6,6.0,0.0,0,0.0,0.0,0.9999999999999998,0.0154776573181152,cirq,optimize_for_target_gateset+eject_z+merge_1q,1.6.1,default,ok,49,7,experiments/e20_multi_compiler_full/run.py,cf4c43a166f171d450e24f2ab51c9325507d5960589b926a114eb25d926116c5,c79699bc553ba266feca0cc48d12346c9fa31633f6c158d26ee08f6599c9d82f,f707f0baff4c0bfd7e516741ccbddf45388633ab013a86b317bd97aea7e50cbb,X-stabilizer syndrome extraction
2.1.0,MC-E20,e20_full_20260721_150753,2026-07-21T15:27:55.692966+00:00,uccsd_6,UCCSD_inspired,6,58,44.0,0.2413793103448276,24.13793103448276,28,25.0,0.1071428571428571,29,21.0,0.2758620689655172,29,21.0,0.2758620689655172,0,0.0,0.0,0.9999999999999992,0.0078413486480712,qiskit,transpiler,2.4.1,3,ok,49,7,experiments/e20_multi_compiler_full/run.py,cf4c43a166f171d450e24f2ab51c9325507d5960589b926a114eb25d926116c5,409d7ae5e94b475c2a7305f8a643659ad22969a376bfe8cf1d3e7a2831e784b0,5cfe531d0a7c15cd05d7b3e27608e8a49d38567763c6774aa0e824255f55f3bc,Parameterized ansatz INSPIRED BY (not true) UCCSD; see make_parameterized_ansatz docstring. Renamed from 'UCCSD' to 'UCCSD_inspired' per review L3 to avoid false claim.
2.1.0,MC-E20,e20_full_20260721_150753,2026-07-21T15:27:55.736827+00:00,uccsd_6,UCCSD_inspired,6,58,52.0,0.1034482758620689,10.344827586206897,28,26.0,0.0714285714285714,29,29.0,0.0,29,29.0,0.0,0,0.0,0.0,1.0,0.0318303108215332,cirq,optimize_for_target_gateset+eject_z+merge_1q,1.6.1,default,ok,49,7,experiments/e20_multi_compiler_full/run.py,cf4c43a166f171d450e24f2ab51c9325507d5960589b926a114eb25d926116c5,409d7ae5e94b475c2a7305f8a643659ad22969a376bfe8cf1d3e7a2831e784b0,6ca6ce35c6d44177233f38fb49ebcb2ff5f3c1477a35648b0c1950a438f3b651,Parameterized ansatz INSPIRED BY (not true) UCCSD; see make_parameterized_ansatz docstring. Renamed from 'UCCSD' to 'UCCSD_inspired' per review L3 to avoid false claim.
2.1.0,MC-E20,e20_full_20260721_150753,2026-07-21T15:27:56.369083+00:00,uccsd_6,UCCSD_inspired,6,58,44.0,0.2413793103448276,24.13793103448276,28,25.0,0.1071428571428571,29,21.0,0.2758620689655172,29,21.0,0.2758620689655172,0,0.0,0.0,0.9999999999999996,0.6109673976898193,tket,FullPeepholeOptimise,2.18.0,default,ok,49,7,experiments/e20_multi_compiler_full/run.py,cf4c43a166f171d450e24f2ab51c9325507d5960589b926a114eb25d926116c5,409d7ae5e94b475c2a7305f8a643659ad22969a376bfe8cf1d3e7a2831e784b0,43fb34d9d9ed1cd06f0d7fd4f7c93dcac2006cd5c8d7c12b380363e1e75960d6,Parameterized ansatz INSPIRED BY (not true) UCCSD; see make_parameterized_ansatz docstring. Renamed from 'UCCSD' to 'UCCSD_inspired' per review L3 to avoid false claim.
2.1.0,MC-E20,e20_full_20260721_150753,2026-07-21T15:27:56.488677+00:00,qft_8,QFT,8,36,36.0,0.0,0.0,15,15.0,0.0,28,28.0,0.0,0,0.0,0.0,0,0.0,0.0,0.9999999999999968,0.0105876922607421,qiskit,transpiler,2.4.1,3,ok,49,7,experiments/e20_multi_compiler_full/run.py,cf4c43a166f171d450e24f2ab51c9325507d5960589b926a114eb25d926116c5,b2f83603b76f95e86e3b51898d6ea360adf3a62f51aa296baf0178913d4108b2,5e235910f0329f12c7dc3b126bc0da34cd22bcb22e80d7885306046eb1f2b62c,
2.1.0,MC-E20,e20_full_20260721_150753,2026-07-21T15:27:56.572648+00:00,qft_8,QFT,8,36,,,,15,,,28,,,0,,,0,,,,0.0839712619781494,cirq,optimize_for_target_gateset+eject_z+merge_1q,1.6.1,default,"error: ""<input>:17,0: 'sx' is not defined in this scope""",49,7,experiments/e20_multi_compiler_full/run.py,cf4c43a166f171d450e24f2ab51c9325507d5960589b926a114eb25d926116c5,b2f83603b76f95e86e3b51898d6ea360adf3a62f51aa296baf0178913d4108b2,none,
2.1.0,MC-E20,e20_full_20260721_150753,2026-07-21T15:27:57.951596+00:00,ghz_8,GHZ,8,8,8.0,0.0,0.0,8,8.0,0.0,7,7.0,0.0,7,7.0,0.0,0,0.0,0.0,0.9999999999999998,0.0045680999755859,qiskit,transpiler,2.4.1,3,ok,49,7,experiments/e20_multi_compiler_full/run.py,cf4c43a166f171d450e24f2ab51c9325507d5960589b926a114eb25d926116c5,587577f385cf54a3edd3cc639b3ac8cc5aa139f2ef414827515ddc7be4c12104,587577f385cf54a3edd3cc639b3ac8cc5aa139f2ef414827515ddc7be4c12104,
2.1.0,MC-E20,e20_full_20260721_150753,2026-07-21T15:27:57.997668+00:00,ghz_8,GHZ,8,8,9.0,-0.125,-12.5,8,9.0,-0.125,7,7.0,0.0,7,7.0,0.0,0,0.0,0.0,0.9999999999999998,0.0207560062408447,cirq,optimize_for_target_gateset+eject_z+merge_1q,1.6.1,default,ok,49,7,experiments/e20_multi_compiler_full/run.py,cf4c43a166f171d450e24f2ab51c9325507d5960589b926a114eb25d926116c5,587577f385cf54a3edd3cc639b3ac8cc5aa139f2ef414827515ddc7be4c12104,dbe75adbc6dcfacb0387626198005ff6d870b04cfebdd177f2b4ce6c5e698fca,
2.1.0,MC-E20,e20_full_20260721_150753,2026-07-21T15:27:58.322350+00:00,cnot_chain_8,CNOT,8,56,0.0,1.0,100.0,26,0.0,1.0,56,0.0,1.0,56,0.0,1.0,0,0.0,0.0,1.0,0.007667064666748,qiskit,transpiler,2.4.1,3,ok,49,7,experiments/e20_multi_compiler_full/run.py,cf4c43a166f171d450e24f2ab51c9325507d5960589b926a114eb25d926116c5,d3e8b51351e86caa6d8939fe0a903f48a089e7d220d46a14b52d6c94e6e43394,b9f67046a69160a09ec4f4fa9eb23036fff76352de4a4103d9d677b302f18c04,
2.1.0,MC-E20,e20_full_20260721_150753,2026-07-21T15:27:58.460414+00:00,cnot_chain_8,CNOT,8,56,56.0,0.0,0.0,26,26.0,0.0,56,56.0,0.0,56,56.0,0.0,0,0.0,0.0,1.0,0.0151350498199462,cirq,optimize_for_target_gateset+eject_z+merge_1q,1.6.1,default,ok,49,7,experiments/e20_multi_compiler_full/run.py,cf4c43a166f171d450e24f2ab51c9325507d5960589b926a114eb25d926116c5,d3e8b51351e86caa6d8939fe0a903f48a089e7d220d46a14b52d6c94e6e43394,c654c98f30db9245f47457a95bd6a7935d02799bcd4a120004fd14388af2ad0b,
2.1.0,MC-E20,e20_full_20260721_150753,2026-07-21T15:27:58.537431+00:00,bv_8,Oracle,9,23,11.0,0.5217391304347826,52.17391304347826,7,5.0,0.2857142857142857,3,3.0,0.0,3,3.0,0.0,0,0.0,0.0,,0.0,qiskit,transpiler,2.4.1,3,ok,49,7,experiments/e20_multi_compiler_full/run.py,cf4c43a166f171d450e24f2ab51c9325507d5960589b926a114eb25d926116c5,3be28e2bf3864c90d3916643452ba62de50ecfdfc31ddaff2934bdb55eadc1cd,bfc9d210605382578a147f7a75ec3b89a1a3e9227518513e016d3dd06c664d21,
2.1.0,MC-E20,e20_full_20260721_150753,2026-07-21T15:27:58.783730+00:00,qaoa_line_8,QAOA,8,66,66.0,0.0,0.0,30,30.0,0.0,28,28.0,0.0,28,28.0,0.0,0,0.0,0.0,1.0000000000000029,0.0,qiskit,transpiler,2.4.1,3,ok,49,7,experiments/e20_multi_compiler_full/run.py,cf4c43a166f171d450e24f2ab51c9325507d5960589b926a114eb25d926116c5,16a4c44e5afa9e5afa36d69aedd3e2bc2da949f6928c16232f5cbf82bba224a2,16a4c44e5afa9e5afa36d69aedd3e2bc2da949f6928c16232f5cbf82bba224a2,
2.1.0,MC-E20,e20_full_20260721_150753,2026-07-21T15:27:58.964652+00:00,qaoa_line_8,QAOA,8,66,74.0,-0.1212121212121211,-12.12121212121211,30,31.0,-0.0333333333333334,28,28.0,0.0,28,28.0,0.0,0,0.0,0.0,0.9999999999999982,0.0363905429840087,cirq,optimize_for_target_gateset+eject_z+merge_1q,1.6.1,default,ok,49,7,experiments/e20_multi_compiler_full/run.py,cf4c43a166f171d450e24f2ab51c9325507d5960589b926a114eb25d926116c5,16a4c44e5afa9e5afa36d69aedd3e2bc2da949f6928c16232f5cbf82bba224a2,e7e2f093ac945bb39f759e9a9ba96a16711e4e6a3328a2bb22469d4edf36f465,
2.1.0,MC-E20,e20_full_20260721_150753,2026-07-21T15:27:59.837176+00:00,vqe_twolocal_8,VQE,8,62,38.0,0.3870967741935484,38.70967741935484,15,12.0,0.1999999999999999,14,14.0,0.0,14,14.0,0.0,0,0.0,0.0,1.0,0.0,qiskit,transpiler,2.4.1,3,ok,49,7,experiments/e20_multi_compiler_full/run.py,cf4c43a166f171d450e24f2ab51c9325507d5960589b926a114eb25d926116c5,692857b6fc5a154517c7cc68f524d60a7ae793900c1c72bc2210e86948383fa4,b399e9df2754ff60be64e44d663d6789d993677191bcf8002d313909c5dc67e7,
2.1.0,MC-E20,e20_full_20260721_150753,2026-07-21T15:27:59.999382+00:00,vqe_twolocal_8,VQE,8,62,62.0,0.0,0.0,15,15.0,0.0,14,14.0,0.0,14,14.0,0.0,0,0.0,0.0,1.0,0.0577211380004882,cirq,optimize_for_target_gateset+eject_z+merge_1q,1.6.1,default,ok,49,7,experiments/e20_multi_compiler_full/run.py,cf4c43a166f171d450e24f2ab51c9325507d5960589b926a114eb25d926116c5,692857b6fc5a154517c7cc68f524d60a7ae793900c1c72bc2210e86948383fa4,2696e563cf43504181331a13fcb33e954ede589fda283bd670036b257acbd950,
2.1.0,MC-E20,e20_full_20260721_150753,2026-07-21T15:28:00.747868+00:00,hardware_eff_8,HardwareEfficient,8,46,30.0,0.3478260869565217,34.78260869565217,8,6.0,0.25,14,14.0,0.0,14,14.0,0.0,0,0.0,0.0,1.0,0.0150897502899169,qiskit,transpiler,2.4.1,3,ok,49,7,experiments/e20_multi_compiler_full/run.py,cf4c43a166f171d450e24f2ab51c9325507d5960589b926a114eb25d926116c5,9386348eba6c2ec1f4ffad4e303ab5c64dc61e3373d25abe93b2bacd5ffcb4b2,b1ae4c0b41afaff2336c456ad2cb907b879a14d4752abb1156e5e8731407e309,
2.1.0,MC-E20,e20_full_20260721_150753,2026-07-21T15:28:00.850274+00:00,hardware_eff_8,HardwareEfficient,8,46,46.0,0.0,0.0,8,8.0,0.0,14,14.0,0.0,14,14.0,0.0,0,0.0,0.0,0.9999999999999996,0.0356314182281494,cirq,optimize_for_target_gateset+eject_z+merge_1q,1.6.1,default,ok,49,7,experiments/e20_multi_compiler_full/run.py,cf4c43a166f171d450e24f2ab51c9325507d5960589b926a114eb25d926116c5,9386348eba6c2ec1f4ffad4e303ab5c64dc61e3373d25abe93b2bacd5ffcb4b2,6ee49cce9a6536b52837df7b56a8dba6c2a69b97a478d84944283c6933e64bf9,
2.1.0,MC-E20,e20_full_20260721_150753,2026-07-21T15:28:03.348279+00:00,grover_8,Grover,8,56,798.0,-13.25,-1325.0,13,503.0,-37.69230769230769,0,360.0,0.0,0,360.0,0.0,0,102.0,0.0,0.9999999999999308,0.0173993110656738,qiskit,transpiler,2.4.1,3,ok,49,7,experiments/e20_multi_compiler_full/run.py,cf4c43a166f171d450e24f2ab51c9325507d5960589b926a114eb25d926116c5,ae400b6ea5e5306091c660f24dfabc9e57dc776728200d04b707a0bb1803159e,0ef75ec486309c6d0e2d51872fab1e45c22aa5f81d814228904ac2c1b8922292,"Single Grover iteration, random marked state"
2.1.0,MC-E20,e20_full_20260721_150753,2026-07-21T15:28:04.093714+00:00,grover_8,Grover,8,56,,,,13,,,0,,,0,,,0,,,,0.7454349994659424,cirq,optimize_for_target_gateset+eject_z+merge_1q,1.6.1,default,"error: ""<input>:591,0: 'sx' is not defined in this scope""",49,7,experiments/e20_multi_compiler_full/run.py,cf4c43a166f171d450e24f2ab51c9325507d5960589b926a114eb25d926116c5,ae400b6ea5e5306091c660f24dfabc9e57dc776728200d04b707a0bb1803159e,none,"Single Grover iteration, random marked state"
2.1.0,MC-E20,e20_full_20260721_150753,2026-07-21T15:28:12.705925+00:00,adder_8,Adder,10,17,17.0,0.0,0.0,9,9.0,0.0,6,6.0,0.0,6,6.0,0.0,0,0.0,0.0,,0.0,qiskit,transpiler,2.4.1,3,ok,49,7,experiments/e20_multi_compiler_full/run.py,cf4c43a166f171d450e24f2ab51c9325507d5960589b926a114eb25d926116c5,864c6ac57a331c58cef44aaa7fc96dfbb7b23dbc1bd283c72f5f7692e45b70b9,82365aa588c2222f82c9851f519f52c864ad02799a51b68f42f09fa43af60c8f,"Ripple-carry adder, random inputs"
2.1.0,MC-E20,e20_full_20260721_150753,2026-07-21T15:28:13.946834+00:00,qwalk_8,QuantumWalk,9,106,4551.0,-41.93396226415094,-4193.396226415094,59,3163.0,-52.61016949152543,6,1962.0,-326.0,6,1962.0,-326.0,0,539.0,0.0,,0.1937527656555175,qiskit,transpiler,2.4.1,3,ok,49,7,experiments/e20_multi_compiler_full/run.py,cf4c43a166f171d450e24f2ab51c9325507d5960589b926a114eb25d926116c5,15806c95be87d4cb43cdf9faaa7b2f406e387e3bec24cc6a7a2bcf9873092c7d,a1557a891a2d53d5780fc1f114e4b01de72d506fd628028e7209bc7376d897e6,"DTQW on cycle, 3 steps"
2.1.0,MC-E20,e20_full_20260721_150753,2026-07-21T15:29:28.185936+00:00,iqp_8,IQP,8,45,13.0,0.7111111111111111,71.11111111111111,10,3.0,0.7,10,2.0,0.8,0,0.0,0.0,0,0.0,0.0,0.9999999999999964,0.0,qiskit,transpiler,2.4.1,3,ok,49,7,experiments/e20_multi_compiler_full/run.py,cf4c43a166f171d450e24f2ab51c9325507d5960589b926a114eb25d926116c5,65c820c8d6b9bc1127f0cc5b7701471685d6d47f3e3d575519a56d635ac82b9d,0544a05de24b3123b7dfb8c4b292656f8ae44b6c05878f665a2479dd7112d10e,"IQP circuit, 3 diagonal layers"
2.1.0,MC-E20,e20_full_20260721_150753,2026-07-21T15:29:28.312356+00:00,iqp_8,IQP,8,45,41.0,0.0888888888888889,8.888888888888891,10,9.0,0.0999999999999999,10,10.0,0.0,0,0.0,0.0,0,5.0,0.0,0.9999999999999958,0.0283570289611816,cirq,optimize_for_target_gateset+eject_z+merge_1q,1.6.1,default,ok,49,7,experiments/e20_multi_compiler_full/run.py,cf4c43a166f171d450e24f2ab51c9325507d5960589b926a114eb25d926116c5,65c820c8d6b9bc1127f0cc5b7701471685d6d47f3e3d575519a56d635ac82b9d,b196f9194b2eb0eff0147a964623287679fcffe41376bac59404359016e64353,"IQP circuit, 3 diagonal layers"
2.1.0,MC-E20,e20_full_20260721_150753,2026-07-21T15:29:28.531473+00:00,clifford_8,RandomClifford,8,50,18.0,0.64,64.0,11,6.0,0.4545454545454546,6,5.0,0.1666666666666666,6,4.0,0.3333333333333333,20,4.0,0.8,0.9999999999999968,0.0038750171661376,qiskit,transpiler,2.4.1,3,ok,49,7,experiments/e20_multi_compiler_full/run.py,cf4c43a166f171d450e24f2ab51c9325507d5960589b926a114eb25d926116c5,3f10dadc23a5891a9f60495b405b96ccb8fe76662d2b6dddda48a32c1845e34e,7408123be685fb395c15cb4bd2b6fa701cbfdac848ab43061173eb33e9fefd9c,"Random Clifford, depth=10"
2.1.0,MC-E20,e20_full_20260721_150753,2026-07-21T15:29:28.635674+00:00,clifford_8,RandomClifford,8,50,29.0,0.42,42.00000000000001,11,10.0,0.0909090909090909,6,6.0,0.0,6,6.0,0.0,20,10.0,0.5,0.9999999999999968,0.0166461467742919,cirq,optimize_for_target_gateset+eject_z+merge_1q,1.6.1,default,ok,49,7,experiments/e20_multi_compiler_full/run.py,cf4c43a166f171d450e24f2ab51c9325507d5960589b926a114eb25d926116c5,3f10dadc23a5891a9f60495b405b96ccb8fe76662d2b6dddda48a32c1845e34e,6cd6256996969f7f91e168c292a247d9e976d9c6de5ea6cc3608347591c007d5,"Random Clifford, depth=10"
2.1.0,MC-E20,e20_full_20260721_150753,2026-07-21T15:29:28.863929+00:00,surface_code_8,SurfaceCode,9,12,12.0,0.0,0.0,10,10.0,0.0,8,8.0,0.0,8,8.0,0.0,0,0.0,0.0,,0.0131387710571289,qiskit,transpiler,2.4.1,3,ok,49,7,experiments/e20_multi_compiler_full/run.py,cf4c43a166f171d450e24f2ab51c9325507d5960589b926a114eb25d926116c5,097b2e1ef3466cdca83bc81923ad543937aff121f15c8ab5a67528a862f3668a,097b2e1ef3466cdca83bc81923ad543937aff121f15c8ab5a67528a862f3668a,X-stabilizer syndrome extraction
2.1.0,MC-E20,e20_full_20260721_150753,2026-07-21T15:29:29.224851+00:00,uccsd_8,UCCSD_inspired,8,80,60.0,0.25,25.0,31,27.0,0.1290322580645161,36,28.0,0.2222222222222222,36,28.0,0.2222222222222222,0,0.0,0.0,1.0000000000000004,0.0,qiskit,transpiler,2.4.1,3,ok,49,7,experiments/e20_multi_compiler_full/run.py,cf4c43a166f171d450e24f2ab51c9325507d5960589b926a114eb25d926116c5,79e27c6fe6dd8fcaceb9b6d7f761b5d76cb24093bd4d3b8fcec869afe710d8fc,be60d3a12a1b15d001d010c0bc4ad880fcdcd7a3e44bc122dd10a0e50799c347,Parameterized ansatz INSPIRED BY (not true) UCCSD; see make_parameterized_ansatz docstring. Renamed from 'UCCSD' to 'UCCSD_inspired' per review L3 to avoid false claim.
2.1.0,MC-E20,e20_full_20260721_150753,2026-07-21T15:29:29.456267+00:00,uccsd_8,UCCSD_inspired,8,80,68.0,0.15,15.000000000000002,31,28.0,0.0967741935483871,36,36.0,0.0,36,36.0,0.0,0,0.0,0.0,1.0000000000000004,0.0537660121917724,cirq,optimize_for_target_gateset+eject_z+merge_1q,1.6.1,default,ok,49,7,experiments/e20_multi_compiler_full/run.py,cf4c43a166f171d450e24f2ab51c9325507d5960589b926a114eb25d926116c5,79e27c6fe6dd8fcaceb9b6d7f761b5d76cb24093bd4d3b8fcec869afe710d8fc,20d891f012b5cb8c53765be8d38ded1d7bb51ff7464f9cac241c1be23cd9ca38,Parameterized ansatz INSPIRED BY (not true) UCCSD; see make_parameterized_ansatz docstring. Renamed from 'UCCSD' to 'UCCSD_inspired' per review L3 to avoid false claim.
2.1.0,MC-E20,e20_full_20260721_150753,2026-07-21T15:29:30.555221+00:00,haar_4,HaarRandom,4,275,257.0,0.0654545454545454,6.545454545454543,189,189.0,0.0,95,95.0,0.0,95,95.0,0.0,0,0.0,0.0,0.9999999999999964,0.0122656822204589,qiskit,transpiler,2.4.1,3,ok,49,7,experiments/e20_multi_compiler_full/run.py,cf4c43a166f171d450e24f2ab51c9325507d5960589b926a114eb25d926116c5,04a15a23f7441b7c3d92db9d850f93daeffc1d2345a904729ae5d9187e97bf8d,c7d0591c7d8ac5cf10b2a36e7a2a8a989ce0c1ec96e9154da5b06d542b652fdd,"Haar-random unitary, exact synthesis"
2.1.0,MC-E20,e20_full_20260721_150753,2026-07-21T15:29:30.763009+00:00,haar_4,HaarRandom,4,275,367.0,-0.3345454545454545,-33.454545454545446,189,238.0,-0.2592592592592593,95,95.0,0.0,95,95.0,0.0,0,16.0,0.0,0.999999999999996,0.1653792858123779,cirq,optimize_for_target_gateset+eject_z+merge_1q,1.6.1,default,ok,49,7,experiments/e20_multi_compiler_full/run.py,cf4c43a166f171d450e24f2ab51c9325507d5960589b926a114eb25d926116c5,04a15a23f7441b7c3d92db9d850f93daeffc1d2345a904729ae5d9187e97bf8d,e2cd4537058c99140a73f4490ccc642ea4f558a6db8edec64934c7b111d85823,"Haar-random unitary, exact synthesis"
2.1.0,MC-E20,e20_full_20260721_150753,2026-07-21T15:29:32.942821+00:00,haar_4,HaarRandom,4,275,257.0,0.0654545454545454,6.545454545454543,189,189.0,0.0,95,95.0,0.0,95,95.0,0.0,0,0.0,0.0,0.999999999999999,2.1518263816833496,tket,FullPeepholeOptimise,2.18.0,default,ok,49,7,experiments/e20_multi_compiler_full/run.py,cf4c43a166f171d450e24f2ab51c9325507d5960589b926a114eb25d926116c5,04a15a23f7441b7c3d92db9d850f93daeffc1d2345a904729ae5d9187e97bf8d,0624eeb2a4f716c132bda14d6f04fe29ea739a0267ba8d2e2fed15422ddaeabe,"Haar-random unitary, exact synthesis"
2.1.0,MC-E20,e20_full_20260721_150753,2026-07-21T15:29:33.225448+00:00,qft_4,QFT,4,10,10.0,0.0,0.0,7,7.0,0.0,6,6.0,0.0,0,0.0,0.0,0,0.0,0.0,0.9999999999999988,0.0080211162567138,qiskit,transpiler,2.4.1,3,ok,50,8,experiments/e20_multi_compiler_full/run.py,cf4c43a166f171d450e24f2ab51c9325507d5960589b926a114eb25d926116c5,ec754f7e3892ee8ca405ace36ffa2cf3d8489863d2f83852f623de773dd94b1e,001408f6c8b62c5aa1e72c56729dcc2520332ae2954b17daf86162a5a4f46ac6,
2.1.0,MC-E20,e20_full_20260721_150753,2026-07-21T15:29:33.249029+00:00,qft_4,QFT,4,10,,,,7,,,6,,,0,,,0,,,,0.0235810279846191,cirq,optimize_for_target_gateset+eject_z+merge_1q,1.6.1,default,"error: ""<input>:17,0: 'sx' is not defined in this scope""",50,8,experiments/e20_multi_compiler_full/run.py,cf4c43a166f171d450e24f2ab51c9325507d5960589b926a114eb25d926116c5,ec754f7e3892ee8ca405ace36ffa2cf3d8489863d2f83852f623de773dd94b1e,none,
2.1.0,MC-E20,e20_full_20260721_150753,2026-07-21T15:29:33.471181+00:00,qft_4,QFT,4,10,31.0,-2.1,-210.0,7,19.0,-1.7142857142857144,6,12.0,-1.0,0,12.0,0.0,0,0.0,0.0,1.0,0.2169079780578613,tket,FullPeepholeOptimise,2.18.0,default,ok,50,8,experiments/e20_multi_compiler_full/run.py,cf4c43a166f171d450e24f2ab51c9325507d5960589b926a114eb25d926116c5,ec754f7e3892ee8ca405ace36ffa2cf3d8489863d2f83852f623de773dd94b1e,1c29c769144f94e13e3a392f195ebc1c6cfc77bad3bffa3aa293760f9e7c4679,
2.1.0,MC-E20,e20_full_20260721_150753,2026-07-21T15:29:33.480588+00:00,ghz_4,GHZ,4,4,4.0,0.0,0.0,4,4.0,0.0,3,3.0,0.0,3,3.0,0.0,0,0.0,0.0,0.9999999999999996,0.0,qiskit,transpiler,2.4.1,3,ok,50,8,experiments/e20_multi_compiler_full/run.py,cf4c43a166f171d450e24f2ab51c9325507d5960589b926a114eb25d926116c5,632a65a86fd9bfab17ccedbd10b32b45490cc33030a23af0d675ad3e8ad7a445,632a65a86fd9bfab17ccedbd10b32b45490cc33030a23af0d675ad3e8ad7a445,
2.1.0,MC-E20,e20_full_20260721_150753,2026-07-21T15:29:33.507529+00:00,ghz_4,GHZ,4,4,5.0,-0.25,-25.0,4,5.0,-0.25,3,3.0,0.0,3,3.0,0.0,0,0.0,0.0,0.9999999999999996,0.0256149768829345,cirq,optimize_for_target_gateset+eject_z+merge_1q,1.6.1,default,ok,50,8,experiments/e20_multi_compiler_full/run.py,cf4c43a166f171d450e24f2ab51c9325507d5960589b926a114eb25d926116c5,632a65a86fd9bfab17ccedbd10b32b45490cc33030a23af0d675ad3e8ad7a445,06491f2cd8fd8193e00cd40c6bc0442b5ca960f1c6e319f098b23e2c3ef0bc78,
2.1.0,MC-E20,e20_full_20260721_150753,2026-07-21T15:29:33.578197+00:00,ghz_4,GHZ,4,4,4.0,0.0,0.0,4,4.0,0.0,3,3.0,0.0,3,3.0,0.0,0,0.0,0.0,1.0,0.0706684589385986,tket,FullPeepholeOptimise,2.18.0,default,ok,50,8,experiments/e20_multi_compiler_full/run.py,cf4c43a166f171d450e24f2ab51c9325507d5960589b926a114eb25d926116c5,632a65a86fd9bfab17ccedbd10b32b45490cc33030a23af0d675ad3e8ad7a445,0ca2e20394ef52eecba8c72454ae73e952a311d06ff639876717b3ceaa156322,
2.1.0,MC-E20,e20_full_20260721_150753,2026-07-21T15:29:33.593578+00:00,cnot_chain_4,CNOT,4,24,0.0,1.0,100.0,18,0.0,1.0,24,0.0,1.0,24,0.0,1.0,0,0.0,0.0,1.0,0.0,qiskit,transpiler,2.4.1,3,ok,50,8,experiments/e20_multi_compiler_full/run.py,cf4c43a166f171d450e24f2ab51c9325507d5960589b926a114eb25d926116c5,c15ccd1efbe0b71c21464e888a978afbe6b6cf006bd895873c7d9b8e51efbaf0,80cb67051feabb1a835727fede3367602f1e692e3ec9d1d7247266c73803bd7d,
2.1.0,MC-E20,e20_full_20260721_150753,2026-07-21T15:29:33.623494+00:00,cnot_chain_4,CNOT,4,24,24.0,0.0,0.0,18,18.0,0.0,24,24.0,0.0,24,24.0,0.0,0,0.0,0.0,1.0,0.0166826248168945,cirq,optimize_for_target_gateset+eject_z+merge_1q,1.6.1,default,ok,50,8,experiments/e20_multi_compiler_full/run.py,cf4c43a166f171d450e24f2ab51c9325507d5960589b926a114eb25d926116c5,c15ccd1efbe0b71c21464e888a978afbe6b6cf006bd895873c7d9b8e51efbaf0,1c48b34ca8afe4511d74e3b454e70aaafbcd3af62f2f6f4baaa92a9c810a5a2d,
2.1.0,MC-E20,e20_full_20260721_150753,2026-07-21T15:29:33.623494+00:00,cnot_chain_4,CNOT,4,24,0.0,1.0,100.0,18,0.0,1.0,24,0.0,1.0,24,0.0,1.0,0,0.0,0.0,1.0,0.0,tket,FullPeepholeOptimise,2.18.0,default,ok,50,8,experiments/e20_multi_compiler_full/run.py,cf4c43a166f171d450e24f2ab51c9325507d5960589b926a114eb25d926116c5,c15ccd1efbe0b71c21464e888a978afbe6b6cf006bd895873c7d9b8e51efbaf0,80cb67051feabb1a835727fede3367602f1e692e3ec9d1d7247266c73803bd7d,
2.1.0,MC-E20,e20_full_20260721_150753,2026-07-21T15:29:33.648102+00:00,bv_4,Oracle,5,15,11.0,0.2666666666666667,26.66666666666667,7,5.0,0.2857142857142857,3,3.0,0.0,3,3.0,0.0,0,0.0,0.0,0.999999999999997,0.0,qiskit,transpiler,2.4.1,3,ok,50,8,experiments/e20_multi_compiler_full/run.py,cf4c43a166f171d450e24f2ab51c9325507d5960589b926a114eb25d926116c5,7a04363d9f353a5749c06747d397174fcc9ec60cc3822cbd5f984ded855ef66b,ff07abaf70cf686da2b8b2d203726d013f2b8467d174241e9642d898af7e319b,
2.1.0,MC-E20,e20_full_20260721_150753,2026-07-21T15:29:33.668795+00:00,bv_4,Oracle,5,15,17.0,-0.1333333333333333,-13.33333333333333,7,7.0,0.0,3,3.0,0.0,3,3.0,0.0,0,0.0,0.0,,0.0206937789916992,cirq,optimize_for_target_gateset+eject_z+merge_1q,1.6.1,default,ok,50,8,experiments/e20_multi_compiler_full/run.py,cf4c43a166f171d450e24f2ab51c9325507d5960589b926a114eb25d926116c5,7a04363d9f353a5749c06747d397174fcc9ec60cc3822cbd5f984ded855ef66b,b01c4c83fe8eef21a7fb817ebb2abd3e2d788b2bfca96c51add9cc7a65884d03,
2.1.0,MC-E20,e20_full_20260721_150753,2026-07-21T15:29:33.744973+00:00,bv_4,Oracle,5,15,11.0,0.2666666666666667,26.66666666666667,7,5.0,0.2857142857142857,3,3.0,0.0,3,3.0,0.0,0,0.0,0.0,0.9999999999999988,0.0761780738830566,tket,FullPeepholeOptimise,2.18.0,default,ok,50,8,experiments/e20_multi_compiler_full/run.py,cf4c43a166f171d450e24f2ab51c9325507d5960589b926a114eb25d926116c5,7a04363d9f353a5749c06747d397174fcc9ec60cc3822cbd5f984ded855ef66b,7f780295e44c993eeaef9684368aeb6eed0a50a16b4c034ccf59b7e8915ac82f,
2.1.0,MC-E20,e20_full_20260721_150753,2026-07-21T15:29:33.775207+00:00,qaoa_line_4,QAOA,4,30,30.0,0.0,0.0,18,18.0,0.0,12,12.0,0.0,12,12.0,0.0,0,0.0,0.0,1.0000000000000009,0.0066955089569091,qiskit,transpiler,2.4.1,3,ok,50,8,experiments/e20_multi_compiler_full/run.py,cf4c43a166f171d450e24f2ab51c9325507d5960589b926a114eb25d926116c5,02a0238dd0940a26c9eb8f09c0271b8aeb2beb96fcf0ca9799a5eaa0ec965397,02a0238dd0940a26c9eb8f09c0271b8aeb2beb96fcf0ca9799a5eaa0ec965397,
2.1.0,MC-E20,e20_full_20260721_150753,2026-07-21T15:29:33.819631+00:00,qaoa_line_4,QAOA,4,30,34.0,-0.1333333333333333,-13.33333333333333,18,19.0,-0.0555555555555555,12,12.0,0.0,12,12.0,0.0,0,0.0,0.0,0.9999999999999992,0.0403418540954589,cirq,optimize_for_target_gateset+eject_z+merge_1q,1.6.1,default,ok,50,8,experiments/e20_multi_compiler_full/run.py,cf4c43a166f171d450e24f2ab51c9325507d5960589b926a114eb25d926116c5,02a0238dd0940a26c9eb8f09c0271b8aeb2beb96fcf0ca9799a5eaa0ec965397,4442637c8ee16c7cea7badf63987892927d577312f739316835e05253123fd2e,
2.1.0,MC-E20,e20_full_20260721_150753,2026-07-21T15:29:34.095600+00:00,qaoa_line_4,QAOA,4,30,28.0,0.0666666666666666,6.666666666666665,18,18.0,0.0,12,12.0,0.0,12,12.0,0.0,0,0.0,0.0,1.000000000000001,0.2759692668914795,tket,FullPeepholeOptimise,2.18.0,default,ok,50,8,experiments/e20_multi_compiler_full/run.py,cf4c43a166f171d450e24f2ab51c9325507d5960589b926a114eb25d926116c5,02a0238dd0940a26c9eb8f09c0271b8aeb2beb96fcf0ca9799a5eaa0ec965397,ca82c3c7c8c35498874732d416a40ee7628cda99e34f4cfd06d2d30030371a78,
2.1.0,MC-E20,e20_full_20260721_150753,2026-07-21T15:29:34.123267+00:00,vqe_twolocal_4,VQE,4,30,18.0,0.4,40.0,11,8.0,0.2727272727272727,6,6.0,0.0,6,6.0,0.0,0,0.0,0.0,0.9999999999999992,0.0114660263061523,qiskit,transpiler,2.4.1,3,ok,50,8,experiments/e20_multi_compiler_full/run.py,cf4c43a166f171d450e24f2ab51c9325507d5960589b926a114eb25d926116c5,fa4f6741d38fea4dc446690e467d3d8970abb111b57b7757a4017a6ab9a0a8d1,f7875e1235a30011e2ec6103c8722e8fe2b40d49205b76b5edf3237a13f65b78,
2.1.0,MC-E20,e20_full_20260721_150753,2026-07-21T15:29:34.160451+00:00,vqe_twolocal_4,VQE,4,30,30.0,0.0,0.0,11,11.0,0.0,6,6.0,0.0,6,6.0,0.0,0,0.0,0.0,0.9999999999999992,0.0326216220855712,cirq,optimize_for_target_gateset+eject_z+merge_1q,1.6.1,default,ok,50,8,experiments/e20_multi_compiler_full/run.py,cf4c43a166f171d450e24f2ab51c9325507d5960589b926a114eb25d926116c5,fa4f6741d38fea4dc446690e467d3d8970abb111b57b7757a4017a6ab9a0a8d1,6153520afe0822f1a574addc9512f9f34c56bb538ad22314d64544d1f67c6b7d,
2.1.0,MC-E20,e20_full_20260721_150753,2026-07-21T15:29:34.391590+00:00,vqe_twolocal_4,VQE,4,30,18.0,0.4,40.0,11,8.0,0.2727272727272727,6,6.0,0.0,6,6.0,0.0,0,0.0,0.0,0.9999999999999998,0.2275962829589843,tket,FullPeepholeOptimise,2.18.0,default,ok,50,8,experiments/e20_multi_compiler_full/run.py,cf4c43a166f171d450e24f2ab51c9325507d5960589b926a114eb25d926116c5,fa4f6741d38fea4dc446690e467d3d8970abb111b57b7757a4017a6ab9a0a8d1,3142d98ee4c7bc6e33703a5b7bef7efdebe4a0d9954806adda9d90d9927f9ed6,
2.1.0,MC-E20,e20_full_20260721_150753,2026-07-21T15:29:34.417600+00:00,hardware_eff_4,HardwareEfficient,4,22,14.0,0.3636363636363636,36.36363636363637,8,6.0,0.25,6,6.0,0.0,6,6.0,0.0,0,0.0,0.0,1.0,0.0074715614318847,qiskit,transpiler,2.4.1,3,ok,50,8,experiments/e20_multi_compiler_full/run.py,cf4c43a166f171d450e24f2ab51c9325507d5960589b926a114eb25d926116c5,7220ab32a5efeeabed486b8a36d427ee9ad3ecebd37ed71d036c0cce510971ee,790ed3878a054ceef68b4d14cc99033c7292e402ed58fe08cbbe3cc661ebe026,
2.1.0,MC-E20,e20_full_20260721_150753,2026-07-21T15:29:34.445128+00:00,hardware_eff_4,HardwareEfficient,4,22,22.0,0.0,0.0,8,8.0,0.0,6,6.0,0.0,6,6.0,0.0,0,0.0,0.0,1.0,0.0251657962799072,cirq,optimize_for_target_gateset+eject_z+merge_1q,1.6.1,default,ok,50,8,experiments/e20_multi_compiler_full/run.py,cf4c43a166f171d450e24f2ab51c9325507d5960589b926a114eb25d926116c5,7220ab32a5efeeabed486b8a36d427ee9ad3ecebd37ed71d036c0cce510971ee,185eb71d453462100563ce90d03ec662076e74e534c0d34a77aa52446f45f263,
2.1.0,MC-E20,e20_full_20260721_150753,2026-07-21T15:29:34.649374+00:00,hardware_eff_4,HardwareEfficient,4,22,14.0,0.3636363636363636,36.36363636363637,8,6.0,0.25,6,6.0,0.0,6,6.0,0.0,0,0.0,0.0,1.0,0.2014713287353515,tket,FullPeepholeOptimise,2.18.0,default,ok,50,8,experiments/e20_multi_compiler_full/run.py,cf4c43a166f171d450e24f2ab51c9325507d5960589b926a114eb25d926116c5,7220ab32a5efeeabed486b8a36d427ee9ad3ecebd37ed71d036c0cce510971ee,f3fc01e3e7c188ab817ba6e63170a5f602c90bef9e71a242b0c9b8ba60b4cf6d,
2.1.0,MC-E20,e20_full_20260721_150753,2026-07-21T15:29:34.683035+00:00,grover_4,Grover,4,28,62.0,-1.2142857142857144,-121.42857142857144,11,53.0,-3.8181818181818175,0,28.0,0.0,0,28.0,0.0,0,0.0,0.0,0.9999999999999938,0.0078265666961669,qiskit,transpiler,2.4.1,3,ok,50,8,experiments/e20_multi_compiler_full/run.py,cf4c43a166f171d450e24f2ab51c9325507d5960589b926a114eb25d926116c5,6cfa21f822f778047a719c7ecfcd738f9abcfcb833e61c6d08c94a4496f58596,f5fa20d28a6067106b8d88025468f45ca013288189d576afef354dc92a7b178b,"Single Grover iteration, random marked state"
2.1.0,MC-E20,e20_full_20260721_150753,2026-07-21T15:29:34.742562+00:00,grover_4,Grover,4,28,76.0,-1.7142857142857144,-171.42857142857144,11,57.0,-4.181818181818182,0,28.0,0.0,0,28.0,0.0,0,0.0,0.0,0.9999999999999928,0.0359518527984619,cirq,optimize_for_target_gateset+eject_z+merge_1q,1.6.1,default,ok,50,8,experiments/e20_multi_compiler_full/run.py,cf4c43a166f171d450e24f2ab51c9325507d5960589b926a114eb25d926116c5,6cfa21f822f778047a719c7ecfcd738f9abcfcb833e61c6d08c94a4496f58596,1961d93a976e67d50f6d22ee6637971214e1b99e8505844f0c3610d5a53444f3,"Single Grover iteration, random marked state"
2.1.0,MC-E20,e20_full_20260721_150753,2026-07-21T15:29:35.380084+00:00,grover_4,Grover,4,28,64.0,-1.2857142857142856,-128.57142857142856,11,55.0,-4.0,0,28.0,0.0,0,28.0,0.0,0,0.0,0.0,0.9999999999999962,0.6300437450408936,tket,FullPeepholeOptimise,2.18.0,default,ok,50,8,experiments/e20_multi_compiler_full/run.py,cf4c43a166f171d450e24f2ab51c9325507d5960589b926a114eb25d926116c5,6cfa21f822f778047a719c7ecfcd738f9abcfcb833e61c6d08c94a4496f58596,5787200a6ad1d57c571f66639a453d209e77790296ba338730e010c1613c41fc,"Single Grover iteration, random marked state"
2.1.0,MC-E20,e20_full_20260721_150753,2026-07-21T15:29:35.402555+00:00,adder_4,Adder,4,7,7.0,0.0,0.0,6,6.0,0.0,2,2.0,0.0,2,2.0,0.0,0,0.0,0.0,1.0,0.0210740566253662,qiskit,transpiler,2.4.1,3,ok,50,8,experiments/e20_multi_compiler_full/run.py,cf4c43a166f171d450e24f2ab51c9325507d5960589b926a114eb25d926116c5,0cdd5a16e73c23ba58925f4d39695d1266fd02932361888693ce1d5d922fd6ce,0cdd5a16e73c23ba58925f4d39695d1266fd02932361888693ce1d5d922fd6ce,"Ripple-carry adder, random inputs"
2.1.0,MC-E20,e20_full_20260721_150753,2026-07-21T15:29:35.410615+00:00,adder_4,Adder,4,7,7.0,0.0,0.0,6,6.0,0.0,2,2.0,0.0,2,2.0,0.0,0,0.0,0.0,1.0,0.0073227882385253,cirq,optimize_for_target_gateset+eject_z+merge_1q,1.6.1,default,ok,50,8,experiments/e20_multi_compiler_full/run.py,cf4c43a166f171d450e24f2ab51c9325507d5960589b926a114eb25d926116c5,0cdd5a16e73c23ba58925f4d39695d1266fd02932361888693ce1d5d922fd6ce,7f3c194e3ffe996a2fc647a7ff01f11a58e4dcb5a6b818450ae62a4f138cfb57,"Ripple-carry adder, random inputs"
2.1.0,MC-E20,e20_full_20260721_150753,2026-07-21T15:29:35.714738+00:00,adder_4,Adder,4,7,38.0,-4.428571428571429,-442.8571428571429,6,29.0,-3.833333333333333,2,18.0,-8.0,2,18.0,-8.0,0,0.0,0.0,1.0000000000000009,0.3041229248046875,tket,FullPeepholeOptimise,2.18.0,default,ok,50,8,experiments/e20_multi_compiler_full/run.py,cf4c43a166f171d450e24f2ab51c9325507d5960589b926a114eb25d926116c5,0cdd5a16e73c23ba58925f4d39695d1266fd02932361888693ce1d5d922fd6ce,63dd85d0b6eee332a21dec60068ec9f069e9c7453472dc52c5db7bf768a62137,"Ripple-carry adder, random inputs"
2.1.0,MC-E20,e20_full_20260721_150753,2026-07-21T15:29:35.837500+00:00,qwalk_4,QuantumWalk,5,58,453.0,-6.810344827586207,-681.0344827586207,35,387.0,-10.057142857142855,6,252.0,-41.0,6,198.0,-32.0,0,36.0,0.0,0.9999999999999496,0.0252273082733154,qiskit,transpiler,2.4.1,3,ok,50,8,experiments/e20_multi_compiler_full/run.py,cf4c43a166f171d450e24f2ab51c9325507d5960589b926a114eb25d926116c5,3924ba144ba28be6117e8666a130902a71b78a090ed58d085047f8c81b20eae2,1c4d389c1c8dc4b15a861467b6a6710c0ade203795fd84358e6341958a047aca,"DTQW on cycle, 3 steps"
2.1.0,MC-E20,e20_full_20260721_150753,2026-07-21T15:29:36.134595+00:00,qwalk_4,QuantumWalk,5,58,,,,35,,,6,,,6,,,0,,,,0.2970952987670898,cirq,optimize_for_target_gateset+eject_z+merge_1q,1.6.1,default,"error: ""<input>:27,0: 'sx' is not defined in this scope""",50,8,experiments/e20_multi_compiler_full/run.py,cf4c43a166f171d450e24f2ab51c9325507d5960589b926a114eb25d926116c5,3924ba144ba28be6117e8666a130902a71b78a090ed58d085047f8c81b20eae2,none,"DTQW on cycle, 3 steps"
2.1.0,MC-E20,e20_full_20260721_150753,2026-07-21T15:29:43.465600+00:00,qwalk_4,QuantumWalk,5,58,686.0,-10.827586206896552,-1082.7586206896551,35,534.0,-14.257142857142858,6,330.0,-54.0,6,330.0,-54.0,0,0.0,0.0,0.9999999999999702,7.1684160232543945,tket,FullPeepholeOptimise,2.18.0,default,ok,50,8,experiments/e20_multi_compiler_full/run.py,cf4c43a166f171d450e24f2ab51c9325507d5960589b926a114eb25d926116c5,3924ba144ba28be6117e8666a130902a71b78a090ed58d085047f8c81b20eae2,32e9fd9010524add75e8a01eddb4fab165d345453d3d24fd5f1258dc1ef93be2,"DTQW on cycle, 3 steps"
2.1.0,MC-E20,e20_full_20260721_150753,2026-07-21T15:29:43.493403+00:00,iqp_4,IQP,4,22,6.0,0.7272727272727273,72.72727272727273,8,3.0,0.625,3,1.0,0.6666666666666667,0,0.0,0.0,0,0.0,0.0,0.9999999999999984,0.0060138702392578,qiskit,transpiler,2.4.1,3,ok,50,8,experiments/e20_multi_compiler_full/run.py,cf4c43a166f171d450e24f2ab51c9325507d5960589b926a114eb25d926116c5,a436cbada3d8576aa2e74943cc6304665561ac93b1cbd5067f829f2fcb14230a,3ecf7b64c962937e878faa517772298efe8906c391f4fcc37b3b557ca9f6b7f4,"IQP circuit, 3 diagonal layers"
2.1.0,MC-E20,e20_full_20260721_150753,2026-07-21T15:29:43.523678+00:00,iqp_4,IQP,4,22,16.0,0.2727272727272727,27.27272727272727,8,7.0,0.125,3,3.0,0.0,0,0.0,0.0,0,1.0,0.0,0.999999999999998,0.0199811458587646,cirq,optimize_for_target_gateset+eject_z+merge_1q,1.6.1,default,ok,50,8,experiments/e20_multi_compiler_full/run.py,cf4c43a166f171d450e24f2ab51c9325507d5960589b926a114eb25d926116c5,a436cbada3d8576aa2e74943cc6304665561ac93b1cbd5067f829f2fcb14230a,4ae14709d8572303b655d6fe1923811bfe78a1977847d7e21998e52cf67e6c49,"IQP circuit, 3 diagonal layers"
2.1.0,MC-E20,e20_full_20260721_150753,2026-07-21T15:29:43.589263+00:00,iqp_4,IQP,4,22,5.0,0.7727272727272727,77.27272727272727,8,3.0,0.625,3,1.0,0.6666666666666667,0,1.0,0.0,0,0.0,0.0,0.9999999999999988,0.0580379962921142,tket,FullPeepholeOptimise,2.18.0,default,ok,50,8,experiments/e20_multi_compiler_full/run.py,cf4c43a166f171d450e24f2ab51c9325507d5960589b926a114eb25d926116c5,a436cbada3d8576aa2e74943cc6304665561ac93b1cbd5067f829f2fcb14230a,6b529da1711646150976b8328ac540799cf263dd38009789a7b0bd7527b75372,"IQP circuit, 3 diagonal layers"
2.1.0,MC-E20,e20_full_20260721_150753,2026-07-21T15:29:43.621889+00:00,clifford_4,RandomClifford,4,32,15.0,0.53125,53.125,11,7.0,0.3636363636363636,5,5.0,0.0,5,5.0,0.0,15,0.0,1.0,0.9999999999999968,0.0127930641174316,qiskit,transpiler,2.4.1,3,ok,50,8,experiments/e20_multi_compiler_full/run.py,cf4c43a166f171d450e24f2ab51c9325507d5960589b926a114eb25d926116c5,017d70dd02a63071e46e68870a163a0920113e6b777e7bfc10533159ecb94035,67506f24aeacbdfc87110eeb910751b2d35cc2057cf6a4a61a92ca7d58d229b3,"Random Clifford, depth=10"
2.1.0,MC-E20,e20_full_20260721_150753,2026-07-21T15:29:43.657773+00:00,clifford_4,RandomClifford,4,32,23.0,0.28125,28.125,11,10.0,0.0909090909090909,5,5.0,0.0,5,5.0,0.0,15,6.0,0.6,0.9999999999999972,0.0209827423095703,cirq,optimize_for_target_gateset+eject_z+merge_1q,1.6.1,default,ok,50,8,experiments/e20_multi_compiler_full/run.py,cf4c43a166f171d450e24f2ab51c9325507d5960589b926a114eb25d926116c5,017d70dd02a63071e46e68870a163a0920113e6b777e7bfc10533159ecb94035,730fadb8c686fdd192fdd8ebba9b5b672ddc653f1017d73e401cea1ce5192726,"Random Clifford, depth=10"
2.1.0,MC-E20,e20_full_20260721_150753,2026-07-21T15:29:43.791622+00:00,clifford_4,RandomClifford,4,32,7.0,0.78125,78.125,11,3.0,0.7272727272727273,5,2.0,0.6,5,2.0,0.6,15,0.0,1.0,0.2941176470588231,0.1305418014526367,tket,FullPeepholeOptimise,2.18.0,default,ok,50,8,experiments/e20_multi_compiler_full/run.py,cf4c43a166f171d450e24f2ab51c9325507d5960589b926a114eb25d926116c5,017d70dd02a63071e46e68870a163a0920113e6b777e7bfc10533159ecb94035,f56106440020d9185f09e1249d073c8b8ee7d095134659cfbba14047bd7218b6,"Random Clifford, depth=10"
2.1.0,MC-E20,e20_full_20260721_150753,2026-07-21T15:29:43.817346+00:00,surface_code_4,SurfaceCode,5,7,7.0,0.0,0.0,6,6.0,0.0,4,4.0,0.0,4,4.0,0.0,0,0.0,0.0,0.9999999999999996,0.0086829662322998,qiskit,transpiler,2.4.1,3,ok,50,8,experiments/e20_multi_compiler_full/run.py,cf4c43a166f171d450e24f2ab51c9325507d5960589b926a114eb25d926116c5,fad3c5f191237ccefb3283566a70159b1baa6b56d18ce49a8add74141be307f5,fad3c5f191237ccefb3283566a70159b1baa6b56d18ce49a8add74141be307f5,X-stabilizer syndrome extraction
2.1.0,MC-E20,e20_full_20260721_150753,2026-07-21T15:29:43.845057+00:00,surface_code_4,SurfaceCode,5,7,9.0,-0.2857142857142858,-28.57142857142858,6,8.0,-0.3333333333333332,4,4.0,0.0,4,4.0,0.0,0,0.0,0.0,0.9999999999999996,0.0238058567047119,cirq,optimize_for_target_gateset+eject_z+merge_1q,1.6.1,default,ok,50,8,experiments/e20_multi_compiler_full/run.py,cf4c43a166f171d450e24f2ab51c9325507d5960589b926a114eb25d926116c5,fad3c5f191237ccefb3283566a70159b1baa6b56d18ce49a8add74141be307f5,b482a35864308efbe3e936a8fa00c00d28209114848dc6a0d6192052c2b9833d,X-stabilizer syndrome extraction
2.1.0,MC-E20,e20_full_20260721_150753,2026-07-21T15:29:44.015643+00:00,surface_code_4,SurfaceCode,5,7,7.0,0.0,0.0,6,6.0,0.0,4,4.0,0.0,4,4.0,0.0,0,0.0,0.0,1.0,0.1695308685302734,tket,FullPeepholeOptimise,2.18.0,default,ok,50,8,experiments/e20_multi_compiler_full/run.py,cf4c43a166f171d450e24f2ab51c9325507d5960589b926a114eb25d926116c5,fad3c5f191237ccefb3283566a70159b1baa6b56d18ce49a8add74141be307f5,8951f3a59487ed58ad7266e51d5792a8285a77a01de168ef4c7a3839b5ff2fcf,X-stabilizer syndrome extraction
2.1.0,MC-E20,e20_full_20260721_150753,2026-07-21T15:29:44.050432+00:00,uccsd_4,UCCSD_inspired,4,28,22.0,0.2142857142857143,21.42857142857143,16,15.0,0.0625,14,10.0,0.2857142857142857,14,10.0,0.2857142857142857,0,0.0,0.0,0.9999999999999992,0.0166220664978027,qiskit,transpiler,2.4.1,3,ok,50,8,experiments/e20_multi_compiler_full/run.py,cf4c43a166f171d450e24f2ab51c9325507d5960589b926a114eb25d926116c5,cb8bfef931ae647939e7d96c84b469f8462606a7ee5df614abe5a8ca0f92fd5e,a795b36bab4e30ad32c4008b859dacc5a50bb4a78c5e9ad1b1a27a0d8e9d97fc,Parameterized ansatz INSPIRED BY (not true) UCCSD; see make_parameterized_ansatz docstring. Renamed from 'UCCSD' to 'UCCSD_inspired' per review L3 to avoid false claim.
2.1.0,MC-E20,e20_full_20260721_150753,2026-07-21T15:29:44.092838+00:00,uccsd_4,UCCSD_inspired,4,28,26.0,0.0714285714285714,7.14285714285714,16,15.0,0.0625,14,14.0,0.0,14,14.0,0.0,0,0.0,0.0,1.0,0.035341739654541,cirq,optimize_for_target_gateset+eject_z+merge_1q,1.6.1,default,ok,50,8,experiments/e20_multi_compiler_full/run.py,cf4c43a166f171d450e24f2ab51c9325507d5960589b926a114eb25d926116c5,cb8bfef931ae647939e7d96c84b469f8462606a7ee5df614abe5a8ca0f92fd5e,dc6d0606de8bfea6ffa651a92704a19cb731dd6384ea274299b712ee3e5d2a1b,Parameterized ansatz INSPIRED BY (not true) UCCSD; see make_parameterized_ansatz docstring. Renamed from 'UCCSD' to 'UCCSD_inspired' per review L3 to avoid false claim.
2.1.0,MC-E20,e20_full_20260721_150753,2026-07-21T15:29:44.467809+00:00,uccsd_4,UCCSD_inspired,4,28,22.0,0.2142857142857143,21.42857142857143,16,15.0,0.0625,14,10.0,0.2857142857142857,14,10.0,0.2857142857142857,0,0.0,0.0,0.9999999999999996,0.3672506809234619,tket,FullPeepholeOptimise,2.18.0,default,ok,50,8,experiments/e20_multi_compiler_full/run.py,cf4c43a166f171d450e24f2ab51c9325507d5960589b926a114eb25d926116c5,cb8bfef931ae647939e7d96c84b469f8462606a7ee5df614abe5a8ca0f92fd5e,3939cb785dfd3c1921cbf1eff4745601c47dff9b2ad54a3a047654688cf7698f,Parameterized ansatz INSPIRED BY (not true) UCCSD; see make_parameterized_ansatz docstring. Renamed from 'UCCSD' to 'UCCSD_inspired' per review L3 to avoid false claim.
2.1.0,MC-E20,e20_full_20260721_150753,2026-07-21T15:29:44.493814+00:00,qft_6,QFT,6,21,21.0,0.0,0.0,11,11.0,0.0,15,15.0,0.0,0,0.0,0.0,0,0.0,0.0,0.9999999999999996,0.0071461200714111,qiskit,transpiler,2.4.1,3,ok,50,8,experiments/e20_multi_compiler_full/run.py,cf4c43a166f171d450e24f2ab51c9325507d5960589b926a114eb25d926116c5,e761adf8efeac5c21762208c08429dd4686d16eb4cbc1582e6d4ebc809852f66,ce325feb7eafc0f7673a16bbc3b51544984abb6d137b6ba7752bea283600c12b,
2.1.0,MC-E20,e20_full_20260721_150753,2026-07-21T15:29:44.566202+00:00,qft_6,QFT,6,21,,,,11,,,15,,,0,,,0,,,,0.0723884105682373,cirq,optimize_for_target_gateset+eject_z+merge_1q,1.6.1,default,"error: ""<input>:17,0: 'sx' is not defined in this scope""",50,8,experiments/e20_multi_compiler_full/run.py,cf4c43a166f171d450e24f2ab51c9325507d5960589b926a114eb25d926116c5,e761adf8efeac5c21762208c08429dd4686d16eb4cbc1582e6d4ebc809852f66,none,
2.1.0,MC-E20,e20_full_20260721_150753,2026-07-21T15:29:45.165376+00:00,qft_6,QFT,6,21,71.0,-2.380952380952381,-238.0952380952381,11,33.0,-2.0,15,30.0,-1.0,0,30.0,0.0,0,0.0,0.0,1.0,0.5821397304534912,tket,FullPeepholeOptimise,2.18.0,default,ok,50,8,experiments/e20_multi_compiler_full/run.py,cf4c43a166f171d450e24f2ab51c9325507d5960589b926a114eb25d926116c5,e761adf8efeac5c21762208c08429dd4686d16eb4cbc1582e6d4ebc809852f66,1e4c9ed3e36094a6271070b1f1ab2b30e856264476b0c22125357dc3af1d9cc7,
2.1.0,MC-E20,e20_full_20260721_150753,2026-07-21T15:29:45.190909+00:00,ghz_6,GHZ,6,6,6.0,0.0,0.0,6,6.0,0.0,5,5.0,0.0,5,5.0,0.0,0,0.0,0.0,0.9999999999999998,0.0,qiskit,transpiler,2.4.1,3,ok,50,8,experiments/e20_multi_compiler_full/run.py,cf4c43a166f171d450e24f2ab51c9325507d5960589b926a114eb25d926116c5,df499dded1e0518f2f6266b9f0e35d3c81e6057b5ba6e6decbb0f26370e5bb03,df499dded1e0518f2f6266b9f0e35d3c81e6057b5ba6e6decbb0f26370e5bb03,
2.1.0,MC-E20,e20_full_20260721_150753,2026-07-21T15:29:45.207341+00:00,ghz_6,GHZ,6,6,7.0,-0.1666666666666667,-16.666666666666675,6,7.0,-0.1666666666666667,5,5.0,0.0,5,5.0,0.0,0,0.0,0.0,0.9999999999999998,0.0052082538604736,cirq,optimize_for_target_gateset+eject_z+merge_1q,1.6.1,default,ok,50,8,experiments/e20_multi_compiler_full/run.py,cf4c43a166f171d450e24f2ab51c9325507d5960589b926a114eb25d926116c5,df499dded1e0518f2f6266b9f0e35d3c81e6057b5ba6e6decbb0f26370e5bb03,d4f49c1b8be62a61d262e49773b9cb5ffaafaba57cb3618d0cc608c10726c170,
2.1.0,MC-E20,e20_full_20260721_150753,2026-07-21T15:29:45.339499+00:00,ghz_6,GHZ,6,6,6.0,0.0,0.0,6,6.0,0.0,5,5.0,0.0,5,5.0,0.0,0,0.0,0.0,1.0,0.1179015636444091,tket,FullPeepholeOptimise,2.18.0,default,ok,50,8,experiments/e20_multi_compiler_full/run.py,cf4c43a166f171d450e24f2ab51c9325507d5960589b926a114eb25d926116c5,df499dded1e0518f2f6266b9f0e35d3c81e6057b5ba6e6decbb0f26370e5bb03,f5606110b4c9de2d9c41d6892ae7b8cd5a5d8a4dec34af69160c119d936ae28b,
2.1.0,MC-E20,e20_full_20260721_150753,2026-07-21T15:29:45.356182+00:00,cnot_chain_6,CNOT,6,40,0.0,1.0,100.0,22,0.0,1.0,40,0.0,1.0,40,0.0,1.0,0,0.0,0.0,1.0,0.01668381690979,qiskit,transpiler,2.4.1,3,ok,50,8,experiments/e20_multi_compiler_full/run.py,cf4c43a166f171d450e24f2ab51c9325507d5960589b926a114eb25d926116c5,a9cbe813352eb8bbddbb6de7feecde853f066b5cf29e96a7a2f84a6cd354761a,995ca4ef9eaba10dd58f1ab322947f30c40e0f095185660849ca98aed2848347,
2.1.0,MC-E20,e20_full_20260721_150753,2026-07-21T15:29:45.391484+00:00,cnot_chain_6,CNOT,6,40,40.0,0.0,0.0,22,22.0,0.0,40,40.0,0.0,40,40.0,0.0,0,0.0,0.0,1.0,0.0353021621704101,cirq,optimize_for_target_gateset+eject_z+merge_1q,1.6.1,default,ok,50,8,experiments/e20_multi_compiler_full/run.py,cf4c43a166f171d450e24f2ab51c9325507d5960589b926a114eb25d926116c5,a9cbe813352eb8bbddbb6de7feecde853f066b5cf29e96a7a2f84a6cd354761a,2e9e1aace549c82c9407f34f36831517d192135307006f6b9830a803c04a3dc1,
2.1.0,MC-E20,e20_full_20260721_150753,2026-07-21T15:29:45.408100+00:00,cnot_chain_6,CNOT,6,40,0.0,1.0,100.0,22,0.0,1.0,40,0.0,1.0,40,0.0,1.0,0,0.0,0.0,1.0,0.0108811855316162,tket,FullPeepholeOptimise,2.18.0,default,ok,50,8,experiments/e20_multi_compiler_full/run.py,cf4c43a166f171d450e24f2ab51c9325507d5960589b926a114eb25d926116c5,a9cbe813352eb8bbddbb6de7feecde853f066b5cf29e96a7a2f84a6cd354761a,995ca4ef9eaba10dd58f1ab322947f30c40e0f095185660849ca98aed2848347,
2.1.0,MC-E20,e20_full_20260721_150753,2026-07-21T15:29:45.434646+00:00,bv_6,Oracle,7,19,11.0,0.4210526315789473,42.10526315789473,7,5.0,0.2857142857142857,3,3.0,0.0,3,3.0,0.0,0,0.0,0.0,0.9999999999999964,0.0060288906097412,qiskit,transpiler,2.4.1,3,ok,50,8,experiments/e20_multi_compiler_full/run.py,cf4c43a166f171d450e24f2ab51c9325507d5960589b926a114eb25d926116c5,792ee7bedc4fa1ab33be119d77e98e98372d9b15665ccdce3dc2de6fb88a1539,b26f928c82915d27c1bb9a80613285b28fde3c9b5d343361205e6e38dd793c34,
2.1.0,MC-E20,e20_full_20260721_150753,2026-07-21T15:29:45.453693+00:00,bv_6,Oracle,7,19,17.0,0.1052631578947368,10.526315789473683,7,7.0,0.0,3,3.0,0.0,3,3.0,0.0,0,0.0,0.0,,0.0190465450286865,cirq,optimize_for_target_gateset+eject_z+merge_1q,1.6.1,default,ok,50,8,experiments/e20_multi_compiler_full/run.py,cf4c43a166f171d450e24f2ab51c9325507d5960589b926a114eb25d926116c5,792ee7bedc4fa1ab33be119d77e98e98372d9b15665ccdce3dc2de6fb88a1539,b01c4c83fe8eef21a7fb817ebb2abd3e2d788b2bfca96c51add9cc7a65884d03,
2.1.0,MC-E20,e20_full_20260721_150753,2026-07-21T15:29:45.580142+00:00,qaoa_line_6,QAOA,6,48,48.0,0.0,0.0,24,24.0,0.0,20,20.0,0.0,20,20.0,0.0,0,0.0,0.0,1.0000000000000009,0.0,qiskit,transpiler,2.4.1,3,ok,50,8,experiments/e20_multi_compiler_full/run.py,cf4c43a166f171d450e24f2ab51c9325507d5960589b926a114eb25d926116c5,e71be8b4f5394ad0471eacb0d92228a6e616bb8ae3a82ed0a9028536cca78c15,e71be8b4f5394ad0471eacb0d92228a6e616bb8ae3a82ed0a9028536cca78c15,
2.1.0,MC-E20,e20_full_20260721_150753,2026-07-21T15:29:45.643044+00:00,qaoa_line_6,QAOA,6,48,54.0,-0.125,-12.5,24,25.0,-0.0416666666666667,20,20.0,0.0,20,20.0,0.0,0,0.0,0.0,1.0,0.0510649681091308,cirq,optimize_for_target_gateset+eject_z+merge_1q,1.6.1,default,ok,50,8,experiments/e20_multi_compiler_full/run.py,cf4c43a166f171d450e24f2ab51c9325507d5960589b926a114eb25d926116c5,e71be8b4f5394ad0471eacb0d92228a6e616bb8ae3a82ed0a9028536cca78c15,770b3f8c6b879e23fa10e0118544b078d85972e5245e51ccc29f9e6617510bae,
2.1.0,MC-E20,e20_full_20260721_150753,2026-07-21T15:29:46.063549+00:00,qaoa_line_6,QAOA,6,48,46.0,0.0416666666666666,4.166666666666663,24,24.0,0.0,20,20.0,0.0,20,20.0,0.0,0,0.0,0.0,1.0000000000000018,0.407975435256958,tket,FullPeepholeOptimise,2.18.0,default,ok,50,8,experiments/e20_multi_compiler_full/run.py,cf4c43a166f171d450e24f2ab51c9325507d5960589b926a114eb25d926116c5,e71be8b4f5394ad0471eacb0d92228a6e616bb8ae3a82ed0a9028536cca78c15,ca9622232f977139840dcc8d23123af0a4145c67f7ea8023e81bd9bddc934954,
2.1.0,MC-E20,e20_full_20260721_150753,2026-07-21T15:29:46.094325+00:00,vqe_twolocal_6,VQE,6,46,28.0,0.3913043478260869,39.13043478260869,13,10.0,0.2307692307692307,10,10.0,0.0,10,10.0,0.0,0,0.0,0.0,1.0000000000000004,0.0015046596527099,qiskit,transpiler,2.4.1,3,ok,50,8,experiments/e20_multi_compiler_full/run.py,cf4c43a166f171d450e24f2ab51c9325507d5960589b926a114eb25d926116c5,9e2b866c907c6752243e5fbb1aa4bf25fdb62b651d082ee1499ee39f10d9d631,ba2dded55781777ee6fae994757d7423edaa726e07a162e00ec757c223ad6a20,
2.1.0,MC-E20,e20_full_20260721_150753,2026-07-21T15:29:46.151671+00:00,vqe_twolocal_6,VQE,6,46,46.0,0.0,0.0,13,13.0,0.0,10,10.0,0.0,10,10.0,0.0,0,0.0,0.0,1.0000000000000009,0.0322620868682861,cirq,optimize_for_target_gateset+eject_z+merge_1q,1.6.1,default,ok,50,8,experiments/e20_multi_compiler_full/run.py,cf4c43a166f171d450e24f2ab51c9325507d5960589b926a114eb25d926116c5,9e2b866c907c6752243e5fbb1aa4bf25fdb62b651d082ee1499ee39f10d9d631,cb5955db4218ea18b2348cd8f517871b4bef1d8921cd4b05ed8810e2d33094cf,
2.1.0,MC-E20,e20_full_20260721_150753,2026-07-21T15:29:46.546563+00:00,vqe_twolocal_6,VQE,6,46,28.0,0.3913043478260869,39.13043478260869,13,10.0,0.2307692307692307,10,10.0,0.0,10,10.0,0.0,0,0.0,0.0,1.0,0.3818316459655761,tket,FullPeepholeOptimise,2.18.0,default,ok,50,8,experiments/e20_multi_compiler_full/run.py,cf4c43a166f171d450e24f2ab51c9325507d5960589b926a114eb25d926116c5,9e2b866c907c6752243e5fbb1aa4bf25fdb62b651d082ee1499ee39f10d9d631,86b2b6b5013c096af274a5a5537124ac6c645312c5825629be3949b098fdda96,
2.1.0,MC-E20,e20_full_20260721_150753,2026-07-21T15:29:46.576645+00:00,hardware_eff_6,HardwareEfficient,6,34,22.0,0.3529411764705882,35.29411764705882,8,6.0,0.25,10,10.0,0.0,10,10.0,0.0,0,0.0,0.0,1.0,0.0,qiskit,transpiler,2.4.1,3,ok,50,8,experiments/e20_multi_compiler_full/run.py,cf4c43a166f171d450e24f2ab51c9325507d5960589b926a114eb25d926116c5,08f09765dd1eae82c04046ff02f6dcce073b33334dd08fac7756cf7a008c4c59,091248f71ba47cb4fead4f290d7711067454ba4783ad0a8200ffa7192cc759ee,
2.1.0,MC-E20,e20_full_20260721_150753,2026-07-21T15:29:46.627138+00:00,hardware_eff_6,HardwareEfficient,6,34,34.0,0.0,0.0,8,8.0,0.0,10,10.0,0.0,10,10.0,0.0,0,0.0,0.0,1.0,0.0424146652221679,cirq,optimize_for_target_gateset+eject_z+merge_1q,1.6.1,default,ok,50,8,experiments/e20_multi_compiler_full/run.py,cf4c43a166f171d450e24f2ab51c9325507d5960589b926a114eb25d926116c5,08f09765dd1eae82c04046ff02f6dcce073b33334dd08fac7756cf7a008c4c59,69c244ea1c3cd4df8c21465667a18b393e8afef78c0b20b6b2965488cf25d001,
2.1.0,MC-E20,e20_full_20260721_150753,2026-07-21T15:29:46.949313+00:00,hardware_eff_6,HardwareEfficient,6,34,22.0,0.3529411764705882,35.29411764705882,8,6.0,0.25,10,10.0,0.0,10,10.0,0.0,0,0.0,0.0,1.0,0.3193540573120117,tket,FullPeepholeOptimise,2.18.0,default,ok,50,8,experiments/e20_multi_compiler_full/run.py,cf4c43a166f171d450e24f2ab51c9325507d5960589b926a114eb25d926116c5,08f09765dd1eae82c04046ff02f6dcce073b33334dd08fac7756cf7a008c4c59,93f6b953edcbfe64adcd50101bd0a74ebf767a29b200a8d9313284da58a586f7,
2.1.0,MC-E20,e20_full_20260721_150753,2026-07-21T15:29:47.075146+00:00,grover_6,Grover,6,40,20.0,0.5,50.0,11,5.0,0.5454545454545454,0,0.0,0.0,0,0.0,0.0,0,0.0,0.0,0.9999999999999588,0.0150187015533447,qiskit,transpiler,2.4.1,3,ok,50,8,experiments/e20_multi_compiler_full/run.py,cf4c43a166f171d450e24f2ab51c9325507d5960589b926a114eb25d926116c5,24da6cd0fc545792ecaa3e51b5fc1b5c2129a24f4f036caf3736192786569dd6,0ea42a1b7a1e121087615fa80098b527194decafb7c9cf42411f6972d0519375,"Single Grover iteration, random marked state"
2.1.0,MC-E20,e20_full_20260721_150753,2026-07-21T15:29:47.250896+00:00,grover_6,Grover,6,40,,,,11,,,0,,,0,,,0,,,,0.175067663192749,cirq,optimize_for_target_gateset+eject_z+merge_1q,1.6.1,default,"error: ""<input>:248,0: 'sx' is not defined in this scope""",50,8,experiments/e20_multi_compiler_full/run.py,cf4c43a166f171d450e24f2ab51c9325507d5960589b926a114eb25d926116c5,24da6cd0fc545792ecaa3e51b5fc1b5c2129a24f4f036caf3736192786569dd6,none,"Single Grover iteration, random marked state"
2.1.0,MC-E20,e20_full_20260721_150753,2026-07-21T15:29:50.355892+00:00,grover_6,Grover,6,40,344.0,-7.6,-760.0,11,233.0,-20.181818181818183,0,160.0,0.0,0,160.0,0.0,0,0.0,0.0,0.9999999999999816,3.0178494453430176,tket,FullPeepholeOptimise,2.18.0,default,ok,50,8,experiments/e20_multi_compiler_full/run.py,cf4c43a166f171d450e24f2ab51c9325507d5960589b926a114eb25d926116c5,24da6cd0fc545792ecaa3e51b5fc1b5c2129a24f4f036caf3736192786569dd6,19daa87b60236ba308cca23eb4144c5c0a719d15b93e113b01ce037941579275,"Single Grover iteration, random marked state"
2.1.0,MC-E20,e20_full_20260721_150753,2026-07-21T15:29:50.386237+00:00,adder_6,Adder,7,14,14.0,0.0,0.0,8,8.0,0.0,4,4.0,0.0,4,4.0,0.0,0,0.0,0.0,1.0,0.0150761604309082,qiskit,transpiler,2.4.1,3,ok,50,8,experiments/e20_multi_compiler_full/run.py,cf4c43a166f171d450e24f2ab51c9325507d5960589b926a114eb25d926116c5,b79269fb3472b9940c82abb537a4c9e0f8d12bf42c05600b2d87af818d56c1e5,398a39c869275ee953e7c1429666eb7121936238d0cfeddf22d8f438eed3d5cb,"Ripple-carry adder, random inputs"
2.1.0,MC-E20,e20_full_20260721_150753,2026-07-21T15:29:50.402083+00:00,adder_6,Adder,7,14,14.0,0.0,0.0,8,8.0,0.0,4,4.0,0.0,4,4.0,0.0,0,0.0,0.0,1.0,0.0158467292785644,cirq,optimize_for_target_gateset+eject_z+merge_1q,1.6.1,default,ok,50,8,experiments/e20_multi_compiler_full/run.py,cf4c43a166f171d450e24f2ab51c9325507d5960589b926a114eb25d926116c5,b79269fb3472b9940c82abb537a4c9e0f8d12bf42c05600b2d87af818d56c1e5,6a77432ffc75762105279ea589b0103f303b56908ac3808dfada2f8c60ce5b7b,"Ripple-carry adder, random inputs"
2.1.0,MC-E20,e20_full_20260721_150753,2026-07-21T15:29:52.537224+00:00,qwalk_6,QuantumWalk,7,82,2300.0,-27.04878048780488,-2704.8780487804875,47,1695.0,-35.06382978723404,6,990.0,-164.0,6,990.0,-164.0,0,305.0,0.0,0.9999999999997892,0.0449192523956298,qiskit,transpiler,2.4.1,3,ok,50,8,experiments/e20_multi_compiler_full/run.py,cf4c43a166f171d450e24f2ab51c9325507d5960589b926a114eb25d926116c5,8296ec893914f95e820dd9cfcbc68c0fca7f64f0750708b34d389ec26a705756,b708ae9af5c04658dfc85338ddc8f72f1db3fe936286fd9f2c8a945a47106e74,"DTQW on cycle, 3 steps"
2.1.0,MC-E20,e20_full_20260721_150753,2026-07-21T15:29:54.428834+00:00,qwalk_6,QuantumWalk,7,82,,,,47,,,6,,,6,,,0,,,,1.8905541896820068,cirq,optimize_for_target_gateset+eject_z+merge_1q,1.6.1,default,"error: ""<input>:375,0: 'sx' is not defined in this scope""",50,8,experiments/e20_multi_compiler_full/run.py,cf4c43a166f171d450e24f2ab51c9325507d5960589b926a114eb25d926116c5,8296ec893914f95e820dd9cfcbc68c0fca7f64f0750708b34d389ec26a705756,none,"DTQW on cycle, 3 steps"
2.1.0,MC-E20,e20_full_20260721_150753,2026-07-21T15:30:24.970883+00:00,iqp_6,IQP,6,36,13.0,0.6388888888888888,63.888888888888886,9,4.0,0.5555555555555556,9,3.0,0.6666666666666667,0,0.0,0.0,0,0.0,0.0,0.9999999999999964,0.0078201293945312,qiskit,transpiler,2.4.1,3,ok,50,8,experiments/e20_multi_compiler_full/run.py,cf4c43a166f171d450e24f2ab51c9325507d5960589b926a114eb25d926116c5,8eb1dd565105fa861c1969a4c239e569fdd2cfecc41d38c42b2d9d09b44c22b2,1433db0d08b67670d8659ea356fa788f7a9487bdbd60c42a9535f5c9934b7ff3,"IQP circuit, 3 diagonal layers"
2.1.0,MC-E20,e20_full_20260721_150753,2026-07-21T15:30:25.008145+00:00,iqp_6,IQP,6,36,32.0,0.1111111111111111,11.111111111111116,9,8.0,0.1111111111111111,9,9.0,0.0,0,0.0,0.0,0,3.0,0.0,0.999999999999996,0.015913963317871,cirq,optimize_for_target_gateset+eject_z+merge_1q,1.6.1,default,ok,50,8,experiments/e20_multi_compiler_full/run.py,cf4c43a166f171d450e24f2ab51c9325507d5960589b926a114eb25d926116c5,8eb1dd565105fa861c1969a4c239e569fdd2cfecc41d38c42b2d9d09b44c22b2,03dedb21f78eea84999622c02d4b97fb79d8263b18d74354790fa95073c2a37d,"IQP circuit, 3 diagonal layers"
2.1.0,MC-E20,e20_full_20260721_150753,2026-07-21T15:30:25.166840+00:00,iqp_6,IQP,6,36,13.0,0.6388888888888888,63.888888888888886,9,5.0,0.4444444444444444,9,3.0,0.6666666666666667,0,3.0,0.0,0,0.0,0.0,0.9999999999999992,0.1514985561370849,tket,FullPeepholeOptimise,2.18.0,default,ok,50,8,experiments/e20_multi_compiler_full/run.py,cf4c43a166f171d450e24f2ab51c9325507d5960589b926a114eb25d926116c5,8eb1dd565105fa861c1969a4c239e569fdd2cfecc41d38c42b2d9d09b44c22b2,7034529e9a01ddb16ea1adeada97a8dcc86058cc6429e01ba5ff1742806bc18d,"IQP circuit, 3 diagonal layers"
2.1.0,MC-E20,e20_full_20260721_150753,2026-07-21T15:30:25.183379+00:00,clifford_6,RandomClifford,6,44,7.0,0.8409090909090909,84.0909090909091,12,3.0,0.75,6,3.0,0.5,6,1.0,0.8333333333333334,15,1.0,0.9333333333333332,0.9999999999999998,0.0042173862457275,qiskit,transpiler,2.4.1,3,ok,50,8,experiments/e20_multi_compiler_full/run.py,cf4c43a166f171d450e24f2ab51c9325507d5960589b926a114eb25d926116c5,2d8b48bbef1508b8d0015fbb5e0ce127ec90b6c27c002349721ca2401b88b5e5,731d1f9b3890767e8295d3a208c9091921cb140eef283b97224fbc186cd0d055,"Random Clifford, depth=10"
2.1.0,MC-E20,e20_full_20260721_150753,2026-07-21T15:30:25.229989+00:00,clifford_6,RandomClifford,6,44,26.0,0.409090909090909,40.90909090909091,12,11.0,0.0833333333333333,6,6.0,0.0,6,6.0,0.0,15,5.0,0.6666666666666667,0.9999999999999964,0.0311653614044189,cirq,optimize_for_target_gateset+eject_z+merge_1q,1.6.1,default,ok,50,8,experiments/e20_multi_compiler_full/run.py,cf4c43a166f171d450e24f2ab51c9325507d5960589b926a114eb25d926116c5,2d8b48bbef1508b8d0015fbb5e0ce127ec90b6c27c002349721ca2401b88b5e5,0acafd6a4988130f4c7e40d2c9f313c4fa5c49185973487a000ee86534bdf2c5,"Random Clifford, depth=10"
2.1.0,MC-E20,e20_full_20260721_150753,2026-07-21T15:30:25.360501+00:00,clifford_6,RandomClifford,6,44,12.0,0.7272727272727273,72.72727272727273,12,5.0,0.5833333333333333,6,3.0,0.5,6,3.0,0.5,15,0.0,1.0,0.9999999999999964,0.1273374557495117,tket,FullPeepholeOptimise,2.18.0,default,ok,50,8,experiments/e20_multi_compiler_full/run.py,cf4c43a166f171d450e24f2ab51c9325507d5960589b926a114eb25d926116c5,2d8b48bbef1508b8d0015fbb5e0ce127ec90b6c27c002349721ca2401b88b5e5,f823c1a3fffbbc85c5e720b46b700dcf8d3ed09c75de9065ee612fce341d1573,"Random Clifford, depth=10"
2.1.0,MC-E20,e20_full_20260721_150753,2026-07-21T15:30:25.395225+00:00,surface_code_6,SurfaceCode,7,10,10.0,0.0,0.0,8,8.0,0.0,6,6.0,0.0,6,6.0,0.0,0,0.0,0.0,0.9999999999999998,0.0,qiskit,transpiler,2.4.1,3,ok,50,8,experiments/e20_multi_compiler_full/run.py,cf4c43a166f171d450e24f2ab51c9325507d5960589b926a114eb25d926116c5,316166a9101e2c3bffefe333d631fa5654b7cd72915a1f65bafa6bd0f0b7017e,316166a9101e2c3bffefe333d631fa5654b7cd72915a1f65bafa6bd0f0b7017e,X-stabilizer syndrome extraction
2.1.0,MC-E20,e20_full_20260721_150753,2026-07-21T15:30:25.419496+00:00,surface_code_6,SurfaceCode,7,10,12.0,-0.1999999999999999,-20.0,8,10.0,-0.25,6,6.0,0.0,6,6.0,0.0,0,0.0,0.0,0.9999999999999998,0.009042739868164,cirq,optimize_for_target_gateset+eject_z+merge_1q,1.6.1,default,ok,50,8,experiments/e20_multi_compiler_full/run.py,cf4c43a166f171d450e24f2ab51c9325507d5960589b926a114eb25d926116c5,316166a9101e2c3bffefe333d631fa5654b7cd72915a1f65bafa6bd0f0b7017e,c6533e1a8c172a9a493f165b9b517f5c35c6d990a12eaff746b3656ef6d80341,X-stabilizer syndrome extraction
2.1.0,MC-E20,e20_full_20260721_150753,2026-07-21T15:30:25.668260+00:00,uccsd_6,UCCSD_inspired,6,58,44.0,0.2413793103448276,24.13793103448276,28,25.0,0.1071428571428571,29,21.0,0.2758620689655172,29,21.0,0.2758620689655172,0,0.0,0.0,1.0,0.000864028930664,qiskit,transpiler,2.4.1,3,ok,50,8,experiments/e20_multi_compiler_full/run.py,cf4c43a166f171d450e24f2ab51c9325507d5960589b926a114eb25d926116c5,fa32c35feef37a3791590e7d71c44d112f3a7e7e217b0afe18d9042627132021,ba02192cb323157decffb99b31c514c5fa3f219a2d22398bf8614b032f7acf38,Parameterized ansatz INSPIRED BY (not true) UCCSD; see make_parameterized_ansatz docstring. Renamed from 'UCCSD' to 'UCCSD_inspired' per review L3 to avoid false claim.
2.1.0,MC-E20,e20_full_20260721_150753,2026-07-21T15:30:25.719662+00:00,uccsd_6,UCCSD_inspired,6,58,52.0,0.1034482758620689,10.344827586206897,28,26.0,0.0714285714285714,29,29.0,0.0,29,29.0,0.0,0,0.0,0.0,1.0,0.0318861007690429,cirq,optimize_for_target_gateset+eject_z+merge_1q,1.6.1,default,ok,50,8,experiments/e20_multi_compiler_full/run.py,cf4c43a166f171d450e24f2ab51c9325507d5960589b926a114eb25d926116c5,fa32c35feef37a3791590e7d71c44d112f3a7e7e217b0afe18d9042627132021,866f1677f875acc52f7bbe3eff9bf5f28378b31ccdc634005f69c44270b4e72e,Parameterized ansatz INSPIRED BY (not true) UCCSD; see make_parameterized_ansatz docstring. Renamed from 'UCCSD' to 'UCCSD_inspired' per review L3 to avoid false claim.
2.1.0,MC-E20,e20_full_20260721_150753,2026-07-21T15:30:26.408204+00:00,uccsd_6,UCCSD_inspired,6,58,44.0,0.2413793103448276,24.13793103448276,28,25.0,0.1071428571428571,29,21.0,0.2758620689655172,29,21.0,0.2758620689655172,0,0.0,0.0,1.0,0.6731832027435303,tket,FullPeepholeOptimise,2.18.0,default,ok,50,8,experiments/e20_multi_compiler_full/run.py,cf4c43a166f171d450e24f2ab51c9325507d5960589b926a114eb25d926116c5,fa32c35feef37a3791590e7d71c44d112f3a7e7e217b0afe18d9042627132021,f131f793b1fe4e42d80d6351e60c5f13c0ccf8fce442abaa74c6d49d2127768d,Parameterized ansatz INSPIRED BY (not true) UCCSD; see make_parameterized_ansatz docstring. Renamed from 'UCCSD' to 'UCCSD_inspired' per review L3 to avoid false claim.
2.1.0,MC-E20,e20_full_20260721_150753,2026-07-21T15:30:26.531849+00:00,qft_8,QFT,8,36,36.0,0.0,0.0,15,15.0,0.0,28,28.0,0.0,0,0.0,0.0,0,0.0,0.0,0.9999999999999968,0.0082583427429199,qiskit,transpiler,2.4.1,3,ok,50,8,experiments/e20_multi_compiler_full/run.py,cf4c43a166f171d450e24f2ab51c9325507d5960589b926a114eb25d926116c5,b2f83603b76f95e86e3b51898d6ea360adf3a62f51aa296baf0178913d4108b2,5e235910f0329f12c7dc3b126bc0da34cd22bcb22e80d7885306046eb1f2b62c,
2.1.0,MC-E20,e20_full_20260721_150753,2026-07-21T15:30:26.602310+00:00,qft_8,QFT,8,36,,,,15,,,28,,,0,,,0,,,,0.0704610347747802,cirq,optimize_for_target_gateset+eject_z+merge_1q,1.6.1,default,"error: ""<input>:17,0: 'sx' is not defined in this scope""",50,8,experiments/e20_multi_compiler_full/run.py,cf4c43a166f171d450e24f2ab51c9325507d5960589b926a114eb25d926116c5,b2f83603b76f95e86e3b51898d6ea360adf3a62f51aa296baf0178913d4108b2,none,
2.1.0,MC-E20,e20_full_20260721_150753,2026-07-21T15:30:28.075655+00:00,ghz_8,GHZ,8,8,8.0,0.0,0.0,8,8.0,0.0,7,7.0,0.0,7,7.0,0.0,0,0.0,0.0,0.9999999999999998,0.0077648162841796,qiskit,transpiler,2.4.1,3,ok,50,8,experiments/e20_multi_compiler_full/run.py,cf4c43a166f171d450e24f2ab51c9325507d5960589b926a114eb25d926116c5,587577f385cf54a3edd3cc639b3ac8cc5aa139f2ef414827515ddc7be4c12104,587577f385cf54a3edd3cc639b3ac8cc5aa139f2ef414827515ddc7be4c12104,
2.1.0,MC-E20,e20_full_20260721_150753,2026-07-21T15:30:28.119406+00:00,ghz_8,GHZ,8,8,9.0,-0.125,-12.5,8,9.0,-0.125,7,7.0,0.0,7,7.0,0.0,0,0.0,0.0,0.9999999999999998,0.0124242305755615,cirq,optimize_for_target_gateset+eject_z+merge_1q,1.6.1,default,ok,50,8,experiments/e20_multi_compiler_full/run.py,cf4c43a166f171d450e24f2ab51c9325507d5960589b926a114eb25d926116c5,587577f385cf54a3edd3cc639b3ac8cc5aa139f2ef414827515ddc7be4c12104,dbe75adbc6dcfacb0387626198005ff6d870b04cfebdd177f2b4ce6c5e698fca,
2.1.0,MC-E20,e20_full_20260721_150753,2026-07-21T15:30:28.448383+00:00,cnot_chain_8,CNOT,8,56,0.0,1.0,100.0,26,0.0,1.0,56,0.0,1.0,56,0.0,1.0,0,0.0,0.0,1.0,0.0071280002593994,qiskit,transpiler,2.4.1,3,ok,50,8,experiments/e20_multi_compiler_full/run.py,cf4c43a166f171d450e24f2ab51c9325507d5960589b926a114eb25d926116c5,d3e8b51351e86caa6d8939fe0a903f48a089e7d220d46a14b52d6c94e6e43394,b9f67046a69160a09ec4f4fa9eb23036fff76352de4a4103d9d677b302f18c04,
2.1.0,MC-E20,e20_full_20260721_150753,2026-07-21T15:30:28.598364+00:00,cnot_chain_8,CNOT,8,56,56.0,0.0,0.0,26,26.0,0.0,56,56.0,0.0,56,56.0,0.0,0,0.0,0.0,1.0,0.0255374908447265,cirq,optimize_for_target_gateset+eject_z+merge_1q,1.6.1,default,ok,50,8,experiments/e20_multi_compiler_full/run.py,cf4c43a166f171d450e24f2ab51c9325507d5960589b926a114eb25d926116c5,d3e8b51351e86caa6d8939fe0a903f48a089e7d220d46a14b52d6c94e6e43394,c654c98f30db9245f47457a95bd6a7935d02799bcd4a120004fd14388af2ad0b,
2.1.0,MC-E20,e20_full_20260721_150753,2026-07-21T15:30:28.696249+00:00,bv_8,Oracle,9,25,17.0,0.3199999999999999,32.0,9,7.0,0.2222222222222222,5,5.0,0.0,5,5.0,0.0,0,0.0,0.0,,0.0134212970733642,qiskit,transpiler,2.4.1,3,ok,50,8,experiments/e20_multi_compiler_full/run.py,cf4c43a166f171d450e24f2ab51c9325507d5960589b926a114eb25d926116c5,781ef4a33c0f7391fa4a2741b4c59d3d7fb3781ce2c07df23028850379bf8cb6,204ae653e17f1ef753d8cb6fec9c39230e2cd822fe7c8f8c5d879e488eee2f0f,
2.1.0,MC-E20,e20_full_20260721_150753,2026-07-21T15:30:29.035487+00:00,qaoa_line_8,QAOA,8,66,66.0,0.0,0.0,30,30.0,0.0,28,28.0,0.0,28,28.0,0.0,0,0.0,0.0,1.0000000000000036,0.0086441040039062,qiskit,transpiler,2.4.1,3,ok,50,8,experiments/e20_multi_compiler_full/run.py,cf4c43a166f171d450e24f2ab51c9325507d5960589b926a114eb25d926116c5,5f014de9d39d8da4377f39daad509c2c52f00796ee75e62f43f302183eb7ff7e,5f014de9d39d8da4377f39daad509c2c52f00796ee75e62f43f302183eb7ff7e,
2.1.0,MC-E20,e20_full_20260721_150753,2026-07-21T15:30:29.272381+00:00,qaoa_line_8,QAOA,8,66,74.0,-0.1212121212121211,-12.12121212121211,30,31.0,-0.0333333333333334,28,28.0,0.0,28,28.0,0.0,0,0.0,0.0,1.0,0.0637354850769043,cirq,optimize_for_target_gateset+eject_z+merge_1q,1.6.1,default,ok,50,8,experiments/e20_multi_compiler_full/run.py,cf4c43a166f171d450e24f2ab51c9325507d5960589b926a114eb25d926116c5,5f014de9d39d8da4377f39daad509c2c52f00796ee75e62f43f302183eb7ff7e,9cad1f081083f793683c3de91d560e640e8b662a0a07d59758e2247e8ffc60bb,
2.1.0,MC-E20,e20_full_20260721_150753,2026-07-21T15:30:30.190381+00:00,vqe_twolocal_8,VQE,8,62,38.0,0.3870967741935484,38.70967741935484,15,12.0,0.1999999999999999,14,14.0,0.0,14,14.0,0.0,0,0.0,0.0,1.0,0.0036923885345458,qiskit,transpiler,2.4.1,3,ok,50,8,experiments/e20_multi_compiler_full/run.py,cf4c43a166f171d450e24f2ab51c9325507d5960589b926a114eb25d926116c5,aed39f065cb841826d6bf8541d1cc7b112e86d54d9b9d38a4a8bd1b6a3e5e96b,b7067c43ee6e79809814864edc0d897c9037e566819b151a808740bd3580d2a3,
2.1.0,MC-E20,e20_full_20260721_150753,2026-07-21T15:30:30.372743+00:00,vqe_twolocal_8,VQE,8,62,62.0,0.0,0.0,15,15.0,0.0,14,14.0,0.0,14,14.0,0.0,0,0.0,0.0,1.0,0.0426549911499023,cirq,optimize_for_target_gateset+eject_z+merge_1q,1.6.1,default,ok,50,8,experiments/e20_multi_compiler_full/run.py,cf4c43a166f171d450e24f2ab51c9325507d5960589b926a114eb25d926116c5,aed39f065cb841826d6bf8541d1cc7b112e86d54d9b9d38a4a8bd1b6a3e5e96b,d6048422c1270a3e7b455d2d51ce44d2b429d7402cbb6012602de289e5cd87cb,
2.1.0,MC-E20,e20_full_20260721_150753,2026-07-21T15:30:31.191600+00:00,hardware_eff_8,HardwareEfficient,8,46,30.0,0.3478260869565217,34.78260869565217,8,6.0,0.25,14,14.0,0.0,14,14.0,0.0,0,0.0,0.0,0.9999999999999998,0.0,qiskit,transpiler,2.4.1,3,ok,50,8,experiments/e20_multi_compiler_full/run.py,cf4c43a166f171d450e24f2ab51c9325507d5960589b926a114eb25d926116c5,341b97aa7ced30df12d7cc56f3fa04bea6db9f585c8b28b4cea688ac53d92e87,595b645134200ea7dda71093c2d5c5e09f8e19f74703b0c4230b85f171a8a2c8,
2.1.0,MC-E20,e20_full_20260721_150753,2026-07-21T15:30:31.314033+00:00,hardware_eff_8,HardwareEfficient,8,46,46.0,0.0,0.0,8,8.0,0.0,14,14.0,0.0,14,14.0,0.0,0,0.0,0.0,1.0,0.0220613479614257,cirq,optimize_for_target_gateset+eject_z+merge_1q,1.6.1,default,ok,50,8,experiments/e20_multi_compiler_full/run.py,cf4c43a166f171d450e24f2ab51c9325507d5960589b926a114eb25d926116c5,341b97aa7ced30df12d7cc56f3fa04bea6db9f585c8b28b4cea688ac53d92e87,5c48be51c0436ac2d0ff00a4972ee2fb9d594276c1ff98a38fe5a7d318e6b6b1,
2.1.0,MC-E20,e20_full_20260721_150753,2026-07-21T15:30:33.954091+00:00,grover_8,Grover,8,50,796.0,-14.92,-1492.0,11,503.0,-44.72727272727273,0,360.0,0.0,0,360.0,0.0,0,102.0,0.0,0.9999999999999314,0.0152716636657714,qiskit,transpiler,2.4.1,3,ok,50,8,experiments/e20_multi_compiler_full/run.py,cf4c43a166f171d450e24f2ab51c9325507d5960589b926a114eb25d926116c5,ca23956754b0fc56a56ef9424f005449a9d151c336139667b251db0c3436cbd2,37e39fb4aee332bd8c5606728f2b119e933cf1a5a7decd3b49ad8d63d2b61413,"Single Grover iteration, random marked state"
2.1.0,MC-E20,e20_full_20260721_150753,2026-07-21T15:30:34.855259+00:00,grover_8,Grover,8,50,,,,11,,,0,,,0,,,0,,,,0.8864307403564453,cirq,optimize_for_target_gateset+eject_z+merge_1q,1.6.1,default,"error: ""<input>:592,0: 'sx' is not defined in this scope""",50,8,experiments/e20_multi_compiler_full/run.py,cf4c43a166f171d450e24f2ab51c9325507d5960589b926a114eb25d926116c5,ca23956754b0fc56a56ef9424f005449a9d151c336139667b251db0c3436cbd2,none,"Single Grover iteration, random marked state"
2.1.0,MC-E20,e20_full_20260721_150753,2026-07-21T15:30:43.675284+00:00,adder_8,Adder,10,17,17.0,0.0,0.0,10,10.0,0.0,6,6.0,0.0,6,6.0,0.0,0,0.0,0.0,,0.0188298225402832,qiskit,transpiler,2.4.1,3,ok,50,8,experiments/e20_multi_compiler_full/run.py,cf4c43a166f171d450e24f2ab51c9325507d5960589b926a114eb25d926116c5,c5493ad84cb94f306303c99ff1a88e4e8bccae6664f54b5fee2ef5481c615763,f9e0379ad1df94a68025ccf3c9fb1203280f4e940f15b27c530a00a78a3b3062,"Ripple-carry adder, random inputs"
2.1.0,MC-E20,e20_full_20260721_150753,2026-07-21T15:30:44.861421+00:00,qwalk_8,QuantumWalk,9,106,4551.0,-41.93396226415094,-4193.396226415094,59,3163.0,-52.61016949152543,6,1962.0,-326.0,6,1962.0,-326.0,0,539.0,0.0,,0.0850708484649658,qiskit,transpiler,2.4.1,3,ok,50,8,experiments/e20_multi_compiler_full/run.py,cf4c43a166f171d450e24f2ab51c9325507d5960589b926a114eb25d926116c5,8709ae947835c99573c08b7d3645ae17b8c5226c4f190bbafe95306d5719b9da,f1fb59925a327f3f26151e1f6b531bfa864ab5d33712347dcef977f67a804d17,"DTQW on cycle, 3 steps"
2.1.0,MC-E20,e20_full_20260721_150753,2026-07-21T15:34:02.191043+00:00,iqp_8,IQP,8,45,19.0,0.5777777777777777,57.77777777777777,11,7.0,0.3636363636363636,11,5.0,0.5454545454545454,0,0.0,0.0,0,0.0,0.0,0.999999999999996,0.0273737907409667,qiskit,transpiler,2.4.1,3,ok,50,8,experiments/e20_multi_compiler_full/run.py,cf4c43a166f171d450e24f2ab51c9325507d5960589b926a114eb25d926116c5,75f77f40a013bf9ed07fe41eda8fd33ed8a48cf0ae6847350f7df994a4e786aa,ea1c6239bdad1dfeb2260b331ead853030184c173b2deb9b9a97fbb7d157168c,"IQP circuit, 3 diagonal layers"
2.1.0,MC-E20,e20_full_20260721_150753,2026-07-21T15:34:02.321385+00:00,iqp_8,IQP,8,45,41.0,0.0888888888888889,8.888888888888891,11,10.0,0.0909090909090909,11,11.0,0.0,0,0.0,0.0,0,2.0,0.0,0.9999999999999948,0.04986572265625,cirq,optimize_for_target_gateset+eject_z+merge_1q,1.6.1,default,ok,50,8,experiments/e20_multi_compiler_full/run.py,cf4c43a166f171d450e24f2ab51c9325507d5960589b926a114eb25d926116c5,75f77f40a013bf9ed07fe41eda8fd33ed8a48cf0ae6847350f7df994a4e786aa,972646ed07051327d49539e8a1fc79b1d2a7d170e4b19f667920b4da25d79e2c,"IQP circuit, 3 diagonal layers"
2.1.0,MC-E20,e20_full_20260721_150753,2026-07-21T15:34:02.820838+00:00,clifford_8,RandomClifford,8,55,8.0,0.8545454545454545,85.45454545454545,10,1.0,0.9,2,0.0,1.0,2,0.0,1.0,28,0.0,1.0,0.9999999999999938,0.0179133415222167,qiskit,transpiler,2.4.1,3,ok,50,8,experiments/e20_multi_compiler_full/run.py,cf4c43a166f171d450e24f2ab51c9325507d5960589b926a114eb25d926116c5,d066b41fd1899a5b576c4267dbd402e7e33806cea1f2a8bbbf11b53f8f4ac578,f0cccae1c94681f3b482e398398641e26644393bd0b9c873da9dd76beff081bc,"Random Clifford, depth=10"
2.1.0,MC-E20,e20_full_20260721_150753,2026-07-21T15:34:02.908044+00:00,clifford_8,RandomClifford,8,55,16.0,0.7090909090909091,70.9090909090909,10,4.0,0.6,2,2.0,0.0,2,2.0,0.0,28,6.0,0.7857142857142857,0.9999999999999938,0.0290911197662353,cirq,optimize_for_target_gateset+eject_z+merge_1q,1.6.1,default,ok,50,8,experiments/e20_multi_compiler_full/run.py,cf4c43a166f171d450e24f2ab51c9325507d5960589b926a114eb25d926116c5,d066b41fd1899a5b576c4267dbd402e7e33806cea1f2a8bbbf11b53f8f4ac578,630d78b22b21721e5db759fad011173e11922a5f963c435f4d7d983d2c5ae9c4,"Random Clifford, depth=10"
2.1.0,MC-E20,e20_full_20260721_150753,2026-07-21T15:34:03.042756+00:00,surface_code_8,SurfaceCode,9,12,12.0,0.0,0.0,10,10.0,0.0,8,8.0,0.0,8,8.0,0.0,0,0.0,0.0,,0.017174482345581,qiskit,transpiler,2.4.1,3,ok,50,8,experiments/e20_multi_compiler_full/run.py,cf4c43a166f171d450e24f2ab51c9325507d5960589b926a114eb25d926116c5,cead5f601ffe9fa78452e64dfafa191505b97b054f77848ed6482da20ec2f43b,cead5f601ffe9fa78452e64dfafa191505b97b054f77848ed6482da20ec2f43b,X-stabilizer syndrome extraction
2.1.0,MC-E20,e20_full_20260721_150753,2026-07-21T15:34:03.523750+00:00,uccsd_8,UCCSD_inspired,8,80,60.0,0.25,25.0,31,27.0,0.1290322580645161,36,28.0,0.2222222222222222,36,28.0,0.2222222222222222,0,0.0,0.0,1.0,0.0052299499511718,qiskit,transpiler,2.4.1,3,ok,50,8,experiments/e20_multi_compiler_full/run.py,cf4c43a166f171d450e24f2ab51c9325507d5960589b926a114eb25d926116c5,131b0c59e219db6863331d776de228a89ca05310aefc19fa310b84e37cccb1e7,500d0934f4941ad9fcece750fa0b7b263ee358ff35680cf61ec9a28cc29ce73e,Parameterized ansatz INSPIRED BY (not true) UCCSD; see make_parameterized_ansatz docstring. Renamed from 'UCCSD' to 'UCCSD_inspired' per review L3 to avoid false claim.
2.1.0,MC-E20,e20_full_20260721_150753,2026-07-21T15:34:03.747190+00:00,uccsd_8,UCCSD_inspired,8,80,68.0,0.15,15.000000000000002,31,28.0,0.0967741935483871,36,36.0,0.0,36,36.0,0.0,0,0.0,0.0,1.0,0.046534776687622,cirq,optimize_for_target_gateset+eject_z+merge_1q,1.6.1,default,ok,50,8,experiments/e20_multi_compiler_full/run.py,cf4c43a166f171d450e24f2ab51c9325507d5960589b926a114eb25d926116c5,131b0c59e219db6863331d776de228a89ca05310aefc19fa310b84e37cccb1e7,3ea71b738da6e1eaabae47bf9f827f1d48d4d94394fe81fb906a371b655d7947,Parameterized ansatz INSPIRED BY (not true) UCCSD; see make_parameterized_ansatz docstring. Renamed from 'UCCSD' to 'UCCSD_inspired' per review L3 to avoid false claim.
2.1.0,MC-E20,e20_full_20260721_150753,2026-07-21T15:34:04.918528+00:00,haar_4,HaarRandom,4,275,257.0,0.0654545454545454,6.545454545454543,189,189.0,0.0,95,95.0,0.0,95,95.0,0.0,0,0.0,0.0,0.9999999999999954,0.0,qiskit,transpiler,2.4.1,3,ok,50,8,experiments/e20_multi_compiler_full/run.py,cf4c43a166f171d450e24f2ab51c9325507d5960589b926a114eb25d926116c5,ee7afd4af4505a115bf159b8cd2f554df18ee60684bafb27e6a55440ae7e1239,a03067168c25d62746a1d5d6c1f5089eecf235838470eaa670b0e9828e43ae6c,"Haar-random unitary, exact synthesis"
2.1.0,MC-E20,e20_full_20260721_150753,2026-07-21T15:34:05.170484+00:00,haar_4,HaarRandom,4,275,367.0,-0.3345454545454545,-33.454545454545446,189,238.0,-0.2592592592592593,95,95.0,0.0,95,95.0,0.0,0,16.0,0.0,0.9999999999999938,0.1977453231811523,cirq,optimize_for_target_gateset+eject_z+merge_1q,1.6.1,default,ok,50,8,experiments/e20_multi_compiler_full/run.py,cf4c43a166f171d450e24f2ab51c9325507d5960589b926a114eb25d926116c5,ee7afd4af4505a115bf159b8cd2f554df18ee60684bafb27e6a55440ae7e1239,7ad5ce3a503841acba8fd1fb8922b5042b0cbc3908d6575c2fd56531478b874e,"Haar-random unitary, exact synthesis"
2.1.0,MC-E20,e20_full_20260721_150753,2026-07-21T15:34:07.549416+00:00,haar_4,HaarRandom,4,275,257.0,0.0654545454545454,6.545454545454543,189,189.0,0.0,95,95.0,0.0,95,95.0,0.0,0,0.0,0.0,0.9999999999999988,2.347644090652466,tket,FullPeepholeOptimise,2.18.0,default,ok,50,8,experiments/e20_multi_compiler_full/run.py,cf4c43a166f171d450e24f2ab51c9325507d5960589b926a114eb25d926116c5,ee7afd4af4505a115bf159b8cd2f554df18ee60684bafb27e6a55440ae7e1239,df4cf633a55d215928ab57d066f93c69fedc6d9d53f1c961675a577571cc69ec,"Haar-random unitary, exact synthesis"
2.1.0,MC-E20,e20_full_20260721_150753,2026-07-21T15:34:07.833042+00:00,qft_4,QFT,4,10,10.0,0.0,0.0,7,7.0,0.0,6,6.0,0.0,0,0.0,0.0,0,0.0,0.0,0.9999999999999988,0.0148830413818359,qiskit,transpiler,2.4.1,3,ok,51,9,experiments/e20_multi_compiler_full/run.py,cf4c43a166f171d450e24f2ab51c9325507d5960589b926a114eb25d926116c5,ec754f7e3892ee8ca405ace36ffa2cf3d8489863d2f83852f623de773dd94b1e,001408f6c8b62c5aa1e72c56729dcc2520332ae2954b17daf86162a5a4f46ac6,
2.1.0,MC-E20,e20_full_20260721_150753,2026-07-21T15:34:07.858150+00:00,qft_4,QFT,4,10,,,,7,,,6,,,0,,,0,,,,0.0251085758209228,cirq,optimize_for_target_gateset+eject_z+merge_1q,1.6.1,default,"error: ""<input>:17,0: 'sx' is not defined in this scope""",51,9,experiments/e20_multi_compiler_full/run.py,cf4c43a166f171d450e24f2ab51c9325507d5960589b926a114eb25d926116c5,ec754f7e3892ee8ca405ace36ffa2cf3d8489863d2f83852f623de773dd94b1e,none,
2.1.0,MC-E20,e20_full_20260721_150753,2026-07-21T15:34:08.102952+00:00,qft_4,QFT,4,10,31.0,-2.1,-210.0,7,19.0,-1.7142857142857144,6,12.0,-1.0,0,12.0,0.0,0,0.0,0.0,1.0,0.2286357879638672,tket,FullPeepholeOptimise,2.18.0,default,ok,51,9,experiments/e20_multi_compiler_full/run.py,cf4c43a166f171d450e24f2ab51c9325507d5960589b926a114eb25d926116c5,ec754f7e3892ee8ca405ace36ffa2cf3d8489863d2f83852f623de773dd94b1e,1c29c769144f94e13e3a392f195ebc1c6cfc77bad3bffa3aa293760f9e7c4679,
2.1.0,MC-E20,e20_full_20260721_150753,2026-07-21T15:34:08.121433+00:00,ghz_4,GHZ,4,4,4.0,0.0,0.0,4,4.0,0.0,3,3.0,0.0,3,3.0,0.0,0,0.0,0.0,0.9999999999999996,0.0184817314147949,qiskit,transpiler,2.4.1,3,ok,51,9,experiments/e20_multi_compiler_full/run.py,cf4c43a166f171d450e24f2ab51c9325507d5960589b926a114eb25d926116c5,632a65a86fd9bfab17ccedbd10b32b45490cc33030a23af0d675ad3e8ad7a445,632a65a86fd9bfab17ccedbd10b32b45490cc33030a23af0d675ad3e8ad7a445,
2.1.0,MC-E20,e20_full_20260721_150753,2026-07-21T15:34:08.137781+00:00,ghz_4,GHZ,4,4,5.0,-0.25,-25.0,4,5.0,-0.25,3,3.0,0.0,3,3.0,0.0,0,0.0,0.0,0.9999999999999996,0.0163476467132568,cirq,optimize_for_target_gateset+eject_z+merge_1q,1.6.1,default,ok,51,9,experiments/e20_multi_compiler_full/run.py,cf4c43a166f171d450e24f2ab51c9325507d5960589b926a114eb25d926116c5,632a65a86fd9bfab17ccedbd10b32b45490cc33030a23af0d675ad3e8ad7a445,06491f2cd8fd8193e00cd40c6bc0442b5ca960f1c6e319f098b23e2c3ef0bc78,
2.1.0,MC-E20,e20_full_20260721_150753,2026-07-21T15:34:08.220452+00:00,ghz_4,GHZ,4,4,4.0,0.0,0.0,4,4.0,0.0,3,3.0,0.0,3,3.0,0.0,0,0.0,0.0,1.0,0.0816781520843505,tket,FullPeepholeOptimise,2.18.0,default,ok,51,9,experiments/e20_multi_compiler_full/run.py,cf4c43a166f171d450e24f2ab51c9325507d5960589b926a114eb25d926116c5,632a65a86fd9bfab17ccedbd10b32b45490cc33030a23af0d675ad3e8ad7a445,0ca2e20394ef52eecba8c72454ae73e952a311d06ff639876717b3ceaa156322,
2.1.0,MC-E20,e20_full_20260721_150753,2026-07-21T15:34:08.241527+00:00,cnot_chain_4,CNOT,4,24,0.0,1.0,100.0,18,0.0,1.0,24,0.0,1.0,24,0.0,1.0,0,0.0,0.0,1.0,0.0050897598266601,qiskit,transpiler,2.4.1,3,ok,51,9,experiments/e20_multi_compiler_full/run.py,cf4c43a166f171d450e24f2ab51c9325507d5960589b926a114eb25d926116c5,c15ccd1efbe0b71c21464e888a978afbe6b6cf006bd895873c7d9b8e51efbaf0,80cb67051feabb1a835727fede3367602f1e692e3ec9d1d7247266c73803bd7d,
2.1.0,MC-E20,e20_full_20260721_150753,2026-07-21T15:34:08.263247+00:00,cnot_chain_4,CNOT,4,24,24.0,0.0,0.0,18,18.0,0.0,24,24.0,0.0,24,24.0,0.0,0,0.0,0.0,1.0,0.0126323699951171,cirq,optimize_for_target_gateset+eject_z+merge_1q,1.6.1,default,ok,51,9,experiments/e20_multi_compiler_full/run.py,cf4c43a166f171d450e24f2ab51c9325507d5960589b926a114eb25d926116c5,c15ccd1efbe0b71c21464e888a978afbe6b6cf006bd895873c7d9b8e51efbaf0,1c48b34ca8afe4511d74e3b454e70aaafbcd3af62f2f6f4baaa92a9c810a5a2d,
2.1.0,MC-E20,e20_full_20260721_150753,2026-07-21T15:34:08.270342+00:00,cnot_chain_4,CNOT,4,24,0.0,1.0,100.0,18,0.0,1.0,24,0.0,1.0,24,0.0,1.0,0,0.0,0.0,1.0,0.0020051002502441,tket,FullPeepholeOptimise,2.18.0,default,ok,51,9,experiments/e20_multi_compiler_full/run.py,cf4c43a166f171d450e24f2ab51c9325507d5960589b926a114eb25d926116c5,c15ccd1efbe0b71c21464e888a978afbe6b6cf006bd895873c7d9b8e51efbaf0,80cb67051feabb1a835727fede3367602f1e692e3ec9d1d7247266c73803bd7d,
2.1.0,MC-E20,e20_full_20260721_150753,2026-07-21T15:34:08.295070+00:00,bv_4,Oracle,5,14,8.0,0.4285714285714286,42.85714285714286,6,4.0,0.3333333333333333,2,2.0,0.0,2,2.0,0.0,0,0.0,0.0,0.999999999999998,0.0114920139312744,qiskit,transpiler,2.4.1,3,ok,51,9,experiments/e20_multi_compiler_full/run.py,cf4c43a166f171d450e24f2ab51c9325507d5960589b926a114eb25d926116c5,4ae8943f799faae7e1b0ea35ba0735dacc8733ca21e488e404fc3b8431d95cd9,9a125b2a21e9122766877d69900711a381e4c69e2f6a4c9aa4a3e9c498c0eb2e,
2.1.0,MC-E20,e20_full_20260721_150753,2026-07-21T15:34:08.303334+00:00,bv_4,Oracle,5,14,12.0,0.1428571428571429,14.28571428571429,6,6.0,0.0,2,2.0,0.0,2,2.0,0.0,0,0.0,0.0,,0.0082631111145019,cirq,optimize_for_target_gateset+eject_z+merge_1q,1.6.1,default,ok,51,9,experiments/e20_multi_compiler_full/run.py,cf4c43a166f171d450e24f2ab51c9325507d5960589b926a114eb25d926116c5,4ae8943f799faae7e1b0ea35ba0735dacc8733ca21e488e404fc3b8431d95cd9,0289852fbdbd05c8a99d98529fac35da4e11bf75fe22ba6ad6375fd6b5734198,
2.1.0,MC-E20,e20_full_20260721_150753,2026-07-21T15:34:08.391964+00:00,bv_4,Oracle,5,14,8.0,0.4285714285714286,42.85714285714286,6,4.0,0.3333333333333333,2,2.0,0.0,2,2.0,0.0,0,0.0,0.0,0.9999999999999988,0.088630199432373,tket,FullPeepholeOptimise,2.18.0,default,ok,51,9,experiments/e20_multi_compiler_full/run.py,cf4c43a166f171d450e24f2ab51c9325507d5960589b926a114eb25d926116c5,4ae8943f799faae7e1b0ea35ba0735dacc8733ca21e488e404fc3b8431d95cd9,ef7f938976573d552cd7213153f64c96c7979aff2940ae8bf9f2ec9d50ed6ede,
2.1.0,MC-E20,e20_full_20260721_150753,2026-07-21T15:34:08.422239+00:00,qaoa_line_4,QAOA,4,30,30.0,0.0,0.0,18,18.0,0.0,12,12.0,0.0,12,12.0,0.0,0,0.0,0.0,1.0000000000000024,0.0,qiskit,transpiler,2.4.1,3,ok,51,9,experiments/e20_multi_compiler_full/run.py,cf4c43a166f171d450e24f2ab51c9325507d5960589b926a114eb25d926116c5,00b0166b1a84ec009a69219becc629bd9e345346257babd87acde961d39c6c69,00b0166b1a84ec009a69219becc629bd9e345346257babd87acde961d39c6c69,
2.1.0,MC-E20,e20_full_20260721_150753,2026-07-21T15:34:08.456844+00:00,qaoa_line_4,QAOA,4,30,34.0,-0.1333333333333333,-13.33333333333333,18,19.0,-0.0555555555555555,12,12.0,0.0,12,12.0,0.0,0,0.0,0.0,1.0,0.0346057415008544,cirq,optimize_for_target_gateset+eject_z+merge_1q,1.6.1,default,ok,51,9,experiments/e20_multi_compiler_full/run.py,cf4c43a166f171d450e24f2ab51c9325507d5960589b926a114eb25d926116c5,00b0166b1a84ec009a69219becc629bd9e345346257babd87acde961d39c6c69,13d67ce78e728603199c93faa3258c29756356a954096e6f5bcca3673fd23223,
2.1.0,MC-E20,e20_full_20260721_150753,2026-07-21T15:34:08.723815+00:00,qaoa_line_4,QAOA,4,30,28.0,0.0666666666666666,6.666666666666665,18,18.0,0.0,12,12.0,0.0,12,12.0,0.0,0,0.0,0.0,1.0000000000000024,0.2555940151214599,tket,FullPeepholeOptimise,2.18.0,default,ok,51,9,experiments/e20_multi_compiler_full/run.py,cf4c43a166f171d450e24f2ab51c9325507d5960589b926a114eb25d926116c5,00b0166b1a84ec009a69219becc629bd9e345346257babd87acde961d39c6c69,2b1910083842cdb8fbcf2d7b753b007438eccc8c6c57ddb86691d464c4ae987c,
2.1.0,MC-E20,e20_full_20260721_150753,2026-07-21T15:34:08.749600+00:00,vqe_twolocal_4,VQE,4,30,18.0,0.4,40.0,11,8.0,0.2727272727272727,6,6.0,0.0,6,6.0,0.0,0,0.0,0.0,1.0,0.008415937423706,qiskit,transpiler,2.4.1,3,ok,51,9,experiments/e20_multi_compiler_full/run.py,cf4c43a166f171d450e24f2ab51c9325507d5960589b926a114eb25d926116c5,285245a543ce3443a0713de4e6c53520a4c3302e0d2b3e44f2febee5fd6f52b9,02c44fc419e5626383098b6516ee544e5681a261d57561fedb2e68066a54a0f2,
2.1.0,MC-E20,e20_full_20260721_150753,2026-07-21T15:34:08.783187+00:00,vqe_twolocal_4,VQE,4,30,30.0,0.0,0.0,11,11.0,0.0,6,6.0,0.0,6,6.0,0.0,0,0.0,0.0,0.9999999999999996,0.0315823554992675,cirq,optimize_for_target_gateset+eject_z+merge_1q,1.6.1,default,ok,51,9,experiments/e20_multi_compiler_full/run.py,cf4c43a166f171d450e24f2ab51c9325507d5960589b926a114eb25d926116c5,285245a543ce3443a0713de4e6c53520a4c3302e0d2b3e44f2febee5fd6f52b9,2941656b0d02ce661dbb96cee267dfbfc8e40cc38502d35c4cbb47e393147bd5,
2.1.0,MC-E20,e20_full_20260721_150753,2026-07-21T15:34:09.037053+00:00,vqe_twolocal_4,VQE,4,30,18.0,0.4,40.0,11,8.0,0.2727272727272727,6,6.0,0.0,6,6.0,0.0,0,0.0,0.0,1.0,0.2406587600708007,tket,FullPeepholeOptimise,2.18.0,default,ok,51,9,experiments/e20_multi_compiler_full/run.py,cf4c43a166f171d450e24f2ab51c9325507d5960589b926a114eb25d926116c5,285245a543ce3443a0713de4e6c53520a4c3302e0d2b3e44f2febee5fd6f52b9,5739cfeb9dc58340230153b136f0aaade2f8c408466500e5b23b0a5824ed7181,
2.1.0,MC-E20,e20_full_20260721_150753,2026-07-21T15:34:09.062546+00:00,hardware_eff_4,HardwareEfficient,4,22,14.0,0.3636363636363636,36.36363636363637,8,6.0,0.25,6,6.0,0.0,6,6.0,0.0,0,0.0,0.0,1.0,0.0060417652130126,qiskit,transpiler,2.4.1,3,ok,51,9,experiments/e20_multi_compiler_full/run.py,cf4c43a166f171d450e24f2ab51c9325507d5960589b926a114eb25d926116c5,f5a50bcdea11f566b325262913f071cd3eb6db484764aaa67dc8d51acc0cb642,1fb805740e663da14346045996385a19f0c1c2a2ada6a5b10a55f587d1e2bee3,
2.1.0,MC-E20,e20_full_20260721_150753,2026-07-21T15:34:09.088435+00:00,hardware_eff_4,HardwareEfficient,4,22,22.0,0.0,0.0,8,8.0,0.0,6,6.0,0.0,6,6.0,0.0,0,0.0,0.0,1.0,0.0222303867340087,cirq,optimize_for_target_gateset+eject_z+merge_1q,1.6.1,default,ok,51,9,experiments/e20_multi_compiler_full/run.py,cf4c43a166f171d450e24f2ab51c9325507d5960589b926a114eb25d926116c5,f5a50bcdea11f566b325262913f071cd3eb6db484764aaa67dc8d51acc0cb642,a676764ea500ef47c88bdf1fefbdf5bb53d531fb0905c26bf36d674d5dd05aa3,
2.1.0,MC-E20,e20_full_20260721_150753,2026-07-21T15:34:09.306861+00:00,hardware_eff_4,HardwareEfficient,4,22,14.0,0.3636363636363636,36.36363636363637,8,6.0,0.25,6,6.0,0.0,6,6.0,0.0,0,0.0,0.0,0.9999999999999998,0.2164201736450195,tket,FullPeepholeOptimise,2.18.0,default,ok,51,9,experiments/e20_multi_compiler_full/run.py,cf4c43a166f171d450e24f2ab51c9325507d5960589b926a114eb25d926116c5,f5a50bcdea11f566b325262913f071cd3eb6db484764aaa67dc8d51acc0cb642,75305843898cd8d2e9afc74265092674777b91abdfac8455cd547172d1144c58,
2.1.0,MC-E20,e20_full_20260721_150753,2026-07-21T15:34:09.345970+00:00,grover_4,Grover,4,30,62.0,-1.0666666666666669,-106.66666666666669,11,53.0,-3.8181818181818175,0,28.0,0.0,0,28.0,0.0,0,0.0,0.0,0.999999999999994,0.0080187320709228,qiskit,transpiler,2.4.1,3,ok,51,9,experiments/e20_multi_compiler_full/run.py,cf4c43a166f171d450e24f2ab51c9325507d5960589b926a114eb25d926116c5,34e04aacbafa8fcfb32f8b060f8ca331651705b58bbf94899e6683415477a451,23bace1cda3286cc2e5d7b04c86fffee6f0741a093e536e8df69d8b57c49aabb,"Single Grover iteration, random marked state"
2.1.0,MC-E20,e20_full_20260721_150753,2026-07-21T15:34:09.402581+00:00,grover_4,Grover,4,30,76.0,-1.5333333333333332,-153.33333333333331,11,58.0,-4.2727272727272725,0,28.0,0.0,0,28.0,0.0,0,0.0,0.0,0.9999999999999928,0.0452470779418945,cirq,optimize_for_target_gateset+eject_z+merge_1q,1.6.1,default,ok,51,9,experiments/e20_multi_compiler_full/run.py,cf4c43a166f171d450e24f2ab51c9325507d5960589b926a114eb25d926116c5,34e04aacbafa8fcfb32f8b060f8ca331651705b58bbf94899e6683415477a451,6c4d3f958b59d1c410f65b326b65a5a46128b7f15b0332e70fdd176ee643e4b7,"Single Grover iteration, random marked state"
2.1.0,MC-E20,e20_full_20260721_150753,2026-07-21T15:34:10.138365+00:00,grover_4,Grover,4,30,64.0,-1.1333333333333333,-113.33333333333331,11,55.0,-4.0,0,28.0,0.0,0,28.0,0.0,0,0.0,0.0,0.9999999999999968,0.7240781784057617,tket,FullPeepholeOptimise,2.18.0,default,ok,51,9,experiments/e20_multi_compiler_full/run.py,cf4c43a166f171d450e24f2ab51c9325507d5960589b926a114eb25d926116c5,34e04aacbafa8fcfb32f8b060f8ca331651705b58bbf94899e6683415477a451,f7f18d0c779b25c3ea6bcf9c1b58945c0e87be8f0f78de0393a9bc1a1f7ea0ef,"Single Grover iteration, random marked state"
2.1.0,MC-E20,e20_full_20260721_150753,2026-07-21T15:34:10.160065+00:00,adder_4,Adder,4,5,5.0,0.0,0.0,5,5.0,0.0,2,2.0,0.0,2,2.0,0.0,0,0.0,0.0,1.0,0.010225772857666,qiskit,transpiler,2.4.1,3,ok,51,9,experiments/e20_multi_compiler_full/run.py,cf4c43a166f171d450e24f2ab51c9325507d5960589b926a114eb25d926116c5,f1385dea23b197291382303ec5ddac0c2b35748e3eb579fdc7cf835943215c47,f1385dea23b197291382303ec5ddac0c2b35748e3eb579fdc7cf835943215c47,"Ripple-carry adder, random inputs"
2.1.0,MC-E20,e20_full_20260721_150753,2026-07-21T15:34:10.176591+00:00,adder_4,Adder,4,5,5.0,0.0,0.0,5,5.0,0.0,2,2.0,0.0,2,2.0,0.0,0,0.0,0.0,1.0,0.0156824588775634,cirq,optimize_for_target_gateset+eject_z+merge_1q,1.6.1,default,ok,51,9,experiments/e20_multi_compiler_full/run.py,cf4c43a166f171d450e24f2ab51c9325507d5960589b926a114eb25d926116c5,f1385dea23b197291382303ec5ddac0c2b35748e3eb579fdc7cf835943215c47,f1385dea23b197291382303ec5ddac0c2b35748e3eb579fdc7cf835943215c47,"Ripple-carry adder, random inputs"
2.1.0,MC-E20,e20_full_20260721_150753,2026-07-21T15:34:10.462825+00:00,adder_4,Adder,4,5,38.0,-6.6,-660.0,5,29.0,-4.8,2,18.0,-8.0,2,18.0,-8.0,0,0.0,0.0,1.0000000000000009,0.2862336635589599,tket,FullPeepholeOptimise,2.18.0,default,ok,51,9,experiments/e20_multi_compiler_full/run.py,cf4c43a166f171d450e24f2ab51c9325507d5960589b926a114eb25d926116c5,f1385dea23b197291382303ec5ddac0c2b35748e3eb579fdc7cf835943215c47,5b1b261b21fc8e50a55f46a82af1e4fae9bedae445b292f4ea4a1bc615944d8a,"Ripple-carry adder, random inputs"
2.1.0,MC-E20,e20_full_20260721_150753,2026-07-21T15:34:10.582206+00:00,qwalk_4,QuantumWalk,5,58,453.0,-6.810344827586207,-681.0344827586207,35,387.0,-10.057142857142855,6,252.0,-41.0,6,198.0,-32.0,0,36.0,0.0,0.99999999999995,0.0153274536132812,qiskit,transpiler,2.4.1,3,ok,51,9,experiments/e20_multi_compiler_full/run.py,cf4c43a166f171d450e24f2ab51c9325507d5960589b926a114eb25d926116c5,750d7196d76329d36ba977e3481f182765e9382edf9e10d98e0451efbca3cd73,3ce47aee3a81fca9f9cc51fa0f5b43b28d4c5073c0d636f11be4b83fc4e2f75a,"DTQW on cycle, 3 steps"
2.1.0,MC-E20,e20_full_20260721_150753,2026-07-21T15:34:11.043642+00:00,qwalk_4,QuantumWalk,5,58,,,,35,,,6,,,6,,,0,,,,0.4614367485046386,cirq,optimize_for_target_gateset+eject_z+merge_1q,1.6.1,default,"error: ""<input>:27,0: 'sx' is not defined in this scope""",51,9,experiments/e20_multi_compiler_full/run.py,cf4c43a166f171d450e24f2ab51c9325507d5960589b926a114eb25d926116c5,750d7196d76329d36ba977e3481f182765e9382edf9e10d98e0451efbca3cd73,none,"DTQW on cycle, 3 steps"
2.1.0,MC-E20,e20_full_20260721_150753,2026-07-21T15:34:18.572817+00:00,qwalk_4,QuantumWalk,5,58,686.0,-10.827586206896552,-1082.7586206896551,35,534.0,-14.257142857142858,6,330.0,-54.0,6,330.0,-54.0,0,0.0,0.0,0.9999999999999712,7.413770198822021,tket,FullPeepholeOptimise,2.18.0,default,ok,51,9,experiments/e20_multi_compiler_full/run.py,cf4c43a166f171d450e24f2ab51c9325507d5960589b926a114eb25d926116c5,750d7196d76329d36ba977e3481f182765e9382edf9e10d98e0451efbca3cd73,e406b367bfb9c8b6b33df433c9ac23a7763b44aa12937486238a509e03103ae0,"DTQW on cycle, 3 steps"
2.1.0,MC-E20,e20_full_20260721_150753,2026-07-21T15:34:18.612950+00:00,iqp_4,IQP,4,21,9.0,0.5714285714285714,57.14285714285714,8,4.0,0.5,4,2.0,0.5,0,0.0,0.0,0,0.0,0.0,0.9999999999999984,0.0107362270355224,qiskit,transpiler,2.4.1,3,ok,51,9,experiments/e20_multi_compiler_full/run.py,cf4c43a166f171d450e24f2ab51c9325507d5960589b926a114eb25d926116c5,0626d435df9e03fc62b3e4efe090477853be4e4251123914773b70b370d8b867,cd8967fd180f0591c1f7edcb291f19104fec62e4ebbc942bfd5b208d7f2d3ce6,"IQP circuit, 3 diagonal layers"
2.1.0,MC-E20,e20_full_20260721_150753,2026-07-21T15:34:18.636692+00:00,iqp_4,IQP,4,21,16.0,0.2380952380952381,23.809523809523814,8,8.0,0.0,4,4.0,0.0,0,0.0,0.0,0,0.0,0.0,0.999999999999998,0.0201900005340576,cirq,optimize_for_target_gateset+eject_z+merge_1q,1.6.1,default,ok,51,9,experiments/e20_multi_compiler_full/run.py,cf4c43a166f171d450e24f2ab51c9325507d5960589b926a114eb25d926116c5,0626d435df9e03fc62b3e4efe090477853be4e4251123914773b70b370d8b867,d693fa5dfaa2c05a71c1029190369faeb4af5738d123688d4af777126ef98402,"IQP circuit, 3 diagonal layers"
2.1.0,MC-E20,e20_full_20260721_150753,2026-07-21T15:34:18.750778+00:00,iqp_4,IQP,4,21,9.0,0.5714285714285714,57.14285714285714,8,5.0,0.375,4,2.0,0.5,0,2.0,0.0,0,0.0,0.0,0.9999999999999996,0.114086627960205,tket,FullPeepholeOptimise,2.18.0,default,ok,51,9,experiments/e20_multi_compiler_full/run.py,cf4c43a166f171d450e24f2ab51c9325507d5960589b926a114eb25d926116c5,0626d435df9e03fc62b3e4efe090477853be4e4251123914773b70b370d8b867,1c503265b81a7d3f720dc35d8df4e8a777b0b7052f9886e96b8f38577091dcab,"IQP circuit, 3 diagonal layers"
2.1.0,MC-E20,e20_full_20260721_150753,2026-07-21T15:34:18.781175+00:00,clifford_4,RandomClifford,4,28,5.0,0.8214285714285714,82.14285714285714,10,3.0,0.7,3,1.0,0.6666666666666667,3,1.0,0.6666666666666667,14,1.0,0.9285714285714286,0.999999999999998,0.0153703689575195,qiskit,transpiler,2.4.1,3,ok,51,9,experiments/e20_multi_compiler_full/run.py,cf4c43a166f171d450e24f2ab51c9325507d5960589b926a114eb25d926116c5,b1bc277d5207ccf94e6c199a5efc542786c0232d2fdfc4fd47c640daccab2047,a4d67521b66859c9612ef578bf4a36c9a2ff1b5be68ce4898ee8a439234fcc82,"Random Clifford, depth=10"
2.1.0,MC-E20,e20_full_20260721_150753,2026-07-21T15:34:18.809418+00:00,clifford_4,RandomClifford,4,28,15.0,0.4642857142857143,46.42857142857143,10,7.0,0.3,3,3.0,0.0,3,3.0,0.0,14,7.0,0.5,0.9999999999999976,0.0248095989227294,cirq,optimize_for_target_gateset+eject_z+merge_1q,1.6.1,default,ok,51,9,experiments/e20_multi_compiler_full/run.py,cf4c43a166f171d450e24f2ab51c9325507d5960589b926a114eb25d926116c5,b1bc277d5207ccf94e6c199a5efc542786c0232d2fdfc4fd47c640daccab2047,016c96ebe3a273f34cda82719d65be916d1d8ceaaa5f70ad7a98bb9f9199ddb4,"Random Clifford, depth=10"
2.1.0,MC-E20,e20_full_20260721_150753,2026-07-21T15:34:18.843857+00:00,clifford_4,RandomClifford,4,28,6.0,0.7857142857142857,78.57142857142857,10,3.0,0.7,3,1.0,0.6666666666666667,3,1.0,0.6666666666666667,14,0.0,1.0,0.9999999999999984,0.0324318408966064,tket,FullPeepholeOptimise,2.18.0,default,ok,51,9,experiments/e20_multi_compiler_full/run.py,cf4c43a166f171d450e24f2ab51c9325507d5960589b926a114eb25d926116c5,b1bc277d5207ccf94e6c199a5efc542786c0232d2fdfc4fd47c640daccab2047,eb9d161f443229502e6a7ff9cdcdcf98eaeea30a7e27a1627c1cdb539a93af8f,"Random Clifford, depth=10"
2.1.0,MC-E20,e20_full_20260721_150753,2026-07-21T15:34:18.878392+00:00,surface_code_4,SurfaceCode,5,6,6.0,0.0,0.0,6,6.0,0.0,4,4.0,0.0,4,4.0,0.0,0,0.0,0.0,0.9999999999999996,0.0082693099975585,qiskit,transpiler,2.4.1,3,ok,51,9,experiments/e20_multi_compiler_full/run.py,cf4c43a166f171d450e24f2ab51c9325507d5960589b926a114eb25d926116c5,98123c419282ef8d7ead755526545f8d1b8e6129c506a92b5eb114e588eb0ab3,98123c419282ef8d7ead755526545f8d1b8e6129c506a92b5eb114e588eb0ab3,X-stabilizer syndrome extraction
2.1.0,MC-E20,e20_full_20260721_150753,2026-07-21T15:34:18.895670+00:00,surface_code_4,SurfaceCode,5,6,8.0,-0.3333333333333332,-33.33333333333333,6,8.0,-0.3333333333333332,4,4.0,0.0,4,4.0,0.0,0,0.0,0.0,0.9999999999999996,0.0155332088470458,cirq,optimize_for_target_gateset+eject_z+merge_1q,1.6.1,default,ok,51,9,experiments/e20_multi_compiler_full/run.py,cf4c43a166f171d450e24f2ab51c9325507d5960589b926a114eb25d926116c5,98123c419282ef8d7ead755526545f8d1b8e6129c506a92b5eb114e588eb0ab3,0c00266c7a53ad112762f22de25c0fc98ea983228dd47f0b202a21e7f7e4e1be,X-stabilizer syndrome extraction
2.1.0,MC-E20,e20_full_20260721_150753,2026-07-21T15:34:19.021606+00:00,surface_code_4,SurfaceCode,5,6,6.0,0.0,0.0,6,6.0,0.0,4,4.0,0.0,4,4.0,0.0,0,0.0,0.0,1.0,0.1253299713134765,tket,FullPeepholeOptimise,2.18.0,default,ok,51,9,experiments/e20_multi_compiler_full/run.py,cf4c43a166f171d450e24f2ab51c9325507d5960589b926a114eb25d926116c5,98123c419282ef8d7ead755526545f8d1b8e6129c506a92b5eb114e588eb0ab3,e694cc95c19205cba6e40e73a6bfb0e277a3503f412895d9b4fc596b1716e5a2,X-stabilizer syndrome extraction
2.1.0,MC-E20,e20_full_20260721_150753,2026-07-21T15:34:19.054205+00:00,uccsd_4,UCCSD_inspired,4,28,22.0,0.2142857142857143,21.42857142857143,16,15.0,0.0625,14,10.0,0.2857142857142857,14,10.0,0.2857142857142857,0,0.0,0.0,0.9999999999999988,0.0134291648864746,qiskit,transpiler,2.4.1,3,ok,51,9,experiments/e20_multi_compiler_full/run.py,cf4c43a166f171d450e24f2ab51c9325507d5960589b926a114eb25d926116c5,3fb90f324443ad41d64e1a9c54e975bd9170fcbedf57fd1a660309a2033ea0a8,06079865a9c92773fb5a817d6a98834cb1321e3d371c7095ae708b3ba68e1d79,Parameterized ansatz INSPIRED BY (not true) UCCSD; see make_parameterized_ansatz docstring. Renamed from 'UCCSD' to 'UCCSD_inspired' per review L3 to avoid false claim.
2.1.0,MC-E20,e20_full_20260721_150753,2026-07-21T15:34:19.088187+00:00,uccsd_4,UCCSD_inspired,4,28,26.0,0.0714285714285714,7.14285714285714,16,15.0,0.0625,14,14.0,0.0,14,14.0,0.0,0,0.0,0.0,0.9999999999999992,0.0153563022613525,cirq,optimize_for_target_gateset+eject_z+merge_1q,1.6.1,default,ok,51,9,experiments/e20_multi_compiler_full/run.py,cf4c43a166f171d450e24f2ab51c9325507d5960589b926a114eb25d926116c5,3fb90f324443ad41d64e1a9c54e975bd9170fcbedf57fd1a660309a2033ea0a8,5382869c2c60f4094c7f1996e1848e10cbc1b08c3424f503023faae82373e44d,Parameterized ansatz INSPIRED BY (not true) UCCSD; see make_parameterized_ansatz docstring. Renamed from 'UCCSD' to 'UCCSD_inspired' per review L3 to avoid false claim.
2.1.0,MC-E20,e20_full_20260721_150753,2026-07-21T15:34:19.433763+00:00,uccsd_4,UCCSD_inspired,4,28,22.0,0.2142857142857143,21.42857142857143,16,15.0,0.0625,14,10.0,0.2857142857142857,14,10.0,0.2857142857142857,0,0.0,0.0,0.9999999999999992,0.336648941040039,tket,FullPeepholeOptimise,2.18.0,default,ok,51,9,experiments/e20_multi_compiler_full/run.py,cf4c43a166f171d450e24f2ab51c9325507d5960589b926a114eb25d926116c5,3fb90f324443ad41d64e1a9c54e975bd9170fcbedf57fd1a660309a2033ea0a8,bfe0adf7db26e170f65387c7ba5272ecf941b9777758bf31a7fb13d63bf9cf34,Parameterized ansatz INSPIRED BY (not true) UCCSD; see make_parameterized_ansatz docstring. Renamed from 'UCCSD' to 'UCCSD_inspired' per review L3 to avoid false claim.
2.1.0,MC-E20,e20_full_20260721_150753,2026-07-21T15:34:19.464022+00:00,qft_6,QFT,6,21,21.0,0.0,0.0,11,11.0,0.0,15,15.0,0.0,0,0.0,0.0,0,0.0,0.0,0.9999999999999996,0.0043575763702392,qiskit,transpiler,2.4.1,3,ok,51,9,experiments/e20_multi_compiler_full/run.py,cf4c43a166f171d450e24f2ab51c9325507d5960589b926a114eb25d926116c5,e761adf8efeac5c21762208c08429dd4686d16eb4cbc1582e6d4ebc809852f66,ce325feb7eafc0f7673a16bbc3b51544984abb6d137b6ba7752bea283600c12b,
2.1.0,MC-E20,e20_full_20260721_150753,2026-07-21T15:34:19.506469+00:00,qft_6,QFT,6,21,,,,11,,,15,,,0,,,0,,,,0.0424463748931884,cirq,optimize_for_target_gateset+eject_z+merge_1q,1.6.1,default,"error: ""<input>:17,0: 'sx' is not defined in this scope""",51,9,experiments/e20_multi_compiler_full/run.py,cf4c43a166f171d450e24f2ab51c9325507d5960589b926a114eb25d926116c5,e761adf8efeac5c21762208c08429dd4686d16eb4cbc1582e6d4ebc809852f66,none,
2.1.0,MC-E20,e20_full_20260721_150753,2026-07-21T15:34:20.157695+00:00,qft_6,QFT,6,21,71.0,-2.380952380952381,-238.0952380952381,11,33.0,-2.0,15,30.0,-1.0,0,30.0,0.0,0,0.0,0.0,1.0,0.6362576484680176,tket,FullPeepholeOptimise,2.18.0,default,ok,51,9,experiments/e20_multi_compiler_full/run.py,cf4c43a166f171d450e24f2ab51c9325507d5960589b926a114eb25d926116c5,e761adf8efeac5c21762208c08429dd4686d16eb4cbc1582e6d4ebc809852f66,1e4c9ed3e36094a6271070b1f1ab2b30e856264476b0c22125357dc3af1d9cc7,
2.1.0,MC-E20,e20_full_20260721_150753,2026-07-21T15:34:20.188333+00:00,ghz_6,GHZ,6,6,6.0,0.0,0.0,6,6.0,0.0,5,5.0,0.0,5,5.0,0.0,0,0.0,0.0,0.9999999999999998,0.0107872486114501,qiskit,transpiler,2.4.1,3,ok,51,9,experiments/e20_multi_compiler_full/run.py,cf4c43a166f171d450e24f2ab51c9325507d5960589b926a114eb25d926116c5,df499dded1e0518f2f6266b9f0e35d3c81e6057b5ba6e6decbb0f26370e5bb03,df499dded1e0518f2f6266b9f0e35d3c81e6057b5ba6e6decbb0f26370e5bb03,
2.1.0,MC-E20,e20_full_20260721_150753,2026-07-21T15:34:20.208717+00:00,ghz_6,GHZ,6,6,7.0,-0.1666666666666667,-16.666666666666675,6,7.0,-0.1666666666666667,5,5.0,0.0,5,5.0,0.0,0,0.0,0.0,0.9999999999999998,0.0160603523254394,cirq,optimize_for_target_gateset+eject_z+merge_1q,1.6.1,default,ok,51,9,experiments/e20_multi_compiler_full/run.py,cf4c43a166f171d450e24f2ab51c9325507d5960589b926a114eb25d926116c5,df499dded1e0518f2f6266b9f0e35d3c81e6057b5ba6e6decbb0f26370e5bb03,d4f49c1b8be62a61d262e49773b9cb5ffaafaba57cb3618d0cc608c10726c170,
2.1.0,MC-E20,e20_full_20260721_150753,2026-07-21T15:34:20.344359+00:00,ghz_6,GHZ,6,6,6.0,0.0,0.0,6,6.0,0.0,5,5.0,0.0,5,5.0,0.0,0,0.0,0.0,1.0,0.1316285133361816,tket,FullPeepholeOptimise,2.18.0,default,ok,51,9,experiments/e20_multi_compiler_full/run.py,cf4c43a166f171d450e24f2ab51c9325507d5960589b926a114eb25d926116c5,df499dded1e0518f2f6266b9f0e35d3c81e6057b5ba6e6decbb0f26370e5bb03,f5606110b4c9de2d9c41d6892ae7b8cd5a5d8a4dec34af69160c119d936ae28b,
2.1.0,MC-E20,e20_full_20260721_150753,2026-07-21T15:34:20.370466+00:00,cnot_chain_6,CNOT,6,40,0.0,1.0,100.0,22,0.0,1.0,40,0.0,1.0,40,0.0,1.0,0,0.0,0.0,1.0,0.0080389976501464,qiskit,transpiler,2.4.1,3,ok,51,9,experiments/e20_multi_compiler_full/run.py,cf4c43a166f171d450e24f2ab51c9325507d5960589b926a114eb25d926116c5,a9cbe813352eb8bbddbb6de7feecde853f066b5cf29e96a7a2f84a6cd354761a,995ca4ef9eaba10dd58f1ab322947f30c40e0f095185660849ca98aed2848347,
2.1.0,MC-E20,e20_full_20260721_150753,2026-07-21T15:34:20.403545+00:00,cnot_chain_6,CNOT,6,40,40.0,0.0,0.0,22,22.0,0.0,40,40.0,0.0,40,40.0,0.0,0,0.0,0.0,1.0,0.0218386650085449,cirq,optimize_for_target_gateset+eject_z+merge_1q,1.6.1,default,ok,51,9,experiments/e20_multi_compiler_full/run.py,cf4c43a166f171d450e24f2ab51c9325507d5960589b926a114eb25d926116c5,a9cbe813352eb8bbddbb6de7feecde853f066b5cf29e96a7a2f84a6cd354761a,2e9e1aace549c82c9407f34f36831517d192135307006f6b9830a803c04a3dc1,
2.1.0,MC-E20,e20_full_20260721_150753,2026-07-21T15:34:20.409585+00:00,cnot_chain_6,CNOT,6,40,0.0,1.0,100.0,22,0.0,1.0,40,0.0,1.0,40,0.0,1.0,0,0.0,0.0,1.0,0.0030269622802734,tket,FullPeepholeOptimise,2.18.0,default,ok,51,9,experiments/e20_multi_compiler_full/run.py,cf4c43a166f171d450e24f2ab51c9325507d5960589b926a114eb25d926116c5,a9cbe813352eb8bbddbb6de7feecde853f066b5cf29e96a7a2f84a6cd354761a,995ca4ef9eaba10dd58f1ab322947f30c40e0f095185660849ca98aed2848347,
2.1.0,MC-E20,e20_full_20260721_150753,2026-07-21T15:34:20.441724+00:00,bv_6,Oracle,7,19,11.0,0.4210526315789473,42.10526315789473,7,5.0,0.2857142857142857,3,3.0,0.0,3,3.0,0.0,0,0.0,0.0,0.9999999999999964,0.0035786628723144,qiskit,transpiler,2.4.1,3,ok,51,9,experiments/e20_multi_compiler_full/run.py,cf4c43a166f171d450e24f2ab51c9325507d5960589b926a114eb25d926116c5,61d3db47e8911d09113836e2645ad5fbe743f150b60e6a449be8aae024ac9d02,10d31e1a36cd2d5627ef4d8addf4c70e5f3366c7cd40228d2940853aa54f5755,
2.1.0,MC-E20,e20_full_20260721_150753,2026-07-21T15:34:20.452833+00:00,bv_6,Oracle,7,19,17.0,0.1052631578947368,10.526315789473683,7,7.0,0.0,3,3.0,0.0,3,3.0,0.0,0,0.0,0.0,,0.0105233192443847,cirq,optimize_for_target_gateset+eject_z+merge_1q,1.6.1,default,ok,51,9,experiments/e20_multi_compiler_full/run.py,cf4c43a166f171d450e24f2ab51c9325507d5960589b926a114eb25d926116c5,61d3db47e8911d09113836e2645ad5fbe743f150b60e6a449be8aae024ac9d02,b01c4c83fe8eef21a7fb817ebb2abd3e2d788b2bfca96c51add9cc7a65884d03,
2.1.0,MC-E20,e20_full_20260721_150753,2026-07-21T15:34:20.592236+00:00,qaoa_line_6,QAOA,6,48,48.0,0.0,0.0,24,24.0,0.0,20,20.0,0.0,20,20.0,0.0,0,0.0,0.0,1.0000000000000018,0.0102710723876953,qiskit,transpiler,2.4.1,3,ok,51,9,experiments/e20_multi_compiler_full/run.py,cf4c43a166f171d450e24f2ab51c9325507d5960589b926a114eb25d926116c5,41cd5667fe2880c0263c1298cd2f0bbea17a9caf8b8a48f7ecceb872fea8018b,41cd5667fe2880c0263c1298cd2f0bbea17a9caf8b8a48f7ecceb872fea8018b,
2.1.0,MC-E20,e20_full_20260721_150753,2026-07-21T15:34:20.651900+00:00,qaoa_line_6,QAOA,6,48,54.0,-0.125,-12.5,24,25.0,-0.0416666666666667,20,20.0,0.0,20,20.0,0.0,0,0.0,0.0,0.9999999999999992,0.0596647262573242,cirq,optimize_for_target_gateset+eject_z+merge_1q,1.6.1,default,ok,51,9,experiments/e20_multi_compiler_full/run.py,cf4c43a166f171d450e24f2ab51c9325507d5960589b926a114eb25d926116c5,41cd5667fe2880c0263c1298cd2f0bbea17a9caf8b8a48f7ecceb872fea8018b,4c8ffe024d24f285ae10e619dc8954644513bc9e2c703b99a4fe7397b6ed9e27,
2.1.0,MC-E20,e20_full_20260721_150753,2026-07-21T15:34:21.172831+00:00,qaoa_line_6,QAOA,6,48,46.0,0.0416666666666666,4.166666666666663,24,24.0,0.0,20,20.0,0.0,20,20.0,0.0,0,0.0,0.0,1.0000000000000029,0.5201950073242188,tket,FullPeepholeOptimise,2.18.0,default,ok,51,9,experiments/e20_multi_compiler_full/run.py,cf4c43a166f171d450e24f2ab51c9325507d5960589b926a114eb25d926116c5,41cd5667fe2880c0263c1298cd2f0bbea17a9caf8b8a48f7ecceb872fea8018b,b7361459af3578049599e72474cdf8d47afd221e899a678fe083bccb9879f5f9,
2.1.0,MC-E20,e20_full_20260721_150753,2026-07-21T15:34:21.223941+00:00,vqe_twolocal_6,VQE,6,46,28.0,0.3913043478260869,39.13043478260869,13,10.0,0.2307692307692307,10,10.0,0.0,10,10.0,0.0,0,0.0,0.0,1.0,0.009378433227539,qiskit,transpiler,2.4.1,3,ok,51,9,experiments/e20_multi_compiler_full/run.py,cf4c43a166f171d450e24f2ab51c9325507d5960589b926a114eb25d926116c5,fefebd29a441574960c3b08ec0d5711a88d388e4087ac4ac51fdb26eb5432fd0,e5bf922579db969f9d0ee6409e9524d1ba4dfd70e91cc0fc44a593c8f9829c80,
2.1.0,MC-E20,e20_full_20260721_150753,2026-07-21T15:34:21.280860+00:00,vqe_twolocal_6,VQE,6,46,46.0,0.0,0.0,13,13.0,0.0,10,10.0,0.0,10,10.0,0.0,0,0.0,0.0,0.9999999999999996,0.0473999977111816,cirq,optimize_for_target_gateset+eject_z+merge_1q,1.6.1,default,ok,51,9,experiments/e20_multi_compiler_full/run.py,cf4c43a166f171d450e24f2ab51c9325507d5960589b926a114eb25d926116c5,fefebd29a441574960c3b08ec0d5711a88d388e4087ac4ac51fdb26eb5432fd0,c4fe33ac72a902de8cf50a2d4e1ea37b4633517c1a4c31117f322abdf3d36be8,
2.1.0,MC-E20,e20_full_20260721_150753,2026-07-21T15:34:21.707804+00:00,vqe_twolocal_6,VQE,6,46,28.0,0.3913043478260869,39.13043478260869,13,10.0,0.2307692307692307,10,10.0,0.0,10,10.0,0.0,0,0.0,0.0,1.0,0.4237565994262695,tket,FullPeepholeOptimise,2.18.0,default,ok,51,9,experiments/e20_multi_compiler_full/run.py,cf4c43a166f171d450e24f2ab51c9325507d5960589b926a114eb25d926116c5,fefebd29a441574960c3b08ec0d5711a88d388e4087ac4ac51fdb26eb5432fd0,e637947b5e5da817c54b86872f2cd946c788c8dc44ee61ab473af33b0ad32fa4,
2.1.0,MC-E20,e20_full_20260721_150753,2026-07-21T15:34:21.736581+00:00,hardware_eff_6,HardwareEfficient,6,34,22.0,0.3529411764705882,35.29411764705882,8,6.0,0.25,10,10.0,0.0,10,10.0,0.0,0,0.0,0.0,1.0,0.0148401260375976,qiskit,transpiler,2.4.1,3,ok,51,9,experiments/e20_multi_compiler_full/run.py,cf4c43a166f171d450e24f2ab51c9325507d5960589b926a114eb25d926116c5,9c0ec2a621d2c103e94b000ad019bcce86501af7c1389496312bee0d15659ac7,7173244a5925f0f80f617bfa7f85ab0f4b97408d9d5a873f812e4300d952572a,
2.1.0,MC-E20,e20_full_20260721_150753,2026-07-21T15:34:21.782550+00:00,hardware_eff_6,HardwareEfficient,6,34,34.0,0.0,0.0,8,8.0,0.0,10,10.0,0.0,10,10.0,0.0,0,0.0,0.0,0.9999999999999996,0.0364813804626464,cirq,optimize_for_target_gateset+eject_z+merge_1q,1.6.1,default,ok,51,9,experiments/e20_multi_compiler_full/run.py,cf4c43a166f171d450e24f2ab51c9325507d5960589b926a114eb25d926116c5,9c0ec2a621d2c103e94b000ad019bcce86501af7c1389496312bee0d15659ac7,47bfa1be530cb1f9860ddc2d7c0a4f2ac867358b3c7ad14885207d019edaf8c4,
2.1.0,MC-E20,e20_full_20260721_150753,2026-07-21T15:34:22.174007+00:00,hardware_eff_6,HardwareEfficient,6,34,22.0,0.3529411764705882,35.29411764705882,8,6.0,0.25,10,10.0,0.0,10,10.0,0.0,0,0.0,0.0,1.0,0.3808298110961914,tket,FullPeepholeOptimise,2.18.0,default,ok,51,9,experiments/e20_multi_compiler_full/run.py,cf4c43a166f171d450e24f2ab51c9325507d5960589b926a114eb25d926116c5,9c0ec2a621d2c103e94b000ad019bcce86501af7c1389496312bee0d15659ac7,929d0ea03c72653d0bd1921f17d15f148eacb923fefdec686adae0e74dd9e855,
2.1.0,MC-E20,e20_full_20260721_150753,2026-07-21T15:34:22.280367+00:00,grover_6,Grover,6,44,20.0,0.5454545454545454,54.54545454545454,13,5.0,0.6153846153846154,0,0.0,0.0,0,0.0,0.0,0,0.0,0.0,0.9999999999999584,0.0092689990997314,qiskit,transpiler,2.4.1,3,ok,51,9,experiments/e20_multi_compiler_full/run.py,cf4c43a166f171d450e24f2ab51c9325507d5960589b926a114eb25d926116c5,23eb9abdea0c736cbb845fae404efd5d35914c61000600745dba6df779680ff1,097fd10ac204425754d89819719afbc5d26f2fa8f4b754a2676c46731abf5197,"Single Grover iteration, random marked state"
2.1.0,MC-E20,e20_full_20260721_150753,2026-07-21T15:34:22.476114+00:00,grover_6,Grover,6,44,,,,13,,,0,,,0,,,0,,,,0.1957466602325439,cirq,optimize_for_target_gateset+eject_z+merge_1q,1.6.1,default,"error: ""<input>:248,0: 'sx' is not defined in this scope""",51,9,experiments/e20_multi_compiler_full/run.py,cf4c43a166f171d450e24f2ab51c9325507d5960589b926a114eb25d926116c5,23eb9abdea0c736cbb845fae404efd5d35914c61000600745dba6df779680ff1,none,"Single Grover iteration, random marked state"
2.1.0,MC-E20,e20_full_20260721_150753,2026-07-21T15:34:25.896424+00:00,grover_6,Grover,6,44,344.0,-6.818181818181818,-681.8181818181819,13,233.0,-16.923076923076923,0,160.0,0.0,0,160.0,0.0,0,0.0,0.0,0.9999999999999816,3.328032732009888,tket,FullPeepholeOptimise,2.18.0,default,ok,51,9,experiments/e20_multi_compiler_full/run.py,cf4c43a166f171d450e24f2ab51c9325507d5960589b926a114eb25d926116c5,23eb9abdea0c736cbb845fae404efd5d35914c61000600745dba6df779680ff1,75404d74d4db3ebaca129183f7cbf41ef6fe68167c33ef2f0ab541640ff19e4b,"Single Grover iteration, random marked state"
2.1.0,MC-E20,e20_full_20260721_150753,2026-07-21T15:34:25.934581+00:00,adder_6,Adder,7,12,12.0,0.0,0.0,7,7.0,0.0,4,4.0,0.0,4,4.0,0.0,0,0.0,0.0,1.0,0.0,qiskit,transpiler,2.4.1,3,ok,51,9,experiments/e20_multi_compiler_full/run.py,cf4c43a166f171d450e24f2ab51c9325507d5960589b926a114eb25d926116c5,84fde07bd40be8d7a95d24cc510e9db8ab0d019aaad3c30a43907f561b19ebb6,1d990539804c1ba4a6b3990592e23ff573274fc0760634336221dde3b21bda97,"Ripple-carry adder, random inputs"
2.1.0,MC-E20,e20_full_20260721_150753,2026-07-21T15:34:25.961189+00:00,adder_6,Adder,7,12,12.0,0.0,0.0,7,7.0,0.0,4,4.0,0.0,4,4.0,0.0,0,0.0,0.0,1.0,0.0107603073120117,cirq,optimize_for_target_gateset+eject_z+merge_1q,1.6.1,default,ok,51,9,experiments/e20_multi_compiler_full/run.py,cf4c43a166f171d450e24f2ab51c9325507d5960589b926a114eb25d926116c5,84fde07bd40be8d7a95d24cc510e9db8ab0d019aaad3c30a43907f561b19ebb6,387a7eb8c6b716986bce1019077e01632759be6aa1e2da7f573721b5e702e5f5,"Ripple-carry adder, random inputs"
2.1.0,MC-E20,e20_full_20260721_150753,2026-07-21T15:34:28.365535+00:00,qwalk_6,QuantumWalk,7,82,2300.0,-27.04878048780488,-2704.8780487804875,47,1695.0,-35.06382978723404,6,990.0,-164.0,6,990.0,-164.0,0,305.0,0.0,0.9999999999997854,0.0403225421905517,qiskit,transpiler,2.4.1,3,ok,51,9,experiments/e20_multi_compiler_full/run.py,cf4c43a166f171d450e24f2ab51c9325507d5960589b926a114eb25d926116c5,a8abf5188e976a9c6f6dd31e50b0b93fba4ce665e6d353ceee2ce946366163fc,1bf9aad2da26a79760ad45adb61ab672a4ccd7f9db37d505a6ff80fa0641188b,"DTQW on cycle, 3 steps"
2.1.0,MC-E20,e20_full_20260721_150753,2026-07-21T15:34:30.262083+00:00,qwalk_6,QuantumWalk,7,82,,,,47,,,6,,,6,,,0,,,,1.8953235149383545,cirq,optimize_for_target_gateset+eject_z+merge_1q,1.6.1,default,"error: ""<input>:375,0: 'sx' is not defined in this scope""",51,9,experiments/e20_multi_compiler_full/run.py,cf4c43a166f171d450e24f2ab51c9325507d5960589b926a114eb25d926116c5,a8abf5188e976a9c6f6dd31e50b0b93fba4ce665e6d353ceee2ce946366163fc,none,"DTQW on cycle, 3 steps"
2.1.0,MC-E20,e20_full_20260721_150753,2026-07-21T15:35:04.265861+00:00,iqp_6,IQP,6,35,17.0,0.5142857142857142,51.42857142857142,10,6.0,0.4,7,5.0,0.2857142857142857,0,0.0,0.0,0,0.0,0.0,0.9999999999999964,0.0060219764709472,qiskit,transpiler,2.4.1,3,ok,51,9,experiments/e20_multi_compiler_full/run.py,cf4c43a166f171d450e24f2ab51c9325507d5960589b926a114eb25d926116c5,f608568e4bf8400a5ab2d41e584dd24f24ada0004e33ea51f5b9a9ed94cacbef,86dd7ad25eb7866b632040c578eedecae481377a0f1886e5b53dd3c89d6ef6c7,"IQP circuit, 3 diagonal layers"
2.1.0,MC-E20,e20_full_20260721_150753,2026-07-21T15:35:04.305094+00:00,iqp_6,IQP,6,35,31.0,0.1142857142857143,11.428571428571432,10,9.0,0.0999999999999999,7,7.0,0.0,0,0.0,0.0,0,4.0,0.0,0.9999999999999964,0.025109052658081,cirq,optimize_for_target_gateset+eject_z+merge_1q,1.6.1,default,ok,51,9,experiments/e20_multi_compiler_full/run.py,cf4c43a166f171d450e24f2ab51c9325507d5960589b926a114eb25d926116c5,f608568e4bf8400a5ab2d41e584dd24f24ada0004e33ea51f5b9a9ed94cacbef,70dd2f8e8a315666fd067290069b0209e3946a4b4705f081b0888bfc13d1c654,"IQP circuit, 3 diagonal layers"
2.1.0,MC-E20,e20_full_20260721_150753,2026-07-21T15:35:04.555648+00:00,iqp_6,IQP,6,35,18.0,0.4857142857142857,48.57142857142858,10,7.0,0.3,7,5.0,0.2857142857142857,0,5.0,0.0,0,0.0,0.0,1.0,0.2431085109710693,tket,FullPeepholeOptimise,2.18.0,default,ok,51,9,experiments/e20_multi_compiler_full/run.py,cf4c43a166f171d450e24f2ab51c9325507d5960589b926a114eb25d926116c5,f608568e4bf8400a5ab2d41e584dd24f24ada0004e33ea51f5b9a9ed94cacbef,c9aebe6aa7489a01594716ca2030f61e292b565ecf3ffd9e9867f029b558c2cf,"IQP circuit, 3 diagonal layers"
2.1.0,MC-E20,e20_full_20260721_150753,2026-07-21T15:35:04.583358+00:00,clifford_6,RandomClifford,6,29,5.0,0.8275862068965517,82.75862068965517,9,1.0,0.8888888888888888,2,1.0,0.5,2,0.0,1.0,11,2.0,0.8181818181818181,0.9999999999999972,0.0037581920623779,qiskit,transpiler,2.4.1,3,ok,51,9,experiments/e20_multi_compiler_full/run.py,cf4c43a166f171d450e24f2ab51c9325507d5960589b926a114eb25d926116c5,25aefe639657374bb6476802b360481519a11c8b9f02e00e163be8a7f63acf18,65129b730aba5a715cf0d873ca5af79da2fe674a8c068a9d325f22afcb1c5b5d,"Random Clifford, depth=10"
2.1.0,MC-E20,e20_full_20260721_150753,2026-07-21T15:35:04.599779+00:00,clifford_6,RandomClifford,6,29,12.0,0.5862068965517242,58.62068965517242,9,6.0,0.3333333333333333,2,2.0,0.0,2,2.0,0.0,11,4.0,0.6363636363636364,0.9999999999999964,0.0164210796356201,cirq,optimize_for_target_gateset+eject_z+merge_1q,1.6.1,default,ok,51,9,experiments/e20_multi_compiler_full/run.py,cf4c43a166f171d450e24f2ab51c9325507d5960589b926a114eb25d926116c5,25aefe639657374bb6476802b360481519a11c8b9f02e00e163be8a7f63acf18,ecec96ebc88461b87da9faf0a4214b00d3514a95da13b3f41fbfe2b4fc1c4197,"Random Clifford, depth=10"
2.1.0,MC-E20,e20_full_20260721_150753,2026-07-21T15:35:04.666219+00:00,clifford_6,RandomClifford,6,29,8.0,0.7241379310344828,72.41379310344827,9,3.0,0.6666666666666667,2,1.0,0.5,2,1.0,0.5,11,0.0,1.0,0.9999999999999982,0.0613386631011962,tket,FullPeepholeOptimise,2.18.0,default,ok,51,9,experiments/e20_multi_compiler_full/run.py,cf4c43a166f171d450e24f2ab51c9325507d5960589b926a114eb25d926116c5,25aefe639657374bb6476802b360481519a11c8b9f02e00e163be8a7f63acf18,d494e5dbad9adf72cf81604d445e493e19df8f41536ef6bf096017063c4b02f5,"Random Clifford, depth=10"
2.1.0,MC-E20,e20_full_20260721_150753,2026-07-21T15:35:04.687766+00:00,surface_code_6,SurfaceCode,7,9,9.0,0.0,0.0,8,8.0,0.0,6,6.0,0.0,6,6.0,0.0,0,0.0,0.0,0.9999999999999998,0.0113298892974853,qiskit,transpiler,2.4.1,3,ok,51,9,experiments/e20_multi_compiler_full/run.py,cf4c43a166f171d450e24f2ab51c9325507d5960589b926a114eb25d926116c5,b8ec9f75b8a749157c5ae3b63deb5b8ec5239129d3b8d4f15ac8fb111755a9df,b8ec9f75b8a749157c5ae3b63deb5b8ec5239129d3b8d4f15ac8fb111755a9df,X-stabilizer syndrome extraction
2.1.0,MC-E20,e20_full_20260721_150753,2026-07-21T15:35:04.711575+00:00,surface_code_6,SurfaceCode,7,9,11.0,-0.2222222222222223,-22.222222222222232,8,10.0,-0.25,6,6.0,0.0,6,6.0,0.0,0,0.0,0.0,0.9999999999999998,0.0238089561462402,cirq,optimize_for_target_gateset+eject_z+merge_1q,1.6.1,default,ok,51,9,experiments/e20_multi_compiler_full/run.py,cf4c43a166f171d450e24f2ab51c9325507d5960589b926a114eb25d926116c5,b8ec9f75b8a749157c5ae3b63deb5b8ec5239129d3b8d4f15ac8fb111755a9df,4ac904db8ba6afd48fa961c918df309dcb903dc554ab43c8446aaaca72fbe61f,X-stabilizer syndrome extraction
2.1.0,MC-E20,e20_full_20260721_150753,2026-07-21T15:35:04.935362+00:00,uccsd_6,UCCSD_inspired,6,58,44.0,0.2413793103448276,24.13793103448276,28,25.0,0.1071428571428571,29,21.0,0.2758620689655172,29,21.0,0.2758620689655172,0,0.0,0.0,1.0,0.0099737644195556,qiskit,transpiler,2.4.1,3,ok,51,9,experiments/e20_multi_compiler_full/run.py,cf4c43a166f171d450e24f2ab51c9325507d5960589b926a114eb25d926116c5,8c458b275ce5e0f70b1befd81f72e3ee726514d0161d10cf96d42a4d0aa43577,ae6edfb4b56d27ff51167d0da46abd23d3965a9d594933a5e2d7099c2b2b7535,Parameterized ansatz INSPIRED BY (not true) UCCSD; see make_parameterized_ansatz docstring. Renamed from 'UCCSD' to 'UCCSD_inspired' per review L3 to avoid false claim.
2.1.0,MC-E20,e20_full_20260721_150753,2026-07-21T15:35:04.986864+00:00,uccsd_6,UCCSD_inspired,6,58,52.0,0.1034482758620689,10.344827586206897,28,26.0,0.0714285714285714,29,29.0,0.0,29,29.0,0.0,0,0.0,0.0,0.9999999999999998,0.0321841239929199,cirq,optimize_for_target_gateset+eject_z+merge_1q,1.6.1,default,ok,51,9,experiments/e20_multi_compiler_full/run.py,cf4c43a166f171d450e24f2ab51c9325507d5960589b926a114eb25d926116c5,8c458b275ce5e0f70b1befd81f72e3ee726514d0161d10cf96d42a4d0aa43577,efb776bb98b3792e913e0b49d7ffd5d7d15c2f4a761e0be453aef4011ab64663,Parameterized ansatz INSPIRED BY (not true) UCCSD; see make_parameterized_ansatz docstring. Renamed from 'UCCSD' to 'UCCSD_inspired' per review L3 to avoid false claim.
2.1.0,MC-E20,e20_full_20260721_150753,2026-07-21T15:35:05.653414+00:00,uccsd_6,UCCSD_inspired,6,58,44.0,0.2413793103448276,24.13793103448276,28,25.0,0.1071428571428571,29,21.0,0.2758620689655172,29,21.0,0.2758620689655172,0,0.0,0.0,1.0,0.6665499210357666,tket,FullPeepholeOptimise,2.18.0,default,ok,51,9,experiments/e20_multi_compiler_full/run.py,cf4c43a166f171d450e24f2ab51c9325507d5960589b926a114eb25d926116c5,8c458b275ce5e0f70b1befd81f72e3ee726514d0161d10cf96d42a4d0aa43577,3ab0850d354e1dba500f6cd16a4aa7b1d619ff35e7ed316b186ccb99130fa1d5,Parameterized ansatz INSPIRED BY (not true) UCCSD; see make_parameterized_ansatz docstring. Renamed from 'UCCSD' to 'UCCSD_inspired' per review L3 to avoid false claim.
2.1.0,MC-E20,e20_full_20260721_150753,2026-07-21T15:35:05.808478+00:00,qft_8,QFT,8,36,36.0,0.0,0.0,15,15.0,0.0,28,28.0,0.0,0,0.0,0.0,0,0.0,0.0,0.9999999999999968,0.0084545612335205,qiskit,transpiler,2.4.1,3,ok,51,9,experiments/e20_multi_compiler_full/run.py,cf4c43a166f171d450e24f2ab51c9325507d5960589b926a114eb25d926116c5,b2f83603b76f95e86e3b51898d6ea360adf3a62f51aa296baf0178913d4108b2,5e235910f0329f12c7dc3b126bc0da34cd22bcb22e80d7885306046eb1f2b62c,
2.1.0,MC-E20,e20_full_20260721_150753,2026-07-21T15:35:05.877937+00:00,qft_8,QFT,8,36,,,,15,,,28,,,0,,,0,,,,0.0674540996551513,cirq,optimize_for_target_gateset+eject_z+merge_1q,1.6.1,default,"error: ""<input>:17,0: 'sx' is not defined in this scope""",51,9,experiments/e20_multi_compiler_full/run.py,cf4c43a166f171d450e24f2ab51c9325507d5960589b926a114eb25d926116c5,b2f83603b76f95e86e3b51898d6ea360adf3a62f51aa296baf0178913d4108b2,none,
2.1.0,MC-E20,e20_full_20260721_150753,2026-07-21T15:35:07.370498+00:00,ghz_8,GHZ,8,8,8.0,0.0,0.0,8,8.0,0.0,7,7.0,0.0,7,7.0,0.0,0,0.0,0.0,0.9999999999999998,0.0080459117889404,qiskit,transpiler,2.4.1,3,ok,51,9,experiments/e20_multi_compiler_full/run.py,cf4c43a166f171d450e24f2ab51c9325507d5960589b926a114eb25d926116c5,587577f385cf54a3edd3cc639b3ac8cc5aa139f2ef414827515ddc7be4c12104,587577f385cf54a3edd3cc639b3ac8cc5aa139f2ef414827515ddc7be4c12104,
2.1.0,MC-E20,e20_full_20260721_150753,2026-07-21T15:35:07.408447+00:00,ghz_8,GHZ,8,8,9.0,-0.125,-12.5,8,9.0,-0.125,7,7.0,0.0,7,7.0,0.0,0,0.0,0.0,0.9999999999999998,0.0193557739257812,cirq,optimize_for_target_gateset+eject_z+merge_1q,1.6.1,default,ok,51,9,experiments/e20_multi_compiler_full/run.py,cf4c43a166f171d450e24f2ab51c9325507d5960589b926a114eb25d926116c5,587577f385cf54a3edd3cc639b3ac8cc5aa139f2ef414827515ddc7be4c12104,dbe75adbc6dcfacb0387626198005ff6d870b04cfebdd177f2b4ce6c5e698fca,
2.1.0,MC-E20,e20_full_20260721_150753,2026-07-21T15:35:07.716573+00:00,cnot_chain_8,CNOT,8,56,0.0,1.0,100.0,26,0.0,1.0,56,0.0,1.0,56,0.0,1.0,0,0.0,0.0,1.0,0.0040309429168701,qiskit,transpiler,2.4.1,3,ok,51,9,experiments/e20_multi_compiler_full/run.py,cf4c43a166f171d450e24f2ab51c9325507d5960589b926a114eb25d926116c5,d3e8b51351e86caa6d8939fe0a903f48a089e7d220d46a14b52d6c94e6e43394,b9f67046a69160a09ec4f4fa9eb23036fff76352de4a4103d9d677b302f18c04,
2.1.0,MC-E20,e20_full_20260721_150753,2026-07-21T15:35:07.862929+00:00,cnot_chain_8,CNOT,8,56,56.0,0.0,0.0,26,26.0,0.0,56,56.0,0.0,56,56.0,0.0,0,0.0,0.0,1.0,0.0183076858520507,cirq,optimize_for_target_gateset+eject_z+merge_1q,1.6.1,default,ok,51,9,experiments/e20_multi_compiler_full/run.py,cf4c43a166f171d450e24f2ab51c9325507d5960589b926a114eb25d926116c5,d3e8b51351e86caa6d8939fe0a903f48a089e7d220d46a14b52d6c94e6e43394,c654c98f30db9245f47457a95bd6a7935d02799bcd4a120004fd14388af2ad0b,
2.1.0,MC-E20,e20_full_20260721_150753,2026-07-21T15:35:07.965819+00:00,bv_8,Oracle,9,27,23.0,0.1481481481481481,14.814814814814811,11,9.0,0.1818181818181817,7,7.0,0.0,7,7.0,0.0,0,0.0,0.0,,0.00852632522583,qiskit,transpiler,2.4.1,3,ok,51,9,experiments/e20_multi_compiler_full/run.py,cf4c43a166f171d450e24f2ab51c9325507d5960589b926a114eb25d926116c5,386ce2127ad6173f847d8aa26a4c1ae554107756158019d271c5f05ad2aa544a,ab4efff5aca6ff491bbb79a04c042e62b3fca985ae96d4015ed294c48d96668b,
2.1.0,MC-E20,e20_full_20260721_150753,2026-07-21T15:35:08.405120+00:00,qaoa_line_8,QAOA,8,66,66.0,0.0,0.0,30,30.0,0.0,28,28.0,0.0,28,28.0,0.0,0,0.0,0.0,1.0000000000000009,0.0151431560516357,qiskit,transpiler,2.4.1,3,ok,51,9,experiments/e20_multi_compiler_full/run.py,cf4c43a166f171d450e24f2ab51c9325507d5960589b926a114eb25d926116c5,62e6028128bc372bd24ef50382c3028db25f9e1fa55f78016e26b5f4806a191f,62e6028128bc372bd24ef50382c3028db25f9e1fa55f78016e26b5f4806a191f,
2.1.0,MC-E20,e20_full_20260721_150753,2026-07-21T15:35:08.600645+00:00,qaoa_line_8,QAOA,8,66,74.0,-0.1212121212121211,-12.12121212121211,30,31.0,-0.0333333333333334,28,28.0,0.0,28,28.0,0.0,0,0.0,0.0,1.0,0.0638439655303955,cirq,optimize_for_target_gateset+eject_z+merge_1q,1.6.1,default,ok,51,9,experiments/e20_multi_compiler_full/run.py,cf4c43a166f171d450e24f2ab51c9325507d5960589b926a114eb25d926116c5,62e6028128bc372bd24ef50382c3028db25f9e1fa55f78016e26b5f4806a191f,79f65f26f7dcf5e7ba4ef412d11491d7746421c2305957a313b09382072b9725,
2.1.0,MC-E20,e20_full_20260721_150753,2026-07-21T15:35:09.653874+00:00,vqe_twolocal_8,VQE,8,62,38.0,0.3870967741935484,38.70967741935484,15,12.0,0.1999999999999999,14,14.0,0.0,14,14.0,0.0,0,0.0,0.0,0.9999999999999996,0.0162692070007324,qiskit,transpiler,2.4.1,3,ok,51,9,experiments/e20_multi_compiler_full/run.py,cf4c43a166f171d450e24f2ab51c9325507d5960589b926a114eb25d926116c5,00ff53b932412853bc008f8d1c1c306b6f3b4958d09858d1f11083958544a130,13aa9ad6ed41ac31d25786ba16125ebda69066414ee44af7b73500c936d70e49,
2.1.0,MC-E20,e20_full_20260721_150753,2026-07-21T15:35:09.841885+00:00,vqe_twolocal_8,VQE,8,62,62.0,0.0,0.0,15,15.0,0.0,14,14.0,0.0,14,14.0,0.0,0,0.0,0.0,1.0,0.045891523361206,cirq,optimize_for_target_gateset+eject_z+merge_1q,1.6.1,default,ok,51,9,experiments/e20_multi_compiler_full/run.py,cf4c43a166f171d450e24f2ab51c9325507d5960589b926a114eb25d926116c5,00ff53b932412853bc008f8d1c1c306b6f3b4958d09858d1f11083958544a130,4d33f76d911c849b729167681bb8bf6512d312f42c199c3f717c107002903adf,
2.1.0,MC-E20,e20_full_20260721_150753,2026-07-21T15:35:10.663368+00:00,hardware_eff_8,HardwareEfficient,8,46,30.0,0.3478260869565217,34.78260869565217,8,6.0,0.25,14,14.0,0.0,14,14.0,0.0,0,0.0,0.0,1.0,0.0083138942718505,qiskit,transpiler,2.4.1,3,ok,51,9,experiments/e20_multi_compiler_full/run.py,cf4c43a166f171d450e24f2ab51c9325507d5960589b926a114eb25d926116c5,834134b30536fd6948cf7ea7046d1b5ae780272cdd623e04b88eff5e61febb0a,9eda82e5fcbd0009d018e0672c0114949dbac465d06c18d8f220e4924fab6353,
2.1.0,MC-E20,e20_full_20260721_150753,2026-07-21T15:35:10.774283+00:00,hardware_eff_8,HardwareEfficient,8,46,46.0,0.0,0.0,8,8.0,0.0,14,14.0,0.0,14,14.0,0.0,0,0.0,0.0,1.0,0.0304930210113525,cirq,optimize_for_target_gateset+eject_z+merge_1q,1.6.1,default,ok,51,9,experiments/e20_multi_compiler_full/run.py,cf4c43a166f171d450e24f2ab51c9325507d5960589b926a114eb25d926116c5,834134b30536fd6948cf7ea7046d1b5ae780272cdd623e04b88eff5e61febb0a,bf90d0358613ff29f0126168c458c1fb98b15da268ce6b29f98f3cb2c6f1d6f5,
2.1.0,MC-E20,e20_full_20260721_150753,2026-07-21T15:35:13.496025+00:00,grover_8,Grover,8,54,798.0,-13.77777777777778,-1377.7777777777778,13,503.0,-37.69230769230769,0,360.0,0.0,0,360.0,0.0,0,102.0,0.0,0.9999999999999318,0.0154042243957519,qiskit,transpiler,2.4.1,3,ok,51,9,experiments/e20_multi_compiler_full/run.py,cf4c43a166f171d450e24f2ab51c9325507d5960589b926a114eb25d926116c5,96138150dbeedf68d6fe0923e2d503694316ac092cc11f4456efa0f6cc521ea4,c6d511ce2c24471ee263c118ca8fcd1c998d3d205c809b037d372f259b78598f,"Single Grover iteration, random marked state"
2.1.0,MC-E20,e20_full_20260721_150753,2026-07-21T15:35:14.400291+00:00,grover_8,Grover,8,54,,,,13,,,0,,,0,,,0,,,,0.9031412601470948,cirq,optimize_for_target_gateset+eject_z+merge_1q,1.6.1,default,"error: ""<input>:592,0: 'sx' is not defined in this scope""",51,9,experiments/e20_multi_compiler_full/run.py,cf4c43a166f171d450e24f2ab51c9325507d5960589b926a114eb25d926116c5,96138150dbeedf68d6fe0923e2d503694316ac092cc11f4456efa0f6cc521ea4,none,"Single Grover iteration, random marked state"
2.1.0,MC-E20,e20_full_20260721_150753,2026-07-21T15:35:23.547123+00:00,adder_8,Adder,10,19,19.0,0.0,0.0,10,10.0,0.0,6,6.0,0.0,6,6.0,0.0,0,0.0,0.0,,0.0038976669311523,qiskit,transpiler,2.4.1,3,ok,51,9,experiments/e20_multi_compiler_full/run.py,cf4c43a166f171d450e24f2ab51c9325507d5960589b926a114eb25d926116c5,df70894aadf8df8a7b9c2a8e73d9e704b04dd056a9fc01c110dd6df0965d8ab2,8c526990700dd29b7f3a9ed75d1ba52600a4019e8f5da23676603596c63d2872,"Ripple-carry adder, random inputs"
2.1.0,MC-E20,e20_full_20260721_150753,2026-07-21T15:35:24.846090+00:00,qwalk_8,QuantumWalk,9,106,4551.0,-41.93396226415094,-4193.396226415094,59,3163.0,-52.61016949152543,6,1962.0,-326.0,6,1962.0,-326.0,0,539.0,0.0,,0.0842800140380859,qiskit,transpiler,2.4.1,3,ok,51,9,experiments/e20_multi_compiler_full/run.py,cf4c43a166f171d450e24f2ab51c9325507d5960589b926a114eb25d926116c5,4b891d65feba975ee99f9ae4a3ce62746fe11547a937078450eeb99cfdeb4e14,d512d33655bc1e1ad2cda5d2f608cf997eb861f37c56b4876665ba78fc924e76,"DTQW on cycle, 3 steps"
2.1.0,MC-E20,e20_full_20260721_150753,2026-07-21T15:36:37.860082+00:00,iqp_8,IQP,8,47,17.0,0.6382978723404256,63.82978723404256,12,3.0,0.75,11,3.0,0.7272727272727273,0,0.0,0.0,0,0.0,0.0,0.9999999999999936,0.0060188770294189,qiskit,transpiler,2.4.1,3,ok,51,9,experiments/e20_multi_compiler_full/run.py,cf4c43a166f171d450e24f2ab51c9325507d5960589b926a114eb25d926116c5,fa21dd4edb5dfd9df56d576fb21c865308dd0faffa27ebc16832422249996b41,35376fa8756f746195a3bafd8c353df3e95bf1f5758f9417d6d17d7ca3e12058,"IQP circuit, 3 diagonal layers"
2.1.0,MC-E20,e20_full_20260721_150753,2026-07-21T15:36:37.967449+00:00,iqp_8,IQP,8,47,38.0,0.1914893617021277,19.14893617021277,12,11.0,0.0833333333333333,11,11.0,0.0,0,0.0,0.0,0,5.0,0.0,0.9999999999999948,0.0331430435180664,cirq,optimize_for_target_gateset+eject_z+merge_1q,1.6.1,default,ok,51,9,experiments/e20_multi_compiler_full/run.py,cf4c43a166f171d450e24f2ab51c9325507d5960589b926a114eb25d926116c5,fa21dd4edb5dfd9df56d576fb21c865308dd0faffa27ebc16832422249996b41,7752d9aa84c6dbe835092280006d926a21afa2d707fc6135e85ccbacf692763c,"IQP circuit, 3 diagonal layers"
2.1.0,MC-E20,e20_full_20260721_150753,2026-07-21T15:36:38.223754+00:00,clifford_8,RandomClifford,8,63,15.0,0.7619047619047619,76.19047619047619,12,5.0,0.5833333333333333,8,4.0,0.5,8,3.0,0.625,28,0.0,1.0,0.9999999999999938,0.0,qiskit,transpiler,2.4.1,3,ok,51,9,experiments/e20_multi_compiler_full/run.py,cf4c43a166f171d450e24f2ab51c9325507d5960589b926a114eb25d926116c5,ef2f932c00ea5e24ad19c778e579e8fac892e23aae3963647bbf51ab87c7cd9f,e1be5ceea22d67b16d8ddda9903aa6f17df1e1fec8b8568fc021887eb2c3a37e,"Random Clifford, depth=10"
2.1.0,MC-E20,e20_full_20260721_150753,2026-07-21T15:36:38.333356+00:00,clifford_8,RandomClifford,8,63,34.0,0.4603174603174603,46.03174603174603,12,10.0,0.1666666666666666,8,8.0,0.0,8,8.0,0.0,28,8.0,0.7142857142857143,0.9999999999999932,0.0301992893218994,cirq,optimize_for_target_gateset+eject_z+merge_1q,1.6.1,default,ok,51,9,experiments/e20_multi_compiler_full/run.py,cf4c43a166f171d450e24f2ab51c9325507d5960589b926a114eb25d926116c5,ef2f932c00ea5e24ad19c778e579e8fac892e23aae3963647bbf51ab87c7cd9f,b803f979eead8ac63d283e7a8753f466325b4f8b3f24922f85804951a3b7a8a2,"Random Clifford, depth=10"
2.1.0,MC-E20,e20_full_20260721_150753,2026-07-21T15:36:38.591993+00:00,surface_code_8,SurfaceCode,9,11,11.0,0.0,0.0,10,10.0,0.0,8,8.0,0.0,8,8.0,0.0,0,0.0,0.0,,0.0020070075988769,qiskit,transpiler,2.4.1,3,ok,51,9,experiments/e20_multi_compiler_full/run.py,cf4c43a166f171d450e24f2ab51c9325507d5960589b926a114eb25d926116c5,e4bc9db5147e3cf352a2b34eb199daa122ba5549fa5d7b3f3f678a4af97036f6,e4bc9db5147e3cf352a2b34eb199daa122ba5549fa5d7b3f3f678a4af97036f6,X-stabilizer syndrome extraction
2.1.0,MC-E20,e20_full_20260721_150753,2026-07-21T15:36:39.007381+00:00,uccsd_8,UCCSD_inspired,8,73,55.0,0.2465753424657534,24.65753424657534,27,24.0,0.1111111111111111,31,25.0,0.1935483870967742,31,25.0,0.1935483870967742,0,0.0,0.0,1.0,0.0065979957580566,qiskit,transpiler,2.4.1,3,ok,51,9,experiments/e20_multi_compiler_full/run.py,cf4c43a166f171d450e24f2ab51c9325507d5960589b926a114eb25d926116c5,145b5b65d5955ec53eba432716519a2ad47043aa320ca2f4f8a42212053ab180,daab7057d7827f338cb0eda744d802311e2ac96a218357de8ba9eb63140acdf1,Parameterized ansatz INSPIRED BY (not true) UCCSD; see make_parameterized_ansatz docstring. Renamed from 'UCCSD' to 'UCCSD_inspired' per review L3 to avoid false claim.
2.1.0,MC-E20,e20_full_20260721_150753,2026-07-21T15:36:39.192249+00:00,uccsd_8,UCCSD_inspired,8,73,61.0,0.1643835616438356,16.43835616438356,27,24.0,0.1111111111111111,31,31.0,0.0,31,31.0,0.0,0,0.0,0.0,0.9999999999999988,0.0451869964599609,cirq,optimize_for_target_gateset+eject_z+merge_1q,1.6.1,default,ok,51,9,experiments/e20_multi_compiler_full/run.py,cf4c43a166f171d450e24f2ab51c9325507d5960589b926a114eb25d926116c5,145b5b65d5955ec53eba432716519a2ad47043aa320ca2f4f8a42212053ab180,a284a72b38a539e3359a9ec66309107ae4a8796eb424b37298f20dfc7d14032a,Parameterized ansatz INSPIRED BY (not true) UCCSD; see make_parameterized_ansatz docstring. Renamed from 'UCCSD' to 'UCCSD_inspired' per review L3 to avoid false claim.
2.1.0,MC-E20,e20_full_20260721_150753,2026-07-21T15:36:40.195560+00:00,haar_4,HaarRandom,4,275,257.0,0.0654545454545454,6.545454545454543,189,189.0,0.0,95,95.0,0.0,95,95.0,0.0,0,0.0,0.0,0.999999999999995,0.0,qiskit,transpiler,2.4.1,3,ok,51,9,experiments/e20_multi_compiler_full/run.py,cf4c43a166f171d450e24f2ab51c9325507d5960589b926a114eb25d926116c5,b0be89bcc10ff1e410d48c5392c10beb588a799a378606ed5f27fe7bb3738ced,2e74176abc7db85abd5beb1908c6c42db92dd15e2d4c412ab57685b6ba1911cd,"Haar-random unitary, exact synthesis"
2.1.0,MC-E20,e20_full_20260721_150753,2026-07-21T15:36:40.411288+00:00,haar_4,HaarRandom,4,275,367.0,-0.3345454545454545,-33.454545454545446,189,238.0,-0.2592592592592593,95,95.0,0.0,95,95.0,0.0,0,16.0,0.0,0.999999999999994,0.156623363494873,cirq,optimize_for_target_gateset+eject_z+merge_1q,1.6.1,default,ok,51,9,experiments/e20_multi_compiler_full/run.py,cf4c43a166f171d450e24f2ab51c9325507d5960589b926a114eb25d926116c5,b0be89bcc10ff1e410d48c5392c10beb588a799a378606ed5f27fe7bb3738ced,27211261aa055c6bac97a4ced9ac742624a096f1e118a3589108ef4ca5b0682e,"Haar-random unitary, exact synthesis"
2.1.0,MC-E20,e20_full_20260721_150753,2026-07-21T15:36:42.556306+00:00,haar_4,HaarRandom,4,275,257.0,0.0654545454545454,6.545454545454543,189,189.0,0.0,95,95.0,0.0,95,95.0,0.0,0,0.0,0.0,0.9999999999999962,2.1093599796295166,tket,FullPeepholeOptimise,2.18.0,default,ok,51,9,experiments/e20_multi_compiler_full/run.py,cf4c43a166f171d450e24f2ab51c9325507d5960589b926a114eb25d926116c5,b0be89bcc10ff1e410d48c5392c10beb588a799a378606ed5f27fe7bb3738ced,52420b548b72e392e6d4e29a1e938cecc9fd7df2b72c2b0eb091d7407e115f8a,"Haar-random unitary, exact synthesis"
